Nazwa-produktu,Producent-opony,Rozmiar,Kategoria,Zastosowanie
620/70R42 BKT AGRIMAX FACTOR 166D/169A8 TL,BKT,620/70R42,Rolnicze,Ciągnik
240/70R16 BKT RIDEMAX IT696 107A8/107B TL,BKT,240/70R16,Rolnicze,Ciągnik
8.00X20 BKT TR135 E 8PR TT,BKT,8.00x20,Rolnicze,Ciągnik
540/65R28 BKT FORESTMAX 149A8/146B TL,BKT,540/65R28,Leśne,Forwarder/Harwester
600/60R28 BKT FORESTMAX E 152A8/149B TL,BKT,600/60R28,Leśne,Forwarder/Harwester
35/65-33 BKT LOADER SPL 42PR TL,BKT,35/65-33,Przemysłowe,Ładowarka
650/65R38 BKT FORESTMAX 172A8/186A2 TL,BKT,650/65R38,Leśne,Forwarder/Harwester
16.0/70X20 BKT CON STAR 156A8 TL,BKT,16.0/70x20,Przemysłowe,Koparka
600/65R30 BKT AGRIMAX RT 657 155D TL,BKT,600/65R30,Rolnicze,Ciągnik
VF380/95R38 BKT AGRIMAX SPARGO E 165D SB,BKT,380/95R38,Rolnicze,Ciągnik
16X6-8 BKT MAGLIFT STD,BKT,16x6-8,Przemysłowe,Wózek widłowy
VF650/85R42 BKT AGRIMAX V-FLECTO E SPL 183D TL,BKT,650/85R42,Rolnicze,Ciągnik
23X8.5-12 BKT SKID POWER HD E 12PR TL,BKT,23x8.5-12,Przemysłowe,Ładowarka
425/50X18 BKT AS504 E 152A8/140A8 TL,BKT,425/50x18,Rolnicze,Ciągnik
6.00X16 BKT COMANDER TWIN RIB 8PR,BKT,6.00x16,Rolnicze,Przyczepa
14.9X28 BKT FORESTLAND E 14PR TT,BKT,14.9x28,Leśne,Forwarder/Harwester
18.4X38 BKT FORESTLAND E 14PR TT,BKT,18.4x38,Leśne,Forwarder/Harwester
VF380/90R50 BKT AGRIMAX SPARGO E 175D TL,BKT,380/90R50,Rolnicze,Ciągnik
710/50R26.5 BKT RIDEMAX FL693M HD E 179D TL,BKT,710/50R26.5,Rolnicze,Przyczepa
270/80R32 BKT AGRIMAX RT955 E131A8 131B TL,BKT,270/80R32,Rolnicze,Ciągnik
24R21 BKT EARTHMAX SR331 E 176G,BKT,24R21,Przemysłowe,Uniwersalne/pozostałe
16X6-8 BKT MAGLIFT LIP,BKT,16x6-8,Przemysłowe,Wózek widłowy
VF800/70R32 BKT AGRIMAX PROHARVEST E 187D SB,BKT,800/70R32,Rolnicze,Kombajn
10.0/75X15.3 BKT AW 702 14PR TL,BKT,10.0/75x15.3,Rolnicze,Przyczepa
23.5R25 BKT EARTHMAX SR53 CR,BKT,23.5R25,Przemysłowe,Uniwersalne/pozostałe
15.0/55X17 BKT AW 705 E 10PR TL,BKT,15.0/55x17,Rolnicze,Przyczepa
14.9X28 BKT TR 135 14PR TT,BKT,14.9x28,Rolnicze,Ciągnik
13.6X24 BKT TR 135 12PR TT,BKT,13.6x24,Rolnicze,Ciągnik
14.9X24 BKT TR 135 12PR TT,BKT,14.9x24,Rolnicze,Ciągnik
12.4X24 BKT TR 135 12PR TT,BKT,12.4x24,Rolnicze,Ciągnik
29.5R25 BKT EARTHMAX SR53 CR,BKT,29.5R25,Przemysłowe,Uniwersalne/pozostałe
29.5R25 BKT EARTHMAX SR50 CR,BKT,29.5R25,Przemysłowe,Uniwersalne/pozostałe
26.5R25 BKT EARTHMAX SR 50 TL,BKT,26.5R25,Przemysłowe,Maszyny górnicze
540/70R24 BKT RIDEMAX IT697 E 170D/175A8 TL,BKT,540/70R24,Przemysłowe,Uniwersalne/pozostałe
VF520/85R46 BKT AGRIMAX V-FLECTO E 173D,BKT,520/85R46,Rolnicze,Ciągnik
210/95R16 BKT AGRIMAX RT 855 116A8/116B TL,BKT,210/95R16,Rolnicze,Ciągnik
320/90R50 BKT AGRIMAX RT 945 150A8/150B TL,BKT,320/90R50,Rolnicze,Ciągnik
VF710/50R30.5 BKT V-FLEXA 178D TL,BKT,710/50R30.5,Rolnicze,Ciągnik
24.00R35 BKT EARTHMAX SR47 H2 CR,BKT,24.00R35,Przemysłowe,Uniwersalne/pozostałe
29.5R25 BKT EARTHMAX SR41 CR,BKT,29.5R25,Przemysłowe,Maszyny górnicze
26.5R25 BKT EARTHMAX SR53 CR,BKT,26.5R25,Przemysłowe,Uniwersalne/pozostałe
420/85R34 BKT AGRIMAX RT 855 147A8/147B TL,BKT,420/85R34,Rolnicze,Ciągnik
23X10.50-12 BKT LG 306 12PR TL,BKT,23x10.50-12,Przemysłowe,Kosiarka/ogród
VF800/70R38 CFO BKT AGRIMAX V-FLECTO E 187D,BKT,800/70R38,Rolnicze,Ciągnik
VF650/65R34 NRO BKT AGRIMAX V-FLECTO E 170D,BKT,650/65R34,Rolnicze,Ciągnik
VF600/70R34 NRO BKT AGRIMAX V-FLECTO E 170D,BKT,600/70R34,Rolnicze,Ciągnik
650/45X22.5 BKT TR678 166B 20PR TL,BKT,650/45x22.5,Rolnicze,Ciągnik
300X15 BKT MAGLIFT LIP NIEBRUDZĄCA,BKT,300x15,Przemysłowe,Wózek widłowy
5.00X8 BKT MAGLIFT LIP NIEBRUDZĄCA,BKT,5.00x8,Przemysłowe,Wózek widłowy
VF270/95R32 BKT AGRIMAX PROCROP E 148D TL,BKT,270/95R32,Rolnicze,Ciągnik
580/70R42 BKT AGRIMAX FACTOR E 158D/161A8 TL,BKT,580/70R42,Rolnicze,Ciągnik
VF900/65R46 BKT AGRIMAX V-FLECTO 193D TL,BKT,900/65R46,Rolnicze,Ciągnik
VF270/95R48 BKT AGRIMAX PROCROP E 155D TL,BKT,270/95R48,Rolnicze,Ciągnik
710/45X26.5 BKT TR678 FRS CLSSB E 24PR TL,BKT,710/45x26.5,Leśne,Uniwersalne/pozostałe
420/80R50 BKT AGRIMAX RT855 STBT E 165A8/165B TL,BKT,420/80R50,Rolnicze,Ciągnik
VF650/65R38 NRO BKT AGRIMAX V-FLECTO E 169D TL,BKT,650/65R38,Rolnicze,Ciągnik
VF710/75R42 BKT AGRIMAX V-FLECTO E 184D TL,BKT,710/75R42,Rolnicze,Ciągnik
335/80R20 BKT EARTHMAX SR 33 150K,BKT,335/80R20,Przemysłowe,Maszyny górnicze
IF380/80R38 BKT AGRIMAX FORCE 149D,BKT,380/80R38,Rolnicze,Ciągnik
23.5X25 BKT GR 288 20PR TL,BKT,23.5x25,Przemysłowe,Uniwersalne/pozostałe
420/80R46 BKT AGRIMAX RT 855 151D/162A2 TL,BKT,420/80R46,Rolnicze,Ciągnik
750/65R25 BKT EARTHMAX SR412 CR,BKT,750/65R25,Przemysłowe,Maszyny górnicze
560/60R22.5 BKT RIDEMAX FL 693 M 169D,BKT,560/60R22.5,Rolnicze,Przyczepa
500/70R24 BKT RM500 STBT E 167A8/155A8 TL,BKT,500/70R24,Rolnicze,Ciągnik
12.4X16 BKT TR 135 4PR TT,BKT,12.4x16,Rolnicze,Ciągnik
360/80R20 BKT RIDEMAX IT 696 147A8/143D TL,BKT,360/80R20,Rolnicze,Ciągnik
10.0/80X12 BKT AW-702 10PR TL,BKT,10.0/80x12,Rolnicze,Przyczepa
520/85R42 BKT AGRIMAX RT 855 167A8/167B TL,BKT,520/85R42,Rolnicze,Ciągnik
600/55R26.5 BKT FL630 SUPER 177D TL,BKT,600/55R26.5,Rolnicze,Ciągnik
16.0/70X20 BKT AW 705 12PR TT,BKT,16.0/70x20,Rolnicze,Przyczepa
710/70R38 BKT AGRIMAX FACTOR E 166D/169A8,BKT,710/70R38,Rolnicze,Ciągnik
23X8.5-12 BKT LG 306 8PR TL,BKT,23x8.5-12,Rolnicze,Kosiarka/ogród
15X19.5 BKT SKID POWER HD IMP E 14PR TL,BKT,15x19.5,Przemysłowe,Ładowarka
IF710/55R30 CFO BKT AGRIMAX FORCE 166D,BKT,710/55R30,Rolnicze,Ciągnik
750/70R44 BKT AGRIMAX V-FLECTO 186D TL,BKT,750/70R44,Rolnicze,Ciągnik
5.00X8 BKT PL 801 10PR TT,BKT,5.00x8,Przemysłowe,Wózek widłowy
445/65R22.5 BKT MULTIMAX MP 569 E 169J,BKT,445/65R22.5,Przemysłowe,Ładowarka
18X8.50-8 BKT SKID POWER HD 8PR TL,BKT,18x8.5-8,Przemysłowe,Ładowarka
750/65R26 BKT AGRIMAX TERIS 171A8/171B TL,BKT,750/65R26,Rolnicze,Kombajn
8.15X15 BKT PL 801 ZESTAW-SET 14PR TT,BKT,8.15x15,Przemysłowe,Wózek widłowy
7.00X12 BKT PL 801 ZESTAW-SET 12PR TT,BKT,7.00x12,Przemysłowe,Wózek widłowy
8.25X20 BKT EM 936 ZESTAW-SET 14PR TT,BKT,8.25x20,Przemysłowe,Maszyny górnicze
18X7-8 BKT PL 801 ZESTAW-SET 16PR TT,BKT,18x7-8,Przemysłowe,Wózek widłowy
10.00X20 BKT EM 936 ZESTAW-SET 16PR TT,BKT,10.00x20,Przemysłowe,Maszyny górnicze
250X15 BKT PL 801 ZESTAW-SET 20PR TT,BKT,250x15,Przemysłowe,Wózek widłowy
10.00X20 BKT PT - HD ZESTAW-SET 18PR TT,BKT,10.00x20,Przemysłowe,Ładowarka
6.50X10 BKT PL 801 ZESTAW-SET 10PR TT,BKT,6.50x10,Przemysłowe,Wózek widłowy
250X15 BKT PT - HD ZESTAW-SET 20PR TT,BKT,250x15,Przemysłowe,Ładowarka
8.25X15 BKT PL 801 ZESTAW-SET 14PR TT,BKT,8.25x15,Przemysłowe,Wózek widłowy
23X9-10 BKT PT - HD ZESTAW-SET 20PR TT,BKT,23x9-10,Przemysłowe,Ładowarka
6.00X9 BKT PL 801 ZESTAW-SET 10PR TT,BKT,6.00x9,Przemysłowe,Wózek widłowy
21X8-9 BKT PL 801 ZESTAW-SET 14PR TT,BKT,21x8-9,Przemysłowe,Wózek widłowy
11.2X24 BKT TR 135 8PR TT,BKT,11.2x24,Rolnicze,Ciągnik
15X6.00-6 BKT LG 306 4PR TL,BKT,15x6.00-6,Rolnicze,Kosiarka/ogród
300X15 BKT PL 801 18PR TT,BKT,300x15,Przemysłowe,Wózek widłowy
23.1X26 BKT TR 135 153A6 12PR TL,BKT,23.1x26,Rolnicze,Ciągnik
16.9X34 BKT TR 135 8PR TT,BKT,16.9x34,Rolnicze,Ciągnik
18.4X38 BKT TR 135 12PR TT,BKT,18.4x38,Rolnicze,Ciągnik
9.5X24 BKT TR 135 8PR TT,BKT,9.5x24,Rolnicze,Ciągnik
6.50X10 BKT MAGLIFT LIP QUICK,BKT,6.50x10,Przemysłowe,Wózek widłowy
420/70R24 BKT AGRIMAX FACTOR 130D/133A8 TL,BKT,420/70R24,Rolnicze,Ciągnik
500/60X22.5 BKT FLOT 648 16PR TL,BKT,500/60x22.5,Rolnicze,Przyczepa
4.00X16 BKT TF 8181 4PR TT,BKT,4.00x16,Rolnicze,Ciągnik
10.00-20 BKT EM933 152B/168A2 18PR,BKT,10.00-20,Przemysłowe,Uniwersalne/pozostałe
540/80R38 BKT RIDEMAX IT 696 172A8/167D TL,BKT,540/80R38,Rolnicze,Ciągnik
27X10-12 BKT MAGLIFT LIP ,BKT,27x10-12,Przemysłowe,Wózek widłowy
7.2X30 BKT TR 135 6PR TT,BKT,7.2x30,Rolnicze,Ciągnik
560/60R22.5 BKT FL 630 SUPER STBT 161D TL,BKT,560/60R22.5,Przemysłowe,Uniwersalne/pozostałe
28X12.5-15 BKT PT - HD 24PR TT,BKT,28x12.5-15,Przemysłowe,Ładowarka
17.5L-24 BKT RT 747 159A8/156B TL,BKT,17.5L-24,Rolnicze,Ciągnik
15R19.5 BKT AW711 IMP 139D,BKT,15R19.5,Rolnicze,Ciągnik
VF710/75R38 BKT AGRIMAX V-FLECTO 183D TL,BKT,710/75R38,Rolnicze,Ciągnik
600/65R23 BKT BANDENMARK KARGO RADIAL 184 180D TL,BKT,600/65R23,Rolnicze,Ciągnik
16.9X30 BKT TR 135 14PR TT,BKT,16.9x30,Rolnicze,Ciągnik
VF520/85R42 BKT AGRIMAX V-FLECTO E 180D TL,BKT,520/85R42,Rolnicze,Ciągnik
6.00X16 BKT TF 8181 8PR TT,BKT,6.00x16,Rolnicze,Ciągnik
600/60R30.5 BKT RIDEMAX FL693M 173D,BKT,600/60R30.5,Rolnicze,Przyczepa
IF420/85R38 BKT AGRIMAX FORCE 155D TL,BKT,420/85R38,Rolnicze,Ciągnik
380/70R28 BKT AGRIMAX FACTOR 127D/130A8 TL,BKT,380/70R28,Rolnicze,Ciągnik
16.0/70R24 BKT MULTIMAX MP 527 152A8/152B TL,BKT,16.0/70R24,Przemysłowe,Ładowarka
620/70R42 BKT AGRIMAX FACTOR 173D/176A8 TL,BKT,620/70R42,Rolnicze,Ciągnik
VF600/60R34 BKT AGRIMAX V-FLECTO 160D,BKT,600/60R34,Rolnicze,Ciągnik
500/60X22.5 BKT TR 675 16PR TL,BKT,500/60x22.5,Przemysłowe,Uniwersalne/pozostałe
12.4X32 BKT TR 171 8PR TT,BKT,12.4x32,Rolnicze,Ciągnik
8.5/90X15 BKT PAC MASTER 6PR TL,BKT,90x15,Przemysłowe,Uniwersalne/pozostałe
10.0/80X12 BKT AS 504 10PR TL,BKT,10.0/80x12,Rolnicze,Uniwersalne/pozostałe
10.5/80X16 BKT PAC MASTER E 6PR TL,BKT,10.5/80x16,Przemysłowe,Uniwersalne/pozostałe
710/55X34 BKT TR 678 FRS CLSSBT E 14PR TL,BKT,710/55x34,Leśne,Uniwersalne/pozostałe
IF900/50R42 BKT AGRIMAX FORCE 180D TL,BKT,900/50R42,Rolnicze,Ciągnik
10.0/75X15.3 BKT AT 621 127A6 10PR TL,BKT,10.0/75x15.3,Przemysłowe,Koparka
480/80R38 BKT RIDEMAX IT 696 166A8/161D TL,BKT,480/80R38,Przemysłowe,Ciągnik
26X12-12 BKT AS504 E 8PR TL,BKT,26x12-12,Rolnicze,Ciągnik
7.50X16 BKT SAND KING 8PR TT,BKT,7.50x16,Rolnicze,Ciągnik
27X10-12 BKT MAGLIFT STD ,BKT,27x10-12,Przemysłowe,Wózek widłowy
15.5X38 BKT TR135 E 10PR TT,BKT,15.5x38,Rolnicze,Ciągnik
340/80-20 BKT CON STAR 144A8 TL,BKT,340/80x20,Przemysłowe,Koparka
560/60R22.5 BKT RIDEMAX FL 693 STBT 165D/162E,BKT,560/60R22.5,Przemysłowe,Uniwersalne/pozostałe
650/65R25 BKT EARTHMAX SR 35 CR 180B TL,BKT,650/65R25,Przemysłowe,Maszyny górnicze
750/60R30.5 BKT RIDEMAX FL 693 M STBT 181D TL,BKT,750/60R30.5,Przemysłowe,Uniwersalne/pozostałe
140/55-9 BKT MAGLIFT STD NIEBRUDZĄCA ,BKT,140/55-9,Przemysłowe,Wózek widłowy
12.0/75X18 BKT MP567 IMP 12PR TL,BKT,12.0/75x18,Przemysłowe,Uniwersalne/pozostałe
9.5/65X15 BKT PAC MASTER SMOOTH 6PR TT,BKT,65x15,Przemysłowe,Uniwersalne/pozostałe
440/80-28 BKT CON STAR E 156A8 TL,BKT,16.9x28,Przemysłowe,Koparka
365/80R20 BKT EARTHMAX SR33 152K TL,BKT,365/80R20,Przemysłowe,Uniwersalne/pozostałe
395/85R20 BKT EARTHMAX SR33 168J TL,BKT,395/85R20,Przemysłowe,Uniwersalne/pozostałe
400/70-24 BKT CON STAR 158A8 TL,BKT,16.0/70x24,Przemysłowe,Koparka
18X22.5 BKT MP 590 20PR TL,BKT,18x22.5,Przemysłowe,Ładowarka
480/80-26 BKT CON STAR 160A8 TL,BKT,18.4x26,Przemysłowe,Koparka
16.0/70X20 BKT CON STAR E 149A8 TL,BKT,16.0/70x20,Przemysłowe,Koparka
18X19.5 BKT MP 567 E 18PR TL,BKT,18x19.5,Przemysłowe,Ładowarka
10X16.5 BKT PT - HD IMP 10PR TL,BKT,10x16.5,Przemysłowe,Ładowarka
31X15.5-15 BKT TR 315 10PR TL,BKT,31x15.5-15,Rolnicze,Ciągnik
320/60-12 BKT TR 678 132A8 TT,BKT,320/60x12,Rolnicze,Ciągnik
23.1X26 BKT TR387 HD DLBD SPL 18PR TL,BKT,23.1x26,Rolnicze,Ciągnik
10X16.5 BKT SP IMP 8PR TL,BKT,10x16.5,Przemysłowe,Ładowarka
23.5R25 BKT EARTHMAX SR31 TL,BKT,23.5R25,Przemysłowe,Maszyny górnicze
19.5L-24 BKT MULTIMAX MP 522 164A8/164B TL,BKT,19.5L-24,Przemysłowe,Ładowarka
650/55R26.5 BKT FL 630 SUPER HD 178D SB TL,BKT,650/55R26.5,Rolnicze,Przyczepa
23.1X26 BKT TR 270 10PR TT,BKT,23.1x26,Rolnicze,Ciągnik
7.00X15 BKT MAGLIFT LIP QUICK,BKT,7.00x15,Przemysłowe,Wózek widłowy
8X18 BKT TR 173 E 6PR TT,BKT,8x18,Rolnicze,Ciągnik
650/55R22.5 BKT FL635 167D,BKT,650/55R22.5,Rolnicze,Ciągnik
11.2X24 BKT TR 117 6PR TT,BKT,11.2x24,Rolnicze,Ciągnik
600/50R22.5 BKT RIDEMAX FL693 M 159D/156E SB TL,BKT,600/50R22.5,Rolnicze,Przyczepa
710/40X22.5 BKT FORESTECH STBT 20PR TL,BKT,710/40x22.5,Leśne,Forwarder/Harwester
8.3X20 BKT TR 173 E 6PR TT,BKT,8.3x20,Rolnicze,Ciągnik
23.5X25 BKT LOADER PLUS 20PR TT,BKT,23.5x25,Przemysłowe,Ładowarka
9.5X22 BKT TR 173 E 6PR TT,BKT,9.5x22,Rolnicze,Ciągnik
750/60R26.5 BKT FL 630 SUPER STBT 180D,BKT,750/60R26.5,Rolnicze,Przyczepa
8.3X22 BKT TR 173 E 6PR TT,BKT,8.3x22,Rolnicze,Ciągnik
IF1250/50R32 CFO BKT AGRIMAX RT 600 E 201B,BKT,1250/50R32,Rolnicze,Ciągnik
8.3X24 BKT TR 173 E 6PR TT,BKT,8.3x24,Rolnicze,Ciągnik
9.5X24 BKT TR 173 E 6PR TT,BKT,9.5x24,Rolnicze,Ciągnik
520/85R50 BKT AGRIMAX RT 855 165A8/165B TL,BKT,520/85R50,Rolnicze,Ciągnik
6.50X20 BKT BK 308M 10PR TT,BKT,6.50x20,Rolnicze,Ciągnik
550/45-22.5 BKT AS 509 20PR TL,BKT,550/45x22.5,Rolnicze,Przyczepa
540/65R30 BKT AGRIMAX SIRIO 150D/147E HS TL,BKT,540/65R30,Rolnicze,Ciągnik
800/65R32 BKT AGRIMAX RT 600 176A8/173B TL,BKT,800/65R32,Rolnicze,Ciągnik
620/75R30 CHO BKT AGRIMAX TERIS E 168A8/168B TL,BKT,620/75R30,Rolnicze,Kombajn
400/60X15.5 BKT TR 882 18PR TL,BKT,400/60x15.5,Rolnicze,Ciągnik
10X16.5 BKT SURE-TRAX HD 10PR,BKT,10x16.5,Przemysłowe,Ładowarka
18.4X26 BKT TR 459 12PR TL,BKT,18.4x26,Przemysłowe,Uniwersalne/pozostałe
8.25X15 BKT MAGLIFT LIP QUICK,BKT,8.25x15,Przemysłowe,Wózek widłowy
9.5X20 BKT TR 135 6PR TT,BKT,9.5x20,Rolnicze,Ciągnik
650/85R38 BKT AGRIMAX FORTIS 173D/176A8 TL,BKT,650/85R38,Rolnicze,Ciągnik
5.50X15 BKT PL 801 8PR TT,BKT,5.50x15,Przemysłowe,Wózek widłowy
14.9X24 BKT TR 135 8PR TT,BKT,14.9x24,Rolnicze,Ciągnik
15X4.5-8 BKT MAGLIFT LIP QUICK ,BKT,15x4.5-8,Przemysłowe,Wózek widłowy
230/95R44 BKT AGRIMAX RT 955 134A8/134B TL,BKT,230/95R44,Rolnicze,Ciągnik
6.00X16 BKT TF 8181 6PR TT,BKT,6.00x16,Rolnicze,Ciągnik
380/85R30 BKT AGRIMAX RT 855 135A8/135B TL,BKT,380/85R30,Rolnicze,Ciągnik
580/70R38 BKT AGRIMAX RT 765 STBT E 180A8/180B TL,BKT,580/70R38,Rolnicze,Ciągnik
300/95R46 BKT AGRIMAX RT 955 148A8/148B TL,BKT,300/95R46,Rolnicze,Ciągnik
8X18 BKT TR 171 E 4PR TT,BKT,8x18,Rolnicze,Ciągnik
520/50R17 BKT FL637 STBT 151D/148E,BKT,520/50R17,Rolnicze,Przyczepa
13.6X24 BKT TR 171 6PR TT,BKT,13.6x24,Rolnicze,Ciągnik
9.00X16 BKT TF 9090 10PR TT,BKT,9.00x16,Rolnicze,Ciągnik
500/50X22.5 BKT FLOT 648 16PR TL,BKT,500/50x22.5,Rolnicze,Przyczepa
15.5/60X18 BKT AT 621 10PR TL,BKT,15.5/60x18,Przemysłowe,Koparka
480/70R30 BKT AGRIMAX RT 765 E 141D TL,BKT,480/70R30,Rolnicze,Ciągnik
26X12-12 BKT SKID POWER HD 8PR TL,BKT,26x12-12,Rolnicze,Ładowarka
24.00R35 BKT EARTHMAX SR 45 C.R TL,BKT,24.00R35,Przemysłowe,Maszyny górnicze
17.5L-24 BKT MULTIMAX MP 522 159A8 TL,BKT,17.5L-24,Rolnicze,Ciągnik
710/70R38 BKT AGRIMAX RT 765 166D TL,BKT,710/70R38,Rolnicze,Ciągnik
23X10-12 BKT MAGLIFT LIP QUICK ,BKT,23x10-12,Przemysłowe,Wózek widłowy
14.9X24 BKT TR 391 128A6 8PR TL,BKT,14.9x24,Przemysłowe,Uniwersalne/pozostałe
10.0/80X12 BKT RIB IMPLEMENT 6PR,BKT,10.0/80x12,Rolnicze,Przyczepa
80-12 BKT AS 504 6PR TT,BKT,80x12,Rolnicze,Uniwersalne/pozostałe
16.0/70X24 BKT MP 600 14PR TL,BKT,16.0/70x24,Rolnicze,Ciągnik
20.5R25 BKT EARTHMAX SR 53 CR 186A2 TL,BKT,20.5R25,Przemysłowe,Maszyny górnicze
650/65R42 BKT AGRIMAX RT 657 165D/168A8 TL,BKT,650/65R42,Rolnicze,Ciągnik
230/95R42 BKT AGRIMAX RT 955 133A8/133B TL,BKT,230/95R42,Rolnicze,Ciągnik
280/85R24 BKT AGRIMAX RT 855 115A8/115B TL,BKT,280/85R24,Rolnicze,Ciągnik
340/85R38 BKT AGRIMAX RT 855 133A8/133B TL,BKT,340/85R38,Rolnicze,Ciągnik
340/80-18 BKT CON STAR 143A8 TL,BKT,12.5/80x18,Przemysłowe,Koparka
420/80R46 BKT AGRIMAX RT 855 159D/170A2 TL,BKT,420/80R46,Rolnicze,Ciągnik
600/65R38 BKT AGRIMAX RT 657 159D/162A8 TL,BKT,600/65R38,Rolnicze,Ciągnik
550/45X22.5 BKT FLOT 648 T WZM T E 20PR TL,BKT,550/45x22.5,Leśne,Uniwersalne/pozostałe
400/80R24 BKT MULTIMAX MP 527 162A8/162B TL,BKT,400/80R24,Przemysłowe,Ładowarka
13.6X24 BKT TR 135 8PR TT,BKT,13.6x24,Rolnicze,Ciągnik
VF600/60R30 NRO BKT AGRIMAX V-FLECTO E 158D TL,BKT,600/60R30,Rolnicze,Ciągnik
200/60X14.5 BKT RIB 774 10PR TL,BKT,200/60x14.5,Rolnicze,Przyczepa
13X5.00-6 BKT LG 306 4PR TL,BKT,13x5.00-6,Rolnicze,Kosiarka/ogród
580/65R22.5 BKT FL693 M 166D TL,BKT,580/65R22.5,Rolnicze,Przyczepa
20.5R25 BKT EARTHMAX SR 51 186A2 TL,BKT,20.5R25,Przemysłowe,Maszyny górnicze
6.00X9 BKT MAGLIFT STD NIEBRUDZĄCA,BKT,6.00x9,Przemysłowe,Wózek widłowy
8.15X15 BKT MAGLIFT LIP QUICK,BKT,8.15x15,Przemysłowe,Wózek widłowy
18X7-8 BKT PL 801 16PR TT,BKT,18x7-8,Przemysłowe,Wózek widłowy
710/50R26.5 BKT FLOT 630 ULTRA 170D/181A8 TL,BKT,710/50R26.5,Rolnicze,Przyczepa
365/70R18 BKT MULTIMAX MP 513 133G TL,BKT,365/70R18,Rolnicze,Ciągnik
6.00-9 BKT PT-HD 10PR TT,BKT,6.00x9,Przemysłowe,Ładowarka
12.5R20 BKT MULTIMAX MP 540 149K TL,BKT,12.5R20,Przemysłowe,Ładowarka
16.0/70X20 BKT EM 936 14PR TL,BKT,16.0/70x20,Przemysłowe,Maszyny górnicze
320/85R34 BKT AGRIMAX RT 855 141A8/B TL,BKT,320/85R34,Rolnicze,Ciągnik
6.00X12 BKT TR 128 6PR TT,BKT,6.00x12,Rolnicze,Ciągnik
6.00X12 BKT TR 171 6PR TT,BKT,6.00x12,Rolnicze,Ciągnik
IF600/70R30 BKT AGRIMAX SIRIO 165D/162E TL,BKT,600/70R30,Rolnicze,Ciągnik
520/50X17 BKT AW708 162A8 TL,BKT,520/50x17,Rolnicze,Ciągnik
18X8.5-8 BKT LG 306 6PR TL,BKT,18x8.5-8,Przemysłowe,Kosiarka/ogród
420/55X17 BKT AS 504 145A8/133A8 16PR TL,BKT,420/55x17,Rolnicze,Uniwersalne/pozostałe
200/60-14.5 BKT RIB 774 14PR TL,BKT,200/60x14.5,Rolnicze,Przyczepa
6.00X19 BKT TF 8181 6PR TT,BKT,6.00x19,Rolnicze,Ciągnik
10X16.5 BKT SP HD 10PR TL,BKT,10x16.5,Przemysłowe,Ładowarka
250/85R20 BKT AGRIMAX RT 855 116A8/116B TL,BKT,250/85R20,Rolnicze,Ciągnik
7.00X12 BKT MAGLIFT STD,BKT,7.00x12,Przemysłowe,Wózek widłowy
18.4X34 BKT FS 216 STEL BLT 14PR TL,BKT,18.4x34,Przemysłowe,Uniwersalne/pozostałe
16.00X25 BKT ROCK GRIP 196A2/177B 32PR TL,BKT,16.00x25,Przemysłowe,Ładowarka
385/65X22.5 BKT FLOT 648 16PR TL,BKT,385/65x22.5,Rolnicze,Przyczepa
23.1X26 BKT TR 387 153A6 12PR TL,BKT,23.1x26,Rolnicze,Ciągnik
16.0/70X20 BKT AW 705 14PR TT,BKT,16.0/70x20,Rolnicze,Przyczepa
320/70R24 BKT AGRIMAX RT 765 116D TL,BKT,320/70R24,Rolnicze,Ciągnik
23X10-12 BKT MAGLIFT STD ,BKT,23x10-12,Przemysłowe,Wózek widłowy
710/50R26.5 BKT FL 693 M. 170D TL,BKT,710/50R26.5,Rolnicze,Przyczepa
8.15X15 BKT MAGLIFT STD,BKT,8.15x15,Przemysłowe,Wózek widłowy
12X16.5 BKT SP SK 12PR TL,BKT,12x16.5,Przemysłowe,Uniwersalne/pozostałe
13.6X26 BKT TR 171 8PR TT,BKT,13.6x26,Rolnicze,Ciągnik
380/90R50 BKT AGRIMAX RT 945 151A8/151B TL,BKT,380/90R50,Rolnicze,Ciągnik
5.50-16 BKT TF 8181 6PR TT,BKT,5.50x16,Rolnicze,Ciągnik
13.6X28 BKT TR 135 8PR TT,BKT,13.6x28,Rolnicze,Ciągnik
800/70R38 BKT AGRIMAX FORTIS 178D/181A8 TL,BKT,800/70R38,Rolnicze,Ciągnik
380/90R46 BKT AGRIMAX RT 945 159A8/159B TL,BKT,380/90R46,Rolnicze,Ciągnik
31X13.50-15 BKT FLOT RIBIMPL HF1 12PR TL,BKT,31x13.50-15,Rolnicze,Przyczepa
16.0/70R20 BKT MULTIMAX MP 513 136G TL,BKT,16.0/70R20,Przemysłowe,Ładowarka
8.25X15 BKT MAGLIFT LIP NIEBRUDZĄCA QUICK,BKT,8.25x15,Przemysłowe,Wózek widłowy
31X15.50-15 BKT SKID POWER HD 10PR TL,BKT,31x15.5-15,Przemysłowe,Ładowarka
15.0/70X18 BKT AW 705 14PR TL,BKT,15.0/70x18,Rolnicze,Przyczepa
16.0/70X20 BKT AW 705 12PR TL,BKT,16.0/70x20,Rolnicze,Przyczepa
15.5/80X24 BKT AS 504 14PR TL,BKT,15.5/80x24,Rolnicze,Uniwersalne/pozostałe
27X10-12 BKT SKID POWER HD 152A2 14PR TT,BKT,27x10-12,Przemysłowe,Ładowarka
250/80X18 BKT FARM 2000 127A8 8PR TT,BKT,250/80x18,Rolnicze,Ciągnik
4.00X12 BKT TF 9090 E 4PR TT,BKT,4.00x12,Rolnicze,Ciągnik
19.0/45X17 BKT AW 708 14PR TL,BKT,19.0/45x17,Rolnicze,Przyczepa
300/95R52 BKT AGRIMAX RT 955 151A8/151B TL,BKT,300/95R52,Rolnicze,Ciągnik
18.4X24 BKT TR 459 12PR TL,BKT,18.4x24,Przemysłowe,Uniwersalne/pozostałe
12.00X24 BKT XL GRIP PORT IND-3 189A2 24PR TT,BKT,12.00x24,Przemysłowe,Maszyny górnicze
420/85R38 BKT AGRIMAX RT 855 144A8/144B TL,BKT,420/85R38,Rolnicze,Ciągnik
16X6-8 BKT MAGLIFT LIP NIEBRUDZĄCA QUICK,BKT,16x6-8,Przemysłowe,Wózek widłowy
620/70R42 BKT AGRIMAX RT 765 160D TL,BKT,620/70R42,Rolnicze,Ciągnik
23X8.5-12 BKT LG 306 6PR TL,BKT,23x8.5-12,Rolnicze,Kosiarka/ogród
800/45R26.5 BKT FL 630 ULTRA 174D/184A8 TL,BKT,800/45R26.5,Rolnicze,Przyczepa
18.4X30 BKT TR 135 12PR TT,BKT,18.4x30,Rolnicze,Ciągnik
11.0/65X12 BKT AS 504 8PR TL,BKT,11.0/65x12,Rolnicze,Uniwersalne/pozostałe
500/50X17 BKT AW 708 14PR TL,BKT,500/50x17,Rolnicze,Przyczepa
23X9-10 BKT MAGLIFT LIP QUICK,BKT,23x9-10,Przemysłowe,Wózek widłowy
12X16.5 BKT JUMBOTRAX HD 10PR TL,BKT,12x16.5,Przemysłowe,Ładowarka
250X15 BKT PT - HD 20PR TT,BKT,250x15,Przemysłowe,Ładowarka
4.00X8 BKT MAGLIFT STD ,BKT,4.00x8,Przemysłowe,Wózek widłowy
13.6X28 BKT TR 171 6PR TT,BKT,13.6x28,Rolnicze,Ciągnik
600/65R28 BKT AGRIMAX RT 657 154D/157A8 TL,BKT,600/65R28,Rolnicze,Ciągnik
10.0/75X15.3 BKT MP 567 14PR TL,BKT,10.0/75x15.3,Rolnicze,Ciągnik
15.0/55X17 BKT AW 705 14PR TL,BKT,15.0/55x17,Rolnicze,Przyczepa
9.5X30 BKT TR 135 8PR TT,BKT,9.5x30,Rolnicze,Ciągnik
320/65R18 BKT AGRIMAX RT 657 109A8/109B TL,BKT,320/65R18,Rolnicze,Ciągnik
16.00X25 BKT XL GRIP IND-3 32PR TL,BKT,16.00x25,Przemysłowe,Maszyny górnicze
17.5L-24 BKT RT 747 152A8/149B TL,BKT,17.5L-24,Rolnicze,Ciągnik
10.00X15 BKT FARM HIGWAY TOUGH 128J 8PR,BKT,10.00x15,Rolnicze,Ciągnik
650/55R26.5 BKT RIDEMAX FL 693 M 169D SB,BKT,650/55R26.5,Rolnicze,Przyczepa
440/80R28 BKT RIDEMAX IT 696 156A/151D TL,BKT,440/80R28,Rolnicze,Ciągnik
9.00X20 BKT PACMSTR 12PR TT,BKT,9.00x20,Przemysłowe,Uniwersalne/pozostałe
6.50X10 BKT PL 801 10PR TT,BKT,6.50x10,Przemysłowe,Wózek widłowy
13.6X26 BKT TR 171 6PR TT,BKT,13.6x26,Rolnicze,Ciągnik
280/60X15.5 BKT TR 678 115A8 TL,BKT,280/60x15.5,Rolnicze,Ciągnik
10X16.5 BKT GIANT TRAX 12PR TL,BKT,10x16.5,Przemysłowe,Uniwersalne/pozostałe
380/85R34 BKT AGRIMAX RT 855 137A8/137B TL,BKT,380/85R34,Rolnicze,Ciągnik
200/50X10 BKT MAGLIFT LIP NIEBRUDZĄCA QUICK,BKT,200/50x10,Przemysłowe,Wózek widłowy
28L-26 BKT RIDEMAX FL 690 STBT 176A8/173B TL,BKT,28L-26,Przemysłowe,Uniwersalne/pozostałe
11.5/80X15.3 BKT AW 909 E 18PR TL,BKT,11.5/80x15.3,Rolnicze,Przyczepa
10.0/75X15.3 BKT AW 702 22PR TL,BKT,10.0/75x15.3,Rolnicze,Przyczepa
560/60R22.5 BKT FL 693 M 161D TL,BKT,560/60R22.5,Przemysłowe,Uniwersalne/pozostałe
300X15 BKT MAGLIFT LIP QUICK,BKT,300x15,Przemysłowe,Wózek widłowy
20X8.00-10 BKT LG 306 4PR TL,BKT,20x8.00-10,Rolnicze,Kosiarka/ogród
13.0/55X16 BKT AW 702 14PR TL,BKT,13.0/55x16,Rolnicze,Przyczepa
11.00X20 BKT EM 936 16PR TT,BKT,11.00x20,Przemysłowe,Maszyny górnicze
385/65X22.5 BKT FLOT 648 18PR TL,BKT,385/65x22.5,Rolnicze,Przyczepa
500/60X22.5 BKT TR 675 12PR TL,BKT,500/60x22.5,Rolnicze,Ciągnik
400/80R24 BKT MULTIMAX MP522 162A8/162B TL,BKT,400/80R24,Rolnicze,Ciągnik
VF380/85R38 BKT AGRIMAX SPARGO E 161D,BKT,380/85R38,Rolnicze,Ciągnik
250/80X16 BKT FARM 2000 125A8 8PR TT,BKT,250/80x16,Rolnicze,Ciągnik
5.00X8 BKT MAGLIFT STD,BKT,5.00x8,Przemysłowe,Wózek widłowy
26X12-12 BKT TR 315 8PR TL,BKT,26x12-12,Rolnicze,Ciągnik
VF650/55R26.5 BKT V-FLEXA 171D SB TL,BKT,650/55R26.5,Rolnicze,Ciągnik
14.5X20 BKT MP 567 12PR TL,BKT,14.5x20,Rolnicze,Ciągnik
11.5/80X15.3 BKT AW 909 10PR TL,BKT,11.5/80x15.3,Rolnicze,Przyczepa
480/80R46 BKT AGRIMAX RT 855 158A8/158B TL,BKT,480/80R46,Rolnicze,Ciągnik
18.4X28 BKT TR 459 12PR TL,BKT,18.4x28,Przemysłowe,Uniwersalne/pozostałe
10.5/65X16 BKT AW 702 14PR TT,BKT,10.5/65x16,Rolnicze,Przyczepa
270/95R32 BKT AGRIMAX RT 955 136A8/136B TL,BKT,270/95R32,Rolnicze,Ciągnik
600/55X26.5 BKT FORESTECH 172A2/165A8 20PR SB TL,BKT,600/55x26.5,Leśne,Forwarder/Harwester
8.15X15 BKT PL 801 14PR TT,BKT,8.15x15,Przemysłowe,Wózek widłowy
480/70R34 BKT AGRIMAX RT 765 E 149D TL,BKT,480/70R34,Rolnicze,Ciągnik
IF800/70R38 BKT AGRIMAX FORCE 184D TL,BKT,800/70R38,Rolnicze,Ciągnik
6.00X16 BKT TF 9090 8PR TT,BKT,6.00x16,Rolnicze,Ciągnik
10.5X20 BKT MP 585 10PR TL,BKT,10.5x20,Przemysłowe,Ładowarka
7.00X12 BKT AW 702 6PR TL,BKT,7.00x12,Rolnicze,Przyczepa
20.8X38 BKT TR 135 12PR TT,BKT,20.8x38,Rolnicze,Ciągnik
16X6.50-8 BKT TR 315 6PR TL,BKT,16x6.50-8,Rolnicze,Ciągnik
15.5/80X24 BKT AS 504 16PR TL,BKT,15.5/80x24,Rolnicze,Uniwersalne/pozostałe
9.5X36 BKT TR 135 10PR TT,BKT,9.5x36,Rolnicze,Ciągnik
8.15X15 BKT PT - HD 14PR TT,BKT,8.15x15,Przemysłowe,Ładowarka
800/65R32 BKT AGRIMAX TERIS 178A8/175B TL,BKT,800/65R32,Rolnicze,Kombajn
11.2X20 BKT TR 135 8PR TT,BKT,11.2x20,Rolnicze,Ciągnik
9.00X20 BKT EM 936 14PR TT,BKT,9.00x20,Przemysłowe,Maszyny górnicze
13.00X24 BKT TRAC GRADER+ 12PR TL,BKT,13.00x24,Przemysłowe,Uniwersalne/pozostałe
7.00X12 BKT MAGLIFT LIP QUICK,BKT,7.00x12,Przemysłowe,Wózek widłowy
23.1X30 BKT TR 135 12PR TT,BKT,23.1x30,Rolnicze,Ciągnik
24.5X32 BKT TR 137 14PR TL,BKT,24.5x32,Rolnicze,Ciągnik
18.4X26 BKT MULTIMAX MP 522 E 160A8/160B,BKT,18.4x26,Przemysłowe,Ładowarka
12.4X24 BKT TR 171 E 8PR TT,BKT,12.4x24,Rolnicze,Ciągnik
25X8.50-14 BKT LG 306 6PR TL,BKT,25x8.50-14,Przemysłowe,Kosiarka/ogród
23.1X26 BKT TR 387 145A6 8PR TL,BKT,23.1x26,Przemysłowe,Uniwersalne/pozostałe
13X5.00-6 BKT LG RIB 4PR TL,BKT,13x5.00-6,Rolnicze,Kosiarka/ogród
500/50X17 BKT FLOT 648 149A8 14PR TL,BKT,500/50x17,Rolnicze,Przyczepa
23X8.50-12 BKT TR 315 6PR TL,BKT,23x8.5-12,Rolnicze,Ciągnik
480/70R24 BKT AGRIMAX RT 765 E 138D TL,BKT,480/70R24,Rolnicze,Ciągnik
8.25X15 BKT PT - HD 14PR TT,BKT,8.25x15,Przemysłowe,Ładowarka
540/65R28 BKT AGRIMAX RT 600 E 142D/145A8,BKT,540/65R28,Rolnicze,Ciągnik
12.4X32 BKT TR 135 8PR TT,BKT,12.4x32,Rolnicze,Ciągnik
185/65-15 BKT AS 507 4PR TL,BKT,185/65x15,Rolnicze,Przyczepa
16.0/70X24 BKT MP 600 158A8 18PR TL,BKT,16.0/70x24,Rolnicze,Ciągnik
8.25X15 BKT PL 801 14PR TT,BKT,8.25x15,Przemysłowe,Wózek widłowy
27X10-15.3 BKT AS 504 8PR TL,BKT,27x10-15.3,Rolnicze,Uniwersalne/pozostałe
250/85R24 BKT AGRIMAX RT 855 109A8/109B TL,BKT,250/85R24,Rolnicze,Ciągnik
11.5/80X15.3 BKT MP 567 14PR TL,BKT,11.5/80x15.3,Rolnicze,Ciągnik
16.0/70X20 BKT MP 567 14PR TL,BKT,16.0/70x20,Rolnicze,Ciągnik
205/60X15 BKT PAC MASTER 6PR TL,BKT,205/60x15,Przemysłowe,Uniwersalne/pozostałe
17.5R25 BKT EARTHMAX SR 51 176A2 TL,BKT,17.5R25,Przemysłowe,Maszyny górnicze
9.5X28 BKT TR 135 8PR TT,BKT,9.5x28,Rolnicze,Ciągnik
750/60X30.5 BKT FLOT 648 E 16PR TL,BKT,750/60x30.5,Rolnicze,Przyczepa
26.5X14.00-12 BKT LG 408 6PR TL,BKT,26.5x14.00-12,Przemysłowe,Uniwersalne/pozostałe
26X12-12 BKT SKID POWER HD 12PR TL,BKT,26x12-12,Przemysłowe,Ładowarka
18X7-8 BKT TR 360 6PR TL,BKT,18x7-8,Rolnicze,Ciągnik
580/65R22.5 BKT FL 630 SUPER STBT E 166D TL,BKT,580/65R22.5,Rolnicze,Przyczepa
7.50X18 BKT AS 504 8PR TT,BKT,7.50x18,Rolnicze,Uniwersalne/pozostałe
8.3X24 BKT TR 171 6PR TT,BKT,8.3x24,Rolnicze,Ciągnik
420/70R28 BKT AGRIMAX RT 765 E 133D TL,BKT,420/70R28,Rolnicze,Ciągnik
520/70R38 BKT AGRIMAX RT 765 E 150D TL,BKT,520/70R38,Rolnicze,Ciągnik
210/95R20 BKT AGRIMAX RT 855 110A8 TL,BKT,210/95R20,Rolnicze,Ciągnik
9.5X18 BKT TR 171 8PR TT,BKT,9.5x18,Rolnicze,Ciągnik
340/85R46 BKT AGRIMAX RT 955 150A8/150B TL,BKT,340/85R46,Rolnicze,Ciągnik
560/45R22.5 BKT RADIAL FL 630 ULTRA 152D/163A8 TL,BKT,560/45R22.5,Rolnicze,Przyczepa
21X8-9 BKT PL 801 14PR TT,BKT,21x8-9,Przemysłowe,Wózek widłowy
4.00X12 BKT TF 9090 60A8 6PR TT,BKT,4.00x12,Rolnicze,Ciągnik
18X7-8 BKT PT - HD 16PR TT,BKT,18x7-8,Przemysłowe,Ładowarka
18.00X25 BKT PORT KING PLUS GCRC IND-4 40PR TL,BKT,18.00x25,Przemysłowe,Suwnica/dźwig
250X15 BKT MAGLIFT LIP NIEBRUDZĄCA QUICK,BKT,250x15,Przemysłowe,Wózek widłowy
260/70R16 BKT AGRIMAX RT 765 109A8/109B TL,BKT,260/70R16,Rolnicze,Ciągnik
12.4X36 BKT TR 135 8PR TT,BKT,12.4x36,Rolnicze,Ciągnik
600/70R30 BKT AGRIMAX FORTIS 158D/161A8 TL,BKT,600/70R30,Rolnicze,Ciągnik
400/60X22.5 BKT FLOT 648 18PR TL,BKT,400/60x22.5,Rolnicze,Przyczepa
31X15.5-15 BKT TRAC MASTER 8PR TL,BKT,31x15.5-15,Przemysłowe,Uniwersalne/pozostałe
240/70R16 BKT AGRIMAX RT 765 104A8/104B TL,BKT,240/70R16,Rolnicze,Ciągnik
20X10-10 BKT LG SMOOTH 6PR TL,BKT,20x10-10,Rolnicze,Kosiarka/ogród
700/50X22.5 BKT FLOT 648 16PR TL,BKT,700/50x22.5,Rolnicze,Przyczepa
IF650/85R38 BKT AGRIMAX FORCE 179D TL,BKT,650/85R38,Rolnicze,Ciągnik
460/85R30 BKT AGRIMAX RT 855 145A8/145B TL,BKT,460/85R30,Rolnicze,Ciągnik
13.0/55-16 BKT AW 702 18PR TL,BKT,13.0/55x16,Rolnicze,Przyczepa
14.00X24 BKT TRAC GRADER+ 16PR TL,BKT,14.00x24,Przemysłowe,Uniwersalne/pozostałe
400/60X15.5 BKT AW 708 18PR TL,BKT,400/60x15.5,Rolnicze,Przyczepa
10X16.5 BKT JUMBOTRAX HD 10PR TL,BKT,10x16.5,Przemysłowe,Ładowarka
9.5X22 BKT TR 171 8PR TT,BKT,9.5x22,Rolnicze,Ciągnik
7.50X16 BKT AS 504 8PR TT,BKT,7.50x16,Rolnicze,Uniwersalne/pozostałe
200/50X10 BKT MAGLIFT LIP QUICK,BKT,200/50x10,Przemysłowe,Wózek widłowy
6.00X19 BKT TF 9090 6PR TT,BKT,6.00x19,Rolnicze,Ciągnik
12.5X18 BKT MP 570 10PR TL,BKT,12.5x18,Przemysłowe,Ładowarka
540/65R30 BKT AGRIMAX RT 657 150D/153A8 TL,BKT,540/65R30,Rolnicze,Ciągnik
13.6X36 BKT TR 135 8PR TT,BKT,13.6x36,Rolnicze,Ciągnik
10.5/80X18 BKT AT 603 10PR TL,BKT,10.5/80x18,Przemysłowe,Uniwersalne/pozostałe
260/70R20 BKT AGRIMAX RT 765 113A8/113B TL,BKT,260/70R20,Rolnicze,Ciągnik
14.5X20 BKT MP 567 18PR TL,BKT,14.5x20,Rolnicze,Ciągnik
710/45X26.5 BKT FORESTECH 168A8/175A2 20PR SB TL,BKT,710/45x26.5,Leśne,Forwarder/Harwester
16.9X24 BKT TR 135 8PR TT,BKT,16.9x24,Rolnicze,Ciągnik
710/75R42 BKT AGRIMAX FORTIS 175D/172E TL,BKT,710/75R42,Rolnicze,Ciągnik
480/70R38 BKT AGRIMAX RT 765 E 145D TL,BKT,480/70R38,Rolnicze,Ciągnik
27X8.5-15 BKT SKID POWER HD 8PR TL,BKT,27x8.5-15,Przemysłowe,Ładowarka
6.50X10 BKT MAGLIFT LIP NIEBRUDZĄCA QUICK,BKT,6.50x10,Przemysłowe,Wózek widłowy
520/85R38 BKT AGRIMAX RT 855 155A8/155B TL,BKT,520/85R38,Rolnicze,Ciągnik
4.50-16 BKT TF 8181 4PR TT,BKT,4.50x16,Rolnicze,Ciągnik
280/60X15.5 BKT TR 678 128A8 TL,BKT,280/60x15.5,Rolnicze,Ciągnik
440/80-24 BKT CON STAR E 168A8 22PR TL,BKT,16.9x24,Rolnicze,Koparka
16.9X28 BKT AS 2001 12PR TT,BKT,16.9x28,Rolnicze,Przyczepa
15.0/70-18 BKT AW 705 16PR TL,BKT,15.0/70x18,Rolnicze,Przyczepa
8.3X24 BKT TR 135 6PR TT,BKT,8.3x24,Rolnicze,Ciągnik
5.00X8 BKT FL 252 8PR TT,BKT,5.00x8,Przemysłowe,Wózek widłowy
200/70R16 BKT AGRIMAX RT 765 94A8/94B TL,BKT,200/70R16,Rolnicze,Ciągnik
11X4.00-5 BKT LG 306 4PR TL,BKT,11x4.00-5,Przemysłowe,Kosiarka/ogród
400/50X15 BKT AS504 E 121A8/109A8 TL,BKT,400/50x15,Rolnicze,Ciągnik
320/85R24 BKT AGRIMAX RT 855 122A8/122B TL,BKT,320/85R24,Rolnicze,Ciągnik
20X10-8 BKT LG 306 6PR TL,BKT,20x10-8,Przemysłowe,Kosiarka/ogród
320/85R36 BKT AGRIMAX RT 855 128A8/128B TL,BKT,320/85R36,Rolnicze,Ciągnik
420/85R28 BKT AGRIMAX RT 855 139A8/139B TL,BKT,420/85R28,Rolnicze,Ciągnik
250/65-14.5 BKT RIB 774 14PR TL,BKT,250/65x14.5,Rolnicze,Przyczepa
31.5X13-16.5 BKT SKID POWER HD 10PR TL,BKT,31.5x13-16.5,Przemysłowe,Ładowarka
700/50X26.5 BKT FLOT 648 16PR TL,BKT,700/50x26.5,Rolnicze,Przyczepa
18X8.50-8 BKT GF 304 4PR TL,BKT,18x8.50-8,Rolnicze,Kosiarka/ogród
320/90R46 BKT AGRIMAX RT 945 148D/151A8 TL,BKT,320/90R46,Rolnicze,Ciągnik
495/70R24 BKT MULTIMAX MP 513 155G TL,BKT,495/70R24,Rolnicze,Ciągnik
9.5X16 BKT TR 144 6PR TT,BKT,9.5x16,Rolnicze,Ciągnik
20.8X38 BKT TR 270 8PR TT,BKT,20.8x38,Rolnicze,Ciągnik
270/95R36 BKT AGRIMAX RT 955 139A8/139B TL,BKT,270/95R36,Rolnicze,Ciągnik
230/95R40 BKT AGRIMAX RT 955 132A8/132B TL,BKT,230/95R40,Rolnicze,Ciągnik
850/50R30.5 BKT RIDEMAX FL 693M 182D TL,BKT,850/50R30.5,Rolnicze,Przyczepa
500/60R22.5 BKT FL 630 ULTRA 155D/166A8 TL,BKT,500/60R22.5,Rolnicze,Przyczepa
600/55R26.5 BKT RIDEMAX FL 693 M 165D,BKT,600/55R26.5,Rolnicze,Przyczepa
400/60X15.5 BKT RIB 900 16PR TL,BKT,400/60x15.5,Rolnicze,Przyczepa
400/55X22.5 BKT FLOT 558 16PR TL,BKT,400/55x22.5,Przemysłowe,Uniwersalne/pozostałe
440/65R24 BKT AGRIMAX RT 657 135D/138A8 TL,BKT,440/65R24,Rolnicze,Ciągnik
210/95R16 BKT AGRIMAX RT 855 106A8/106B TL,BKT,210/95R16,Rolnicze,Ciągnik
4.00X19 BKT TF 9090 4PR TT,BKT,4.00x19,Rolnicze,Ciągnik
650/50R22.5 BKT RIDEMAX FL 693 STBT 163D/160E TL,BKT,650/50R22.5,Przemysłowe,Uniwersalne/pozostałe
16.5/85X24 BKT AS 504 16PR TL,BKT,16.5/85x24,Rolnicze,Uniwersalne/pozostałe
13.6X38 BKT TR 135 8PR TT,BKT,13.6x38,Rolnicze,Ciągnik
300/80X15.3 BKT AW 09 138A8 TL,BKT,300/80x15.3,Rolnicze,Przyczepa
23.1X26 BKT TR 387 159A6 16PR TL,BKT,23.1x26,Przemysłowe,Uniwersalne/pozostałe
16.9X30 BKT TR 135 8PR TT,BKT,16.9x30,Rolnicze,Ciągnik
18X8.5-10 BKT SKID POWER HD 8PR TL,BKT,18x8.5-10,Przemysłowe,Ładowarka
12.5/80X18 BKT AS 504 16PR TL,BKT,12.5/80x18,Rolnicze,Uniwersalne/pozostałe
10.0/75X15.3 BKT AW 909 12PR TL,BKT,10.0/75x15.3,Rolnicze,Przyczepa
230/95R32 BKT AGRIMAX RT 955 128A8/128B TL,BKT,230/95R32,Rolnicze,Ciągnik
360/70R28 BKT AGRIMAX RT 765 E 125D TL,BKT,360/70R28,Rolnicze,Ciągnik
10.5/80X18 BKT AS 504 10PR TL,BKT,10.5/80x18,Rolnicze,Uniwersalne/pozostałe
700/40X22.5 BKT FLOT 648 166 A8 16PR TL,BKT,700/40x22.5,Rolnicze,Przyczepa
13.0/75X16 BKT AW 702 10PR TL,BKT,13.0/75x16,Rolnicze,Przyczepa
14.9X26 BKT TR 135 8PR TT,BKT,14.9x26,Rolnicze,Ciągnik
16.0/70X24 BKT EM 936 14PR TL,BKT,16.0/70x24,Przemysłowe,Maszyny górnicze
500/50X17 BKT FLOT648 157A8 18PR TL,BKT,500/50x17,Rolnicze,Przyczepa
900/60R32 BKT AGRIMAX TERIS 185A8/182B TL,BKT,900/60R32,Rolnicze,Kombajn
7.50X15 BKT PL 801 14PR TT,BKT,7.50x15,Przemysłowe,Wózek widłowy
20.5R25 BKT EARTHMAX SR 30 186A2/177B TL,BKT,20.5R25,Przemysłowe,Maszyny górnicze
16.0/70R20 BKT BK-LOADER 53 155A2/151A4 TL,BKT,16.0/70R20,Przemysłowe,Ładowarka
7.00X15 BKT PL 801 12PR TT,BKT,7.00x15,Przemysłowe,Wózek widłowy
11.00X20 BKT PACMASTER 16PR TT,BKT,11.00x20,Przemysłowe,Uniwersalne/pozostałe
6.00-16 BKT AS 504 6PR TT,BKT,6.00x16,Rolnicze,Uniwersalne/pozostałe
12.4X38 BKT TR 135 8PR TT,BKT,12.4x38,Rolnicze,Ciągnik
550/60X22.5 BKT TR 675 16PR TL,BKT,550/60x22.5,Rolnicze,Ciągnik
8.3X28 BKT TR 135 6PR TT,BKT,8.3x28,Rolnicze,Ciągnik
710/70R38 BKT AGRIMAX SIRIO 171D/168E HS TL,BKT,710/70R38,Rolnicze,Ciągnik
18.00X25 BKT XL GRIP 40PR TL,BKT,18.00x25,Przemysłowe,Maszyny górnicze
600/50R22.5 BKT FL 630 ULTRA RADIAL 159D/170A8 TL,BKT,600/50R22.5,Rolnicze,Przyczepa
650/65R26.5 BKT FL 630 SUPER STBT E 174D,BKT,650/65R26.5,Rolnicze,Przyczepa
9.5X22 BKT TR 144 6PR TT,BKT,9.5x22,Rolnicze,Ciągnik
10.0/75X15.3 BKT AW 909 10PR TL,BKT,10.0/75x15.3,Rolnicze,Przyczepa
710/70R42 BKT AGRIMAX RT 765 E 176D/179A8 TL,BKT,710/70R42,Rolnicze,Ciągnik
5.00X12 BKT TR 171 E 4PR TT,BKT,5.00x12,Rolnicze,Ciągnik
18.00X33 BKT XL GRIP 40PR TL,BKT,18.00x33,Przemysłowe,Maszyny górnicze
12.5X18 BKT MP 567 12PR TL,BKT,12.5x18,Rolnicze,Ciągnik
7.00X12 BKT MAGLIFT STD NIEBRUDZĄCA,BKT,7.00x12,Przemysłowe,Wózek widłowy
480/80R34 BKT RIDEMAX IT 696 E 164A8/159D,BKT,480/80R34,Rolnicze,Ciągnik
650/75R32 BKT AGRIMAX TERIS E 172A8/172B,BKT,650/75R32,Rolnicze,Kombajn
270/95R38 BKT AGRIMAX RT 955 140A8/140B TL,BKT,270/95R38,Rolnicze,Ciągnik
27X10-12 BKT PT - HD 16PR TT,BKT,27x10-12,Przemysłowe,Ładowarka
560/60R22.5 BKT RADIAL FL 630 ULTRA 161D/172A8 TL,BKT,560/60R22.5,Rolnicze,Przyczepa
12.5/80X15.3 BKT AW 909 14PR TL,BKT,12.5/80x15.3,Rolnicze,Przyczepa
650/55R26.5 BKT FL 630 SUPER STBT 169D TL,BKT,650/55R26.5,Rolnicze,Przyczepa
620/70R46 BKT AGRIMAX RT 765 E 162D TL,BKT,620/70R46,Rolnicze,Ciągnik
14.9X24 BKT TR 459 12PR TL,BKT,14.9x24,Przemysłowe,Uniwersalne/pozostałe
750/60R30.5 BKT FL 630 SUPER STBT 181D TL,BKT,750/60R30.5,Rolnicze,Przyczepa
12.5/70X16 BKT AT 621 8PR TL,BKT,12.5/70x16,Przemysłowe,Koparka
230/95R36 BKT AGRIMAX RT 955 130A8/130B TL,BKT,230/95R36,Rolnicze,Ciągnik
6.00X16 BKT AW 702 6PR TT,BKT,6.00x16,Rolnicze,Przyczepa
7.50X20 BKT TF 9090 8PR TT,BKT,7.50x20,Rolnicze,Ciągnik
10.0/75X15.3 BKT AS 504 10PR TL,BKT,10.0/75x15.3,Rolnicze,Uniwersalne/pozostałe
650/65X30.5 BKT FLOT 648 16PR TL,BKT,650/65x30.5,Rolnicze,Przyczepa
11.5/80X15.3 BKT AW 702 14PR TL,BKT,11.5/80x15.3,Rolnicze,Przyczepa
12.5/80-18 BKT AT 603 12PR TL,BKT,12.5/80x18,Przemysłowe,Uniwersalne/pozostałe
480/80R50 BKT AGRIMAX RT 855 159A8/159B TL,BKT,480/80R50,Rolnicze,Ciągnik
16X6.50-8 BKT LG RIB 4PR TL,BKT,16x6.50-8,Rolnicze,Kosiarka/ogród
20.5X25 BKT GR 288 16PR TL,BKT,20.5x25,Przemysłowe,Uniwersalne/pozostałe
17.5R25 BKT EARTHMAX SR30 E TL,BKT,17.5R25,Przemysłowe,Maszyny górnicze
7.00X12 BKT AS 504 6PR TL,BKT,7.00x12,Rolnicze,Uniwersalne/pozostałe
17.5X25 BKT XL GRIP 16PR TL,BKT,17.5x25,Przemysłowe,Maszyny górnicze
10.0/80-12 BKT AW 909 10PR TL,BKT,10.0/80x12,Rolnicze,Przyczepa
380/90R54 BKT AGRIMAX RT 945 158A8/158B TL,BKT,380/90R54,Rolnicze,Ciągnik
210/90R24 BKT AGRIMAX RT 955 107A8/107B TL,BKT,210/90R24,Rolnicze,Ciągnik
620/75R26 BKT AGRIMAX RT 600 167A8/167B TL,BKT,620/75R26,Rolnicze,Ciągnik
750/45R26.5 BKT FL 630 SUPER STBT E 170D,BKT,750/45R26.5,Rolnicze,Przyczepa
600/50X22.5 BKT FLOT 648 12PR TL,BKT,600/50x22.5,Rolnicze,Przyczepa
5.00X8 BKT MAGLIFT STD NIEBRUDZĄCA,BKT,5.00x8,Przemysłowe,Wózek widłowy
10.5X20 BKT MP 567 10PR TL,BKT,10.5x20,Rolnicze,Ciągnik
23X8.5-12 BKT SKID POWER HD 6PR TL,BKT,23x8.5-12,Przemysłowe,Ładowarka
10.0/75X15.3 BKT AS 504 18PR TL,BKT,10.0/75x15.3,Rolnicze,Uniwersalne/pozostałe
8.3X36 BKT TR 135 6PR TT,BKT,8.3x36,Rolnicze,Ciągnik
15.0/55-17 BKT AS 504 14PR TL,BKT,15.0/55x17,Rolnicze,Uniwersalne/pozostałe
600/50X22.5 BKT FLOT 648 16PR TL,BKT,600/50x22.5,Rolnicze,Przyczepa
6.50X10 BKT PT - HD 14PR TT,BKT,6.50x10,Przemysłowe,Ładowarka
420/85R30 BKT AGRIMAX RT 855 140A8/140B TL,BKT,420/85R30,Rolnicze,Ciągnik
12.4X28 BKT TR 171 6PR TT,BKT,12.4x28,Rolnicze,Ciągnik
210/95R18 BKT AGRIMAX RT 855 108A8/108B TL,BKT,210/95R18,Rolnicze,Ciągnik
6.00X16 BKT TF 9090 6PR TT,BKT,6.00x16,Rolnicze,Ciągnik
12X16.5 BKT SURETRAX HD 12PR TL,BKT,12x16.5,Przemysłowe,Ładowarka
1050/50R32 CHO BKT AGRIMAX TERIS 184A8/181B TL,BKT,1050/50R32,Rolnicze,Kombajn
215/75X17.5 BKT RIB 774 16PR TL,BKT,215/75x17.5,Rolnicze,Przyczepa
7.00X12 BKT PL 801 12PR TT,BKT,7.00x12,Przemysłowe,Wózek widłowy
IF600/70R28 BKT AGRIMAX FORCE E 164D TL,BKT,600/70R28,Rolnicze,Ciągnik
7.50-20 BKT TF 8181 6PR TT,BKT,7.50x20,Rolnicze,Ciągnik
560/45R22.5 BKT FL 639 152D/163A8 TL,BKT,560/45R22.5,Rolnicze,Przyczepa
140/55-9 BKT MAGLIFT LIP NIEBRUDZĄCA QUICK,BKT,140/55-9,Przemysłowe,Wózek widłowy
12.5/80X18 BKT AW 702 14PR TL,BKT,12.5/80x18,Rolnicze,Przyczepa
IF710/60R34 BKT AGRIMAX FORCE 170D TL,BKT,710/60R34,Rolnicze,Ciągnik
19.5L-24 BKT RT 747 157A8/154B TL,BKT,19.5L-24,Rolnicze,Ciągnik
320/85R32 BKT AGRIMAX RT 855 126A8/126B TL,BKT,320/85R32,Rolnicze,Ciągnik
18.4X26 BKT MULTIMAX MP 527 E 160A8/160B,BKT,18.4x26,Przemysłowe,Ładowarka
600/65X34 BKT TR 678 FRS SPL STBT 14PR TL,BKT,600/65x34,Leśne,Uniwersalne/pozostałe
6.50X10 BKT FL 252 10PR TT,BKT,6.50x10,Przemysłowe,Wózek widłowy
23.5X25 BKT XL GRIP 24PR TL,BKT,23.5x25,Przemysłowe,Maszyny górnicze
23.5X25 BKT XL GRIP 20PR TL,BKT,23.5x25,Przemysłowe,Maszyny górnicze
12.5/80X18 BKT AW 702 16PR TL,BKT,12.5/80x18,Rolnicze,Przyczepa
1050/50R32 BKT AGRIMAX RT 600 E 184A8/181B TL,BKT,1050/50R32,Rolnicze,Ciągnik
23.5R25 BKT EARTH MAX SR 51 DOT2016 TL,BKT,23.5R25,Przemysłowe,Maszyny górnicze
12.5R20 BKT MULTIMAX MP522 E 144A8/144B,BKT,12.5R20,Przemysłowe,Uniwersalne/pozostałe
15.5X25 BKT GR 288 12PR TL,BKT,15.5x25,Przemysłowe,Uniwersalne/pozostałe
9.5X16 BKT TR 171 6PR TT,BKT,9.5x16,Rolnicze,Ciągnik
12.4X28 BKT TR 135 8PR TT,BKT,12.4x28,Rolnicze,Ciągnik
380/70R20 BKT AGRIMAX RT 765 132A8/132B TL,BKT,380/70R20,Rolnicze,Ciągnik
500/55X20 BKT FLOT648 12PR TL,BKT,500/55x20,Rolnicze,Przyczepa
400/80R28 BKT RIDEMAX IT-696 151A8/146D TL,BKT,400/80R28,Przemysłowe,Uniwersalne/pozostałe
7.00X15 BKT SKID POWER CHEVRON 6PR,BKT,7.00x15,Przemysłowe,Ładowarka
23X10-12 BKT MAGLIFT LIP NIEBRUDZĄCA QUICK,BKT,23x10-12,Przemysłowe,Wózek widłowy
4.00X16 BKT AS 504 4PR TT,BKT,4.00x16,Rolnicze,Uniwersalne/pozostałe
23.1X30 BKT TR 270 10PR TT,BKT,23.1x30,Rolnicze,Ciągnik
600/55X26.5 BKT FLOT 648 16PR TL,BKT,600/55x26.5,Rolnicze,Przyczepa
6.50X10 BKT MAGLIFT STD NIEBRUDZĄCA,BKT,6.50x10,Przemysłowe,Wózek widłowy
300/65X12 BKT RIB 775 8PR TL,BKT,300/65x12,Rolnicze,Przyczepa
480/65R28 BKT AGRIMAX RT 657 142D/145A8 TL,BKT,480/65R28,Rolnicze,Ciągnik
13.0/65-18 BKT V-LINE AW 702 150A6/144A8 16PR TL,BKT,13.0/65x18,Rolnicze,Przyczepa
5.00-8 BKT PT-HD 10PR TT,BKT,5.00x8,Przemysłowe,Ładowarka
26X12.00-12 BKT LG 306 8PR TL,BKT,26x12-12,Przemysłowe,Kosiarka/ogród
15.5R25 BKT EARTHMAX SR 30 169A2/160B TL,BKT,15.5R25,Przemysłowe,Maszyny górnicze
33X12.5-15 BKT AT 621 8PR TT,BKT,33x12.5-15,Przemysłowe,Koparka
12.5X20 BKT MP 585 12PR TL,BKT,12.5x20,Przemysłowe,Ładowarka
340/85R28 BKT AGRIMAX RT 855 127A8/127B TL,BKT,340/85R28,Rolnicze,Ciągnik
9.5X24 BKT TR 135 6PR TT,BKT,9.5x24,Rolnicze,Ciągnik
600/40X22.5 BKT TR 678 DUAL BEAD 169A8 20PR TL,BKT,600/40x22.5,Rolnicze,Ciągnik
850/50X30.5 BKT FLOT 648 16PR TL,BKT,850/50x30.5,Rolnicze,Przyczepa
7.50R15 BKT LIFT MAX LM81 146A5 TL,BKT,7.50R15,Przemysłowe,Uniwersalne/pozostałe
340/80R24 BKT RIDEMAX IT 696 140A8/135D TL,BKT,340/80R24,Rolnicze,Ciągnik
710/50R30.5 BKT RIDEMAX FL 693 M STBT 173D,BKT,710/50R30.5,Rolnicze,Przyczepa
360/70R24 BKT AGRIMAX RT 765 E 122D TL,BKT,360/70R24,Rolnicze,Ciągnik
5.50X16 BKT TF 9090 6PR TT,BKT,5.50x16,Rolnicze,Ciągnik
500/45X22.5 BKT FLOT 558 16PR TL,BKT,500/45x22.5,Rolnicze,Przyczepa
440/65R20 BKT AGRIMAX RT 657 141A8/138D TL,BKT,440/65R20,Rolnicze,Ciągnik
31X15.5-15 BKT TR 313 8PR TL,BKT,31x15.5-15,Rolnicze,Ciągnik
11.5/80X15.3 BKT AW 909 12PR TL,BKT,11.5/80x15.3,Rolnicze,Przyczepa
IF800/70R42 BKT AGRIMAX FORCE 186D TL,BKT,800/70R42,Rolnicze,Ciągnik
10.0/75X15.3 BKT AW 702 18PR TL,BKT,10.0/75x15.3,Rolnicze,Przyczepa
23X10.50-12 BKT TR 315 6PR TL,BKT,23x10.50-12,Rolnicze,Ciągnik
20X24 BKT EM 936 12PR TL,BKT,20x24,Przemysłowe,Maszyny górnicze
7.50-16 BKT TF 8181 6PR TT,BKT,7.50x16,Rolnicze,Ciągnik
8.3X20 BKT TR 144 6PR TT,BKT,8.3x20,Rolnicze,Ciągnik
14X17.5 BKT SKID POWER 14PR TL,BKT,14x17.5,Przemysłowe,Ładowarka
6.50X20 BKT TF 8181 6PR TT,BKT,6.50x20,Rolnicze,Ciągnik
12.5/80X18 BKT TR 461 12PR TL,BKT,12.5/80x18,Przemysłowe,Koparka
500/50R17 BKT RIDEMAX FL693M E 149D/146E,BKT,500/50R17,Rolnicze,Przyczepa
710/40R22.5 BKT FL 639 172A8/161D TL,BKT,710/40R22.5,Rolnicze,Przyczepa
7.00X12 BKT FL 252 14PR TT,BKT,7.00x12,Przemysłowe,Wózek widłowy
380/85R24 BKT AGRIMAX RT 855 131A8/131B TL,BKT,380/85R24,Rolnicze,Ciągnik
400/80R24 BKT RIDEMAX IT 696 E 149A8/144D,BKT,400/80R24,Rolnicze,Ciągnik
18.4X30 BKT TR 387 8PR TL,BKT,18.4x30,Przemysłowe,Uniwersalne/pozostałe
650/65R38 BKT AGRIMAX RT 600 157D/160A8,BKT,650/65R38,Rolnicze,Ciągnik
600/55R26.5 BKT FL 630 SUPER 165D SB TL,BKT,600/55R26.5,Rolnicze,Przyczepa
620/40R22.5 BKT FL 635 154D TL,BKT,620/40R22.5,Przemysłowe,Uniwersalne/pozostałe
11.2X24 BKT TR 171 6PR TT,BKT,11.2x24,Rolnicze,Ciągnik
600/55R26.5 BKT FL 630 ULTRA 165D/176A8 TL,BKT,600/55R26.5,Rolnicze,Przyczepa
210/95R28 BKT AGRIMAX RT 955 116A8/116B TL,BKT,210/95R28,Rolnicze,Ciągnik
320/85R28 BKT AGRIMAX RT 855 124A8/124B TL,BKT,320/85R28,Rolnicze,Ciągnik
280/70R20 BKT AGRIMAX RT 765 116A8/116B TL,BKT,280/70R20,Rolnicze,Ciągnik
15.0/55X17 BKT AW 705 18PR TL,BKT,15.0/55x17,Rolnicze,Przyczepa
16.9X30 BKT AT 621 12PR TL,BKT,16.9x30,Przemysłowe,Koparka
520/85R46 BKT AGRIMAX RT 855 158A8/158B TL,BKT,520/85R46,Rolnicze,Ciągnik
540/65R24 BKT AGRIMAX RT 657 146D/149A8 TL,BKT,540/65R24,Rolnicze,Ciągnik
445/95R25 BKT AIROMAX AM27 E 174F,BKT,445/95R25,Rolnicze,Uniwersalne/pozostałe
710/70R38 BKT AGRIMAX RT 600 178D/181A TL,BKT,710/70R38,Rolnicze,Ciągnik
280/85R20 BKT AGRIMAX RT 855 112A8/112B TL,BKT,280/85R20,Rolnicze,Ciągnik
17.5X25 BKT GR 288 16PR TL,BKT,17.5x25,Przemysłowe,Uniwersalne/pozostałe
560/45R22.5 BKT FL 693 M E 152D/149E,BKT,560/45R22.5,Rolnicze,Przyczepa
480/65R24 BKT AGRIMAX RT 657 140D/143A8 TL,BKT,480/65R24,Rolnicze,Ciągnik
900/60R32 BKT AGRIMAX TERIS 181A8/178B TL,BKT,900/60R32,Rolnicze,Kombajn
400/60X22.5 BKT FLOT 648 16PR TL,BKT,400/60x22.5,Rolnicze,Przyczepa
23.5R25 BKT EARTHMAX SR 30 E TL,BKT,23.5R25,Przemysłowe,Maszyny górnicze
340/80R18 BKT MULTIMAX MP-522 143A8/143B TL,BKT,340/80R18,Rolnicze,Ciągnik
10.0/75X15.3 BKT MP 567 18PR TL,BKT,10.0/75x15.3,Rolnicze,Ciągnik
280/70R18 BKT AGRIMAX RT 765 114A8/114B TL,BKT,280/70R18,Rolnicze,Ciągnik
500/60R22.5 BKT RIDEMAX FL 693 155D/152E TL,BKT,500/60R22.5,Rolnicze,Przyczepa
260/70X15.3 BKT AW 09 131A8 TL,BKT,260/70x15.3,Rolnicze,Przyczepa
33X15.5-15 BKT TRAC MASTER 8PR TL,BKT,33x15.5-15,Rolnicze,Uniwersalne/pozostałe
18X22.5 BKT MP 590 16PR TL,BKT,18x22.5,Przemysłowe,Ładowarka
23X10.50-12 BKT LG 306 8PR TL,BKT,23x10.50-12,Rolnicze,Kosiarka/ogród
550/60X22.5 BKT FLOT 648 18PR TL,BKT,550/60x22.5,Rolnicze,Przyczepa
18.4X34 BKT TR 135 10PR TT,BKT,18.4x34,Rolnicze,Ciągnik
31X15.5-15 BKT LG 306 4PR TL,BKT,31x15.5-15,Rolnicze,Kosiarka/ogród
5.00-15 BKT AS 504 6PR TT,BKT,5.00x15,Rolnicze,Uniwersalne/pozostałe
600/55X22.5 BKT FLOT 648 16PR TL,BKT,600/55x22.5,Rolnicze,Przyczepa
340/85R48 BKT AGRIMAX RT 955 152A8/152B TL,BKT,340/85R48,Rolnicze,Ciągnik
500/60X22.5 BKT V-LINE 16PR TL,BKT,500/60x22.5,Rolnicze,Przyczepa
520/85R42 BKT AGRIMAX RT 855 157A8/157B TL,BKT,520/85R42,Rolnicze,Ciągnik
9.5X24 BKT TR 171 E 6PR TT,BKT,9.5x24,Rolnicze,Ciągnik
23X9-10 BKT PT - HD 20PR TT,BKT,23x9-10,Przemysłowe,Ładowarka
12.00X20 BKT PT - HD 20PR TT,BKT,12.00x20,Przemysłowe,Ładowarka
650/55R26.5 BKT FL 630 ULTRA 169D/180A8 TL,BKT,650/55R26.5,Rolnicze,Przyczepa
11.2X26 BKT TR 171 8PR TT,BKT,11.2x26,Rolnicze,Ciągnik
16.0/70R20 BKT MULTIMAX MP527 E 149A8/149B,BKT,16.0/70R20,Przemysłowe,Uniwersalne/pozostałe
480/80R42 BKT AGRIMAX RT 855 151A8/151B TL,BKT,480/80R42,Rolnicze,Ciągnik
250/85R28 BKT AGRIMAX RT 855 112A8/112B TL,BKT,250/85R28,Rolnicze,Ciągnik
7.50X18 BKT TF 9090 8PR TT,BKT,7.50x18,Rolnicze,Ciągnik
27X10-12 BKT PT - HD 20PR TT,BKT,27x10-12,Przemysłowe,Ładowarka
800/45X26.5 BKT FLOT648 E 16PR TL,BKT,800/45x26.5,Rolnicze,Przyczepa
18.4X26 BKT AT 621 12PR TL,BKT,18.4x26,Przemysłowe,Koparka
12.4X20 BKT TR 135 8PR TT,BKT,12.4x20,Rolnicze,Ciągnik
VF400/45R17.5 BKT RIDEMAX FL693M E STBT 159D TL,BKT,400/45R17.5,Rolnicze,Przyczepa
300/85R42 BKT AGRIMAX RT 955 144A8/141B TL,BKT,300/85R42,Rolnicze,Ciągnik
24X13.00-12 BKT LG 408 6PR TL,BKT,24x13.00-12,Przemysłowe,Uniwersalne/pozostałe
11.00X20 BKT PACMASTER 18PR TT,BKT,11.00x20,Przemysłowe,Uniwersalne/pozostałe
380/70R28 BKT AGRIMAX RT 765 E 127D TL,BKT,380/70R28,Rolnicze,Ciągnik
10.00X20 BKT EM 936 16PR TT,BKT,10.00x20,Przemysłowe,Maszyny górnicze
28X12.5-15 BKT PT - HD 24PR TT,BKT,355/50x15,Przemysłowe,Ładowarka
10.0/75X15.3 BKT AW 702 10PR TL,BKT,10.0/75x15.3,Rolnicze,Przyczepa
18.4X26 BKT TR 387 12PR TL,BKT,18.4x26,Przemysłowe,Uniwersalne/pozostałe
270/95R44 BKT AGRIMAX RT 955 142A8/142B TL,BKT,270/95R44,Rolnicze,Ciągnik
320/90R42 BKT AGRIMAX RT 945 139A8/139B TL,BKT,320/90R42,Rolnicze,Ciągnik
16.9X28 BKT AS 2001 8PR TT,BKT,16.9x28,Rolnicze,Przyczepa
425/55R17 BKT MULTIMAX MP 513 134G TL,BKT,425/55R17,Przemysłowe,Ładowarka
710/70R42 BKT AGRIMAX RT 765 173D TL,BKT,710/70R42,Rolnicze,Ciągnik
8.25X15 BKT MAGLIFT STD NIEBRUDZĄCA,BKT,8.25x15,Przemysłowe,Wózek widłowy
19.0/45-17 BKT AW 708 22PR TL,BKT,19.0/45x17,Rolnicze,Przyczepa
420/65R20 BKT AGRIMAX RT 657 138A8/135D TL,BKT,420/65R20,Rolnicze,Ciągnik
280/85R28 BKT AGRIMAX RT 855 118A8/118B TL,BKT,280/85R28,Rolnicze,Ciągnik
6.00-18 BKT TF 8181 8PR TT,BKT,6.00x18,Rolnicze,Ciągnik
750/45R22.5 BKT FL 635 168D TL,BKT,750/45R22.5,Rolnicze,Przyczepa
16.9X24 BKT TR 459 12PR TL,BKT,16.9x24,Przemysłowe,Uniwersalne/pozostałe
16.9X28 BKT TR 459 152A8 12PR TL,BKT,16.9x28,Przemysłowe,Uniwersalne/pozostałe
IF600/70R30 BKT AGRIMAX FORCE 165D TL,BKT,600/70R30,Rolnicze,Ciągnik
IF650/85R42 BKT AGRIMAX FORCE 180D TL,BKT,650/85R42,Rolnicze,Ciągnik
5X12 BKT TR 128 4PR TT,BKT,5x12,Rolnicze,Ciągnik
7X14 BKT TR 126 4PR TT,BKT,7x14,Rolnicze,Ciągnik
20X12.00 BKT LG 307 X10 4PR TL,BKT,20x12.00,Rolnicze,Kosiarka/ogród
420/70R30 BKT AGRIMAX RT 765 134D TL,BKT,420/70R30,Rolnicze,Ciągnik
16.9X30 BKT TR 387 8PR TL,BKT,16.9x30,Przemysłowe,Uniwersalne/pozostałe
440/80R30 BKT RIDEMAX IT 696 157A8/153D TL,BKT,440/80R30,Rolnicze,Ciągnik
400/60X15.5 BKT TR 882 14PR TL,BKT,400/60x15.5,Rolnicze,Ciągnik
18X9.5-8 BKT LG 306 6PR TL,BKT,18x9.5-8,Przemysłowe,Kosiarka/ogród
IF900/60R38 BKT AGRIMAX FORCE E 184D,BKT,900/60R38,Rolnicze,Ciągnik
420/85R24 BKT AGRIMAX RT 855 137A8/137B TL,BKT,420/85R24,Rolnicze,Ciągnik
380/85R38 BKT AGRIMAX RT 855 139A8/139B TL,BKT,380/85R38,Rolnicze,Ciągnik
12X16.5 BKT GIANT TRAX 14PR TL,BKT,12x16.5,Przemysłowe,Uniwersalne/pozostałe
18.00X25 BKT PORT KING USZKODZONE 40PR TL,BKT,18.00x25,Przemysłowe,Suwnica/dźwig
250X15 BKT PL 801 20PR TT,BKT,250x15,Przemysłowe,Wózek widłowy
460/85R38 BKT AGRIMAX RT 855 149A8/149B TL,BKT,460/85R38,Rolnicze,Ciągnik
16.9X28 BKT AT 621 152A8 12PR TL,BKT,16.9x28,Przemysłowe,Koparka
400/80-24 BKT CON STAR E 162A8 20PR TL,BKT,400/80x24,Rolnicze,Koparka
20.5X25 BKT XL GRIP 20PR TL,BKT,20.5x25,Przemysłowe,Maszyny górnicze
7.50X18 BKT TF 8181 8PR TT,BKT,7.50x18,Rolnicze,Ciągnik
11.5/80-15.3 BKT AW 909 16PR TL,BKT,11.5/80x15.3,Rolnicze,Przyczepa
23X10-12 BKT MAGLIFT STD NIEBRUDZĄCA,BKT,23x10-12,Przemysłowe,Wózek widłowy
10.0/75X15.3 BKT AW 909 14PR TL,BKT,10.0/75x15.3,Rolnicze,Przyczepa
6.00X9 BKT MAGLIFT STD,BKT,6.00x9,Przemysłowe,Wózek widłowy
750/65R25 BKT EARTHMAX SR35 CR E TL,BKT,750/65R25,Przemysłowe,Uniwersalne/pozostałe
18X7-8 BKT MAGLIFT STD,BKT,18x7-8,Przemysłowe,Wózek widłowy
7.00-12 BKT PT-HD 14PR TT,BKT,7.00x12,Przemysłowe,Ładowarka
9.5X42 BKT TR 135 10PR TT,BKT,9.5x42,Rolnicze,Ciągnik
340/85R36 BKT AGRIMAX RT 855 132A8/132B TL,BKT,340/85R36,Rolnicze,Ciągnik
500/50X17 BKT AW 708 18PR TL,BKT,500/50x17,Rolnicze,Przyczepa
580/70R38 BKT AGRIMAX RT 765 E 155D TL,BKT,580/70R38,Rolnicze,Ciągnik
8.25X15 BKT FL 252 14PR TT,BKT,8.25x15,Przemysłowe,Wózek widłowy
10.00X16 BKT TF 9090 8PR TT,BKT,10.00x16,Rolnicze,Ciągnik
4.00X15 BKT TF 8181 4PR TT,BKT,4.00x15,Rolnicze,Ciągnik
600/65R34 BKT AGRIMAX RT 657 157D/160A8 TL,BKT,600/65R34,Rolnicze,Ciągnik
300/80R24 BKT RIDEMAX IT 696 133A8/128D TL,BKT,300/80R24,Przemysłowe,Ciągnik
15.0/55X17 BKT AS 504 10PR TL,BKT,15.0/55x17,Rolnicze,Uniwersalne/pozostałe
7.00X12 BKT PL 801 14PR TT,BKT,7.00x12,Przemysłowe,Wózek widłowy
440/65R28 BKT AGRIMAX RT 657 138D/141A8 TL,BKT,440/65R28,Rolnicze,Ciągnik
15.0/55-17 BKT AW 909 14PR TL,BKT,15.0/55x17,Rolnicze,Przyczepa
5.00X15 BKT TF 8181 6PR TT,BKT,5.00x15,Rolnicze,Ciągnik
270/95R48 BKT AGRIMAX RT 955 144A8/144B TL,BKT,270/95R48,Rolnicze,Ciągnik
8.3X20 BKT TR 171 8PR TT,BKT,8.3x20,Rolnicze,Ciągnik
16.9X28 BKT TR 387 8PR TL,BKT,16.9x28,Przemysłowe,Uniwersalne/pozostałe
650/65R38 BKT AGRIMAX RT 657 163D/166A8 TL,BKT,650/65R38,Rolnicze,Ciągnik
7X16 BKT TR 144 4PR TT,BKT,7x16,Rolnicze,Ciągnik
710/40R22.5 BKT FL 635 161D TL,BKT,710/40R22.5,Rolnicze,Przyczepa
5.00X16 BKT TF 8181 6PR TT,BKT,5.00x16,Rolnicze,Ciągnik
16X6.50-8 BKT LG 306 6PR TL,BKT,16x6.50-8,Rolnicze,Kosiarka/ogród
420/70R24 BKT AGRIMAX RT 765 E 130D TL,BKT,420/70R24,Rolnicze,Ciągnik
440/80R34 BKT RIDEMAX IT 696 159A8/155D TL,BKT,440/80R34,Przemysłowe,Ciągnik
320/85R20 BKT AGRIMAX RT 855 119A8/119B TL,BKT,320/85R20,Rolnicze,Ciągnik
16.0/70X20 BKT XL GRIP 16PR TL,BKT,16.0/70x20,Przemysłowe,Maszyny górnicze
340/85R24 BKT AGRIMAX RT 855 125A8/125B TL,BKT,340/85R24,Rolnicze,Ciągnik
6.00X9 BKT PL 801 10PR TT,BKT,6.00x9,Przemysłowe,Wózek widłowy
14.5X20 BKT MP 570 12PR TL,BKT,14.5x20,Przemysłowe,Ładowarka
11.5/80-15.3 BKT AW 909 14PR TL,BKT,11.5/80x15.3,Rolnicze,Przyczepa
12.5X20 BKT MP 570 12PR TL,BKT,12.5x20,Przemysłowe,Ładowarka
10.5X18 BKT MP 567 10PR TL,BKT,10.5x18,Rolnicze,Ciągnik
12.4X26 BKT TR 171 8PR TT,BKT,12.4x26,Rolnicze,Ciągnik
18.4X26 BKT AS 2001 12PR TT,BKT,18.4x26,Rolnicze,Przyczepa
15X4.5-8 BKT MAGLIFT LIP NIEBRUDZĄCA QUICK,BKT,15x4.5-8,Przemysłowe,Wózek widłowy
340/80R18 BKT MULTIMAX MP 527 143A8/143B TL,BKT,340/80R18,Przemysłowe,Ładowarka
500/45R22.5 BKT RIDEMAX FL 693 STBT 146D/143E,BKT,500/45R22.5,Rolnicze,Przyczepa
16.9X38 BKT TR 135 8PR TT,BKT,16.9x38,Rolnicze,Ciągnik
300X15 BKT PT - HD 20PR TT,BKT,300x15,Przemysłowe,Ładowarka
33X15.5-16.5 BKT SKID POWER HD 12PR TL,BKT,33x15.5-16.5,Przemysłowe,Ładowarka
11.5/80X15.3 BKT AW 702 10PR TL,BKT,11.5/80x15.3,Rolnicze,Przyczepa
18X7-8 BKT MAGLIFT STD NIEBRUDZĄCA,BKT,18x7-8,Przemysłowe,Wózek widłowy
540/65R34 BKT AGRIMAX RT 657 152D/155A8 TL,BKT,540/65R34,Rolnicze,Ciągnik
6.50X16 BKT TF 9090 6PR TT,BKT,6.50x16,Rolnicze,Ciągnik
210/95R32 BKT AGRIMAX RT 955 120A8/120B TL,BKT,210/95R32,Rolnicze,Ciągnik
29.5X25 BKT XL GRIP 28PR TL,BKT,29.5x25,Przemysłowe,Maszyny górnicze
400/60X15.5 BKT RIB 900 14PR TL,BKT,400/60x15.5,Rolnicze,Przyczepa
380/70R24 BKT AGRIMAX RT 765 E 125D TL,BKT,380/70R24,Rolnicze,Ciągnik
6.00X9 BKT MAGLIFT LIP QUICK,BKT,6.00x9,Przemysłowe,Wózek widłowy
600/70R30 BKT AGRIMAX RT 765 E 152D TL,BKT,600/70R30,Rolnicze,Ciągnik
6.00X9 BKT FL 252 10PR TT,BKT,6.00x9,Przemysłowe,Wózek widłowy
VF710/60R42 NRO BKT AGRIMAX V-FLECTO E 173D TL,BKT,710/60R42,Rolnicze,Ciągnik
480/70R28 BKT AGRIMAX RT 765 140D TL,BKT,480/70R28,Rolnicze,Ciągnik
550/45X22.5 BKT FLOT 648 166A8/162B 20PR TL,BKT,550/45x22.5,Rolnicze,Przyczepa
320/85R38 BKT AGRIMAX RT 855 143A8/143B TL,BKT,320/85R38,Rolnicze,Ciągnik
6.50X10 BKT PT - HD 10PR TT,BKT,6.50x10,Przemysłowe,Ładowarka
540/65R28 BKT AGRIMAX RT 657 149D/152A8 TL,BKT,540/65R28,Rolnicze,Ciągnik
19.0/45X17 BKT AW 708 18PR TL,BKT,19.0/45x17,Rolnicze,Przyczepa
12.5R20 BKT MULTIMAX MP527 E 144A8/144B,BKT,12.5R20,Przemysłowe,Uniwersalne/pozostałe
9.0/70X16 BKT AS 504 10PR TL,BKT,70x16,Rolnicze,Uniwersalne/pozostałe
650/65R30.5 BKT FL 630 SUPER STBT 176D TL,BKT,650/65R30.5,Rolnicze,Przyczepa
14.5/80X18 BKT AW 702 12PR TT,BKT,14.5/80x18,Rolnicze,Przyczepa
550/60X22.5 BKT V LINE 16PR TL,BKT,550/60x22.5,Rolnicze,Przyczepa
540/65R34 BKT AGRIMAX SIRIO 152D/149E TL,BKT,540/65R34,Rolnicze,Ciągnik
520/70R34 BKT AGRIMAX RT 765 E 148D TL,BKT,520/70R34,Rolnicze,Ciągnik
25X8.50-14 BKT SKID POWER HD 6PR TL,BKT,25x8.5-14,Przemysłowe,Ładowarka
710/60R30 CFO BKT AGRIMAX FORCE 168D TL,BKT,710/60R30,Rolnicze,Ciągnik
250/70R15 BKT LIFTMAX LM81 153A5 TL,BKT,250/70R15,Przemysłowe,Wózek widłowy
21X8-9 BKT MAGLIFT LIP QUICK ,BKT,21x8-9,Przemysłowe,Wózek widłowy
5.00X15 BKT TF 9090 4PR TT,BKT,5.00x15,Rolnicze,Ciągnik
23.1X26 BKT TR 135 E 14PR TL,BKT,23.1x26,Rolnicze,Ciągnik
10.00X20 BKT PT - HD 18PR TT,BKT,10.00x20,Przemysłowe,Ładowarka
5.00X8 BKT MAGLIFT LIP QUICK,BKT,5.00x8,Przemysłowe,Wózek widłowy
VF380/90R46 BKT AGRIMAX SPARGO E 173D,BKT,380/90R46,Rolnicze,Ciągnik
500/85R24 BKT RM 500 182A8/170A8 SB TL,BKT,500/85R24,Rolnicze,Uniwersalne/pozostałe
7.50-16 BKT AS 504 8PR TL,BKT,7.50x16,Rolnicze,Uniwersalne/pozostałe
15.5/70X18 BKT AT 621 10PR TL,BKT,15.5/70x18,Przemysłowe,Koparka
IF600/70R34 BKT AGRIMAX FORCE 167D TL,BKT,600/70R34,Rolnicze,Ciągnik
11.2X28 BKT TR 135 8PR TT,BKT,11.2x28,Rolnicze,Ciągnik
20X10.00-10 BKT LG 306 6PR TL,BKT,20x10.00-10,Przemysłowe,Kosiarka/ogród
15X6.00-6 BKT LG RIB 4PR TL,BKT,15x6.00-6,Rolnicze,Kosiarka/ogród
15X6.00-6 BKT LG RIB 6PR TL,BKT,15x6.00-6,Rolnicze,Kosiarka/ogród
12.5/80X18 BKT AS 504 12PR TL,BKT,12.5/80x18,Rolnicze,Uniwersalne/pozostałe
7.50X20 BKT AS 504 8PR TT,BKT,7.50x20,Rolnicze,Uniwersalne/pozostałe
600/70R34 BKT AGRIMAX FORTIS 160D/163A8 TL,BKT,600/70R34,Rolnicze,Ciągnik
320/70R20 BKT AGRIMAX RT 765 123A8/123B TL,BKT,320/70R20,Rolnicze,Ciągnik
14.9X28 BKT TR 135 8PR TT,BKT,14.9x28,Rolnicze,Ciągnik
IF710/70R42 CFO BKT AGRIMAX FORCE 179D,BKT,710/70R42,Rolnicze,Ciągnik
18X7-8 BKT MAGLIFT LIP QUICK,BKT,18x7-8,Przemysłowe,Wózek widłowy
15.5X38 BKT TR 135 8PR TT,BKT,15.5x38,Rolnicze,Ciągnik
6.50X10 BKT MAGLIFT STD,BKT,6.50x10,Przemysłowe,Wózek widłowy
300/70R20 BKT AGRIMAX RT 765 120A8/120B TL,BKT,300/70R20,Rolnicze,Ciągnik
480/80R30 BKT RIDEMAX IT 696 162A8/157D TL,BKT,480/80R30,Rolnicze,Ciągnik
11.00X16 BKT TF 9090 8PR TT,BKT,11.00x16,Rolnicze,Ciągnik
460/85R34 BKT AGRIMAX RT 855 158A8/158B TL,BKT,460/85R34,Rolnicze,Ciągnik
12X16.5 BKT SP HD 10PR TL,BKT,12x16.5,Przemysłowe,Ładowarka
270/95R46 BKT AGRIMAX RT 955 143A8/143B TL,BKT,270/95R46,Rolnicze,Ciągnik
12.4X24 BKT TR 135 8PR TT,BKT,12.4x24,Rolnicze,Ciągnik
230/95R48 BKT AGRIMAX RT 955 136A8/136B TL,BKT,230/95R48,Rolnicze,Ciągnik
520/50X17 BKT FLOT 647 E 159B TL,BKT,520/50x17,Rolnicze,Przyczepa
380/85R28 BKT AGRIMAX RT 855 133A8/133B TL,BKT,380/85R28,Rolnicze,Ciągnik
20.5X25 BKT GR 288 20PR TL,BKT,20.5x25,Przemysłowe,Uniwersalne/pozostałe
12.5X20 BKT MP 567 12PR TL,BKT,12.5x20,Rolnicze,Ciągnik
420/85R34 BKT AGRIMAX RT 855 142A8/142B TL,BKT,420/85R34,Rolnicze,Ciągnik
340/70X18 BKT IMPL RIB 774 16PR TL,BKT,340/70x18,Rolnicze,Przyczepa
14.00X25 BKT EM 937 DOT 2010 24PR TL,BKT,14.00x25,Przemysłowe,Koparka
11.5/80X15.3 BKT AS 504 14PR TT,BKT,11.5/80x15.3,Rolnicze,Uniwersalne/pozostałe
31X15.5-15 BKT TR 315 8PR TL,BKT,31x15.5-15,Rolnicze,Ciągnik
8X18 BKT TR 144 6PR TT,BKT,8x18,Rolnicze,Ciągnik
12.00X24 BKT XL GRIP 20PR TT,BKT,12.00x24,Przemysłowe,Maszyny górnicze
10X16.5 BKT SP SK 10PR TL,BKT,10x16.5,Przemysłowe,Uniwersalne/pozostałe
80-15 BKT AS 505 6PR TL,BKT,80x15,Rolnicze,Przyczepa
8X16 BKT TR 144 6PR TT,BKT,8x16,Rolnicze,Ciągnik
10.5/80X18 BKT AW 702 10PR TL,BKT,10.5/80x18,Rolnicze,Przyczepa
6X14 BKT TR 126 4PR TT,BKT,6x14,Rolnicze,Ciągnik
250X15 BKT MAGLIFT LIP QUICK,BKT,250x15,Przemysłowe,Wózek widłowy
14.0/65X16 BKT AW 705 14PR TL,BKT,14.0/65x16,Rolnicze,Przyczepa
360/70R20 BKT AGRIMAX RT 765 129A8/129B TL,BKT,360/70R20,Rolnicze,Ciągnik
19.0/45X17 BKT AS 504 14PR TL,BKT,19.0/45x17,Rolnicze,Uniwersalne/pozostałe
IF900/60R42 BKT AGRIMAX FORCE E 186D,BKT,900/60R42,Rolnicze,Ciągnik
10.5X16 BKT AW 702 14PR TT,BKT,10.5x16,Rolnicze,Przyczepa
8.3X32 BKT TR 135 6PR TT,BKT,8.3x32,Rolnicze,Ciągnik
9.5X32 BKT TR 135 6PR TT,BKT,9.5x32,Rolnicze,Ciągnik
11.5/80X15.3 BKT AS 504 12PR TL,BKT,11.5/80x15.3,Rolnicze,Uniwersalne/pozostałe
16.9X26 BKT TR 135 10PR TT,BKT,16.9x26,Rolnicze,Ciągnik
8.3X22 BKT TR 171 8PR TT,BKT,8.3x22,Rolnicze,Ciągnik
8.15X15 BKT FL 252 14PR TT,BKT,8.15x15,Przemysłowe,Wózek widłowy
16.0/70X20 BKT AS 504 14PR TL,BKT,16.0/70x20,Rolnicze,Uniwersalne/pozostałe
27X10.50-15 BKT SKID POWER HD 8PR TL,BKT,27x10.5-15,Przemysłowe,Ładowarka
520/85R42 CHO BKT AGRIMAX TERIS 168D,BKT,520/85R42,Rolnicze,Kombajn
320/90R54 BKT AGRIMAX RT 945 E 156A8/156B TL,BKT,320/90R54,Rolnicze,Ciągnik
18X19.5 BKT MP 567 16PR TL,BKT,18x19.5,Rolnicze,Ciągnik
12.5/80X18 BKT AT 621 12PR TL,BKT,12.5/80x18,Przemysłowe,Koparka
10.5/80X18 BKT AW 702 14PR TL,BKT,10.5/80x18,Rolnicze,Przyczepa
13.0/65X18 BKT AW 702 16PR TL,BKT,13.0/65x18,Rolnicze,Przyczepa
520/85R38 BKT AGRIMAX RT 855 E 170A8/170B TL,BKT,520/85R38,Rolnicze,Ciągnik
12X16.5 BKT SP HD 12PR TL,BKT,12x16.5,Przemysłowe,Ładowarka
750/65R26 CHO BKT AGRIMAX TERIS 166A8/166B TL,BKT,750/65R26,Rolnicze,Kombajn
270/95R54 BKT AGRIMAX RT 955 146A8/146B TL,BKT,270/95R54,Rolnicze,Ciągnik
550/60X22.5 BKT FLOT 648 12PR TL,BKT,550/60x22.5,Rolnicze,Przyczepa
12.5X18 BKT MP 600 10PR TL,BKT,12.5x18,Przemysłowe,Ładowarka
17.5L-24 BKT MULTIMAX MP 527 159A8/159B TL,BKT,17.5L-24,Rolnicze,Ciągnik
600/50R22.5 BKT FL 639 E 159D/170A8 TL,BKT,600/50R22.5,Rolnicze,Przyczepa
550/45-22.5 BKT FLOT 648 16PR TL,BKT,550/45x22.5,Rolnicze,Przyczepa
6.50-16 BKT TF 8181 6PR TT,BKT,6.50x16,Rolnicze,Ciągnik
10.5X18 BKT MP 600 10PR TL,BKT,10.5x18,Przemysłowe,Ładowarka
7.50X16 BKT TF 9090 PR 6PR TT,BKT,7.50x16,Rolnicze,Ciągnik
375/70R20 BKT MULTIMAX MP 513 136G TL,BKT,375/70R20,Przemysłowe,Ładowarka
8.25X20 BKT EM 936 14PR TT,BKT,8.25x20,Przemysłowe,Maszyny górnicze
520/70R38 VREDESTEIN TRAXION70 150D TL,VREDESTEIN,520/70R38,Rolnicze,Uniwersalne/pozostałe
420/85R38 VREDESTEIN TRAXION85 II 144A8/144B TL,VREDESTEIN,420/85R38,Rolnicze,Uniwersalne/pozostałe
600/70R34 VREDESTEIN TRAXION XXL 160D TL,VREDESTEIN,600/70R34,Rolnicze,Uniwersalne/pozostałe
540/65R34 VREDESTEIN TRAXION65 145D TL,VREDESTEIN,540/65R34,Rolnicze,Uniwersalne/pozostałe
520/70R34 VREDESTEIN TRAXION70 148D TL,VREDESTEIN,520/70R34,Rolnicze,Uniwersalne/pozostałe
480/65R28 VREDESTEIN TRAXION65 136D TL,VREDESTEIN,480/65R28,Rolnicze,Uniwersalne/pozostałe
420/70R28 VREDESTEIN TRAXION70 133D TL,VREDESTEIN,420/70R28,Rolnicze,Uniwersalne/pozostałe
380/85R28 VREDESTEIN TRAXION85 II 133A8/133B TL,VREDESTEIN,380/85R28,Rolnicze,Uniwersalne/pozostałe
280/85R28 VREDESTEIN TRAXION85 II 118A8/118B TL,VREDESTEIN,280/85R28,Rolnicze,Uniwersalne/pozostałe
420/85R24 VREDESTEIN TRAXION85 II 137A8/137B TL,VREDESTEIN,420/85R24,Rolnicze,Uniwersalne/pozostałe
380/70R24 VREDESTEIN TRAXION70 125D TL,VREDESTEIN,380/70R24,Rolnicze,Uniwersalne/pozostałe
340/85R24 VREDESTEIN TRAXION85 II 125A8/125B TL,VREDESTEIN,340/85R24,Rolnicze,Uniwersalne/pozostałe
320/85R24 VREDESTEIN TRAXION85 II 122A8/122B TL,VREDESTEIN,320/85R24,Rolnicze,Uniwersalne/pozostałe
280/85R24 VREDESTEIN TRAXION85 II 115A8/115B TL,VREDESTEIN,280/85R24,Rolnicze,Uniwersalne/pozostałe
360/70R20 VREDESTEIN TRAXION70 129D TL,VREDESTEIN,360/70R20,Rolnicze,Uniwersalne/pozostałe
280/85R20 VREDESTEIN TRAXION85 II 118D TL,VREDESTEIN,280/85R20,Rolnicze,Uniwersalne/pozostałe
280/70R20 VREDESTEIN TRAXION70 116D TL,VREDESTEIN,280/70R20,Rolnicze,Uniwersalne/pozostałe
260/70R20 VREDESTEIN TRAXION70 113D TL,VREDESTEIN,260/70R20,Rolnicze,Uniwersalne/pozostałe
440/80R28 VREDESTEIN TRAXION VERSA 156A8 TL,VREDESTEIN,440/80R28,Rolnicze,Uniwersalne/pozostałe
500/70R24 VREDESTEIN TRAXION VERSA 164A8 TL,VREDESTEIN,500/70R24,Rolnicze,Uniwersalne/pozostałe
460/70R24 VREDESTEIN TRAXION VERSA 159A8 TL,VREDESTEIN,460/70R24,Rolnicze,Uniwersalne/pozostałe
460/70R24 VREDESTEIN ENDURION 159A8 TL,VREDESTEIN,460/70R24,Rolnicze,Uniwersalne/pozostałe
400/80R24 VREDESTEIN TRAXION VERSA 162A8 TL,VREDESTEIN,400/80R24,Rolnicze,Uniwersalne/pozostałe
400/80R24 VREDESTEIN ENDURION 162A8 TL,VREDESTEIN,400/80R24,Rolnicze,Uniwersalne/pozostałe
400/70R24 VREDESTEIN TRAXION VERSA 152A8 TL,VREDESTEIN,400/70R24,Rolnicze,Uniwersalne/pozostałe
400/70R24 VREDESTEIN ENDURION 152A8 TL,VREDESTEIN,400/70R24,Rolnicze,Uniwersalne/pozostałe
400/70R20 VREDESTEIN ENDURION 149A8 TL,VREDESTEIN,400/70R20,Rolnicze,Uniwersalne/pozostałe
340/80R20 VREDESTEIN ENDURION 144A8 TL,VREDESTEIN,340/80R20,Rolnicze,Uniwersalne/pozostałe
400/70R18 VREDESTEIN ENDURION 147A8 TL,VREDESTEIN,400/70R18,Rolnicze,Uniwersalne/pozostałe
360/65-16 TRELLEBORG AW305 148A8 TL,TRELLEBORG,360/65-16,Rolnicze,Przyczepa
340/55-16 TRELLEBORG AW305 140A8 TL,TRELLEBORG,340/55-16,Rolnicze,Przyczepa
280/60-15.5 TRELLEBORG T-421 115A8 TL,TRELLEBORG,280/60-15.5,Rolnicze,Ciągnik
690X180-15 TRELLEBORG TRACTION 113A6 6PR TT,TRELLEBORG,690x180-15,Rolnicze,Uniwersalne/pozostałe
4.00-15 TRELLEBORG TD27 66A6 4PR TT,TRELLEBORG,4.00-15,Rolnicze,Ciągnik
200/60-14.5 TRELLEBORG T-448 EXTRA 106A6 10PR TT,TRELLEBORG,200/60-14.5,Rolnicze,Ciągnik
645X160-14 TRELLEBORG T-528 120A4 TT,TRELLEBORG,645x160-14,Rolnicze,Ciągnik
610X145-13 TRELLEBORG T-528 112A4 TT,TRELLEBORG,610x145-13,Rolnicze,Ciągnik
320/60-12 TRELLEBORG T-421 132A8 TL,TRELLEBORG,320/60-12,Rolnicze,Ciągnik
320/60-12 TRELLEBORG T-421 132A8 TT,TRELLEBORG,320/60-12,Rolnicze,Ciągnik
560X140-12 TRELLEBORG T-528 100A4 TT,TRELLEBORG,560x140-12,Rolnicze,Ciągnik
6.00-9 TRELLEBORG T-522 10PR TT,TRELLEBORG,6.00-9,Rolnicze,Uniwersalne/pozostałe
6.00-9 TRELLEBORG T-991 10PR TT,TRELLEBORG,6.00-9,Rolnicze,Ciągnik
3.50-8 TRELLEBORG T-510 4PR TT,TRELLEBORG,3.50-8,Rolnicze,Ciągnik
18X9.50-8 TRELLEBORG DRIVER 4PR TL,TRELLEBORG,18x9.50-8,Rolnicze,Kosiarka/ogród
4.00-6 TRELLEBORG T-991 6PR TT,TRELLEBORG,4.00-6,Rolnicze,Ciągnik
3.50-6 TRELLEBORG T-510 4PR TT,TRELLEBORG,3.50-6,Rolnicze,Ciągnik
4.10/3.50-4 TRELLEBORG T-539 6PR TT,TRELLEBORG,4.10/3.50-4,Rolnicze,Ciągnik
4.00-4 TRELLEBORG T-991 4PR TT,TRELLEBORG,4.00-4,Rolnicze,Uniwersalne/pozostałe
4.00-4 TRELLEBORG T-991 6PR TT,TRELLEBORG,4.00-4,Rolnicze,Ciągnik
3.00-4 TRELLEBORG T-991 KPL/TR87 37A5 4PR TT,TRELLEBORG,3.00-4,Rolnicze,Uniwersalne/pozostałe
3.00-4 TRELLEBORG T-991 6PR TT,TRELLEBORG,3.00-4,Rolnicze,Ciągnik
3.00-4 TRELLEBORG T-991 4PR TT,TRELLEBORG,3.00-4,Rolnicze,Ciągnik
11X4.00-4 TRELLEBORG - 2PR TL,TRELLEBORG,11x4.00-4,Rolnicze,Kosiarka/ogród
480/80R26 TRELLEBORG TH 400 160A8/160B TL,TRELLEBORG,480/80R26,Rolnicze,Ładowarka
440/80R24 TRELLEBORG TH 400 161A8/161B TL,TRELLEBORG,440/80R24,Rolnicze,Ładowarka
400/70R24 TRELLEBORG TH 400 158A8/158B TL,TRELLEBORG,400/70R24,Rolnicze,Ładowarka
10.00-20 TRELLEBORG C-800 EXCAVATOR KPL 166A8 16PR TT,TRELLEBORG,10.00-20,Przemysłowe,Koparka
29X12.50-15 TRELLEBORG SK-900 118A2 8PR TL,TRELLEBORG,29x12.50-15,Rolnicze,Ciągnik
27X8.50-15 TRELLEBORG SK-800 118A2 8PR TL,TRELLEBORG,27x8.50-15,Rolnicze,Ciągnik
23X8.50-12 TRELLEBORG SK-900 116A2 12PR TL,TRELLEBORG,23x8.50-12,Rolnicze,Ciągnik
16.0/70-20 STARMAXX SM-ND 154A8 14PR TL,STARMAXX,16.0/70-20,Rolnicze,Uniwersalne/pozostałe
385/65R22.5 STARMAXX LCW710 160K 18PR TL M+S 3PMSF,STARMAXX,385/65R22.5,Ciężarowe,All position
385/55R22.5 STARMAXX LZ300 160K 20PR TL M+S 3PMSF,STARMAXX,385/55R22.5,Ciężarowe,All position
315/70R22.5 STARMAXX GH110 156/145L 20PR TL M+S 3PMSF,STARMAXX,315/70R22.5,Ciężarowe,All position
385/65R22.5 PROMETEON R02 PROFUEL STEER HL 164K/158L TL M+S 3PMSF,PROMETEON,385/65R22.5,Ciężarowe,Oś kierowana
385/65R22.5 PROMETEON R02 PRO TRAILER FRT HL 164K/158L TL M+S 3PMSF,PROMETEON,385/65R22.5,Ciężarowe,Przyczepa
385/65R22.5 PROMETEON G02 PRO MULTIAXLE HL 164K/158L TL M+S 3PMSF,PROMETEON,385/65R22.5,Ciężarowe,Uniwersalne/pozostałe
385/55R22.5 PROMETEON R02 PROFUEL STEER 162K/158L TL M+S 3PMSF,PROMETEON,385/55R22.5,Ciężarowe,Oś kierowana
385/55R22.5 PROMETEON R02 PRO TRAILER FRT HL 164K TL M+S 3PMSF,PROMETEON,385/55R22.5,Ciężarowe,Przyczepa
315/80R22.5 PROMETEON R02 PROFUEL DRIVE 158/150L TL M+S 3PMSF,PROMETEON,315/80R22.5,Ciężarowe,Oś napędowa
315/80R22.5 PROMETEON R02 PROWAY DRIVE 158/150L TL M+S 3PMSF,PROMETEON,315/80R22.5,Ciężarowe,Oś napędowa
315/80R22.5 PROMETEON R02 PROFUEL STEER 158/150L TL M+S 3PMSF,PROMETEON,315/80R22.5,Ciężarowe,Oś kierowana
315/80R22.5 PROMETEON R02 PROWAY STEER 158/150L TL M+S 3PMSF,PROMETEON,315/80R22.5,Ciężarowe,Oś kierowana
315/80R22.5 PROMETEON G02 ECO MULTIAXLE 158/156K TL M+S 3PMSF,PROMETEON,315/80R22.5,Ciężarowe,Uniwersalne/pozostałe
315/80R22.5 PROMETEON G02 ECO DRIVE 158/156K TL M+S 3PMSF,PROMETEON,315/80R22.5,Ciężarowe,Oś napędowa
315/70R22.5 PROMETEON R02 PROWAY DRIVE 158/150L TL M+S 3PMSF,PROMETEON,315/70R22.5,Ciężarowe,Oś napędowa
315/70R22.5 PROMETEON R02 PROWAY STEER 158/150L TL M+S 3PMSF,PROMETEON,315/70R22.5,Ciężarowe,Oś kierowana
315/60R22.5 PROMETEON R02 PROWAY STEER 154/148L TL M+S 3PMSF,PROMETEON,315/60R22.5,Ciężarowe,Oś kierowana
295/60R22.5 PROMETEON R02 PROWAY DRIVE 150/147L TL M+S,PROMETEON,295/60R22.5,Ciężarowe,Oś napędowa
265/70R17.5 PROMETEON R02 PROFUEL DRIVE 140/138M TL M+S 3PMSF,PROMETEON,265/70R17.5,Ciężarowe,Oś napędowa
265/70R17.5 PROMETEON R02 PROFUEL STEER 140/138M TL M+S 3PMSF,PROMETEON,265/70R17.5,Ciężarowe,Oś kierowana
245/70R17.5 PROMETEON R02 PROFUEL DRIVE 136/134M TL M+S 3PMSF,PROMETEON,245/70R17.5,Ciężarowe,Oś napędowa
235/75R17.5 PROMETEON R02 PRO TRAILER FRT 143/141K TL M+S 3PMSF,PROMETEON,235/75R17.5,Ciężarowe,Przyczepa
13R22.5 PIRELLI TG:01S 156/150K TL M+S 3PMSF,PIRELLI,13R22.5,Ciężarowe,All position
385/55R22.5 PIRELLI R02 PRO TRAILER HL FRT HL FRT 164K TL M+S 3PMSF,PIRELLI,385/55R22.5,Ciężarowe,Przyczepa
315/80R22.5 PIRELLI IT-D90 156/150L TL M+S 3PMSF,PIRELLI,315/80R22.5,Ciężarowe,All position
315/80R22.5 PIRELLI TG88 156/150K TL M+S 3PMSF,PIRELLI,315/80R22.5,Ciężarowe,All position
235/75R17.5 PIRELLI R02 PROFUEL STEER 132/130M TL M+S 3PMSF,PIRELLI,235/75R17.5,Ciężarowe,Oś kierowana
320/90R50 OZKA AGRO 10 150A8/150B TL,OZKA,320/90R50,Rolnicze,Ciągnik
340/85R48 OZKA AGRO 10 152A8/151D TL,OZKA,340/85R48,Rolnicze,Ciągnik
270/95R48 OZKA AGRO 10 142A8/142B TL,OZKA,270/95R48,Rolnicze,Ciągnik
230/95R48 OZKA AGRO 10 136A8/136B TL,OZKA,230/95R48,Rolnicze,Ciągnik
300/95R46 OZKA AGRO 10 148A8/148B TL,OZKA,300/95R46,Rolnicze,Ciągnik
710/70R42 OZKA AGROLOX DA 173D/176A8 TL,OZKA,710/70R42,Rolnicze,Ciągnik
710/70R42 OZKA AGROLOX 173D/176A8 TL,OZKA,710/70R42,Rolnicze,Ciągnik
710/70R42 OZKA AGRO 10 176A8/173D TL,OZKA,710/70R42,Rolnicze,Ciągnik
650/65R42 OZKA AGROLOX 165D/168A8 TL,OZKA,650/65R42,Rolnicze,Ciągnik
520/85R42 OZKA AGROLOX DA 157A8/157B TL,OZKA,520/85R42,Rolnicze,Ciągnik
520/85R42 OZKA AGROLOX 157A8/157B TL,OZKA,520/85R42,Rolnicze,Ciągnik
520/85R42 OZKA AGRO 10 157A8/157B TL,OZKA,520/85R42,Rolnicze,Ciągnik
270/95R42 OZKA AGRO 10 141A8 TL,OZKA,270/95R42,Rolnicze,Ciągnik
710/70R38 OZKA AGRO 10 174A8/171D TL,OZKA,710/70R38,Rolnicze,Ciągnik
650/85R38 OZKA AGRO 10 176A8/173D TL,OZKA,650/85R38,Rolnicze,Ciągnik
650/65R38 OZKA AGRO 10 DA 166A8/163D TL,OZKA,650/65R38,Rolnicze,Ciągnik
650/65R38 OZKA AGRO 10 166A8/163D TL,OZKA,650/65R38,Rolnicze,Ciągnik
600/65R38 OZKA AGRO 10 162A8/159D TL,OZKA,600/65R38,Rolnicze,Ciągnik
580/70R38 OZKA AGROLOX 155D TL,OZKA,580/70R38,Rolnicze,Ciągnik
580/70R38 OZKA AGRO 10 155A8/152B TL,OZKA,580/70R38,Rolnicze,Ciągnik
540/65R38 OZKA AGROLOX 153D/156A8 TL,OZKA,540/65R38,Rolnicze,Ciągnik
520/85R38 OZKA AGRO 10 155A8/152B TL,OZKA,520/85R38,Rolnicze,Ciągnik
520/70R38 OZKA AGROLOX 150D TL,OZKA,520/70R38,Rolnicze,Ciągnik
520/70R38 OZKA AGRO 10 150A8/147B TL,OZKA,520/70R38,Rolnicze,Ciągnik
480/70R38 OZKA AGRO 10 145A8/142B TL,OZKA,480/70R38,Rolnicze,Ciągnik
460/85R38 OZKA AGRO 10 149A8/146B TL,OZKA,460/85R38,Rolnicze,Ciągnik
420/85R38 OZKA AGRO 10 144A8/141B TL,OZKA,420/85R38,Rolnicze,Ciągnik
340/85R38 OZKA AGRO 10 133A8/130B TL,OZKA,340/85R38,Rolnicze,Ciągnik
340/85R36 OZKA AGRO 10 132A8/129B TL,OZKA,340/85R36,Rolnicze,Ciągnik
600/65R34 OZKA AGRO 10 160A8/157D TL,OZKA,600/65R34,Rolnicze,Ciągnik
540/65R34 OZKA AGROLOX 155A8/152D TL,OZKA,540/65R34,Rolnicze,Ciągnik
540/65R34 OZKA AGRO 10 155A8/152D TL,OZKA,540/65R34,Rolnicze,Ciągnik
520/70R34 OZKA AGROLOX 148D/151A8 TL,OZKA,520/70R34,Rolnicze,Ciągnik
520/70R34 OZKA AGRO 10 148A8/146B TL,OZKA,520/70R34,Rolnicze,Ciągnik
460/85R34 OZKA AGRO 10 147A8/144B TL,OZKA,460/85R34,Rolnicze,Ciągnik
420/85R34 OZKA AGRO 10 142A8/139B TL,OZKA,420/85R34,Rolnicze,Ciągnik
900/60R32 OZKA AGROLOX 182D/185A8 TL,OZKA,900/60R32,Rolnicze,Ciągnik
320/85R32 OZKA AGRO 10 126A8/126B TL,OZKA,320/85R32,Rolnicze,Ciągnik
270/95R32 OZKA AGRO 10 136A8/136B TL,OZKA,270/95R32,Rolnicze,Ciągnik
600/70R30 OZKA AGRO 10 158A8/156B TL,OZKA,600/70R30,Rolnicze,Ciągnik
480/70R30 OZKA AGROLOX 141A8/138B TL,OZKA,480/70R30,Rolnicze,Ciągnik
480/70R30 OZKA AGRO 10 DA 141A8/138B TL,OZKA,480/70R30,Rolnicze,Ciągnik
480/70R30 OZKA AGRO 10 141A8/138B TL,OZKA,480/70R30,Rolnicze,Ciągnik
460/85R30 OZKA AGRO 10 145A8/142B TL,OZKA,460/85R30,Rolnicze,Ciągnik
420/85R30 OZKA AGRO 10 140A8/137B TL,OZKA,420/85R30,Rolnicze,Ciągnik
420/70R30 OZKA AGRO 10 134A8/131B TL,OZKA,420/70R30,Rolnicze,Ciągnik
600/65R28 OZKA AGRO 10 157A8/154D TL,OZKA,600/65R28,Rolnicze,Ciągnik
540/65R28 OZKA AGRO 10 152A8/149D TL,OZKA,540/65R28,Rolnicze,Ciągnik
480/70R28 OZKA AGROLOX 140D/143A8 TL,OZKA,480/70R28,Rolnicze,Ciągnik
480/70R28 OZKA AGRO 10 140A8/140B TL,OZKA,480/70R28,Rolnicze,Ciągnik
480/65R28 OZKA AGROLOX 136D/139A8 TL,OZKA,480/65R28,Rolnicze,Ciągnik
440/65R28 OZKA AGROLOX 134A8/131D TL,OZKA,440/65R28,Rolnicze,Ciągnik
420/85R28 OZKA AGRO 10 139A8/136B TL,OZKA,420/85R28,Rolnicze,Ciągnik
420/70R28 OZKA AGRO 10 133A8/133B TL,OZKA,420/70R28,Rolnicze,Ciągnik
380/85R28 OZKA AGRO 10 133A8/130B TL,OZKA,380/85R28,Rolnicze,Ciągnik
380/70R28 OZKA AGROLOX 130A8/127D TL,OZKA,380/70R28,Rolnicze,Ciągnik
380/70R28 OZKA AGRO 10 127A8/127B TL,OZKA,380/70R28,Rolnicze,Ciągnik
360/70R28 OZKA AGRO 10 125A8/125B TL,OZKA,360/70R28,Rolnicze,Ciągnik
320/85R28 OZKA AGRO 10 124A8/121B TL,OZKA,320/85R28,Rolnicze,Ciągnik
280/85R28 OZKA AGRO 10 118A8/115B TL,OZKA,280/85R28,Rolnicze,Ciągnik
250/85R28 OZKA AGRO 10 112A8/112B TL,OZKA,250/85R28,Rolnicze,Ciągnik
540/65R24 OZKA AGRO 10 149A8/146D TL,OZKA,540/65R24,Rolnicze,Ciągnik
480/70R24 OZKA AGRO 10 138A8/135B TL,OZKA,480/70R24,Rolnicze,Ciągnik
480/65R24 OZKA AGRO 10 136A8/133D TL,OZKA,480/65R24,Rolnicze,Ciągnik
460/70R24 OZKA AGRO 10 159A8 TL,OZKA,460/70R24,Rolnicze,Ciągnik
420/85R24 OZKA AGRO 10 137A8/134B TL,OZKA,420/85R24,Rolnicze,Ciągnik
420/70R24 OZKA AGROLOX 133A8/130D TL,OZKA,420/70R24,Rolnicze,Ciągnik
420/70R24 OZKA AGRO 10 130A8/130B TL,OZKA,420/70R24,Rolnicze,Ciągnik
380/85R24 OZKA AGRO 10 131A8/128B TL,OZKA,380/85R24,Rolnicze,Ciągnik
380/70R24 OZKA AGROLOX 128A8/125D TL,OZKA,380/70R24,Rolnicze,Ciągnik
380/70R24 OZKA AGRO 10 125A8/125B TL,OZKA,380/70R24,Rolnicze,Ciągnik
360/70R24 OZKA AGRO 10 122A8/122B TL,OZKA,360/70R24,Rolnicze,Ciągnik
340/85R24 OZKA AGRO 10 125A8/122B TL,OZKA,340/85R24,Rolnicze,Ciągnik
320/85R24 OZKA AGRO 10 122A8/119B TL,OZKA,320/85R24,Rolnicze,Ciągnik
320/70R24 OZKA AGRO 10 116A8/116B TL,OZKA,320/70R24,Rolnicze,Ciągnik
280/85R24 OZKA AGRO 10 115A8/112B TL,OZKA,280/85R24,Rolnicze,Ciągnik
500/60R22.5 OZKA AGRIGOR20 155D TL,OZKA,500/60R22.5,Ciężarowe,Uniwersalne/pozostałe
9.5R20 OZKA AGRO 10 108A8/105B TL,OZKA,9.5R20,Rolnicze,Ciągnik
360/70R20 OZKA AGRO 10 129A8/129B TL,OZKA,360/70R20,Rolnicze,Ciągnik
340/65R20 OZKA AGRO 10 124D TL,OZKA,340/65R20,Rolnicze,Ciągnik
320/85R20 OZKA AGRO 10 119A8/116B TL,OZKA,320/85R20,Rolnicze,Ciągnik
320/70R20 OZKA AGROLOX 113A8/113B TL,OZKA,320/70R20,Rolnicze,Ciągnik
320/70R20 OZKA AGRO 10 113A8/113B TL,OZKA,320/70R20,Rolnicze,Ciągnik
280/85R20 OZKA AGRO 10 112A8/109B TL,OZKA,280/85R20,Rolnicze,Ciągnik
280/70R20 OZKA AGRO 10 116A8/116B TL,OZKA,280/70R20,Rolnicze,Ciągnik
280/70R18 OZKA AGRO 10 114A8/114B TL,OZKA,280/70R18,Rolnicze,Ciągnik
280/70R16 OZKA AGRO 10 112A8/112B TL,OZKA,280/70R16,Rolnicze,Ciągnik
260/70R16 OZKA AGRO 10 109A8/109B TL,OZKA,260/70R16,Rolnicze,Ciągnik
240/70R16 OZKA AGRO 10 104A8/104B TL,OZKA,240/70R16,Rolnicze,Ciągnik
18.4-38 OZKA KNK 50 147A6 10PR TT,OZKA,18.4-38,Rolnicze,Uniwersalne/pozostałe
18.4-38 OZKA KNK 50 154A6 14PR TT,OZKA,18.4-38,Rolnicze,Uniwersalne/pozostałe
16.9-38 OZKA KNK 50 145A6 10PR TT,OZKA,16.9-38,Rolnicze,Uniwersalne/pozostałe
16.9-38 OZKA KNK 50 152A6 14PR TT,OZKA,16.9-38,Rolnicze,Uniwersalne/pozostałe
13.6-38 OZKA KNK 50 135A6 10PR TT,OZKA,13.6-38,Rolnicze,Uniwersalne/pozostałe
12.4-38 OZKA KNK 50 127A6 8PR TT,OZKA,12.4-38,Rolnicze,Uniwersalne/pozostałe
13.6-36 OZKA KNK 50 129A6 8PR TT,OZKA,13.6-36,Rolnicze,Uniwersalne/pozostałe
13.6-36 OZKA KNK 50 125A6 6PR TT,OZKA,13.6-36,Rolnicze,Uniwersalne/pozostałe
12.4-36 OZKA KNK 50 126A6 8PR TT,OZKA,12.4-36,Rolnicze,Uniwersalne/pozostałe
18.4-34 OZKA KNK 50 159A6 16PR TT,OZKA,18.4-34,Przemysłowe,Uniwersalne/pozostałe
18.4-34 OZKA KNK 50 153A6 14PR TT,OZKA,18.4-34,Rolnicze,Uniwersalne/pozostałe
16.9-34 OZKA KNK 50 142A6 10PR TT,OZKA,16.9-34,Rolnicze,Uniwersalne/pozostałe
16.9-34 OZKA KNK 50 148A6 14PR TT,OZKA,16.9-34,Rolnicze,Uniwersalne/pozostałe
12.4-32 OZKA KNK 50 125A6 8PR TT,OZKA,12.4-32,Rolnicze,Uniwersalne/pozostałe
9.5-32 OZKA KNK 50 115A6 8PR TT,OZKA,9.5-32,Rolnicze,Uniwersalne/pozostałe
8.3-32 OZKA KNK 50 111A6 8PR TT,OZKA,8.3-32,Rolnicze,Uniwersalne/pozostałe
18.4-30 OZKA KNK 50 158A6 16PR TT,OZKA,18.4-30,Przemysłowe,Uniwersalne/pozostałe
16.9-30 OZKA KNK 50 144A6 10PR TT,OZKA,16.9-30,Rolnicze,Uniwersalne/pozostałe
16.9-30 OZKA KNK 50 150A6 14PR TT,OZKA,16.9-30,Rolnicze,Uniwersalne/pozostałe
16.9-28 OZKA KNK 50 143A6 14PR TT,OZKA,16.9-28,Rolnicze,Uniwersalne/pozostałe
14.9-28 OZKA KNK 50 130A6 8PR TT,OZKA,14.9-28,Rolnicze,Uniwersalne/pozostałe
14.9-28 OZKA KNK 50 143A6 14PR TT,OZKA,14.9-28,Rolnicze,Uniwersalne/pozostałe
13.6-28 OZKA KNK 50 125A6 8PR TT,OZKA,13.6-28,Rolnicze,Uniwersalne/pozostałe
12.4-28 OZKA KNK 50 125A6 8PR TT,OZKA,12.4-28,Rolnicze,Uniwersalne/pozostałe
11.2-28 OZKA KNK 50 118A6 8PR TT,OZKA,11.2-28,Rolnicze,Uniwersalne/pozostałe
23.1-26 OZKA KNK 50 162A6 18PR TL,OZKA,23.1-26,Rolnicze,Uniwersalne/pozostałe
18.4-26 OZKA KNK 50 142A6 10PR TT,OZKA,18.4-26,Rolnicze,Uniwersalne/pozostałe
16.9-24 OZKA KNK 50 141A6 14PR TT,OZKA,16.9-24,Rolnicze,Uniwersalne/pozostałe
16.9-24 OZKA KNK 50 10PR TT,OZKA,16.9-24,Rolnicze,Uniwersalne/pozostałe
14.9-24 OZKA KNK 50 137A6 14PR TT,OZKA,14.9-24,Rolnicze,Uniwersalne/pozostałe
12.4-24 OZKA KNK 50 118A6 8PR TT,OZKA,12.4-24,Rolnicze,Uniwersalne/pozostałe
12.4-24 OZKA KNK 50 124A6 12PR TT,OZKA,12.4-24,Rolnicze,Uniwersalne/pozostałe
11.2-24 OZKA KNK 50 116A6 8PR TT,OZKA,11.2-24,Rolnicze,Uniwersalne/pozostałe
11.2-24 OZKA KNK 50 122A6 12PR TT,OZKA,11.2-24,Rolnicze,Uniwersalne/pozostałe
9.5-24 OZKA KNK 50 110A6 6PR TT,OZKA,9.5-24,Rolnicze,Uniwersalne/pozostałe
8.3-24 OZKA KNK 50 105A6 6PR TT,OZKA,8.3-24,Rolnicze,Uniwersalne/pozostałe
550/60-22.5 OZKA KNK 56 167A8/154A8 16PR TL,OZKA,550/60-22.5,Przemysłowe,Uniwersalne/pozostałe
16.0/70-20 OZKA KNK 36 166A2 14PR TL,OZKA,16.0/70-20,Rolnicze,Uniwersalne/pozostałe
7.50-20 OZKA KNK 50 108A6 8PR TT,OZKA,7.50-20,Rolnicze,Uniwersalne/pozostałe
6.50-20 OZKA KNK 32 102A6 8PR TT,OZKA,6.50-20,Rolnicze,Uniwersalne/pozostałe
9.5-20 OZKA KNK 50 106A6 8PR TT,OZKA,9.5-20,Rolnicze,Uniwersalne/pozostałe
9.5-20 OZKA KNK 50 101A6 6PR TT,OZKA,9.5-20,Rolnicze,Uniwersalne/pozostałe
8.25-20 OZKA KNK 25 133A6 14PR TT,OZKA,8.25-20,Rolnicze,Uniwersalne/pozostałe
12.5/80-18 OZKA KNK 48 144A8 14PR TT,OZKA,12.5/80-18,Rolnicze,Uniwersalne/pozostałe
7.50-18 OZKA KNK 50 106A6 8PR TT,OZKA,7.50-18,Rolnicze,Uniwersalne/pozostałe
7.50-18 OZKA KNK 32 106A6 8PR TT,OZKA,7.50-18,Rolnicze,Uniwersalne/pozostałe
500/50-17 OZKA KNK 46 149A8 14PR TL,OZKA,500/50-17,Rolnicze,Uniwersalne/pozostałe
9.00-16 OZKA KNK 35 111A6 8PR TT,OZKA,9.00-16,Rolnicze,Uniwersalne/pozostałe
9.00-16 OZKA KNK 27 128A6 14PR TT,OZKA,9.00-16,Rolnicze,Uniwersalne/pozostałe
9.00-16 OZKA KNK 26 128A6 14PR TT,OZKA,9.00-16,Rolnicze,Uniwersalne/pozostałe
9.00-16 OZKA KNK 26 125A6 12PR TT,OZKA,9.00-16,Rolnicze,Uniwersalne/pozostałe
7.50-16 OZKA KNK 35 98A6 6PR TT,OZKA,7.50-16,Rolnicze,Uniwersalne/pozostałe
7.50-16 OZKA KNK 33 98A6 6PR TT,OZKA,7.50-16,Rolnicze,Uniwersalne/pozostałe
7.50-16 OZKA KNK 33 103A6 8PR TT,OZKA,7.50-16,Rolnicze,Uniwersalne/pozostałe
6.50-16 OZKA KNK 50 91A6 6PR TT,OZKA,6.50-16,Rolnicze,Uniwersalne/pozostałe
6.50-16 OZKA KNK 33 91A6 6PR TT,OZKA,6.50-16,Rolnicze,Uniwersalne/pozostałe
6.00-16 OZKA KNK 30 93A6 8PR TT,OZKA,6.00-16,Rolnicze,Uniwersalne/pozostałe
6.00-16 OZKA KNK 50 88A6 6PR TT,OZKA,6.00-16,Rolnicze,Uniwersalne/pozostałe
6.00-16 OZKA KNK 33 93A6 8PR TT,OZKA,6.00-16,Rolnicze,Uniwersalne/pozostałe
6.00-16 OZKA KNK 33 88A6 6PR TT,OZKA,6.00-16,Rolnicze,Uniwersalne/pozostałe
5.50-16 OZKA KNK 35 86A6 6PR TT,OZKA,5.50-16,Rolnicze,Uniwersalne/pozostałe
400/60-15.5 OZKA KNK 56 151A8 18PR TL,OZKA,400/60-15.5,Rolnicze,Uniwersalne/pozostałe
10.0/75-15.3 OZKA KNK 52 126A8 12PR TL,OZKA,10.0/75-15.3,Rolnicze,Uniwersalne/pozostałe
10.0/75-15.3 OZKA KNK 48 126A8 12PR TL,OZKA,10.0/75-15.3,Rolnicze,Uniwersalne/pozostałe
6.50/80-15 OZKA KNK 50 86A6 6PR TT,OZKA,6.50/80-15,Rolnicze,Uniwersalne/pozostałe
5.00-15 OZKA KNK 140 76A6 6PR TT,OZKA,5.00-15,Rolnicze,Uniwersalne/pozostałe
10.0/80-12 OZKA KNK 42 DA 117A8 10PR TL,OZKA,10.0/80-12,Rolnicze,Uniwersalne/pozostałe
7.00-12 OZKA KNK 52 83A6 6PR TT,OZKA,7.00-12,Rolnicze,Uniwersalne/pozostałe
440/80R28 OZKA OR 71 156A8/156B TL,OZKA,440/80R28,Rolnicze,Przyczepa
460/70R24 OZKA OR 71 159A8/159B TL,OZKA,460/70R24,Rolnicze,Przyczepa
16.9-28 OZKA IND 80 R-4 156A8 14PR TL,OZKA,16.9-28,Rolnicze,Ładowarka
23.1-26 OZKA KNK 77 COMPACTOR R-3 166A8 14PR TL,OZKA,23.1-26,Rolnicze,Kompaktor
18.4-26 OZKA IND 80 R-4 160A8 14PR TL,OZKA,18.4-26,Rolnicze,Ładowarka
17.5-25 OZKA KNK 70 E-3/L-3 181A2 20PR TL,OZKA,17.5-25,Rolnicze,Uniwersalne/pozostałe
15.5-25 OZKA KNK 70 E-3/L-3 175A2 16PR TL,OZKA,15.5-25,Przemysłowe,Uniwersalne/pozostałe
15.5-25 OZKA IND 80 G2-L2 173A2 14PR TL,OZKA,15.5-25,Rolnicze,Ciągnik
13.00-24 OZKA KNK 72 G-2 151A8 16PR TL,OZKA,13.00-24,Przemysłowe,Uniwersalne/pozostałe
16.0/70-24 OZKA IND 80 R-4 169A2 16PR TL,OZKA,16.0/70-24,Przemysłowe,Ładowarka
11.00-20 OZKA KNK 88 COMPACTOR C-1 168A2 16PR TT,OZKA,11.00-20,Przemysłowe,Kompaktor
16.0/70-20 OZKA IND 88 R-4 166A2 16PR TL,OZKA,16.0/70-20,Przemysłowe,Ładowarka
14.5-20 OZKA IND 88 R-4 143D 14PR TL,OZKA,14.5-20,Rolnicze,Ładowarka
12.5-20 OZKA KNK 12 132F 12PR TT,OZKA,12.5-20,Rolnicze,Uniwersalne/pozostałe
12.5/80-18 OZKA IND 85 R-4 146A8 14PR TL,OZKA,12.5/80-18,Rolnicze,Ładowarka
12.5/80-18 OZKA IND 80 R-4 146A8 14PR TL,OZKA,12.5/80-18,Rolnicze,Ładowarka
340/80-18 OZKA IND 88 R-4 146A8 14PR TL,OZKA,340/80-18,Rolnicze,Ładowarka
6.50-16 OZKA KNK 20 108/107L 10PR TT,OZKA,6.50-16,Rolnicze,Uniwersalne/pozostałe
710/70R42 GTK RS200 176A8/173D TL,GTK,710/70R42,Rolnicze,Ciągnik
710/70R38 GTK RS200 174A8/171D TL,GTK,710/70R38,Rolnicze,Ciągnik
650/65R38 GTK AGR ALFA 166A8/163D TL,GTK,650/65R38,Rolnicze,Ciągnik
650/65R38 GTK RS200 166A8/163D TL,GTK,650/65R38,Rolnicze,Ciągnik
600/65R38 GTK RS200 162A8/159D TL,GTK,600/65R38,Rolnicze,Ciągnik
580/70R38 GTK AGR ALFA 155D TL,GTK,580/70R38,Rolnicze,Ciągnik
580/70R38 GTK RS200 155A8/152B TL,GTK,580/70R38,Rolnicze,Ciągnik
520/85R38 GTK AGR ALFA 155A8/155B TL,GTK,520/85R38,Rolnicze,Ciągnik
520/70R38 GTK AGR ALFA 150D TL,GTK,520/70R38,Rolnicze,Ciągnik
520/70R38 GTK RS200 150A8/147B TL,GTK,520/70R38,Rolnicze,Ciągnik
480/70R38 GTK RS200 145A8/142B TL,GTK,480/70R38,Rolnicze,Ciągnik
460/85R38 GTK RS200 149A8/146B TL,GTK,460/85R38,Rolnicze,Ciągnik
540/65R34 GTK AGR ALFA 155A8/152D TL,GTK,540/65R34,Rolnicze,Ciągnik
520/70R34 GTK AGR ALFA 151A8/148D TL,GTK,520/70R34,Rolnicze,Ciągnik
460/85R34 GTK RS200 147A8/144B TL,GTK,460/85R34,Rolnicze,Ciągnik
420/85R34 GTK RS200 142A8/139B TL,GTK,420/85R34,Rolnicze,Ciągnik
320/85R32 GTK RS200 126A8/126B TL,GTK,320/85R32,Rolnicze,Ciągnik
600/70R30 GTK RS200 158A8/156B TL,GTK,600/70R30,Rolnicze,Ciągnik
540/65R30 GTK RS200 153A8/150D TL,GTK,540/65R30,Rolnicze,Ciągnik
480/70R30 GTK RS200 141A8/138B TL,GTK,480/70R30,Rolnicze,Ciągnik
420/85R30 GTK RS200 140A8/137B TL,GTK,420/85R30,Rolnicze,Ciągnik
420/70R30 GTK RS200 134A8/131B TL,GTK,420/70R30,Rolnicze,Ciągnik
540/65R28 GTK AGR ALFA 152A8/149D TL,GTK,540/65R28,Rolnicze,Ciągnik
480/70R28 GTK AGR ALFA 143A8/140D TL,GTK,480/70R28,Rolnicze,Ciągnik
420/85R28 GTK AGR ALFA 139A8/139B TL,GTK,420/85R28,Rolnicze,Ciągnik
420/85R28 GTK RS200 139A8/136B TL,GTK,420/85R28,Rolnicze,Ciągnik
420/70R28 GTK AGR ALFA 133D/136A8 TL,GTK,420/70R28,Rolnicze,Ciągnik
420/70R28 GTK RS200 133A8/133B TL,GTK,420/70R28,Rolnicze,Ciągnik
380/85R28 GTK RS200 133A8/130B TL,GTK,380/85R28,Rolnicze,Ciągnik
380/70R28 GTK AGR ALFA 130A8/127D TL,GTK,380/70R28,Rolnicze,Ciągnik
380/70R28 GTK RS200 127A8/127B TL,GTK,380/70R28,Rolnicze,Ciągnik
360/70R28 GTK RS200 125A8/125B TL,GTK,360/70R28,Rolnicze,Ciągnik
320/85R28 GTK RS200 124A8/121B TL,GTK,320/85R28,Rolnicze,Ciągnik
480/70R24 GTK RS200 138A8/135B TL,GTK,480/70R24,Rolnicze,Ciągnik
480/65R24 GTK RS200 136A8/133D TL,GTK,480/65R24,Rolnicze,Ciągnik
460/70R24 GTK RS200 159A8 TL,GTK,460/70R24,Rolnicze,Ciągnik
420/70R24 GTK RS200 130A8/130B TL,GTK,420/70R24,Rolnicze,Ciągnik
380/70R24 GTK AGR ALFA 128A8/125D TL,GTK,380/70R24,Rolnicze,Ciągnik
380/70R24 GTK RS200 125A8/125B TL,GTK,380/70R24,Rolnicze,Ciągnik
360/70R24 GTK RS200 122A8/122B TL,GTK,360/70R24,Rolnicze,Ciągnik
340/85R24 GTK RS200 125A8/122B TL,GTK,340/85R24,Rolnicze,Ciągnik
320/85R24 GTK RS200 122A8/119B TL,GTK,320/85R24,Rolnicze,Ciągnik
320/70R24 GTK RS200 116A8/116B TL,GTK,320/70R24,Rolnicze,Ciągnik
280/85R24 GTK RS200 115A8/112B TL,GTK,280/85R24,Rolnicze,Ciągnik
380/70R20 GTK RS200 122A8/122B TL,GTK,380/70R20,Rolnicze,Ciągnik
360/70R20 GTK RS200 129A8/129B TL,GTK,360/70R20,Rolnicze,Ciągnik
280/85R20 GTK RS200 112A8/109B TL,GTK,280/85R20,Rolnicze,Ciągnik
18.4-38 GTK AS100 154A6 14PR TT,GTK,18.4-38,Rolnicze,Ciągnik
16.9-38 GTK AS100 145A6 10PR TT,GTK,16.9-38,Rolnicze,Ciągnik
16.9-38 GTK AS100 152A6 14PR TT,GTK,16.9-38,Rolnicze,Ciągnik
15.5-38 GTK AS100 141A6 12PR TT,GTK,15.5-38,Rolnicze,Ciągnik
13.6-38 GTK AS100 131A6 8PR TT,GTK,13.6-38,Rolnicze,Ciągnik
13.6-38 GTK AS100 135A6 10PR TT,GTK,13.6-38,Rolnicze,Ciągnik
12.4-36 GTK AS100 126A6 8PR TT,GTK,12.4-36,Rolnicze,Ciągnik
18.4-34 GTK AS100 146A6 10PR TT,GTK,18.4-34,Rolnicze,Ciągnik
18.4-34 GTK AS100 153A6 14PR TT,GTK,18.4-34,Rolnicze,Ciągnik
16.9-34 GTK AS100 142A6 10PR TT,GTK,16.9-34,Rolnicze,Ciągnik
16.9-34 GTK AS100 148A6 14PR TT,GTK,16.9-34,Rolnicze,Ciągnik
12.4-32 GTK AS100 125A6 8PR TT,GTK,12.4-32,Rolnicze,Ciągnik
18.4-30 GTK AS100 158A6 16PR TT,GTK,18.4-30,Przemysłowe,Uniwersalne/pozostałe
16.9-30 GTK AS100 144A6 10PR TT,GTK,16.9-30,Rolnicze,Ciągnik
16.9-30 GTK AS100 137A6 8PR TT,GTK,16.9-30,Rolnicze,Ciągnik
16.9-30 GTK AS100 150A6 14PR TT,GTK,16.9-30,Rolnicze,Ciągnik
16.9-28 GTK AS100 139A6 10PR TT,GTK,16.9-28,Rolnicze,Ciągnik
16.9-28 GTK AS100 143A6 14PR TT,GTK,16.9-28,Rolnicze,Ciągnik
14.9-28 GTK AS100 130A6 8PR TT,GTK,14.9-28,Rolnicze,Ciągnik
14.9-28 GTK AS100 143A6 14PR TT,GTK,14.9-28,Rolnicze,Ciągnik
13.6-28 GTK AS100 125A6 8PR TT,GTK,13.6-28,Rolnicze,Ciągnik
12.4-28 GTK AS100 125A6 8PR TT,GTK,12.4-28,Rolnicze,Ciągnik
11.2-28 GTK AS100 118A6 8PR TT,GTK,11.2-28,Rolnicze,Ciągnik
18.4-26 GTK AS100 150A6 16PR TT,GTK,18.4-26,Przemysłowe,Uniwersalne/pozostałe
14.9-24 GTK AS100 137A6 14PR TT,GTK,14.9-24,Rolnicze,Ciągnik
14.9-24 GTK AS100 128A6 8PR TT,GTK,14.9-24,Rolnicze,Ciągnik
12.4-24 GTK AS100 124A6 12PR TT,GTK,12.4-24,Rolnicze,Ciągnik
12.4-24 GTK AS100 118A6 8PR TT,GTK,12.4-24,Rolnicze,Ciągnik
11.2-24 GTK AS100 122A6 12PR TT,GTK,11.2-24,Rolnicze,Ciągnik
9.5-24 GTK AS100 110A6 6PR TT,GTK,9.5-24,Rolnicze,Ciągnik
550/60-22.5 GTK BT40 154A8 16PR TL,GTK,550/60-22.5,Przemysłowe,Uniwersalne/pozostałe
11.2-20 GTK AS100 113A6 8PR TT,GTK,11.2-20,Rolnicze,Ciągnik
9.00-20 GTK TN52 133A6 14PR TT,GTK,9.00-20,Rolnicze,Ciągnik
7.50-20 GTK AS100 108A6 8PR TT,GTK,7.50-20,Rolnicze,Ciągnik
7.50-20 GTK AS12 108A6 8PR TT,GTK,7.50-20,Rolnicze,Ciągnik
6.50-20 GTK AS12 102A6 8PR TT,GTK,6.50-20,Rolnicze,Ciągnik
8.25-20 GTK TN50 133A6 14PR TT,GTK,8.25-20,Rolnicze,Przyczepa
10.5/65-16 GTK BT20 126A8 12PR TT,GTK,10.5/65-16,Rolnicze,Ciągnik
7.50-16 GTK AS14 103A6 8PR TT,GTK,7.50-16,Rolnicze,Ciągnik
7.50-16 GTK AS14 98A6 6PR TT,GTK,7.50-16,Rolnicze,Ciągnik
6.50-16 GTK AS100 91A6 6PR TT,GTK,6.50-16,Rolnicze,Ciągnik
6.50-16 GTK AS100 97A6 8PR TT,GTK,6.50-16,Rolnicze,Ciągnik
6.50-16 GTK AS14 97A6 8PR TT,GTK,6.50-16,Rolnicze,Ciągnik
6.00-16 GTK AS14 88A6 6PR TT,GTK,6.00-16,Rolnicze,Ciągnik
6.00-16 GTK AS10 93A6 8PR TT,GTK,6.00-16,Rolnicze,Ciągnik
6.00-16 GTK AS10 88A6 6PR TT,GTK,6.00-16,Rolnicze,Ciągnik
400/60-15.5 GTK BT40 151A8 18PR TL,GTK,400/60-15.5,Rolnicze,Przyczepa
11.5/80-15.3 GTK BT44 139A8 14PR TL,GTK,11.5/80-15.3,Rolnicze,Przyczepa
10.0/75-15.3 GTK BT44 126A8 12PR TL,GTK,10.0/75-15.3,Rolnicze,Przyczepa
7.50-15 GTK AS100 99A6 8PR TT,GTK,7.50-15,Rolnicze,Ciągnik
6.50/80-15 GTK AS100 86A6 6PR TT,GTK,6.50/80-15,Rolnicze,Ciągnik
5.00-15 GTK BT46 76A6 6PR TT,GTK,5.00-15,Rolnicze,Przyczepa
10.0/80-12 GTK BT25 117A8 10PR TL,GTK,10.0/80-12,Rolnicze,Przyczepa
7.00-12 GTK BT44 83A6 6PR TT,GTK,7.00-12,Rolnicze,Przyczepa
6.50/80-12 GTK BT45 80A6 6PR TT,GTK,6.50/80-12,Rolnicze,Przyczepa
460/70R24 GTK RI11 159A8/159B TL,GTK,460/70R24,Rolnicze,Ciągnik
16.9-30 GTK LD90 R-4 156A8 16PR TL,GTK,16.9-30,Przemysłowe,Ładowarka
16.9-28 GTK LD90 R-4 156A8 14PR TL,GTK,16.9-28,Rolnicze,Ładowarka
18.4-26 GTK LD90 R-4 160A8 14PR TL,GTK,18.4-26,Rolnicze,Ładowarka
15.5-25 GTK LD90 G2-L2 173A2 14PR TL,GTK,15.5-25,Rolnicze,Ciągnik
14.00-24 GTK GD90 G-2 153A8 16PR TL,GTK,14.00-24,Przemysłowe,Uniwersalne/pozostałe
17.5L-24 GTK LD90 R-4 154A8 14PR TL,GTK,17.5L-24,Rolnicze,Ładowarka
16.9-24 GTK LD90 R-4 154A8 16PR TL,GTK,16.9-24,Przemysłowe,Ładowarka
16.0/70-24 GTK LD90 R-4 169A2 16PR TL,GTK,16.0/70-24,Przemysłowe,Ładowarka
10.00-20 GTK LD94 146A8/143A8 16PR TT,GTK,10.00-20,Przemysłowe,Uniwersalne/pozostałe
16.0/70-20 GTK LD90 R-4 166A2 16PR TL,GTK,16.0/70-20,Przemysłowe,Ładowarka
14.5-20 GTK LD96 143D 14PR TL,GTK,14.5-20,Rolnicze,Ciągnik
12.5-20 GTK OC10 137A8 14PR TL,GTK,12.5-20,Rolnicze,Ciągnik
16.0/70-20 GTK LD96 166A2 16PR TL,GTK,16.0/70-20,Przemysłowe,Uniwersalne/pozostałe
405/70-20 GTK LD90 166A2 16PR TL,GTK,405/70-20,Przemysłowe,Ładowarka
12.5/80-18 GTK LD92 R-4 146A8 14PR TL,GTK,12.5/80-18,Rolnicze,Ładowarka
340/80-18 GTK LD96 R-4 146A8 14PR TL,GTK,340/80-18,Rolnicze,Ładowarka
6.50-16 GTK KM400 108/107L 10PR TT,GTK,6.50-16,Rolnicze,Ciągnik
460/70R24 MICHELIN XMCL 159A8/159B TL,MICHELIN,460/70R24,Rolnicze,Uniwersalne/pozostałe
480/80-26 MICHELIN POWER CL 167A8 12PR TL,MICHELIN,480/80-26,Rolnicze,Uniwersalne/pozostałe
460/70-24 MICHELIN POWER CL 159A8 TL,MICHELIN,460/70-24,Rolnicze,Uniwersalne/pozostałe
440/80-24 MICHELIN POWER CL 168A8 TL,MICHELIN,440/80-24,Rolnicze,Uniwersalne/pozostałe
400/80-24 MICHELIN POWER CL 162A8 20PR TL,MICHELIN,400/80-24,Rolnicze,Uniwersalne/pozostałe
385/65R22.5 MICHELIN MULTI 160K TL M+S 3PMSF,MICHELIN,385/65R22.5,Ciężarowe,Uniwersalne/pozostałe
385/65R22.5 MICHELIN MULTI 160K TL M+S,MICHELIN,385/65R22.5,Ciężarowe,Uniwersalne/pozostałe
385/65R22.5 MICHELIN LINE ENERGY 160K TL M+S 3PMSF,MICHELIN,385/65R22.5,Ciężarowe,Oś kierowana
385/65R22.5 MICHELIN LINE ENERGY ANTISPLASH 160K TL,MICHELIN,385/65R22.5,Ciężarowe,Oś kierowana
385/65R22.5 MICHELIN MULTI HL 164K TL M+S 3PMSF,MICHELIN,385/65R22.5,Ciężarowe,Uniwersalne/pozostałe
385/65R22.5 MICHELIN WORKS 160K TL M+S,MICHELIN,385/65R22.5,Ciężarowe,Uniwersalne/pozostałe
385/65R22.5 MICHELIN XTE 3 160J TL M+S,MICHELIN,385/65R22.5,Ciężarowe,Uniwersalne/pozostałe
385/55R22.5 MICHELIN MULTI 160K TL M+S 3PMSF,MICHELIN,385/55R22.5,Ciężarowe,Uniwersalne/pozostałe
315/80R22.5 MICHELIN LINE ENERGY 156/150L TL,MICHELIN,315/80R22.5,Ciężarowe,Oś kierowana
315/80R22.5 MICHELIN MULTI 156/150L TL M+S 3PMSF,MICHELIN,315/80R22.5,Ciężarowe,Uniwersalne/pozostałe
315/70R22.5 MICHELIN MULTI 154/150L TL M+S 3PMSF,MICHELIN,315/70R22.5,Ciężarowe,Uniwersalne/pozostałe
315/70R22.5 MICHELIN LINE ENERGY 156/150L TL M+S 3PMSF,MICHELIN,315/70R22.5,Ciężarowe,Oś kierowana
315/70R22.5 MICHELIN LINE ENERGY 154/150L TL M+S 3PMSF,MICHELIN,315/70R22.5,Ciężarowe,Oś kierowana
315/70R22.5 MICHELIN MULTI ENERGY 156/150L TL M+S 3PMSF,MICHELIN,315/70R22.5,Ciężarowe,Uniwersalne/pozostałe
315/60R22.5 MICHELIN LINE ENERGY 154/148L TL M+S 3PMSF,MICHELIN,315/60R22.5,Ciężarowe,Oś kierowana
315/60R22.5 MICHELIN MULTI 154/148L TL M+S 3PMSF,MICHELIN,315/60R22.5,Ciężarowe,Uniwersalne/pozostałe
315/60R22.5 MICHELIN MULTI 152/148L TL M+S 3PMSF,MICHELIN,315/60R22.5,Ciężarowe,Uniwersalne/pozostałe
315/60R22.5 MICHELIN LINE ENERGY 152/148L TL M+S 3PMSF,MICHELIN,315/60R22.5,Ciężarowe,Oś kierowana
295/60R22.5 MICHELIN MULTI 150/147L TL M+S 3PMSF,MICHELIN,295/60R22.5,Ciężarowe,Uniwersalne/pozostałe
295/60R22.5 MICHELIN LINE ENERGY 150/147K TL M+S 3PMSF,MICHELIN,295/60R22.5,Ciężarowe,Oś kierowana
245/70R17.5 MICHELIN MULTI 143/141J TL M+S,MICHELIN,245/70R17.5,Ciężarowe,Uniwersalne/pozostałe
235/75R17.5 MICHELIN MULTI 143/141J TL M+S,MICHELIN,235/75R17.5,Ciężarowe,Uniwersalne/pozostałe
255/100R16 MICHELIN XZL 126K TL M+S,MICHELIN,255/100R16,Ciężarowe,All position
380/90R50 MITAS AC 85 160A8/160B TL,MITAS,380/90R50,Rolnicze,Ciągnik
340/90R48 MITAS AC 85 154A8/154B TL,MITAS,340/90R48,Rolnicze,Ciągnik
380/90R46 MITAS AC 85 159A8/156B TL,MITAS,380/90R46,Rolnicze,Ciągnik
710/75R42 MITAS SFT 175D/178A8 TL SB,MITAS,710/75R42,Rolnicze,Ciągnik
710/70R42 MITAS SFT 173D/176A8 TL SB,MITAS,710/70R42,Rolnicze,Ciągnik
650/65R42 MITAS AC 65 165D/168A8 TL,MITAS,650/65R42,Rolnicze,Ciągnik
520/85R42 MITAS AC 85 162A8/162B TL,MITAS,520/85R42,Rolnicze,Ciągnik
710/70R38 MITAS AC 65 166D/169A8 TL,MITAS,710/70R38,Rolnicze,Ciągnik
650/65R38 MITAS SFT 157D/160A8 TL SB,MITAS,650/65R38,Rolnicze,Ciągnik
650/65R38 MITAS AC 65 157D/160A8 TL,MITAS,650/65R38,Rolnicze,Ciągnik
600/65R38 MITAS AC 65 153D/156A8 TL,MITAS,600/65R38,Rolnicze,Ciągnik
580/70R38 MITAS HC70 155D/158A8 TL,MITAS,580/70R38,Rolnicze,Ciągnik
580/70R38 MITAS AC 70 155A8/155B TL,MITAS,580/70R38,Rolnicze,Ciągnik
540/80R38 MITAS HCM IND 172A8/167D TL SB,MITAS,540/80R38,Rolnicze,Ciągnik
540/65R38 MITAS AC 65 147D/150A8 TL,MITAS,540/65R38,Rolnicze,Ciągnik
520/85R38 MITAS AC 85 155A8 TL,MITAS,520/85R38,Rolnicze,Ciągnik
520/70R38 MITAS HC70 150D/153A8 TL,MITAS,520/70R38,Rolnicze,Ciągnik
520/70R38 MITAS AC 70 150A8/150B TL,MITAS,520/70R38,Rolnicze,Ciągnik
480/80R38 MITAS HCM IND 166A8/161D TL SB,MITAS,480/80R38,Rolnicze,Ciągnik
480/70R38 MITAS AC 70 145A8/145B TL,MITAS,480/70R38,Rolnicze,Ciągnik
460/85R38 MITAS AC 85 149A8/146B TL,MITAS,460/85R38,Rolnicze,Ciągnik
420/85R38 MITAS AC 85 144B TL,MITAS,420/85R38,Rolnicze,Ciągnik
340/85R38 MITAS AC 85 133A8/130B TL,MITAS,340/85R38,Rolnicze,Ciągnik
320/85R38 MITAS AC 85 143A8/143B TL,MITAS,320/85R38,Rolnicze,Ciągnik
710/60R34 MITAS SFT 164D/167A8 TL SB,MITAS,710/60R34,Rolnicze,Ciągnik
650/60R34 MITAS SFT 159D/162A8 TL SB,MITAS,650/60R34,Rolnicze,Ciągnik
540/65R34 MITAS AC 65 145D/148A8 TL,MITAS,540/65R34,Rolnicze,Ciągnik
520/70R34 MITAS AC 70 148A8/148B TL,MITAS,520/70R34,Rolnicze,Ciągnik
480/70R34 MITAS HC70 155D/158A8 TL,MITAS,480/70R34,Rolnicze,Ciągnik
480/70R34 MITAS AC 70 143A8/143B TL,MITAS,480/70R34,Rolnicze,Ciągnik
460/85R34 MITAS AC 85 147A8/144B TL,MITAS,460/85R34,Rolnicze,Ciągnik
420/85R34 MITAS AC 85 142A8/142B TL,MITAS,420/85R34,Rolnicze,Ciągnik
420/85R34 MITAS AC 85 147A8/147B TL,MITAS,420/85R34,Rolnicze,Ciągnik
320/85R34 MITAS AC 85 133A8/133B TL,MITAS,320/85R34,Rolnicze,Ciągnik
800/65R32 MITAS AC 70 172A8/169B TL,MITAS,800/65R32,Rolnicze,Ciągnik
800/65R32 MITAS AC 70 178A8/175B TL,MITAS,800/65R32,Rolnicze,Ciągnik
320/90R32 MITAS AC 85 134A8/131B TL,MITAS,320/90R32,Rolnicze,Ciągnik
320/85R32 MITAS AC 85 142A8/142B TL,MITAS,320/85R32,Rolnicze,Ciągnik
270/80R32 MITAS AC 90 131A8/128B TL,MITAS,270/80R32,Rolnicze,Ciągnik
600/60R30.5 MITAS AGRITERRA 04 173D TL SB,MITAS,600/60R30.5,Ciężarowe,Przyczepa
620/70R30 MITAS SFT IMP 178A8/166A8 TL SB,MITAS,620/70R30,Rolnicze,Ciągnik
600/70R30 MITAS SFT 152D/155A8 TL SB,MITAS,600/70R30,Rolnicze,Ciągnik
540/65R30 MITAS AC 65 150D/153A8 TL,MITAS,540/65R30,Rolnicze,Ciągnik
540/65R30 MITAS HCM IND 161A8/150D TL SB,MITAS,540/65R30,Rolnicze,Ciągnik
420/85R30 MITAS AC 85 140A8/140B TL,MITAS,420/85R30,Rolnicze,Ciągnik
600/65R28 MITAS AC 65 147D/150A8 TL,MITAS,600/65R28,Rolnicze,Ciągnik
540/65R28 MITAS AC 65 142D/145A8 TL,MITAS,540/65R28,Rolnicze,Ciągnik
480/70R28 MITAS AC 70 140A8/140B TL,MITAS,480/70R28,Rolnicze,Ciągnik
480/65R28 MITAS AC 65 136D/139A8 TL,MITAS,480/65R28,Rolnicze,Ciągnik
440/80R28 MITAS HCM IND 156A8/151D TL SB,MITAS,440/80R28,Rolnicze,Ciągnik
440/70R28 MITAS AC 70 152A8 TL,MITAS,440/70R28,Rolnicze,Ciągnik
440/65R28 MITAS AC 65 131D/139A8 TL,MITAS,440/65R28,Rolnicze,Ciągnik
420/85R28 MITAS AC 85 139A8/136B TL,MITAS,420/85R28,Rolnicze,Ciągnik
420/70R28 MITAS AC 70 133A8/130B TL,MITAS,420/70R28,Rolnicze,Ciągnik
380/85R28 MITAS AC 85 133A8/130B TL,MITAS,380/85R28,Rolnicze,Ciągnik
380/70R28 MITAS HC70 127D/130A8 TL,MITAS,380/70R28,Rolnicze,Ciągnik
380/70R28 MITAS AC 70 127A8/127B TL,MITAS,380/70R28,Rolnicze,Ciągnik
320/85R28 MITAS AC 85 124A8/124B TL,MITAS,320/85R28,Rolnicze,Ciągnik
280/85R28 MITAS AC 85 118A8/118B TL,MITAS,280/85R28,Rolnicze,Ciągnik
710/50R26.5 MITAS AGRITERRA ULTRA 170D TL SB,MITAS,710/50R26.5,Ciężarowe,Przyczepa
650/65R26.5 MITAS AGRITERRA ULTRA 174D TL SB,MITAS,650/65R26.5,Ciężarowe,Przyczepa
650/55R26.5 MITAS AGRITERRA ULTRA 169D TL SB,MITAS,650/55R26.5,Ciężarowe,Przyczepa
600/55R26.5 MITAS AGRITERRA ULTRA 165D TL SB,MITAS,600/55R26.5,Ciężarowe,Przyczepa
540/65R24 MITAS AC 65 140D/143A8 TL,MITAS,540/65R24,Rolnicze,Ciągnik
540/65R24 MITAS AC 65 146D/149A8 TL,MITAS,540/65R24,Rolnicze,Ciągnik
500/85R24 MITAS SFT IMP 171A8/158A8 TL SB,MITAS,500/85R24,Rolnicze,Ciągnik
500/70R24 MITAS AC 70 IMP 167A8/155A8 TL,MITAS,500/70R24,Rolnicze,Ciągnik
480/65R24 MITAS AC 65 133D/136A8 TL,MITAS,480/65R24,Rolnicze,Ciągnik
460/70R24 MITAS AC 70 IMP 163A8/151A8 TL,MITAS,460/70R24,Rolnicze,Ciągnik
440/65R24 MITAS AC 65 128D/131A8 TL,MITAS,440/65R24,Rolnicze,Ciągnik
420/85R24 MITAS AC 85 137A8 TL,MITAS,420/85R24,Rolnicze,Ciągnik
420/70R24 MITAS HC70 130D/133A8 TL,MITAS,420/70R24,Rolnicze,Ciągnik
420/70R24 MITAS AC 70 130A8/130B TL,MITAS,420/70R24,Rolnicze,Ciągnik
380/85R24 MITAS AC 85 131A8/131B TL,MITAS,380/85R24,Rolnicze,Ciągnik
380/70R24 MITAS HC70 125D/128A8 TL,MITAS,380/70R24,Rolnicze,Ciągnik
380/70R24 MITAS AC 70 125A8/122B TL,MITAS,380/70R24,Rolnicze,Ciągnik
360/70R24 MITAS AC 70 122A8/122B TL,MITAS,360/70R24,Rolnicze,Ciągnik
340/85R24 MITAS AC 85 125A8/125B TL,MITAS,340/85R24,Rolnicze,Ciągnik
320/85R24 MITAS AC 85 122A8/122B TL,MITAS,320/85R24,Rolnicze,Ciągnik
280/85R24 MITAS AC 85 115A8/109B TL,MITAS,280/85R24,Rolnicze,Ciągnik
710/45R22.5 MITAS AGRITERRA ULTRA 165D TL SB,MITAS,710/45R22.5,Ciężarowe,Przyczepa
560/60R22.5 MITAS AR-02 161D TL,MITAS,560/60R22.5,Ciężarowe,Uniwersalne/pozostałe
560/60R22.5 MITAS AGRITERRA ULTRA 165D TL SB,MITAS,560/60R22.5,Ciężarowe,Przyczepa
445/65R22.5 MITAS AC 70+ MPT 160G TL,MITAS,445/65R22.5,Ciężarowe,Uniwersalne/pozostałe
445/65R22.5 MITAS AR-01 ALL STEEL 169F TL,MITAS,445/65R22.5,Ciężarowe,Naczepa/przyczepa
355/60R18 MITAS MPT AR-05 AGRO-TRAILER ALL STEEL 142J TL,MITAS,355/60R18,Rolnicze,Przyczepa
425/55R17 MITAS AC 70 MPT 134G TL,MITAS,425/55R17,Rolnicze,Ciągnik
18.4-34 MITAS TD-02 151A6/144A8 12PR TT,MITAS,18.4-34,Rolnicze,Ciągnik
18.4-34 MITAS TD-19 151A6/144A8 12PR TT,MITAS,18.4-34,Rolnicze,Ciągnik
14.9-28 MITAS TD-19 130A6/122A8 8PR TT,MITAS,14.9-28,Rolnicze,Ciągnik
12.4-28 MITAS TD-02 123A6/116A8 8PR TT,MITAS,12.4-28,Rolnicze,Ciągnik
12.4-28 MITAS TD-19 126A6/121A8 10PR TT,MITAS,12.4-28,Rolnicze,Ciągnik
23.1-26 MITAS TD-01 156A8 14PR TL,MITAS,23.1-26,Rolnicze,Ciągnik
14.9-24 MITAS TD-19 128A6/121A8 8PR TT,MITAS,14.9-24,Rolnicze,Ciągnik
9.5-24 MITAS TD-02 112A6/104A8 8PR TT,MITAS,9.5-24,Rolnicze,Ciągnik
12.4-24 MITAS TD-19 120A6/112A8 8PR TT,MITAS,12.4-24,Rolnicze,Ciągnik
12.4-24 MITAS TD-19 128A8 12PR TL,MITAS,12.4-24,Rolnicze,Ciągnik
7.50-20 MITAS TF-03 103A6/96A8 6PR TT,MITAS,7.50-20,Rolnicze,Ciągnik
8.3-20 MITAS TD-13 104A8/92A8 6PR TT,MITAS,8.3-20,Rolnicze,Ciągnik
6.50-20 MITAS TF-03 96A6/88A8 6PR TT,MITAS,6.50-20,Rolnicze,Ciągnik
14.5/80-18 MITAS IM-03 155A8 12PR TT,MITAS,14.5/80-18,Rolnicze,Ciągnik
6.00-18 MITAS TF-03 96A6/88A8 6PR TT,MITAS,6.00-18,Rolnicze,Ciągnik
15.0/55-17 MITAS IM-04 137A8 14PR TL,MITAS,15.0/55-17,Rolnicze,Przyczepa
7.50-16 MITAS TF-03 103A6/96A8 8PR TT,MITAS,7.50-16,Rolnicze,Ciągnik
7.50-16 MITAS TF-03 98A6/90A8 6PR TT,MITAS,7.50-16,Rolnicze,Ciągnik
6.50-16 MITAS TF-03 97A6/89A8 8PR TT,MITAS,6.50-16,Rolnicze,Ciągnik
6.00-16 MITAS TD-13 88A6/80A8 6PR TT,MITAS,6.00-16,Rolnicze,Ciągnik
6.00-16 MITAS TF-03 88A6/80A8 6PR TT,MITAS,6.00-16,Rolnicze,Ciągnik
400/60-15.5 MITAS IM-07 140A8 14PR TL,MITAS,400/60-15.5,Rolnicze,Przyczepa
12.5/80-15.3 MITAS IM-04 141A8 14PR TL,MITAS,12.5/80-15.3,Rolnicze,Przyczepa
11.5/80-15.3 MITAS IM-04 141A8 16PR TL,MITAS,11.5/80-15.3,Przemysłowe,Przyczepa
10.0/75-15.3 MITAS IM-04 143A8 18PR TL,MITAS,10.0/75-15.3,Rolnicze,Przyczepa
10.0/75-15.3 MITAS IM-04 130A8 14PR TL,MITAS,10.0/75-15.3,Rolnicze,Przyczepa
5.00-15 MITAS TS-06 84A8/71A8 6PR TT,MITAS,5.00-15,Rolnicze,Kosiarka/ogród
690X180-15 MITAS TS-07 100A8/88A8 4PR TT,MITAS,690x180-15,Rolnicze,Kosiarka/ogród
200/60-14.5 MITAS IM-10 102A8 10PR TL,MITAS,200/60-14.5,Rolnicze,Przyczepa
5.00-12 MITAS B-12 4PR TT,MITAS,5.00-12,Rolnicze,Kosiarka/ogród
4.00-12 MITAS B-12 4PR TT,MITAS,4.00-12,Rolnicze,Kosiarka/ogród
6.50/80-12 MITAS TS-06 89A8/76A8 6PR TT,MITAS,6.50/80-12,Rolnicze,Kosiarka/ogród
5.00-10 MITAS B-16 4PR TT,MITAS,5.00-10,Rolnicze,Kosiarka/ogród
4.00-10 MITAS B-12 4PR TT,MITAS,4.00-10,Rolnicze,Kosiarka/ogród
4.00-10 MITAS B-12 2PR TT,MITAS,4.00-10,Rolnicze,Kosiarka/ogród
18.5X8.50-8 MITAS B-63 12PR TL,MITAS,18.5x8.50-8,Rolnicze,Kosiarka/ogród
16X6.50-8 MITAS B-19 12PR TL,MITAS,16x6.50-8,Rolnicze,Kosiarka/ogród
4.00-8 MITAS V-5501 2PR TT,MITAS,4.00-8,Rolnicze,Kosiarka/ogród
4.00-8 MITAS V-5501 4PR TT,MITAS,4.00-8,Rolnicze,Kosiarka/ogród
4.00-8 MITAS B-12 4PR TT,MITAS,4.00-8,Rolnicze,Kosiarka/ogród
3.50-8 MITAS V-5501 4PR TT,MITAS,3.50-8,Rolnicze,Kosiarka/ogród
3.50-8 MITAS B-16 4PR TT,MITAS,3.50-8,Rolnicze,Kosiarka/ogród
3.50-8 MITAS B-15 4PR TT,MITAS,3.50-8,Rolnicze,Kosiarka/ogród
3.50-8 MITAS B-11 4PR TT,MITAS,3.50-8,Rolnicze,Kosiarka/ogród
18X8.50-8 MITAS G-1 6PR TL,MITAS,18x8.50-8,Rolnicze,Ciągnik
4.00-6 MITAS V-5501 6PR TT,MITAS,4.00-6,Rolnicze,Kosiarka/ogród
4.00-6 MITAS V-5501 4PR TT,MITAS,4.00-6,Rolnicze,Kosiarka/ogród
3.50-6 MITAS B-16 4PR TT,MITAS,3.50-6,Rolnicze,Kosiarka/ogród
13X5.00-6 MITAS G-1 4PR TL,MITAS,13x5.00-6,Rolnicze,Ciągnik
13X5.00-6 MITAS B-12 4PR TL,MITAS,13x5.00-6,Rolnicze,Kosiarka/ogród
13X5.00-6 MITAS B-19 8PR TL,MITAS,13x5.00-6,Rolnicze,Kosiarka/ogród
480/80R26 MITAS TI-20 INDUST 160A8 TL,MITAS,480/80R26,Rolnicze,Ciągnik
405/70R24 MITAS MPT-21 152J TL,MITAS,405/70R24,Rolnicze,Ciągnik
11.00R20 MITAS COMPACTOR 157A3 TT,MITAS,11.00R20,Rolnicze,Kompaktor
13/80R20 MITAS COMPACTOR 170A2/164A3 TT,MITAS,13/80R20,Rolnicze,Kompaktor
405/70R20 MITAS MPT-21 152J TL,MITAS,405/70R20,Rolnicze,Ciągnik
405/70R20 MITAS EM-01 143B TL,MITAS,405/70R20,Rolnicze,Ciągnik
405/70R18 MITAS EM-01 156B TL,MITAS,405/70R18,Rolnicze,Ciągnik
365/70R18 MITAS EM-01 135B/146A2 TL,MITAS,365/70R18,Rolnicze,Ciągnik
340/80R18 MITAS TI-20 143A8 TL,MITAS,340/80R18,Rolnicze,Ciągnik
16.9-28 MITAS TI-06 INDUST 152A8 12PR TL,MITAS,16.9-28,Rolnicze,Ciągnik
16.9-28 MITAS TG 01 151A6 12PR TL,MITAS,16.9-28,Rolnicze,Ciągnik
23.5-25 MITAS EM-20 L-2 177B 20PR TL,MITAS,23.5-25,Rolnicze,Ciągnik
500/70-24 MITAS GRIP-N-RIDE 151A8 12PR TL,MITAS,500/70-24,Rolnicze,Ciągnik
17.5L-24 MITAS TI-02 144A8 10PR TL,MITAS,17.5L-24,Rolnicze,Ciągnik
16.9-24 MITAS TI-04 INDUST 149A8 12PR TL,MITAS,16.9-24,Rolnicze,Ciągnik
405/70-24 MITAS MPT-04 152B 14PR TL,MITAS,405/70-24,Rolnicze,Ciągnik
400/70-24 MITAS MPT-04 151D 14PR TL,MITAS,400/70-24,Rolnicze,Ciągnik
600/40-22.5 MITAS TI-12 169A8 16PR TL,MITAS,600/40-22.5,Przemysłowe,Ładowarka
480/65-22.5 MITAS MPT-06 163A8 16PR TL,MITAS,480/65-22.5,Przemysłowe,Uniwersalne/pozostałe
11.00-20 MITAS EM 22 148B 16PR TT,MITAS,11.00-20,Przemysłowe,Maszyny górnicze
11.00-20 MITAS NB 38 148B 16PR TT,MITAS,11.00-20,Przemysłowe,Ładowarka
11.00-20 MITAS COMPACTOR SMOOTH 156A5 18PR TT,MITAS,11.00-20,Rolnicze,Kompaktor
11.00-20 MITAS COMPACTOR 164A3 16PR TT,MITAS,11.00-20,Przemysłowe,Kompaktor
10.00-20 MITAS EM-23 146B 16PR TT,MITAS,10.00-20,Przemysłowe,Maszyny górnicze
10.00-20 MITAS EM-22 146B 16PR TT,MITAS,10.00-20,Przemysłowe,Maszyny górnicze
10.00-20 MITAS NB 38 146B 16PR TT,MITAS,10.00-20,Przemysłowe,Ładowarka
16.0/70-20 MITAS MPT-05 145G 14PR TL,MITAS,16.0/70-20,Rolnicze,Ciągnik
9.00-20 MITAS NB 38 140B 14PR TT,MITAS,9.00-20,Rolnicze,Ciągnik
8.25-20 MITAS NB 38 122B 14PR TT,MITAS,8.25-20,Rolnicze,Ciągnik
500/45-20 MITAS TI-12 160A8 TL,MITAS,500/45-20,Rolnicze,Ciągnik
405/70-20 MITAS MPT-01 152B 16PR TL,MITAS,405/70-20,Przemysłowe,Ładowarka
405/70-20 MITAS MPT-01 149B 14PR TL,MITAS,405/70-20,Rolnicze,Ciągnik
400/70-20 MITAS MPT-04 148D 14PR TL,MITAS,400/70-20,Rolnicze,Ciągnik
360/85-20 MITAS MPT-04 142D 14PR TL,MITAS,360/85-20,Rolnicze,Ciągnik
340/80-20 MITAS MPT-04 135D 12PR TL,MITAS,340/80-20,Rolnicze,Ciągnik
16/70-20 MITAS MPT-05 14PR TL,MITAS,16/70-20,Rolnicze,Ciągnik
12.5/80-18 MITAS BIG BOY 14PR TL,MITAS,12.5/80-18,Rolnicze,Przyczepa
12.5-18 MITAS MPT-03 136G 16PR TL,MITAS,12.5-18,Przemysłowe,Uniwersalne/pozostałe
31X15.50-15 MITAS SK-02 8PR TL,MITAS,31x15.50-15,Rolnicze,Przyczepa
6.3-14 MITAS SNOWTRAC 114A5 10PR TT,MITAS,6.3-14,Rolnicze,Kosiarka/ogród
6.00-13 MITAS SNOWTRAC 10PR TT,MITAS,6.00-13,Rolnicze,Kosiarka/ogród
5.50-12 MITAS SNOWTRAC 93A6 10PR TT,MITAS,5.50-12,Rolnicze,Kosiarka/ogród
23X8.50-12 MITAS SK-02 115A4 10PR TL,MITAS,23x8.50-12,Rolnicze,Przyczepa
6.50-20 MITAS NB 60 113L 10PR TT,MITAS,6.50-20,Rolnicze,Ciągnik
650/65R42 CULTOR RD-03 165D/168A8 TL,CULTOR,650/65R42,Rolnicze,Ciągnik
520/85R42 CULTOR RD-01 162B TL,CULTOR,520/85R42,Rolnicze,Ciągnik
710/70R38 CULTOR RD-03 153D/156A8 TL,CULTOR,710/70R38,Rolnicze,Ciągnik
650/65R38 CULTOR RD-03 157A8/160B TL,CULTOR,650/65R38,Rolnicze,Ciągnik
650/65R38 CULTOR RD-03 166D/169A8 TL,CULTOR,650/65R38,Rolnicze,Ciągnik
600/65R38 CULTOR RD-03 153D/156A8 TL,CULTOR,600/65R38,Rolnicze,Ciągnik
580/70R38 CULTOR RD-02 155A8/155B TL,CULTOR,580/70R38,Rolnicze,Ciągnik
540/65R38 CULTOR RD-03 147D/150A8 TL,CULTOR,540/65R38,Rolnicze,Ciągnik
520/85R38 CULTOR RD-01 155A8/152B TL,CULTOR,520/85R38,Rolnicze,Ciągnik
520/70R38 CULTOR RD-02 150A8/150B TL,CULTOR,520/70R38,Rolnicze,Ciągnik
480/70R38 CULTOR RD-02 145A8/145B TL,CULTOR,480/70R38,Rolnicze,Ciągnik
460/85R38 CULTOR RD-01 149A8/146B TL,CULTOR,460/85R38,Rolnicze,Ciągnik
340/85R36 CULTOR RD-01 66A8 TL,CULTOR,340/85R36,Rolnicze,Ciągnik
600/65R34 CULTOR RD-03 151D/154A8 TL,CULTOR,600/65R34,Rolnicze,Ciągnik
520/70R34 CULTOR RD-02 148A8/148B TL,CULTOR,520/70R34,Rolnicze,Ciągnik
480/70R34 CULTOR RD-02 143A8/143B TL,CULTOR,480/70R34,Rolnicze,Ciągnik
460/85R34 CULTOR RD-01 147A8/144B TL,CULTOR,460/85R34,Rolnicze,Ciągnik
420/85R34 CULTOR RD-01 147A8/144B TL,CULTOR,420/85R34,Rolnicze,Ciągnik
320/85R32 CULTOR RD-01 142A8/142B TL,CULTOR,320/85R32,Rolnicze,Ciągnik
540/65R30 CULTOR RD-03 150D/153A8 TL,CULTOR,540/65R30,Rolnicze,Ciągnik
480/70R30 CULTOR RD-02 141A8/141B TL,CULTOR,480/70R30,Rolnicze,Ciągnik
460/85R30 CULTOR RD-01 145A8/145B TL,CULTOR,460/85R30,Rolnicze,Ciągnik
420/85R30 CULTOR RD-01 140A8 TL,CULTOR,420/85R30,Rolnicze,Ciągnik
600/65R28 CULTOR RD-03 147D/150A8 TL,CULTOR,600/65R28,Rolnicze,Ciągnik
540/65R28 CULTOR RD-03 142A8/142B TL,CULTOR,540/65R28,Rolnicze,Ciągnik
480/65R28 CULTOR RD-03 136D/139A8 TL,CULTOR,480/65R28,Rolnicze,Ciągnik
440/65R28 CULTOR RD-03 131A8/131D TL,CULTOR,440/65R28,Rolnicze,Ciągnik
420/85R28 CULTOR RD-01 139A8/136B TL,CULTOR,420/85R28,Rolnicze,Ciągnik
420/70R28 CULTOR RD-02 133A8/133B TL,CULTOR,420/70R28,Rolnicze,Ciągnik
380/85R28 CULTOR RD-01 133A8/130B TL,CULTOR,380/85R28,Rolnicze,Ciągnik
380/70R28 CULTOR RD-02 127A8/127B TL,CULTOR,380/70R28,Rolnicze,Ciągnik
320/85R28 CULTOR RD-01 124A8/121B TL,CULTOR,320/85R28,Rolnicze,Ciągnik
480/65R24 CULTOR RD-03 133D/136A8 TL,CULTOR,480/65R24,Rolnicze,Ciągnik
440/65R24 CULTOR RD-03 128A8/128B TL,CULTOR,440/65R24,Rolnicze,Ciągnik
420/85R24 CULTOR RD-01 137A8/137B TL,CULTOR,420/85R24,Rolnicze,Ciągnik
420/70R24 CULTOR RD-02 130A8/130B TL,CULTOR,420/70R24,Rolnicze,Ciągnik
380/85R24 CULTOR RD-01 131A8/128B TL,CULTOR,380/85R24,Rolnicze,Ciągnik
380/70R24 CULTOR RD-02 125A8/125B TL,CULTOR,380/70R24,Rolnicze,Ciągnik
360/70R24 CULTOR RD-02 122A8/122B TL,CULTOR,360/70R24,Rolnicze,Ciągnik
340/85R24 CULTOR RD-01 125A8/122B TL,CULTOR,340/85R24,Rolnicze,Ciągnik
320/85R24 CULTOR RD-01 122A8/119B TL,CULTOR,320/85R24,Rolnicze,Ciągnik
320/70R24 CULTOR RD-02 116A8/116B TL,CULTOR,320/70R24,Rolnicze,Ciągnik
280/85R24 CULTOR RD-01 115A8/112B TL,CULTOR,280/85R24,Rolnicze,Ciągnik
9.5-42 CULTOR AS AGRI 10 124A6 10PR TT,CULTOR,9.5-42,Rolnicze,Ciągnik
18.4-38 CULTOR AS AGRI 19 155A6 14PR TT,CULTOR,18.4-38,Rolnicze,Ciągnik
18.4-38 CULTOR AS AGRI 19 148A6 10PR TT,CULTOR,18.4-38,Rolnicze,Ciągnik
13.6-38 CULTOR AS AGRI 13 131A6 8PR TT,CULTOR,13.6-38,Rolnicze,Ciągnik
13.6-36 CULTOR AS AGRI 13 125A6 6PR TT,CULTOR,13.6-36,Rolnicze,Ciągnik
12.4-36 CULTOR AS AGRI 13 121A6 6PR TT,CULTOR,12.4-36,Rolnicze,Ciągnik
9.5-36 CULTOR AS AGRI 10 122A8 10PR TT,CULTOR,9.5-36,Rolnicze,Ciągnik
18.4-34 CULTOR AS AGRI 19 146A6 10PR TT,CULTOR,18.4-34,Rolnicze,Ciągnik
12.4-32 CULTOR AS AGRI 13 111A8 6PR TT,CULTOR,12.4-32,Rolnicze,Ciągnik
9.5-32 CULTOR AS AGRI 13 110A6 6PR TT,CULTOR,9.5-32,Rolnicze,Ciągnik
16.9-30 CULTOR AS AGRI 13 137A8 14PR TT,CULTOR,16.9-30,Rolnicze,Ciągnik
16.9-28 CULTOR AS AGRI 13 131A8 10PR TT,CULTOR,16.9-28,Rolnicze,Ciągnik
16.9-28 CULTOR AS AGRI 13 135A8 12PR TT,CULTOR,16.9-28,Rolnicze,Ciągnik
14.9-28 CULTOR AS AGRI 20 8PR TT,CULTOR,14.9-28,Rolnicze,Ciągnik
13.6-28 CULTOR AS AGRI 19 118A8 8PR TT,CULTOR,13.6-28,Rolnicze,Ciągnik
12.4-28 CULTOR AS AGRI 19 123A6/116A8 8PR TT,CULTOR,12.4-28,Rolnicze,Ciągnik
11.2-28 CULTOR AS AGRI 19 118A6 8PR TT,CULTOR,11.2-28,Rolnicze,Ciągnik
8.3-28 CULTOR AS AGRI 10 107A6 8PR TT,CULTOR,8.3-28,Rolnicze,Ciągnik
14.9-26 CULTOR AS AGRI 10 128A6 8PR TT,CULTOR,14.9-26,Rolnicze,Ciągnik
14.9-24 CULTOR AS AGRI 19 128A6/121A8 8PR TT,CULTOR,14.9-24,Rolnicze,Ciągnik
9.5-24 CULTOR AS AGRI 19 112A6/104A8 8PR TT,CULTOR,9.5-24,Rolnicze,Ciągnik
7.50-20 CULTOR AS FRONT10 109A6/101A8 8PR TL,CULTOR,7.50-20,Rolnicze,Ciągnik
7.50-16 CULTOR AS FRONT 13 90A8 8PR TT,CULTOR,7.50-16,Rolnicze,Ciągnik
7.50-16 CULTOR AS FRONT 08 108A6/95A8 8PR TT,CULTOR,7.50-16,Rolnicze,Ciągnik
6.50-16 CULTOR AS FRONT 08 97A6/89A8 8PR TT,CULTOR,6.50-16,Rolnicze,Ciągnik
6.00-16 CULTOR AS FRONT 09 94A6/86A8 8PR TT,CULTOR,6.00-16,Rolnicze,Ciągnik
6.00-16 CULTOR AS FRONT 07 86A8 8PR TT,CULTOR,6.00-16,Rolnicze,Ciągnik
6.00-16 CULTOR AS FRONT 04 88A6/80A8 8PR TT,CULTOR,6.00-16,Rolnicze,Ciągnik
8.25-15 CULTOR AW-IMPL 12 141A8 16PR TT,CULTOR,8.25-15,Przemysłowe,Uniwersalne/pozostałe
16.9-28 CULTOR INDUSTRIAL 20 151A8 12PR TL,CULTOR,16.9-28,Rolnicze,Ciągnik
16.9-24 CULTOR INDUSTRIAL 40 ER 149A6 12PR TL,CULTOR,16.9-24,Rolnicze,Ciągnik
13R22.5 MATADOR DM 4 156/150K 18PR TL M+S 3PMSF,MATADOR,13R22.5,Ciężarowe,Oś napędowa
12R22.5 MATADOR FR 2 MASTER 152/148L 16PR TL M+S,MATADOR,12R22.5,Przemysłowe,Uniwersalne/pozostałe
12R22.5 MATADOR DH 1 DIAMOND 152/148L 16PR TL M+S 3PMSF,MATADOR,12R22.5,Przemysłowe,Uniwersalne/pozostałe
11R22.5 MATADOR FR 2 MASTER 148/145L 16PR TL M+S,MATADOR,11R22.5,Przemysłowe,Uniwersalne/pozostałe
11R22.5 MATADOR DH 1 DIAMOND 148/145L 16PR TL M+S 3PMSF,MATADOR,11R22.5,Przemysłowe,Uniwersalne/pozostałe
11R22.5 MATADOR DR 1 HECTOR 148/145K 16PR TL M+S 3PMSF,MATADOR,11R22.5,Przemysłowe,Uniwersalne/pozostałe
10R22.5 MATADOR FR 2 MASTER 144/142L 16PR TL M+S,MATADOR,10R22.5,Przemysłowe,Uniwersalne/pozostałe
385/65R22.5 MATADOR HR 5 164K 20PR TL M+S 3PMSF,MATADOR,385/65R22.5,Ciężarowe,Oś kierowana
385/65R22.5 MATADOR HR 4 160K 20PR TL M+S 3PMSF,MATADOR,385/65R22.5,Ciężarowe,Oś kierowana
385/55R22.5 MATADOR HR 5 160K 20PR TL M+S 3PMSF,MATADOR,385/55R22.5,Ciężarowe,Oś kierowana
385/55R22.5 MATADOR HR 4 160K 20PR TL M+S 3PMSF,MATADOR,385/55R22.5,Ciężarowe,Oś kierowana
315/80R22.5 MATADOR HR 4 156/150L 18PR TL M+S 3PMSF,MATADOR,315/80R22.5,Ciężarowe,Oś kierowana
315/80R22.5 MATADOR HR 4 156/150L 20PR TL M+S 3PMSF,MATADOR,315/80R22.5,Ciężarowe,Oś kierowana
315/80R22.5 MATADOR FM 4 156/150K 20PR TL M+S 3PMSF,MATADOR,315/80R22.5,Ciężarowe,Oś kierowana
315/80R22.5 MATADOR DM 4 156/150K 20PR TL M+S 3PMSF,MATADOR,315/80R22.5,Ciężarowe,Oś napędowa
315/70R22.5 MATADOR HR 4 154/150L 20PR TL M+S 3PMSF,MATADOR,315/70R22.5,Ciężarowe,Oś kierowana
315/70R22.5 MATADOR HR 5 154/150L 20PR TL M+S 3PMSF,MATADOR,315/70R22.5,Ciężarowe,Oś kierowana
315/60R22.5 MATADOR HR 4+ 154/148L 20PR TL M+S 3PMSF,MATADOR,315/60R22.5,Ciężarowe,Oś kierowana
315/60R22.5 MATADOR HR 4 152/148L 20PR TL M+S 3PMSF,MATADOR,315/60R22.5,Ciężarowe,Oś kierowana
295/80R22.5 MATADOR HR 4 154/149M 16PR TL M+S 3PMSF,MATADOR,295/80R22.5,Przemysłowe,Uniwersalne/pozostałe
295/80R22.5 MATADOR HR 4 152/148M 16PR TL M+S 3PMSF,MATADOR,295/80R22.5,Przemysłowe,Uniwersalne/pozostałe
295/60R22.5 MATADOR HR 4 150/147L 18PR TL M+S 3PMSF,MATADOR,295/60R22.5,Ciężarowe,Oś kierowana
275/70R22.5 MATADOR FR 2 MASTER 148/145L 16PR TL M+S,MATADOR,275/70R22.5,Przemysłowe,Uniwersalne/pozostałe
275/70R22.5 MATADOR DR 1 HECTOR 148/145L 16PR TL M+S 3PMSF,MATADOR,275/70R22.5,Przemysłowe,Uniwersalne/pozostałe
275/70R22.5 MATADOR FU 1 CITY 148/145J 18PR TL M+S 3PMSF,MATADOR,275/70R22.5,Ciężarowe,Oś kierowana
275/70R22.5 MATADOR FU 1 CITY 148/145J 16PR TL M+S 3PMSF,MATADOR,275/70R22.5,Przemysłowe,Uniwersalne/pozostałe
10.00R20 MATADOR DR 1 HECTOR 146/143K 16PR TT M+S,MATADOR,10.00R20,Przemysłowe,Uniwersalne/pozostałe
445/45R19.5 MATADOR HR 5 160J 22PR TL M+S 3PMSF,MATADOR,445/45R19.5,Ciężarowe,Oś kierowana
285/70R19.5 MATADOR HR 4 146/144M 16PR TL M+S 3PMSF,MATADOR,285/70R19.5,Przemysłowe,Uniwersalne/pozostałe
285/70R19.5 MATADOR HR 4 146/144M 16PR TL M+S 3PMSF,MATADOR,285/70R19.5,Przemysłowe,Uniwersalne/pozostałe
285/70R19.5 MATADOR HR 5 150/148K 18PR TL M+S 3PMSF,MATADOR,285/70R19.5,Ciężarowe,Oś kierowana
265/70R19.5 MATADOR HR 4 140/138M 14PR TL M+S 3PMSF,MATADOR,265/70R19.5,Ciężarowe,Oś kierowana
265/70R19.5 MATADOR HR 4 140/138M 14PR TL M+S 3PMSF,MATADOR,265/70R19.5,Ciężarowe,Oś kierowana
265/70R19.5 MATADOR HR 5 143/141J 16PR TL M+S 3PMSF,MATADOR,265/70R19.5,Przemysłowe,Uniwersalne/pozostałe
245/70R19.5 MATADOR HR 4 136/134M 16PR TL M+S 3PMSF,MATADOR,245/70R19.5,Przemysłowe,Uniwersalne/pozostałe
245/70R19.5 MATADOR HR 4 136/134M 16PR TL M+S 3PMSF,MATADOR,245/70R19.5,Przemysłowe,Uniwersalne/pozostałe
245/70R19.5 MATADOR HR 5 141/140K 16PR TL M+S 3PMSF,MATADOR,245/70R19.5,Przemysłowe,Uniwersalne/pozostałe
8.5R17.5 MATADOR HR 4 121/120L 10PR TL M+S 3PMSF,MATADOR,8.5R17.5,Ciężarowe,Oś kierowana
245/70R17.5 MATADOR HR 4 136/134M 14PR TL M+S 3PMSF,MATADOR,245/70R17.5,Ciężarowe,Oś kierowana
245/70R17.5 MATADOR HR 4 136/134M 14PR TL M+S 3PMSF,MATADOR,245/70R17.5,Ciężarowe,Oś kierowana
245/70R17.5 MATADOR HR 5 143/141L 16PR TL M+S 3PMSF,MATADOR,245/70R17.5,Przemysłowe,Uniwersalne/pozostałe
235/75R17.5 MATADOR HR 4 132/130M 12PR TL M+S 3PMSF,MATADOR,235/75R17.5,Ciężarowe,Oś kierowana
235/75R17.5 MATADOR HR 4 132/130M 12PR TL M+S 3PMSF,MATADOR,235/75R17.5,Ciężarowe,Oś kierowana
235/75R17.5 MATADOR HR 5 143/141K 16PR TL M+S 3PMSF,MATADOR,235/75R17.5,Przemysłowe,Uniwersalne/pozostałe
225/75R17.5 MATADOR HR 4 129/127M 12PR TL M+S 3PMSF,MATADOR,225/75R17.5,Ciężarowe,Oś kierowana
225/75R17.5 MATADOR HR 4 129/127M 12PR TL M+S 3PMSF,MATADOR,225/75R17.5,Ciężarowe,Oś kierowana
215/75R17.5 MATADOR HR 4 126/124M 12PR TL M+S 3PMSF,MATADOR,215/75R17.5,Ciężarowe,Oś kierowana
215/75R17.5 MATADOR HR 4 126/124M 12PR TL M+S 3PMSF,MATADOR,215/75R17.5,Ciężarowe,Oś kierowana
215/75R17.5 MATADOR HR 5 135/133K 16PR TL M+S 3PMSF,MATADOR,215/75R17.5,Przemysłowe,Uniwersalne/pozostałe
205/75R17.5 MATADOR HR 4 124/122M 12PR TL M+S 3PMSF,MATADOR,205/75R17.5,Ciężarowe,Oś kierowana
205/75R17.5 MATADOR HR 4 124/122M TL M+S 3PMSF,MATADOR,205/75R17.5,Ciężarowe,Oś kierowana
205/75R17.5 MATADOR HR 4 124/122M TL M+S 3PMSF,MATADOR,205/75R17.5,Ciężarowe,Oś kierowana
360/70R24 LINGLONG LR700 122A8/119B TL,LINGLONG,360/70R24,Rolnicze,Uniwersalne/pozostałe
26.5R25 LINGLONG LXL MASTER ** L-3 209A2 TL,LINGLONG,26.5R25,Rolnicze,Uniwersalne/pozostałe
17.5R25 LINGLONG LXL MASTER ** E-3/L-3 182A2/167B TL,LINGLONG,17.5R25,Rolnicze,Uniwersalne/pozostałe
23.5R25 LINGLONG LXL MASTER ** L-3 201A2 TL,LINGLONG,23.5R25,Rolnicze,Uniwersalne/pozostałe
20.5R25 LINGLONG LXL MASTER ** E-3/L-3 193A2/177B TL,LINGLONG,20.5R25,Rolnicze,Uniwersalne/pozostałe
315/80R22.5 LINGLONG W-D60 158/ 22PR TL M+S 3PMSF,LINGLONG,315/80R22.5,Ciężarowe,Oś kierowana
315/80R22.5 LINGLONG W-S60 158/ 22PR TL M+S 3PMSF,LINGLONG,315/80R22.5,Ciężarowe,Oś kierowana
315/70R22.5 LINGLONG W-D60 156/ 18PR TL M+S 3PMSF,LINGLONG,315/70R22.5,Ciężarowe,Oś kierowana
315/70R22.5 LINGLONG W-S60 156/ 16PR TL M+S 3PMSF,LINGLONG,315/70R22.5,Przemysłowe,Uniwersalne/pozostałe
295/80R22.5 LINGLONG W-D60 154/149M 18PR TL M+S 3PMSF,LINGLONG,295/80R22.5,Ciężarowe,Oś kierowana
295/80R22.5 LINGLONG W-S60 154/149M 18PR TL M+S 3PMSF,LINGLONG,295/80R22.5,Ciężarowe,Oś kierowana
13R22.5 LINGLONG M-D41 158/156K 20PR TL M+S,LINGLONG,13R22.5,Ciężarowe,Oś kierowana
13R22.5 LINGLONG KMD406 156/150K 18PR TL M+S 3PMSF,LINGLONG,13R22.5,Ciężarowe,Oś napędowa
13R22.5 LINGLONG KMA400 156/150K 18PR TL M+S 3PMSF,LINGLONG,13R22.5,Ciężarowe,Oś kierowana
445/65R22.5 LINGLONG KMA400 169K 20PR TL M+S 3PMSF,LINGLONG,445/65R22.5,Ciężarowe,Oś kierowana
425/65R22.5 LINGLONG R-T30 165K 20PR TL M+S 3PMSF,LINGLONG,425/65R22.5,Ciężarowe,Oś kierowana
385/65R22.5 LINGLONG KXA400 164K 24PR TL M+S,LINGLONG,385/65R22.5,Ciężarowe,Oś kierowana
385/65R22.5 LINGLONG KTS300 164K/158L 24PR TL M+S 3PMSF,LINGLONG,385/65R22.5,Ciężarowe,Oś kierowana
385/65R22.5 LINGLONG ETT100 164K/158L 24PR TL M+S 3PMSF,LINGLONG,385/65R22.5,Ciężarowe,Naczepa/przyczepa
385/65R22.5 LINGLONG M-A40 164J 24PR TL M+S 3PMSF,LINGLONG,385/65R22.5,Ciężarowe,All position
385/65R22.5 LINGLONG LTL863 164J 24PR TL M+S 3PMSF,LINGLONG,385/65R22.5,Ciężarowe,Naczepa/przyczepa
385/55R22.5 LINGLONG KTS300 160K/158L 20PR TL M+S 3PMSF,LINGLONG,385/55R22.5,Ciężarowe,Oś kierowana
385/55R22.5 LINGLONG LTL863 160J/158L 20PR TL M+S 3PMSF,LINGLONG,385/55R22.5,Ciężarowe,Naczepa/przyczepa
315/80R22.5 LINGLONG KTS300 156L/154M 22PR TL M+S 3PMSF,LINGLONG,315/80R22.5,Ciężarowe,Oś kierowana
315/80R22.5 LINGLONG ETD100 156/ 20PR TL M+S 3PMSF,LINGLONG,315/80R22.5,Ciężarowe,Oś napędowa
315/80R22.5 LINGLONG M-D40 158/150K 22PR TL M+S 3PMSF,LINGLONG,315/80R22.5,Ciężarowe,Oś kierowana
315/80R22.5 LINGLONG KMD406 156/150K 20PR TL M+S 3PMSF,LINGLONG,315/80R22.5,Ciężarowe,Oś napędowa
315/80R22.5 LINGLONG KMA400 158/150K 22PR TL M+S 3PMSF,LINGLONG,315/80R22.5,Ciężarowe,Oś kierowana
315/70R22.5 LINGLONG KTS300 156L/154M 18PR TL M+S 3PMSF,LINGLONG,315/70R22.5,Ciężarowe,Oś kierowana
315/70R22.5 LINGLONG KTD300 156L/154M 18PR TL M+S 3PMSF,LINGLONG,315/70R22.5,Ciężarowe,Oś napędowa
315/70R22.5 LINGLONG ETD100 156/150L 18PR TL M+S 3PMSF,LINGLONG,315/70R22.5,Ciężarowe,Oś napędowa
315/70R22.5 LINGLONG R-D36 156/ 18PR TL M+S 3PMSF,LINGLONG,315/70R22.5,Ciężarowe,Oś kierowana
315/70R22.5 LINGLONG R-S30 156L/154M 18PR TL M+S 3PMSF,LINGLONG,315/70R22.5,Ciężarowe,Oś kierowana
315/60R22.5 LINGLONG R-D30 153/150K 20PR TL M+S 3PMSF,LINGLONG,315/60R22.5,Ciężarowe,Oś kierowana
295/80R22.5 LINGLONG KTS300 154/149M 18PR TL M+S 3PMSF,LINGLONG,295/80R22.5,Ciężarowe,Oś kierowana
295/80R22.5 LINGLONG KTD300 152/148M 16PR TL M+S 3PMSF,LINGLONG,295/80R22.5,Przemysłowe,Uniwersalne/pozostałe
295/80R22.5 LINGLONG R-D30 154/149L 18PR TL M+S 3PMSF,LINGLONG,295/80R22.5,Ciężarowe,Oś kierowana
295/60R22.5 LINGLONG R-D30 150/147L 16PR TL M+S 3PMSF,LINGLONG,295/60R22.5,Przemysłowe,Uniwersalne/pozostałe
295/60R22.5 LINGLONG KTS300 150/147L 16PR TL M+S 3PMSF,LINGLONG,295/60R22.5,Przemysłowe,Uniwersalne/pozostałe
445/45R19.5 LINGLONG ETT100 160J 20PR TL M+S 3PMSF,LINGLONG,445/45R19.5,Ciężarowe,Naczepa/przyczepa
385/55R19.5 LINGLONG -T10 156J 18PR TL M+S 3PMSF,LINGLONG,385/55R19.5,Ciężarowe,Oś kierowana
285/70R19.5 LINGLONG KLD200 146/144M 18PR TL M+S 3PMSF,LINGLONG,285/70R19.5,Ciężarowe,Oś napędowa
265/70R19.5 LINGLONG KLS200 140/138M 16PR TL M+S 3PMSF,LINGLONG,265/70R19.5,Przemysłowe,Uniwersalne/pozostałe
265/70R19.5 LINGLONG KLD200 140/138M 16PR TL M+S 3PMSF,LINGLONG,265/70R19.5,Przemysłowe,Uniwersalne/pozostałe
245/70R19.5 LINGLONG KLS200 136/134M 16PR TL M+S 3PMSF,LINGLONG,245/70R19.5,Przemysłowe,Uniwersalne/pozostałe
245/70R19.5 LINGLONG KLD200 136/134M 16PR TL M+S 3PMSF,LINGLONG,245/70R19.5,Przemysłowe,Uniwersalne/pozostałe
265/70R17.5 LINGLONG L-D20 140/138M 16PR TL M+S 3PMSF,LINGLONG,265/70R17.5,Przemysłowe,Uniwersalne/pozostałe
265/70R17.5 LINGLONG KLS200 140/138M 16PR TL M+S 3PMSF,LINGLONG,265/70R17.5,Przemysłowe,Uniwersalne/pozostałe
265/70R17.5 LINGLONG KLS200 140/138M 16PR TL M+S 3PMSF,LINGLONG,265/70R17.5,Przemysłowe,Uniwersalne/pozostałe
265/70R17.5 LINGLONG KLD200 140/138M 16PR TL M+S 3PMSF,LINGLONG,265/70R17.5,Przemysłowe,Uniwersalne/pozostałe
245/70R17.5 LINGLONG -S20 136/134M 16PR TL M+S 3PMSF,LINGLONG,245/70R17.5,Przemysłowe,Uniwersalne/pozostałe
245/70R17.5 LINGLONG L-D20 136/134M 16PR TL M+S 3PMSF,LINGLONG,245/70R17.5,Przemysłowe,Uniwersalne/pozostałe
245/70R17.5 LINGLONG KLS200 136/134M 16PR TL M+S 3PMSF,LINGLONG,245/70R17.5,Przemysłowe,Uniwersalne/pozostałe
245/70R17.5 LINGLONG KLS200 136/134M 16PR TL M+S 3PMSF,LINGLONG,245/70R17.5,Przemysłowe,Uniwersalne/pozostałe
245/70R17.5 LINGLONG KLD200 136/134M 16PR TL M+S 3PMSF,LINGLONG,245/70R17.5,Przemysłowe,Uniwersalne/pozostałe
245/70R17.5 LINGLONG KLT200 143/141J 18PR TL M+S,LINGLONG,245/70R17.5,Ciężarowe,All position
235/75R17.5 LINGLONG -S20 132/130M 14PR TL M+S 3PMSF,LINGLONG,235/75R17.5,Ciężarowe,Oś kierowana
235/75R17.5 LINGLONG -D20 132/130M 14PR TL M+S 3PMSF,LINGLONG,235/75R17.5,Ciężarowe,Oś kierowana
235/75R17.5 LINGLONG KLD200 132/130M 14PR TL M+S 3PMSF,LINGLONG,235/75R17.5,Ciężarowe,Oś napędowa
235/75R17.5 LINGLONG KLD200 132/130M 14PR TL M+S 3PMSF,LINGLONG,235/75R17.5,Ciężarowe,Oś napędowa
235/75R17.5 LINGLONG -T20 143/141J 18PR TL M+S 3PMSF,LINGLONG,235/75R17.5,Ciężarowe,All position
235/75R17.5 LINGLONG KLT200 143/141J 18PR TL M+S,LINGLONG,235/75R17.5,Ciężarowe,All position
225/75R17.5 LINGLONG L-S20 129/127M 14PR TL M+S 3PMSF,LINGLONG,225/75R17.5,Ciężarowe,Oś kierowana
225/75R17.5 LINGLONG L-D20 129/127M 14PR TL M+S 3PMSF,LINGLONG,225/75R17.5,Ciężarowe,Oś kierowana
225/75R17.5 LINGLONG KLS200 129/127M 14PR TL M+S 3PMSF,LINGLONG,225/75R17.5,Ciężarowe,Oś kierowana
225/75R17.5 LINGLONG KLD200 129/127M 14PR TL M+S 3PMSF,LINGLONG,225/75R17.5,Ciężarowe,Oś napędowa
215/75R17.5 LINGLONG -S20 126/124M 14PR TL M+S 3PMSF,LINGLONG,215/75R17.5,Ciężarowe,Oś kierowana
215/75R17.5 LINGLONG L-D20 126/124M 14PR TL M+S 3PMSF,LINGLONG,215/75R17.5,Ciężarowe,Oś kierowana
215/75R17.5 LINGLONG KLS200 126/124M 14PR TL M+S 3PMSF,LINGLONG,215/75R17.5,Ciężarowe,Oś kierowana
215/75R17.5 LINGLONG KLD200 126/124M 14PR TL M+S 3PMSF,LINGLONG,215/75R17.5,Ciężarowe,Oś napędowa
215/75R17.5 LINGLONG -T20 135/133J 16PR TL M+S 3PMSF,LINGLONG,215/75R17.5,Przemysłowe,Uniwersalne/pozostałe
215/75R17.5 LINGLONG KLT200 135/133J 16PR TL M+S,LINGLONG,215/75R17.5,Przemysłowe,Uniwersalne/pozostałe
205/75R17.5 LINGLONG -S20 124/122M 14PR TL M+S 3PMSF,LINGLONG,205/75R17.5,Ciężarowe,Oś kierowana
205/75R17.5 LINGLONG L-D20 124/122M 14PR TL M+S 3PMSF,LINGLONG,205/75R17.5,Ciężarowe,Oś kierowana
205/65R17.5 LINGLONG -T20 129/127J 16PR TL M+S 3PMSF,LINGLONG,205/65R17.5,Przemysłowe,Uniwersalne/pozostałe
205/65R17.5 LINGLONG KLT200 129/127J 16PR TL M+S,LINGLONG,205/65R17.5,Przemysłowe,Uniwersalne/pozostałe
385/65R22.5 KUMHO KWA03 158L 18PR TL 3PMSF,KUMHO,385/65R22.5,Ciężarowe,All position
385/55R22.5 KUMHO KWA03 160J 18PR TL 3PMSF,KUMHO,385/55R22.5,Ciężarowe,All position
315/80R22.5 KUMHO KWD01 154/150M 18PR TL 3PMSF,KUMHO,315/80R22.5,Ciężarowe,Oś napędowa
315/70R22.5 KUMHO KWD01 154/150L 18PR TL 3PMSF,KUMHO,315/70R22.5,Ciężarowe,Oś napędowa
315/70R22.5 KUMHO KWA03 154/150L 18PR TL 3PMSF,KUMHO,315/70R22.5,Ciężarowe,All position
295/80R22.5 KUMHO KWD01 152/148L 16PR TL 3PMSF,KUMHO,295/80R22.5,Przemysłowe,Uniwersalne/pozostałe
385/65R22.5 KUMHO KXA11 164K 24PR TL 3PMSF,KUMHO,385/65R22.5,Ciężarowe,Oś kierowana
385/65R22.5 KUMHO KLS03 164K 24PR TL 3PMSF,KUMHO,385/65R22.5,Ciężarowe,All position
385/65R22.5 KUMHO KLT03 160K 20PR TL 3PMSF,KUMHO,385/65R22.5,Ciężarowe,All position
385/65R22.5 KUMHO KLT03 160K 20PR TL 3PMSF,KUMHO,385/65R22.5,Ciężarowe,All position
385/55R22.5 KUMHO KXA31 160K 20PR TL 3PMSF,KUMHO,385/55R22.5,Ciężarowe,All position
385/55R22.5 KUMHO KLT31 160K 20PR TL 3PMSF,KUMHO,385/55R22.5,Ciężarowe,All position
385/55R22.5 KUMHO KLA31 160K 20PR TL 3PMSF,KUMHO,385/55R22.5,Ciężarowe,All position
385/55R22.5 KUMHO KLS23 160K 20PR TL 3PMSF,KUMHO,385/55R22.5,Ciężarowe,All position
385/55R22.5 KUMHO KLT23 160K 20PR TL 3PMSF,KUMHO,385/55R22.5,Ciężarowe,All position
315/80R22.5 KUMHO KXS10 156/150L 20PR TL 3PMSF,KUMHO,315/80R22.5,Ciężarowe,All position
315/80R22.5 KUMHO KXD10 156/150L 20PR TL 3PMSF,KUMHO,315/80R22.5,Ciężarowe,All position
315/80R22.5 KUMHO KMD51 156/150K 20PR TL 3PMSF,KUMHO,315/80R22.5,Ciężarowe,All position
315/70R22.5 KUMHO KXS10 156/150L 20PR TL 3PMSF,KUMHO,315/70R22.5,Ciężarowe,All position
315/70R22.5 KUMHO KXA31 156/150L 20PR TL 3PMSF,KUMHO,315/70R22.5,Ciężarowe,All position
315/70R22.5 KUMHO KLD23 154/150L 18PR TL 3PMSF,KUMHO,315/70R22.5,Ciężarowe,All position
315/70R22.5 KUMHO KXD31 154/150L 18PR TL 3PMSF,KUMHO,315/70R22.5,Ciężarowe,All position
315/60R22.5 KUMHO KXS10 154/148L 16PR TL 3PMSF,KUMHO,315/60R22.5,Przemysłowe,Uniwersalne/pozostałe
315/60R22.5 KUMHO KXS10 154/148L 16PR TL 3PMSF,KUMHO,315/60R22.5,Przemysłowe,Uniwersalne/pozostałe
295/80R22.5 KUMHO KXS10 154/149L 18PR TL 3PMSF,KUMHO,295/80R22.5,Ciężarowe,All position
295/80R22.5 KUMHO KXD10 154/149L 18PR TL 3PMSF,KUMHO,295/80R22.5,Ciężarowe,All position
295/60R22.5 KUMHO KLD03 150/147K 16PR TL 3PMSF,KUMHO,295/60R22.5,Przemysłowe,Uniwersalne/pozostałe
295/60R22.5 KUMHO KRD50 150/147K 16PR TL 3PMSF,KUMHO,295/60R22.5,Przemysłowe,Uniwersalne/pozostałe
275/70R22.5 KUMHO CA03 150/145J 18PR TL 3PMSF,KUMHO,275/70R22.5,Ciężarowe,All position
12.00R20 KUMHO KFD04 154/149K 18PR TT,KUMHO,12.00R20,Rolnicze,Uniwersalne/pozostałe
445/45R19.5 KUMHO KLT03 160J 22PR TL 3PMSF,KUMHO,445/45R19.5,Ciężarowe,All position
445/45R19.5 KUMHO KLT23 160J 22PR TL 3PMSF,KUMHO,445/45R19.5,Ciężarowe,All position
435/50R19.5 KUMHO KLT03 160J 20PR TL 3PMSF,KUMHO,435/50R19.5,Ciężarowe,All position
435/50R19.5 KUMHO KLT23 160J 20PR TL 3PMSF,KUMHO,435/50R19.5,Ciężarowe,All position
285/70R19.5 KUMHO KRT03 150/148J 18PR TL 3PMSF,KUMHO,285/70R19.5,Ciężarowe,Naczepa/przyczepa
285/70R19.5 KUMHO KRT03 150/148J 18PR TL 3PMSF,KUMHO,285/70R19.5,Ciężarowe,Naczepa/przyczepa
265/70R19.5 KUMHO KRT03 143/141J 18PR TL 3PMSF,KUMHO,265/70R19.5,Ciężarowe,Naczepa/przyczepa
235/75R17.5 KUMHO KRS03 132/130M 14PR TL 3PMSF,KUMHO,235/75R17.5,Ciężarowe,All position
235/75R17.5 KUMHO KRT03 143/141J 18PR TL 3PMSF,KUMHO,235/75R17.5,Ciężarowe,Naczepa/przyczepa
225/75R17.5 KUMHO KRS50 129/127M 12PR TL 3PMSF,KUMHO,225/75R17.5,Ciężarowe,All position
225/75R17.5 KUMHO KXA31 131/129L 14PR TL 3PMSF,KUMHO,225/75R17.5,Ciężarowe,All position
215/75R17.5 KUMHO KRS50 128/126M 14PR TL 3PMSF,KUMHO,215/75R17.5,Ciężarowe,All position
520/70R38 KABAT EVOLUTION 70 150D TL,KABAT,520/70R38,Rolnicze,Ciągnik
480/70R34 KABAT EVOLUTION 70 143D TL,KABAT,480/70R34,Rolnicze,Ciągnik
420/85R34 KABAT EVOLUTION 85 142D TL,KABAT,420/85R34,Rolnicze,Ciągnik
420/70R28 KABAT EVOLUTION 70 133D TL,KABAT,420/70R28,Rolnicze,Ciągnik
380/70R24 KABAT EVOLUTION 70 125D TL,KABAT,380/70R24,Rolnicze,Ciągnik
340/85R24 KABAT EVOLUTION 85 125D TL,KABAT,340/85R24,Rolnicze,Ciągnik
18.4-38 KABAT SGP-04 154A6 14PR TT,KABAT,18.4-38,Rolnicze,Ciągnik
16.9-38 KABAT SGP-04 14PR TT,KABAT,16.9-38,Rolnicze,Ciągnik
15.5-38 KABAT SGP-04 138A6 10PR TT,KABAT,15.5-38,Rolnicze,Ciągnik
9.5-36 KABAT SGP-04 123A6 10PR TT,KABAT,9.5-36,Rolnicze,Ciągnik
18.4-34 KABAT SGP-04 154A6 14PR TT,KABAT,18.4-34,Rolnicze,Ciągnik
18.4-34 KABAT SGP-04 151A6 12PR TT,KABAT,18.4-34,Rolnicze,Ciągnik
16.9-34 KABAT SGP-04 148A8 14PR TT,KABAT,16.9-34,Rolnicze,Ciągnik
16.9-34 KABAT SGP-04 135A8 12PR TT,KABAT,16.9-34,Rolnicze,Ciągnik
12.4-32 KABAT SGP-04 125A6 8PR TT,KABAT,12.4-32,Rolnicze,Ciągnik
9.5-32 KABAT SGP-04 115A6 8PR TT,KABAT,9.5-32,Rolnicze,Ciągnik
18.4-30 KABAT SGP-04 149A6 12PR TT,KABAT,18.4-30,Rolnicze,Ciągnik
18.4-30 KABAT SGP-04 154A6 14PR TT,KABAT,18.4-30,Rolnicze,Ciągnik
16.9-30 KABAT SGP-04 150A6 14PR TT,KABAT,16.9-30,Rolnicze,Ciągnik
16.9-30 KABAT SGP-04 135A8 12PR TT,KABAT,16.9-30,Rolnicze,Ciągnik
16.9-28 KABAT SGP-04 139A6 10PR TT,KABAT,16.9-28,Rolnicze,Ciągnik
14.9-28 KABAT SGP-03 130A6 8PR TT,KABAT,14.9-28,Rolnicze,Ciągnik
13.6-28 KABAT SGP-04 125A6 8PR TT,KABAT,13.6-28,Rolnicze,Ciągnik
12.4-28 KABAT SGP-02 123A6 8PR TT,KABAT,12.4-28,Rolnicze,Ciągnik
11.2-28 KABAT SGP-02 118A6 8PR TT,KABAT,11.2-28,Rolnicze,Ciągnik
14.9-24 KABAT SGP-04 128A6 8PR TT,KABAT,14.9-24,Rolnicze,Ciągnik
12.4-24 KABAT SGP-04 123A6 10PR TT,KABAT,12.4-24,Rolnicze,Ciągnik
12.4-24 KABAT SGP-04 120A6 8PR TT,KABAT,12.4-24,Rolnicze,Ciągnik
12.4-24 KABAT SGP-04 128A6 12PR TT,KABAT,12.4-24,Rolnicze,Ciągnik
11.2-24 KABAT SGP-04 116A6 8PR TT,KABAT,11.2-24,Rolnicze,Ciągnik
9.5-24 KABAT SGP-04 112A6 8PR TT,KABAT,9.5-24,Rolnicze,Ciągnik
7.50-20 KABAT SRF-04 108A6 8PR TT,KABAT,7.50-20,Rolnicze,Ciągnik
13.0/65-18 KABAT IMP-03 16PR TT,KABAT,13.0/65-18,Przemysłowe,Uniwersalne/pozostałe
6.00-18 KABAT SRF-02 88A8 6PR TT,KABAT,6.00-18,Rolnicze,Ciągnik
9.00-16 KABAT IMP-09 14PR TT,KABAT,9.00-16,Rolnicze,Przyczepa
7.50-16 KABAT SRF-02 103A8 8PR TT,KABAT,7.50-16,Rolnicze,Ciągnik
7.50-16 KABAT SRF-02 98A8 6PR TT,KABAT,7.50-16,Rolnicze,Ciągnik
7.50-16 KABAT SGP-04 103A8 8PR TT,KABAT,7.50-16,Rolnicze,Ciągnik
7.50-16 KABAT SRF-05 103A8 8PR TT,KABAT,7.50-16,Rolnicze,Ciągnik
7.50-16 KABAT SRF-05 98A8 6PR TT,KABAT,7.50-16,Rolnicze,Ciągnik
7.50-16 KABAT SGP-04 98A6 6PR TT,KABAT,7.50-16,Rolnicze,Ciągnik
6.00-16 KABAT SRF-03 94A8 8PR TT,KABAT,6.00-16,Rolnicze,Ciągnik
6.00-16 KABAT SRF-03 88A8 6PR TT,KABAT,6.00-16,Rolnicze,Ciągnik
6.00-16 KABAT SGP-04 88A8 6PR TT,KABAT,6.00-16,Rolnicze,Ciągnik
6.00-16 KABAT SRF-01 94A8 8PR TT,KABAT,6.00-16,Rolnicze,Ciągnik
6.00-16 KABAT SRF-01 88A8 6PR TT,KABAT,6.00-16,Rolnicze,Ciągnik
6.00-16 KABAT SGP-04 94A6 8PR TT,KABAT,6.00-16,Rolnicze,Ciągnik
400/60-15.5 KABAT IMP-04 145A8 14PR TL,KABAT,400/60-15.5,Rolnicze,Przyczepa
400/60-15.5 KABAT SGP-05 145A8/132A8 14PR TL,KABAT,400/60-15.5,Rolnicze,Ciągnik
11.5/80-15.3 KABAT IMP-03 141A8 16PR TT,KABAT,11.5/80-15.3,Przemysłowe,Uniwersalne/pozostałe
11.5/80-15.3 KABAT IMP-03 141A8 16PR TL,KABAT,11.5/80-15.3,Przemysłowe,Uniwersalne/pozostałe
11.5/80-15.3 KABAT IMP-03 139A8 14PR TL,KABAT,11.5/80-15.3,Rolnicze,Przyczepa
11.5/80-15.3 KABAT IMP-03 139A8 14PR TT,KABAT,11.5/80-15.3,Rolnicze,Przyczepa
11.5/80-15.3 KABAT IMP-03 135A8 12PR TT,KABAT,11.5/80-15.3,Rolnicze,Przyczepa
10.0/75-15.3 KABAT IMP-03 130A8 14PR TT,KABAT,10.0/75-15.3,Rolnicze,Przyczepa
10.0/75-15.3 KABAT IMP-03 126A8 12PR TL,KABAT,10.0/75-15.3,Rolnicze,Przyczepa
10.0/75-15.3 KABAT IMP-03 126A8 12PR TT,KABAT,10.0/75-15.3,Rolnicze,Przyczepa
10.0/75-15.3 KABAT IMP-03 123A8 10PR TT,KABAT,10.0/75-15.3,Rolnicze,Przyczepa
10.0/80-12 KABAT IMP-07 117A8 10PR TL,KABAT,10.0/80-12,Rolnicze,Przyczepa
10.0/80-12 KABAT IMP-07 117A8 10PR TT,KABAT,10.0/80-12,Rolnicze,Przyczepa
7.00-12 KABAT IMP-07 95A8 6PR TT,KABAT,7.00-12,Rolnicze,Przyczepa
4.00-10 KABAT SGP-02 49A4 4PR TT,KABAT,4.00-10,Rolnicze,Ciągnik
4.00-10 KABAT IMP-02 62A4 4PR TT,KABAT,4.00-10,Rolnicze,Przyczepa
5.00-9 KABAT IMP-02 69A6 4PR TT,KABAT,5.00-9,Rolnicze,Przyczepa
16X6.50-8 KABAT LWG-02 IMPLEMENT KLOCKOWA 73A4 6PR TL,KABAT,16x6.50-8,Rolnicze,Przyczepa
16X6.50-8 KABAT IMP-06 IMPLEMENT LINIOWA 73A4 6PR TL,KABAT,16x6.50-8,Rolnicze,Przyczepa
16X6.50-8 KABAT IMP-06 73A4 6PR TT,KABAT,16x6.50-8,Rolnicze,Przyczepa
16X6.50-8 KABAT LWG-02 IMPLEMENT KLOCKOWA 73A4 6PR TT,KABAT,16x6.50-8,Rolnicze,Przyczepa
4.00-8 KABAT IMP-01 59A4 6PR TT,KABAT,4.00-8,Rolnicze,Przyczepa
4.00-8 KABAT IMP-01 57A4 4PR TT,KABAT,4.00-8,Rolnicze,Przyczepa
18X8.50-8 KABAT LWG-02 IMPLEMENT KLOCKOWA 82A4 6PR TL,KABAT,18x8.50-8,Rolnicze,Przyczepa
18X8.50-8 KABAT LWG-02 IMPLEMENT KLOCKOWA 82A4 6PR TT,KABAT,18x8.50-8,Rolnicze,Przyczepa
18X8.50-8 KABAT IMP-06 IMPLEMENT LINIOWA 82A4 6PR TT,KABAT,18x8.50-8,Rolnicze,Przyczepa
18X8.50-8 KABAT IMP-06 IMPLEMENT LINIOWA 82A4 6PR TL,KABAT,18x8.50-8,Rolnicze,Przyczepa
15X6.00-6 KABAT LWG-02 IMPLEMENT KLOCKOWA 73A4 6PR TT,KABAT,15x6.00-6,Rolnicze,Przyczepa
15X6.00-6 KABAT IMP-06 IMPLEMENT LINIOWA 6PR TT,KABAT,15x6.00-6,Rolnicze,Przyczepa
15X6.00-6 KABAT IMP-06 6PR TL,KABAT,15x6.00-6,Rolnicze,Przyczepa
23X5 KABAT IMP-08 121A5 10PR TT,KABAT,23x5,Rolnicze,Przyczepa
23X5 KABAT IMP-08 113A5 6PR TT,KABAT,23x5,Rolnicze,Przyczepa
440/80-28 KABAT GTR-03 156A8 14PR TL,KABAT,440/80-28,Rolnicze,Ciągnik
440/80-28 KABAT GTR-03 152A8 12PR TL,KABAT,440/80-28,Rolnicze,Ciągnik
10.00-20 KABAT GTR-01 16PR TT,KABAT,10.00-20,Przemysłowe,Uniwersalne/pozostałe
340/80-18 KABAT GTR-03 146A8 14PR TL,KABAT,340/80-18,Rolnicze,Ciągnik
340/80-18 KABAT GTR-03 143A8 12PR TL,KABAT,340/80-18,Rolnicze,Ciągnik
13R22.5 MIRAGE MG768 NAPĘD 156/152G 20PR M+S,MIRAGE,13R22.5,Ciężarowe,All position
13R22.5 MIRAGE MG702 PROWADZąCA 156/152G 20PR M+S,MIRAGE,13R22.5,Ciężarowe,All position
385/65R22.5 MIRAGE MG022 /NACZEPA 164K/158L 24PR M+S 3PMSF,MIRAGE,385/65R22.5,Ciężarowe,All position
315/80R22.5 MIRAGE MG011 PROWADZąCA 156/152L 20PR M+S,MIRAGE,315/80R22.5,Ciężarowe,All position
315/80R22.5 MIRAGE MG768 NAPęD 156/152L 20PR M+S,MIRAGE,315/80R22.5,Ciężarowe,All position
315/80R22.5 MIRAGE MG638 156/152L NAPęD 20PR M+S 3PMSF,MIRAGE,315/80R22.5,Ciężarowe,All position
315/80R22.5 MIRAGE MG121 158/150L PROWADZąCA 20PR M+S 3PMSF,MIRAGE,315/80R22.5,Ciężarowe,All position
315/70R22.5 MIRAGE MG638 NAPęD 154/150L 20PR M+S 3PMSF,MIRAGE,315/70R22.5,Ciężarowe,All position
315/70R22.5 MIRAGE MG121 PROWADZąCA 156/150L 20PR M+S,MIRAGE,315/70R22.5,Ciężarowe,All position
295/80R22.5 MIRAGE MG628 NAPęD 152/149M 18PR M+S 3PMSF,MIRAGE,295/80R22.5,Ciężarowe,All position
295/80R22.5 MIRAGE MG121 PROWADZĄCA 154/149L 20PR M+S 3PMSF,MIRAGE,295/80R22.5,Ciężarowe,All position
340/85R48 MRL RC 950 SPRAYER 151D/154A8 TL,MRL,340/85R48,Rolnicze,Opryskiwacz
710/70R42 MRL FARM XTREME 75 RRT500 173D TL,MRL,710/70R42,Rolnicze,Ciągnik
710/70R42 MRL FARM MAXX 70 RRT 770 176A8/173D TL,MRL,710/70R42,Rolnicze,Ciągnik
650/65R42 MRL FARM XTREME 65 RRT500 165D/168A8 TL,MRL,650/65R42,Rolnicze,Ciągnik
650/65R42 MRL FARM XTREME 65 RRT 665 165D/168A8 TL,MRL,650/65R42,Rolnicze,Ciągnik
620/70R42 MRL FARM MAXX 70 RRT 770 160D/163A8 TL,MRL,620/70R42,Rolnicze,Ciągnik
230/95R42 MRL RC 950 SPRAYER 133D/136A8 TL,MRL,230/95R42,Rolnicze,Opryskiwacz
710/70R38 MRL FARM MAXX 70 RRT 770 178D/181A8 TL,MRL,710/70R38,Rolnicze,Ciągnik
710/70R38 MRL FARM MAXX 70 RRT 770 175A8/172D TL,MRL,710/70R38,Rolnicze,Ciągnik
650/65R38 MRL FARM XTREME 65 RRT500 163D/166A8 TL,MRL,650/65R38,Rolnicze,Ciągnik
650/65R38 MRL FARM XTREME 65 RRT 665 163D/166A8 TL,MRL,650/65R38,Rolnicze,Ciągnik
600/65R38 MRL FARM XTREME 65 RRT500 159D/162A8 TL,MRL,600/65R38,Rolnicze,Ciągnik
580/70R38 MRL FARM MAXX 70 RRT 770 155A8/155B TL,MRL,580/70R38,Rolnicze,Ciągnik
540/65R38 MRL FARM XTREME 65 RRT500 153D/156A8 TL,MRL,540/65R38,Rolnicze,Ciągnik
520/85R38 MRL FARM XTREME 85 RRT500 155D TL,MRL,520/85R38,Rolnicze,Ciągnik
520/85R38 MRL FARM SUPER 85 RRT 885 155A8/155B TL,MRL,520/85R38,Rolnicze,Ciągnik
520/70R38 MRL FARM XTREME 70 RRT 500 150D/153A8 TL,MRL,520/70R38,Rolnicze,Ciągnik
460/85R38 MRL FARM XTREME 85 RRT500 149D TL,MRL,460/85R38,Rolnicze,Ciągnik
420/85R38 MRL FARM XTREME 85 RRT500 144D TL,MRL,420/85R38,Rolnicze,Ciągnik
420/85R38 MRL FARM SUPER 85 RRT 885 144A8/144B TL,MRL,420/85R38,Rolnicze,Ciągnik
270/95R36 MRL RC 950 SPRAYER 139A8/136D TL,MRL,270/95R36,Rolnicze,Opryskiwacz
600/65R34 MRL FARM XTREME 65 RRT500 157D/160A8 TL,MRL,600/65R34,Rolnicze,Ciągnik
540/65R34 MRL FARM XTREME 65 RRT500 152D/155A8 TL,MRL,540/65R34,Rolnicze,Ciągnik
540/65R34 MRL FARM XTREME 65 RRT 665 152D/155A8 TL,MRL,540/65R34,Rolnicze,Ciągnik
420/85R34 MRL FARM XTREME 85 RRT500 142D TL,MRL,420/85R34,Rolnicze,Ciągnik
420/85R34 MRL FARM SUPER 85 RRT 885 142A8/142B TL,MRL,420/85R34,Rolnicze,Ciągnik
320/85R32 MRL FARM SUPER 85 RRT 885 126D/129A8 TL,MRL,320/85R32,Rolnicze,Ciągnik
270/95R32 MRL RC 950 SPRAYER 136A8/133D TL,MRL,270/95R32,Rolnicze,Opryskiwacz
600/65R30 MRL FARM XTREME 65 RRT500 155D/158A8 TL,MRL,600/65R30,Rolnicze,Ciągnik
600/65R30 MRL FARM XTREME 65 RRT 665 155D/158A8 TL,MRL,600/65R30,Rolnicze,Ciągnik
540/65R30 MRL FARM XTREME 65 RRT500 150D/153A8 TL,MRL,540/65R30,Rolnicze,Ciągnik
480/70R30 MRL FARM MAXX 70 RRT 770 141A8/141B TL,MRL,480/70R30,Rolnicze,Ciągnik
420/85R30 MRL FARM SUPER 85 RRT 885 140A8/140B TL,MRL,420/85R30,Rolnicze,Ciągnik
600/65R28 MRL FARM XTREME 65 RRT500 154D/157A8 TL,MRL,600/65R28,Rolnicze,Ciągnik
540/65R28 MRL FARM XTREME 65 RRT500 149D/152A8 TL,MRL,540/65R28,Rolnicze,Ciągnik
480/65R28 MRL FARM XTREME 65 RRT500 142D/145A8 TL,MRL,480/65R28,Rolnicze,Ciągnik
420/70R28 MRL FARM MAXX 70 RRT 770 133D/136A8 TL,MRL,420/70R28,Rolnicze,Ciągnik
420/70R28 MRL FARM MAXX 70 RRT 770 133A8/133B TL,MRL,420/70R28,Rolnicze,Ciągnik
380/85R28 MRL FARM XTREME 85 RRT500 133D TL,MRL,380/85R28,Rolnicze,Ciągnik
380/70R28 MRL FARM MAXX 70 RRT 770 127D/130A8 TL,MRL,380/70R28,Rolnicze,Ciągnik
380/70R28 MRL FARM MAXX 70 RRT 770 127A8/127B TL,MRL,380/70R28,Rolnicze,Ciągnik
360/70R28 MRL FARM MAXX 70 RRT 770 125D/128A8 TL,MRL,360/70R28,Rolnicze,Ciągnik
340/85R28 MRL FARM SUPER 85 RRT 885 127A8/127B TL,MRL,340/85R28,Rolnicze,Ciągnik
320/85R28 MRL FARM SUPER 85 RRT 885 124A8/124B TL,MRL,320/85R28,Rolnicze,Ciągnik
280/85R28 MRL FARM SUPER 85 RRT 885 118A8/118B TL,MRL,280/85R28,Rolnicze,Ciągnik
710/50R26.5 MRL POWER FLR 333 172D/169E TL SB,MRL,710/50R26.5,Ciężarowe,Uniwersalne/pozostałe
710/50R26.5 MRL FLR 335 SPOWER 172D TL SB,MRL,710/50R26.5,Ciężarowe,Uniwersalne/pozostałe
480/70R24 MRL FARM MAXX 70 RRT 770 138A8/138B TL,MRL,480/70R24,Rolnicze,Ciągnik
480/65R24 MRL FARM XTREME 65 RRT500 140D/143A8 TL,MRL,480/65R24,Rolnicze,Ciągnik
480/65R24 MRL FARM XTREME 65 RRT 665 140D/143A8 TL,MRL,480/65R24,Rolnicze,Ciągnik
420/85R24 MRL FARM XTREME 85 RRT500 137D TL,MRL,420/85R24,Rolnicze,Ciągnik
420/85R24 MRL FARM SUPER 85 RRT 885 137A8/137B TL,MRL,420/85R24,Rolnicze,Ciągnik
420/70R24 MRL FARM MAXX 70 RRT 770 130A8/130B TL,MRL,420/70R24,Rolnicze,Ciągnik
380/85R24 MRL FARM SUPER 85 RRT 885 131A8/131B TL,MRL,380/85R24,Rolnicze,Ciągnik
380/70R24 MRL FARM MAXX 70 RRT 770 125A8/125B TL,MRL,380/70R24,Rolnicze,Ciągnik
340/85R24 MRL FARM XTREME 85 RRT500 125D TL,MRL,340/85R24,Rolnicze,Ciągnik
320/85R24 MRL FARM XTREME 85 RRT500 122D TL,MRL,320/85R24,Rolnicze,Ciągnik
320/70R24 MRL FARM MAXX 70 RRT 770 116A8/116B TL,MRL,320/70R24,Rolnicze,Ciągnik
280/85R24 MRL FARM SUPER 85 RRT 885 115A8/115B TL,MRL,280/85R24,Rolnicze,Ciągnik
600/50R22.5 MRL POWER FLR 333 159E/162D TL SB,MRL,600/50R22.5,Ciężarowe,Uniwersalne/pozostałe
600/50R22.5 MRL FLR 335 SPOWER 162D/159E TL SB,MRL,600/50R22.5,Ciężarowe,Uniwersalne/pozostałe
560/60R22.5 MRL FLR 335 SPOWER 165D/162E TL SB,MRL,560/60R22.5,Ciężarowe,Uniwersalne/pozostałe
500/60R22.5 MRL POWER FLR 333 156D/153E TL SB,MRL,500/60R22.5,Ciężarowe,Uniwersalne/pozostałe
500/60R22.5 MRL FLR 335 SPOWER 156D/153E TL SB,MRL,500/60R22.5,Ciężarowe,Uniwersalne/pozostałe
320/70R20 MRL FARM MAXX 70 RRT 770 123A8/123B TL,MRL,320/70R20,Rolnicze,Ciągnik
280/70R18 MRL FARM MAXX 70 RRT 770 114A8/114B TL,MRL,280/70R18,Rolnicze,Ciągnik
280/70R16 MRL FARM MAXX 70 RRT 770 112A8/112B TL,MRL,280/70R16,Rolnicze,Ciągnik
18.4-38 MRL MRT 329 KIRTI 154A6/150A8 14PR TT,MRL,18.4-38,Rolnicze,Ciągnik
16.9-38 MRL MRT 329 KIRTI 148A6/144A8 14PR TT,MRL,16.9-38,Rolnicze,Ciągnik
15.5-38 MRL MRT 329 KIRTI 142A6/138A8 14PR TT,MRL,15.5-38,Rolnicze,Ciągnik
9.5-36 MRL MRT 329 KIRTI 118A6/114A8 8PR TT,MRL,9.5-36,Rolnicze,Ciągnik
18.4-34 MRL MRT 329 KIRTI 150A6/146A8 12PR TT,MRL,18.4-34,Rolnicze,Ciągnik
16.9-34 MRL MRT 329 KIRTI 146A6/142A8 14PR TT,MRL,16.9-34,Rolnicze,Ciągnik
12.4-32 MRL MRT 329 KIRTI 125A6/121A8 8PR TT,MRL,12.4-32,Rolnicze,Ciągnik
9.5-32 MRL MRT 329 KIRTI 116A6/112A8 8PR TT,MRL,9.5-32,Rolnicze,Ciągnik
16.9-30 MRL MRT 329 KIRTI 146A6/142A8 14PR TT,MRL,16.9-30,Rolnicze,Ciągnik
16.9-28 MRL MRT 329 KIRTI 146A6/142A8 14PR TT,MRL,16.9-28,Rolnicze,Ciągnik
14.9-28 MRL MRT 329 KIRTI 130A6/126A8 8PR TT,MRL,14.9-28,Rolnicze,Ciągnik
14.9-28 MRL MRT 329 KIRTI 136A6/132A8 14PR TT,MRL,14.9-28,Rolnicze,Ciągnik
12.4-28 MRL MRT 329 KIRTI 123A6/119A8 8PR TT,MRL,12.4-28,Rolnicze,Ciągnik
11.2-28 MRL MRT 329 KIRTI 118A6/114A8 8PR TT,MRL,11.2-28,Rolnicze,Ciągnik
18.4-26 MRL MRT 329 KIRTI 16PR TL,MRL,18.4-26,Przemysłowe,Uniwersalne/pozostałe
14.9-26 MRL MRT 329 KIRTI 139A6/135A8 14PR TT,MRL,14.9-26,Rolnicze,Ciągnik
15.5/80-24 MRL MIM 374 166A6/162A8 14PR TL,MRL,15.5/80-24,Rolnicze,Przyczepa
14.9-24 MRL MRT 332 IRRIGATOR ND-2 128A6/124A8 8PR TT,MRL,14.9-24,Rolnicze,Ciągnik
13.6-24 MRL MRT 329 KIRTI 130A6/126A8 12PR TT,MRL,13.6-24,Rolnicze,Ciągnik
12.4-24 MRL MRT 329 KIRTI 121A6/117A8 8PR TT,MRL,12.4-24,Rolnicze,Ciągnik
12.4-24 MRL MRT 329 KIRTI 130A6/126A8 14PR TT,MRL,12.4-24,Rolnicze,Ciągnik
11.2-24 MRL MRT 329 KIRTI 122A6/119A8 12PR TT,MRL,11.2-24,Rolnicze,Ciągnik
11.2-24 MRL MRT 329 KIRTI 116A6/113A8 8PR TT,MRL,11.2-24,Rolnicze,Ciągnik
9.5-24 MRL MRT 329 KIRTI 112A6/108A8 8PR TT,MRL,9.5-24,Rolnicze,Ciągnik
8.3-24 MRL MRT 329 KIRTI 105A6/101A8 8PR TT,MRL,8.3-24,Rolnicze,Ciągnik
600/50-22.5 MRL PRINCE 338 FLOTATION 165A8/161B 16PR TL,MRL,600/50-22.5,Przemysłowe,Przyczepa
550/60-22.5 MRL PRINCE 338 FLOTATION 167A8/163B 16PR TL,MRL,550/60-22.5,Przemysłowe,Przyczepa
8.3-22 MRL MRT 329 KIRTI 104A6/100A8 8PR TT,MRL,8.3-22,Rolnicze,Ciągnik
7.50-20 MRL MTF 221 TWO RIB PREMIUM 109A6/101A8 8PR TT,MRL,7.50-20,Rolnicze,Ciągnik
9.5-20 MRL MRT 329 KIRTI 107A6/103A8 8PR TT,MRL,9.5-20,Rolnicze,Ciągnik
8.3-20 MRL MRT 329 KIRTI 101A6/98A8 8PR TT,MRL,8.3-20,Rolnicze,Ciągnik
12.5/80-18 MRL MAW 203 AW 148A6/144A8 12PR TL,MRL,12.5/80-18,Rolnicze,Przyczepa
7.50-18 MRL MTF 212 THREE RIB PREMIUM 8PR TT,MRL,7.50-18,Rolnicze,Ciągnik
15.0/55-17 MRL MAW 905 AW 147A6/143A8 14PR TL,MRL,15.0/55-17,Rolnicze,Przyczepa
7.50-16 MRL MTF 221 TWO RIB PREMIUM 103A6/96A8 8PR TT,MRL,7.50-16,Rolnicze,Ciągnik
6.50-16 MRL MIM 374 106A6/103A8 8PR TT,MRL,6.50-16,Rolnicze,Przyczepa
6.00-16 MRL MTF 222 TWO RIB 88A6/80A8 6PR TT,MRL,6.00-16,Rolnicze,Ciągnik
5.00-16 MRL MTF 222 TWO RIB 84A6/76A8 6PR TT,MRL,5.00-16,Rolnicze,Ciągnik
4.00-16 MRL MIM 374 69A6/62A8 4PR TT,MRL,4.00-16,Rolnicze,Przyczepa
4.00-16 MRL MIM 374 72A6/64A8 6PR TT,MRL,4.00-16,Rolnicze,Przyczepa
5.50-16 MRL MTF 212 THREE RIB PREMIUM 86A6/78A8 6PR TT,MRL,5.50-16,Rolnicze,Ciągnik
340/55-16 MRL MAW 203 AW 139A6/135A8 14PR TL,MRL,340/55-16,Rolnicze,Przyczepa
340/55-16 MRL MAW 203 AW 149A6/146A8 18PR TL,MRL,340/55-16,Rolnicze,Przyczepa
400/60-15.5 MRL MAW 977 IMPLEMENT 145A6/141A8 14PR TL,MRL,400/60-15.5,Rolnicze,Przyczepa
400/60-15.5 MRL MAW 977 IMPLEMENT 147A6/143A8 16PR TL,MRL,400/60-15.5,Przemysłowe,Przyczepa
400/60-15.5 MRL PRINCE 335 FLOTATION 147A6/143A8 16PR TL,MRL,400/60-15.5,Przemysłowe,Przyczepa
400/60-15.5 MRL PRINCE 335 FLOTATION 149A6/145A8 18PR TL,MRL,400/60-15.5,Rolnicze,Przyczepa
280/60-15.5 MRL MIM 374 128A8/132A6 TL,MRL,280/60-15.5,Rolnicze,Przyczepa
12.5/80-15.3 MRL MAW 200 AW 142A6/138A8 14PR TL,MRL,12.5/80-15.3,Rolnicze,Przyczepa
12.5/80-15.3 MRL MAW 203 AW 148A6/144A8 14PR TL,MRL,12.5/80-15.3,Rolnicze,Przyczepa
11.5/80-15.3 MRL MAW 200 IMPLEMENT 145A6/141A8 22PR TL,MRL,11.5/80-15.3,Rolnicze,Przyczepa
11.5/80-15.3 MRL MAW 200 IMPLEMENT 149A6/145A8 18PR TL,MRL,11.5/80-15.3,Rolnicze,Przyczepa
11.5/80-15.3 MRL MAW 200 IMPLEMENT 141A6/137A8 16PR TL,MRL,11.5/80-15.3,Przemysłowe,Przyczepa
11.5/80-15.3 MRL MAW 200 IMPLEMENT 139A6/135A8 14PR TT,MRL,11.5/80-15.3,Rolnicze,Przyczepa
10.0/75-15.3 MRL MIM 374 136A6/130A8 14PR TL,MRL,10.0/75-15.3,Rolnicze,Przyczepa
10.0/75-15.3 MRL MIM 374 128A6/123A8 10PR TL,MRL,10.0/75-15.3,Rolnicze,Przyczepa
10.0/75-15.3 MRL MAW 200 IMPLEMENT 126A6/122A8 12PR TT,MRL,10.0/75-15.3,Rolnicze,Przyczepa
10.0/75-15.3 MRL MAW 200 IMPLEMENT 140A8/136A6 16PR TL,MRL,10.0/75-15.3,Przemysłowe,Przyczepa
10.0/75-15.3 MRL MAW 200 IMPLEMENT 126A6/122A8 12PR TL,MRL,10.0/75-15.3,Rolnicze,Przyczepa
10.0/75-15.3 MRL MAW 200 IMPLEMENT 138A6/134A8 18PR TT,MRL,10.0/75-15.3,Rolnicze,Przyczepa
10.0/75-15.3 MRL MAW 200 IMPLEMENT 134A6/130A8 16PR TT,MRL,10.0/75-15.3,Przemysłowe,Przyczepa
10.0/75-15.3 MRL MAW 200 IMPLEMENT 130A6/126A8 14PR TT,MRL,10.0/75-15.3,Rolnicze,Przyczepa
10.0/75-15.3 MRL MAW 200 IMPLEMENT 123A6/119A8 10PR TL,MRL,10.0/75-15.3,Rolnicze,Przyczepa
10.0/75-15.3 MRL MAW 200 IMPLEMENT 130A6/126A8 14PR TL,MRL,10.0/75-15.3,Rolnicze,Przyczepa
31X15.50-15 MRL MTR 600 130B 16PR TL,MRL,31x15.50-15,Przemysłowe,Uniwersalne/pozostałe
5.00-15 MRL MIM 374 94A6/90A8 6PR TT,MRL,5.00-15,Rolnicze,Przyczepa
200/60-14.5 MRL RIB 707 113A6/109A8 10PR TT,MRL,200/60-14.5,Rolnicze,Przyczepa
10.0/80-12 MRL MAW 200 IMPLEMENT 124A6/120A8 12PR TT,MRL,10.0/80-12,Rolnicze,Przyczepa
5.00-12 MRL MRT 302 RT 70A6/66A8 8PR TT,MRL,5.00-12,Rolnicze,Ciągnik
320/60-12 MRL MIM 374 136A6/132A8 12PR TT,MRL,320/60-12,Rolnicze,Przyczepa
23X10.50-12 MRL MTR 600 111A3 10PR TL,MRL,23x10.50-12,Rolnicze,Przyczepa
23X8.50-12 MRL MG 54 -WIDE 102A6/106A3 12PR TL,MRL,23x8.50-12,Rolnicze,Kosiarka/ogród
26X12.00-12 MRL MTR 601 116A3 8PR TL,MRL,26x12.00-12,Rolnicze,Przyczepa
6.00-9 MRL MT 007 MOBI 143J 12PR TT,MRL,6.00-9,Rolnicze,Ciągnik
16X6.50-8 MRL MG 54 -WIDE 72A3 6PR TL,MRL,16x6.50-8,Rolnicze,Kosiarka/ogród
4.00-8 MRL MIM 374 63A6/59A8 4PR TT,MRL,4.00-8,Rolnicze,Przyczepa
460/70R24 MRL GRIP TRAC 375 159A8 TL,MRL,460/70R24,Rolnicze,Ciągnik
460/70R24 MRL GT 333 MAXIMUS 159A8/159B TL,MRL,460/70R24,Rolnicze,Ciągnik
16.9-28 MRL MTU 428 SUPER CAT 152A8 12PR TL,MRL,16.9-28,Rolnicze,Ładowarka
16.9-28 MRL MTU 430 ROCKY HD 157A8 16PR TL,MRL,16.9-28,Przemysłowe,Ładowarka
16.9-28 MRL MTU 430 ROCKY HD 152A8 12PR TL,MRL,16.9-28,Rolnicze,Ładowarka
18.4-26 MRL MTU 430 ROCKY HD 156A8 12PR TL,MRL,18.4-26,Rolnicze,Ładowarka
17.5-25 MRL ME3 456 ROCK GRIP E-3/L-3 164B/181A2 20PR TL,MRL,17.5-25,Rolnicze,Uniwersalne/pozostałe
17.5-25 MRL MG2 419 SUPER GRADER G-2 150A8/177A2 16PR TL,MRL,17.5-25,Przemysłowe,Uniwersalne/pozostałe
15.5-25 MRL MG2 419 SUPER GRADER G-2 149A8/173A2 16PR TL,MRL,15.5-25,Przemysłowe,Uniwersalne/pozostałe
23.5-25 MRL ME3 456 ROCK GRIP E-3/L-3 191A2 20PR TL,MRL,23.5-25,Rolnicze,Uniwersalne/pozostałe
14.00-24 MRL MG2 402 BLACK CAT G-2 155A8 20PR TL,MRL,14.00-24,Rolnicze,Ciągnik
500/70-24 MRL MTU 430 ROCKY HD 157A8 16PR TL,MRL,500/70-24,Przemysłowe,Ładowarka
17.5L-24 MRL MTU 428 SUPER CAT 150A8 14PR TL,MRL,17.5L-24,Rolnicze,Ładowarka
16.9-24 MRL MTU 428 SUPER CAT 149A8 12PR TL,MRL,16.9-24,Rolnicze,Ładowarka
16.9-24 MRL MTU 430 ROCKY HD 152A8 14PR TL,MRL,16.9-24,Rolnicze,Ładowarka
400/80-24 MRL MTU 430 ROCKY HD 162A8 20PR TL,MRL,400/80-24,Rolnicze,Ładowarka
10.00-20 MRL MEX 473 ROCK LUG 146B 16PR TT,MRL,10.00-20,Przemysłowe,Uniwersalne/pozostałe
16.0/70-20 MRL MTU 430 ROCKY HD 149A8 16PR TL,MRL,16.0/70-20,Przemysłowe,Ładowarka
12.5-20 MRL MPT 446 137A8/132G 12PR TL,MRL,12.5-20,Rolnicze,Ciągnik
10.5-20 MRL MPT 446 133A8/128G 10PR TL,MRL,10.5-20,Rolnicze,Ciągnik
405/70-20 MRL MIM 374 160A6/154A8 14PR TL,MRL,405/70-20,Rolnicze,Przyczepa
12.5/80-18 MRL ATU 410 SUPER CAT 148A6 16PR TL,MRL,12.5/80-18,Przemysłowe,Ładowarka
12.5/80-18 MRL ATU 410 SUPER CAT 145A6 14PR TL,MRL,12.5/80-18,Rolnicze,Ładowarka
12.5-18 MRL MPT 446 136A8/131G 12PR TL,MRL,12.5-18,Rolnicze,Ciągnik
6.50-16 MRL MR 504 MILE PLUS 111J 12PR TT,MRL,6.50-16,Rolnicze,Ciągnik
11.5/80-15.3 MRL MPT 446 139A8/143A6 14PR TL,MRL,11.5/80-15.3,Rolnicze,Ciągnik
10.0/75-15.3 MRL MPT 446 130A8/130A8 14PR TL,MRL,10.0/75-15.3,Rolnicze,Ciągnik
385/55R22.5 HANKOOK AW02 160K M+S 3PMSF,HANKOOK,385/55R22.5,Ciężarowe,Oś kierowana
13R22.5 HANKOOK DM11 156/150K M+S 3PMSF,HANKOOK,13R22.5,Ciężarowe,Oś kierowana
385/65R22.5 HANKOOK TM15 160K M+S,HANKOOK,385/65R22.5,Ciężarowe,Naczepa/przyczepa
385/65R22.5 HANKOOK AM15+ 164K M+S 3PMSF,HANKOOK,385/65R22.5,Ciężarowe,Oś kierowana
385/65R22.5 HANKOOK AL10+ 160K M+S 3PMSF,HANKOOK,385/65R22.5,Ciężarowe,Oś kierowana
385/65R22.5 HANKOOK AH31 160K M+S 3PMSF,HANKOOK,385/65R22.5,Ciężarowe,Oś kierowana
385/65R22.5 HANKOOK TH31 /NACZEPA 164K M+S,HANKOOK,385/65R22.5,Ciężarowe,Naczepa/przyczepa
385/55R22.5 HANKOOK AH51 160K M+S 3PMSF,HANKOOK,385/55R22.5,Ciężarowe,Oś kierowana
385/55R22.5 HANKOOK AH31 160K M+S 3PMSF,HANKOOK,385/55R22.5,Ciężarowe,Oś kierowana
385/55R22.5 HANKOOK AL50 160K M+S 3PMSF,HANKOOK,385/55R22.5,Ciężarowe,Oś kierowana
315/80R22.5 HANKOOK DH51 156/150L M+S 3PMSF,HANKOOK,315/80R22.5,Ciężarowe,Oś napędowa
315/80R22.5 HANKOOK DH31 NAPĘD 156/150L M+S 3PMSF,HANKOOK,315/80R22.5,Ciężarowe,Oś napędowa
315/80R22.5 HANKOOK AL22 156/150L M+S,HANKOOK,315/80R22.5,Ciężarowe,Oś kierowana
315/80R22.5 HANKOOK AH31 156/150L M+S 3PMSF,HANKOOK,315/80R22.5,Ciężarowe,Oś kierowana
315/80R22.5 HANKOOK AM09 156/150K M+S,HANKOOK,315/80R22.5,Ciężarowe,Oś kierowana
315/70R22.5 HANKOOK DH51 154/150L M+S 3PMSF,HANKOOK,315/70R22.5,Ciężarowe,Oś napędowa
315/70R22.5 HANKOOK DH51 154/150L M+S 3PMSF,HANKOOK,315/70R22.5,Ciężarowe,Oś napędowa
315/70R22.5 HANKOOK AL20W 156/150L M+S 3PMSF,HANKOOK,315/70R22.5,Ciężarowe,Oś kierowana
315/70R22.5 HANKOOK DL51 154/150L M+S 3PMSF,HANKOOK,315/70R22.5,Ciężarowe,Oś kierowana
315/60R22.5 HANKOOK AL20W 154/148L M+S 3PMSF,HANKOOK,315/60R22.5,Ciężarowe,Oś kierowana
295/80R22.5 HANKOOK DH51 152/148M M+S 3PMSF,HANKOOK,295/80R22.5,Ciężarowe,Oś napędowa
295/80R22.5 HANKOOK DH31 152/148M M+S 3PMSF,HANKOOK,295/80R22.5,Ciężarowe,Oś napędowa
295/80R22.5 HANKOOK DH31 152/148M M+S 3PMSF,HANKOOK,295/80R22.5,Ciężarowe,Oś napędowa
295/80R22.5 HANKOOK AH31 154/149M M+S 3PMSF,HANKOOK,295/80R22.5,Ciężarowe,Oś kierowana
295/80R22.5 HANKOOK AH31 154/149M M+S 3PMSF,HANKOOK,295/80R22.5,Ciężarowe,Oś kierowana
295/80R22.5 HANKOOK AU04 152/148J M+S 3PMSF,HANKOOK,295/80R22.5,Ciężarowe,Oś kierowana
295/60R22.5 HANKOOK DH31 150/147K M+S 3PMSF,HANKOOK,295/60R22.5,Ciężarowe,Oś napędowa
445/45R19.5 HANKOOK TL20 160K,HANKOOK,445/45R19.5,Ciężarowe,Naczepa/przyczepa
435/50R19.5 HANKOOK TH31 164J M+S 3PMSF,HANKOOK,435/50R19.5,Ciężarowe,Naczepa/przyczepa
385/55R19.5 HANKOOK TH31 156J M+S 3PMSF,HANKOOK,385/55R19.5,Ciężarowe,Naczepa/przyczepa
305/70R19.5 HANKOOK DH35 148/145M M+S 3PMSF,HANKOOK,305/70R19.5,Ciężarowe,Oś napędowa
265/70R19.5 HANKOOK AH35 140/138M M+S 3PMSF,HANKOOK,265/70R19.5,Ciężarowe,Oś kierowana
265/70R17.5 HANKOOK DH35 140/138M M+S 3PMSF,HANKOOK,265/70R17.5,Ciężarowe,Oś napędowa
235/75R17.5 HANKOOK AH35 132/130M M+S 3PMSF,HANKOOK,235/75R17.5,Ciężarowe,Oś kierowana
215/75R17.5 HANKOOK DH35 126/124M M+S 3PMSF,HANKOOK,215/75R17.5,Ciężarowe,Oś napędowa
215/75R17.5 HANKOOK AH35 126/128M M+S 3PMSF,HANKOOK,215/75R17.5,Ciężarowe,Oś kierowana
215/75R17.5 HANKOOK TH31 135/133K M+S 3PMSF,HANKOOK,215/75R17.5,Ciężarowe,Naczepa/przyczepa
12.00R24 SAVA ORJAK 24 MS 160/156K TT M+S,SAVA,12.00R24,Ciężarowe,Oś napędowa
12.00R24 SAVA ORJAK 24 PLUS 160/156K TT M+S,SAVA,12.00R24,Ciężarowe,Oś napędowa
13R22.5 SAVA ORJAK MSD2 NAPĘD 156/150G TL M+S 3PMSF,SAVA,13R22.5,Ciężarowe,Oś napędowa
12R22.5 SAVA ORJAK PLUS 152/148L TL M+S 3PMSF,SAVA,12R22.5,Ciężarowe,Oś napędowa
12R22.5 SAVA ORJAK MS NAPĘD 152/148K TL M+S 3PMSF,SAVA,12R22.5,Ciężarowe,Oś napędowa
12R22.5 SAVA AVANT MS 2 PLUS 152/148K TL M+S,SAVA,12R22.5,Ciężarowe,Oś kierowana
385/65R22.5 SAVA CARGO 5 HL 164K/158L TL M+S 3PMSF,SAVA,385/65R22.5,Ciężarowe,Przyczepa
385/65R22.5 SAVA AVANT 5 160K/158L TL M+S 3PMSF,SAVA,385/65R22.5,Ciężarowe,Oś kierowana
385/55R22.5 SAVA CARGO 5 160K/158L TL M+S 3PMSF,SAVA,385/55R22.5,Ciężarowe,Przyczepa
315/80R22.5 SAVA ORJAK 5 156L/154M TL M+S 3PMSF,SAVA,315/80R22.5,Ciężarowe,Oś napędowa
315/80R22.5 SAVA AVANT 5 156L/154M TL M+S 3PMSF,SAVA,315/80R22.5,Ciężarowe,Oś kierowana
315/80R22.5 SAVA AVANT MS 2 156/150K TL M+S 3PMSF,SAVA,315/80R22.5,Ciężarowe,Oś kierowana
315/70R22.5 SAVA ORJAK 5 154L/152M TL M+S 3PMSF,SAVA,315/70R22.5,Ciężarowe,Oś napędowa
315/70R22.5 SAVA AVANT 5 HL 156/150L TL M+S 3PMSF,SAVA,315/70R22.5,Ciężarowe,Oś kierowana
315/60R22.5 SAVA ORJAK 5 152/148L TL M+S 3PMSF,SAVA,315/60R22.5,Ciężarowe,Oś napędowa
315/60R22.5 SAVA AVANT 5 HL 154/148L TL M+S 3PMSF,SAVA,315/60R22.5,Ciężarowe,Oś kierowana
315/60R22.5 SAVA AVANT 5 152/148L TL M+S 3PMSF,SAVA,315/60R22.5,Ciężarowe,Oś kierowana
295/80R22.5 SAVA ORJAK 5 152/148M TL M+S 3PMSF,SAVA,295/80R22.5,Ciężarowe,Oś napędowa
295/80R22.5 SAVA CITY 152/148J TL M+S,SAVA,295/80R22.5,Ciężarowe,Oś kierowana
295/60R22.5 SAVA ORJAK 5 150K/149L TL M+S 3PMSF,SAVA,295/60R22.5,Ciężarowe,Oś napędowa
295/60R22.5 SAVA AVANT 5 150K TL M+S 3PMSF,SAVA,295/60R22.5,Ciężarowe,Oś kierowana
275/70R22.5 SAVA CITY 148J/152E TL M+S 3PMSF,SAVA,275/70R22.5,Ciężarowe,Oś kierowana
12R22.5 SAVA AVANT PLUS 152/148L TL,SAVA,12R22.5,Ciężarowe,Oś kierowana
435/50R19.5 SAVA CARGO 5 TL M+S 3PMSF,SAVA,435/50R19.5,Ciężarowe,Przyczepa
285/70R19.5 SAVA ORJAK 146L/140M TL M+S 3PMSF,SAVA,285/70R19.5,Ciężarowe,Oś napędowa
265/70R19.5 SAVA ORJAK 140/138M TL M+S,SAVA,265/70R19.5,Ciężarowe,Oś napędowa
265/70R19.5 SAVA AVANT 140/138M TL M+S 3PMSF,SAVA,265/70R19.5,Ciężarowe,Oś kierowana
265/70R19.5 SAVA CARGO 4 143/141J TL M+S 3PMSF,SAVA,265/70R19.5,Ciężarowe,Przyczepa
245/70R19.5 SAVA ORJAK 136/134M TL M+S 3PMSF,SAVA,245/70R19.5,Ciężarowe,Oś napędowa
245/70R19.5 SAVA CARGO 4 141/140J TL M+S 3PMSF,SAVA,245/70R19.5,Ciężarowe,Przyczepa
9.5R17.5 SAVA TAMAR PLUS 129/127M TL M+S 3PMSF,SAVA,9.5R17.5,Ciężarowe,Oś napędowa
9.5R17.5 SAVA COMET PLUS 129/127M TL M+S 3PMSF,SAVA,9.5R17.5,Ciężarowe,Oś kierowana
8.5R17.5 SAVA TAMAR PLUS 121/120M TL M+S,SAVA,8.5R17.5,Ciężarowe,Oś napędowa
235/75R17.5 SAVA ORJAK 4 132/130M TL M+S 3PMSF,SAVA,235/75R17.5,Ciężarowe,Oś napędowa
235/75R17.5 SAVA AVANT 4 132/130M TL M+S 3PMSF,SAVA,235/75R17.5,Ciężarowe,Oś kierowana
235/75R17.5 SAVA CARGO 4 143/141J TL M+S 3PMSF,SAVA,235/75R17.5,Ciężarowe,Przyczepa
225/75R17.5 SAVA ORJAK 4 129/127M TL M+S 3PMSF,SAVA,225/75R17.5,Ciężarowe,Oś napędowa
225/75R17.5 SAVA AVANT 4 129/127M TL M+S 3PMSF,SAVA,225/75R17.5,Ciężarowe,Oś kierowana
215/75R17.5 SAVA ORJAK 4 126/124M TL M+S 3PMSF,SAVA,215/75R17.5,Ciężarowe,Oś napędowa
215/75R17.5 SAVA AVANT 4 126/124M TL M+S 3PMSF,SAVA,215/75R17.5,Ciężarowe,Oś kierowana
205/75R17.5 SAVA ORJAK 4 124/122M TL M+S 3PMSF,SAVA,205/75R17.5,Ciężarowe,Oś napędowa
205/75R17.5 SAVA AVANT 4 124/122M TL M+S 3PMSF,SAVA,205/75R17.5,Ciężarowe,Oś kierowana
315/80R22.5 DUNLOP SP462 NAPęD 156L/154M TL M+S 3PMSF,DUNLOP,315/80R22.5,Ciężarowe,Oś napędowa
315/80R22.5 DUNLOP SP362 PROWADZąCA 156K/154L TL M+S 3PMSF,DUNLOP,315/80R22.5,Ciężarowe,Oś kierowana
295/80R22.5 DUNLOP SP362 PROWADZĄCA 152/148M TL M+S 3PMSF,DUNLOP,295/80R22.5,Ciężarowe,Oś kierowana
13R22.5 DUNLOP SP382 156G/154K TL M+S,DUNLOP,13R22.5,Ciężarowe,Oś kierowana
385/65R22.5 DUNLOP SP382 160K/158L TL M+S,DUNLOP,385/65R22.5,Ciężarowe,Oś kierowana
385/65R22.5 DUNLOP SP247 HL 164K/158L TL M+S 3PMSF,DUNLOP,385/65R22.5,Ciężarowe,Naczepa/przyczepa
385/65R22.5 DUNLOP SP346 160K/158L TL M+S 3PMSF,DUNLOP,385/65R22.5,Ciężarowe,Oś kierowana
385/65R22.5 DUNLOP SP362 PROWADZĄCA 160K/158L TL M+S 3PMSF,DUNLOP,385/65R22.5,Ciężarowe,Oś kierowana
385/55R22.5 DUNLOP SP247 160K/158L TL 3PMSF,DUNLOP,385/55R22.5,Ciężarowe,Naczepa/przyczepa
315/80R22.5 DUNLOP SP346 156L/154M TL M+S 3PMSF,DUNLOP,315/80R22.5,Ciężarowe,Oś kierowana
315/80R22.5 DUNLOP SP446 156L/154M TL M+S 3PMSF,DUNLOP,315/80R22.5,Ciężarowe,Oś napędowa
315/80R22.5 DUNLOP SP382 156/150K TL M+S,DUNLOP,315/80R22.5,Ciężarowe,Oś kierowana
315/80R22.5 DUNLOP SP482 NAPĘD 156/150K TL M+S 3PMSF,DUNLOP,315/80R22.5,Ciężarowe,Oś napędowa
315/70R22.5 DUNLOP SP446 154L/152M TL M+S 3PMSF,DUNLOP,315/70R22.5,Ciężarowe,Oś napędowa
315/70R22.5 DUNLOP SP446 154L/152M TL M+S 3PMSF,DUNLOP,315/70R22.5,Ciężarowe,Oś napędowa
315/70R22.5 DUNLOP SP346+ HL 156/150L TL M+S 3PMSF,DUNLOP,315/70R22.5,Ciężarowe,Oś kierowana
315/60R22.5 DUNLOP SP446 152/148L TL M+S 3PMSF,DUNLOP,315/60R22.5,Ciężarowe,Oś napędowa
315/60R22.5 DUNLOP SP346+ HL 154/148L TL M+S 3PMSF,DUNLOP,315/60R22.5,Ciężarowe,Oś kierowana
295/80R22.5 DUNLOP SP346 HL 154/149M TL M+S 3PMSF,DUNLOP,295/80R22.5,Ciężarowe,Oś kierowana
295/80R22.5 DUNLOP SP462 W2020 152/148L TL M+S 3PMSF,DUNLOP,295/80R22.5,Ciężarowe,Oś napędowa
295/60R22.5 DUNLOP SP446+ 150K/149L TL M+S 3PMSF,DUNLOP,295/60R22.5,Ciężarowe,Oś napędowa
435/50R19.5 DUNLOP SP247 160J TL M+S 3PMSF,DUNLOP,435/50R19.5,Ciężarowe,Naczepa/przyczepa
305/70R19.5 DUNLOP SP446 3PSF 148/145M TL M+S,DUNLOP,305/70R19.5,Ciężarowe,Oś napędowa
305/70R19.5 DUNLOP SP346 148/145M TL M+S 3PMSF,DUNLOP,305/70R19.5,Ciężarowe,Oś kierowana
285/70R19.5 DUNLOP SP446 146L/144M TL M+S 3PMSF,DUNLOP,285/70R19.5,Ciężarowe,Oś napędowa
285/70R19.5 DUNLOP SP346 146L/144M TL M+S 3PMSF,DUNLOP,285/70R19.5,Ciężarowe,Oś kierowana
285/70R19.5 DUNLOP SP246 150/148J TL M+S 3PMSF,DUNLOP,285/70R19.5,Ciężarowe,Naczepa/przyczepa
265/70R19.5 DUNLOP SP446 140/138M TL M+S 3PMSF,DUNLOP,265/70R19.5,Ciężarowe,Oś napędowa
265/70R19.5 DUNLOP SP346 140/138M TL M+S 3PMSF,DUNLOP,265/70R19.5,Ciężarowe,Oś kierowana
265/70R19.5 DUNLOP SP246 143/141J TL M+S 3PMSF,DUNLOP,265/70R19.5,Ciężarowe,Naczepa/przyczepa
245/70R19.5 DUNLOP SP346 136/134M TL M+S 3PMSF,DUNLOP,245/70R19.5,Ciężarowe,Oś kierowana
245/70R19.5 DUNLOP SP246 141/140J TL M+S 3PMSF,DUNLOP,245/70R19.5,Ciężarowe,Naczepa/przyczepa
245/70R19.5 DUNLOP SP246 141/140J TL M+S 3PMSF,DUNLOP,245/70R19.5,Ciężarowe,Naczepa/przyczepa
265/70R17.5 DUNLOP SP446 139/136M TL M+S 3PMSF,DUNLOP,265/70R17.5,Ciężarowe,Oś napędowa
265/70R17.5 DUNLOP SP346 139/136M TL M+S 3PMSF,DUNLOP,265/70R17.5,Ciężarowe,Oś kierowana
245/70R17.5 DUNLOP SP446 136/134M TL M+S 3PMSF,DUNLOP,245/70R17.5,Ciężarowe,Oś napędowa
245/70R17.5 DUNLOP SP346 136/134M TL M+S 3PMSF,DUNLOP,245/70R17.5,Ciężarowe,Oś kierowana
245/70R17.5 DUNLOP SP246 143J/146F TL M+S 3PMSF,DUNLOP,245/70R17.5,Ciężarowe,Naczepa/przyczepa
235/75R17.5 DUNLOP SP446 132/130M TL M+S 3PMSF,DUNLOP,235/75R17.5,Ciężarowe,Oś napędowa
235/75R17.5 DUNLOP SP346 132/130M TL M+S 3PMSF,DUNLOP,235/75R17.5,Ciężarowe,Oś kierowana
235/75R17.5 DUNLOP SP246 143J/144F TL M+S 3PMSF,DUNLOP,235/75R17.5,Ciężarowe,Naczepa/przyczepa
225/75R17.5 DUNLOP SP446 129/127M TL M+S 3PMSF,DUNLOP,225/75R17.5,Ciężarowe,Oś napędowa
215/75R17.5 DUNLOP SP446 126/124M TL M+S 3PMSF,DUNLOP,215/75R17.5,Ciężarowe,Oś napędowa
215/75R17.5 DUNLOP SP346 126/124M TL M+S 3PMSF,DUNLOP,215/75R17.5,Ciężarowe,Oś kierowana
215/75R17.5 DUNLOP SP246 136/134J TL M+S 3PMSF,DUNLOP,215/75R17.5,Ciężarowe,Naczepa/przyczepa
205/75R17.5 DUNLOP SP446 124M/126G TL M+S 3PMSF,DUNLOP,205/75R17.5,Ciężarowe,Oś napędowa
205/75R17.5 DUNLOP SP346 124/122M TL M+S 3PMSF,DUNLOP,205/75R17.5,Ciężarowe,Oś kierowana
385/65R22.5 GOODYEAR ULTRAGRIP MAX HL 164K/158L TL M+S 3PMSF,GOODYEAR,385/65R22.5,Ciężarowe,Oś kierowana
385/65R22.5 GOODYEAR ULTRAGRIP MAX HL 164K/158L TL M+S 3PMSF,GOODYEAR,385/65R22.5,Ciężarowe,Oś kierowana
355/50R22.5 GOODYEAR UG WTS 154K/152L TL M+S 3PMSF,GOODYEAR,355/50R22.5,Ciężarowe,Naczepa/przyczepa
315/80R22.5 GOODYEAR UG COACH 156L/154M TL M+S 3PMSF,GOODYEAR,315/80R22.5,Ciężarowe,Oś kierowana
315/80R22.5 GOODYEAR ULTRAGRIP MAX 156L/154M TL M+S 3PMSF,GOODYEAR,315/80R22.5,Ciężarowe,Oś kierowana
315/80R22.5 GOODYEAR ULTRAGRIP MAX 156L/154M TL M+S 3PMSF,GOODYEAR,315/80R22.5,Ciężarowe,Oś kierowana
315/70R22.5 GOODYEAR ULTRAGRIP MAX HL 156/150L TL M+S 3PMSF,GOODYEAR,315/70R22.5,Ciężarowe,Oś kierowana
315/70R22.5 GOODYEAR ULTRAGRIP MAX 154L/152M TL M+S 3PMSF,GOODYEAR,315/70R22.5,Ciężarowe,Oś kierowana
315/60R22.5 GOODYEAR ULTRAGRIP MAX HL 152/148L TL M+S 3PMSF,GOODYEAR,315/60R22.5,Ciężarowe,Oś kierowana
315/60R22.5 GOODYEAR ULTRAGRIP MAX 152/148L TL M+S 3PMSF,GOODYEAR,315/60R22.5,Ciężarowe,Oś kierowana
295/80R22.5 GOODYEAR ULTRAGRIP MAX 152/148M TL M+S 3PMSF,GOODYEAR,295/80R22.5,Ciężarowe,Oś kierowana
295/80R22.5 GOODYEAR ULTRAGRIP COACH HL 154/149M TL M+S 3PMSF,GOODYEAR,295/80R22.5,Ciężarowe,Oś kierowana
295/80R22.5 GOODYEAR ULTRAGRIP MAX HL 154/149L TL M+S 3PMSF,GOODYEAR,295/80R22.5,Ciężarowe,Oś kierowana
295/60R22.5 GOODYEAR ULTRAGRIP MAX 150K/149L TL M+S 3PMSF,GOODYEAR,295/60R22.5,Ciężarowe,Oś kierowana
295/60R22.5 GOODYEAR ULTRAGRIP MAX 150K/149L TL M+S 3PMSF,GOODYEAR,295/60R22.5,Ciężarowe,Oś kierowana
12R22.5 GOODYEAR OMN HD 152/148K TL M+S 3PMSF,GOODYEAR,12R22.5,Ciężarowe,Oś kierowana
11R22.5 GOODYEAR MARATHON LHT 148/145J TL,GOODYEAR,11R22.5,Ciężarowe,Oś kierowana
455/40R22.5 GOODYEAR MARATHON LHT+ 160J TL,GOODYEAR,455/40R22.5,Ciężarowe,Oś kierowana
385/65R22.5 GOODYEAR EQMAX ULTRA HL 164K/158L TL M+S 3PMSF,GOODYEAR,385/65R22.5,Ciężarowe,Oś kierowana
385/65R22.5 GOODYEAR OMNITRAC HL 164K/158L TL M+S 3PMSF,GOODYEAR,385/65R22.5,Ciężarowe,Oś kierowana
385/65R22.5 GOODYEAR KMAX 164K/158L TL M+S 3PMSF,GOODYEAR,385/65R22.5,Ciężarowe,Oś kierowana
385/65R22.5 GOODYEAR KMAX 164K/158L TL M+S 3PMSF,GOODYEAR,385/65R22.5,Ciężarowe,Oś kierowana
385/55R22.5 GOODYEAR UG MAX 160K/158L TL M+S 3PMSF,GOODYEAR,385/55R22.5,Ciężarowe,Oś kierowana
385/55R22.5 GOODYEAR KMAX 162K/158L TL M+S 3PMSF,GOODYEAR,385/55R22.5,Ciężarowe,Oś kierowana
385/55R22.5 GOODYEAR KMAX 160K/158L TL M+S 3PMSF,GOODYEAR,385/55R22.5,Ciężarowe,Oś kierowana
385/55R22.5 GOODYEAR FUELMAX PERFORMANCE 160K/158L TL M+S 3PMSF,GOODYEAR,385/55R22.5,Ciężarowe,Oś kierowana
355/50R22.5 GOODYEAR KMAX HL 156K TL M+S 3PMSF,GOODYEAR,355/50R22.5,Ciężarowe,Oś kierowana
315/80R22.5 GOODYEAR FUELMAX END 156L/154M TL M+S 3PMSF,GOODYEAR,315/80R22.5,Ciężarowe,Oś kierowana
315/80R22.5 GOODYEAR KMAX 156L/154M TL M+S 3PMSF,GOODYEAR,315/80R22.5,Ciężarowe,Oś kierowana
315/80R22.5 GOODYEAR OMNITRAC 156/150K TL M+S 3PMSF,GOODYEAR,315/80R22.5,Ciężarowe,Oś kierowana
315/80R22.5 GOODYEAR OMNITRAC 156/150K TL M+S 3PMSF,GOODYEAR,315/80R22.5,Ciężarowe,Oś kierowana
315/70R22.5 GOODYEAR KMAX HL 156/150L TL M+S 3PMSF,GOODYEAR,315/70R22.5,Ciężarowe,Oś kierowana
315/70R22.5 GOODYEAR KMAX 154L/152M TL M+S 3PMSF,GOODYEAR,315/70R22.5,Ciężarowe,Oś kierowana
315/70R22.5 GOODYEAR KMAX 154L/152M TL M+S 3PMSF,GOODYEAR,315/70R22.5,Ciężarowe,Oś kierowana
315/70R22.5 GOODYEAR EQMAX ULTRA 154L/152M TL M+S 3PMSF,GOODYEAR,315/70R22.5,Ciężarowe,Oś kierowana
315/70R22.5 GOODYEAR EQMAX HL RFID 158/150L TL M+S 3PMSF,GOODYEAR,315/70R22.5,Ciężarowe,Oś kierowana
315/70R22.5 GOODYEAR OMNITRAC 154K/152M TL M+S 3PMSF,GOODYEAR,315/70R22.5,Ciężarowe,Oś kierowana
305/70R22.5 GOODYEAR KMAX 153L/150M TL M+S 3PMSF,GOODYEAR,305/70R22.5,Ciężarowe,Oś kierowana
305/70R22.5 GOODYEAR KMAX 153L/150M TL M+S 3PMSF,GOODYEAR,305/70R22.5,Ciężarowe,Oś kierowana
295/80R22.5 GOODYEAR KMAX 152/148M TL M+S 3PMSF,GOODYEAR,295/80R22.5,Ciężarowe,Oś kierowana
295/80R22.5 GOODYEAR FUELMAX 152/148M TL M+S 3PMSF,GOODYEAR,295/80R22.5,Ciężarowe,Oś kierowana
295/80R22.5 GOODYEAR MARATHON COACH HL 154/149M TL M+S 3PMSF,GOODYEAR,295/80R22.5,Ciężarowe,Naczepa/przyczepa
295/60R22.5 GOODYEAR KMAX 150K/149L TL M+S 3PMSF,GOODYEAR,295/60R22.5,Ciężarowe,Oś kierowana
295/60R22.5 GOODYEAR FUELMAX 150K/149L TL M+S 3PMSF,GOODYEAR,295/60R22.5,Ciężarowe,Oś kierowana
11R22.5 GOODYEAR OMNITRAC MSS 148/145K TL M+S,GOODYEAR,11R22.5,Ciężarowe,Oś kierowana
12.00R20 GOODYEAR MSS II 154/150K TT M+S,GOODYEAR,12.00R20,Ciężarowe,Oś kierowana
435/50R19.5 GOODYEAR KMAX 160K TL M+S 3PMSF,GOODYEAR,435/50R19.5,Ciężarowe,Oś kierowana
285/70R19.5 GOODYEAR KMAX 146L/144M TL M+S 3PMSF,GOODYEAR,285/70R19.5,Ciężarowe,Oś kierowana
285/70R19.5 GOODYEAR KMAX 146L/144M TL M+S 3PMSF,GOODYEAR,285/70R19.5,Ciężarowe,Oś kierowana
285/70R19.5 GOODYEAR KMAX 150/148J TL M+S 3PMSF,GOODYEAR,285/70R19.5,Ciężarowe,Oś kierowana
265/70R19.5 GOODYEAR KMAX 140/138M TL M+S 3PMSF,GOODYEAR,265/70R19.5,Ciężarowe,Oś kierowana
265/70R19.5 GOODYEAR KMAX 143/141J TL M+S 3PMSF,GOODYEAR,265/70R19.5,Ciężarowe,Oś kierowana
245/70R19.5 GOODYEAR KMAX 136/134M TL M+S 3PMSF,GOODYEAR,245/70R19.5,Ciężarowe,Oś kierowana
245/70R17.5 GOODYEAR KMAX 136/134M TL M+S 3PMSF,GOODYEAR,245/70R17.5,Ciężarowe,Oś kierowana
245/70R17.5 GOODYEAR KMAX 136/134M TL M+S 3PMSF,GOODYEAR,245/70R17.5,Ciężarowe,Oś kierowana
245/70R17.5 GOODYEAR KMAX 143J/146F TL M+S 3PMSF,GOODYEAR,245/70R17.5,Ciężarowe,Oś kierowana
235/75R17.5 GOODYEAR KMAX 132/130M TL M+S 3PMSF,GOODYEAR,235/75R17.5,Ciężarowe,Oś kierowana
235/75R17.5 GOODYEAR KMAX 132/130M TL M+S 3PMSF,GOODYEAR,235/75R17.5,Ciężarowe,Oś kierowana
235/75R17.5 GOODYEAR KMAX 143J/144F TL M+S 3PMSF,GOODYEAR,235/75R17.5,Ciężarowe,Oś kierowana
225/75R17.5 GOODYEAR KMAX 129/127M TL M+S 3PMSF,GOODYEAR,225/75R17.5,Ciężarowe,Oś kierowana
225/75R17.5 GOODYEAR KMAX 129/127M TL M+S 3PMSF,GOODYEAR,225/75R17.5,Ciężarowe,Oś kierowana
215/75R17.5 GOODYEAR KMAX 135/133J TL M+S 3PMSF,GOODYEAR,215/75R17.5,Ciężarowe,Oś kierowana
205/75R17.5 GOODYEAR KMAX 124M/126G TL M+S 3PMSF,GOODYEAR,205/75R17.5,Ciężarowe,Oś kierowana
385/65R22.5 FULDA WINTERCONTROL PROWADZĄCA 160K/158L TL M+S 3PMSF,FULDA,385/65R22.5,Ciężarowe,Oś kierowana
315/80R22.5 FULDA WINTERFORCE NAPĘD 156K/154L TL M+S 3PMSF,FULDA,315/80R22.5,Ciężarowe,Oś napędowa
315/80R22.5 FULDA WINTERCONTROL PROWADZACA 156K/154L TL M+S 3PMSF,FULDA,315/80R22.5,Ciężarowe,Oś kierowana
315/70R22.5 FULDA WINTERCONTROL PROWADZĄCA 154K/152L TL M+S 3PMSF,FULDA,315/70R22.5,Ciężarowe,Oś kierowana
315/70R22.5 FULDA WINTERFORCE NAPĘD 154K/152L TL M+S 3PMSF,FULDA,315/70R22.5,Ciężarowe,Oś napędowa
295/80R22.5 FULDA WINTERFORCE NAPĘD 152/148L TL M+S 3PMSF,FULDA,295/80R22.5,Ciężarowe,Oś napędowa
295/80R22.5 FULDA WINTERCONTROL PROWADZĄCA 152/148L TL M+S 3PMSF,FULDA,295/80R22.5,Ciężarowe,Oś kierowana
385/65R22.5 FULDA VARIOTONN 160K TL M+S 3PMSF,FULDA,385/65R22.5,Ciężarowe,Naczepa/przyczepa
385/65R22.5 FULDA REGIOTONN 3 HL 164K/158L TL M+S 3PMSF,FULDA,385/65R22.5,Ciężarowe,Naczepa/przyczepa
385/65R22.5 FULDA REGIOCONTROL 3 160K/158L TL M+S 3PMSF,FULDA,385/65R22.5,Ciężarowe,Oś kierowana
385/55R22.5 FULDA REGIOTONN 3 160K/158L TL M+S 3PMSF,FULDA,385/55R22.5,Ciężarowe,Naczepa/przyczepa
315/80R22.5 FULDA REGIOFORCE 3 156L/154M TL M+S 3PMSF,FULDA,315/80R22.5,Ciężarowe,Oś napędowa
315/80R22.5 FULDA REGIOCONTROL 3 156L/154M TL M+S 3PMSF,FULDA,315/80R22.5,Ciężarowe,Oś kierowana
315/80R22.5 FULDA VARIOCONTROL 156/150K TL M+S,FULDA,315/80R22.5,Ciężarowe,Oś kierowana
315/70R22.5 FULDA REGIOFORCE 3 154L/152M TL M+S 3PMSF,FULDA,315/70R22.5,Ciężarowe,Oś napędowa
315/60R22.5 FULDA REGIOFORCE 3 152/148L TL M+S 3PMSF,FULDA,315/60R22.5,Ciężarowe,Oś napędowa
315/60R22.5 FULDA REGIOCONTROL 3 152/148L TL M+S 3PMSF,FULDA,315/60R22.5,Ciężarowe,Oś kierowana
315/60R22.5 FULDA REGIOCONTROL 3 HL 152/148L TL M+S 3PMSF,FULDA,315/60R22.5,Ciężarowe,Oś kierowana
315/60R22.5 FULDA ECOFORCE 2+ NAPĘD 152/148L TL M+S 3PMSF,FULDA,315/60R22.5,Ciężarowe,Oś napędowa
295/80R22.5 FULDA REGIOFORCE 3 152/148M TL M+S 3PMSF,FULDA,295/80R22.5,Ciężarowe,Oś napędowa
295/80R22.5 FULDA REGIOCONTROL 3 HL 154/149M TL M+S 3PMSF,FULDA,295/80R22.5,Ciężarowe,Oś kierowana
295/80R22.5 FULDA REGIOCONTROL 3 HL 154/149M TL M+S 3PMSF,FULDA,295/80R22.5,Ciężarowe,Oś kierowana
295/60R22.5 FULDA REGIOFORCE 3 150K/149L TL M+S 3PMSF,FULDA,295/60R22.5,Ciężarowe,Oś napędowa
295/55R22.5 FULDA REGIOFORCE 3 147/145K TL M+S 3PMSF,FULDA,295/55R22.5,Ciężarowe,Oś napędowa
13R22.5 FULDA REGIOCONTROL 156/150L TL,FULDA,13R22.5,Ciężarowe,Oś kierowana
13R22.5 FULDA VARIOCONTROL 2 156/150G TL M+S 3PMSF,FULDA,13R22.5,Ciężarowe,Oś kierowana
435/50R19.5 FULDA REGIOTONN 3 160J TL M+S 3PMSF,FULDA,435/50R19.5,Ciężarowe,Naczepa/przyczepa
285/70R19.5 FULDA REGIOFORCE NAPĘD 146L/140M TL M+S 3PMSF,FULDA,285/70R19.5,Ciężarowe,Oś napędowa
285/70R19.5 FULDA REGIOCONTROL* 146L/140M TL M+S 3PMSF,FULDA,285/70R19.5,Ciężarowe,Oś kierowana
285/70R19.5 FULDA ECOTONN 150/148J TL M+S 3PMSF,FULDA,285/70R19.5,Ciężarowe,Naczepa/przyczepa
285/70R19.5 FULDA ECOTONN 150/148J TL M+S 3PMSF,FULDA,285/70R19.5,Ciężarowe,Naczepa/przyczepa
265/70R19.5 FULDA REGIOFORCE NAPĘD 140/138M TL M+S 3PMSF,FULDA,265/70R19.5,Ciężarowe,Oś napędowa
265/70R19.5 FULDA REGIOCONTROL* 140/138M TL M+S 3PMSF,FULDA,265/70R19.5,Ciężarowe,Oś kierowana
265/70R19.5 FULDA ECOTONN NACZEPA 143/141J M+S 3PMSF,FULDA,265/70R19.5,Ciężarowe,Naczepa/przyczepa
245/70R19.5 FULDA REGIOFORCE NAPĘD 136/134M TL M+S 3PMSF,FULDA,245/70R19.5,Ciężarowe,Oś napędowa
245/70R19.5 FULDA ECOTONN 141/140J TL M+S 3PMSF,FULDA,245/70R19.5,Ciężarowe,Naczepa/przyczepa
9.5R17.5 FULDA ECOTRANS 129/127M TL M+S 3PMSF,FULDA,9.5R17.5,Ciężarowe,Oś kierowana
9.5R17.5 FULDA ECOSTAR 129/127M TL M+S,FULDA,9.5R17.5,Ciężarowe,Uniwersalne/pozostałe
9.5R17.5 FULDA ECOTONN NACZEPA 143/141J TL M+S 3PMSF,FULDA,9.5R17.5,Ciężarowe,Naczepa/przyczepa
245/70R17.5 FULDA REGIOFORCE NAPĘD 136/134M TL M+S 3PMSF,FULDA,245/70R17.5,Ciężarowe,Oś napędowa
245/70R17.5 FULDA ECOTONN 143/141J TL M+S 3PMSF,FULDA,245/70R17.5,Ciężarowe,Naczepa/przyczepa
235/75R17.5 FULDA REGIOFORCE NAPĘD 132/130M TL M+S 3PMSF,FULDA,235/75R17.5,Ciężarowe,Oś napędowa
235/75R17.5 FULDA REGIOCONTROL 132/130M TL M+S 3PMSF,FULDA,235/75R17.5,Ciężarowe,Oś kierowana
235/75R17.5 FULDA ECOTONN 143/141J TL M+S 3PMSF,FULDA,235/75R17.5,Ciężarowe,Naczepa/przyczepa
225/75R17.5 FULDA REGIOFORCE NAPĘD 129/127M TL M+S 3PMSF,FULDA,225/75R17.5,Ciężarowe,Oś napędowa
225/75R17.5 FULDA REGIOCONTROL 129/127M TL M+S 3PMSF,FULDA,225/75R17.5,Ciężarowe,Oś kierowana
215/75R17.5 FULDA REGIOFORCE NAPĘD 126/124M TL M+S 3PMSF,FULDA,215/75R17.5,Ciężarowe,Oś napędowa
215/75R17.5 FULDA REGIOCONTROL 126/124M TL M+S 3PMSF,FULDA,215/75R17.5,Ciężarowe,Oś kierowana
215/75R17.5 FULDA ECOTONN 135/133J TL M+S 3PMSF,FULDA,215/75R17.5,Ciężarowe,Naczepa/przyczepa
205/75R17.5 FULDA REGIOFORCE NAPĘD 124/122M TL M+S 3PMSF,FULDA,205/75R17.5,Ciężarowe,Oś napędowa
205/75R17.5 FULDA REGIOCONTROL 124/122M TL M+S 3PMSF,FULDA,205/75R17.5,Ciężarowe,Oś kierowana
385/65R22.5 FALKEN RI128 HL FRT 164K TL M+S 3PMSF,FALKEN,385/65R22.5,Ciężarowe,Oś kierowana
275/70R22.5 FALKEN BI856 DRIVE 148/145M TL M+S 3PMSF,FALKEN,275/70R22.5,Ciężarowe,Oś napędowa
215/75R17.5 FALKEN RI151 HL 128/126M TL M+S 3PMSF,FALKEN,215/75R17.5,Ciężarowe,Oś kierowana
13R22.5 GOODTRIP GMA30 ON-OFF ROAD 156/153L 20PR TL M+S 3PMSF,GOODTRIP,13R22.5,Ciężarowe,Oś kierowana
13R22.5 GOODTRIP GMD30 ON-OFF ROAD 156/153L 20PR TL M+S 3PMSF,GOODTRIP,13R22.5,Ciężarowe,Oś napędowa
385/65R22.5 GOODTRIP GHT50 TRAILER 160K 20PR TL M+S 3PMSF,GOODTRIP,385/65R22.5,Ciężarowe,Przyczepa
385/65R22.5 GOODTRIP GHA20 164K 24PR TL M+S 3PMSF,GOODTRIP,385/65R22.5,Ciężarowe,Oś kierowana
385/65R22.5 GOODTRIP GMT50 TRAILER ON-OFF 160K 20PR TL M+S 3PMSF,GOODTRIP,385/65R22.5,Ciężarowe,Przyczepa
385/55R22.5 GOODTRIP GHT50 TRAILER 160K 20PR TL M+S 3PMSF,GOODTRIP,385/55R22.5,Ciężarowe,Przyczepa
315/80R22.5 GOODTRIP GMA30 ON-OFF ROAD 157/154L 20PR TL M+S 3PMSF,GOODTRIP,315/80R22.5,Ciężarowe,Oś kierowana
315/80R22.5 GOODTRIP GMD30 ON-OFF ROAD 157/154L 20PR TL M+S 3PMSF,GOODTRIP,315/80R22.5,Ciężarowe,Oś napędowa
315/80R22.5 GOODTRIP GHD20 157/154L 20PR TL M+S 3PMSF,GOODTRIP,315/80R22.5,Ciężarowe,Oś napędowa
315/80R22.5 GOODTRIP GHA20 157/154L 20PR TL M+S 3PMSF,GOODTRIP,315/80R22.5,Ciężarowe,Oś kierowana
315/70R22.5 GOODTRIP GHD20 154/151M 20PR TL M+S 3PMSF,GOODTRIP,315/70R22.5,Ciężarowe,Oś napędowa
315/70R22.5 GOODTRIP GHA20 154/151M 20PR TL M+S 3PMSF,GOODTRIP,315/70R22.5,Ciężarowe,Oś kierowana
315/60R22.5 GOODTRIP GHD20 154/148L 20PR TL M+S 3PMSF,GOODTRIP,315/60R22.5,Ciężarowe,Oś napędowa
315/60R22.5 GOODTRIP GHA20 154/148L 20PR TL M+S 3PMSF,GOODTRIP,315/60R22.5,Ciężarowe,Oś kierowana
295/80R22.5 GOODTRIP GHD20 154/149M 18PR TL M+S 3PMSF,GOODTRIP,295/80R22.5,Ciężarowe,Oś napędowa
295/80R22.5 GOODTRIP GHA20 154/149M 18PR TL M+S 3PMSF,GOODTRIP,295/80R22.5,Ciężarowe,Oś kierowana
295/60R22.5 GOODTRIP GHD20 150/147K 18PR TL M+S 3PMSF,GOODTRIP,295/60R22.5,Ciężarowe,Oś napędowa
295/60R22.5 GOODTRIP GHA20 150/147K 18PR TL M+S 3PMSF,GOODTRIP,295/60R22.5,Ciężarowe,Oś kierowana
445/45R19.5 GOODTRIP GHT22 TRAILER 160J 22PR TL M+S 3PMSF,GOODTRIP,445/45R19.5,Ciężarowe,Przyczepa
285/70R19.5 GOODTRIP GHA20 150/148K 18PR TL M+S 3PMSF,GOODTRIP,285/70R19.5,Ciężarowe,Oś kierowana
245/70R19.5 GOODTRIP GHA20 141/140M 18PR TL M+S 3PMSF,GOODTRIP,245/70R19.5,Ciężarowe,Oś kierowana
245/70R19.5 GOODTRIP GHA20 136/134M 16PR TL M+S 3PMSF,GOODTRIP,245/70R19.5,Przemysłowe,Uniwersalne/pozostałe
245/70R19.5 GOODTRIP GHD22 136/134M 16PR TL M+S 3PMSF,GOODTRIP,245/70R19.5,Przemysłowe,Uniwersalne/pozostałe
235/75R17.5 GOODTRIP GHD22 132/130M 14PR TL M+S 3PMSF,GOODTRIP,235/75R17.5,Ciężarowe,Oś napędowa
235/75R17.5 GOODTRIP GHA20 143/141K 16PR TL M+S 3PMSF,GOODTRIP,235/75R17.5,Przemysłowe,Uniwersalne/pozostałe
215/75R17.5 GOODTRIP GHA20 128/126M 14PR TL M+S 3PMSF,GOODTRIP,215/75R17.5,Ciężarowe,Oś kierowana
385/95R25 DOUBLE COIN REM8 170F TL,DOUBLE COIN,385/95R25,Rolnicze,Uniwersalne/pozostałe
385/65R22.5 UNIROYAL T500 160K 14PR TL M+S,UNIROYAL,385/65R22.5,Ciężarowe,Naczepa/przyczepa
385/55R22.5 UNIROYAL TH50 160K 20PR TL M+S 3PMSF,UNIROYAL,385/55R22.5,Ciężarowe,Oś kierowana
385/55R22.5 UNIROYAL FH40 160K TL M+S 3PMSF,UNIROYAL,385/55R22.5,Ciężarowe,Oś kierowana
315/80R22.5 UNIROYAL FH40 156/150L TL M+S 3PMSF,UNIROYAL,315/80R22.5,Ciężarowe,Oś kierowana
315/80R22.5 UNIROYAL DH40 156/150L TL M+S 3PMSF,UNIROYAL,315/80R22.5,Ciężarowe,Oś napędowa
315/80R22.5 UNIROYAL FM40 PROWADZĄCA 156/150K TL M+S 3PMSF,UNIROYAL,315/80R22.5,Ciężarowe,Oś kierowana
315/70R22.5 UNIROYAL DH40 154/150L TL M+S 3PMSF,UNIROYAL,315/70R22.5,Ciężarowe,Oś napędowa
295/80R22.5 UNIROYAL FH40 154/149M TL M+S 3PMSF,UNIROYAL,295/80R22.5,Ciężarowe,Oś kierowana
295/80R22.5 UNIROYAL DH40 152/148M TL M+S 3PMSF,UNIROYAL,295/80R22.5,Ciężarowe,Oś napędowa
295/60R22.5 UNIROYAL DH100 150/147L TL M+S 3PMSF,UNIROYAL,295/60R22.5,Ciężarowe,Oś napędowa
285/70R19.5 UNIROYAL FH40 146/144M 16PR TL M+S 3PMSF,UNIROYAL,285/70R19.5,Przemysłowe,Uniwersalne/pozostałe
285/70R19.5 UNIROYAL DH40 146/144M 16PR TL M+S 3PMSF,UNIROYAL,285/70R19.5,Przemysłowe,Uniwersalne/pozostałe
265/70R19.5 UNIROYAL FH40 140/138M 14PR TL M+S 3PMSF,UNIROYAL,265/70R19.5,Ciężarowe,Oś kierowana
245/70R17.5 UNIROYAL FH40 136/134M 14PR TL M+S 3PMSF,UNIROYAL,245/70R17.5,Ciężarowe,Oś kierowana
245/70R17.5 UNIROYAL DH40 136/134M 14PR TL M+S 3PMSF,UNIROYAL,245/70R17.5,Ciężarowe,Oś napędowa
245/70R17.5 UNIROYAL TH50 143/141L 16PR TL M+S 3PMSF,UNIROYAL,245/70R17.5,Przemysłowe,Uniwersalne/pozostałe
245/70R17.5 UNIROYAL TH40 143/141L TL M+S,UNIROYAL,245/70R17.5,Ciężarowe,Oś kierowana
235/75R17.5 UNIROYAL FH40 132/130M 12PR TL M+S 3PMSF,UNIROYAL,235/75R17.5,Ciężarowe,Oś kierowana
235/75R17.5 UNIROYAL TH50 143/141K 16PR TL M+S 3PMSF,UNIROYAL,235/75R17.5,Przemysłowe,Uniwersalne/pozostałe
225/75R17.5 UNIROYAL FH40 129/127M 12PR TL M+S 3PMSF,UNIROYAL,225/75R17.5,Ciężarowe,Oś kierowana
225/75R17.5 UNIROYAL DH40 129/127M 12PR TL M+S 3PMSF,UNIROYAL,225/75R17.5,Ciężarowe,Oś napędowa
215/75R17.5 UNIROYAL DH40 126/124M 12PR TL M+S 3PMSF,UNIROYAL,215/75R17.5,Ciężarowe,Oś napędowa
215/75R17.5 UNIROYAL TH50 135/133K 16PR TL M+S 3PMSF,UNIROYAL,215/75R17.5,Przemysłowe,Uniwersalne/pozostałe
205/75R17.5 UNIROYAL FH40 124/122M 12PR TL M+S 3PMSF,UNIROYAL,205/75R17.5,Ciężarowe,Oś kierowana
13R22.5 CEAT WINLOAD-AW 158/156K TL M+S 3PMSF,CEAT,13R22.5,Ciężarowe,Oś napędowa
13R22.5 CEAT WINLOAD-D 158/156K TL M+S 3PMSF,CEAT,13R22.5,Ciężarowe,Oś napędowa
11R22.5 CEAT WINMILE-R 141/140J 16PR TL M+S 3PMSF,CEAT,11R22.5,Przemysłowe,Uniwersalne/pozostałe
385/65R22.5 CEAT WINMILE-T 164K TL M+S 3PMSF,CEAT,385/65R22.5,Ciężarowe,All position
385/65R22.5 CEAT WINMILE-S 164K/158L 20PR TL M+S 3PMSF,CEAT,385/65R22.5,Ciężarowe,All position
385/65R22.5 CEAT WINLOAD-AW 164K TL M+S 3PMSF,CEAT,385/65R22.5,Ciężarowe,Oś napędowa
385/55R22.5 CEAT WINMILE-T 160K TL M+S 3PMSF,CEAT,385/55R22.5,Ciężarowe,All position
315/80R22.5 CEAT WINMILE- 156/150L TL M+S 3PMSF,CEAT,315/80R22.5,Ciężarowe,All position
315/80R22.5 CEAT WINMILE- 156/150L TL M+S 3PMSF,CEAT,315/80R22.5,Ciężarowe,All position
315/80R22.5 CEAT WINLOAD-AW 158/156K TL M+S 3PMSF,CEAT,315/80R22.5,Ciężarowe,Oś napędowa
315/80R22.5 CEAT WINLOAD-D 158/156K TL M+S 3PMSF,CEAT,315/80R22.5,Ciężarowe,Oś napędowa
315/70R22.5 CEAT WINMILE-S 156/150L TL M+S 3PMSF,CEAT,315/70R22.5,Ciężarowe,All position
315/70R22.5 CEAT WINMILE-D 154/150L TL M+S 3PMSF,CEAT,315/70R22.5,Ciężarowe,All position
315/60R22.5 CEAT WINMILE-S 154/150L 20PR TL M+S 3PMSF,CEAT,315/60R22.5,Ciężarowe,All position
315/60R22.5 CEAT WINMILE-S 154/150L 20PR TL M+S 3PMSF,CEAT,315/60R22.5,Ciężarowe,All position
295/80R22.5 CEAT WINSUPER-X3-D 154/149M 18PR TL M+S 3PMSF,CEAT,295/80R22.5,Ciężarowe,Oś napędowa
295/80R22.5 CEAT WINMILE-AW 154/149M 18PR TL M+S 3PMSF,CEAT,295/80R22.5,Ciężarowe,All position
295/80R22.5 CEAT WINLOAD X5-D 152/148K TL M+S 3PMSF,CEAT,295/80R22.5,Ciężarowe,Oś napędowa
295/60R22.5 CEAT WINMILE-D 150/147L 18PR TL M+S 3PMSF,CEAT,295/60R22.5,Ciężarowe,All position
245/70R19.5 CEAT WINMILE-AW 141/140J 16PR TL M+S 3PMSF,CEAT,245/70R19.5,Przemysłowe,Uniwersalne/pozostałe
245/70R17.5 CEAT WINMILE-X3-R 143/141J 16PR TL M+S 3PMSF,CEAT,245/70R17.5,Przemysłowe,Uniwersalne/pozostałe
235/75R17.5 CEAT WINMILE-X3-R 143/141K 16PR TL M+S 3PMSF,CEAT,235/75R17.5,Przemysłowe,Uniwersalne/pozostałe
235/75R17.5 CEAT WINSUPER-X3-D 143/141K 16PR TL M+S 3PMSF,CEAT,235/75R17.5,Przemysłowe,Uniwersalne/pozostałe
215/75R17.5 CEAT WINMILE-X3-R 135/133K 16PR TL M+S 3PMSF,CEAT,215/75R17.5,Przemysłowe,Uniwersalne/pozostałe
650/65R38 CONTINENTAL TRACTOR MASTER 157D/160A8 TL,CONTINENTAL,650/65R38,Rolnicze,Uniwersalne/pozostałe
580/70R38 CONTINENTAL TRACTOR 70 155D/158A8 TL,CONTINENTAL,580/70R38,Rolnicze,Uniwersalne/pozostałe
540/65R38 CONTINENTAL TRACTOR MASTER 147D/150A8 TL,CONTINENTAL,540/65R38,Rolnicze,Uniwersalne/pozostałe
480/70R38 CONTINENTAL TRACTOR 70 145D/148A8 TL,CONTINENTAL,480/70R38,Rolnicze,Uniwersalne/pozostałe
420/85R38 CONTINENTAL TRACTOR 85 144A8/144B TL,CONTINENTAL,420/85R38,Rolnicze,Uniwersalne/pozostałe
600/65R34 CONTINENTAL TRACTOR MASTER 151D/154A8 TL,CONTINENTAL,600/65R34,Rolnicze,Uniwersalne/pozostałe
520/70R34 CONTINENTAL TRACTOR 70 148D/151A8 TL,CONTINENTAL,520/70R34,Rolnicze,Uniwersalne/pozostałe
420/85R34 CONTINENTAL TRACTOR 85 147A8/147B TL,CONTINENTAL,420/85R34,Rolnicze,Uniwersalne/pozostałe
900/60R32 CONTINENTAL COMBINE MASTER CHO 181B/181A8 TL,CONTINENTAL,900/60R32,Rolnicze,Uniwersalne/pozostałe
800/70R32 CONTINENTAL COMBINE MASTER CHO 181B/181A8 TL,CONTINENTAL,800/70R32,Rolnicze,Uniwersalne/pozostałe
600/70R30 CONTINENTAL TRACTOR MASTER 152D/155A8 TL,CONTINENTAL,600/70R30,Rolnicze,Uniwersalne/pozostałe
600/70R28 CONTINENTAL TRACTOR MASTER 157D/160A8 TL,CONTINENTAL,600/70R28,Rolnicze,Uniwersalne/pozostałe
380/85R28 CONTINENTAL TRACTOR 85 133A8/130B TL,CONTINENTAL,380/85R28,Rolnicze,Uniwersalne/pozostałe
380/70R24 CONTINENTAL TRACTOR 70 125D/128A8 TL,CONTINENTAL,380/70R24,Rolnicze,Uniwersalne/pozostałe
360/70R24 CONTINENTAL TRACTOR 70 122D/125A8 TL,CONTINENTAL,360/70R24,Rolnicze,Uniwersalne/pozostałe
460/70R24 CONTINENTAL COMPACT MASTER EM 159A8/159B TL,CONTINENTAL,460/70R24,Rolnicze,Uniwersalne/pozostałe
335/80R20 CONTINENTAL MPT 80 147J 22PR TL,CONTINENTAL,335/80R20,Rolnicze,Uniwersalne/pozostałe
385/65R22.5 CONTINENTAL CONTI SCANDINAVIA HT3 164K 20PR TL M+S 3PMSF,CONTINENTAL,385/65R22.5,Ciężarowe,Naczepa/przyczepa
385/65R22.5 CONTINENTAL CONTI SCANDINAVIA HS3 160K 20PR TL M+S 3PMSF,CONTINENTAL,385/65R22.5,Ciężarowe,Oś kierowana
385/55R22.5 CONTINENTAL CONTI SCANDINAVIA HS3 ED 160K 20PR TL M+S 3PMSF,CONTINENTAL,385/55R22.5,Ciężarowe,Oś kierowana
355/50R22.5 CONTINENTAL HSW2 SCANDINAVIA 156K 20PR TL M+S 3PMSF,CONTINENTAL,355/50R22.5,Ciężarowe,Oś kierowana
315/80R22.5 CONTINENTAL CONTI SCANDINAVIA HD3 156/150L 18PR TL M+S 3PMSF,CONTINENTAL,315/80R22.5,Ciężarowe,Oś napędowa
315/80R22.5 CONTINENTAL HSW2+ COACH 156/150L 18PR TL M+S 3PMSF,CONTINENTAL,315/80R22.5,Ciężarowe,Oś kierowana
315/70R22.5 CONTINENTAL CONTI SCANDINAVIA HD3 154/150L 20PR TL M+S 3PMSF,CONTINENTAL,315/70R22.5,Ciężarowe,Oś napędowa
315/70R22.5 CONTINENTAL CONTI SCANDINAVIA HS3 156/150L 20PR TL M+S 3PMSF,CONTINENTAL,315/70R22.5,Ciężarowe,Oś kierowana
315/60R22.5 CONTINENTAL HSW2 SCANDINAVIA XL 154/150L 20PR TL M+S 3PMSF,CONTINENTAL,315/60R22.5,Ciężarowe,Oś kierowana
315/60R22.5 CONTINENTAL HDW2 SCANDINAVIA 152/148L 20PR TL M+S 3PMSF,CONTINENTAL,315/60R22.5,Ciężarowe,Oś napędowa
295/80R22.5 CONTINENTAL CONTI SCANDINAVIA HD3 152/148M 16PR TL M+S 3PMSF,CONTINENTAL,295/80R22.5,Przemysłowe,Uniwersalne/pozostałe
295/80R22.5 CONTINENTAL CONTI SCANDINAVIA HD3 152/148M 16PR TL M+S 3PMSF,CONTINENTAL,295/80R22.5,Przemysłowe,Uniwersalne/pozostałe
295/80R22.5 CONTINENTAL HDW2 COACH 154/149M 16PR TL M+S 3PMSF,CONTINENTAL,295/80R22.5,Przemysłowe,Uniwersalne/pozostałe
295/60R22.5 CONTINENTAL HDW2 SCANDINAVIA 150/147K 18PR TL M+S 3PMSF,CONTINENTAL,295/60R22.5,Ciężarowe,Oś napędowa
445/45R19.5 CONTINENTAL HTW2 SCANDINAVIA 160J 22PR TL M+S 3PMSF,CONTINENTAL,445/45R19.5,Ciężarowe,Naczepa/przyczepa
285/70R19.5 CONTINENTAL CONTI SCANDINAVIA HS3 146/144M 16PR TL M+S 3PMSF,CONTINENTAL,285/70R19.5,Przemysłowe,Uniwersalne/pozostałe
265/70R19.5 CONTINENTAL CONTI SCANDINAVIA HS3 140/138M 16PR TL M+S 3PMSF,CONTINENTAL,265/70R19.5,Przemysłowe,Uniwersalne/pozostałe
265/70R19.5 CONTINENTAL CONTI SCANDINAVIA HD3 140/138M 16PR TL M+S 3PMSF,CONTINENTAL,265/70R19.5,Przemysłowe,Uniwersalne/pozostałe
235/75R17.5 CONTINENTAL CONTI SCANDINAVIA LS3 132/130M 12PR TL M+S 3PMSF,CONTINENTAL,235/75R17.5,Ciężarowe,Oś kierowana
235/75R17.5 CONTINENTAL CONTI SCANDINAVIA LD3 132/130M 12PR TL M+S 3PMSF,CONTINENTAL,235/75R17.5,Ciężarowe,Oś napędowa
235/75R17.5 CONTINENTAL CONTI SCANDINAVIA HT3 143/141K 16PR TL M+S 3PMSF,CONTINENTAL,235/75R17.5,Przemysłowe,Uniwersalne/pozostałe
215/75R17.5 CONTINENTAL CONTI SCANDINAVIA LS3 126/124M 12PR TL M+S 3PMSF,CONTINENTAL,215/75R17.5,Ciężarowe,Oś kierowana
215/75R17.5 CONTINENTAL CONTI SCANDINAVIA LD3 126/124M 12PR TL M+S 3PMSF,CONTINENTAL,215/75R17.5,Ciężarowe,Oś napędowa
215/75R17.5 CONTINENTAL CONTI SCANDINAVIA HT3 135/133K 16PR TL M+S 3PMSF,CONTINENTAL,215/75R17.5,Przemysłowe,Uniwersalne/pozostałe
13R22.5 CONTINENTAL CONTI CROSSTRAC HD3 156/150K 18PR TL M+S 3PMSF,CONTINENTAL,13R22.5,Ciężarowe,Oś kierowana
11R22.5 CONTINENTAL HDR 148/145L 16PR TL M+S 3PMSF,CONTINENTAL,11R22.5,Przemysłowe,Uniwersalne/pozostałe
11R22.5 CONTINENTAL HSC1 148/145K 16PR TL M+S,CONTINENTAL,11R22.5,Przemysłowe,Uniwersalne/pozostałe
10R22.5 CONTINENTAL 140/138K 14PR TL M+S,CONTINENTAL,10R22.5,Ciężarowe,Oś kierowana
10R22.5 CONTINENTAL RMS 144/142K 14PR TL M+S 3PMSF,CONTINENTAL,10R22.5,Ciężarowe,Oś kierowana
425/65R22.5 CONTINENTAL HTR2 165K 20PR TL M+S,CONTINENTAL,425/65R22.5,Ciężarowe,All position
385/65R22.5 CONTINENTAL CONTI HYBRID HT3+ 164K 20PR TL M+S 3PMSF,CONTINENTAL,385/65R22.5,Ciężarowe,Oś kierowana
385/65R22.5 CONTINENTAL CONTI HYBRID HT5 HL 164K 20PR TL M+S 3PMSF,CONTINENTAL,385/65R22.5,Ciężarowe,Oś kierowana
385/65R22.5 CONTINENTAL CONTI ECOPLUS HT3+ 160K 20PR TL M+S 3PMSF,CONTINENTAL,385/65R22.5,Ciężarowe,Naczepa/przyczepa
385/65R22.5 CONTINENTAL CONTI CROSSTRAC HT3 160K/158L 20PR M+S 3PMSF,CONTINENTAL,385/65R22.5,Ciężarowe,Naczepa/przyczepa
385/65R22.5 CONTINENTAL CONTI HYBRID HS5 164K 20PR TL M+S 3PMSF,CONTINENTAL,385/65R22.5,Ciężarowe,Oś kierowana
385/65R22.5 CONTINENTAL CONTI ECO HS5 164K 20PR TL M+S 3PMSF,CONTINENTAL,385/65R22.5,Ciężarowe,Oś kierowana
385/65R22.5 CONTINENTAL CONTI CROSSTRAC HS3 160K/158L 20PR M+S 3PMSF,CONTINENTAL,385/65R22.5,Ciężarowe,Oś kierowana
385/65R22.5 CONTINENTAL HDC 164J 20PR TL M+S 3PMSF,CONTINENTAL,385/65R22.5,Ciężarowe,Oś kierowana
385/55R22.5 CONTINENTAL CONTI ECOPLUS HT3+ 160K 20PR TL M+S 3PMSF,CONTINENTAL,385/55R22.5,Ciężarowe,Naczepa/przyczepa
385/55R22.5 CONTINENTAL CONTI HYBRID HT3+ 160K 20PR TL M+S 3PMSF,CONTINENTAL,385/55R22.5,Ciężarowe,Oś kierowana
385/55R22.5 CONTINENTAL CONTI HYBRID HT5 160K 20PR TL M+S 3PMSF,CONTINENTAL,385/55R22.5,Ciężarowe,Oś kierowana
385/55R22.5 CONTINENTAL CONTI HYBRID HS5 160K 20PR TL M+S 3PMSF,CONTINENTAL,385/55R22.5,Ciężarowe,Oś kierowana
355/50R22.5 CONTINENTAL CONTI ECO HS5 158L 18PR TL M+S 3PMSF,CONTINENTAL,355/50R22.5,Ciężarowe,Oś kierowana
315/80R22.5 CONTINENTAL HDC1 NAPĘD 156/150M 18PR TL M+S 3PMSF,CONTINENTAL,315/80R22.5,Ciężarowe,Oś kierowana
315/80R22.5 CONTINENTAL CONTI CROSSTRAC HD3 NAPĘD 156/150M 20PR TL M+S 3PMSF,CONTINENTAL,315/80R22.5,Ciężarowe,Oś kierowana
315/80R22.5 CONTINENTAL CONTI ECO HD5 156/150L 18PR TL M+S 3PMSF,CONTINENTAL,315/80R22.5,Ciężarowe,Oś kierowana
315/80R22.5 CONTINENTAL CONTI HYBRID HD5 156/150L 18PR TL M+S 3PMSF,CONTINENTAL,315/80R22.5,Ciężarowe,Oś napędowa
315/80R22.5 CONTINENTAL CONTI ECOPLUS HD3+ 156/150L 20PR TL M+S 3PMSF,CONTINENTAL,315/80R22.5,Ciężarowe,Oś kierowana
315/80R22.5 CONTINENTAL CONTI HYBRID HS5 156/150L 18PR TL M+S 3PMSF,CONTINENTAL,315/80R22.5,Ciężarowe,Oś kierowana
315/80R22.5 CONTINENTAL CONTI ECO HS5 156/150L 18PR TL M+S 3PMSF,CONTINENTAL,315/80R22.5,Ciężarowe,Oś kierowana
315/80R22.5 CONTINENTAL CONTI CROSS TRAC HS3 156/150K 20PR TL M+S 3PMSF,CONTINENTAL,315/80R22.5,Ciężarowe,Oś kierowana
315/70R22.5 CONTINENTAL CONTI ECO HD5 154/150L 18PR TL M+S 3PMSF,CONTINENTAL,315/70R22.5,Ciężarowe,Oś kierowana
315/70R22.5 CONTINENTAL CONTI HYBRID HD5 154/150L 18PR TL M+S 3PMSF,CONTINENTAL,315/70R22.5,Ciężarowe,Oś napędowa
315/70R22.5 CONTINENTAL CONTI HYBRID HS5 156/150L 20PR TL M+S 3PMSF,CONTINENTAL,315/70R22.5,Ciężarowe,Oś kierowana
315/70R22.5 CONTINENTAL CONTI ECO HS5 158/150L 20PR TL M+S 3PMSF,CONTINENTAL,315/70R22.5,Ciężarowe,Oś kierowana
315/70R22.5 CONTINENTAL CONTI ECO HS5 156/150L 20PR TL M+S 3PMSF,CONTINENTAL,315/70R22.5,Ciężarowe,Oś kierowana
315/70R22.5 CONTINENTAL CONTI EFFICIENTPRO HS5 158/150L 18PR TL M+S 3PMSF,CONTINENTAL,315/70R22.5,Ciężarowe,Oś kierowana
315/60R22.5 CONTINENTAL CONTI ECO HD5 152/148L 20PR TL M+S 3PMSF,CONTINENTAL,315/60R22.5,Ciężarowe,Oś kierowana
315/60R22.5 CONTINENTAL CONTI HYBRID HD3 152/148L 20PR TL M+S 3PMSF,CONTINENTAL,315/60R22.5,Ciężarowe,Oś kierowana
315/60R22.5 CONTINENTAL CONTI ECO HS5 154/150L 20PR TL M+S 3PMSF,CONTINENTAL,315/60R22.5,Ciężarowe,Oś kierowana
305/70R22.5 CONTINENTAL HDR 150/148M 16PR TL M+S 3PMSF,CONTINENTAL,305/70R22.5,Przemysłowe,Uniwersalne/pozostałe
305/70R22.5 CONTINENTAL HSR1 152/148L 18PR TL,CONTINENTAL,305/70R22.5,Ciężarowe,Oś kierowana
295/80R22.5 CONTINENTAL CONTI HYBRID HD5 152/148M 16PR TL M+S 3PMSF,CONTINENTAL,295/80R22.5,Przemysłowe,Uniwersalne/pozostałe
295/80R22.5 CONTINENTAL CONTI ECOREGIONAL HD3 152/148M 16PR TL M+S 3PMSF,CONTINENTAL,295/80R22.5,Przemysłowe,Uniwersalne/pozostałe
295/80R22.5 CONTINENTAL CONTI HYBRID HS5 154/149M 16PR TL M+S 3PMSF,CONTINENTAL,295/80R22.5,Przemysłowe,Uniwersalne/pozostałe
295/80R22.5 CONTINENTAL CONTI COACHREGIO HA3 154/149M 16PR TL M+S 3PMSF,CONTINENTAL,295/80R22.5,Przemysłowe,Uniwersalne/pozostałe
295/60R22.5 CONTINENTAL CONTI HYBRID HD3 150/147L 18PR TL M+S 3PMSF,CONTINENTAL,295/60R22.5,Ciężarowe,Oś kierowana
295/60R22.5 CONTINENTAL CONTI ECOPLUS HD3+ 150/147L 18PR TL M+S 3PMSF,CONTINENTAL,295/60R22.5,Ciężarowe,Oś kierowana
295/60R22.5 CONTINENTAL CONTI ECOPLUS HS3 150/147L 18PR TL M+S 3PMSF,CONTINENTAL,295/60R22.5,Ciężarowe,Oś kierowana
295/55R22.5 CONTINENTAL CONTI ECOPLUS HD3+ 147/145K 16PR TL M+S 3PMSF,CONTINENTAL,295/55R22.5,Przemysłowe,Uniwersalne/pozostałe
275/70R22.5 CONTINENTAL CONTI HYBRID HD5 148/145M 18PR TL M+S 3PMSF,CONTINENTAL,275/70R22.5,Ciężarowe,Oś napędowa
365/85R20 CONTINENTAL HCS 164J 18PR TL M+S,CONTINENTAL,365/85R20,Ciężarowe,All position
445/45R19.5 CONTINENTAL CONTI HYBRID HT3+ 160J 22PR TL M+S 3PMSF,CONTINENTAL,445/45R19.5,Ciężarowe,Oś kierowana
305/70R19.5 CONTINENTAL CONTI HYBRID HD3 148/145M 18PR TL M+S 3PMSF,CONTINENTAL,305/70R19.5,Ciężarowe,Oś kierowana
285/70R19.5 CONTINENTAL CONTI HYBRID HD3 146/144M 16PR TL M+S 3PMSF,CONTINENTAL,285/70R19.5,Przemysłowe,Uniwersalne/pozostałe
285/70R19.5 CONTINENTAL CONTI HYBRID HT3+ 150/148K 18PR TL M+S 3PMSF,CONTINENTAL,285/70R19.5,Ciężarowe,Oś kierowana
265/70R19.5 CONTINENTAL CONTI URBAN HA3 140/138M 16PR TL M+S 3PMSF,CONTINENTAL,265/70R19.5,Przemysłowe,Uniwersalne/pozostałe
265/70R19.5 CONTINENTAL CONTI HYBRID HS3+ 140/138M 14PR TL M+S 3PMSF,CONTINENTAL,265/70R19.5,Ciężarowe,Oś kierowana
265/70R19.5 CONTINENTAL CONTI HYBRID HD3+ 140/138M 14PR TL M+S 3PMSF,CONTINENTAL,265/70R19.5,Ciężarowe,Oś kierowana
265/70R19.5 CONTINENTAL CONTI HYBRID HD3 140/138M 14PR TL M+S 3PMSF,CONTINENTAL,265/70R19.5,Ciężarowe,Oś kierowana
265/70R19.5 CONTINENTAL CONTI HYBRID HT3+ 143/141K 16PR TL M+S 3PMSF,CONTINENTAL,265/70R19.5,Przemysłowe,Uniwersalne/pozostałe
245/70R19.5 CONTINENTAL CONTI HYBRID HS3 136/134M 16PR TL M+S 3PMSF,CONTINENTAL,245/70R19.5,Przemysłowe,Uniwersalne/pozostałe
245/70R19.5 CONTINENTAL CONTI HYBRID HD3 136/134M 16PR TL M+S 3PMSF,CONTINENTAL,245/70R19.5,Przemysłowe,Uniwersalne/pozostałe
245/70R19.5 CONTINENTAL CONTI HYBRID HT3+ 141/140K 16PR TL M+S 3PMSF,CONTINENTAL,245/70R19.5,Przemysłowe,Uniwersalne/pozostałe
10R17.5 CONTINENTAL LSR1 134/132L 16PR TL,CONTINENTAL,10R17.5,Przemysłowe,Uniwersalne/pozostałe
10R17.5 CONTINENTAL LDR1 134/132L 16PR TL M+S 3PMSF,CONTINENTAL,10R17.5,Przemysłowe,Uniwersalne/pozostałe
9.5R17.5 CONTINENTAL LDR1 129/127L 14PR TL M+S 3PMSF,CONTINENTAL,9.5R17.5,Ciężarowe,Oś napędowa
265/70R17.5 CONTINENTAL CONTI HYBRID LD3 139/136M 14PR TL M+S 3PMSF,CONTINENTAL,265/70R17.5,Ciężarowe,Oś napędowa
265/70R17.5 CONTINENTAL CONTI HYBRID LS3 139/136M 14PR TL M+S 3PMSF,CONTINENTAL,265/70R17.5,Ciężarowe,Oś kierowana
245/70R17.5 CONTINENTAL CONTI HYBRID LD3 136/134M 14PR TL M+S 3PMSF,CONTINENTAL,245/70R17.5,Ciężarowe,Oś napędowa
245/70R17.5 CONTINENTAL CONTI HYBRID LS3 136/134M 14PR TL M+S 3PMSF,CONTINENTAL,245/70R17.5,Ciężarowe,Oś kierowana
245/70R17.5 CONTINENTAL HTR2 + 143/141L 16PR TL M+S 3PMSF,CONTINENTAL,245/70R17.5,Przemysłowe,Uniwersalne/pozostałe
235/75R17.5 CONTINENTAL CONTI HYBRID LD3 132/130M 12PR TL M+S 3PMSF,CONTINENTAL,235/75R17.5,Ciężarowe,Oś napędowa
235/75R17.5 CONTINENTAL CONTI HYBRID LS3 132/130M 12PR TL M+S 3PMSF,CONTINENTAL,235/75R17.5,Ciężarowe,Oś kierowana
235/75R17.5 CONTINENTAL HTR2 + 143/141K 16PR TL M+S 3PMSF,CONTINENTAL,235/75R17.5,Przemysłowe,Uniwersalne/pozostałe
225/75R17.5 CONTINENTAL CONTI HYBRID LS3 129/127M 12PR TL M+S 3PMSF,CONTINENTAL,225/75R17.5,Ciężarowe,Oś kierowana
215/75R17.5 CONTINENTAL CONTI HYBRID LD3 126/124M 12PR TL M+S 3PMSF,CONTINENTAL,215/75R17.5,Ciężarowe,Oś napędowa
215/75R17.5 CONTINENTAL CONTI HYBRID LS3 126/124M 12PR TL M+S 3PMSF,CONTINENTAL,215/75R17.5,Ciężarowe,Oś kierowana
215/75R17.5 CONTINENTAL HTR2 + 135/133K 16PR TL M+S 3PMSF,CONTINENTAL,215/75R17.5,Przemysłowe,Uniwersalne/pozostałe
205/75R17.5 CONTINENTAL CONTI HYBRID LS3 124/122M 12PR TL M+S 3PMSF,CONTINENTAL,205/75R17.5,Ciężarowe,Oś kierowana
205/65R17.5 CONTINENTAL HTR2 + 132/130J 16PR TL M+S 3PMSF,CONTINENTAL,205/65R17.5,Przemysłowe,Uniwersalne/pozostałe
8.25R15 CONTINENTAL HTR+ 143/141G 18PR TT M+S 3PMSF,CONTINENTAL,8.25R15,Ciężarowe,Oś kierowana
13R22.5 BARUM BD200M 156/150K 18PR TL M+S 3PMSF,BARUM,13R22.5,Ciężarowe,All position
445/65R22.5 BARUM BT43 169K 20PR TL M+S,BARUM,445/65R22.5,Ciężarowe,All position
445/65R22.5 BARUM BS49 169J 20PR TL M+S,BARUM,445/65R22.5,Ciężarowe,All position
385/65R22.5 BARUM BU49 160K 16PR TL M+S,BARUM,385/65R22.5,Przemysłowe,Uniwersalne/pozostałe
385/55R22.5 BARUM BF200R 160K 20PR TL M+S 3PMSF,BARUM,385/55R22.5,Ciężarowe,All position
315/80R22.5 BARUM BF200R 156/150L 20PR TL M+S 3PMSF,BARUM,315/80R22.5,Ciężarowe,All position
315/80R22.5 BARUM BD200R 156/151L 20PR TL M+S 3PMSF,BARUM,315/80R22.5,Ciężarowe,All position
315/80R22.5 BARUM BD200M NAPĘD 156/150K 18PR TL M+S 3PMSF,BARUM,315/80R22.5,Ciężarowe,All position
315/70R22.5 BARUM BF200R 156/150L 20PR TL M+S 3PMSF,BARUM,315/70R22.5,Ciężarowe,All position
315/60R22.5 BARUM BF200R+ 154/148L 20PR TL M+S 3PMSF,BARUM,315/60R22.5,Ciężarowe,All position
315/60R22.5 BARUM BD200R 152/148L 20PR TL M+S 3PMSF,BARUM,315/60R22.5,Ciężarowe,All position
295/80R22.5 BARUM BD200R 152/148M 16PR TL M+S 3PMSF,BARUM,295/80R22.5,Przemysłowe,Uniwersalne/pozostałe
295/60R22.5 BARUM BD200R 150/147L 18PR TL M+S 3PMSF,BARUM,295/60R22.5,Ciężarowe,All position
445/45R19.5 BARUM BT300R 160J 22PR TL M+S 3PMSF,BARUM,445/45R19.5,Ciężarowe,All position
265/70R19.5 BARUM BD200R 140/138M 14PR TL M+S 3PMSF,BARUM,265/70R19.5,Ciężarowe,All position
245/70R19.5 BARUM BF200R 136/134M 16PR TL M+S 3PMSF,BARUM,245/70R19.5,Przemysłowe,Uniwersalne/pozostałe
245/70R19.5 BARUM BD200R 136/134M 16PR TL M+S,BARUM,245/70R19.5,Przemysłowe,Uniwersalne/pozostałe
245/70R19.5 BARUM BD200R 136/134M 16PR TL M+S 3PMSF,BARUM,245/70R19.5,Przemysłowe,Uniwersalne/pozostałe
245/70R17.5 BARUM BT300R 143/141L 16PR TL M+S 3PMSF,BARUM,245/70R17.5,Przemysłowe,Uniwersalne/pozostałe
235/75R17.5 BARUM BT300R 143/141K 16PR TL M+S 3PMSF,BARUM,235/75R17.5,Przemysłowe,Uniwersalne/pozostałe
225/75R17.5 BARUM BF200R 129/127M 12PR TL M+S 3PMSF,BARUM,225/75R17.5,Ciężarowe,All position
225/75R17.5 BARUM BD200R 129/127M 12PR TL M+S 3PMSF,BARUM,225/75R17.5,Ciężarowe,All position
215/75R17.5 BARUM BF200R LRF 126/124M 12PR TL M+S 3PMSF,BARUM,215/75R17.5,Ciężarowe,All position
215/75R17.5 BARUM BD200R 126/124M 12PR TL M+S 3PMSF,BARUM,215/75R17.5,Ciężarowe,All position
215/75R17.5 BARUM BT300R 135/133K 16PR TL M+S 3PMSF,BARUM,215/75R17.5,Przemysłowe,Uniwersalne/pozostałe
520/70R38 BRIDGESTONE VX-R TRACTOR 150D/147E TL,BRIDGESTONE,520/70R38,Rolnicze,Ciągnik
650/60R34 BRIDGESTONE VT-TRACTOR 165D/162E TL,BRIDGESTONE,650/60R34,Rolnicze,Ciągnik
520/70R34 BRIDGESTONE VX-R TRACTOR 148D/145E TL,BRIDGESTONE,520/70R34,Rolnicze,Ciągnik
800/65R32 BRIDGESTONE CFO VT-COMBINE 178A8 TL,BRIDGESTONE,800/65R32,Rolnicze,Kombajn
600/70R30 BRIDGESTONE VX-TRACTOR 158D/155E TL,BRIDGESTONE,600/70R30,Rolnicze,Ciągnik
420/85R30 BRIDGESTONE VX-R TRACTOR 140D/137E TL,BRIDGESTONE,420/85R30,Rolnicze,Ciągnik
420/85R28 BRIDGESTONE VX-R TRACTOR 139D/136E TL,BRIDGESTONE,420/85R28,Rolnicze,Ciągnik
540/65R24 BRIDGESTONE VX-R TRACTOR 140D/137E TL,BRIDGESTONE,540/65R24,Rolnicze,Ciągnik
480/65R24 BRIDGESTONE VX-TRACTOR 140D/137E TL,BRIDGESTONE,480/65R24,Rolnicze,Ciągnik
420/85R24 BRIDGESTONE VX-R TRACTOR 137D/134E TL,BRIDGESTONE,420/85R24,Rolnicze,Ciągnik
380/85R24 BRIDGESTONE VX-R TRACTOR 131D/128E TL,BRIDGESTONE,380/85R24,Rolnicze,Ciągnik
360/70R24 BRIDGESTONE VX-R TRACTOR 122D/119E TL,BRIDGESTONE,360/70R24,Rolnicze,Ciągnik
340/85R24 BRIDGESTONE VX-R TRACTOR 125D/122E TL,BRIDGESTONE,340/85R24,Rolnicze,Ciągnik
320/85R24 BRIDGESTONE VX-R TRACTOR 122D/119E TL,BRIDGESTONE,320/85R24,Rolnicze,Ciągnik
320/70R24 BRIDGESTONE VX-R TRACTOR 116D/113E TL,BRIDGESTONE,320/70R24,Rolnicze,Ciągnik
13R22.5 BRIDGESTONE L355 EVO 158G/156K TL M+S 3PMSF,BRIDGESTONE,13R22.5,Ciężarowe,Oś napędowa
11R22.5 BRIDGESTONE M840 148/145K TL M+S 3PMSF,BRIDGESTONE,11R22.5,Ciężarowe,Uniwersalne/pozostałe
385/65R22.5 BRIDGESTONE DURT2 160K TL M+S 3PMSF,BRIDGESTONE,385/65R22.5,Ciężarowe,Naczepa/przyczepa
385/65R22.5 BRIDGESTONE ECOPIA STEER 160K TL M+S 3PMSF,BRIDGESTONE,385/65R22.5,Ciężarowe,Oś kierowana
385/65R22.5 BRIDGESTONE ECOPIA H-TRAILER 002 160K TL,BRIDGESTONE,385/65R22.5,Ciężarowe,Przyczepa
385/65R22.5 BRIDGESTONE ECOPIA TRAILER 160K TL M+S 3PMSF,BRIDGESTONE,385/65R22.5,Ciężarowe,Przyczepa
385/65R22.5 BRIDGESTONE DURS2 160K TL M+S 3PMSF,BRIDGESTONE,385/65R22.5,Ciężarowe,Oś kierowana
385/65R22.5 BRIDGESTONE M748 EVO 164K TL M+S 3PMSF,BRIDGESTONE,385/65R22.5,Ciężarowe,Oś napędowa
385/65R22.5 BRIDGESTONE R168+ 160K TL M+S 3PMSF,BRIDGESTONE,385/65R22.5,Ciężarowe,Uniwersalne/pozostałe
385/55R22.5 BRIDGESTONE DURT2 160K TL M+S 3PMSF,BRIDGESTONE,385/55R22.5,Ciężarowe,Naczepa/przyczepa
385/55R22.5 BRIDGESTONE ECOPIA STEER 160K TL M+S 3PMSF,BRIDGESTONE,385/55R22.5,Ciężarowe,Oś kierowana
385/55R22.5 BRIDGESTONE ECOPIA H-TRAILER 002 160K TL,BRIDGESTONE,385/55R22.5,Ciężarowe,Przyczepa
385/55R22.5 BRIDGESTONE DURS2 160K TL M+S 3PMSF,BRIDGESTONE,385/55R22.5,Ciężarowe,Oś kierowana
355/50R22.5 BRIDGESTONE ECOPIA H-STEER 002 156L TL M+S 3PMSF,BRIDGESTONE,355/50R22.5,Ciężarowe,Oś kierowana
315/80R22.5 BRIDGESTONE DURD2 156/150L TL M+S 3PMSF,BRIDGESTONE,315/80R22.5,Ciężarowe,Oś napędowa
315/80R22.5 BRIDGESTONE ECOPIA STEER 156/150L TL M+S 3PMSF,BRIDGESTONE,315/80R22.5,Ciężarowe,Oś kierowana
315/80R22.5 BRIDGESTONE ECOPIA H-STEER 002 156/150L TL M+S 3PMSF,BRIDGESTONE,315/80R22.5,Ciężarowe,Oś kierowana
315/80R22.5 BRIDGESTONE DURS2 156/150L TL M+S 3PMSF,BRIDGESTONE,315/80R22.5,Ciężarowe,Oś kierowana
315/80R22.5 BRIDGESTONE M-STEER 001 156/150K TL M+S 3PMSF,BRIDGESTONE,315/80R22.5,Ciężarowe,Oś kierowana
315/80R22.5 BRIDGESTONE M-DRIVE 002 156/150K TL M+S 3PMSF,BRIDGESTONE,315/80R22.5,Ciężarowe,Oś napędowa
315/80R22.5 BRIDGESTONE L355 EVO 158/156K TL M+S 3PMSF,BRIDGESTONE,315/80R22.5,Ciężarowe,Oś napędowa
315/70R22.5 BRIDGESTONE V-STEEL M749 152/148M TL M+S 3PMSF,BRIDGESTONE,315/70R22.5,Ciężarowe,Uniwersalne/pozostałe
315/70R22.5 BRIDGESTONE DURD2 154/150L TL M+S 3PMSF,BRIDGESTONE,315/70R22.5,Ciężarowe,Oś napędowa
315/70R22.5 BRIDGESTONE ECOPIA STEER 156/150L TL M+S 3PMSF,BRIDGESTONE,315/70R22.5,Ciężarowe,Oś kierowana
315/70R22.5 BRIDGESTONE ECOPIA DRIVE 154/150L TL M+S 3PMSF,BRIDGESTONE,315/70R22.5,Ciężarowe,Oś napędowa
315/70R22.5 BRIDGESTONE DURS2 156/150L TL M+S 3PMSF,BRIDGESTONE,315/70R22.5,Ciężarowe,Oś kierowana
315/60R22.5 BRIDGESTONE DURD2 152/148L TL M+S 3PMSF,BRIDGESTONE,315/60R22.5,Ciężarowe,Oś napędowa
315/60R22.5 BRIDGESTONE ECOPIA STEER 154/148L TL M+S 3PMSF,BRIDGESTONE,315/60R22.5,Ciężarowe,Oś kierowana
315/60R22.5 BRIDGESTONE ECOPIA H-DRIVE 002 152/148L TL M+S 3PMSF,BRIDGESTONE,315/60R22.5,Ciężarowe,Oś napędowa
315/60R22.5 BRIDGESTONE DURS2 154/148L TL M+S 3PMSF,BRIDGESTONE,315/60R22.5,Ciężarowe,Oś kierowana
315/60R22.5 BRIDGESTONE ECOPIA H-STEER 002 154/148L TL M+S 3PMSF,BRIDGESTONE,315/60R22.5,Ciężarowe,Oś kierowana
295/80R22.5 BRIDGESTONE DURD2 152/148M TL M+S 3PMSF,BRIDGESTONE,295/80R22.5,Ciężarowe,Oś napędowa
295/60R22.5 BRIDGESTONE DURD2 150/147L TL M+S 3PMSF,BRIDGESTONE,295/60R22.5,Ciężarowe,Oś napędowa
295/60R22.5 BRIDGESTONE DURD2 150/147L TL M+S 3PMSF,BRIDGESTONE,295/60R22.5,Ciężarowe,Oś napędowa
295/60R22.5 BRIDGESTONE ECOHD2 150/147L TL M+S 3PMSF,BRIDGESTONE,295/60R22.5,Ciężarowe,Oś napędowa
295/60R22.5 BRIDGESTONE ECOPIA DRIVE 150/147L TL M+S 3PMSF,BRIDGESTONE,295/60R22.5,Ciężarowe,Oś napędowa
295/60R22.5 BRIDGESTONE R249 ECO 150/147L TL M+S 3PMSF,BRIDGESTONE,295/60R22.5,Ciężarowe,Oś kierowana
275/70R22.5 BRIDGESTONE M840 148/145K M+S 3PMSF,BRIDGESTONE,275/70R22.5,Ciężarowe,Uniwersalne/pozostałe
275/70R22.5 BRIDGESTONE U-AP002 152/149J TL M+S 3PMSF,BRIDGESTONE,275/70R22.5,Ciężarowe,Uniwersalne/pozostałe
13R22.5 BRIDGESTONE M840 EVO 158/156K TL M+S 3PMSF,BRIDGESTONE,13R22.5,Ciężarowe,Uniwersalne/pozostałe
435/50R19.5 BRIDGESTONE R166 160J TL M+S 3PMSF,BRIDGESTONE,435/50R19.5,Ciężarowe,Naczepa/przyczepa
285/70R19.5 BRIDGESTONE R-STEER 002 146/144M TL M+S 3PMSF,BRIDGESTONE,285/70R19.5,Ciężarowe,Oś kierowana
285/70R19.5 BRIDGESTONE R-DRIVE 002 146/144M TL M+S 3PMSF,BRIDGESTONE,285/70R19.5,Ciężarowe,Oś napędowa
265/70R19.5 BRIDGESTONE R-STEER 002 140/138M TL M+S 3PMSF,BRIDGESTONE,265/70R19.5,Ciężarowe,Oś kierowana
265/70R19.5 BRIDGESTONE R-DRIVE 002 140/138M TL M+S 3PMSF,BRIDGESTONE,265/70R19.5,Ciężarowe,Oś napędowa
265/70R19.5 BRIDGESTONE RT1 143/141K TL M+S 3PMSF,BRIDGESTONE,265/70R19.5,Ciężarowe,Naczepa/przyczepa
9.5R17.5 BRIDGESTONE R168 143/141J TL,BRIDGESTONE,9.5R17.5,Ciężarowe,Uniwersalne/pozostałe
265/70R17.5 BRIDGESTONE R-STEER 002 138M TL M+S 3PMSF,BRIDGESTONE,265/70R17.5,Ciężarowe,Oś kierowana
265/70R17.5 BRIDGESTONE R-DRIVE 002 138/136M TL M+S 3PMSF,BRIDGESTONE,265/70R17.5,Ciężarowe,Oś napędowa
245/70R17.5 BRIDGESTONE R-STEER 002 136/134M TL M+S 3PMSF,BRIDGESTONE,245/70R17.5,Ciężarowe,Oś kierowana
245/70R17.5 BRIDGESTONE R-DRIVE 002 136/134M TL M+S 3PMSF,BRIDGESTONE,245/70R17.5,Ciężarowe,Oś napędowa
245/70R17.5 BRIDGESTONE RT1 143/141J TL M+S 3PMSF,BRIDGESTONE,245/70R17.5,Ciężarowe,Naczepa/przyczepa
235/75R17.5 BRIDGESTONE R-STEER 002 132M TL M+S 3PMSF,BRIDGESTONE,235/75R17.5,Ciężarowe,Oś kierowana
235/75R17.5 BRIDGESTONE R-DRIVE 002 132M TL M+S 3PMSF,BRIDGESTONE,235/75R17.5,Ciężarowe,Oś napędowa
235/75R17.5 BRIDGESTONE RT1 143/141K TL M+S 3PMSF,BRIDGESTONE,235/75R17.5,Ciężarowe,Naczepa/przyczepa
225/75R17.5 BRIDGESTONE R-STEER 002 129/127M TL M+S 3PMSF,BRIDGESTONE,225/75R17.5,Ciężarowe,Oś kierowana
225/75R17.5 BRIDGESTONE R-DRIVE 002 129/127M TL M+S 3PMSF,BRIDGESTONE,225/75R17.5,Ciężarowe,Oś napędowa
215/75R17.5 BRIDGESTONE RT1 136/134K TL M+S 3PMSF,BRIDGESTONE,215/75R17.5,Ciężarowe,Naczepa/przyczepa
205/75R17.5 BRIDGESTONE RD2 124M TL M+S,BRIDGESTONE,205/75R17.5,Ciężarowe,Oś napędowa
205/75R17.5 BRIDGESTONE RS2 124M TL M+S 3PMSF,BRIDGESTONE,205/75R17.5,Ciężarowe,Oś kierowana
205/65R17.5 BRIDGESTONE RT1 132/130J TL M+S 3PMSF,BRIDGESTONE,205/65R17.5,Ciężarowe,Naczepa/przyczepa
13R22.5 BLACKLION BD280 156/150K 20PR TL M+S 3PMSF,BLACKLION,13R22.5,Ciężarowe,All position
13R22.5 BLACKLION BA220 156/150K 20PR TL M+S 3PMSF,BLACKLION,13R22.5,Ciężarowe,All position
540/65R38 FIRESTONE MAXITRACTION 65 147D/144E TL,FIRESTONE,540/65R38,Rolnicze,Ciągnik
520/70R38 FIRESTONE PERFORMER 70 150D/147E TL,FIRESTONE,520/70R38,Rolnicze,Ciągnik
420/85R38 FIRESTONE PERFORMER 85 144D/141E TL,FIRESTONE,420/85R38,Rolnicze,Ciągnik
600/65R34 FIRESTONE MAXITRACTION 65 151D/148E TL,FIRESTONE,600/65R34,Rolnicze,Ciągnik
460/85R34 FIRESTONE PERFORMER 85 147D/144E TL,FIRESTONE,460/85R34,Rolnicze,Ciągnik
420/85R34 FIRESTONE PERFORMER 85 142D/139E TL,FIRESTONE,420/85R34,Rolnicze,Ciągnik
480/70R28 FIRESTONE PERFORMER 70 140D/137E TL,FIRESTONE,480/70R28,Rolnicze,Ciągnik
420/85R28 FIRESTONE PERFORMER 85 139D/136E TL,FIRESTONE,420/85R28,Rolnicze,Ciągnik
420/70R28 FIRESTONE PERFORMER 70 133D/130E TL,FIRESTONE,420/70R28,Rolnicze,Ciągnik
380/85R28 FIRESTONE PERFORMER 85 133D/130E TL,FIRESTONE,380/85R28,Rolnicze,Ciągnik
380/70R28 FIRESTONE PERFORMER 70 127D/124E TL,FIRESTONE,380/70R28,Rolnicze,Ciągnik
340/85R28 FIRESTONE PERFORMER 85 127D/124E TL,FIRESTONE,340/85R28,Rolnicze,Ciągnik
320/85R28 FIRESTONE PERFORMER 85 124D/121E TL,FIRESTONE,320/85R28,Rolnicze,Ciągnik
280/85R28 FIRESTONE PERFORMER 85 118D/115E TL,FIRESTONE,280/85R28,Rolnicze,Ciągnik
540/65R24 FIRESTONE MAXITRACTION 65 140D/137E TL,FIRESTONE,540/65R24,Rolnicze,Ciągnik
480/65R24 FIRESTONE MAXITRACTION 65 133D/130E TL,FIRESTONE,480/65R24,Rolnicze,Ciągnik
440/65R24 FIRESTONE MAXITRACTION 65 128D/125E TL,FIRESTONE,440/65R24,Rolnicze,Ciągnik
420/85R24 FIRESTONE PERFORMER 85 137D/134E TL,FIRESTONE,420/85R24,Rolnicze,Ciągnik
420/70R24 FIRESTONE PERFORMER 70 130D/127E TL,FIRESTONE,420/70R24,Rolnicze,Ciągnik
380/85R24 FIRESTONE PERFORMER 85 131D/128E TL,FIRESTONE,380/85R24,Rolnicze,Ciągnik
380/70R24 FIRESTONE PERFORMER 70 125D/122E TL,FIRESTONE,380/70R24,Rolnicze,Ciągnik
340/85R24 FIRESTONE PERFORMER 85 125D/122E TL,FIRESTONE,340/85R24,Rolnicze,Ciągnik
340/85R24 FIRESTONE PERFORMER 85 XL 136A8/136B TL,FIRESTONE,340/85R24,Rolnicze,Ciągnik
320/85R24 FIRESTONE PERFORMER 85 122D/119E TL,FIRESTONE,320/85R24,Rolnicze,Ciągnik
320/70R24 FIRESTONE PERFORMER 70 116D/113E TL,FIRESTONE,320/70R24,Rolnicze,Ciągnik
280/85R24 FIRESTONE PERFORMER 85 115D/112E TL,FIRESTONE,280/85R24,Rolnicze,Ciągnik
26.5R25 FIRESTONE MBT MS DE2 ** E-3/L-3 193B TL,FIRESTONE,26.5R25,Rolnicze,Ciągnik
17.5R25 FIRESTONE MBT MS DE2 ** E-3/L-3 167B TL,FIRESTONE,17.5R25,Rolnicze,Ciągnik
23.5R25 FIRESTONE MBT MS DE2 ** E-3/L-3 185B TL,FIRESTONE,23.5R25,Rolnicze,Ciągnik
20.5R25 FIRESTONE MBT MS DE2 ** E-3/L-3 177B TL,FIRESTONE,20.5R25,Rolnicze,Ciągnik
460/70R24 FIRESTONE R8000 UTILITY 159A8/159B TL,FIRESTONE,460/70R24,Rolnicze,Ciągnik
460/70R24 FIRESTONE DURAFORCE UTILITY 159A8 TL,FIRESTONE,460/70R24,Rolnicze,Ciągnik
425/65R22.5 FIRESTONE TSP3000 165K TL,FIRESTONE,425/65R22.5,Ciężarowe,Naczepa/przyczepa
385/65R22.5 FIRESTONE FT524 160K TL M+S 3PMSF,FIRESTONE,385/65R22.5,Ciężarowe,Naczepa/przyczepa
385/65R22.5 FIRESTONE FT833 160K TL M+S 3PMSF,FIRESTONE,385/65R22.5,Ciężarowe,Naczepa/przyczepa
385/65R22.5 FIRESTONE FS424 160K TL M+S 3PMSF,FIRESTONE,385/65R22.5,Ciężarowe,Oś kierowana
385/55R22.5 FIRESTONE FT524 160K TL M+S 3PMSF,FIRESTONE,385/55R22.5,Ciężarowe,Naczepa/przyczepa
385/55R22.5 FIRESTONE FS424 160K TL M+S 3PMSF,FIRESTONE,385/55R22.5,Ciężarowe,Oś kierowana
315/80R22.5 FIRESTONE FD624 156/150L TL M+S 3PMSF,FIRESTONE,315/80R22.5,Ciężarowe,Oś napędowa
315/80R22.5 FIRESTONE FS424 156/150L TL M+S 3PMSF,FIRESTONE,315/80R22.5,Ciężarowe,Oś kierowana
315/80R22.5 FIRESTONE FS833 156/150K TL M+S 3PMSF,FIRESTONE,315/80R22.5,Ciężarowe,Oś kierowana
315/80R22.5 FIRESTONE FD833 156/150K TL M+S 3PMSF,FIRESTONE,315/80R22.5,Ciężarowe,Uniwersalne/pozostałe
315/70R22.5 FIRESTONE FD624 154L/152M TL M+S 3PMSF,FIRESTONE,315/70R22.5,Ciężarowe,Oś napędowa
315/70R22.5 FIRESTONE FS424 154/150L TL M+S 3PMSF,FIRESTONE,315/70R22.5,Ciężarowe,Oś kierowana
315/60R22.5 FIRESTONE FD624 152/148L TL M+S 3PMSF,FIRESTONE,315/60R22.5,Ciężarowe,Oś napędowa
295/80R22.5 FIRESTONE FD624 152/148M TL M+S 3PMSF,FIRESTONE,295/80R22.5,Ciężarowe,Oś napędowa
295/80R22.5 FIRESTONE FS424 152/148M TL M+S 3PMSF,FIRESTONE,295/80R22.5,Ciężarowe,Oś kierowana
295/60R22.5 FIRESTONE FD624 150/147L TL M+S 3PMSF,FIRESTONE,295/60R22.5,Ciężarowe,Oś napędowa
285/70R19.5 FIRESTONE FS411 145/143M TL M+S 3PMSF,FIRESTONE,285/70R19.5,Ciężarowe,Oś kierowana
285/70R19.5 FIRESTONE TSP3000 150/148J TL M+S 3PMSF,FIRESTONE,285/70R19.5,Ciężarowe,Naczepa/przyczepa
265/70R19.5 FIRESTONE FS411 140M/138M 3PMSF FRONT,FIRESTONE,265/70R19.5,Ciężarowe,Oś kierowana
265/70R19.5 FIRESTONE FD611 140/138M TL M+S 3PMSF,FIRESTONE,265/70R19.5,Ciężarowe,Oś napędowa
245/70R19.5 FIRESTONE FS411 136/134M TL M+S 3PMSF,FIRESTONE,245/70R19.5,Ciężarowe,Oś kierowana
245/70R19.5 FIRESTONE FD611 136/134M TL M+S 3PMSF,FIRESTONE,245/70R19.5,Ciężarowe,Oś napędowa
9.5R17.5 FIRESTONE FS400 129 TL M+S 3PMSF,FIRESTONE,9.5R17.5,Ciężarowe,All position
9.5R17.5 FIRESTONE TSP3000 143/141J TL M+S 3PMSF,FIRESTONE,9.5R17.5,Ciężarowe,Naczepa/przyczepa
245/70R17.5 FIRESTONE FS411 136/134M TL M+S 3PMSF,FIRESTONE,245/70R17.5,Ciężarowe,Oś kierowana
245/70R17.5 FIRESTONE FD611 136/134M TL M+S 3PMSF,FIRESTONE,245/70R17.5,Ciężarowe,Oś napędowa
245/70R17.5 FIRESTONE TSP3000 143/141J TL M+S 3PMSF,FIRESTONE,245/70R17.5,Ciężarowe,Naczepa/przyczepa
235/75R17.5 FIRESTONE FS411 132/130M TL M+S 3PMSF,FIRESTONE,235/75R17.5,Ciężarowe,Oś kierowana
235/75R17.5 FIRESTONE FD611 132/130M TL M+S 3PMSF,FIRESTONE,235/75R17.5,Ciężarowe,Oś napędowa
235/75R17.5 FIRESTONE TSP3000 143J/144F TL M+S 3PMSF,FIRESTONE,235/75R17.5,Ciężarowe,Naczepa/przyczepa
225/75R17.5 FIRESTONE FS411 129/127M TL M+S 3PMSF,FIRESTONE,225/75R17.5,Ciężarowe,Oś kierowana
225/75R17.5 FIRESTONE FD611 129/127M TL M+S 3PMSF,FIRESTONE,225/75R17.5,Ciężarowe,Oś napędowa
215/75R17.5 FIRESTONE FS411 126/124M TL M+S 3PMSF,FIRESTONE,215/75R17.5,Ciężarowe,Oś kierowana
215/75R17.5 FIRESTONE FD611 126/124M TL M+S 3PMSF,FIRESTONE,215/75R17.5,Ciężarowe,Oś napędowa
205/75R17.5 FIRESTONE FS411 124/122M TL M+S 3PMSF,FIRESTONE,205/75R17.5,Ciężarowe,Oś kierowana
205/75R17.5 FIRESTONE FD611 124/122M TL M+S 3PMSF,FIRESTONE,205/75R17.5,Ciężarowe,Oś napędowa
500/70R24 APOLLO TERRA PRO1044 162D TL,APOLLO,500/70R24,Rolnicze,Uniwersalne/pozostałe
500/70R24 APOLLO TERRA PRO1045 162D TL,APOLLO,500/70R24,Rolnicze,Uniwersalne/pozostałe
460/70R24 APOLLO TERRA PRO1044 158D TL,APOLLO,460/70R24,Rolnicze,Uniwersalne/pozostałe
460/70R24 APOLLO TERRA PRO1045 158D TL,APOLLO,460/70R24,Rolnicze,Uniwersalne/pozostałe
405/70R24 APOLLO TERRA PRO1045 146B TL,APOLLO,405/70R24,Rolnicze,Uniwersalne/pozostałe
405/70R20 APOLLO TERRA PRO1045 143B TL,APOLLO,405/70R20,Rolnicze,Uniwersalne/pozostałe
400/70R20 APOLLO TERRA PRO1044 148D TL,APOLLO,400/70R20,Rolnicze,Uniwersalne/pozostałe
340/80R20 APOLLO TERRA PRO1044 143D TL,APOLLO,340/80R20,Rolnicze,Uniwersalne/pozostałe
16.9-28 APOLLO AIT 426 152A8 12PR TL,APOLLO,16.9-28,Rolnicze,Uniwersalne/pozostałe
10.00-20 APOLLO AWE 713 SET 146B 16PR TT,APOLLO,10.00-20,Przemysłowe,Uniwersalne/pozostałe
445/65R22.5 AEOLUS AGP23 169F TL,AEOLUS,445/65R22.5,Ciężarowe,All position
360/70R24 ALLIANCE AGRISTAR II 122D TL,ALLIANCE,360/70R24,Rolnicze,Ciągnik
340/55-16 TRELLEBORG AW305 140A8 TL,TRELLEBORG,340/55-16,Rolnicze,Przyczepa
4.00-15 TRELLEBORG TD27 66A6 4PR TT,TRELLEBORG,4.00-15,Rolnicze,Ciągnik
6.00-9 TRELLEBORG T-991 10PR TT,TRELLEBORG,6.00-9,Rolnicze,Ciągnik
3.50-8 TRELLEBORG T-510 4PR TT,TRELLEBORG,3.50-8,Rolnicze,Ciągnik
4.00-6 TRELLEBORG T-991 6PR TT,TRELLEBORG,4.00-6,Rolnicze,Ciągnik
3.50-6 TRELLEBORG T-510 4PR TT,TRELLEBORG,3.50-6,Rolnicze,Ciągnik
4.10/3.50-4 TRELLEBORG T-539 6PR TT,TRELLEBORG,4.10/3.50-4,Rolnicze,Ciągnik
4.00-4 TRELLEBORG T-991 4PR TT,TRELLEBORG,4.00-4,Rolnicze,Uniwersalne/pozostałe
4.00-4 TRELLEBORG T-991 6PR TT,TRELLEBORG,4.00-4,Rolnicze,Ciągnik
3.00-4 TRELLEBORG T-991 KPL/TR87 37A5 4PR TT,TRELLEBORG,3.00-4,Rolnicze,Uniwersalne/pozostałe
3.00-4 TRELLEBORG T-991 6PR TT,TRELLEBORG,3.00-4,Rolnicze,Ciągnik
3.00-4 TRELLEBORG T-991 4PR TT,TRELLEBORG,3.00-4,Rolnicze,Ciągnik
10.00-20 TRELLEBORG C-800 EXCAVATOR KPL 166A8 16PR TT,TRELLEBORG,10.00-20,Przemysłowe,Koparka
23X8.50-12 TRELLEBORG SK-900 116A2 12PR TL,TRELLEBORG,23x8.50-12,Rolnicze,Ciągnik
295/60R22.5 PROMETEON R02 PROWAY DRIVE 150/147L TL M+S,PROMETEON,295/60R22.5,Ciężarowe,Oś napędowa
420/85R34 OZKA AGRO 10 142A8/139B TL,OZKA,420/85R34,Rolnicze,Ciągnik
420/70R30 OZKA AGRO 10 134A8/131B TL,OZKA,420/70R30,Rolnicze,Ciągnik
420/70R28 OZKA AGRO 10 133A8/133B TL,OZKA,420/70R28,Rolnicze,Ciągnik
460/70R24 OZKA AGRO 10 159A8 TL,OZKA,460/70R24,Rolnicze,Ciągnik
340/85R24 OZKA AGRO 10 125A8/122B TL,OZKA,340/85R24,Rolnicze,Ciągnik
16.9-38 OZKA KNK 50 152A6 14PR TT,OZKA,16.9-38,Rolnicze,Uniwersalne/pozostałe
18.4-34 OZKA KNK 50 159A6 16PR TT,OZKA,18.4-34,Przemysłowe,Uniwersalne/pozostałe
16.9-34 OZKA KNK 50 142A6 10PR TT,OZKA,16.9-34,Rolnicze,Uniwersalne/pozostałe
12.4-32 OZKA KNK 50 125A6 8PR TT,OZKA,12.4-32,Rolnicze,Uniwersalne/pozostałe
16.9-30 OZKA KNK 50 144A6 10PR TT,OZKA,16.9-30,Rolnicze,Uniwersalne/pozostałe
14.9-28 OZKA KNK 50 130A6 8PR TT,OZKA,14.9-28,Rolnicze,Uniwersalne/pozostałe
14.9-28 OZKA KNK 50 143A6 14PR TT,OZKA,14.9-28,Rolnicze,Uniwersalne/pozostałe
13.6-28 OZKA KNK 50 125A6 8PR TT,OZKA,13.6-28,Rolnicze,Uniwersalne/pozostałe
12.4-28 OZKA KNK 50 125A6 8PR TT,OZKA,12.4-28,Rolnicze,Uniwersalne/pozostałe
12.4-24 OZKA KNK 50 124A6 12PR TT,OZKA,12.4-24,Rolnicze,Uniwersalne/pozostałe
11.2-24 OZKA KNK 50 116A6 8PR TT,OZKA,11.2-24,Rolnicze,Uniwersalne/pozostałe
11.2-24 OZKA KNK 50 122A6 12PR TT,OZKA,11.2-24,Rolnicze,Uniwersalne/pozostałe
11.2-20 OZKA KNK 50 113A6 8PR TT,OZKA,11.2-20,Rolnicze,Uniwersalne/pozostałe
7.50-16 OZKA KNK 35 98A6 6PR TT,OZKA,7.50-16,Rolnicze,Uniwersalne/pozostałe
6.50-16 OZKA KNK 33 97A6 8PR TT,OZKA,6.50-16,Rolnicze,Uniwersalne/pozostałe
6.00-16 OZKA KNK 50 88A6 6PR TT,OZKA,6.00-16,Rolnicze,Uniwersalne/pozostałe
6.00-16 OZKA KNK 33 88A6 6PR TT,OZKA,6.00-16,Rolnicze,Uniwersalne/pozostałe
400/60-15.5 OZKA KNK 56 151A8 18PR TL,OZKA,400/60-15.5,Rolnicze,Uniwersalne/pozostałe
6.50/80-15 OZKA KNK 50 86A6 6PR TT,OZKA,6.50/80-15,Rolnicze,Uniwersalne/pozostałe
5.00-15 OZKA KNK 140 76A6 6PR TT,OZKA,5.00-15,Rolnicze,Uniwersalne/pozostałe
16.9-28 OZKA IND 80 R-4 156A8 14PR TL,OZKA,16.9-28,Rolnicze,Ładowarka
18.4-26 OZKA IND 80 R-4 160A8 14PR TL,OZKA,18.4-26,Rolnicze,Ładowarka
17.5L-24 OZKA IND 80 R-4 154A8 14PR TL,OZKA,17.5L-24,Rolnicze,Ładowarka
6.50-16 OZKA KNK 20 108/107L 10PR TT,OZKA,6.50-16,Rolnicze,Uniwersalne/pozostałe
7.50-16 GTK AS14 103A6 8PR TT,GTK,7.50-16,Rolnicze,Ciągnik
6.50/80-15 GTK AS100 86A6 6PR TT,GTK,6.50/80-15,Rolnicze,Ciągnik
5.00-15 GTK BT46 76A6 6PR TT,GTK,5.00-15,Rolnicze,Przyczepa
340/85R24 MITAS AC 85 125A8/125B TL,MITAS,340/85R24,Rolnicze,Ciągnik
6.00-18 MITAS TF-03 96A6/88A8 6PR TT,MITAS,6.00-18,Rolnicze,Ciągnik
7.50-16 MITAS TF-03 103A6/96A8 8PR TT,MITAS,7.50-16,Rolnicze,Ciągnik
7.50-16 MITAS TF-03 98A6/90A8 6PR TT,MITAS,7.50-16,Rolnicze,Ciągnik
6.00-16 MITAS TF-03 88A6/80A8 6PR TT,MITAS,6.00-16,Rolnicze,Ciągnik
11.5/80-15.3 MITAS IM-04 141A8 16PR TL,MITAS,11.5/80-15.3,Przemysłowe,Przyczepa
200/60-14.5 MITAS IM-10 102A8 10PR TL,MITAS,200/60-14.5,Rolnicze,Przyczepa
4.00-12 MITAS B-12 4PR TT,MITAS,4.00-12,Rolnicze,Kosiarka/ogród
5.00-10 MITAS B-16 4PR TT,MITAS,5.00-10,Rolnicze,Kosiarka/ogród
18.5X8.50-8 MITAS B-63 12PR TL,MITAS,18.5x8.50-8,Rolnicze,Kosiarka/ogród
16X6.50-8 MITAS B-19 12PR TL,MITAS,16x6.50-8,Rolnicze,Kosiarka/ogród
4.00-8 MITAS V-5501 2PR TT,MITAS,4.00-8,Rolnicze,Kosiarka/ogród
4.00-8 MITAS B-12 4PR TT,MITAS,4.00-8,Rolnicze,Kosiarka/ogród
3.50-8 MITAS V-5501 4PR TT,MITAS,3.50-8,Rolnicze,Kosiarka/ogród
3.50-8 MITAS B-15 4PR TT,MITAS,3.50-8,Rolnicze,Kosiarka/ogród
4.00-6 MITAS V-5501 6PR TT,MITAS,4.00-6,Rolnicze,Kosiarka/ogród
4.00-6 MITAS V-5501 4PR TT,MITAS,4.00-6,Rolnicze,Kosiarka/ogród
4.00-6 MITAS B-11 6PR TT,MITAS,4.00-6,Rolnicze,Kosiarka/ogród
13X5.00-6 MITAS G-1 4PR TL,MITAS,13x5.00-6,Rolnicze,Ciągnik
13X5.00-6 MITAS B-12 4PR TL,MITAS,13x5.00-6,Rolnicze,Kosiarka/ogród
13X5.00-6 MITAS B-19 8PR TL,MITAS,13x5.00-6,Rolnicze,Kosiarka/ogród
18.4-26 MITAS TI-06 INDUST 156A8 12PR TL,MITAS,18.4-26,Rolnicze,Ciągnik
10.00-20 MITAS EM-23 146B 16PR TT,MITAS,10.00-20,Przemysłowe,Maszyny górnicze
10.00-20 MITAS NB 38 146B 16PR TT,MITAS,10.00-20,Przemysłowe,Ładowarka
8.25-20 MITAS NB 38 122B 14PR TT,MITAS,8.25-20,Rolnicze,Ciągnik
650/65R38 CULTOR RD-03 157A8/160B TL,CULTOR,650/65R38,Rolnicze,Ciągnik
320/85R32 CULTOR RD-01 142A8/142B TL,CULTOR,320/85R32,Rolnicze,Ciągnik
380/85R28 CULTOR RD-01 133A8/130B TL,CULTOR,380/85R28,Rolnicze,Ciągnik
420/70R24 CULTOR RD-02 130A8/130B TL,CULTOR,420/70R24,Rolnicze,Ciągnik
18.4-34 CULTOR AS AGRI 19 146A6 10PR TT,CULTOR,18.4-34,Rolnicze,Ciągnik
16.9-30 CULTOR AS AGRI 13 137A8 14PR TT,CULTOR,16.9-30,Rolnicze,Ciągnik
14.9-28 CULTOR AS AGRI 20 8PR TT,CULTOR,14.9-28,Rolnicze,Ciągnik
12.4-28 CULTOR AS AGRI 19 123A6/116A8 8PR TT,CULTOR,12.4-28,Rolnicze,Ciągnik
7.50-20 CULTOR AS FRONT10 109A6/101A8 8PR TL,CULTOR,7.50-20,Rolnicze,Ciągnik
7.50-20 CULTOR AS FRONT 08 109A6/101A8 8PR TT,CULTOR,7.50-20,Rolnicze,Ciągnik
7.50-16 CULTOR AS FRONT 13 90A8 8PR TT,CULTOR,7.50-16,Rolnicze,Ciągnik
6.50-16 CULTOR AS FRONT 08 97A6/89A8 8PR TT,CULTOR,6.50-16,Rolnicze,Ciągnik
6.00-16 CULTOR AS FRONT 09 94A6/86A8 8PR TT,CULTOR,6.00-16,Rolnicze,Ciągnik
8.25-15 CULTOR AW-IMPL 12 141A8 16PR TT,CULTOR,8.25-15,Przemysłowe,Uniwersalne/pozostałe
11R22.5 MATADOR FR 2 MASTER 148/145L 16PR TL M+S,MATADOR,11R22.5,Przemysłowe,Uniwersalne/pozostałe
10R22.5 MATADOR FR 2 MASTER 144/142L 16PR TL M+S,MATADOR,10R22.5,Przemysłowe,Uniwersalne/pozostałe
385/65R22.5 MATADOR TM 1 COLLOS 160K 20PR TL M+S 3PMSF,MATADOR,385/65R22.5,Ciężarowe,Naczepa/przyczepa
385/65R22.5 MATADOR HR 5 164K 20PR TL M+S 3PMSF,MATADOR,385/65R22.5,Ciężarowe,Oś kierowana
385/65R22.5 MATADOR HR 4 160K 20PR TL M+S 3PMSF,MATADOR,385/65R22.5,Ciężarowe,Oś kierowana
385/55R22.5 MATADOR HR 5 160K 20PR TL M+S 3PMSF,MATADOR,385/55R22.5,Ciężarowe,Oś kierowana
385/55R22.5 MATADOR HR 4 160K 20PR TL M+S 3PMSF,MATADOR,385/55R22.5,Ciężarowe,Oś kierowana
315/80R22.5 MATADOR HR 4 156/150L 18PR TL M+S 3PMSF,MATADOR,315/80R22.5,Ciężarowe,Oś kierowana
315/80R22.5 MATADOR HR 4 156/150L 20PR TL M+S 3PMSF,MATADOR,315/80R22.5,Ciężarowe,Oś kierowana
315/80R22.5 MATADOR FM 4 156/150K 20PR TL M+S 3PMSF,MATADOR,315/80R22.5,Ciężarowe,Oś kierowana
315/80R22.5 MATADOR DM 4 156/150K 20PR TL M+S 3PMSF,MATADOR,315/80R22.5,Ciężarowe,Oś napędowa
315/70R22.5 MATADOR HR 5 154/150L 20PR TL M+S 3PMSF,MATADOR,315/70R22.5,Ciężarowe,Oś kierowana
315/60R22.5 MATADOR HR 4+ 154/148L 20PR TL M+S 3PMSF,MATADOR,315/60R22.5,Ciężarowe,Oś kierowana
315/60R22.5 MATADOR HR 4 152/148L 20PR TL M+S 3PMSF,MATADOR,315/60R22.5,Ciężarowe,Oś kierowana
295/80R22.5 MATADOR HR 4 154/149M 16PR TL M+S 3PMSF,MATADOR,295/80R22.5,Przemysłowe,Uniwersalne/pozostałe
295/80R22.5 MATADOR HR 4 152/148M 16PR TL M+S 3PMSF,MATADOR,295/80R22.5,Przemysłowe,Uniwersalne/pozostałe
295/60R22.5 MATADOR HR 4 150/147L 18PR TL M+S 3PMSF,MATADOR,295/60R22.5,Ciężarowe,Oś kierowana
275/70R22.5 MATADOR FR 2 MASTER 148/145L 16PR TL M+S,MATADOR,275/70R22.5,Przemysłowe,Uniwersalne/pozostałe
275/70R22.5 MATADOR DR 1 HECTOR 148/145L 16PR TL M+S 3PMSF,MATADOR,275/70R22.5,Przemysłowe,Uniwersalne/pozostałe
275/70R22.5 MATADOR FU 1 CITY 148/145J 18PR TL M+S 3PMSF,MATADOR,275/70R22.5,Ciężarowe,Oś kierowana
445/45R19.5 MATADOR HR 5 160J 22PR TL M+S 3PMSF,MATADOR,445/45R19.5,Ciężarowe,Oś kierowana
285/70R19.5 MATADOR HR 4 146/144M 16PR TL M+S 3PMSF,MATADOR,285/70R19.5,Przemysłowe,Uniwersalne/pozostałe
285/70R19.5 MATADOR HR 4 146/144M 16PR TL M+S 3PMSF,MATADOR,285/70R19.5,Przemysłowe,Uniwersalne/pozostałe
265/70R19.5 MATADOR HR 4 140/138M 14PR TL M+S 3PMSF,MATADOR,265/70R19.5,Ciężarowe,Oś kierowana
265/70R19.5 MATADOR HR 4 140/138M 14PR TL M+S 3PMSF,MATADOR,265/70R19.5,Ciężarowe,Oś kierowana
265/70R19.5 MATADOR HR 5 143/141J 16PR TL M+S 3PMSF,MATADOR,265/70R19.5,Przemysłowe,Uniwersalne/pozostałe
245/70R17.5 MATADOR HR 4 136/134M 14PR TL M+S 3PMSF,MATADOR,245/70R17.5,Ciężarowe,Oś kierowana
245/70R17.5 MATADOR HR 4 136/134M 14PR TL M+S 3PMSF,MATADOR,245/70R17.5,Ciężarowe,Oś kierowana
245/70R17.5 MATADOR HR 5 143/141L 16PR TL M+S 3PMSF,MATADOR,245/70R17.5,Przemysłowe,Uniwersalne/pozostałe
235/75R17.5 MATADOR HR 4 132/130M 12PR TL M+S 3PMSF,MATADOR,235/75R17.5,Ciężarowe,Oś kierowana
235/75R17.5 MATADOR HR 4 132/130M 12PR TL M+S 3PMSF,MATADOR,235/75R17.5,Ciężarowe,Oś kierowana
235/75R17.5 MATADOR HR 5 143/141K 16PR TL M+S 3PMSF,MATADOR,235/75R17.5,Przemysłowe,Uniwersalne/pozostałe
225/75R17.5 MATADOR HR 4 129/127M 12PR TL M+S 3PMSF,MATADOR,225/75R17.5,Ciężarowe,Oś kierowana
225/75R17.5 MATADOR HR 4 129/127M 12PR TL M+S 3PMSF,MATADOR,225/75R17.5,Ciężarowe,Oś kierowana
215/75R17.5 MATADOR HR 4 126/124M 12PR TL M+S 3PMSF,MATADOR,215/75R17.5,Ciężarowe,Oś kierowana
215/75R17.5 MATADOR HR 4 126/124M 12PR TL M+S 3PMSF,MATADOR,215/75R17.5,Ciężarowe,Oś kierowana
215/75R17.5 MATADOR HR 5 135/133K 16PR TL M+S 3PMSF,MATADOR,215/75R17.5,Przemysłowe,Uniwersalne/pozostałe
205/75R17.5 MATADOR HR 4 124/122M 12PR TL M+S 3PMSF,MATADOR,205/75R17.5,Ciężarowe,Oś kierowana
205/75R17.5 MATADOR HR 4 124/122M TL M+S 3PMSF,MATADOR,205/75R17.5,Ciężarowe,Oś kierowana
13R22.5 LINGLONG KMA400 156/150K 18PR TL M+S 3PMSF,LINGLONG,13R22.5,Ciężarowe,Oś kierowana
385/65R22.5 LINGLONG KXA400 164K 24PR TL M+S,LINGLONG,385/65R22.5,Ciężarowe,Oś kierowana
385/65R22.5 LINGLONG KTS300 164K/158L 24PR TL M+S 3PMSF,LINGLONG,385/65R22.5,Ciężarowe,Oś kierowana
385/65R22.5 LINGLONG ETT100 164K/158L 24PR TL M+S 3PMSF,LINGLONG,385/65R22.5,Ciężarowe,Naczepa/przyczepa
385/65R22.5 LINGLONG LTL863 164J 24PR TL M+S 3PMSF,LINGLONG,385/65R22.5,Ciężarowe,Naczepa/przyczepa
385/55R22.5 LINGLONG KTS300 160K/158L 20PR TL M+S 3PMSF,LINGLONG,385/55R22.5,Ciężarowe,Oś kierowana
315/80R22.5 LINGLONG KTS300 156L/154M 22PR TL M+S 3PMSF,LINGLONG,315/80R22.5,Ciężarowe,Oś kierowana
315/80R22.5 LINGLONG KTD300 156L/154M 20PR TL M+S 3PMSF,LINGLONG,315/80R22.5,Ciężarowe,Oś napędowa
315/80R22.5 LINGLONG KMD406 156/150K 20PR TL M+S 3PMSF,LINGLONG,315/80R22.5,Ciężarowe,Oś napędowa
315/80R22.5 LINGLONG KMA400 158/150K 22PR TL M+S 3PMSF,LINGLONG,315/80R22.5,Ciężarowe,Oś kierowana
315/70R22.5 LINGLONG -D30 156/150L 18PR TL M+S 3PMSF,LINGLONG,315/70R22.5,Ciężarowe,Oś kierowana
315/70R22.5 LINGLONG KTS300 156L/154M 18PR TL M+S 3PMSF,LINGLONG,315/70R22.5,Ciężarowe,Oś kierowana
315/70R22.5 LINGLONG KTD300 156L/154M 18PR TL M+S 3PMSF,LINGLONG,315/70R22.5,Ciężarowe,Oś napędowa
315/70R22.5 LINGLONG ETD100 156/150L 18PR TL M+S 3PMSF,LINGLONG,315/70R22.5,Ciężarowe,Oś napędowa
295/80R22.5 LINGLONG KTS300 154/149M 18PR TL M+S 3PMSF,LINGLONG,295/80R22.5,Ciężarowe,Oś kierowana
295/80R22.5 LINGLONG KTD300 152/148M 16PR TL M+S 3PMSF,LINGLONG,295/80R22.5,Przemysłowe,Uniwersalne/pozostałe
385/55R19.5 LINGLONG -T10 156J 18PR TL M+S 3PMSF,LINGLONG,385/55R19.5,Ciężarowe,Oś kierowana
265/70R19.5 LINGLONG KLS200 140/138M 16PR TL M+S 3PMSF,LINGLONG,265/70R19.5,Przemysłowe,Uniwersalne/pozostałe
265/70R19.5 LINGLONG KLD200 140/138M 16PR TL M+S 3PMSF,LINGLONG,265/70R19.5,Przemysłowe,Uniwersalne/pozostałe
245/70R19.5 LINGLONG KLS200 136/134M 16PR TL M+S 3PMSF,LINGLONG,245/70R19.5,Przemysłowe,Uniwersalne/pozostałe
265/70R17.5 LINGLONG KLS200 140/138M 16PR TL M+S 3PMSF,LINGLONG,265/70R17.5,Przemysłowe,Uniwersalne/pozostałe
265/70R17.5 LINGLONG KLD200 140/138M 16PR TL M+S 3PMSF,LINGLONG,265/70R17.5,Przemysłowe,Uniwersalne/pozostałe
245/70R17.5 LINGLONG -S20 136/134M 16PR TL M+S 3PMSF,LINGLONG,245/70R17.5,Przemysłowe,Uniwersalne/pozostałe
245/70R17.5 LINGLONG KLS200 136/134M 16PR TL M+S 3PMSF,LINGLONG,245/70R17.5,Przemysłowe,Uniwersalne/pozostałe
245/70R17.5 LINGLONG KLD200 136/134M 16PR TL M+S 3PMSF,LINGLONG,245/70R17.5,Przemysłowe,Uniwersalne/pozostałe
LINGLONG S20 132/130M 14PR TL M+S 3PMSF,LINGLONG,235/75R17.5,Ciężarowe,Oś kierowana
235/75R17.5 LINGLONG -D20 132/130M 14PR TL M+S 3PMSF,LINGLONG,235/75R17.5,Ciężarowe,Oś kierowana
235/75R17.5 LINGLONG KLD200 132/130M 14PR TL M+S 3PMSF,LINGLONG,235/75R17.5,Ciężarowe,Oś napędowa
235/75R17.5 LINGLONG -T20 143/141J 18PR TL M+S 3PMSF,LINGLONG,235/75R17.5,Ciężarowe,All position
235/75R17.5 LINGLONG KLT200 143/141J 18PR TL M+S,LINGLONG,235/75R17.5,Ciężarowe,All position
215/75R17.5 LINGLONG -S20 126/124M 14PR TL M+S 3PMSF,LINGLONG,215/75R17.5,Ciężarowe,Oś kierowana
215/75R17.5 LINGLONG KLS200 126/124M 14PR TL M+S 3PMSF,LINGLONG,215/75R17.5,Ciężarowe,Oś kierowana
215/75R17.5 LINGLONG KLD200 126/124M 14PR TL M+S 3PMSF,LINGLONG,215/75R17.5,Ciężarowe,Oś napędowa
215/75R17.5 LINGLONG -T20 135/133J 16PR TL M+S 3PMSF,LINGLONG,215/75R17.5,Przemysłowe,Uniwersalne/pozostałe
205/75R17.5 LINGLONG -S20 124/122M 14PR TL M+S 3PMSF,LINGLONG,205/75R17.5,Ciężarowe,Oś kierowana
205/65R17.5 LINGLONG -T20 129/127J 16PR TL M+S 3PMSF,LINGLONG,205/65R17.5,Przemysłowe,Uniwersalne/pozostałe
205/65R17.5 LINGLONG KLT200 129/127J 16PR TL M+S,LINGLONG,205/65R17.5,Przemysłowe,Uniwersalne/pozostałe
385/65R22.5 KUMHO KXA11 164K 24PR TL 3PMSF,KUMHO,385/65R22.5,Ciężarowe,Oś kierowana
385/65R22.5 KUMHO KLS03 164K 24PR TL 3PMSF,KUMHO,385/65R22.5,Ciężarowe,All position
385/65R22.5 KUMHO KLT03 160K 20PR TL 3PMSF,KUMHO,385/65R22.5,Ciężarowe,All position
315/70R22.5 KUMHO KLD23 154/150L 18PR TL 3PMSF,KUMHO,315/70R22.5,Ciężarowe,All position
315/60R22.5 KUMHO KXS10 154/148L 16PR TL 3PMSF,KUMHO,315/60R22.5,Przemysłowe,Uniwersalne/pozostałe
315/60R22.5 KUMHO KXS10 154/148L 16PR TL 3PMSF,KUMHO,315/60R22.5,Przemysłowe,Uniwersalne/pozostałe
295/60R22.5 KUMHO KLD03 150/147K 16PR TL 3PMSF,KUMHO,295/60R22.5,Przemysłowe,Uniwersalne/pozostałe
445/45R19.5 KUMHO KLT03 160J 22PR TL 3PMSF,KUMHO,445/45R19.5,Ciężarowe,All position
435/50R19.5 KUMHO KLT03 160J 20PR TL 3PMSF,KUMHO,435/50R19.5,Ciężarowe,All position
435/50R19.5 KUMHO KLT23 160J 20PR TL 3PMSF,KUMHO,435/50R19.5,Ciężarowe,All position
16.9-38 KABAT SGP-04 14PR TT,KABAT,16.9-38,Rolnicze,Ciągnik
9.5-36 KABAT SGP-04 123A6 10PR TT,KABAT,9.5-36,Rolnicze,Ciągnik
18.4-34 KABAT SGP-04 154A6 14PR TT,KABAT,18.4-34,Rolnicze,Ciągnik
16.9-34 KABAT SGP-04 135A8 12PR TT,KABAT,16.9-34,Rolnicze,Ciągnik
12.4-32 KABAT SGP-04 125A6 8PR TT,KABAT,12.4-32,Rolnicze,Ciągnik
9.5-32 KABAT SGP-04 115A6 8PR TT,KABAT,9.5-32,Rolnicze,Ciągnik
18.4-30 KABAT SGP-04 149A6 12PR TT,KABAT,18.4-30,Rolnicze,Ciągnik
16.9-28 KABAT SGP-04 139A6 10PR TT,KABAT,16.9-28,Rolnicze,Ciągnik
14.9-28 KABAT SGP-03 130A6 8PR TT,KABAT,14.9-28,Rolnicze,Ciągnik
13.6-28 KABAT SGP-04 125A6 8PR TT,KABAT,13.6-28,Rolnicze,Ciągnik
12.4-28 KABAT SGP-02 123A6 8PR TT,KABAT,12.4-28,Rolnicze,Ciągnik
11.2-28 KABAT SGP-02 118A6 8PR TT,KABAT,11.2-28,Rolnicze,Ciągnik
12.4-24 KABAT SGP-04 128A6 12PR TT,KABAT,12.4-24,Rolnicze,Ciągnik
11.2-24 KABAT SGP-04 116A6 8PR TT,KABAT,11.2-24,Rolnicze,Ciągnik
7.50-20 KABAT SRF-04 108A6 8PR TT,KABAT,7.50-20,Rolnicze,Ciągnik
6.00-18 KABAT SRF-02 88A8 6PR TT,KABAT,6.00-18,Rolnicze,Ciągnik
9.00-16 KABAT IMP-09 14PR TT,KABAT,9.00-16,Rolnicze,Przyczepa
7.50-16 KABAT SRF-02 103A8 8PR TT,KABAT,7.50-16,Rolnicze,Ciągnik
7.50-16 KABAT SRF-02 98A8 6PR TT,KABAT,7.50-16,Rolnicze,Ciągnik
7.50-16 KABAT SGP-04 103A8 8PR TT,KABAT,7.50-16,Rolnicze,Ciągnik
7.50-16 KABAT SRF-05 103A8 8PR TT,KABAT,7.50-16,Rolnicze,Ciągnik
7.50-16 KABAT SGP-04 98A6 6PR TT,KABAT,7.50-16,Rolnicze,Ciągnik
6.00-16 KABAT SRF-03 94A8 8PR TT,KABAT,6.00-16,Rolnicze,Ciągnik
6.00-16 KABAT SRF-03 88A8 6PR TT,KABAT,6.00-16,Rolnicze,Ciągnik
6.00-16 KABAT SGP-04 88A8 6PR TT,KABAT,6.00-16,Rolnicze,Ciągnik
6.00-16 KABAT SRF-01 94A8 8PR TT,KABAT,6.00-16,Rolnicze,Ciągnik
6.00-16 KABAT SRF-01 88A8 6PR TT,KABAT,6.00-16,Rolnicze,Ciągnik
6.00-16 KABAT SGP-04 94A6 8PR TT,KABAT,6.00-16,Rolnicze,Ciągnik
400/60-15.5 KABAT IMP-04 145A8 14PR TL,KABAT,400/60-15.5,Rolnicze,Przyczepa
11.5/80-15.3 KABAT IMP-03 141A8 16PR TT,KABAT,11.5/80-15.3,Przemysłowe,Uniwersalne/pozostałe
11.5/80-15.3 KABAT IMP-03 139A8 14PR TL,KABAT,11.5/80-15.3,Rolnicze,Przyczepa
11.5/80-15.3 KABAT IMP-03 139A8 14PR TT,KABAT,11.5/80-15.3,Rolnicze,Przyczepa
11.5/80-15.3 KABAT IMP-03 135A8 12PR TT,KABAT,11.5/80-15.3,Rolnicze,Przyczepa
10.0/75-15.3 KABAT IMP-03 130A8 14PR TT,KABAT,10.0/75-15.3,Rolnicze,Przyczepa
10.0/75-15.3 KABAT IMP-03 126A8 12PR TT,KABAT,10.0/75-15.3,Rolnicze,Przyczepa
10.0/75-15.3 KABAT IMP-03 123A8 10PR TT,KABAT,10.0/75-15.3,Rolnicze,Przyczepa
10.0/80-12 KABAT IMP-07 117A8 10PR TT,KABAT,10.0/80-12,Rolnicze,Przyczepa
4.00-10 KABAT SGP-02 49A4 4PR TT,KABAT,4.00-10,Rolnicze,Ciągnik
4.00-10 KABAT IMP-02 62A4 4PR TT,KABAT,4.00-10,Rolnicze,Przyczepa
5.00-9 KABAT IMP-02 69A6 4PR TT,KABAT,5.00-9,Rolnicze,Przyczepa
16X6.50-8 KABAT LWG-02 IMPLEMENT KLOCKOWA 73A4 6PR TL,KABAT,16x6.50-8,Rolnicze,Przyczepa
16X6.50-8 KABAT IMP-06 73A4 6PR TT,KABAT,16x6.50-8,Rolnicze,Przyczepa
16X6.50-8 KABAT LWG-02 IMPLEMENT KLOCKOWA 73A4 6PR TT,KABAT,16x6.50-8,Rolnicze,Przyczepa
4.00-8 KABAT IMP-01 59A4 6PR TT,KABAT,4.00-8,Rolnicze,Przyczepa
4.00-8 KABAT IMP-01 57A4 4PR TT,KABAT,4.00-8,Rolnicze,Przyczepa
18X8.50-8 KABAT LWG-02 IMPLEMENT KLOCKOWA 82A4 6PR TL,KABAT,18x8.50-8,Rolnicze,Przyczepa
18X8.50-8 KABAT LWG-02 IMPLEMENT KLOCKOWA 82A4 6PR TT,KABAT,18x8.50-8,Rolnicze,Przyczepa
15X6.00-6 KABAT LWG-02 IMPLEMENT KLOCKOWA 73A4 6PR TT,KABAT,15x6.00-6,Rolnicze,Przyczepa
15X6.00-6 KABAT IMP-06 IMPLEMENT LINIOWA 6PR TT,KABAT,15x6.00-6,Rolnicze,Przyczepa
15X6.00-6 KABAT IMP-06 6PR TL,KABAT,15x6.00-6,Rolnicze,Przyczepa
23X5 KABAT IMP-08 121A5 10PR TT,KABAT,23x5,Rolnicze,Przyczepa
23X5 KABAT IMP-08 113A5 6PR TT,KABAT,23x5,Rolnicze,Przyczepa
440/80-28 KABAT GTR-03 156A8 14PR TL,KABAT,440/80-28,Rolnicze,Ciągnik
340/80-18 KABAT GTR-03 146A8 14PR TL,KABAT,340/80-18,Rolnicze,Ciągnik
340/80-18 KABAT GTR-03 143A8 12PR TL,KABAT,340/80-18,Rolnicze,Ciągnik
13R22.5 MIRAGE MG702 PROWADZąCA 156/152G 20PR M+S,MIRAGE,13R22.5,Ciężarowe,All position
385/65R22.5 MIRAGE MG022 /NACZEPA 164K/158L 24PR M+S 3PMSF,MIRAGE,385/65R22.5,Ciężarowe,All position
315/80R22.5 MIRAGE MG011 PROWADZąCA 156/152L 20PR M+S,MIRAGE,315/80R22.5,Ciężarowe,All position
315/80R22.5 MIRAGE MG768 NAPęD 156/152L 20PR M+S,MIRAGE,315/80R22.5,Ciężarowe,All position
315/80R22.5 MIRAGE MG638 156/152L NAPęD 20PR M+S 3PMSF,MIRAGE,315/80R22.5,Ciężarowe,All position
315/80R22.5 MIRAGE MG121 158/150L PROWADZąCA 20PR M+S 3PMSF,MIRAGE,315/80R22.5,Ciężarowe,All position
315/70R22.5 MIRAGE MG638 NAPęD 154/150L 20PR M+S 3PMSF,MIRAGE,315/70R22.5,Ciężarowe,All position
315/70R22.5 MIRAGE MG121 PROWADZąCA 156/150L 20PR M+S,MIRAGE,315/70R22.5,Ciężarowe,All position
295/80R22.5 MIRAGE MG628 NAPęD 152/149M 18PR M+S 3PMSF,MIRAGE,295/80R22.5,Ciężarowe,All position
580/70R38 MRL FARM MAXX 70 RRT 770 155A8/155B TL,MRL,580/70R38,Rolnicze,Ciągnik
420/70R24 MRL FARM MAXX 70 RRT 770 130A8/130B TL,MRL,420/70R24,Rolnicze,Ciągnik
320/85R24 MRL FARM XTREME 85 RRT500 122D TL,MRL,320/85R24,Rolnicze,Ciągnik
600/50R22.5 MRL POWER FLR 333 159E/162D TL SB,MRL,600/50R22.5,Ciężarowe,Uniwersalne/pozostałe
600/50R22.5 MRL FLR 335 SPOWER 162D/159E TL SB,MRL,600/50R22.5,Ciężarowe,Uniwersalne/pozostałe
16.9-38 MRL MRT 329 KIRTI 148A6/144A8 14PR TT,MRL,16.9-38,Rolnicze,Ciągnik
15.5-38 MRL MRT 329 KIRTI 142A6/138A8 14PR TT,MRL,15.5-38,Rolnicze,Ciągnik
18.4-34 MRL MRT 329 KIRTI 150A6/146A8 12PR TT,MRL,18.4-34,Rolnicze,Ciągnik
16.9-34 MRL MRT 329 KIRTI 146A6/142A8 14PR TT,MRL,16.9-34,Rolnicze,Ciągnik
12.4-32 MRL MRT 329 KIRTI 125A6/121A8 8PR TT,MRL,12.4-32,Rolnicze,Ciągnik
14.9-28 MRL MRT 329 KIRTI 130A6/126A8 8PR TT,MRL,14.9-28,Rolnicze,Ciągnik
12.4-28 MRL MRT 329 KIRTI 123A6/119A8 8PR TT,MRL,12.4-28,Rolnicze,Ciągnik
11.2-28 MRL MRT 329 KIRTI 118A6/114A8 8PR TT,MRL,11.2-28,Rolnicze,Ciągnik
23.1-26 MRL MRT 329 KIRTI 161A6/157A8 18PR TL,MRL,23.1-26,Rolnicze,Ciągnik
13.6-24 MRL MRT 329 KIRTI 130A6/126A8 12PR TT,MRL,13.6-24,Rolnicze,Ciągnik
7.50-20 MRL MTF 221 TWO RIB PREMIUM 109A6/101A8 8PR TT,MRL,7.50-20,Rolnicze,Ciągnik
7.50-18 MRL MTF 212 THREE RIB PREMIUM 8PR TT,MRL,7.50-18,Rolnicze,Ciągnik
15.0/55-17 MRL MAW 905 AW 147A6/143A8 14PR TL,MRL,15.0/55-17,Rolnicze,Przyczepa
6.00-16 MRL MTF 212 DABANG TR 88A6/80A8 6PR TT,MRL,6.00-16,Rolnicze,Ciągnik
5.00-16 MRL MTF 222 TWO RIB 84A6/76A8 6PR TT,MRL,5.00-16,Rolnicze,Ciągnik
4.00-16 MRL MIM 374 69A6/62A8 4PR TT,MRL,4.00-16,Rolnicze,Przyczepa
4.00-16 MRL MIM 374 72A6/64A8 6PR TT,MRL,4.00-16,Rolnicze,Przyczepa
4.00-16 MRL MTF 222 TWO RIB 69A6/62A8 4PR TT,MRL,4.00-16,Rolnicze,Ciągnik
11.5/80-15.3 MRL MIM 374 141A6/135A8 12PR TL,MRL,11.5/80-15.3,Rolnicze,Przyczepa
11.5/80-15.3 MRL MAW 200 IMPLEMENT 141A6/137A8 16PR TL,MRL,11.5/80-15.3,Przemysłowe,Przyczepa
11.5/80-15.3 MRL MAW 200 IMPLEMENT 139A6/135A8 14PR TL,MRL,11.5/80-15.3,Rolnicze,Przyczepa
11.5/80-15.3 MRL MAW 200 IMPLEMENT 139A6/135A8 14PR TT,MRL,11.5/80-15.3,Rolnicze,Przyczepa
10.0/75-15.3 MRL MIM 374 136A6/130A8 14PR TL,MRL,10.0/75-15.3,Rolnicze,Przyczepa
10.0/75-15.3 MRL MIM 374 128A6/123A8 10PR TL,MRL,10.0/75-15.3,Rolnicze,Przyczepa
10.0/75-15.3 MRL MAW 200 IMPLEMENT 126A6/122A8 12PR TT,MRL,10.0/75-15.3,Rolnicze,Przyczepa
10.0/75-15.3 MRL MAW 200 IMPLEMENT 126A6/122A8 12PR TL,MRL,10.0/75-15.3,Rolnicze,Przyczepa
10.0/75-15.3 MRL MAW 200 IMPLEMENT 134A6/130A8 16PR TT,MRL,10.0/75-15.3,Przemysłowe,Przyczepa
10.0/75-15.3 MRL MAW 200 IMPLEMENT 130A6/126A8 14PR TT,MRL,10.0/75-15.3,Rolnicze,Przyczepa
10.0/75-15.3 MRL MAW 200 IMPLEMENT 123A6/119A8 10PR TL,MRL,10.0/75-15.3,Rolnicze,Przyczepa
31X15.50-15 MRL MTR 600 130B 16PR TL,MRL,31x15.50-15,Przemysłowe,Uniwersalne/pozostałe
5.00-15 MRL MIM 374 94A6/90A8 6PR TT,MRL,5.00-15,Rolnicze,Przyczepa
200/60-14.5 MRL RIB 707 113A6/109A8 10PR TT,MRL,200/60-14.5,Rolnicze,Przyczepa
10.0/80-12 MRL MAW 200 IMPLEMENT 124A6/120A8 12PR TT,MRL,10.0/80-12,Rolnicze,Przyczepa
7.00-12 MRL MAW 203 AW 95A6/91A8 6PR TL,MRL,7.00-12,Rolnicze,Przyczepa
5.00-12 MRL MRT 302 RT 70A6/66A8 8PR TT,MRL,5.00-12,Rolnicze,Ciągnik
23X10.50-12 MRL MTR 600 107A3 8PR TL,MRL,23x10.50-12,Rolnicze,Przyczepa
23X10.50-12 MRL MTR 600 111A3 10PR TL,MRL,23x10.50-12,Rolnicze,Przyczepa
23X8.50-12 MRL MG 54 -WIDE 102A6/106A3 12PR TL,MRL,23x8.50-12,Rolnicze,Kosiarka/ogród
6.00-9 MRL MT 007 MOBI 143J 12PR TT,MRL,6.00-9,Rolnicze,Ciągnik
16X6.50-8 MRL MG 54 -WIDE 72A3 6PR TL,MRL,16x6.50-8,Rolnicze,Kosiarka/ogród
18X8.50-8 MRL MG 41 SAW TOOTH 82A3 6PR TL,MRL,18x8.50-8,Rolnicze,Kosiarka/ogród
460/70R24 MRL GT 333 MAXIMUS 159A8/159B TL,MRL,460/70R24,Rolnicze,Ciągnik
16.9-28 MRL MTU 430 ROCKY HD 152A8 12PR TL,MRL,16.9-28,Rolnicze,Ładowarka
16.0/70-20 MRL MTU 430 ROCKY HD 149A8 16PR TL,MRL,16.0/70-20,Przemysłowe,Ładowarka
405/70-20 MRL MIM 374 160A6/154A8 14PR TL,MRL,405/70-20,Rolnicze,Przyczepa
12.5/80-18 MRL ATU 410 SUPER CAT 148A6 16PR TL,MRL,12.5/80-18,Przemysłowe,Ładowarka
12.5/80-18 MRL ATU 410 SUPER CAT 145A6 14PR TL,MRL,12.5/80-18,Rolnicze,Ładowarka
11.5/80-15.3 MRL MPT 446 139A8/143A6 14PR TL,MRL,11.5/80-15.3,Rolnicze,Ciągnik
10.0/75-15.3 MRL MPT 446 130A8/130A8 14PR TL,MRL,10.0/75-15.3,Rolnicze,Ciągnik
385/65R22.5 HANKOOK AH31 160K M+S 3PMSF,HANKOOK,385/65R22.5,Ciężarowe,Oś kierowana
385/65R22.5 HANKOOK TH31 /NACZEPA 164K M+S,HANKOOK,385/65R22.5,Ciężarowe,Naczepa/przyczepa
385/65R22.5 SAVA CARGO 5 HL 164K/158L TL M+S 3PMSF,SAVA,385/65R22.5,Ciężarowe,Przyczepa
385/65R22.5 SAVA AVANT 5 160K/158L TL M+S 3PMSF,SAVA,385/65R22.5,Ciężarowe,Oś kierowana
315/80R22.5 SAVA AVANT 5 156L/154M TL M+S 3PMSF,SAVA,315/80R22.5,Ciężarowe,Oś kierowana
315/70R22.5 SAVA ORJAK 5 154L/152M TL M+S 3PMSF,SAVA,315/70R22.5,Ciężarowe,Oś napędowa
315/70R22.5 SAVA AVANT 5 HL 156/150L TL M+S 3PMSF,SAVA,315/70R22.5,Ciężarowe,Oś kierowana
265/70R19.5 SAVA AVANT 140/138M TL M+S 3PMSF,SAVA,265/70R19.5,Ciężarowe,Oś kierowana
315/80R22.5 DUNLOP SP462 NAPęD 156L/154M TL M+S 3PMSF,DUNLOP,315/80R22.5,Ciężarowe,Oś napędowa
315/80R22.5 DUNLOP SP362 PROWADZąCA 156K/154L TL M+S 3PMSF,DUNLOP,315/80R22.5,Ciężarowe,Oś kierowana
385/65R22.5 DUNLOP SP247 HL 164K/158L TL M+S 3PMSF,DUNLOP,385/65R22.5,Ciężarowe,Naczepa/przyczepa
385/65R22.5 DUNLOP SP346 160K/158L TL M+S 3PMSF,DUNLOP,385/65R22.5,Ciężarowe,Oś kierowana
315/80R22.5 DUNLOP SP346 156L/154M TL M+S 3PMSF,DUNLOP,315/80R22.5,Ciężarowe,Oś kierowana
315/70R22.5 DUNLOP SP446 154L/152M TL M+S 3PMSF,DUNLOP,315/70R22.5,Ciężarowe,Oś napędowa
315/70R22.5 DUNLOP SP346+ HL 156/150L TL M+S 3PMSF,DUNLOP,315/70R22.5,Ciężarowe,Oś kierowana
265/70R17.5 DUNLOP SP446 139/136M TL M+S 3PMSF,DUNLOP,265/70R17.5,Ciężarowe,Oś napędowa
265/70R17.5 DUNLOP SP346 139/136M TL M+S 3PMSF,DUNLOP,265/70R17.5,Ciężarowe,Oś kierowana
295/60R22.5 GOODYEAR ULTRAGRIP MAX 150K/149L TL M+S 3PMSF,GOODYEAR,295/60R22.5,Ciężarowe,Oś kierowana
385/65R22.5 GOODYEAR KMAX 164K/158L TL M+S 3PMSF,GOODYEAR,385/65R22.5,Ciężarowe,Oś kierowana
315/80R22.5 GOODYEAR OMNITRAC 156/150K TL M+S 3PMSF,GOODYEAR,315/80R22.5,Ciężarowe,Oś kierowana
315/80R22.5 GOODYEAR OMNITRAC 156/150K TL M+S 3PMSF,GOODYEAR,315/80R22.5,Ciężarowe,Oś kierowana
315/70R22.5 GOODYEAR KMAX 154L/152M TL M+S 3PMSF,GOODYEAR,315/70R22.5,Ciężarowe,Oś kierowana
295/60R22.5 GOODYEAR FUELMAX DEMO 150K/149L TL M+S 3PMSF,GOODYEAR,295/60R22.5,Ciężarowe,Oś kierowana
385/65R22.5 FULDA REGIOTONN 3 HL 164K/158L TL M+S 3PMSF,FULDA,385/65R22.5,Ciężarowe,Naczepa/przyczepa
385/55R22.5 FULDA REGIOTONN 3 160K/158L TL M+S 3PMSF,FULDA,385/55R22.5,Ciężarowe,Naczepa/przyczepa
315/70R22.5 FULDA REGIOFORCE 3 154L/152M TL M+S 3PMSF,FULDA,315/70R22.5,Ciężarowe,Oś napędowa
315/70R22.5 FULDA REGIOCONTROL 3 HL 156/150L TL M+S 3PMSF,FULDA,315/70R22.5,Ciężarowe,Oś kierowana
295/80R22.5 FULDA REGIOCONTROL 3 HL 154/149M TL M+S 3PMSF,FULDA,295/80R22.5,Ciężarowe,Oś kierowana
295/60R22.5 FULDA REGIOFORCE 3 150K/149L TL M+S 3PMSF,FULDA,295/60R22.5,Ciężarowe,Oś napędowa
215/75R17.5 FULDA ECOTONN 135/133J TL M+S 3PMSF,FULDA,215/75R17.5,Ciężarowe,Naczepa/przyczepa
13R22.5 GOODTRIP GMD30 ON-OFF ROAD 156/153L 20PR TL M+S 3PMSF,GOODTRIP,13R22.5,Ciężarowe,Oś napędowa
385/65R22.5 GOODTRIP GHT50 TRAILER 160K 20PR TL M+S 3PMSF,GOODTRIP,385/65R22.5,Ciężarowe,Przyczepa
385/65R22.5 GOODTRIP GHA20 164K 24PR TL M+S 3PMSF,GOODTRIP,385/65R22.5,Ciężarowe,Oś kierowana
385/65R22.5 GOODTRIP GMT50 TRAILER ON-OFF 160K 20PR TL M+S 3PMSF,GOODTRIP,385/65R22.5,Ciężarowe,Przyczepa
385/55R22.5 GOODTRIP GHT50 TRAILER 160K 20PR TL M+S 3PMSF,GOODTRIP,385/55R22.5,Ciężarowe,Przyczepa
315/80R22.5 GOODTRIP GMA30 ON-OFF ROAD 157/154L 20PR TL M+S 3PMSF,GOODTRIP,315/80R22.5,Ciężarowe,Oś kierowana
315/80R22.5 GOODTRIP GMD30 ON-OFF ROAD 157/154L 20PR TL M+S 3PMSF,GOODTRIP,315/80R22.5,Ciężarowe,Oś napędowa
315/80R22.5 GOODTRIP GHD20 157/154L 20PR TL M+S 3PMSF,GOODTRIP,315/80R22.5,Ciężarowe,Oś napędowa
315/80R22.5 GOODTRIP GHA20 157/154L 20PR TL M+S 3PMSF,GOODTRIP,315/80R22.5,Ciężarowe,Oś kierowana
315/70R22.5 GOODTRIP GHD20 154/151M 20PR TL M+S 3PMSF,GOODTRIP,315/70R22.5,Ciężarowe,Oś napędowa
315/70R22.5 GOODTRIP GHA20 154/151M 20PR TL M+S 3PMSF,GOODTRIP,315/70R22.5,Ciężarowe,Oś kierowana
295/80R22.5 GOODTRIP GHD20 154/149M 18PR TL M+S 3PMSF,GOODTRIP,295/80R22.5,Ciężarowe,Oś napędowa
295/80R22.5 GOODTRIP GHA20 154/149M 18PR TL M+S 3PMSF,GOODTRIP,295/80R22.5,Ciężarowe,Oś kierowana
295/60R22.5 GOODTRIP GHD20 150/147K 18PR TL M+S 3PMSF,GOODTRIP,295/60R22.5,Ciężarowe,Oś napędowa
445/45R19.5 GOODTRIP GHT22 TRAILER 160J 22PR TL M+S 3PMSF,GOODTRIP,445/45R19.5,Ciężarowe,Przyczepa
285/70R19.5 GOODTRIP GHA20 150/148K 18PR TL M+S 3PMSF,GOODTRIP,285/70R19.5,Ciężarowe,Oś kierowana
245/70R19.5 GOODTRIP GHA20 141/140M 18PR TL M+S 3PMSF,GOODTRIP,245/70R19.5,Ciężarowe,Oś kierowana
235/75R17.5 GOODTRIP GHD22 132/130M 14PR TL M+S 3PMSF,GOODTRIP,235/75R17.5,Ciężarowe,Oś napędowa
215/75R17.5 GOODTRIP GHA20 128/126M 14PR TL M+S 3PMSF,GOODTRIP,215/75R17.5,Ciężarowe,Oś kierowana
385/95R25 DOUBLE COIN REM8 170F TL,DOUBLE COIN,385/95R25,Rolnicze,Uniwersalne/pozostałe
385/65R22.5 CEAT WINMILE-T 164K TL M+S 3PMSF,CEAT,385/65R22.5,Ciężarowe,All position
315/80R22.5 CEAT WINMILE- 156/150L TL M+S 3PMSF,CEAT,315/80R22.5,Ciężarowe,All position
315/80R22.5 CEAT WINMILE- 156/150L TL M+S 3PMSF,CEAT,315/80R22.5,Ciężarowe,All position
315/70R22.5 CEAT WINMILE-S 156/150L TL M+S 3PMSF,CEAT,315/70R22.5,Ciężarowe,All position
315/60R22.5 CEAT WINMILE-S 154/150L 20PR TL M+S 3PMSF,CEAT,315/60R22.5,Ciężarowe,All position
295/80R22.5 CEAT WINSUPER-X3-D 154/149M 18PR TL M+S 3PMSF,CEAT,295/80R22.5,Ciężarowe,Oś napędowa
295/60R22.5 CEAT WINMILE-D 150/147L 18PR TL M+S 3PMSF,CEAT,295/60R22.5,Ciężarowe,All position
215/75R17.5 CEAT WINMILE-X3-R 135/133K 16PR TL M+S 3PMSF,CEAT,215/75R17.5,Przemysłowe,Uniwersalne/pozostałe
365/80R20 CONTINENTAL MPT 81 152K TL M+S,CONTINENTAL,365/80R20,Ciężarowe,All position
315/80R22.5 CONTINENTAL HSW2+ COACH 156/150L 18PR TL M+S 3PMSF,CONTINENTAL,315/80R22.5,Ciężarowe,Oś kierowana
425/65R22.5 CONTINENTAL HTR2 165K 20PR TL M+S,CONTINENTAL,425/65R22.5,Ciężarowe,All position
385/65R22.5 CONTINENTAL CONTI HYBRID HT3+ 164K 20PR TL M+S 3PMSF,CONTINENTAL,385/65R22.5,Ciężarowe,Oś kierowana
385/65R22.5 CONTINENTAL CONTI HYBRID HS5 164K 20PR TL M+S 3PMSF,CONTINENTAL,385/65R22.5,Ciężarowe,Oś kierowana
385/65R22.5 CONTINENTAL CONTI ECO HS5 164K 20PR TL M+S 3PMSF,CONTINENTAL,385/65R22.5,Ciężarowe,Oś kierowana
315/80R22.5 CONTINENTAL HDC1 ED 156/150M 18PR TL M+S 3PMSF,CONTINENTAL,315/80R22.5,Ciężarowe,Oś kierowana
315/80R22.5 CONTINENTAL CONTI HYBRID HD5 156/150L 18PR TL M+S 3PMSF,CONTINENTAL,315/80R22.5,Ciężarowe,Oś napędowa
315/80R22.5 CONTINENTAL CONTI HYBRID HS5 156/150L 18PR TL M+S 3PMSF,CONTINENTAL,315/80R22.5,Ciężarowe,Oś kierowana
315/80R22.5 CONTINENTAL CONTI ECO HS5 156/150L 18PR TL M+S 3PMSF,CONTINENTAL,315/80R22.5,Ciężarowe,Oś kierowana
315/70R22.5 CONTINENTAL CONTI ECO HD5 154/150L 18PR TL M+S 3PMSF,CONTINENTAL,315/70R22.5,Ciężarowe,Oś kierowana
315/70R22.5 CONTINENTAL CONTI HYBRID HD5 154/150L 18PR TL M+S 3PMSF,CONTINENTAL,315/70R22.5,Ciężarowe,Oś napędowa
315/70R22.5 CONTINENTAL CONTI HYBRID HS5 156/150L 20PR TL M+S 3PMSF,CONTINENTAL,315/70R22.5,Ciężarowe,Oś kierowana
315/70R22.5 CONTINENTAL CONTI ECO HS5 156/150L 20PR TL M+S 3PMSF,CONTINENTAL,315/70R22.5,Ciężarowe,Oś kierowana
295/60R22.5 CONTINENTAL CONTI HYBRID HD3 150/147L 18PR TL M+S 3PMSF,CONTINENTAL,295/60R22.5,Ciężarowe,Oś kierowana
385/65R22.5 BRIDGESTONE DURT2 160K TL M+S 3PMSF,BRIDGESTONE,385/65R22.5,Ciężarowe,Naczepa/przyczepa
385/65R22.5 BRIDGESTONE R168+ 160K TL M+S 3PMSF,BRIDGESTONE,385/65R22.5,Ciężarowe,Uniwersalne/pozostałe
315/80R22.5 BRIDGESTONE DURD2 156/150L TL M+S 3PMSF,BRIDGESTONE,315/80R22.5,Ciężarowe,Oś napędowa
315/70R22.5 BRIDGESTONE DURD2 154/150L TL M+S 3PMSF,BRIDGESTONE,315/70R22.5,Ciężarowe,Oś napędowa
315/60R22.5 BRIDGESTONE ECOPIA STEER 154/148L TL M+S 3PMSF,BRIDGESTONE,315/60R22.5,Ciężarowe,Oś kierowana
340/85R24 FIRESTONE PERFORMER 85 XL 136A8/136B TL,FIRESTONE,340/85R24,Rolnicze,Ciągnik
17.5R25 FIRESTONE MBT MS DE2 ** E-3/L-3 167B TL,FIRESTONE,17.5R25,Rolnicze,Ciągnik
23.5R25 FIRESTONE MBT MS DE2 ** E-3/L-3 185B TL,FIRESTONE,23.5R25,Rolnicze,Ciągnik
385/65R22.5 FIRESTONE FT524 160K TL M+S 3PMSF,FIRESTONE,385/65R22.5,Ciężarowe,Naczepa/przyczepa
315/70R22.5 FIRESTONE FD624 154L/152M TL M+S 3PMSF,FIRESTONE,315/70R22.5,Ciężarowe,Oś napędowa
315/70R22.5 FIRESTONE FS424 154/150L TL M+S 3PMSF,FIRESTONE,315/70R22.5,Ciężarowe,Oś kierowana
295/80R22.5 FIRESTONE FS424 152/148M TL M+S 3PMSF,FIRESTONE,295/80R22.5,Ciężarowe,Oś kierowana
650/65R38 MITAS SST 157D/160A8 TL DEMO,MITAS,650/65R38,Rolnicze,Ciągnik
540/65R28 MITAS AC 65 142D/145A8 TL DEMO,MITAS,540/65R28,Rolnicze,Ciągnik
6.00-16 KABAT SRF-01 8PR TT,KABAT,6.00-16,Rolnicze,Ciągnik
360/70R20 BKT AGRIMAX RT 765 129A8/129B TL DEMO,BKT,360/70R20,Rolnicze,Ciągnik
380/85R28 FIRESTONE PERFORMER 85 133D/130E TL,FIRESTONE,380/85R28,Rolnicze,Ciągnik
710/45-26.5 ALLIANCE FORESTAR 644 III 175A2/168A8 20PR SB TT,ALLIANCE,710/45-26.5,Leśne,Forwarder/Harwester
500/70R24 ALLIANCE 580 164A8/164B TL,ALLIANCE,500/70R24,Rolnicze,Ciągnik
10.0/75-15.3 ALLIANCE 323 10PR TL,ALLIANCE,10.0/75-15.3,Rolnicze,Ciągnik
230/95R32 CEAT FARMAX RC 131A8/128D TL,CEAT,230/95R32,Rolnicze,Ciągnik
460/70R24 ALLIANCE 580 150A8 TL DEMO,ALLIANCE,460/70R24,Rolnicze,Ciągnik
340/85R48 FIRESTONE PERFORMER 85 151D TL,FIRESTONE,340/85R48,Rolnicze,Ciągnik
300/95R46 FIRESTONE PERFORMER 95 148D TL,FIRESTONE,300/95R46,Rolnicze,Ciągnik
540/65R30 ALLIANCE AGRISTAR II 150D TL,ALLIANCE,540/65R30,Rolnicze,Ciągnik
650/65R42 MICHELIN MULTIBIB 158D TL DEMO,MICHELIN,650/65R42,Rolnicze,Uniwersalne/pozostałe
23X8.50-12 JOURNEY P332 6PR TL,JOURNEY,23x8.50-12,Przemysłowe,Uniwersalne/pozostałe
400/80-24 BKT CON STAR E 162A8 20PR TL,BKT,400/80-24,Przemysłowe,Koparka
7.00-12 BKT PT-HD 14PR TT,BKT,7.00-12,Przemysłowe,Ładowarka
440/80R24 NOKIAN TRI 2 154A8/149D TL DEMO,NOKIAN,440/80R24,Przemysłowe,Uniwersalne/pozostałe
320/90R46 BKT AGRIMAX RT 945 148D/151A8 TL,BKT,320/90R46,Rolnicze,Ciągnik
280/85R20 ALLIANCE AGRISTAR II 85 112D TL,ALLIANCE,280/85R20,Rolnicze,Ciągnik
710/45-26.5 ALLIANCE 643 FORESTAR RIII 20PR TT,ALLIANCE,710/45-26.5,Leśne,Forwarder/Harwester
440/65R20 MICHELIN MULTIBIB 128D TL DEMO,MICHELIN,440/65R20,Rolnicze,Uniwersalne/pozostałe
420/65R20 ALLIANCE AGRISTAR II 135D STUBBLE GUARD TL,ALLIANCE,420/65R20,Rolnicze,Ciągnik
440/80-24 BKT CON STAR E 168A8 22PR TL,BKT,440/80-24,Przemysłowe,Koparka
340/80R20 ALLIANCE 585 144A8/144B TL,ALLIANCE,340/80R20,Przemysłowe,Uniwersalne/pozostałe
320/60-12 BKT TR 678 132A8 TT,BKT,320/60-12,Rolnicze,Ciągnik
15.5/80-24 SATOYA R1 12PR TL,SATOYA,15.5/80-24,Rolnicze,Uniwersalne/pozostałe
440/65R24 CEAT FARMAX R65 138A8/135D TL,CEAT,440/65R24,Rolnicze,Ciągnik
400/60-15.5 CEAT TR 800 18PR TL,CEAT,400/60-15.5,Rolnicze,Przyczepa
16.5/70-18 FORERUNNER KF-97 16PR TT,FORERUNNER,16.5/70-18,Rolnicze,Uniwersalne/pozostałe
650/60R34 TRELLEBORG TM 900 HP 159D/156E TL,TRELLEBORG,650/60R34,Rolnicze,Ciągnik
29X12.50-15 JOURNEY P332 10PR TL,JOURNEY,29x12.50-15,Przemysłowe,Uniwersalne/pozostałe
15X6.00-6 JOURNEY P508A 6PR TL,JOURNEY,15x6.00-6,Rolnicze,Uniwersalne/pozostałe
440/65R20 BKT AGRIMAX RT 657 141A8/138D TL,BKT,440/65R20,Rolnicze,Ciągnik
31X15.50-15 BRIDGESTONE PD1 4PR TL,BRIDGESTONE,31x15.50-15,Rolnicze,Kosiarka/ogród
480/65R28 BRIDGESTONE VX TRACTOR 136D TL,BRIDGESTONE,480/65R28,Rolnicze,Ciągnik
600/55-26.5 ALLIANCE 644 FORESTAR III 20PR TT,ALLIANCE,600/55-26.5,Leśne,Forwarder/Harwester
280/85R24 FIRESTONE PERFORMER 85 130A8/130B TL,FIRESTONE,280/85R24,Rolnicze,Ciągnik
210/95R32 CEAT FARMAX RC 120A8/117D TL,CEAT,210/95R32,Rolnicze,Ciągnik
440/65R28 MICHELIN MULTIBIB 131D TL DEMO,MICHELIN,440/65R28,Rolnicze,Uniwersalne/pozostałe
300/95R46 CEAT FARMAX RC 151A8/148D TL,CEAT,300/95R46,Rolnicze,Ciągnik
480/70R34 FIRESTONE PERFORMER 70 143D/140E TL,FIRESTONE,480/70R34,Rolnicze,Ciągnik
710/40R22.5 VREDESTEIN FLOTATION 161D TL,VREDESTEIN,710/40R22.5,Rolnicze,Przyczepa
480/80-26 BKT CON STAR 160A8 TL,BKT,480/80-26,Przemysłowe,Koparka
420/80R46 CEAT FARMAX R80 162A8/159D TL,CEAT,420/80R46,Rolnicze,Ciągnik
380/70R28 MITAS HC 70 127D/130A8 TL DEMO,MITAS,380/70R28,Rolnicze,Ciągnik
900/60R32 FIRESTONE MAXI TRACTION 181A8/181B TL,FIRESTONE,900/60R32,Rolnicze,Ciągnik
550/60-22.5 CEAT FLOTATION T422 16PR TL,CEAT,550/60-22.5,Rolnicze,Przyczepa
480/65R24 FIRESTONE MAXI TRACTION 133D/130E TL,FIRESTONE,480/65R24,Rolnicze,Ciągnik
380/70R24 BKT AGRIMAX RT 765 125D TL DEMO,BKT,380/70R24,Rolnicze,Ciągnik
600/65R34 FIRESTONE MAXI TRACTION 151D/148E TL,FIRESTONE,600/65R34,Rolnicze,Ciągnik
440/65R24 FIRESTONE MAXI TRACTION 128D/125E TL,FIRESTONE,440/65R24,Rolnicze,Ciągnik
540/65R28 FIRESTONE MAXI TRACTION 142D/139E TL,FIRESTONE,540/65R28,Rolnicze,Ciągnik
650/65R42 FIRESTONE MAXI TRACTION 158D/155E TL,FIRESTONE,650/65R42,Rolnicze,Ciągnik
380/70R20 TRELLEBORG TM 700 122A8/122B TL DEMO,TRELLEBORG,380/70R20,Rolnicze,Ciągnik
480/80R26 FIRESTONE DURAFORCE 160A8 TL,FIRESTONE,480/80R26,Przemysłowe,Koparka
230/95R42 CEAT FARMAX RC 136A8/133D TL,CEAT,230/95R42,Rolnicze,Ciągnik
480/65R28 FIRESTONE MAXI TRACTION 136D/133E TL,FIRESTONE,480/65R28,Rolnicze,Ciągnik
400/70R24 VREDESTEIN ENDURION 152A8/152B TL,VREDESTEIN,400/70R24,Rolnicze,Uniwersalne/pozostałe
270/95R38 CEAT FARMAX RC 143A8/140D TL,CEAT,270/95R38,Rolnicze,Ciągnik
300/95R52 CEAT FARMAX RC 152A8/149D TL,CEAT,300/95R52,Rolnicze,Ciągnik
540/65R34 BRIDGESTONE VX TRACTOR 145D/142E TL,BRIDGESTONE,540/65R34,Rolnicze,Ciągnik
320/90R42 ALLIANCE AGRISTAR II 147D TL,ALLIANCE,320/90R42,Rolnicze,Ciągnik
380/70R20 VREDESTEIN TRAXION70 132D TL,VREDESTEIN,380/70R20,Rolnicze,Uniwersalne/pozostałe
19.0/45-17 SPEEDWAYS PK-307 14PR TL,SPEEDWAYS,19.0/45-17,Rolnicze,Przyczepa
6.00-9 BKT PT-HD 10PR TT,BKT,6.00-9,Przemysłowe,Ładowarka
440/65R24 ALLIANCE AGRISTAR II 135D TL,ALLIANCE,440/65R24,Rolnicze,Ciągnik
400/70-24 BKT CON STAR 158A8 TL,BKT,400/70-24,Przemysłowe,Koparka
270/95R48 FIRESTONE PERFORMER 95 144D TL,FIRESTONE,270/95R48,Rolnicze,Ciągnik
340/80-20 BKT CON STAR 144A8 TL,BKT,340/80-20,Przemysłowe,Koparka
195/65-15 ALLIANCE 768 8PR TL,ALLIANCE,195/65-15,Rolnicze,Ciągnik
27X10.50-15 JOURNEY P332 8PR TL,JOURNEY,27x10.50-15,Przemysłowe,Uniwersalne/pozostałe
460/85R42 BRIDGESTONE VX TRACTOR 156D/153E TL,BRIDGESTONE,460/85R42,Rolnicze,Ciągnik
340/85R36 FIRESTONE PERFORMER 85 132D/129E TL,FIRESTONE,340/85R36,Rolnicze,Ciągnik
710/75R42 TRELLEBORG TM 900 HP 175D/172E TL,TRELLEBORG,710/75R42,Rolnicze,Ciągnik
320/85R36 FIRESTONE PERFORMER 85 128D/125E TL,FIRESTONE,320/85R36,Rolnicze,Ciągnik
380/90R50 BKT AGRIMAX RT 945 160A8/160B TL,BKT,380/90R50,Rolnicze,Ciągnik
26X12.00-12 JOURNEY P332 6PR TL,JOURNEY,26x12.00-12,Rolnicze,Uniwersalne/pozostałe
650/65R38 FIRESTONE MAXI TRACTION 157D/154E TL,FIRESTONE,650/65R38,Rolnicze,Ciągnik
480/65R28 ALLIANCE AGRISTAR II 142D STUBBLE GUARD TL,ALLIANCE,480/65R28,Rolnicze,Ciągnik
380/70R24 FIRESTONE PERFORMER 70 125D/122E TL,FIRESTONE,380/70R24,Rolnicze,Ciągnik
31X13.50-15 JOURNEY P332 4PR TL,JOURNEY,31x13.50-15,Rolnicze,Uniwersalne/pozostałe
31X15.5-15 BKT TR 315 10PR TL,BKT,31x15.50-15,Rolnicze,Ciągnik
11X4.00-5 JOURNEY P332 4PR TL,JOURNEY,11x4.00-5,Rolnicze,Uniwersalne/pozostałe
23X10.50-12 JOURNEY P328 6PR TL,JOURNEY,23x10.50-12,Przemysłowe,Uniwersalne/pozostałe
24X8.50-14 JOURNEY P332 87A3 4PR TL,JOURNEY,24x8.50-14,Rolnicze,Uniwersalne/pozostałe
340/85R48 ASCENSO TDR 900 151D TL,ASCENSO,340/85R48,Rolnicze,Uniwersalne/pozostałe
540/65R28 ALLIANCE AGRISTAR II 149D STUBBLE GUARD TL,ALLIANCE,540/65R28,Rolnicze,Ciągnik
16X6.50-8 JOURNEY P332 6PR TL,JOURNEY,16x6.50-8,Rolnicze,Uniwersalne/pozostałe
230/95R48 CEAT FARMAX RC 139A8/136D TL,CEAT,230/95R48,Rolnicze,Ciągnik
320/90R42 CEAT FARMAX RC 147A8/144D TL,CEAT,320/90R42,Rolnicze,Ciągnik
41X14.00-20 JOURNEY P332 120A3 4PR TL,JOURNEY,41x14.00-20,Przemysłowe,Uniwersalne/pozostałe
520/70R34 FIRESTONE PERFORMER 70 148D/145E TL,FIRESTONE,520/70R34,Rolnicze,Ciągnik
420/80R46 ALLIANCE AGRISTAR II 159D STUBBLE GUARD TL,ALLIANCE,420/80R46,Rolnicze,Ciągnik
360/70R20 VREDESTEIN TRAXION70 129D TL,VREDESTEIN,360/70R20,Rolnicze,Uniwersalne/pozostałe
340/80-18 BKT CON STAR 143A8 TL,BKT,340/80-18,Przemysłowe,Koparka
23X8.50-12 JOURNEY H8501 8PR TL,JOURNEY,23x8.50-12,Przemysłowe,Uniwersalne/pozostałe
360/70R28 FIRESTONE PERFORMER 70 125D/122E TL,FIRESTONE,360/70R28,Rolnicze,Ciągnik
270/95R32 TRELLEBORG TM 100 136A8/136B TL DEMO,TRELLEBORG,270/95R32,Rolnicze,Ciągnik
320/85R28 FIRESTONE PERFORMER 85 124D/121E TL,FIRESTONE,320/85R28,Rolnicze,Ciągnik
475/65-20 BRIDGESTONE PD1 122A6 4PR TT,BRIDGESTONE,475/65-20,Przemysłowe,Uniwersalne/pozostałe
540/65R38 FIRESTONE MAXI TRACTION 147D/144E TL,FIRESTONE,540/65R38,Rolnicze,Ciągnik
520/85R38 BRIDGESTONE VX TRACTOR 155D/152E TL,BRIDGESTONE,520/85R38,Rolnicze,Ciągnik
5.00-8 BKT PT-HD 10PR TT,BKT,5.00-8,Przemysłowe,Ładowarka
420/85R28 BRIDGESTONE VX TRACTOR 139D/136E TL,BRIDGESTONE,420/85R28,Rolnicze,Ciągnik
280/85R24 FIRESTONE PERFORMER 85 115D/112E TL,FIRESTONE,280/85R24,Rolnicze,Ciągnik
600/65R28 ALLIANCE AGRISTAR II 154D TL,ALLIANCE,600/65R28,Rolnicze,Ciągnik
420/70R24 FIRESTONE PERFORMER 70 130D/127E TL,FIRESTONE,420/70R24,Rolnicze,Ciągnik
320/85R24 FIRESTONE PERFORMER 85 122D/119E TL,FIRESTONE,320/85R24,Rolnicze,Ciągnik
800/65R32 FIRESTONE MAXI TRACTION 178A8/178B TL,FIRESTONE,800/65R32,Rolnicze,Ciągnik
600/70R30 MICHELIN MACHXBIB 158D TL DEMO,MICHELIN,600/70R30,Rolnicze,Uniwersalne/pozostałe
440/80R28 FIRESTONE DURA-UT 156A8 TL,FIRESTONE,440/80R28,Przemysłowe,Koparka
420/85R30 FIRESTONE PERFORMER 85 140D/137E TL,FIRESTONE,420/85R30,Rolnicze,Ciągnik
420/85R34 BRIDGESTONE VX TRACTOR 142D/139E TL,BRIDGESTONE,420/85R34,Rolnicze,Ciągnik
420/85R38 BRIDGESTONE VX TRACTOR 144D/141E TL,BRIDGESTONE,420/85R38,Rolnicze,Ciągnik
650/65R38 BRIDGESTONE VX TRACTOR 157D/154E TL,BRIDGESTONE,650/65R38,Rolnicze,Ciągnik
540/65R28 BRIDGESTONE VX TRACTOR 142D/139E TL,BRIDGESTONE,540/65R28,Rolnicze,Ciągnik
480/70R38 BRIDGESTONE VX TRACTOR 145D/142E TL,BRIDGESTONE,480/70R38,Rolnicze,Ciągnik
440/65R28 BRIDGESTONE VX TRACTOR 131D/128E TL,BRIDGESTONE,440/65R28,Rolnicze,Ciągnik
440/65R24 BRIDGESTONE VX TRACTOR 128D/125E TL,BRIDGESTONE,440/65R24,Rolnicze,Ciągnik
580/70R38 BRIDGESTONE VX TRACTOR 155D/152E TL,BRIDGESTONE,580/70R38,Rolnicze,Ciągnik
420/85R30 BRIDGESTONE VX TRACTOR 140D/137E TL,BRIDGESTONE,420/85R30,Rolnicze,Ciągnik
380/70R24 BRIDGESTONE VX-R TRACTOR 125D/122E TL,BRIDGESTONE,380/70R24,Rolnicze,Ciągnik
420/70R24 BRIDGESTONE VX TRACTOR 130D/127E TL,BRIDGESTONE,420/70R24,Rolnicze,Ciągnik
420/85R24 BRIDGESTONE VX TRACTOR 137D/134E TL,BRIDGESTONE,420/85R24,Rolnicze,Ciągnik
460/85R38 BRIDGESTONE VX TRACTOR 149D/146E TL,BRIDGESTONE,460/85R38,Rolnicze,Ciągnik
650/65R38 ALLIANCE AGRISTAR II 171D STUBBLE GUARD TL,ALLIANCE,650/65R38,Rolnicze,Ciągnik
500/70R24 FIRESTONE DURA-UT 164A/164B TL,FIRESTONE,500/70R24,Przemysłowe,Koparka
460/85R34 BRIDGESTONE VX TRACTOR 147D/144E TL,BRIDGESTONE,460/85R34,Rolnicze,Ciągnik
380/85R28 BRIDGESTONE VX-R TRACTOR 133D/130E TL,BRIDGESTONE,380/85R28,Rolnicze,Ciągnik
580/70R42 BRIDGESTONE VX TRACTOR 162D/159E TL,BRIDGESTONE,580/70R42,Rolnicze,Ciągnik
460/70R24 FIRESTONE R8000 UTILITY 159A8/159B TL,FIRESTONE,460/70R24,Przemysłowe,Ładowarka
400/70R20 FIRESTONE DURAFORCE 149A8 TL,FIRESTONE,400/70R20,Przemysłowe,Koparka
600/65R38 FIRESTONE MAXI TRACTION 153D/150E TL,FIRESTONE,600/65R38,Rolnicze,Ciągnik
540/65R34 FIRESTONE MAXI TRACTION 65 145D/142E TL,FIRESTONE,540/65R34,Rolnicze,Ciągnik
580/70R42 FIRESTONE PERFORMER 70 158D/155E TL,FIRESTONE,580/70R42,Rolnicze,Ciągnik
580/70R38 FIRESTONE PERFORMER 70 155D/152E TL,FIRESTONE,580/70R38,Rolnicze,Ciągnik
420/70R28 FIRESTONE PERFORMER 70 133D/130E TL,FIRESTONE,420/70R28,Rolnicze,Ciągnik
480/70R24 FIRESTONE PERFORMER 70 138D/135E TL,FIRESTONE,480/70R24,Rolnicze,Ciągnik
420/70R24 FIRESTONE PERFORMER 70 136A8/136B TL,FIRESTONE,420/70R24,Rolnicze,Ciągnik
320/70R24 FIRESTONE PERFORMER 70 116D/113E TL,FIRESTONE,320/70R24,Rolnicze,Ciągnik
460/85R42 FIRESTONE PERFORMER 85 150D/147E TL,FIRESTONE,460/85R42,Rolnicze,Ciągnik
460/85R38 FIRESTONE PERFORMER 85 149D/146E TL,FIRESTONE,460/85R38,Rolnicze,Ciągnik
340/85R38 FIRESTONE PERFORMER 85 133D/130E TL,FIRESTONE,340/85R38,Rolnicze,Ciągnik
460/85R34 FIRESTONE PERFORMER 85 147D/144E TL,FIRESTONE,460/85R34,Rolnicze,Ciągnik
420/85R28 FIRESTONE PERFORMER 85 139D/136E TL,FIRESTONE,420/85R28,Rolnicze,Ciągnik
280/85R28 FIRESTONE PERFORMER 85 118D/115E TL,FIRESTONE,280/85R28,Rolnicze,Ciągnik
440/80-28 BKT CON STAR E 156A8 TL,BKT,440/80-28,Przemysłowe,Koparka
380/85R24 FIRESTONE PERFORMER 85 131D/128E TL,FIRESTONE,380/85R24,Rolnicze,Ciągnik
340/85R24 FIRESTONE PERFORMER 85 125D/122E TL,FIRESTONE,340/85R24,Rolnicze,Ciągnik
320/85R20 FIRESTONE PERFORMER 85 119D/116E TL,FIRESTONE,320/85R20,Rolnicze,Ciągnik
600/65R38 BRIDGESTONE VX-R TRACTOR 153D/150E TL,BRIDGESTONE,600/65R38,Rolnicze,Ciągnik
480/70R28 BRIDGESTONE VX TRACTOR 140D/137E TL,BRIDGESTONE,480/70R28,Rolnicze,Ciągnik
520/70R38 BRIDGESTONE VX TRACTOR 150D/147E TL,BRIDGESTONE,520/70R38,Rolnicze,Ciągnik
520/70R34 BRIDGESTONE VX TRACTOR 148D/145E TL,BRIDGESTONE,520/70R34,Rolnicze,Ciągnik
480/65R24 BRIDGESTONE VX TRACTOR 140D/137E TL,BRIDGESTONE,480/65R24,Rolnicze,Ciągnik
420/85R34 FIRESTONE PERFORMER 85 142D/139E TL,FIRESTONE,420/85R34,Rolnicze,Ciągnik
340/85R28 FIRESTONE PERFORMER 85 127D/124E TL,FIRESTONE,340/85R28,Rolnicze,Ciągnik
340/85R24 BRIDGESTONE VX TRACTOR 125D/122E TL,BRIDGESTONE,340/85R24,Rolnicze,Ciągnik
320/90R32 FIRESTONE PERFORMER 90 134D TL,FIRESTONE,320/90R32,Rolnicze,Ciągnik
300/95R52 FIRESTONE PERFORMER 95 151D TL,FIRESTONE,300/95R52,Rolnicze,Ciągnik
300/95R42 FIRESTONE PERFORMER 95 147D TL,FIRESTONE,300/95R42,Rolnicze,Ciągnik
405/70R18 FIRESTONE DURA-UT 141B,FIRESTONE,405/70R18,Przemysłowe,Koparka
335/80R20 FIRESTONE DURAFORCE 136B TL,FIRESTONE,335/80R20,Przemysłowe,Koparka
650/65R42 ALLIANCE AGRISTAR II 158D TL,ALLIANCE,650/65R42,Rolnicze,Ciągnik
270/95R38 FIRESTONE PERFORMER 95 140D TL,FIRESTONE,270/95R38,Rolnicze,Ciągnik
270/95R32 FIRESTONE PERFORMER 95 136D TL,FIRESTONE,270/95R32,Rolnicze,Ciągnik
270/95R32 CEAT FARMAX RC 136A8/133D TL,CEAT,270/95R32,Rolnicze,Ciągnik
10.0/75-15.3 CEAT AWI 305 14PR TL,CEAT,10.0/75-15.3,Rolnicze,Przyczepa
11.5/80-15.3 ALLIANCE A323 12PR TL,ALLIANCE,11.5/80-15.3,Rolnicze,Ciągnik
540/65R30 MICHELIN MULTIBIB 143D TL,MICHELIN,540/65R30,Rolnicze,Uniwersalne/pozostałe
420/85R38 FIRESTONE PERFORMER 85 144D/141E TL,FIRESTONE,420/85R38,Rolnicze,Ciągnik
480/70R24 CEAT FARMAX R70 138A8/138B TL,CEAT,480/70R24,Rolnicze,Ciągnik
520/85R38 FIRESTONE PERFORMER 85 155D/152E TL,FIRESTONE,520/85R38,Rolnicze,Ciągnik
650/75R32 FIRESTONE MAXI TRACTION 172A8/172B TL,FIRESTONE,650/75R32,Rolnicze,Ciągnik
340/85R28 PETLAS TA-110 127A8/127B TL,PETLAS,340/85R28,Rolnicze,Uniwersalne/pozostałe
550/45-22.5 BKT AS 509 20PR TL,BKT,550/45-22.5,Rolnicze,Przyczepa
260/70R16 ALLIANCE A-579 109A8/106B TL,ALLIANCE,260/70R16,Rolnicze,Ciągnik
600/65R38 MITAS SST 153D/156A8 TL,MITAS,600/65R38,Rolnicze,Ciągnik
320/90R50 CEAT FARMAX RC 153A8/150B TL,CEAT,320/90R50,Rolnicze,Ciągnik
7.50-20 CEAT FARMAX X3 TF 109A6 8PR TT,CEAT,7.50-20,Rolnicze,Ciągnik
520/85R42 BKT AGRIMAX TERIS CHO 168D TL,BKT,520/85R42,Rolnicze,Kombajn
16.5/85-24 ALLIANCE A-358 12PR TT,ALLIANCE,16.5/85-24,Rolnicze,Ciągnik
6.50/80-15 ALLIANCE A-324 6PR TT,ALLIANCE,6.50/80-15,Rolnicze,Ciągnik
400/80-24 ALLIANCE TOUGH TRAC 325 162A8 TL,ALLIANCE,400/80-24,Przemysłowe,Uniwersalne/pozostałe
400/60-15.5 ALLIANCE 320 VALUE PLUS 152A6/148A8 16PR TL,ALLIANCE,400/60-15.5,Rolnicze,Uniwersalne/pozostałe
420/85R38 ALLIANCE FARM PRO 144A8 TL DEMO,ALLIANCE,420/85R38,Rolnicze,Ciągnik
18X8.50-10 BKT SKID POWER HD 8PR TL,BKT,18x8.50-10,Przemysłowe,Ładowarka
520/85R38 MICHELIN AGRIBIB 2 160A8/160B TL,MICHELIN,520/85R38,Rolnicze,Uniwersalne/pozostałe
710/70R42 MICHELIN MACHXBIB 173D TL DEMO,MICHELIN,710/70R42,Rolnicze,Uniwersalne/pozostałe
460/70R24 KLEBER LUGKER 159A8/159B TL,KLEBER,460/70R24,Przemysłowe,Uniwersalne/pozostałe
600/70R30 MICHELIN MACHXBIB 158D TL,MICHELIN,600/70R30,Rolnicze,Uniwersalne/pozostałe
420/85R34 KLEBER TRAKER 142A8/139B TL,KLEBER,420/85R34,Rolnicze,Ciągnik
230/95R44 KLEBER CROPKER 134D/137A8 TL,KLEBER,230/95R44,Rolnicze,Ciągnik
380/80R38 ALLIANCE AGRISTAR II 142D TL,ALLIANCE,380/80R38,Rolnicze,Ciągnik
710/70R42 ALLIANCE AGRISTAR II 70 173D STUBBLE GUARD TL,ALLIANCE,710/70R42,Rolnicze,Ciągnik
520/85R46 ALLIANCE AGRISTAR II 85 158D STUBBLE GUARD TL,ALLIANCE,520/85R46,Rolnicze,Ciągnik
600/55R26.5 ALLIANCE 885 165D SB TL,ALLIANCE,600/55R26.5,Rolnicze,Przyczepa
200/65R16 GALAXY GARDEN PRO 94A8/94B TL,GALAXY,200/65R16,Przemysłowe,Kosiarka/ogród
540/65R34 MITAS AC 65 145D/148A8 TL DEMO,MITAS,540/65R34,Rolnicze,Ciągnik
520/70R38 ALLIANCE AGRISTAR II 70 150D STUBBLE GUARD TL,ALLIANCE,520/70R38,Rolnicze,Ciągnik
420/90R30 CONTINENTAL TRACTOR 85 147A8/147B TL,CONTINENTAL,420/90R30,Rolnicze,Uniwersalne/pozostałe
710/75R42 TRELLEBORG TM 900 HP 175D/172E TL,TRELLEBORG,710/75R42,Rolnicze,Ciągnik
460/70R24 TRELLEBORG TH500 159A8/159B TL,TRELLEBORG,460/70R24,Przemysłowe,Ładowarka
24X8.50-14 BKT LG 306 4PR TL,BKT,24x8.50-14,Rolnicze,Kosiarka/ogród
7X14 BKT TR 126 4PR TT,BKT,180/95-14,Rolnicze,Ciągnik
900/60R38 CONTINENTAL 178D/181A8 TL,CONTINENTAL,900/60R38,Rolnicze,Uniwersalne/pozostałe
7.50-16 BKT TF 8181 6PR TT,BKT,7.50-16,Rolnicze,Ciągnik
11.5/80-15.3 BKT AW 909 16PR TL,BKT,11.5/80-15.3,Rolnicze,Przyczepa
400/70R20 KLEBER LUGKER 149A8/149B TL,KLEBER,400/70R20,Przemysłowe,Uniwersalne/pozostałe
500/70R24 KLEBER LUGKER 164A8/164B TL,KLEBER,500/70R24,Przemysłowe,Uniwersalne/pozostałe
4.50-16 BKT TF 8181 4PR TT,BKT,4.50-16,Rolnicze,Ciągnik
200/60-14.5 TRELLEBORG T448 10PR TT,TRELLEBORG,200/60-14.5,Rolnicze,Uniwersalne/pozostałe
5.50-16 BKT TF 8181 6PR TT,BKT,5.50-16,Rolnicze,Ciągnik
200/60-14.5 BKT RIB 774 14PR TL,BKT,200/60-14.5,Rolnicze,Przyczepa
650/65R38 MITAS AC 65 157D/160A8 TL,MITAS,650/65R38,Rolnicze,Ciągnik
280/85R24 ALLIANCE AGRISTAR II 85 115D TL,ALLIANCE,280/85R24,Rolnicze,Ciągnik
500/45-22.5 BKT FLOT 558 12PR TL,BKT,500/45-22.5,Rolnicze,Przyczepa
550/45-22.5 BKT FLOT 648 16PR TL,BKT,550/45-22.5,Rolnicze,Przyczepa
6.50-16 BKT TF 8181 6PR TT,BKT,6.50-16,Rolnicze,Ciągnik
26X12.00-12 BKT SKID POWER HD 12PR TL,BKT,26x12.00-12,Przemysłowe,Ładowarka
360/70R24 GALAXY GARDEN PRO 122A8/122B TL,GALAXY,360/70R24,Przemysłowe,Kosiarka/ogród
710/70R38 ALLIANCE AGRISTAR II 70 172D STUBBLE GUARD TL,ALLIANCE,710/70R38,Rolnicze,Ciągnik
300/85R42 BKT AGRIMAX RT 955 144A8/141B TL,BKT,300/85R42,Rolnicze,Ciągnik
520/85R50 BKT AGRIMAX RT 855 165A8/165B TL,BKT,520/85R50,Rolnicze,Ciągnik
480/80R34 NOKIAN HAKKAPELIITTA TRI 164A8/159D SB TL,NOKIAN,480/80R34,Przemysłowe,Uniwersalne/pozostałe
540/65R34 TRELLEBORG TM 800 145D TL DEMO,TRELLEBORG,540/65R34,Rolnicze,Ciągnik
270/95R36 KLEBER CROPKER 139D/142A8 TL,KLEBER,270/95R36,Rolnicze,Ciągnik
31X15.50-15 BKT SKID POWER HD 10PR TL,BKT,31x15.50-15,Przemysłowe,Ładowarka
260/70R16 PETLAS TA-110 109A8 TL,PETLAS,260/70R16,Rolnicze,Uniwersalne/pozostałe
600/70R30 CONTINENTAL 152D/155A8 TL,CONTINENTAL,600/70R30,Rolnicze,Uniwersalne/pozostałe
7.50-16 KABAT SRF-02 103A8 8PR TT,KABAT,7.50-16,Rolnicze,Ciągnik
19.0/45-17 BKT AW 708 22PR TL,BKT,19.0/45-17,Rolnicze,Przyczepa
27X10.50-15 BKT LG 306 12PR TL,BKT,27x10.50-15,Rolnicze,Kosiarka/ogród
600/70R30 ALLIANCE AGRI STAR II 152D STUBBLE GUARD TL,ALLIANCE,600/70R30,Rolnicze,Ciągnik
900/60R32 MICHELIN MEGAXBIB 2 181A8/181B TL,MICHELIN,900/60R32,Rolnicze,Uniwersalne/pozostałe
80-15 BKT AS 505 6PR TL,BKT,6.5/80-15,Rolnicze,Przyczepa
800/65R32 MICHELIN MEGAXBIB 2 178A8/178B TL,MICHELIN,800/65R32,Rolnicze,Uniwersalne/pozostałe
750/60R30.5 ALLIANCE 885 181D SB TL,ALLIANCE,750/60R30.5,Rolnicze,Przyczepa
420/70R24 ALLIANCE AGRISTAR II 130D TL,ALLIANCE,420/70R24,Rolnicze,Ciągnik
380/85R28 ALLIANCE AGRISTAR II 85 133D STUBBLE GUARD TL,ALLIANCE,380/85R28,Rolnicze,Ciągnik
26X12.00-12 BKT TR 315 12PR TL,BKT,26x12.00-12,Rolnicze,Ciągnik
650/75R38 CONTINENTAL 169D/172A8 TL,CONTINENTAL,650/75R38,Rolnicze,Uniwersalne/pozostałe
440/65R24 MITAS AC 65 128D/131A8 TL DEMO,MITAS,440/65R24,Rolnicze,Ciągnik
10.0/80-12 BKT AW 909 10PR TL,BKT,10.0/80-12,Rolnicze,Przyczepa
440/80R28 NOKIAN TRI 2 156A8/151D SB TL,NOKIAN,440/80R28,Przemysłowe,Uniwersalne/pozostałe
200/70R16 GALAXY GARDEN PRO 94A8/94B TL,GALAXY,200/70R16,Przemysłowe,Kosiarka/ogród
11.5/80-15.3 BKT AW 909 14PR TL,BKT,11.5/80-15.3,Rolnicze,Przyczepa
23X5-13 TRELLEBORG ELITEXP STD 60J,TRELLEBORG,23x5-13,Przemysłowe,Wózek widłowy
420/85R34 ALLIANCE AGRI STAR II 142D STUBBLE GUARD TL,ALLIANCE,420/85R34,Rolnicze,Ciągnik
380/80R38 MICHELIN AGRIBIB 2 142A8/139D TL,MICHELIN,380/80R38,Rolnicze,Uniwersalne/pozostałe
580/70R38 ALLIANCE AGRISTAR II 155D TL,ALLIANCE,580/70R38,Rolnicze,Ciągnik
300/95R42 KLEBER CROPKER 147D/150A8 TL,KLEBER,300/95R42,Rolnicze,Ciągnik
23X8.50-12 BKT TR 315 6PR TL,BKT,23x8.50-12,Rolnicze,Ciągnik
340/80R18 NOKIAN TRI 2 143A8/138D SB TL,NOKIAN,340/80R18,Przemysłowe,Uniwersalne/pozostałe
15.0/55-17 BKT AS 504 14PR TL,BKT,15.0/55-17,Rolnicze,Uniwersalne/pozostałe
400/80R24 NOKIAN HAKKAPELIITTA TRI 149A8/144D SB TL,NOKIAN,400/80R24,Przemysłowe,Uniwersalne/pozostałe
12.5/80-18 BKT AT 603 12PR TL,BKT,12.5/80-18,Przemysłowe,Uniwersalne/pozostałe
300/70R20 GALAXY GARDEN PRO 110A8/110B TL,GALAXY,300/70R20,Przemysłowe,Kosiarka/ogród
710/70R42 BKT AGRIMAX RT 765 173D TL,BKT,710/70R42,Rolnicze,Ciągnik
460/70R24 ALLIANCE 585 159A8/159B SB TL,ALLIANCE,460/70R24,Przemysłowe,Uniwersalne/pozostałe
320/85R20 ALLIANCE AGRISTAR II 85 119D STUBBLE GUARD TL,ALLIANCE,320/85R20,Rolnicze,Ciągnik
23X5 KABAT IMP-08 6PR TT,KABAT,23x5,Rolnicze,Przyczepa
6.00-16 BKT AS 504 6PR TT,BKT,6.00-16,Rolnicze,Uniwersalne/pozostałe
340/85R38 MITAS AC 85 133A8/133B TL,MITAS,340/85R38,Rolnicze,Ciągnik
13.0/55-16 BKT AW 702 18PR TL,BKT,13.0/55-16,Rolnicze,Przyczepa
185/65-15 BKT AS 507 4PR TL,BKT,185/65-15,Rolnicze,Przyczepa
420/80R46 MICHELIN AGRIBIB 2 151A8/151B TL,MICHELIN,420/80R46,Rolnicze,Uniwersalne/pozostałe
650/60R34 MICHELIN MACHXBIB 159D/155E TL,MICHELIN,650/60R34,Rolnicze,Uniwersalne/pozostałe
600/70R28 ALLIANCE AGRISTAR II 70 161D STUBBLE GUARD TL,ALLIANCE,600/70R28,Rolnicze,Ciągnik
13.0/65-18 BKT V-LINE AW 702 150A6/144A8 16PR TL,BKT,13.0/65-18,Rolnicze,Przyczepa
400/80R24 MICHELIN CROSSGRIP 156A8/151D TL,MICHELIN,400/80R24,Rolnicze,Uniwersalne/pozostałe
23X10.50-12 TRELLEBORG T463 10PR TL,TRELLEBORG,23x10.50-12,Rolnicze,Kosiarka/ogród
340/85R24 ALLIANCE AGRISTAR II 85 125D STUBBLE GUARD TL,ALLIANCE,340/85R24,Rolnicze,Ciągnik
380/70R24 ALLIANCE AGRISTAR II 70 125D STUBBLE GUARD TL,ALLIANCE,380/70R24,Rolnicze,Ciągnik
385/65R22.5 BANDENMARKT Y1 160F TL,BANDENMARKT,385/65R22.5,Rolnicze,Uniwersalne/pozostałe
320/85R34 MICHELIN AGRIBIB 2 133A8/133B TL,MICHELIN,320/85R34,Rolnicze,Uniwersalne/pozostałe
320/85R34 BKT AGRIMAX RT 855 141A8/B TL,BKT,320/85R34,Rolnicze,Uniwersalne/pozostałe
800/70R32 CONTINENTAL 181A8/181B TL,CONTINENTAL,800/70R32,Rolnicze,Uniwersalne/pozostałe
280/85R28 MITAS AC 85 118A8/118B TL,MITAS,280/85R28,Rolnicze,Ciągnik
15.0/55-17 BKT AW 909 14PR TL,BKT,15.0/55-17,Rolnicze,Przyczepa
7.50-16 BKT AS 504 8PR TL,BKT,7.50-16,Rolnicze,Uniwersalne/pozostałe
19.0/45-17 ALLIANCE 320 VALUE PLUS 148A6/144A8 14PR TL,ALLIANCE,19.0/45-17,Rolnicze,Ciągnik
80-12 BKT AS 504 6PR TT,BKT,6.5/80-12,Rolnicze,Uniwersalne/pozostałe
280/85R28 ALLIANCE AGRISTAR II 85 118D TL,ALLIANCE,280/85R28,Rolnicze,Ciągnik
480/70R30 ALLIANCE FARM PRO 141A8/141B TL DEMO,ALLIANCE,480/70R30,Rolnicze,Ciągnik
240/60R12 GALAXY GARDEN PRO 89A8/89B TL,GALAXY,240/60R12,Przemysłowe,Kosiarka/ogród
15.0/70-18 BKT AW 705 16PR TL,BKT,15.0/70-18,Rolnicze,Przyczepa
270/95R42 KLEBER CROPKER 141D/144A8 TL,KLEBER,270/95R42,Rolnicze,Ciągnik
520/85R38 ALLIANCE AGRISTAR II 85 155D STUBBLE GUARD TL,ALLIANCE,520/85R38,Rolnicze,Ciągnik
710/75R42 MICHELIN MACHXBIB 175D/171E TL,MICHELIN,710/75R42,Rolnicze,Uniwersalne/pozostałe
520/85R46 CONTINENTAL TRACTOR 85 158A8/158B TL,CONTINENTAL,520/85R46,Rolnicze,Uniwersalne/pozostałe
26X12.00-12 BKT LG 306 8PR TL,BKT,26x12.00-12,Rolnicze,Kosiarka/ogród
18X8.50-8 BKT SKID POWER HD 8PR TL,BKT,18x8.50-8,Przemysłowe,Ładowarka
800/70R32 MICHELIN MEGAXBIB 2 181A8/181B TL,MICHELIN,800/70R32,Rolnicze,Uniwersalne/pozostałe
650/75R38 BKT AGRIMAX RT 765 169D TL,BKT,650/75R38,Rolnicze,Ciągnik
420/70R28 ALLIANCE AGRISTAR II 70 133D STUBBLE GUARD TL,ALLIANCE,420/70R28,Rolnicze,Ciągnik
480/70R34 ALLIANCE AGRISTAR II 70 143D STUBBLE GUARD TL,ALLIANCE,480/70R34,Rolnicze,Ciągnik
230/95R36 KLEBER CROPKER 130D/133A8 TL,KLEBER,230/95R36,Rolnicze,Ciągnik
23X8.50-12 TRELLEBORG T463 10PR TL,TRELLEBORG,23x8.50-12,Przemysłowe,Uniwersalne/pozostałe
600/65R34 CONTINENTAL 151D/154A8 TL,CONTINENTAL,600/65R34,Rolnicze,Uniwersalne/pozostałe
365/80R20 NOKIAN MPT AGILE 152G SB TL,NOKIAN,365/80R20,Przemysłowe,Uniwersalne/pozostałe
27X10.50-15 BKT SKID POWER HD 8PR TL,BKT,27x10.50-15,Przemysłowe,Ładowarka
420/85R30 ALLIANCE AGRISTAR II 85 140D STUBBLE GUARD TL,ALLIANCE,420/85R30,Rolnicze,Ciągnik
580/70R38 ALLIANCE AGRISTAR II 70 180D TL,ALLIANCE,580/70R38,Rolnicze,Ciągnik
440/80R28 GALAXY MULTI TOUGH 156A8 TL DEMO,GALAXY,440/80R28,Przemysłowe,Uniwersalne/pozostałe
650/85R38 ALLIANCE AGRISTAR II 173D TL,ALLIANCE,650/85R38,Rolnicze,Ciągnik
520/70R34 ALLIANCE AGRISTAR II 70 148D STUBBLE GUARD TL,ALLIANCE,520/70R34,Rolnicze,Ciągnik
460/70R24 CONTINENTAL 159A8/159B TL,CONTINENTAL,460/70R24,Rolnicze,Uniwersalne/pozostałe
25X8.50-14 BKT SKID POWER HD 6PR TL,BKT,25x8.50-14,Przemysłowe,Ładowarka
5.00-15 BKT AS 504 6PR TT,BKT,5.00-15,Rolnicze,Uniwersalne/pozostałe
280/70R18 ALLIANCE AGRISTAR II 70 114D STUBBLE GUARD TL,ALLIANCE,280/70R18,Rolnicze,Ciągnik
460/85R34 MICHELIN AGRIBIB 2 152A8/152B TL,MICHELIN,460/85R34,Rolnicze,Uniwersalne/pozostałe
380/85R24 ALLIANCE AGRISTAR II 85 131D STUBBLE GUARD TL,ALLIANCE,380/85R24,Rolnicze,Ciągnik
250/85R24 FIRESTONE PERFORMER 85 109D/106E TL,FIRESTONE,250/85R24,Rolnicze,Ciągnik
1050/50R32 MICHELIN MEGAXBIB M28 178A8 TL,MICHELIN,1050/50R32,Rolnicze,Uniwersalne/pozostałe
320/85R32 ALLIANCE AGRISTAR II 85 126D TL,ALLIANCE,320/85R32,Rolnicze,Ciągnik
600/65R38 TRELLEBORG TM 800 153D TL,TRELLEBORG,600/65R38,Rolnicze,Ciągnik
7.50-20 BKT TF 8181 6PR TT,BKT,7.50-20,Rolnicze,Ciągnik
560/60R22.5 ALLIANCE 885 164D TL,ALLIANCE,560/60R22.5,Rolnicze,Przyczepa
420/85R38 ALLIANCE AGRISTAR II 85 144D STUBBLE GUARD TL,ALLIANCE,420/85R38,Rolnicze,Ciągnik
480/70R30 ALLIANCE AGRISTAR II 70 141D TL,ALLIANCE,480/70R30,Rolnicze,Ciągnik
320/60-12 TRELLEBORG T421 132A8 TL,TRELLEBORG,320/60-12,Rolnicze,Przyczepa
480/70R28 ALLIANCE AGRISTAR II 70 140D TL,ALLIANCE,480/70R28,Rolnicze,Ciągnik
600/70R30 ALLIANCE AGRI STAR II 152D STUBBLE GUARD TL,ALLIANCE,600/70R30,Rolnicze,Ciągnik
380/85R28 MAXIMO RADIAL 85 133A8/130B TL,MAXIMO,380/85R28,Rolnicze,Uniwersalne/pozostałe
650/65R42 MITAS HCM IND 176A8/171D TL DEMO,MITAS,650/65R42,Przemysłowe,Uniwersalne/pozostałe
540/65R30 MITAS HCM IND 161A8/156D TL DEMO,MITAS,540/65R30,Przemysłowe,Uniwersalne/pozostałe
380/90R54 ALLIANCE AGRISTAR II RC 152D/149E TL,ALLIANCE,380/90R54,Rolnicze,Ciągnik
270/80R32 CEAT FARMAX RC 131D/134A8 TL,CEAT,270/80R32,Rolnicze,Ciągnik
420/85R30 MAXIMO RADIAL 85 140A8/137B TL,MAXIMO,420/85R30,Rolnicze,Uniwersalne/pozostałe
540/65R30 MAXIMO RADIAL 65 143D TL,MAXIMO,540/65R30,Rolnicze,Uniwersalne/pozostałe
480/65R28 MAXIMO RADIAL 65 136D TL,MAXIMO,480/65R28,Rolnicze,Uniwersalne/pozostałe
440/65R28 MAXIMO RADIAL 65 131D TL,MAXIMO,440/65R28,Rolnicze,Uniwersalne/pozostałe
420/85R28 MAXIMO RADIAL 85 139A8/136B TL,MAXIMO,420/85R28,Rolnicze,Uniwersalne/pozostałe
385/65R22.5 KABAT TRY1 AG 160F 18PR TL,KABAT,385/65R22.5,Rolnicze,Przyczepa
270/95R42 ALLIANCE AGRISTAR II RC 140D/137E TL,ALLIANCE,270/95R42,Rolnicze,Ciągnik
420/70R28 MITAS HC 70 133D/136A8 TL DEMO,MITAS,420/70R28,Rolnicze,Ciągnik
340/85R46 ALLIANCE AGRISTAR II RC 150D/147E TL,ALLIANCE,340/85R46,Rolnicze,Ciągnik
710/55R34 TRELLEBORG TM 900 HP 164D/161E TL,TRELLEBORG,710/55R34,Rolnicze,Ciągnik
24X9.50-14 JOURNEY P332 6PR TL,JOURNEY,24x9.50-14,Rolnicze,Uniwersalne/pozostałe
380/90R46 CEAT FARMAX RC 165A8/165B TL,CEAT,380/90R46,Rolnicze,Ciągnik
5.00-14 TRELLEBORG IM110 4PR TT,TRELLEBORG,5.00-14,Rolnicze,Ciągnik
420/70R30 BKT AGRIMAX RT 765 134D TL DEMO,BKT,420/70R30,Rolnicze,Ciągnik
710/45R22.5 ALLIANCE 388 156D TL DEMO,ALLIANCE,710/45R22.5,Rolnicze,Przyczepa
650/75R38 NOKIAN TRACTOR KING SB 175D TL SB,NOKIAN,650/75R38,Leśne,Ciągnik
380/95R38 ASCENSO TDR 900 147D TL,ASCENSO,380/95R38,Rolnicze,Uniwersalne/pozostałe
18X8.50-10 JOURNEY H8501 8PR TL,JOURNEY,18x8.50-10,Rolnicze,Uniwersalne/pozostałe
9.00-16 PETLAS NT-3 131A6 16PR TT,PETLAS,9.00-16,Rolnicze,Uniwersalne/pozostałe
6.00-12 JOURNEY H8039 8PR TL,JOURNEY,6.00-12,Rolnicze,Uniwersalne/pozostałe
500/50-17 TRELLEBORG AW 309 149A8 TL DEMO,TRELLEBORG,500/50-17,Rolnicze,Ciągnik
480/70R24 TRELLEBORG TM700 138A8 TL DEMO,TRELLEBORG,480/70R24,Rolnicze,Ciągnik
480/70R30 MITAS HC 70 141D/144A8 TL DEMO,MITAS,480/70R30,Rolnicze,Ciągnik
460/85R38 MAXIMO RADIAL 85 149A8/146B TL,MAXIMO,460/85R38,Rolnicze,Uniwersalne/pozostałe
315/60R22.5 DELCORA TRA-6 155D TL DEMO,DELCORA,315/60R22.5,Ciężarowe,All position
300/95R52 ALLIANCE AGRISTAR II RC 149D/146E TL,ALLIANCE,300/95R52,Rolnicze,Ciągnik
300/95R46 ALLIANCE AGRISTAR II ROW CROP 148D/145E TL,ALLIANCE,300/95R46,Rolnicze,Ciągnik
16X6.50-8 JOURNEY P508A 10PR TL,JOURNEY,16x6.50-8,Rolnicze,Uniwersalne/pozostałe
270/95R32 ALLIANCE AGRISTAR II RC 136D/133E TL,ALLIANCE,270/95R32,Rolnicze,Ciągnik
230/95R36 ALLIANCE AGRISTAR II ROW CROP 130D/127E TL,ALLIANCE,230/95R36,Rolnicze,Ciągnik
270/95R48 ALLIANCE AGRISTAR II RC 142D/139E TL,ALLIANCE,270/95R48,Rolnicze,Ciągnik
320/85R28 MAXIMO RADIAL 85 124A8/121B TL,MAXIMO,320/85R28,Rolnicze,Uniwersalne/pozostałe
320/90R46 ALLIANCE AGRISTAR II ROW CROP 148D/145E TL,ALLIANCE,320/90R46,Rolnicze,Ciągnik
460/70R24 BRIDGESTONE VH-IND 159A8/156B TL,BRIDGESTONE,460/70R24,Rolnicze,Ciągnik
340/65R18 ALLIANCE 571 145E/148A8 TL,ALLIANCE,340/65R18,Rolnicze,Przyczepa
31X15.50-15 ALLIANCE A-332 116B 8PR TL,ALLIANCE,31x15.50-15,Rolnicze,Przyczepa
420/65R24 MICHELIN MULTIBIB 126D TL DEMO,MICHELIN,420/65R24,Rolnicze,Uniwersalne/pozostałe
230/95R28 ALLIANCE AGRISTAR II ROW CROP 110D/107E TL,ALLIANCE,230/95R28,Rolnicze,Ciągnik
250/65-14.5 BKT RIB 774 14PR TL,BKT,250/65-14.5,Rolnicze,Przyczepa
18X8.50-8 JOURNEY H8501 8PR TL,JOURNEY,18x8.50-8,Rolnicze,Uniwersalne/pozostałe
600/55R26.5 BKT FL 630 SUPER 165D TL DEMO,BKT,600/55R26.5,Rolnicze,Przyczepa
18X8.50-8 JOURNEY P328 4PR TL,JOURNEY,18x8.50-8,Rolnicze,Uniwersalne/pozostałe
710/70R42 TRELLEBORG TM 900 HP 173D/170E TL,TRELLEBORG,710/70R42,Rolnicze,Ciągnik
600/70R28 TRELLEBORG TM 900 HP 157D TL,TRELLEBORG,600/70R28,Rolnicze,Ciągnik
380/70R28 ALLIANCE FARM PRO 127A8/127B TL DEMO,ALLIANCE,380/70R28,Rolnicze,Ciągnik
340/85R48 ALLIANCE AGRISTAR II RC 156D/153E TL,ALLIANCE,340/85R48,Rolnicze,Ciągnik
11X4.00-4 KENDA K500 SUPERTURF 4PR TL,KENDA,11x4.00-4,Rolnicze,Kosiarka/ogród
380/85R24 MAXIMO RADIAL 85 131A8/128B TL,MAXIMO,380/85R24,Rolnicze,Uniwersalne/pozostałe
320/90R54 ALLIANCE AGRISTAR II RC 151D/148E TL,ALLIANCE,320/90R54,Rolnicze,Ciągnik
540/65R34 ALLIANCE AGRISTAR II 145D TL,ALLIANCE,540/65R34,Rolnicze,Ciągnik
230/95R42 ALLIANCE AGRISTAR II RC 133D/130E TL,ALLIANCE,230/95R42,Rolnicze,Ciągnik
400/80-24 MITAS TI 05 162A8 TL DEMO,MITAS,400/80-24,Przemysłowe,Koparka
210/95R32 ALLIANCE 350 116D/116A8 TL DEMO,ALLIANCE,210/95R32,Rolnicze,Ciągnik
420/85R34 VREDESTEIN TRAXION85 II 142A8 TL,VREDESTEIN,420/85R34,Rolnicze,Uniwersalne/pozostałe
460/85R34 MICHELIN AGRIBIB 2 152A8/152B TL,MICHELIN,460/85R34,Rolnicze,Uniwersalne/pozostałe
16.5/70-18 FORERUNNER QH638 18PR TT,FORERUNNER,16.5/70-18,Rolnicze,Uniwersalne/pozostałe
320/90R46 ALLIANCE 350 151A8/148D TL,ALLIANCE,320/90R46,Rolnicze,Ciągnik
300/95R52 ALLIANCE 350 149D/152A8 TL,ALLIANCE,300/95R52,Rolnicze,Ciągnik
380/90R54 MICHELIN AGRIBIB 2 DA 152A8/152B TL,MICHELIN,380/90R54,Rolnicze,Uniwersalne/pozostałe
22X11.00-10 JOURNEY P328 6PR TL,JOURNEY,22x11.00-10,Rolnicze,Uniwersalne/pozostałe
300/95R46 BKT AGRIMAX RT 955 148A8/148B TL DEMO,BKT,300/95R46,Rolnicze,Ciągnik
620/70R42 FIRESTONE MAXI TRACTION 166D/163E TL,FIRESTONE,620/70R42,Rolnicze,Ciągnik
210/95R18 BKT AGRIMAX RT 855 108A8/108B TL DEMO,BKT,210/95R18,Rolnicze,Ciągnik
340/85R38 BKT AGRIMAX RT 855 133A8/133B TL DEMO,BKT,340/85R38,Rolnicze,Ciągnik
460/70R24 VREDESTEIN ENDURION 159A8/159B TL DEMO,VREDESTEIN,460/70R24,Rolnicze,Uniwersalne/pozostałe
420/70R30 KLEBER FITKER 134A8/131B TL DEMO,KLEBER,420/70R30,Rolnicze,Ciągnik
260/70R16 TRELLEBORG TM 700 109A8/109B TL DEMO,TRELLEBORG,260/70R16,Rolnicze,Ciągnik
320/85R24 TRELLEBORG TM 600 122A8/119B TL DEMO,TRELLEBORG,320/85R24,Rolnicze,Ciągnik
270/80R36 MITAS AC 90 134A8/131B TL,MITAS,270/80R36,Rolnicze,Ciągnik
440/80R30 ALLIANCE I-550 157A8/153D TL,ALLIANCE,440/80R30,Przemysłowe,Uniwersalne/pozostałe
480/70R34 MICHELIN OMNIBIB 143D TL,MICHELIN,480/70R34,Rolnicze,Uniwersalne/pozostałe
445/70R19.5 MICHELIN XF 173A8/180A2 TL,MICHELIN,445/70R19.5,Przemysłowe,Uniwersalne/pozostałe
280/85R28 KLEBER TRAKER 118A8/115B TL,KLEBER,280/85R28,Rolnicze,Ciągnik
480/70R34 KLEBER FITKER 143A8/143B TL,KLEBER,480/70R34,Rolnicze,Ciągnik
420/70R24 KLEBER FITKER 136A8/136B TL,KLEBER,420/70R24,Rolnicze,Ciągnik
380/85R28 KLEBER TRAKER 133A8/130B TL,KLEBER,380/85R28,Rolnicze,Ciągnik
460/85R34 KLEBER TRAKER 147A8/144B TL,KLEBER,460/85R34,Rolnicze,Ciągnik
420/85R38 KLEBER TRAKER 144A8/141B TL,KLEBER,420/85R38,Rolnicze,Ciągnik
380/85R24 KLEBER TRAKER 131A8/128B TL,KLEBER,380/85R24,Rolnicze,Ciągnik
380/70R28 KLEBER FITKER 127A8/127B TL,KLEBER,380/70R28,Rolnicze,Ciągnik
380/70R24 KLEBER FITKER 125A8/125B TL,KLEBER,380/70R24,Rolnicze,Ciągnik
360/70R28 KLEBER FITKER 125A8/125B TL,KLEBER,360/70R28,Rolnicze,Ciągnik
340/85R28 KLEBER TRAKER 127A8/124B TL,KLEBER,340/85R28,Rolnicze,Ciągnik
280/85R24 KLEBER TRAKER 115A8/112B TL,KLEBER,280/85R24,Rolnicze,Ciągnik
230/95R32 KLEBER CROPKER 128D/131A8 TL,KLEBER,230/95R32,Rolnicze,Ciągnik
420/85R28 KLEBER TRAKER 144A8/141B TL,KLEBER,420/85R28,Rolnicze,Ciągnik
420/85R24 KLEBER TRAKER 142A8/139B TL,KLEBER,420/85R24,Rolnicze,Ciągnik
600/65R38 KLEBER GRIPKER 153D TL,KLEBER,600/65R38,Rolnicze,Ciągnik
540/65R38 KLEBER GRIPKER 147D TL,KLEBER,540/65R38,Rolnicze,Ciągnik
520/70R34 KLEBER FITKER 148A8/148B TL,KLEBER,520/70R34,Rolnicze,Ciągnik
480/65R28 KLEBER GRIPKER 136D TL,KLEBER,480/65R28,Rolnicze,Ciągnik
340/85R38 KLEBER TRAKER 133A8/130B TL,KLEBER,340/85R38,Rolnicze,Ciągnik
320/85R20 KLEBER TRAKER 119A8/116B TL,KLEBER,320/85R20,Rolnicze,Ciągnik
11.5/80-15.3 ALLIANCE 320 VALUE PLUS 14PR TL,ALLIANCE,11.5/80-15.3,Rolnicze,Uniwersalne/pozostałe
460/70R24 MICHELIN XMCL 159A8/159B TL,MICHELIN,460/70R24,Przemysłowe,Koparka
460/70R24 MICHELIN BIBLOAD 159A8/159B TL,MICHELIN,460/70R24,Przemysłowe,Koparka
400/80R28 ALLIANCE I-550 151A8/146D TL,ALLIANCE,400/80R28,Przemysłowe,Uniwersalne/pozostałe
520/85R42 TRELLEBORG TM600 157A8/157B TL,TRELLEBORG,520/85R42,Rolnicze,Ciągnik
380/90R54 ALLIANCE 350 152D/155A8 TL,ALLIANCE,380/90R54,Rolnicze,Ciągnik
230/95R40 KLEBER CROPKER 132D/135A8 TL,KLEBER,230/95R40,Rolnicze,Ciągnik
270/95R48 BKT AGRIMAX RT 955 144A8/144B TL,BKT,270/95R48,Rolnicze,Ciągnik
600/65R28 MICHELIN MACHXBIB 154D/150E TL,MICHELIN,600/65R28,Rolnicze,Uniwersalne/pozostałe
340/85R24 KLEBER TRAKER 130A8/127B TL,KLEBER,340/85R24,Rolnicze,Ciągnik
400/70R18 TRELLEBORG TH400 147A8/147B TL,TRELLEBORG,400/70R18,Przemysłowe,Ładowarka
710/70R38 TAURUS POINT HP 171A8/171B TL,TAURUS,710/70R38,Rolnicze,Uniwersalne/pozostałe
400/55-17.5 ALLIANCE FLOTATION 328 136A8/149A8 16PR TL,ALLIANCE,400/55-17.5,Rolnicze,Przyczepa
210/95R18 BKT AGRIMAX RT 855 108A8/108B TL,BKT,210/95R18,Rolnicze,Ciągnik
230/95R44 ALLIANCE 350 137A8/134D TL,ALLIANCE,230/95R44,Rolnicze,Ciągnik
650/65R38 KLEBER GRIPKER 157D TL,KLEBER,650/65R38,Rolnicze,Ciągnik
340/75R20 KLEBER SUPER G 117A8/114B TL,KLEBER,340/75R20,Rolnicze,Ciągnik
520/85R42 KLEBER TRAKER 157A8/157B TL,KLEBER,520/85R42,Rolnicze,Ciągnik
6.00-9 TRELLEBORG T-991 10PR TT,TRELLEBORG,6.00-9,Rolnicze,Uniwersalne/pozostałe
440/80R28 MICHELIN XMCL 156A8/156B TL,MICHELIN,440/80R28,Przemysłowe,Koparka
300/80-15.3 TRELLEBORG T452 123A8 TL,TRELLEBORG,300/80-15.3,Rolnicze,Przyczepa
480/65R28 MICHELIN MULTIBIB 136D TL,MICHELIN,480/65R28,Rolnicze,Uniwersalne/pozostałe
16.0/70-20 BKT AW 705 14PR TT,BKT,16.0/70-20,Rolnicze,Przyczepa
500/70-24 MICHELIN POWER CL 164A8 TL,MICHELIN,500/70-24,Przemysłowe,Koparka
440/80-24 MICHELIN POWER CL 168A8 TL,MICHELIN,440/80-24,Przemysłowe,Koparka
600/65R28 TAURUS POINT HP 154A8/154B TL,TAURUS,600/65R28,Rolnicze,Uniwersalne/pozostałe
500/70R24 MICHELIN XMCL 164A8/164B TL,MICHELIN,500/70R24,Przemysłowe,Koparka
380/90R46 MITAS AC 85 159A8/156B TL,MITAS,380/90R46,Rolnicze,Ciągnik
6.00-18 BKT TF 8181 8PR TT,BKT,6.00-18,Rolnicze,Ciągnik
460/85R38 ALLIANCE AGRISTAR II 85 149D TL,ALLIANCE,460/85R38,Rolnicze,Ciągnik
320/85R36 KLEBER TRAKER 128A8/125B TL,KLEBER,320/85R36,Rolnicze,Ciągnik
270/95R38 ALLIANCE 350 140A8/137D TL,ALLIANCE,270/95R38,Rolnicze,Ciągnik
400/70-20 MICHELIN POWER CL 149A8 TL,MICHELIN,400/70-20,Przemysłowe,Koparka
270/95R32 ALLIANCE 350 132D/135A8 TL,ALLIANCE,270/95R32,Rolnicze,Ciągnik
440/65R24 TAURUS POINT 65 128A8/128B TL,TAURUS,440/65R24,Rolnicze,Uniwersalne/pozostałe
230/95R48 TAURUS RC 95 136A8/136B TL,TAURUS,230/95R48,Rolnicze,Uniwersalne/pozostałe
230/95R42 BKT AGRIMAX RT 955 133A8/133B TL,BKT,230/95R42,Rolnicze,Ciągnik
270/95R42 TAURUS RC 95 141A8/141B TL,TAURUS,270/95R42,Rolnicze,Uniwersalne/pozostałe
400/80-24 MICHELIN POWER CL 162A8 20PR TL,MICHELIN,400/80-24,Przemysłowe,Koparka
230/95R48 KLEBER CROPKER 136D/139A8 TL,KLEBER,230/95R48,Rolnicze,Ciągnik
800/70R38 MICHELIN MACHXBIB 173D TL,MICHELIN,800/70R38,Rolnicze,Uniwersalne/pozostałe
380/95R38 MICHELIN AGRIBIB 147A8/147B TL,MICHELIN,380/95R38,Rolnicze,Uniwersalne/pozostałe
230/95R44 TAURUS RC 95 134A8/134B TL,TAURUS,230/95R44,Rolnicze,Uniwersalne/pozostałe
340/80-18 MICHELIN POWER CL 143A8 TL,MICHELIN,340/80-18,Przemysłowe,Koparka
520/85R38 KLEBER TRAKER 155A8/152B TL,KLEBER,520/85R38,Rolnicze,Ciągnik
26X12.00-16 JOURNEY P5038 4PR TL,JOURNEY,26x12.00-16,Przemysłowe,Uniwersalne/pozostałe
270/95R48 KLEBER CROPKER 144D/147A8 TL,KLEBER,270/95R48,Rolnicze,Ciągnik
440/65R28 KLEBER GRIPKER 131D TL,KLEBER,440/65R28,Rolnicze,Ciągnik
270/95R32 MITAS AC 85 136A8/136B TL,MITAS,270/95R32,Rolnicze,Ciągnik
400/70R24 MICHELIN XMCL 152A8/152B TL,MICHELIN,400/70R24,Przemysłowe,Koparka
10.0/75-15.3 MITAS IM04 18PR TL,MITAS,10.0/75-15.3,Rolnicze,Przyczepa
440/65R24 MITAS AC 65 128D/131A8 TL,MITAS,440/65R24,Rolnicze,Ciągnik
9.00-24 CULTOR AW IMPLEMENT 13 10PR TT,CULTOR,9.00-24,Rolnicze,Przyczepa
340/80R18 MICHELIN BIBLOAD 143A8/143B TL,MICHELIN,340/80R18,Przemysłowe,Koparka
500/70R24 MICHELIN BIBLOAD 164A8/164B TL,MICHELIN,500/70R24,Przemysłowe,Koparka
270/80R32 MITAS AC 90 131A8/128B TL,MITAS,270/80R32,Rolnicze,Ciągnik
540/65R30 KLEBER GRIPKER 143D TL,KLEBER,540/65R30,Rolnicze,Ciągnik
420/70R28 KLEBER FITKER 133A8/133B TL,KLEBER,420/70R28,Rolnicze,Ciągnik
520/85R42 MICHELIN AGRIBIB 2 162A8/162B TL,MICHELIN,520/85R42,Rolnicze,Uniwersalne/pozostałe
480/80R46 MICHELIN AGRIBIB 2 158A8/158B TL,MICHELIN,480/80R46,Rolnicze,Uniwersalne/pozostałe
300/95R52 TRELLEBORG TM100 151A8/151B TL,TRELLEBORG,300/95R52,Rolnicze,Ciągnik
600/65R38 MITAS AC 65 153D/156A8 TL,MITAS,600/65R38,Rolnicze,Ciągnik
385/55R18 ALLIANCE 601 140A8/140B TL,ALLIANCE,385/55R18,Rolnicze,Kombajn
540/65R38 MITAS AC 65 147D/150A8 TL,MITAS,540/65R38,Rolnicze,Ciągnik
440/80R34 ALLIANCE I-550 159A8/155D TL,ALLIANCE,440/80R34,Przemysłowe,Uniwersalne/pozostałe
500/60-22.5 ALLIANCE A-331 16PR TL,ALLIANCE,500/60-22.5,Rolnicze,Przyczepa
340/55-16 TRELLEBORG AW305 140A8 TL,TRELLEBORG,340/55-16,Rolnicze,Przyczepa
300/95R52 BKT AGRIMAX RT 955 151A8/151B TL,BKT,300/95R52,Rolnicze,Ciągnik
420/90R30 TRELLEBORG TM600 147A8/147B TL,TRELLEBORG,420/90R30,Rolnicze,Ciągnik
270/95R38 TRELLEBORG TM100 140A8/140B TL,TRELLEBORG,270/95R38,Rolnicze,Ciągnik
480/65R28 MITAS AC 65 136D/139A8 TL,MITAS,480/65R28,Rolnicze,Ciągnik
650/55R26.5 ALLIANCE 885 170D SB TL,ALLIANCE,650/55R26.5,Rolnicze,Przyczepa
380/90R50 MITAS AC 85 160A8/160B TL,MITAS,380/90R50,Rolnicze,Ciągnik
480/65R24 MICHELIN MULTIBIB 133D TL,MICHELIN,480/65R24,Rolnicze,Uniwersalne/pozostałe
340/85R36 KLEBER TRAKER 132A8/129B TL,KLEBER,340/85R36,Rolnicze,Ciągnik
480/70R24 MITAS AC70 G 138A8/138B TL,MITAS,480/70R24,Rolnicze,Ciągnik
300/95R42 MITAS AC90 147A8/144B TL,MITAS,300/95R42,Rolnicze,Ciągnik
300/95R46 KLEBER CROPKER 148D/151A8 TL,KLEBER,300/95R46,Rolnicze,Ciągnik
270/95R38 TAURUS RC 95 140A8/140B TL,TAURUS,270/95R38,Rolnicze,Uniwersalne/pozostałe
270/95R32 KLEBER CROPKER 136D/139A8 TL,KLEBER,270/95R32,Rolnicze,Ciągnik
320/90R42 BKT AGRIMAX RT 945 139A8/139B TL,BKT,320/90R42,Rolnicze,Ciągnik
270/95R32 BKT AGRIMAX RT 955 136A8/136B TL,BKT,270/95R32,Rolnicze,Ciągnik
320/70R24 BKT AGRIMAX RT 765 116D TL,BKT,320/70R24,Rolnicze,Ciągnik
550/60-22.5 ALLIANCE 328 VALUE PLUS 154A8/166A8 16PR TL,ALLIANCE,550/60-22.5,Rolnicze,Przyczepa
650/65R42 KLEBER GRIPKER 158D TL,KLEBER,650/65R42,Rolnicze,Ciągnik
850/50R30.5 ALLIANCE 590 182D TL,ALLIANCE,850/50R30.5,Rolnicze,Przyczepa
650/65R38 MICHELIN MULTIBIB 157D TL,MICHELIN,650/65R38,Rolnicze,Uniwersalne/pozostałe
600/70R30 TAURUS POINT HP 158A8/158B TL,TAURUS,600/70R30,Rolnicze,Uniwersalne/pozostałe
250/85R24 BKT AGRIMAX RT 855 109A8/109B TL,BKT,250/85R24,Rolnicze,Ciągnik
540/65R24 MICHELIN MULTIBIB 140D TL,MICHELIN,540/65R24,Rolnicze,Uniwersalne/pozostałe
270/95R38 BKT AGRIMAX RT 955 140A8/140B TL,BKT,270/95R38,Rolnicze,Ciągnik
550/45R22.5 ALLIANCE 380 151E TL,ALLIANCE,550/45R22.5,Rolnicze,Przyczepa
700/40-22.5 ALLIANCE 328 16PR TL,ALLIANCE,700/40-22.5,Rolnicze,Uniwersalne/pozostałe
460/85R38 TRELLEBORG TM600 149A8/146B TL,TRELLEBORG,460/85R38,Rolnicze,Ciągnik
230/95R36 ALLIANCE 350 130D/133A8 TL,ALLIANCE,230/95R36,Rolnicze,Ciągnik
320/85R24 BKT AGRIMAX RT 855 122A8/122B TL,BKT,320/85R24,Rolnicze,Ciągnik
500/60-22.5 ALLIANCE 328 VALUE PLUS 16PR TL,ALLIANCE,500/60-22.5,Rolnicze,Przyczepa
600/55-26.5 ALLIANCE 328 VALUE PLUS 16PR TL,ALLIANCE,600/55-26.5,Rolnicze,Przyczepa
380/85R30 MICHELIN AGRIBIB 2 140A8/140B TL,MICHELIN,380/85R30,Rolnicze,Uniwersalne/pozostałe
420/90R30 MICHELIN AGRIBIB 2 147A8/147B TL,MICHELIN,420/90R30,Rolnicze,Uniwersalne/pozostałe
425/50-18 STARCO AS DUMPER II 150A8/134A8 TL,STARCO,425/50-18,Przemysłowe,Uniwersalne/pozostałe
650/75R32 ALLIANCE A-360 172D/175A8 TL,ALLIANCE,650/75R32,Rolnicze,Kombajn
380/85R38 BKT AGRIMAX RT 855 139A8/139B TL,BKT,380/85R38,Rolnicze,Ciągnik
270/95R38 KLEBER CROPKER 140D/143A8 TL,KLEBER,270/95R38,Rolnicze,Ciągnik
650/65R42 MICHELIN MULTIBIB 158D TL,MICHELIN,650/65R42,Rolnicze,Uniwersalne/pozostałe
28X9-15 BKT MAGLIFT LIP 151A5/142A5,BKT,28x9-15,Przemysłowe,Wózek widłowy
540/65R28 MICHELIN MULTIBIB 142D TL,MICHELIN,540/65R28,Rolnicze,Uniwersalne/pozostałe
710/70R42 MICHELIN MACHXBIB 173D TL,MICHELIN,710/70R42,Rolnicze,Uniwersalne/pozostałe
480/70R38 KLEBER FITKER 145A8/145B TL,KLEBER,480/70R38,Rolnicze,Ciągnik
400/70R20 MICHELIN BIBLOAD 149A8/149B TL,MICHELIN,400/70R20,Przemysłowe,Koparka
320/85R24 KLEBER TRAKER 122A8/119B TL,KLEBER,320/85R24,Rolnicze,Ciągnik
380/75R20 MICHELIN XMCL 148A8/148B TL,MICHELIN,380/75R20,Przemysłowe,Koparka
580/70R38 KLEBER FITKER 155A8/155B TL,KLEBER,580/70R38,Rolnicze,Ciągnik
340/80R20 MICHELIN XMCL 144A8/144B TL,MICHELIN,340/80R20,Przemysłowe,Koparka
710/70R38 MICHELIN MACHXBIB 171D TL,MICHELIN,710/70R38,Rolnicze,Uniwersalne/pozostałe
600/65R38 MICHELIN MULTIBIB 153D TL,MICHELIN,600/65R38,Rolnicze,Uniwersalne/pozostałe
800/65R32 ALLIANCE 360 181A8/178B TL,ALLIANCE,800/65R32,Rolnicze,Uniwersalne/pozostałe
230/95R36 TAURUS RC 95 130A8/130B TL,TAURUS,230/95R36,Rolnicze,Uniwersalne/pozostałe
400/70R20 MICHELIN XMCL 149A8/149B TL,MICHELIN,400/70R20,Przemysłowe,Koparka
480/80-26 MICHELIN POWER CL 167A8 12PR TL,MICHELIN,480/80-26,Przemysłowe,Koparka
340/85R46 MICHELIN AGRIBIB RC 150A8/150B TL,MICHELIN,340/85R46,Rolnicze,Uniwersalne/pozostałe
270/95R32 TAURUS RC 95 136A8/136B TL,TAURUS,270/95R32,Rolnicze,Uniwersalne/pozostałe
300/95R46 TAURUS RC 95 148A8/148B TL,TAURUS,300/95R46,Rolnicze,Uniwersalne/pozostałe
250/85R24 KLEBER TRAKER 109A8/106B TL,KLEBER,250/85R24,Rolnicze,Ciągnik
250/85R28 KLEBER TRAKER 112A8/109B TL,KLEBER,250/85R28,Rolnicze,Ciągnik
360/80R24 ALLIANCE I-550 143A8/138D TL,ALLIANCE,360/80R24,Przemysłowe,Uniwersalne/pozostałe
230/95R32 TAURUS RC 95 128A8/128B TL,TAURUS,230/95R32,Rolnicze,Uniwersalne/pozostałe
480/70R28 BKT AGRIMAX RT 765 140D TL,BKT,480/70R28,Rolnicze,Ciągnik
520/85R46 BKT AGRIMAX RT 855 158A8/158B TL,BKT,520/85R46,Rolnicze,Ciągnik
420/85R30 BKT AGRIMAX RT 855 140A8/140B TL,BKT,420/85R30,Rolnicze,Ciągnik
380/90R46 ALLIANCE FARM PRO RADIAL 90 165A8/165B TL,ALLIANCE,380/90R46,Rolnicze,Ciągnik
7.50-10 TRELLEBORG T523 14PR TL,TRELLEBORG,7.50-10,Rolnicze,Uniwersalne/pozostałe
385/65R22.5 KABAT TRY1AG TL,KABAT,385/65R22.5,Rolnicze,Przyczepa
235/75R17.5 WEST LAKE WTR2X 143J/141J,WEST LAKE,235/75R17.5,Ciężarowe,Naczepa/przyczepa
215/75R17.5 WEST LAKE WTR2X 135J/133J,WEST LAKE,215/75R17.5,Ciężarowe,Naczepa/przyczepa
315/60R22.5 WEST LAKE WSL2 154L/150L 3PMSF M+S FRONT,WEST LAKE,315/60R22.5,Ciężarowe,Oś kierowana
315/70R22.5 WEST LAKE WDL2+ 154L/150L 3PMSF M+S DRIVE,WEST LAKE,315/70R22.5,Ciężarowe,Oś napędowa
315/60R22.5 WEST LAKE WDL2+ 154K/150K 3PMSF M+S DRIVE,WEST LAKE,315/60R22.5,Ciężarowe,Oś napędowa
245/70R17.5 WEST LAKE WDA2 136M/134M 3PMSF M+S DRIVE,WEST LAKE,245/70R17.5,Ciężarowe,Oś napędowa
13R22.5 WEST LAKE WSM2 156/151K 3PMSF M+S FRONT,WEST LAKE,13R22.5,Ciężarowe,Oś kierowana
13R22.5 WEST LAKE WDM2 156/151K 3PMSF M+S DRIVE,WEST LAKE,13R22.5,Ciężarowe,Oś napędowa
385/65R22.5 WEST LAKE WSA2 164K 3PMSF M+S FRONT,WEST LAKE,385/65R22.5,Ciężarowe,Oś kierowana
385/65R22.5 WEST LAKE WTR PRO 164K 3PMSF M+S,WEST LAKE,385/65R22.5,Ciężarowe,Oś kierowana
385/55R22.5 WEST LAKE WSL1 158L/160K 3PMSF M+S FRONT,WEST LAKE,385/55R22.5,Ciężarowe,Oś kierowana
385/65R22.5 WEST LAKE WAM2 160K 20PR 3PMSF M+S FRONT,WEST LAKE,385/65R22.5,Ciężarowe,All position
245/70R17.5 WEST LAKE WTX2 143/141J 3PMSF M+S,WEST LAKE,245/70R17.5,Ciężarowe,Oś kierowana
265/70R19.5 WEST LAKE WTX2 143/141J,WEST LAKE,265/70R19.5,Ciężarowe,Oś kierowana
385/55R22.5 WEST LAKE WTR2 160K 3PMSF M+S,WEST LAKE,385/55R22.5,Ciężarowe,Naczepa/przyczepa
385/65R22.5 WEST LAKE WTR2 164K 24PR 3PMSF,WEST LAKE,385/65R22.5,Ciężarowe,Naczepa/przyczepa
205/75R17.5 WEST LAKE WDR+1 124/122M 3PMSF M+S DRIVE,WEST LAKE,205/75R17.5,Ciężarowe,Oś napędowa
245/70R19.5 WEST LAKE WDR+1 136/134M 3PMSF M+S DRIVE,WEST LAKE,245/70R19.5,Ciężarowe,Oś napędowa
285/70R19.5 WEST LAKE WDR+1 146/144M 3PMSF M+S DRIVE,WEST LAKE,285/70R19.5,Ciężarowe,Oś napędowa
315/80R22.5 WEST LAKE WDA2 156/153L 3PMSF M+S DRIVE,WEST LAKE,315/80R22.5,Ciężarowe,Oś napędowa
245/70R19.5 WEST LAKE WSR+1 136/134M 3PMSF M+S FRONT,WEST LAKE,245/70R19.5,Ciężarowe,Oś kierowana
385/55R19.5 GOLDENCROWN AT555 156J M+S,GOLDENCROWN,385/55R19.5,Ciężarowe,Naczepa/przyczepa
225/75R17.5 WEST LAKE WSA2 129/127M 3PMSF M+S FRONT,WEST LAKE,225/75R17.5,Ciężarowe,Oś kierowana
285/70R19.5 WEST LAKE WSR+1 146/144M 3PMSF M+S FRONT,WEST LAKE,285/70R19.5,Ciężarowe,Oś kierowana
265/70R19.5 WEST LAKE WDA2 140/138M 3PMSF M+S DRIVE,WEST LAKE,265/70R19.5,Ciężarowe,Oś napędowa
245/70R17.5 WEST LAKE WTX1 143/141J 3PMSF M+S,WEST LAKE,245/70R17.5,Ciężarowe,Oś kierowana
315/80R22.5 WEST LAKE WDM2 156K/153K 3PMSF M+S DRIVE,WEST LAKE,315/80R22.5,Ciężarowe,Oś napędowa
215/75R17.5 WEST LAKE WSA2 128/126M 3PMSF M+S FRONT,WEST LAKE,215/75R17.5,Ciężarowe,Oś kierowana
265/70R19.5 WEST LAKE WDR+1 140/138M 3PMSF M+S DRIVE,WEST LAKE,265/70R19.5,Ciężarowe,Oś napędowa
315/70R22.5 WEST LAKE WDA2 156/150L 3PMSF M+S DRIVE,WEST LAKE,315/70R22.5,Ciężarowe,Oś napędowa
315/80R22.5 WEST LAKE WSM2 156/153K 3PMSF M+S FRONT,WEST LAKE,315/80R22.5,Ciężarowe,Oś kierowana
265/70R19.5 WEST LAKE WSA2 140/138M 3PMSF M+S FRONT,WEST LAKE,265/70R19.5,Ciężarowe,Oś kierowana
235/75R17.5 WEST LAKE WDA2 132/130M 3PMSF M+S DRIVE,WEST LAKE,235/75R17.5,Ciężarowe,Oś napędowa
275/70R22.5 WEST LAKE WAU1 URBAN MASTER 150145J 3PMSF M+S,WEST LAKE,275/70R22.5,Ciężarowe,All position
245/70R17.5 WEST LAKE WSR+1 136/134M 3PMSF M+S FRONT,WEST LAKE,245/70R17.5,Ciężarowe,Oś kierowana
235/75R17.5 WEST LAKE WSA2 132/130M 3PMSF M+S FRONT,WEST LAKE,235/75R17.5,Ciężarowe,Oś kierowana
385/65R22.5 WEST LAKE WTR1 164K 3PMSF M+S,WEST LAKE,385/65R22.5,Ciężarowe,Naczepa/przyczepa
355/50R22.5 WEST LAKE WSL1 156K 3PMSF M+S FRONT,WEST LAKE,355/50R22.5,Ciężarowe,Oś kierowana
385/55R22.5 WEST LAKE WSA2 160K 3PMSF M+S FRONT,WEST LAKE,385/55R22.5,Ciężarowe,Oś kierowana
295/55R22.5 WEST LAKE WDL1 147/145K 3PMSF M+S DRIVE,WEST LAKE,295/55R22.5,Ciężarowe,Oś napędowa
265/70R19.5 WEST LAKE WTX1 143/141J 3PMSF M+S,WEST LAKE,265/70R19.5,Ciężarowe,Oś kierowana
315/80R22.5 WEST LAKE WSA2 156/153L 3PMSF M+S FRONT,WEST LAKE,315/80R22.5,Ciężarowe,Oś kierowana
315/70R22.5 WEST LAKE WSA2 156/150L 3PMSF M+S FRONT,WEST LAKE,315/70R22.5,Ciężarowe,Oś kierowana
295/60R22.5 WEST LAKE WSL1 150/147K 3PMSF M+S FRONT,WEST LAKE,295/60R22.5,Ciężarowe,Oś kierowana
385/55R22.5 WEST LAKE WTL1 160K 3PMSF M+S,WEST LAKE,385/55R22.5,Ciężarowe,Naczepa/przyczepa
315/60R22.5 WEST LAKE WDL1 154/150K 3PMSF M+S DRIVE,WEST LAKE,315/60R22.5,Ciężarowe,Oś napędowa
245/70R17.5 WEST LAKE WDR+1 136/134M 3PMSF M+S DRIVE,WEST LAKE,245/70R17.5,Ciężarowe,Oś napędowa
215/75R17.5 WEST LAKE WDR+1 128/126M 3PMSF M+S DRIVE,WEST LAKE,215/75R17.5,Ciężarowe,Oś napędowa
205/65R17.5 WEST LAKE WTX1 129/127J 3PMSF M+S,WEST LAKE,205/65R17.5,Ciężarowe,Oś kierowana
235/75R17.5 WEST LAKE WSR+1 132/130M 3PMSF M+S FRONT,WEST LAKE,235/75R17.5,Ciężarowe,Oś kierowana
235/75R17.5 WEST LAKE WDR+1 132/130M 3PMSF M+S DRIVE,WEST LAKE,235/75R17.5,Ciężarowe,Oś napędowa
225/75R17.5 WEST LAKE WSR+1 129/127M 3PMSF M+S FRONT,WEST LAKE,225/75R17.5,Ciężarowe,Oś kierowana
315/60R22.5 WEST LAKE WSL1 154/150L 3PMSF M+S FRONT,WEST LAKE,315/60R22.5,Ciężarowe,Oś kierowana
295/60R22.5 WEST LAKE WDL1 150/147K 3PMSF M+S DRIVE,WEST LAKE,295/60R22.5,Ciężarowe,Oś napędowa
265/70R19.5 WEST LAKE WSR+1 140/138M 3PMSF M+S FRONT,WEST LAKE,265/70R19.5,Ciężarowe,Oś kierowana
205/75R17.5 WEST LAKE WSR+1 124/122M 3PMSF M+S FRONT,WEST LAKE,205/75R17.5,Ciężarowe,Oś kierowana
13R22.5 WEST LAKE WDM1 156/151K 3PMSF M+S DRIVE,WEST LAKE,13R22.5,Ciężarowe,Oś napędowa
215/75R17.5 WEST LAKE WTX1 135/133J 3PMSF M+S,WEST LAKE,215/75R17.5,Ciężarowe,Oś kierowana
445/65R22.5 WEST LAKE WTR1 169K 20PR 3PMSF M+S,WEST LAKE,445/65R22.5,Ciężarowe,Naczepa/przyczepa
385/65R22.5 WEST LAKE WTM1 160K 3PMSF M+S,WEST LAKE,385/65R22.5,Ciężarowe,Naczepa/przyczepa
385/65R22.5 WEST LAKE WTL1 160K 3PMSF M+S,WEST LAKE,385/65R22.5,Ciężarowe,Naczepa/przyczepa
315/80R22.5 WEST LAKE WDM1 156/153K 3PMSF M+S DRIVE,WEST LAKE,315/80R22.5,Ciężarowe,Oś napędowa
235/75R17.5 WEST LAKE WTX1 143/141J 3PMSF M+S,WEST LAKE,235/75R17.5,Ciężarowe,Oś kierowana
385/55R22.5 WEST LAKE WTR1 160K 3PMSF M+S,WEST LAKE,385/55R22.5,Ciężarowe,Naczepa/przyczepa
245/70R17.5 WEST LAKE WTR2X 143J/141J,WEST LAKE,245/70R17.5,Ciężarowe,Naczepa/przyczepa
385/65R22.5 WEST LAKE WSR1 160K 3PMSF M+S FRONT,WEST LAKE,385/65R22.5,Ciężarowe,Oś kierowana
295/60R22.5 WEST LAKE WDL2+ 150/147K 3PMSF M+S DRIVE,WEST LAKE,295/60R22.5,Ciężarowe,Oś napędowa
315/80R22.5 WEST LAKE WDR1 156/153L 3PMSF M+S DRIVE,WEST LAKE,315/80R22.5,Ciężarowe,Oś napędowa
315/80R22.5 WEST LAKE WSR1 154/151M 3PMSF M+S FRONT,WEST LAKE,315/80R22.5,Ciężarowe,Oś kierowana
315/70R22.5 WEST LAKE WSR1 156/150L 3PMSF M+S FRONT,WEST LAKE,315/70R22.5,Ciężarowe,Oś kierowana
315/70R22.5 WEST LAKE WDR1 154/150L 3PMSF M+S DRIVE,WEST LAKE,315/70R22.5,Ciężarowe,Oś napędowa
295/80R22.5 WEST LAKE WSR1 154/149M 3PMSF M+S FRONT,WEST LAKE,295/80R22.5,Ciężarowe,Oś kierowana
295/80R22.5 WEST LAKE WDR1 152/149M 3PMSF M+S DRIVE,WEST LAKE,295/80R22.5,Ciężarowe,Oś napędowa
250-15 GLOBESTAR ULTIMATE XT,GLOBESTAR,250-15,Przemysłowe,Wózek widłowy
7.00-12 GLOBESTAR ULTIMATE XT,GLOBESTAR,7.00-12,Przemysłowe,Wózek widłowy
23X9-10 GLOBESTAR ULTIMATE XT,GLOBESTAR,23x9-10,Przemysłowe,Wózek widłowy
5.00-8 GLOBESTAR ULTIMATE XT,GLOBESTAR,5.00-8,Przemysłowe,Wózek widłowy
315/80R22.5 NOKIAN E-TRUCK DRIVE 154/150M 3PMSF DRIVE,NOKIAN,315/80R22.5,Ciężarowe,Oś napędowa
385/55R22.5 NOKIAN HAKKA TRUCK TRAILER 160K 3PMSF M+S,NOKIAN,385/55R22.5,Ciężarowe,Przyczepa
385/65R22.5 NOKIAN HAKKA TRUCK 160K 3PMSF M+S,NOKIAN,385/65R22.5,Ciężarowe,Uniwersalne/pozostałe
215/75R17.5 NOKIAN E-TRUCK TRAILER 135/133J 3PMSF M+S,NOKIAN,215/75R17.5,Ciężarowe,Przyczepa
315/70R22.5 NOKIAN HAKKA TRUCK STEER 156/150L 3PMSF M+S FRONT,NOKIAN,315/70R22.5,Ciężarowe,Oś kierowana
315/80R22.5 NOKIAN E-TRUCK STEER 156/150L 3PMSF M+S FRONT,NOKIAN,315/80R22.5,Ciężarowe,Oś kierowana
315/80R22.5 NOKIAN HAKKA TRUCK DRIVE 154/150M 3PMSF DRIVE,NOKIAN,315/80R22.5,Ciężarowe,Oś napędowa
18.4-38 NOKIAN TR FOREST 2 155A8 14PR,NOKIAN,18.4-38,Leśne,Uniwersalne/pozostałe
18.4-34 NOKIAN TR FOREST 14PR TT,NOKIAN,18.4-34,Leśne,Forwarder/Harwester
16.9-34 NOKIAN TR FS FOREST 146A8 14PR,NOKIAN,16.9-34,Leśne,Forwarder/Harwester
600/65R34 NOKIAN GROUND KING 163D/159E SB TL,NOKIAN,600/65R34,Rolnicze,Uniwersalne/pozostałe
710/70R42 NOKIAN GROUND KING 179D/175E SB TL,NOKIAN,710/70R42,Rolnicze,Uniwersalne/pozostałe
560/60R22.5 NOKIAN CT 165D TL,NOKIAN,560/60R22.5,Rolnicze,Uniwersalne/pozostałe
600/50-22.5 NOKIAN NORDMAN FOREST TRS SF 16PR TT,NOKIAN,600/50-22.5,Leśne,Forwarder/Harwester
710/45R22.5 NOKIAN COUNTRY KING 165D SB TL,NOKIAN,710/45R22.5,Rolnicze,Przyczepa
650/65R38 NOKIAN TR MULTIPLUS 164A8/160B SB TL,NOKIAN,650/65R38,Leśne,Uniwersalne/pozostałe
16.9R24 NOKIAN TRI 2 154A8/149D TL,NOKIAN,16.9R24,Rolnicze,Uniwersalne/pozostałe
15.5/80R24 NOKIAN TRI2 149/144A8,NOKIAN,15.5/80R24,Przemysłowe,Uniwersalne/pozostałe
540/80R38 NOKIAN TRI2 172/167A8,NOKIAN,540/80R38,Przemysłowe,Uniwersalne/pozostałe
440/80R28 NOKIAN TRI 2 156A8/151D SB TL,NOKIAN,440/80R28,Rolnicze,Uniwersalne/pozostałe
16X6-8 GLOBESTAR GLOBE WIDE-TREAD,GLOBESTAR,16x6-8,Przemysłowe,Wózek widłowy
16X6-8 GLOBESTAR GLOBE WIDE-TREAD,GLOBESTAR,16x6-8,Przemysłowe,Wózek widłowy
600/65R28 GRI GREEN XLR 65 154D/157A8 R-1W TL,GLOBESTAR,600/65R28,Rolnicze,Wózek widłowy
250-15 MITAS FL-08 20PR TT,MITAS,250-15,Przemysłowe,Wózek widłowy
27X10-12 MITAS FL-08 20PR TT,MITAS,27x10-12,Przemysłowe,Wózek widłowy
23X9-10 MITAS FL-08 20PR TT,MITAS,23x9-10,Przemysłowe,Wózek widłowy
21X8-9 MITAS FL-08 16PR TT,MITAS,21x8-9,Przemysłowe,Wózek widłowy
18X7-8 MITAS FL-08 16PR TT,MITAS,18x7-8,Przemysłowe,Wózek widłowy
16X6-8 MITAS FL-08 16PR TT,MITAS,16x6-8,Przemysłowe,Wózek widłowy
8.25-15 MITAS FL-08 18PR TT,MITAS,8.25-15,Przemysłowe,Wózek widłowy
7.50-15 MITAS FL-08 16PR TT,MITAS,7.50-15,Przemysłowe,Wózek widłowy
7.00-12 MITAS FL-08 16PR TT,MITAS,7.00-12,Przemysłowe,Wózek widłowy
6.50-10 MITAS FL-08 14PR TT,MITAS,6.50-10,Przemysłowe,Wózek widłowy
6.00-9 MITAS FL-08 12PR TT,MITAS,6.00-9,Przemysłowe,Wózek widłowy
5.00-8 MITAS FL-08 10PR TT,MITAS,5.00-8,Przemysłowe,Wózek widłowy
4.00-8 MITAS FL-08 8PR TT,MITAS,4.00-8,Przemysłowe,Wózek widłowy
300-15 MITAS FL-08 22PR TT,MITAS,300-15,Przemysłowe,Wózek widłowy
6.00-16 KABAT SRF-03 SUPRA RIB 8PR TT,KABAT,6.00-16,Rolnicze,Ciągnik
6.00-16 KABAT SRF-01 SUPRA RIB 8PR TT,KABAT,6.00-16,Rolnicze,Ciągnik
6.00-16 KABAT SRF-01 SUPRA RIB 6PR TT,KABAT,6.00-16,Rolnicze,Ciągnik
14.9-28 KABAT SGP-03 SUPRA GRIP 8PR TT,KABAT,14.9-28,Rolnicze,Ciągnik
5.00-9 KABAT IMP-02 69A6 4PR TT,KABAT,5.00-9,Rolnicze,Przyczepa
4.00-8 KABAT IMP-01 6PR TT,KABAT,4.00-8,Rolnicze,Przyczepa
4.00-8 KABAT IMP-01 4PR TT,KABAT,4.00-8,Rolnicze,Przyczepa
18X8.50-8 KABAT LWG-02 IMP KLOCKOWA 6PR TT,KABAT,18x8.50-8,Rolnicze,Kosiarka/ogród
18X8.50-8 KABAT LWG-02 IMP KLOCKOWA 6PR TL,KABAT,18x8.50-8,Rolnicze,Kosiarka/ogród
18X8.50-8 KABAT IMP-06 IMPLEMENT LINIOWA 6PR TT,KABAT,18x8.50-8,Rolnicze,Przyczepa
16X6.50-8 KABAT IMP-06 IMPLEMENT LINIOWA 6PR TL,KABAT,16x6.50-8,Rolnicze,Przyczepa
15X6.00-6 KABAT IMP-06 IMPLEMENT LINIOWA 6PR TT,KABAT,15x6.00-6,Rolnicze,Przyczepa
15X6.00-6 KABAT IMP-06 IMPLEMENT LINIOWA 6PR TL,KABAT,15x6.00-6,Rolnicze,Przyczepa
4.00-10 KABAT IMP-02 62A4 4PR TT,KABAT,4.00-10,Rolnicze,Przyczepa
425/55R17 SPEEDWAYS FL-60 129D TL,SPEEDWAYS,425/55R17,Rolnicze,Przyczepa
14.9-24 SPEEDWAYS GRIPKING HD 12PR TT,SPEEDWAYS,14.9-24,Rolnicze,Ciągnik
12.4-36 SPEEDWAYS GRIPKING 12PR TT,SPEEDWAYS,12.4-36,Rolnicze,Ciągnik
12.4-24 SPEEDWAYS GRIPKING HD TT,SPEEDWAYS,12.4-24,Rolnicze,Ciągnik
7.00-12 SPEEDWAYS GRIPKING 10PR TT,SPEEDWAYS,7.00-12,Rolnicze,Ciągnik
19.0/45-17 SPEEDWAYS PK-307 22PR TL,SPEEDWAYS,19.0/45-17,Rolnicze,Przyczepa
26X12.00-12 SPEEDWAYS TRENCHER 12PR TL,SPEEDWAYS,26x12.00-12,Rolnicze,Przyczepa
9.5R36 SPEEDWAYS RC-999 130B/130A8 TL,SPEEDWAYS,9.5R36,Rolnicze,Ciągnik
6.50-20 SPEEDWAYS SW-201 10PR TT,SPEEDWAYS,6.50-20,Rolnicze,Ciągnik
12.5/80-15.3 SPEEDWAYS PK-303 22PR TL,SPEEDWAYS,12.5/80-15.3,Rolnicze,Przyczepa
20.5X8.00-10 SPEEDWAYS POWERPLUS 10PR TL,SPEEDWAYS,20.5x8.00-10,Rolnicze,Kosiarka/ogród
18X8.50-8 SPEEDWAYS POWERPLUS HD 6PR TL,SPEEDWAYS,18x8.50-8,Rolnicze,Kosiarka/ogród
18X8.50-8 SPEEDWAYS POWERPLUS HD 10PR TL,SPEEDWAYS,18x8.50-8,Rolnicze,Kosiarka/ogród
9.5R48 SPEEDWAYS RC-999 136A8/B TL,SPEEDWAYS,9.5R48,Rolnicze,Ciągnik
9.00-16 SPEEDWAYS MILITARY 125G 14PR TT,SPEEDWAYS,9.00-16,Rolnicze,Ciągnik
16.9-28 SPEEDWAYS POWERLUG R-4 16PR TL,SPEEDWAYS,16.9-28,Przemysłowe,Ładowarka
23.5-25 SPEEDWAYS ROCKLUG E3 28PR TL,SPEEDWAYS,23.5-25,Przemysłowe,Maszyny górnicze
12.5/80-18 SPEEDWAYS MPT 16PR TL,SPEEDWAYS,12.5/80-18,Przemysłowe,Uniwersalne/pozostałe
15.5-38 SPEEDWAYS GRIPKING 12PR TT,SPEEDWAYS,15.5-38,Rolnicze,Ciągnik
23X10.50-12 SPEEDWAYS TRENCHER 14PR TL,SPEEDWAYS,23x10.50-12,Rolnicze,Przyczepa
23.5-25 SPEEDWAYS ROCKLUG E3 24PR TL,SPEEDWAYS,23.5-25,Przemysłowe,Maszyny górnicze
12.5/80-18 SPEEDWAYS PK-303 16PR TL,SPEEDWAYS,12.5/80-18,Przemysłowe,Uniwersalne/pozostałe
11.5/80-15.3 SPEEDWAYS PK-303 18PR TL,SPEEDWAYS,11.5/80-15.3,Rolnicze,Przyczepa
10.0/75-15.3 SPEEDWAYS PK-303 16PR TL,SPEEDWAYS,10.0/75-15.3,Rolnicze,Przyczepa
27X8.50-15 SPEEDWAYS STEER PLUS 8PR TL,SPEEDWAYS,27x8.50-15,Przemysłowe,Uniwersalne/pozostałe
6.00-16 SPEEDWAYS MILITARY 6PR TT,SPEEDWAYS,6.00-16,Rolnicze,Ciągnik
9.5R32 SPEEDWAYS RC-999 125A8/128B TL,SPEEDWAYS,9.5R32,Rolnicze,Ciągnik
16.9-24 SPEEDWAYS POWERLUG R-4 16PR TL,SPEEDWAYS,16.9-24,Przemysłowe,Ładowarka
4.00-36 SPEEDWAYS GRIPKING 4PR TT,SPEEDWAYS,4.00-36,Rolnicze,Ciągnik
12.4R46 SPEEDWAYS RC-999 148A8 TL,SPEEDWAYS,12.4R46,Rolnicze,Ciągnik
10.5/80-18 SPEEDWAYS MPT 12PR TL,SPEEDWAYS,10.5/80-18,Przemysłowe,Uniwersalne/pozostałe
17.5-24 SPEEDWAYS POWERLUG R-4 16PR TL,SPEEDWAYS,17.5-24,Przemysłowe,Ładowarka
11.2R44 SPEEDWAYS RC-999 142A8 TL,SPEEDWAYS,11.2R44,Rolnicze,Ciągnik
400/60-22.5 SPEEDWAYS FLOTATION KING 18PR TL,SPEEDWAYS,400/60-22.5,Rolnicze,Przyczepa
400/60-15.5 SPEEDWAYS FLOTATION KING 18PR TL,SPEEDWAYS,400/60-15.5,Rolnicze,Przyczepa
400/60-15.5 SPEEDWAYS FLOTATION KING 14PR TL,SPEEDWAYS,400/60-15.5,Rolnicze,Przyczepa
31X15.50-15 SPEEDWAYS TRENCHER 10PR TL,SPEEDWAYS,31x15.50-15,Rolnicze,Przyczepa
11.2-28 SPEEDWAYS GRIPKING 12PR TT,SPEEDWAYS,11.2-28,Rolnicze,Ciągnik
14.00-24 SPEEDWAYS POWERGRIP G-2 16PR TL,SPEEDWAYS,14.00-24,Przemysłowe,Uniwersalne/pozostałe
15.5/80-24 SPEEDWAYS GRIPKING 16PR TL,SPEEDWAYS,15.5/80-24,Przemysłowe,Uniwersalne/pozostałe
10.5-18 SPEEDWAYS MPT-007 12PR TL,SPEEDWAYS,10.5-18,Przemysłowe,Uniwersalne/pozostałe
6.50-16 SPEEDWAYS SW-201 8PR TT,SPEEDWAYS,6.50-16,Rolnicze,Ciągnik
15.0/55-17 SPEEDWAYS PK-305 14PR TL,SPEEDWAYS,15.0/55-17,Rolnicze,Przyczepa
5.00-15 SPEEDWAYS GRIPKING 6PR TT,SPEEDWAYS,5.00-15,Rolnicze,Ciągnik
10.5-20 SPEEDWAYS MPT-007 10PR TL,SPEEDWAYS,10.5-20,Przemysłowe,Uniwersalne/pozostałe
4.00-12 SPEEDWAYS F-2 4PR TT,SPEEDWAYS,4.00-12,Rolnicze,Ciągnik
13.0/55-16 SPEEDWAYS PK-303 14PR TL,SPEEDWAYS,13.0/55-16,Rolnicze,Przyczepa
18.4-34 SPEEDWAYS GRIPKING FORESTRY 16PR TT,SPEEDWAYS,18.4-34,Leśne,Forwarder/Harwester
16X6.50-8 SPEEDWAYS TRACKING 10PR TL,SPEEDWAYS,16x6.50-8,Rolnicze,Kosiarka/ogród
16X6.50-8 SPEEDWAYS TRACKING 6PR TL,SPEEDWAYS,16x6.50-8,Rolnicze,Kosiarka/ogród
15X6.00-6 SPEEDWAYS TRACKING 10PR TL,SPEEDWAYS,15x6.00-6,Rolnicze,Kosiarka/ogród
15X6.00-6 SPEEDWAYS TRACKING 6PR TL,SPEEDWAYS,15x6.00-6,Rolnicze,Kosiarka/ogród
17.5-24 SPEEDWAYS POWERLUG R-4 12PR TL,SPEEDWAYS,17.5-24,Przemysłowe,Ładowarka
18.4-38 SPEEDWAYS GRIPKING FORESTRY 162A2 16PR TT,SPEEDWAYS,18.4-38,Leśne,Forwarder/Harwester
16.9-28 SPEEDWAYS GRIPKING FORESTRY 16PR TT,SPEEDWAYS,16.9-28,Leśne,Forwarder/Harwester
4.00-16 SPEEDWAYS GRIPKING 6PR TT,SPEEDWAYS,4.00-16,Rolnicze,Ciągnik
18.4-38 SPEEDWAYS GRIPKING 8PR TT,SPEEDWAYS,18.4-38,Rolnicze,Ciągnik
15.5/80-24 SPEEDWAYS GRIPKING 12PR TL,SPEEDWAYS,15.5/80-24,Przemysłowe,Uniwersalne/pozostałe
16.9-24 SPEEDWAYS POWERLUG R-4 12PR TL,SPEEDWAYS,16.9-24,Przemysłowe,Ładowarka
14.00-24 SPEEDWAYS POWERGRIP G-2 12PR TL,SPEEDWAYS,14.00-24,Przemysłowe,Uniwersalne/pozostałe
15.5-25 SPEEDWAYS ROCKLUG E3 16PR TL,SPEEDWAYS,15.5-25,Przemysłowe,Maszyny górnicze
9.5-32 SPEEDWAYS GRIPKING 8PR TT,SPEEDWAYS,9.5-32,Rolnicze,Ciągnik
13.6-24 SPEEDWAYS GRIPKING 8PR TT,SPEEDWAYS,13.6-24,Rolnicze,Ciągnik
13.6-24 SPEEDWAYS GRIPKING 12PR TT,SPEEDWAYS,13.6-24,Rolnicze,Ciągnik
19.5-24 SPEEDWAYS POWERLUG R-4 12PR TL,SPEEDWAYS,19.5-24,Przemysłowe,Ładowarka
7.50-16 SPEEDWAYS SW-201 8PR TT,SPEEDWAYS,7.50-16,Rolnicze,Ciągnik
6.00-16 SPEEDWAYS SW-201 8PR TT,SPEEDWAYS,6.00-16,Rolnicze,Ciągnik
200/60-14.5 SPEEDWAYS RIB-777 14PR TL,SPEEDWAYS,200/60-14.5,Rolnicze,Przyczepa
11.5/80-15.3 SPEEDWAYS PK-303 22PR TL,SPEEDWAYS,11.5/80-15.3,Rolnicze,Przyczepa
11.5/80-15.3 SPEEDWAYS PK-303 14PR TL,SPEEDWAYS,11.5/80-15.3,Rolnicze,Przyczepa
10.0/80-12 SPEEDWAYS PK-303 10PR TL,SPEEDWAYS,10.0/80-12,Rolnicze,Przyczepa
10.0/75-15.3 SPEEDWAYS PK-303 14PR TL,SPEEDWAYS,10.0/75-15.3,Rolnicze,Przyczepa
295/60R22.5 GOLDENCROWN AS121 150/147L 3PMSF M+S FRONT,GOLDENCROWN,295/60R22.5,Ciężarowe,Oś kierowana
215/75R17.5 GOLDENCROWN AZ170 128/126M M+S FRONT,GOLDENCROWN,215/75R17.5,Ciężarowe,Oś kierowana
265/70R19.5 GOLDENCROWN AZ170 143/141J M+S FRONT,GOLDENCROWN,265/70R19.5,Ciężarowe,Oś kierowana
315/60R22.5 GOLDENCROWN AS121 154L/150M/148L 3PMSF M+S FRONT,GOLDENCROWN,315/60R22.5,Ciężarowe,Oś kierowana
235/75R17.5 GOLDENCROWN AZ170 143/141J M+S FRONT,GOLDENCROWN,235/75R17.5,Ciężarowe,Oś kierowana
225/75R17.5 GOLDENCROWN AZ170 129/127M M+S,GOLDENCROWN,225/75R17.5,Ciężarowe,Oś kierowana
295/80R22.5 GOLDENCROWN MD777 152/149K 3PMSF M+S DRIVE,GOLDENCROWN,295/80R22.5,Ciężarowe,Oś napędowa
445/65R22.5 GOLDENCROWN AT557 169K 3PMSF M+S,GOLDENCROWN,445/65R22.5,Ciężarowe,Naczepa/przyczepa
235/75R17.5 GOLDENCROWN CR960A 143/141J M+S FRONT,GOLDENCROWN,235/75R17.5,Ciężarowe,Oś kierowana
315/80R22.5 GOLDENCROWN AZ170 156/153L 3PMSF FRONT,GOLDENCROWN,315/80R22.5,Ciężarowe,Oś kierowana
445/45R19.5 GOLDENCROWN AT556 160J,GOLDENCROWN,445/45R19.5,Ciężarowe,Naczepa/przyczepa
295/80R22.5 GOLDENCROWN AZ170 154/149M 3PMSF M+S FRONT,GOLDENCROWN,295/80R22.5,Ciężarowe,Oś kierowana
315/70R22.5 GOLDENCROWN AZ170 156/150L 3PMSF M+S FRONT,GOLDENCROWN,315/70R22.5,Ciężarowe,Oś kierowana
385/55R22.5 GOLDENCROWN AZ170 160K/158L 3PMSF M+S,GOLDENCROWN,385/55R22.5,Ciężarowe,Oś kierowana
315/80R22.5 GOLDENCROWN CR926B 154/151M FRONT,GOLDENCROWN,315/80R22.5,Ciężarowe,Oś kierowana
13R22.5 GOLDENCROWN MD101 156/151K 3PMSF M+S DRIVE,GOLDENCROWN,13R22.5,Ciężarowe,Oś napędowa
315/70R22.5 GOLDENCROWN AD153 154/150L DRIVE,GOLDENCROWN,315/70R22.5,Ciężarowe,Oś napędowa
385/65R22.5 GOLDENCROWN AZ170 160K 3PMSF M+S,GOLDENCROWN,385/65R22.5,Ciężarowe,Oś kierowana
315/80R22.5 GOLDENCROWN MD101 157/154K 3PMSF DRIVE,GOLDENCROWN,315/80R22.5,Ciężarowe,Oś napędowa
295/60R22.5 GOLDENCROWN CR966 150/147L FRONT,GOLDENCROWN,295/60R22.5,Ciężarowe,Oś kierowana
315/60R22.5 GOLDENCROWN CR966 152/148M M+S FRONT,GOLDENCROWN,315/60R22.5,Ciężarowe,Oś kierowana
13R22.5 GOLDENCROWN MD777 156/151K M+S DRIVE,GOLDENCROWN,13R22.5,Ciężarowe,Oś napędowa
445/65R22.5 GOLDENCROWN CR931 169K M+S,GOLDENCROWN,445/65R22.5,Ciężarowe,Naczepa/przyczepa
425/65R22.5 GOLDENCROWN CR931 165K M+S,GOLDENCROWN,425/65R22.5,Ciężarowe,Naczepa/przyczepa
315/60R22.5 GOLDENCROWN CM335 152/148M 3PMSF M+S DRIVE,GOLDENCROWN,315/60R22.5,Ciężarowe,Oś napędowa
295/60R22.5 GOLDENCROWN CM335 150/147K 3PMSF M+S DRIVE,GOLDENCROWN,295/60R22.5,Ciężarowe,Oś napędowa
13R22.5 GOLDENCROWN CR926 ON/OFF 156/151K FRONT,GOLDENCROWN,13R22.5,Ciężarowe,Oś kierowana
315/80R22.5 GOLDENCROWN AD153 154/151M 3PMSF M+S DRIVE,GOLDENCROWN,315/80R22.5,Ciężarowe,Oś napędowa
385/65R22.5 GOLDENCROWN AT557 160K/158L M+S,GOLDENCROWN,385/65R22.5,Ciężarowe,Naczepa/przyczepa
315/70R22.5 GOLDENCROWN CM335 154/150L 3PMSF M+S DRIVE,GOLDENCROWN,315/70R22.5,Ciężarowe,Oś napędowa
275/70R22.5 GOLDENCROWN CR976A 148/145M M+S FRONT,GOLDENCROWN,275/70R22.5,Ciężarowe,Oś kierowana
385/65R22.5 GOLDENCROWN CR976A 158L/160K M+S,GOLDENCROWN,385/65R22.5,Ciężarowe,Oś kierowana
385/55R22.5 GOLDENCROWN CR966 160K M+S,GOLDENCROWN,385/55R22.5,Ciężarowe,Oś kierowana
315/80R22.5 GOLDENCROWN MD777 154/151L M+S DRIVE,GOLDENCROWN,315/80R22.5,Ciężarowe,Oś napędowa
315/80R22.5 GOLDENCROWN CR960A 154/151M M+S FRONT,GOLDENCROWN,315/80R22.5,Ciężarowe,Oś kierowana
315/80R22.5 GOLDENCROWN CM335 154/151M 3PMSF M+S DRIVE,GOLDENCROWN,315/80R22.5,Ciężarowe,Oś napędowa
315/70R22.5 GOLDENCROWN CR960A 156/150L M+S FRONT,GOLDENCROWN,315/70R22.5,Ciężarowe,Oś kierowana
295/80R22.5 GOLDENCROWN CR976A 154/149M M+S FRONT,GOLDENCROWN,295/80R22.5,Ciężarowe,Oś kierowana
255/70R22.5 GOLDENCROWN CR976A 140/137M FRONT,GOLDENCROWN,255/70R22.5,Ciężarowe,Oś kierowana
6.00-9 GLOBESTAR ULTIMATE XT SM SLICK,GLOBESTAR,6.00-9,Przemysłowe,Wózek widłowy
250-15 GLOBESTAR PERFORMER,GLOBESTAR,250-15,Przemysłowe,Wózek widłowy
6.00-9 GLOBESTAR ULTIMATE XT SM,GLOBESTAR,6.00-9,Przemysłowe,Wózek widłowy
8.15-15 GLOBESTAR ULTIMATE XT CLEAN,GLOBESTAR,8.15-15,Przemysłowe,Wózek widłowy
4.00-8 GLOBESTAR GLOBE WIDE-TREAD,GLOBESTAR,4.00-8,Przemysłowe,Wózek widłowy
4.00-8 GLOBESTAR GLOBE WIDE-TREAD,GLOBESTAR,4.00-8,Przemysłowe,Wózek widłowy
27X10-12 GLOBESTAR GLOBE WIDE-TREAD,GLOBESTAR,27x10-12,Przemysłowe,Wózek widłowy
9.00-20 GLOBESTAR GLOBE WIDE-TREAD STD,GLOBESTAR,9.00-20,Przemysłowe,Wózek widłowy
23X9-10 GLOBESTAR GLOBE WIDE-TREAD,GLOBESTAR,23x9-10,Przemysłowe,Wózek widłowy
23X9-10 GLOBESTAR ULTIMATE XT,GLOBESTAR,23x9-10,Przemysłowe,Wózek widłowy
8.15-15 GLOBESTAR GLOBE WIDE-TREAD,GLOBESTAR,8.15-15,Przemysłowe,Wózek widłowy
4.00-8 GLOBESTAR GLOBE WIDE-TREAD,GLOBESTAR,4.00-8,Przemysłowe,Wózek widłowy
21X8-9 GLOBESTAR GLOBE WIDE-TREAD,GLOBESTAR,21x8-9,Przemysłowe,Wózek widłowy
200/50-10 GLOBESTAR GLOBE WIDE-TREAD,GLOBESTAR,200/50-10,Przemysłowe,Wózek widłowy
8.25-15 GLOBESTAR GLOBE WIDE-TREAD,GLOBESTAR,8.25-15,Przemysłowe,Wózek widłowy
8.25-15 GLOBESTAR GLOBE WIDE-TREAD,GLOBESTAR,8.25-15,Przemysłowe,Wózek widłowy
4.00-8 GLOBESTAR GLOBE WIDE-TREAD,GLOBESTAR,4.00-8,Przemysłowe,Wózek widłowy
27X10-12 GLOBESTAR GLOBE WIDE-TREAD,GLOBESTAR,27x10-12,Przemysłowe,Wózek widłowy
6.50-10 GLOBESTAR GLOBE WIDE-TREAD,GLOBESTAR,6.50-10,Przemysłowe,Wózek widłowy
300-15 GLOBESTAR GLOBE WIDE-TREAD,GLOBESTAR,300-15,Przemysłowe,Wózek widłowy
200/50-10 GLOBESTAR GLOBE WIDE-TREAD,GLOBESTAR,200/50-10,Przemysłowe,Wózek widłowy
15X4 1/2-8 GLOBESTAR GLOBE WIDE-TREAD,GLOBESTAR,1/2-8,Przemysłowe,Wózek widłowy
8.25-15 GLOBESTAR GLOBE WIDE-TREAD,GLOBESTAR,8.25-15,Przemysłowe,Wózek widłowy
8.15-15 GLOBESTAR GLOBE WIDE-TREAD,GLOBESTAR,8.15-15,Przemysłowe,Wózek widłowy
300-15 GLOBESTAR GLOBE WIDE-TREAD,GLOBESTAR,300-15,Przemysłowe,Wózek widłowy
250-15 GLOBESTAR GLOBE WIDE-TREAD,GLOBESTAR,250-15,Przemysłowe,Wózek widłowy
8.15-15 GLOBESTAR GLOBE WIDE-TREAD,GLOBESTAR,8.15-15,Przemysłowe,Wózek widłowy
7.00-12 GLOBESTAR GLOBE WIDE-TREAD,GLOBESTAR,7.00-12,Przemysłowe,Wózek widłowy
7.00-12 GLOBESTAR GLOBE WIDE-TREAD,GLOBESTAR,7.00-12,Przemysłowe,Wózek widłowy
6.00-9 GLOBESTAR GLOBE WIDE-TREAD,GLOBESTAR,6.00-9,Przemysłowe,Wózek widłowy
6.00-9 GLOBESTAR GLOBE WIDE-TREAD,GLOBESTAR,6.00-9,Przemysłowe,Wózek widłowy
5.00-8 GLOBESTAR GLOBE WIDE-TREAD,GLOBESTAR,5.00-8,Przemysłowe,Wózek widłowy
5.00-8 GLOBESTAR GLOBE WIDE-TREAD,GLOBESTAR,5.00-8,Przemysłowe,Wózek widłowy
27X10-12 GLOBESTAR GLOBE WIDE-TREAD,GLOBESTAR,27x10-12,Przemysłowe,Wózek widłowy
23X9-10 GLOBESTAR GLOBE WIDE-TREAD,GLOBESTAR,23x9-10,Przemysłowe,Wózek widłowy
8.15-15 GLOBESTAR GLOBE WIDE-TREAD,GLOBESTAR,8.15-15,Przemysłowe,Wózek widłowy
18X7-8 GLOBESTAR GLOBE WIDE-TREAD,GLOBESTAR,18x7-8,Przemysłowe,Wózek widłowy
6.50-10 GLOBESTAR GLOBE WIDE-TREAD,GLOBESTAR,6.50-10,Przemysłowe,Wózek widłowy
6.50-10 GLOBESTAR GLOBE WIDE-TREAD,GLOBESTAR,6.50-10,Przemysłowe,Wózek widłowy
6.50-10 GLOBESTAR GLOBE WIDE-TREAD,GLOBESTAR,6.50-10,Przemysłowe,Wózek widłowy
355/65-15 GLOBESTAR GLOBE WIDE-TREAD,GLOBESTAR,355/65-15,Przemysłowe,Wózek widłowy
250-15 GLOBESTAR GLOBE WIDE-TREAD,GLOBESTAR,250-15,Przemysłowe,Wózek widłowy
200/50-10 GLOBESTAR GLOBE WIDE-TREAD,GLOBESTAR,200/50-10,Przemysłowe,Wózek widłowy
18X7-8 GLOBESTAR GLOBE WIDE-TREAD,GLOBESTAR,18x7-8,Przemysłowe,Wózek widłowy
18X7-8 GLOBESTAR GLOBE WIDE-TREAD,GLOBESTAR,18x7-8,Przemysłowe,Wózek widłowy
7.00-12 GLOBESTAR GLOBE WIDE-TREAD,GLOBESTAR,7.00-12,Przemysłowe,Wózek widłowy
200/50-10 GLOBESTAR PERFORMER,GLOBESTAR,200/50-10,Przemysłowe,Wózek widłowy
21X8-9 GLOBESTAR GLOBE WIDE-TREAD,GLOBESTAR,21x8-9,Przemysłowe,Wózek widłowy
6.00-9 GLOBESTAR GLOBE WIDE-TREAD,GLOBESTAR,6.00-9,Przemysłowe,Wózek widłowy
16X6-8 GLOBESTAR GLOBE WIDE-TREAD,GLOBESTAR,16x6-8,Przemysłowe,Wózek widłowy
16X6-8 GLOBESTAR GLOBE WIDE-TREAD,GLOBESTAR,16x6-8,Przemysłowe,Wózek widłowy
23X10-12 GLOBESTAR PERFORMER,GLOBESTAR,23x10-12,Przemysłowe,Wózek widłowy
27X10-12 GLOBESTAR PERFORMER,GLOBESTAR,27x10-12,Przemysłowe,Wózek widłowy
300-15 GLOBESTAR PERFORMER,GLOBESTAR,300-15,Przemysłowe,Wózek widłowy
250-15 GLOBESTAR GLOBE,GLOBESTAR,250-15,Przemysłowe,Wózek widłowy
250-15 GLOBESTAR PERFORMER,GLOBESTAR,250-15,Przemysłowe,Wózek widłowy
8.15-15 GLOBESTAR PERFORMER,GLOBESTAR,8.15-15,Przemysłowe,Wózek widłowy
8.15-15 GLOBESTAR PERFORMER,GLOBESTAR,8.15-15,Przemysłowe,Wózek widłowy
7.00-12 GLOBESTAR PERFORMER,GLOBESTAR,7.00-12,Przemysłowe,Wózek widłowy
23X9-10 GLOBESTAR PERFORMER,GLOBESTAR,23x9-10,Przemysłowe,Wózek widłowy
200/50-10 GLOBESTAR PERFORMER,GLOBESTAR,200/50-10,Przemysłowe,Wózek widłowy
6.50-10 GLOBESTAR PERFORMER,GLOBESTAR,6.50-10,Przemysłowe,Wózek widłowy
6.50-10 GLOBESTAR PERFORMER,GLOBESTAR,6.50-10,Przemysłowe,Wózek widłowy
21X8-9 GLOBESTAR PERFORMER,GLOBESTAR,21x8-9,Przemysłowe,Wózek widłowy
6.00-9 GLOBESTAR PERFORMER,GLOBESTAR,6.00-9,Przemysłowe,Wózek widłowy
18X7-8 GLOBESTAR PERFORMER,GLOBESTAR,18x7-8,Przemysłowe,Wózek widłowy
5.00-8 GLOBESTAR PERFORMER,GLOBESTAR,5.00-8,Przemysłowe,Wózek widłowy
8.25-15 GLOBESTAR GLOBE,GLOBESTAR,8.25-15,Przemysłowe,Wózek widłowy
7.00-12 GLOBESTAR GLOBE,GLOBESTAR,7.00-12,Przemysłowe,Wózek widłowy
200/50-10 GLOBESTAR GLOBE,GLOBESTAR,200/50-10,Przemysłowe,Wózek widłowy
16X6-8 GLOBESTAR GLOBE,GLOBESTAR,16x6-8,Przemysłowe,Wózek widłowy
315/70R22.5 CETROC LINE A99 154/151M 3PMSF M+S FRONT,CETROC,315/70R22.5,Ciężarowe,Naczepa/przyczepa
315/80R22.5 CETROC LINE A99 157/154L 3PMSF M+S FRONT,CETROC,315/80R22.5,Ciężarowe,Naczepa/przyczepa
385/55R22.5 CETROC LINE A99 160K 3PMSF M+S FRONT,CETROC,385/55R22.5,Ciężarowe,Naczepa/przyczepa
13R22.5 CETROC MIX D88 156/153K 3PMSF M+S DRIVE,CETROC,13R22.5,Ciężarowe,Oś napędowa
315/60R22.5 CETROC GHD20 154L/148L 3PMSF M+S DRIVE,CETROC,315/60R22.5,Ciężarowe,Oś napędowa
245/70R19.5 CETROC GHD22 136/134M 3PMSF M+S DRIVE,CETROC,245/70R19.5,Ciężarowe,Oś napędowa
315/60R22.5 CETROC GHA20 154/148L 3PMSF M+S FRONT,CETROC,315/60R22.5,Ciężarowe,Oś kierowana
315/80R22.5 CETROC MIX D88 160/157K 3PMSF M+S DRIVE,CETROC,315/80R22.5,Ciężarowe,Oś napędowa
245/70R17.5 CETROC GHA20 143K/141K 3PMSF M+S FRONT,CETROC,245/70R17.5,Ciężarowe,Oś kierowana
385/65R22.5 CETROC LINE A99 164K 3PMSF M+S FRONT,CETROC,385/65R22.5,Ciężarowe,Naczepa/przyczepa
315/80R22.5 CETROC FORCE A98 160/157F 3PMSF M+S,CETROC,315/80R22.5,Ciężarowe,Oś napędowa
315/70R22.5 CETROC TRAC D99 156L/150M/151L 3PMSF M+S DRIVE,CETROC,315/70R22.5,Ciężarowe,Oś napędowa
385/65R22.5 CETROC LINE A30 164K 3PMSF M+S FRONT,CETROC,385/65R22.5,Ciężarowe,Oś kierowana
385/65R22.5 CETROC LINE A50 160K 3PMSF M+S FRONT,CETROC,385/65R22.5,Ciężarowe,Oś kierowana
235/75R17.5 CETROC GHD22 132/130M 3PMSF M+S DRIVE,CETROC,235/75R17.5,Ciężarowe,Oś napędowa
235/75R17.5 CETROC GHA20 143/141K 3PMSF M+S FRONT,CETROC,235/75R17.5,Ciężarowe,Oś kierowana
215/75R17.5 CETROC GHD22 128/126M 3PMSF M+S DRIVE,CETROC,215/75R17.5,Ciężarowe,Oś napędowa
215/75R17.5 CETROC GHA20 135/133K 3PMSF M+S FRONT,CETROC,215/75R17.5,Ciężarowe,Oś kierowana
315/80R22.5 CETROC GHD99 157/154L 3PMSF M+S DRIVE,CETROC,315/80R22.5,Ciężarowe,Oś napędowa
285/70R19.5 CETROC GHD22 146/144M 3PMSF M+S DRIVE,CETROC,285/70R19.5,Ciężarowe,Oś napędowa
285/70R19.5 CETROC GHA20 150/148K 3PMSF M+S FRONT,CETROC,285/70R19.5,Ciężarowe,Oś kierowana
445/45R19.5 CETROC GHT22 TRAILER 160J 3PMSF M+S,CETROC,445/45R19.5,Ciężarowe,Przyczepa
435/50R19.5 CETROC GHT22 TRAILER 160J 3PMSF M+S FRONT,CETROC,435/50R19.5,Ciężarowe,Przyczepa
295/80R22.5 CETROC GHD20 154/149M 3PMSF M+S DRIVE,CETROC,295/80R22.5,Ciężarowe,Oś napędowa
295/60R22.5 CETROC GHA20 150/147K 3PMSF M+S FRONT,CETROC,295/60R22.5,Ciężarowe,Oś kierowana
385/55R22.5 CETROC GHT50 TRAILER 160K 3PMSF M+S,CETROC,385/55R22.5,Ciężarowe,Przyczepa
295/60R22.5 CETROC GHD20 150/147K 3PMSF M+S DRIVE,CETROC,295/60R22.5,Ciężarowe,Oś napędowa
385/65R22.5 CETROC GMT50 160K/158L 3PMSF M+S,CETROC,385/65R22.5,Ciężarowe,Naczepa/przyczepa
315/80R22.5 CETROC GMD30 154/151M 3PMSF M+S DRIVE,CETROC,315/80R22.5,Ciężarowe,Oś napędowa
315/80R22.5 CETROC GMA30 157/154L 3PMSF M+S FRONT,CETROC,315/80R22.5,Ciężarowe,Oś kierowana
315/80R22.5 CETROC GHD20 154/151M 3PMSF M+S DRIVE,CETROC,315/80R22.5,Ciężarowe,Oś napędowa
13R22.5 CETROC GMD30 156/153L 3PMSF M+S DRIVE,CETROC,13R22.5,Ciężarowe,Oś napędowa
315/70R22.5 CETROC GHD20 154/151M 3PMSF M+S DRIVE,CETROC,315/70R22.5,Ciężarowe,Oś napędowa
315/70R22.5 CETROC GHA20 154/151M 3PMSF M+S FRONT,CETROC,315/70R22.5,Ciężarowe,Oś kierowana
295/80R22.5 CETROC GHA20 154/149M 3PMSF M+S FRONT,CETROC,295/80R22.5,Ciężarowe,Oś kierowana
13R22.5 CETROC GMA30 156/153L 3PMSF M+S FRONT,CETROC,13R22.5,Ciężarowe,Oś kierowana
18X7-8 TRELLEBORG XP800,TRELLEBORG,18x7-8,Przemysłowe,Wózek widłowy
20.5R25 CETROC ELD11 177A2/193A2,CETROC,20.5R25,Przemysłowe,Uniwersalne/pozostałe
5.00-8 JK TYRE ST-02 STANDARD,JK TYRE,5.00-8,Przemysłowe,Wózek widłowy
18X7-8 JK TYRE ST-02 PREMIUM,JK TYRE,18x7-8,Przemysłowe,Wózek widłowy
260/70R16 JK TYRE AGRI KING 70 TORNEL 109B TL,JK TYRE,260/70R16,Rolnicze,Wózek widłowy
280/70R18 JK TYRE AGRI KING 70 TORNEL 114B TL,JK TYRE,280/70R18,Rolnicze,Wózek widłowy
360/70R24 JK TYRE AGRI KING 70 TORNEL 122B TL,JK TYRE,360/70R24,Rolnicze,Wózek widłowy
380/70R28 JK TYRE AGRI KING 70 TORNEL 127B TL,JK TYRE,380/70R28,Rolnicze,Wózek widłowy
16.9R28 JK TYRE AGRI GOLD 139A6 TL,JK TYRE,16.9R28,Rolnicze,Wózek widłowy
480/65R28 JK TYRE AGRI KING 65 142D TL,JK TYRE,480/65R28,Rolnicze,Wózek widłowy
33X15.50-16.5 JK TYRE JET TRAX SUPER II 14PR TL,JK TYRE,33x15.50-16.5,Rolnicze,Wózek widłowy
245/70R17.5 GOODRIDE WTX1 143/141J 3PMSF M+S,GOODRIDE,245/70R17.5,Ciężarowe,All position
315/80R22.5 JK TYRE JETSTEEL JDL3+ 156L/150J 3PMSF M+S DRIVE,JK TYRE,315/80R22.5,Ciężarowe,Oś napędowa
425/65R22.5 GOLDENCROWN AT557 165K M+S,GOLDENCROWN,425/65R22.5,Ciężarowe,Naczepa/przyczepa
285/70R19.5 WEST LAKE WTX1 150/148J 3PMSF M+S,WEST LAKE,285/70R19.5,Ciężarowe,Oś kierowana
16.9R24 MICHELIN XMCL 161A8 TL,MICHELIN,16.9R24,Przemysłowe,Koparka
340/80R20 MICHELIN XMCL 144A8/144B TL,MICHELIN,340/80R20,Przemysłowe,Koparka
480/70R38 MICHELIN OMNIBIB 145D TL,MICHELIN,480/70R38,Rolnicze,Uniwersalne/pozostałe
11R22.5 BFGOODRICH ROUTE CONTROL S 148/145L FRONT,BFGOODRICH,11R22.5,Ciężarowe,Oś kierowana
275/80R22.5 WEST LAKE CR976A 149/146M 3PMSF M+S FRONT,WEST LAKE,275/80R22.5,Ciężarowe,Oś kierowana
650/65R38 FIRESTONE MAXI TRACTION 65 157D/154E TL,FIRESTONE,650/65R38,Rolnicze,Ciągnik
600/65R38 FIRESTONE MAXI TRACTION 65 153D/150E TL,FIRESTONE,600/65R38,Rolnicze,Ciągnik
600/65R34 FIRESTONE MAXI TRACTION 65 151D/148E TL,FIRESTONE,600/65R34,Rolnicze,Ciągnik
540/65R34 FIRESTONE MAXI TRACTION 65 145D/142E TL,FIRESTONE,540/65R34,Rolnicze,Ciągnik
540/65R30 FIRESTONE MAXI TRACTION 65 150D/147E TL,FIRESTONE,540/65R30,Rolnicze,Ciągnik
540/65R24 FIRESTONE MAXI TRACTION 65 140D/137E TL,FIRESTONE,540/65R24,Rolnicze,Ciągnik
480/65R24 FIRESTONE MAXI TRACTION 65 133D/130E TL,FIRESTONE,480/65R24,Rolnicze,Ciągnik
385/55R22.5 TREADMAX FUELMAX T 160K,TREADMAX,385/55R22.5,Ciężarowe,All position
315/70R22.5 MICHELIN X MULTI D 154/150L 3PMSF DRIVE,MICHELIN,315/70R22.5,Ciężarowe,Oś napędowa
650/65R42 FIRESTONE MAXI TRACTION 65 158D/155E TL,FIRESTONE,650/65R42,Rolnicze,Ciągnik
540/65R30 FIRESTONE MAXI TRACTION 65 143D/140E TL,FIRESTONE,540/65R30,Rolnicze,Ciągnik
850/50R30.5 ALLIANCE 885 182D TL,ALLIANCE,850/50R30.5,Rolnicze,Przyczepa
800/45R30.5 ALLIANCE 885 176D TL,ALLIANCE,800/45R30.5,Rolnicze,Przyczepa
750/60R30.5 ALLIANCE 885 181D SB TL,ALLIANCE,750/60R30.5,Rolnicze,Przyczepa
750/60R30.5 ALLIANCE 885 181D SB TL,ALLIANCE,750/60R30.5,Rolnicze,Przyczepa
750/45R26.5 ALLIANCE 885 170D TL,ALLIANCE,750/45R26.5,Rolnicze,Przyczepa
710/50R30.5 ALLIANCE 885 173D TL,ALLIANCE,710/50R30.5,Rolnicze,Przyczepa
710/50R26.5 ALLIANCE A-885 170D TL,ALLIANCE,710/50R26.5,Rolnicze,Przyczepa
710/45R22.5 ALLIANCE 885 165D SB TL,ALLIANCE,710/45R22.5,Rolnicze,Przyczepa
650/50R22.5 ALLIANCE 885 163D SB TL,ALLIANCE,650/50R22.5,Rolnicze,Przyczepa
600/50R22.5 ALLIANCE 885 159D TL,ALLIANCE,600/50R22.5,Rolnicze,Przyczepa
600/50R22.5 ALLIANCE 882 162D/159E SB TL,ALLIANCE,600/50R22.5,Rolnicze,Przyczepa
385/65R22.5 ALLIANCE 882 164D TL,ALLIANCE,385/65R22.5,Rolnicze,Kombajn
500/60R22.5 ALLIANCE 882 155D TL,ALLIANCE,500/60R22.5,Rolnicze,Przyczepa
245/70R17.5 BFGOODRICH ROUTE CONTROL D 136/134M 3PMSF M+S DRIVE,BFGOODRICH,245/70R17.5,Ciężarowe,Oś napędowa
13R22.5 BRIDGESTONE MS1 156K FRONT,BRIDGESTONE,13R22.5,Ciężarowe,Oś kierowana
13R22.5 BRIDGESTONE MD1 156/150K DRIVE,BRIDGESTONE,13R22.5,Ciężarowe,Oś napędowa
245/70R19.5 MICHELIN X MULTI Z 135/134M 3PMSF,MICHELIN,245/70R19.5,Ciężarowe,Oś kierowana
295/80R22.5 MICHELIN X COACH Z 154/150M 3PMSF M+S,MICHELIN,295/80R22.5,Ciężarowe,Oś kierowana
14.9R46 ALLIANCE FARM PRO RADIAL 90 165A8 TL,ALLIANCE,14.9R46,Rolnicze,Ciągnik
11.00-20 ALLIANCE 839 16PR TT,ALLIANCE,11.00-20,Przemysłowe,Maszyny górnicze
10.00-20 ALLIANCE 839 16PR TT,ALLIANCE,10.00-20,Przemysłowe,Maszyny górnicze
385/65R22.5 MICHELIN X LINE ENERGY T 160K,MICHELIN,385/65R22.5,Ciężarowe,Naczepa/przyczepa
400/70R20 MICHELIN BIBLOAD 149A8/149B TL,MICHELIN,400/70R20,Rolnicze,Uniwersalne/pozostałe
420/65R28 MICHELIN MULTIBIB 135D TL,MICHELIN,420/65R28,Rolnicze,Uniwersalne/pozostałe
195/65-15 ALLIANCE 768 8PR TL,ALLIANCE,195/65-15,Rolnicze,Ciągnik
225/75R17.5 MICHELIN X MULTI D 129/127M 3PMSF M+S DRIVE,MICHELIN,225/75R17.5,Ciężarowe,Oś napędowa
315/70R22.5 DUNLOP SP446 154L/152M 3PMSF M+S DRIVE,DUNLOP,315/70R22.5,Ciężarowe,Oś napędowa
315/70R22.5 GOODYEAR KMAX D G3 154L/152M 3PMSF M+S DRIVE,GOODYEAR,315/70R22.5,Ciężarowe,Oś napędowa
315/70R22.5 MICHELIN X MULTI Z 156/150L 3PMSF M+S,MICHELIN,315/70R22.5,Ciężarowe,Oś kierowana
315/60R22.5 MICHELIN X MULTI D 152/148L 3PMSF DRIVE,MICHELIN,315/60R22.5,Ciężarowe,Oś napędowa
26.5R25 ALLIANCE 705 209A2 TL,ALLIANCE,26.5R25,Przemysłowe,Maszyny górnicze
23.5R25 ALLIANCE 704 185B/201A2 TL,ALLIANCE,23.5R25,Przemysłowe,Maszyny górnicze
23.5R25 ALLIANCE 703 185B/201A2 TL,ALLIANCE,23.5R25,Przemysłowe,Maszyny górnicze
480/65R28 BRIDGESTONE VT-TRACTOR 148D/145E TL,BRIDGESTONE,480/65R28,Rolnicze,Ciągnik
280/80-20 MICHELIN POWER CL 133A8 TL,MICHELIN,280/80-20,Przemysłowe,Koparka
235/75R17.5 MICHELIN X MULTI T2 143/141J 3PMSF M+S,MICHELIN,235/75R17.5,Ciężarowe,Oś kierowana
315/80R22.5 MICHELIN X MULTI ENERGY Z 156L 3PMSF M+S FRONT,MICHELIN,315/80R22.5,Ciężarowe,Oś kierowana
315/60R22.5 MICHELIN X LINE ENERGY Z 3 154/148L 3PMSF M+S,MICHELIN,315/60R22.5,Ciężarowe,Oś kierowana
315/80R22.5 MICHELIN RMXE X WORKS D REMIX 156/150K DRIVE,MICHELIN RMXE,315/80R22.5,Ciężarowe,Oś napędowa
225/75R17.5 BFGOODRICH ROUTE CONTROL D 129/127M DRIVE,BFGOODRICH,225/75R17.5,Ciężarowe,Oś napędowa
600/70R30 ALLIANCE AF 670 165D TL,ALLIANCE,600/70R30,Leśne,Ciągnik leśny
710/70R38 ALLIANCE AGRO FORESTRY 670 175A2/168A8 SB TL,ALLIANCE,710/70R38,Leśne,Ciągnik leśny
580/70-38 ALLIANCE AF 670 160A8/157B TL,ALLIANCE,580/70-38,Leśne,Ciągnik leśny
480/70-38 ALLIANCE AF 670 150A8/147B TL,ALLIANCE,480/70-38,Leśne,Ciągnik leśny
520/70-34 ALLIANCE AF 670 154A8/151B,ALLIANCE,520/70-34,Leśne,Ciągnik leśny
480/70-34 ALLIANCE AGRO FORESTRY 670 146A8/143B SB TL,ALLIANCE,480/70-34,Leśne,Ciągnik leśny
540/65-28 ALLIANCE AF 669 155A8/152A8 TL,ALLIANCE,540/65-28,Leśne,Uniwersalne/pozostałe
650/65-38 ALLIANCE AF 669 171A8/168B TL,ALLIANCE,650/65-38,Leśne,Uniwersalne/pozostałe
600/65-38 ALLIANCE AF 669 159A8/156B,ALLIANCE,600/65-38,Leśne,Uniwersalne/pozostałe
600/65-34 ALLIANCE AF 669 160A8/157B TL,ALLIANCE,600/65-34,Leśne,Uniwersalne/pozostałe
600/65-34 ALLIANCE AF 669 157A8/154B TL,ALLIANCE,600/65-34,Leśne,Uniwersalne/pozostałe
710/60R38 ALLIANCE 668 FORESTAR III 171D TL,ALLIANCE,710/60R38,Leśne,Forwarder/Harwester
600/65-34 ALLIANCE 668 FORESTAR III 163D TL,ALLIANCE,600/65-34,Leśne,Forwarder/Harwester
600/60R28 ALLIANCE 668 FORESTAR III 157D,ALLIANCE,600/60R28,Leśne,Forwarder/Harwester
540/65-28 ALLIANCE 668 FORESTAR III 154D TL,ALLIANCE,540/65-28,Leśne,Forwarder/Harwester
650/65R42 ALLIANCE 668 FORESTAR III 170D TL,ALLIANCE,650/65R42,Leśne,Forwarder/Harwester
650/65R38 ALLIANCE 668 FORESTAR III 169D TL,ALLIANCE,650/65R38,Rolnicze,Forwarder/Harwester
710/45-26.5 ALLIANCE 644 FORESTAR III 24PR TL,ALLIANCE,710/45-26.5,Leśne,Forwarder/Harwester
710/45-26.5 ALLIANCE 644 FORESTAR III ELIT 168A8/175A2 20PR TL,ALLIANCE,710/45-26.5,Leśne,Forwarder/Harwester
800/40-26.5 ALLIANCE 644 FORESTAR III 20PR,ALLIANCE,800/40-26.5,Leśne,Forwarder/Harwester
750/55-26.5 ALLIANCE 644 FORESTAR III 24PR TL,ALLIANCE,750/55-26.5,Leśne,Forwarder/Harwester
780/50-28.5 ALLIANCE 644 FORESTAR III 182A8/190A2 TL,ALLIANCE,780/50-28.5,Leśne,Forwarder/Harwester
710/40-24.5 ALLIANCE 644 FORESTAR III 20PR TL,ALLIANCE,710/40-24.5,Leśne,Forwarder/Harwester
710/40-22.5 ALLIANCE 644 FORESTAR III 20PR TL,ALLIANCE,710/40-22.5,Leśne,Forwarder/Harwester
600/55-26.5 ALLIANCE 644 FORESTAR III 20PR TT,ALLIANCE,600/55-26.5,Leśne,Forwarder/Harwester
600/50-22.5 ALLIANCE 644 FORESTAR III 159A8/167A2 20PR,ALLIANCE,600/50-22.5,Leśne,Forwarder/Harwester
600/50-22.5 ALLIANCE 644 FORESTAR III 159A8/167A2 20PR,ALLIANCE,600/50-22.5,Leśne,Forwarder/Harwester
710/45-26.5 ALLIANCE 643 FORESTAR RIII 20PR TT,ALLIANCE,710/45-26.5,Leśne,Forwarder/Harwester
315/80R22.5 MICHELIN X MULTI ENERGY D 156/150L 3PMSF M+S DRIVE,MICHELIN,315/80R22.5,Ciężarowe,Oś napędowa
200/60-14.5 TRELLEBORG T448 10PR TT,TRELLEBORG,200/60-14.5,Rolnicze,Uniwersalne/pozostałe
340/80-18 MICHELIN POWER CL 143A8 TL,MICHELIN,340/80-18,Przemysłowe,Koparka
405/70R20 ALLIANCE 608 155A2/143B TL SB,ALLIANCE,405/70R20,Przemysłowe,Uniwersalne/pozostałe
405/70R18 ALLIANCE 608 153A2/141B TL,ALLIANCE,405/70R18,Przemysłowe,Uniwersalne/pozostałe
500/70R24 FIRESTONE DURA-UT 164A/164B TL,FIRESTONE,500/70R24,Rolnicze,Ciągnik
15.5/55R18 ALLIANCE 601 TL,ALLIANCE,15.5/55R18,Przemysłowe,Uniwersalne/pozostałe
295/60R22.5 DUNLOP SP446+ 150K/149L 3PMSF M+S DRIVE,DUNLOP,295/60R22.5,Ciężarowe,Oś napędowa
265/70R17.5 DUNLOP SP346 139/136M 3PMSF M+S FRONT,DUNLOP,265/70R17.5,Ciężarowe,Oś kierowana
265/70R17.5 DUNLOP SP446 139/136M 3PMSF M+S DRIVE,DUNLOP,265/70R17.5,Ciężarowe,Oś napędowa
650/65R30.5 ALLIANCE 590 184D TL,ALLIANCE,650/65R30.5,Rolnicze,Przyczepa
560/60R22.5 ALLIANCE 590 169D SB TL,ALLIANCE,560/60R22.5,Rolnicze,Przyczepa
710/50R26.5 ALLIANCE 590 170D TL,ALLIANCE,710/50R26.5,Rolnicze,Przyczepa
285/70R19.5 GOODYEAR KMAX T 150/148J 3PMSF,GOODYEAR,285/70R19.5,Ciężarowe,Naczepa/przyczepa
315/80R22.5 SAVA AVANT MSS 2 156/150K 3PMSF M+S,SAVA,315/80R22.5,Ciężarowe,Oś kierowana
400/70R20 ALLIANCE 585 149A8/B 20PR TL,ALLIANCE,400/70R20,Leśne,Uniwersalne/pozostałe
340/80R18 ALLIANCE 585 143A8/143B SB TL,ALLIANCE,12.5R18,Rolnicze,Ciągnik
480/80R26 ALLIANCE 585 167A8/167B SB TL,ALLIANCE,480/80R26,Rolnicze,Ciągnik
440/80R28 ALLIANCE 585 163A8/163B TL,ALLIANCE,440/80R28,Przemysłowe,Uniwersalne/pozostałe
385/65R22.5 GOODYEAR EQMAX T ULT HL 164K/158L 3PMSF M+S,GOODYEAR,385/65R22.5,Ciężarowe,Oś kierowana
215/75R17.5 DUNLOP SP246 136/134J,DUNLOP,215/75R17.5,Ciężarowe,Naczepa/przyczepa
385/65R22.5 SAVA CARGO MS 160K 3PMSF M+S,SAVA,385/65R22.5,Ciężarowe,Przyczepa
385/65R22.5 GOODYEAR EQMAX S HL 164K/158L 3PMSF M+S FRONT,GOODYEAR,385/65R22.5,Ciężarowe,Oś kierowana
315/70R22.5 GOODYEAR EQMAX S HL 158/150L 3PMSF M+S FRONT,GOODYEAR,315/70R22.5,Ciężarowe,Oś kierowana
315/70R22.5 GOODYEAR KMAX S G3 HL 156/150L 3PMSF M+S FRONT,GOODYEAR,315/70R22.5,Ciężarowe,Oś kierowana
315/70R22.5 GOODYEAR KMAX D G3 154L/152M 3PMSF M+S DRIVE,GOODYEAR,315/70R22.5,Ciężarowe,Oś napędowa
315/70R22.5 GOODYEAR EQMAX D 154L/152M 3PMSF M+S DRIVE,GOODYEAR,315/70R22.5,Ciężarowe,Oś napędowa
315/70R22.5 DUNLOP SP346+ HL 156/150L 3PMSF FRONT,DUNLOP,315/70R22.5,Ciężarowe,Oś kierowana
315/60R22.5 DUNLOP SP346+ HL 154/148L 3PMSF M+S FRONT,DUNLOP,315/60R22.5,Ciężarowe,Oś kierowana
295/60R22.5 GOODYEAR KMAX D A 150K/149L DRIVE,GOODYEAR,295/60R22.5,Ciężarowe,Oś napędowa
500/70R24 ALLIANCE 580 164A8/164B TL,ALLIANCE,19.5R24,Przemysłowe,Ładowarka
500/70R28 ALLIANCE 580 164A8 TL,ALLIANCE,500/70R28,Rolnicze,Ciągnik
17.5R24 ALLIANCE AGRO INDUSTRIAL 580 159A8/159B SB TL,ALLIANCE,17.5R24,Przemysłowe,Ładowarka
300/75R18 ALLIANCE 580 142A8 TL,ALLIANCE,300/75R18,Rolnicze,Ciągnik
360/70R24 ALLIANCE 579 122A8 TL,ALLIANCE,360/70R24,Rolnicze,Kombajn
285/70R19.5 SAVA AVANT A3 146L/140M FRONT,SAVA,285/70R19.5,Ciężarowe,Oś kierowana
265/70R19.5 SAVA AVANT A3 140/138M 3PMSF FRONT,SAVA,265/70R19.5,Ciężarowe,Oś kierowana
205/75R17.5 SAVA AVANT 4 124/122M 3PMSF FRONT,SAVA,205/75R17.5,Ciężarowe,Oś kierowana
265/70R19.5 SAVA ORJAK O3 140/138M 3PMSF DRIVE,SAVA,265/70R19.5,Ciężarowe,Oś napędowa
315/80R22.5 SAVA ORJAK MS 156/150K 3PMSF DRIVE,SAVA,315/80R22.5,Ciężarowe,Oś napędowa
355/50R22.5 GOODYEAR KMAX S G2 HL 156K 3PMSF M+S FRONT,GOODYEAR,355/50R22.5,Ciężarowe,Oś kierowana
435/50R19.5 DUNLOP SP247 160J 3PMSF,DUNLOP,435/50R19.5,Ciężarowe,Naczepa/przyczepa
385/65R22.5 DUNLOP SP247 HL 164K/158L TL M+S 3PMSF,DUNLOP,385/65R22.5,Ciężarowe,Naczepa/przyczepa
9.5R17.5 SAVA COMET PLUS 129/127M 3PMSF FRONT,SAVA,9.5R17.5,Ciężarowe,Oś kierowana
295/80R22.5 SAVA AVANT 5 HL 154/149M 3PMSF FRONT,SAVA,295/80R22.5,Ciężarowe,Oś kierowana
385/65R22.5 SAVA AVANT 5 160K/158L 3PMSF FRONT,SAVA,385/65R22.5,Ciężarowe,Oś kierowana
295/60R22.5 SAVA ORJAK 5 150K/149L 3PMSF M+S DRIVE,SAVA,295/60R22.5,Ciężarowe,Oś napędowa
385/55R22.5 SAVA AVANT 5 160K/158L 3PMSF M+S FRONT,SAVA,385/55R22.5,Ciężarowe,Oś kierowana
295/80R22.5 SAVA ORJAK 5 152/148M 3PMSF DRIVE,SAVA,295/80R22.5,Ciężarowe,Oś napędowa
315/70R22.5 SAVA ORJAK 5 154L/152M 3PMSF DRIVE,SAVA,315/70R22.5,Ciężarowe,Oś napędowa
315/70R22.5 SAVA AVANT 5 HL 156/150L 3PMSF FRONT,SAVA,315/70R22.5,Ciężarowe,Oś kierowana
315/60R22.5 SAVA ORJAK 5 152/148L 3PMSF M+S DRIVE,SAVA,315/60R22.5,Ciężarowe,Oś napędowa
315/60R22.5 SAVA AVANT 5 152/148L 3PMSF M+S FRONT,SAVA,315/60R22.5,Ciężarowe,Oś kierowana
315/80R22.5 SAVA AVANT 5 156L/154M 3PMSF FRONT,SAVA,315/80R22.5,Ciężarowe,Oś kierowana
315/80R22.5 SAVA ORJAK 5 156L/154M 3PMSF M+S DRIVE,SAVA,315/80R22.5,Ciężarowe,Oś napędowa
19.5R24 ALLIANCE 570 156A8/153B SB TL,ALLIANCE,19.5R24,Przemysłowe,Uniwersalne/pozostałe
17.5-24 ALLIANCE 570 12PR TL,ALLIANCE,17.5-24,Rolnicze,Ciągnik
17.5-24 ALLIANCE 570 12PR TL,ALLIANCE,17.5-24,Przemysłowe,Uniwersalne/pozostałe
17.5R24 ALLIANCE 570 159A8/159B TL,ALLIANCE,17.5R24,Rolnicze,Ciągnik
315/80R22.5 FULDA REGIOCONTROL 3 156L/154M 3PMSF M+S FRONT,FULDA,315/80R22.5,Ciężarowe,Oś kierowana
385/65R22.5 DUNLOP SP346 160K/158L 3PMSF M+S FRONT,DUNLOP,385/65R22.5,Ciężarowe,Oś kierowana
580/70R42 FIRESTONE PERFORMER 70 158D/155E TL,FIRESTONE,580/70R42,Rolnicze,Ciągnik
20.8R38 FIRESTONE PERFORMER 85 155D/152E TL,FIRESTONE,20.8R38,Rolnicze,Ciągnik
18.4R38 FIRESTONE PERFORMER 85 149D/146E TL,FIRESTONE,18.4R38,Rolnicze,Ciągnik
16.9R38 FIRESTONE PERFORMER 85 144D/141E TL,FIRESTONE,16.9R38,Rolnicze,Ciągnik
340/85R38 FIRESTONE PERFORMER 85 133D/130E TL,FIRESTONE,13.6R38,Rolnicze,Ciągnik
340/85R36 FIRESTONE PERFORMER 85 132D/129E TL,FIRESTONE,13.6R36,Rolnicze,Ciągnik
420/85R28 FIRESTONE PERFORMER 85 139D/136E TL,FIRESTONE,16.9R28,Rolnicze,Ciągnik
14.9R28 FIRESTONE PERFORMER 85 133D/130E TL,FIRESTONE,14.9R28,Rolnicze,Ciągnik
13.6R28 FIRESTONE PERFORMER 85 127D/124E TL,FIRESTONE,13.6R28,Rolnicze,Ciągnik
280/85R28 FIRESTONE PERFORMER 85 118D/115E TL,FIRESTONE,280/85R28,Rolnicze,Ciągnik
14.9R24 FIRESTONE PERFORMER 85 131D/128E TL,FIRESTONE,14.9R24,Rolnicze,Ciągnik
320/85R24 FIRESTONE PERFORMER 85 122D/119E TL,FIRESTONE,12.4R24,Rolnicze,Ciągnik
13R22.5 MICHELIN X WORKS HD D 156/151K 3PMSF DRIVE,MICHELIN,13R22.5,Ciężarowe,Oś napędowa
315/70R22.5 MICHELIN X LINE ENERGY Z2 156/150L 3PMSF FRONT,MICHELIN,315/70R22.5,Ciężarowe,Oś kierowana
440/80R28 ALLIANCE 550 MULTIUSE 156A8/151D TL,ALLIANCE,440/80R28,Przemysłowe,Uniwersalne/pozostałe
420/65R24 ALLIANCE 550 151A8/146D TL,ALLIANCE,420/65R24,Rolnicze,Ciągnik
340/80R24 ALLIANCE 550 140A8/135D TL,ALLIANCE,340/80R24,Rolnicze,Ciągnik
710/70R42 FIRESTONE MAXI TRACTION 179D/176E TL,FIRESTONE,710/70R42,Rolnicze,Ciągnik
710/70R38 FIRESTONE MAXI TRACTION 171D/168E TL,FIRESTONE,710/70R38,Rolnicze,Ciągnik
650/85R38 FIRESTONE MAXI TRACTION 173D/170E TL,FIRESTONE,650/85R38,Rolnicze,Ciągnik
620/70R42 FIRESTONE MAXI TRACTION 166D/163E TL,FIRESTONE,620/70R42,Rolnicze,Ciągnik
600/70R30 FIRESTONE MAXI TRACTION 158D/155E TL,FIRESTONE,600/70R30,Rolnicze,Ciągnik
600/70R28 FIRESTONE MAXTRAC 157D/154E,FIRESTONE,600/70R28,Rolnicze,Ciągnik
600/65R28 FIRESTONE MAXI TRACTION 154D/151E TL,FIRESTONE,600/65R28,Rolnicze,Ciągnik
11-15 ALLIANCE I-1 RIB IMPLEMENT 12PR TL,ALLIANCE,11-15,Rolnicze,Przyczepa
265/70R19.5 MICHELIN X MULTI D2 140/138M 3PMSF M+S DRIVE,MICHELIN,265/70R19.5,Ciężarowe,Oś napędowa
15.5/80-24 ALLIANCE 533 12PR TL/TT,ALLIANCE,15.5/80-24,Przemysłowe,Koparka
15.5/80-24 ALLIANCE 533 12PR TL/TT,ALLIANCE,15.5/80-24,Przemysłowe,Koparka
18.4-26 ALLIANCE 533 12PR TL,ALLIANCE,18.4-26,Przemysłowe,Koparka
19.5-24 ALLIANCE 533 12PR TL,ALLIANCE,19.5-24,Przemysłowe,Koparka
17.5-24 ALLIANCE 533 10PR TL,ALLIANCE,17.5-24,Przemysłowe,Koparka
16.9-24 ALLIANCE 533 12PR TL,ALLIANCE,16.9-24,Przemysłowe,Koparka
16.9-28 ALLIANCE 533 HD 12PR TL,ALLIANCE,16.9-28,Przemysłowe,Koparka
16.9-28 ALLIANCE 533 12PR TL,ALLIANCE,16.9-28,Przemysłowe,Koparka
265/70R19.5 BFGOODRICH ROUTE CONTROL S 140/138M M+S FRONT,BFGOODRICH,265/70R19.5,Ciężarowe,Oś kierowana
460/70R24 TRELLEBORG TH500 159A8/159B TL,TRELLEBORG,460/70R24,Rolnicze,Ładowarka
460/70R24 TRELLEBORG TH500 159A8/159B TL,TRELLEBORG,460/70R24,Rolnicze,Ładowarka
20.8R38 CULTOR RD01 155A8/152B TL,CULTOR,20.8R38,Rolnicze,Ciągnik
16.9R30 CULTOR RD01 140A8/137B TL,CULTOR,16.9R30,Rolnicze,Ciągnik
13.6R24 CULTOR RD01 125A8/122B TL,CULTOR,13.6R24,Rolnicze,Ciągnik
11.2R24 CULTOR RD01 115A8/112B TL,CULTOR,11.2R24,Rolnicze,Ciągnik
20.8R42 CULTOR RD01 162B TL,CULTOR,20.8R42,Rolnicze,Ciągnik
280/70R16 MITAS AC70T 112A8/112B TL,MITAS,280/70R16,Rolnicze,Ciągnik
300/95R42 MITAS AC90 147A8/144B TL,MITAS,12.4R42,Rolnicze,Ciągnik
11.2R42 MITAS AC90 144A8/141A8 TL,MITAS,11.2R42,Rolnicze,Ciągnik
12.4-24 CULTOR AS-AGRI19 8PR TL,CULTOR,12.4-24,Rolnicze,Ciągnik
23.1-26 CULTOR AS-AGRI07 18PR TL/TT,CULTOR,23.1-26,Rolnicze,Ciągnik
17.5-24 CULTOR INDUSTRIAL 10 12PR TL,CULTOR,17.5-24,Przemysłowe,Ładowarka
17.5-24 CULTOR AGRO-INDUSTRIAL 10 12PR TL,CULTOR,17.5-24,Rolnicze,Ciągnik
6.50-16 CULTOR AS-FRONT 08 8PR TT FRONT,CULTOR,6.50-16,Rolnicze,Ciągnik
300/90-24 CULTOR AW-IMPLEMENT 13 132A6 TT,CULTOR,300/90-24,Rolnicze,Przyczepa
9.5-42 CULTOR AS-AGRI 10 10PR TT,CULTOR,9.5-42,Rolnicze,Ciągnik
18.4-38 CULTOR AS-AGRI19 10PR TT,CULTOR,18.4-38,Rolnicze,Ciągnik
16.9-30 CULTOR AS-AGRI 13 14PR TT,CULTOR,16.9-30,Rolnicze,Ciągnik
16.9-28 CULTOR AS-AGRI13 12PR TT,CULTOR,16.9-28,Rolnicze,Ciągnik
14.9-24 CULTOR AS-AGRI19 8PR TT,CULTOR,14.9-24,Rolnicze,Ciągnik
12.4-28 CULTOR AS-AGRI19 8PR TT,CULTOR,12.4-28,Rolnicze,Ciągnik
12.4-36 CULTOR AS-AGRI13 6PR TT,CULTOR,12.4-36,Rolnicze,Ciągnik
9.5-36 CULTOR AS-AGRI 10 6PR TT,CULTOR,9.5-36,Rolnicze,Ciągnik
12.4-32 CULTOR AS-AGRI13 6PR TT,CULTOR,12.4-32,Rolnicze,Ciągnik
9.5-32 CULTOR AS-AGRI13 6PR TT,CULTOR,9.5-32,Rolnicze,Ciągnik
8.3-32 CULTOR AS-AGRI10 6PR TT,CULTOR,8.3-32,Rolnicze,Ciągnik
14.9-30 CULTOR AS-AGRI10 6PR TT,CULTOR,14.9-30,Rolnicze,Ciągnik
14.9-28 CULTOR AS AGRI 20 8PR TT,CULTOR,14.9-28,Rolnicze,Ciągnik
11.2-28 CULTOR AS-AGRI10 8PR TT,CULTOR,11.2-28,Rolnicze,Ciągnik
8.3-28 CULTOR AS-AGRI10 8PR TT,CULTOR,8.3-28,Rolnicze,Ciągnik
23.1-26 CULTOR AS-AGRI07 18PR TL/TT,CULTOR,23.1-26,Rolnicze,Ciągnik
16.9-26 CULTOR AS-AGRI10 10PR TT,CULTOR,16.9-26,Rolnicze,Ciągnik
14.9-26 CULTOR AS-AGRI10 8PR TT,CULTOR,14.9-26,Rolnicze,Ciągnik
13.6-24 CULTOR AS-AGRI13 8PR TT,CULTOR,13.6-24,Rolnicze,Ciągnik
6.00-16 CULTOR AS-FRONT 04 8PR TT,CULTOR,6.00-16,Rolnicze,Ciągnik
10.0/75-15.3 MITAS TS05 10PR TL,MITAS,10.0/75-15.3,Rolnicze,Kosiarka/ogród
11.5/80-15.3 MITAS TS05 14PR TL,MITAS,11.5/80-15.3,Rolnicze,Kosiarka/ogród
11.5/80-15.3 MITAS TR03 14PR TL,MITAS,11.5/80-15.3,Rolnicze,Przyczepa
11.5/80-15.3 MITAS IM04 12PR TL,MITAS,11.5/80-15.3,Rolnicze,Przyczepa
11.5/80-15.3 MITAS IM04 14PR TL,MITAS,11.5/80-15.3,Rolnicze,Przyczepa
10.0/75-15.3 MITAS IM04 14PR TL,MITAS,10.0/75-15.3,Rolnicze,Przyczepa
11.5/80-15.3 MITAS IM04 16PR TL,MITAS,11.5/80-15.3,Rolnicze,Przyczepa
10.0/80-12 MITAS IM04 10PR TL,MITAS,10.0/80-12,Rolnicze,Przyczepa
500/50-17 MITAS IM07 14PR TL,MITAS,500/50-17,Rolnicze,Przyczepa
400/60-15.5 MITAS TR08 14PR TL,MITAS,400/60-15.5,Rolnicze,Przyczepa
12.4-24 MITAS TD19 12PR TL,MITAS,12.4-24,Rolnicze,Ciągnik
16.9-24 MITAS TG-01 12PR TL,MITAS,16.9-24,Przemysłowe,Uniwersalne/pozostałe
18.4-26 MITAS TI06 12PR TL,MITAS,18.4-26,Przemysłowe,Uniwersalne/pozostałe
18.4-26 MITAS TD19 12PR TL,MITAS,18.4-26,Rolnicze,Ciągnik
10.5/80-18 MITAS BIG BOY 10PR TL,MITAS,10.5/80-18,Przemysłowe,Uniwersalne/pozostałe
16.9-24 MITAS TI04 12PR TL,MITAS,16.9-24,Przemysłowe,Uniwersalne/pozostałe
6.00-18 MITAS TF03 6PR TT,MITAS,6.00-18,Rolnicze,Ciągnik
28X9.00-15 MITAS AC30 6PR TT,MITAS,28x9.00-15,Rolnicze,Kosiarka/ogród
7.50-20 MITAS TF03 6PR TT,MITAS,7.50-20,Rolnicze,Ciągnik
7.50-20 MITAS TF01 6PR TT,MITAS,7.50-20,Rolnicze,Ciągnik
7.50-20 MITAS TS04 6PR TT,MITAS,7.50-20,Rolnicze,Kosiarka/ogród
6.50-20 MITAS TF03 6PR TT,MITAS,6.50-20,Rolnicze,Ciągnik
7.50-16 MITAS TF01 6PR TT,MITAS,7.50-16,Rolnicze,Ciągnik
690X180-15 MITAS TS07 4PR TT,MITAS,690x180-15,Rolnicze,Kosiarka/ogród
6.5/90-15 MITAS TS06 6PR TT,MITAS,6.5/90-15,Rolnicze,Kosiarka/ogród
6.5/80-12 MITAS TS-06 6PR TT,MITAS,6.5/80-12,Rolnicze,Kosiarka/ogród
5.00-12 MITAS TS02 6PR TT,MITAS,5.00-12,Rolnicze,Kosiarka/ogród
7.50-16 MITAS TF03 6PR TT,MITAS,7.50-16,Rolnicze,Ciągnik
7.50-16 MITAS TF03 8PR TT,MITAS,7.50-16,Rolnicze,Ciągnik
5.00-15 MITAS TS06 6PR TT,MITAS,5.00-15,Rolnicze,Kosiarka/ogród
18.4-34 MITAS TD02 12PR TT,MITAS,18.4-34,Rolnicze,Ciągnik
12.4-24 MITAS TD19 8PR TT,MITAS,12.4-24,Rolnicze,Ciągnik
6.00-16 MITAS TF03 6PR TT,MITAS,6.00-16,Rolnicze,Ciągnik
6.00-16 MITAS TS04 8PR TT,MITAS,6.00-16,Rolnicze,Kosiarka/ogród
13.6-38 MITAS TD13 14PR TT,MITAS,13.6-38,Rolnicze,Ciągnik
14.9-24 MITAS AF01 137A8 TT,MITAS,14.9-24,Leśne,Uniwersalne/pozostałe
16.9-34 MITAS AF01 147A8 TT,MITAS,16.9-34,Leśne,Uniwersalne/pozostałe
18.4-34 MITAS AF01 152A8 TT,MITAS,18.4-34,Leśne,Uniwersalne/pozostałe
14.9-24 MITAS TD19 8PR TT,MITAS,14.9-24,Rolnicze,Ciągnik
18.4-38 MITAS TD19 8PR TT,MITAS,18.4-38,Rolnicze,Ciągnik
12.4-38 MITAS TD17 8PR TT,MITAS,12.4-38,Rolnicze,Ciągnik
18.4-34 MITAS TD19 8PR TT,MITAS,18.4-34,Rolnicze,Ciągnik
16.9-30 MITAS TL01 12PR TT,MITAS,16.9-30,Leśne,Uniwersalne/pozostałe
16.9-30 MITAS TD13 12PR TT,MITAS,16.9-30,Rolnicze,Ciągnik
14.9-28 MITAS TD19 8PR TT,MITAS,14.9-28,Rolnicze,Ciągnik
9.5-24 MITAS TD02 8PR TT,MITAS,9.5-24,Rolnicze,Ciągnik
420/90R30 ALLIANCE AGRISTAR II 147D TL,ALLIANCE,420/90R30,Rolnicze,Ciągnik
12.4R42 ALLIANCE AGRISTAR II 147D TL,ALLIANCE,12.4R42,Rolnicze,Ciągnik
600/50-22.5 ALLIANCE 488 164J TL,ALLIANCE,600/50-22.5,Rolnicze,Przyczepa
315/80R22.5 MICHELIN X MULTI Z 156/150L 3PMSF M+S,MICHELIN,315/80R22.5,Ciężarowe,Oś kierowana
420/85R34 ALLIANCE AGRISTAR II 147D STUBBLE GUARD TL,ALLIANCE,16.9R34,Rolnicze,Ciągnik
20.8R46 ALLIANCE AGRISTAR II 169D/173A8 TL,ALLIANCE,20.8R46,Rolnicze,Ciągnik
520/85R46 ALLIANCE AGRISTAR II 85 158D STUBBLE GUARD TL,ALLIANCE,20.8R46,Rolnicze,Ciągnik
20.8R42 ALLIANCE AGRISTAR II 169D TL,ALLIANCE,20.8R42,Rolnicze,Ciągnik
480/80R42 ALLIANCE AGRI STAR II 151D STUBBLE GUARD TL,ALLIANCE,18.4R42,Rolnicze,Ciągnik
520/85R38 ALLIANCE AGRISTAR II 169D STUBBLE GUARD TL,ALLIANCE,20.8R38,Rolnicze,Ciągnik
520/85R38 ALLIANCE AGRISTAR II 169D STUBBLE GUARD TL,ALLIANCE,20.8R38,Rolnicze,Ciągnik
520/85R38 ALLIANCE AGRISTAR II 85 155D STUBBLE GUARD TL,ALLIANCE,20.8R38,Rolnicze,Ciągnik
480/80R50 ALLIANCE AGRI STAR II 159D STUBBLE GUARD TL,ALLIANCE,480/80R50,Rolnicze,Ciągnik
18.4R46 ALLIANCE AGRISTAR II 158D TL,ALLIANCE,18.4R46,Rolnicze,Ciągnik
420/85R30 ALLIANCE AGRISTAR II 85 140D STUBBLE GUARD TL,ALLIANCE,16.9R30,Rolnicze,Ciągnik
420/85R28 ALLIANCE AGRI STAR II 139D STUBBLE GUARD TL,ALLIANCE,16.9R28,Rolnicze,Ciągnik
18.4R38 ALLIANCE AGRISTAR II 167D TL,ALLIANCE,18.4R38,Rolnicze,Ciągnik
420/85R24 ALLIANCE AGRI STAR II 137D STUBBLE GUARD TL,ALLIANCE,16.9R24,Rolnicze,Ciągnik
460/85R34 ALLIANCE AGRI STAR II 157D STUBBLE GUARD TL,ALLIANCE,18.4R34,Rolnicze,Ciągnik
18.4R30 ALLIANCE AGRISTAR II 145D TL,ALLIANCE,18.4R30,Rolnicze,Ciągnik
420/85R38 ALLIANCE AGRISTAR II 85 144D STUBBLE GUARD TL,ALLIANCE,16.9R38,Rolnicze,Ciągnik
650/85R38 ALLIANCE AGRISTAR II 173D TL,ALLIANCE,650/85R38,Rolnicze,Ciągnik
380/80R38 ALLIANCE AGRISTAR II 142D TL,ALLIANCE,380/80R38,Rolnicze,Ciągnik
520/85R42 ALLIANCE AGRI STAR II 157D STUBBLE GUARD TL,ALLIANCE,20.8R42,Rolnicze,Ciągnik
280/85R20 ALLIANCE AGRISTAR II 85 112D TL,ALLIANCE,11.2R20,Rolnicze,Ciągnik
420/80R46 ALLIANCE AGRISTAR II 159D STUBBLE GUARD TL,ALLIANCE,16.9R46,Rolnicze,Ciągnik
320/85R34 ALLIANCE AGRI STAR II 133D STUBBLE GUARD TL,ALLIANCE,320/85R34,Rolnicze,Ciągnik
12.4R24 ALLIANCE AGRISTAR II 142D TL,ALLIANCE,12.4R24,Rolnicze,Ciągnik
420/85R34 ALLIANCE AGRI STAR II 142D STUBBLE GUARD TL,ALLIANCE,16.9R34,Rolnicze,Ciągnik
380/85R28 ALLIANCE AGRISTAR II 85 133D STUBBLE GUARD TL,ALLIANCE,14.9R28,Rolnicze,Ciągnik
340/85R38 ALLIANCE AGRI STAR II 151D STUBBLE GUARD TL,ALLIANCE,13.6R38,Rolnicze,Ciągnik
380/85R24 ALLIANCE AGRISTAR II 85 131D STUBBLE GUARD TL,ALLIANCE,14.9R24,Rolnicze,Ciągnik
13.6R38 ALLIANCE AGRISTAR II 133D TL,ALLIANCE,13.6R38,Rolnicze,Ciągnik
13.6R36 ALLIANCE AGRISTAR II 132D TL,ALLIANCE,13.6R36,Rolnicze,Ciągnik
13.6R28 ALLIANCE AGRISTAR II 127D TL,ALLIANCE,13.6R28,Rolnicze,Ciągnik
9.5R24 ALLIANCE AGRISTAR II 109D TL,ALLIANCE,9.5R24,Rolnicze,Ciągnik
380/85R34 ALLIANCE AGRI STAR II 137D STUBBLE GUARD TL,ALLIANCE,14.9R34,Rolnicze,Ciągnik
340/85R24 ALLIANCE AGRISTAR II 85 125D STUBBLE GUARD TL,ALLIANCE,340/85R24,Rolnicze,Ciągnik
12.4R36 ALLIANCE AGRISTAR II 128D TL,ALLIANCE,12.4R36,Rolnicze,Ciągnik
320/85R32 ALLIANCE AGRISTAR II 85 126D TL,ALLIANCE,12.4R32,Rolnicze,Ciągnik
320/85R38 ALLIANCE AGRI STAR II 143D STUBBLE GUARD TL,ALLIANCE,12.4R38,Rolnicze,Ciągnik
12.4R28 ALLIANCE AGRISTAR II 124D TL,ALLIANCE,12.4R28,Rolnicze,Ciągnik
320/85R24 ALLIANCE AGRI STAR II 122D STUBBLE GUARD TL,ALLIANCE,12.4R24,Rolnicze,Ciągnik
320/85R20 ALLIANCE AGRISTAR II 85 119D STUBBLE GUARD TL,ALLIANCE,12.4R20,Rolnicze,Ciągnik
280/85R28 ALLIANCE AGRISTAR II 85 118D TL,ALLIANCE,11.2R28,Rolnicze,Ciągnik
280/85R24 ALLIANCE AGRISTAR II 85 115D TL,ALLIANCE,280/85R24,Rolnicze,Ciągnik
12.4R36 ALLIANCE AGRISTAR II 147D TL,ALLIANCE,12.4R36,Rolnicze,Ciągnik
385/55R22.5 MICHELIN X MULTI F 160K 3PMSF FRONT,MICHELIN,385/55R22.5,Ciężarowe,Oś kierowana
385/55R22.5 MICHELIN X LINE ENERGY F 160K 3PMSF FRONT,MICHELIN,385/55R22.5,Ciężarowe,Oś kierowana
435/50R19.5 BRIDGESTONE R166 160J 3PMSF,BRIDGESTONE,435/50R19.5,Ciężarowe,Naczepa/przyczepa
25X10.50-15 GALAXY TURF SPECIAL 114A2/100A6 6PR TL,GALAXY,25x10.50-15,Rolnicze,Kosiarka/ogród
315/70R22.5 BRIDGESTONE M749 152M/154L 3PMSF DRIVE,BRIDGESTONE,315/70R22.5,Ciężarowe,Oś napędowa
400/70R20 MICHELIN XMCL 149A8/149B TL,MICHELIN,400/70R20,Przemysłowe,Koparka
520/70R34 ALLIANCE AGRISTAR II 168D TL,ALLIANCE,520/70R34,Rolnicze,Ciągnik
480/70R30 ALLIANCE AGRISTAR II 150D TL,ALLIANCE,480/70R30,Rolnicze,Ciągnik
710/70R38 ALLIANCE AGRI STAR II 178D STUBBLE GUARD TL,ALLIANCE,710/70R38,Rolnicze,Ciągnik
480/70R34 ALLIANCE AGRI STAR II 155D STUBBLE GUARD TL,ALLIANCE,480/70R34,Rolnicze,Ciągnik
240/70R16 ALLIANCE AGRISTAR II 104D TL,ALLIANCE,240/70R16,Rolnicze,Ciągnik
800/70R38 ALLIANCE AGRISTAR II 173D TL,ALLIANCE,800/70R38,Rolnicze,Ciągnik
360/70R28 ALLIANCE AGRI STAR II 125D STUBBLE GUARD TL,ALLIANCE,360/70R28,Rolnicze,Ciągnik
520/70R34 ALLIANCE AGRISTAR II 70 148D STUBBLE GUARD TL,ALLIANCE,520/70R34,Rolnicze,Ciągnik
710/70R38 ALLIANCE AGRISTAR II 70 172D STUBBLE GUARD TL,ALLIANCE,710/70R38,Rolnicze,Ciągnik
480/70R38 ALLIANCE AGRI STAR II 145D STUBBLE GUARD TL,ALLIANCE,480/70R38,Rolnicze,Ciągnik
360/70R20 ALLIANCE AGRISTAR II 129D TL,ALLIANCE,360/70R20,Rolnicze,Ciągnik
280/70R20 ALLIANCE AGRISTAR II 116D STUBBLE GUARD TL,ALLIANCE,280/70R20,Rolnicze,Ciągnik
480/70R30 ALLIANCE AGRISTAR II 70 141D TL,ALLIANCE,480/70R30,Rolnicze,Ciągnik
580/70R38 ALLIANCE AGRISTAR II 155D TL,ALLIANCE,580/70R38,Rolnicze,Ciągnik
380/70R28 ALLIANCE AGRI STAR II 127D STUBBLE GUARD TL,ALLIANCE,380/70R28,Rolnicze,Ciągnik
480/70R28 ALLIANCE AGRISTAR II 70 140D TL,ALLIANCE,480/70R28,Rolnicze,Ciągnik
480/70R34 ALLIANCE AGRISTAR II 70 143D STUBBLE GUARD TL,ALLIANCE,480/70R34,Rolnicze,Ciągnik
300/70R20 ALLIANCE AGRI STAR II 120D STUBBLE GUARD TL,ALLIANCE,300/70R20,Rolnicze,Ciągnik
360/70R24 ALLIANCE AGRISTAR II 122D TL,ALLIANCE,360/70R24,Rolnicze,Ciągnik
480/70R28 ALLIANCE AGRI STAR II 151D TL,ALLIANCE,480/70R28,Rolnicze,Ciągnik
600/70R28 ALLIANCE AGRISTAR II 70 161D STUBBLE GUARD TL,ALLIANCE,600/70R28,Rolnicze,Ciągnik
480/70R30 ALLIANCE AGRISTAR II 156D TL,ALLIANCE,480/70R30,Rolnicze,Ciągnik
480/70R24 ALLIANCE AGRI STAR II 138D STUBBLE GUARD TL,ALLIANCE,480/70R24,Rolnicze,Ciągnik
580/70R38 ALLIANCE AGRISTAR II 180D TL,ALLIANCE,580/70R38,Rolnicze,Ciągnik
420/70R30 ALLIANCE AGRI STAR II 134D STUBBLE GUARD TL,ALLIANCE,420/70R30,Rolnicze,Ciągnik
600/70R30 ALLIANCE AGRI STAR II 152D STUBBLE GUARD TL,ALLIANCE,600/70R30,Rolnicze,Ciągnik
710/70R42 ALLIANCE AGRISTAR II 70 173D STUBBLE GUARD TL,ALLIANCE,710/70R42,Rolnicze,Ciągnik
420/70R24 ALLIANCE AGRISTAR II 130D TL,ALLIANCE,420/70R24,Rolnicze,Ciągnik
520/70R38 ALLIANCE AGRISTAR II 70 150D STUBBLE GUARD TL,ALLIANCE,520/70R38,Rolnicze,Ciągnik
280/70R16 ALLIANCE AGRISTAR II 112D TL,ALLIANCE,280/70R16,Rolnicze,Ciągnik
420/70R28 ALLIANCE AGRISTAR II 70 133D STUBBLE GUARD TL,ALLIANCE,420/70R28,Rolnicze,Ciągnik
380/70R24 ALLIANCE AGRISTAR II 70 125D STUBBLE GUARD TL,ALLIANCE,380/70R24,Rolnicze,Ciągnik
280/70R18 ALLIANCE AGRISTAR II 70 114D STUBBLE GUARD TL,ALLIANCE,280/70R18,Rolnicze,Ciągnik
650/65R38 ALLIANCE AGRISTAR II 157D TL,ALLIANCE,650/65R38,Rolnicze,Ciągnik
540/65R30 ALLIANCE AGRISTAR II 150D TL,ALLIANCE,540/65R30,Rolnicze,Ciągnik
320/65R16 ALLIANCE AGRISTAR II 117D TL,ALLIANCE,320/65R16,Rolnicze,Ciągnik
600/65R38 ALLIANCE AGRI STAR II 159D STUBBLE GUARD TL,ALLIANCE,600/65R38,Rolnicze,Ciągnik
420/65R20 ALLIANCE AGRISTAR II 135D STUBBLE GUARD TL,ALLIANCE,420/65R20,Rolnicze,Ciągnik
420/65R24 ALLIANCE AGRI STAR II 138D STUBBLE GUARD TL,ALLIANCE,420/65R24,Rolnicze,Ciągnik
600/65R34 ALLIANCE AGRI STAR II 157D STUBBLE GUARD TL,ALLIANCE,600/65R34,Rolnicze,Ciągnik
440/65R24 ALLIANCE AGRISTAR II 135D TL,ALLIANCE,440/65R24,Rolnicze,Ciągnik
540/65R34 ALLIANCE AGRISTAR II 145D TL,ALLIANCE,540/65R34,Rolnicze,Ciągnik
480/65R24 ALLIANCE AGRI STAR II 140D STUBBLE GUARD TL,ALLIANCE,480/65R24,Rolnicze,Ciągnik
480/65R28 ALLIANCE AGRISTAR II 142D STUBBLE GUARD TL,ALLIANCE,480/65R28,Rolnicze,Ciągnik
540/65R24 ALLIANCE AGRI STAR II 146D STUBBLE GUARD TL,ALLIANCE,540/65R24,Rolnicze,Ciągnik
650/65R42 ALLIANCE AGRISTAR II 158D TL,ALLIANCE,650/65R42,Rolnicze,Ciągnik
540/65R34 ALLIANCE AGRI STAR II 152D STUBBLE GUARD TL,ALLIANCE,540/65R34,Rolnicze,Ciągnik
540/65R38 ALLIANCE AGRI STAR II 153D STUBBLE GUARD TL,ALLIANCE,540/65R38,Rolnicze,Ciągnik
600/65R28 ALLIANCE AGRISTAR II 154D TL,ALLIANCE,600/65R28,Rolnicze,Ciągnik
650/65R38 ALLIANCE AGRISTAR II 171D STUBBLE GUARD TL,ALLIANCE,650/65R38,Rolnicze,Ciągnik
650/65R42 ALLIANCE AGRI STAR II 170D STUBBLE GUARD TL,ALLIANCE,650/65R42,Rolnicze,Ciągnik
540/65R28 ALLIANCE AGRISTAR II 149D STUBBLE GUARD TL,ALLIANCE,540/65R28,Rolnicze,Ciągnik
230/95R42 ALLIANCE AGRISTAR II RC 133D/130E TL,ALLIANCE,9.5R42,Rolnicze,Ciągnik
380/105R50 ALLIANCE AGRISTAR II RC 168D/165E TL,ALLIANCE,380/105R50,Rolnicze,Ciągnik
8.3R32 ALLIANCE AGRISTAR II RC 117D/114E TL,ALLIANCE,8.3R32,Rolnicze,Ciągnik
11.2R36 ALLIANCE AGRISTAR II RC 139D/136E TL,ALLIANCE,11.2R36,Rolnicze,Ciągnik
340/85R46 ALLIANCE AGRISTAR II RC 150D/147E TL,ALLIANCE,13.6R46,Rolnicze,Ciągnik
11.2R44 ALLIANCE AGRISTAR II RC 142D/139E TL,ALLIANCE,11.2R44,Rolnicze,Ciągnik
230/95R48 ALLIANCE AGRISTAR II RC 136D/133E TL,ALLIANCE,230/95R48,Rolnicze,Ciągnik
270/95R42 ALLIANCE AGRISTAR II RC 140D/137E TL,ALLIANCE,11.2R42,Rolnicze,Ciągnik
340/85R48 ALLIANCE AGRISTAR II RC 156D/153E TL,ALLIANCE,13.6R48,Rolnicze,Ciągnik
230/95R44 ALLIANCE AGRISTAR II ROW CROP 134D/131E TL,ALLIANCE,9.5R44,Rolnicze,Ciągnik
270/95R32 ALLIANCE AGRISTAR II RC 136D/133E TL,ALLIANCE,11.2R32,Rolnicze,Ciągnik
9.5R32 ALLIANCE AGRISTAR II RC 128D/125E TL,ALLIANCE,9.5R32,Rolnicze,Ciągnik
385/65R22.5 MICHELIN X MULTI Z+ AS 160K 3PMSF M+S,MICHELIN,385/65R22.5,Ciężarowe,Oś kierowana
600/65R28 MICHELIN MACHXBIB 154D/150E TL,MICHELIN,600/65R28,Rolnicze,Uniwersalne/pozostałe
15.5/80-24 ALLIANCE AGRI NOVA 157A8 12PR TL,ALLIANCE,15.5/80-24,Przemysłowe,Uniwersalne/pozostałe
15.5/80-24 ALLIANCE AGRI NOVA 163A8 16PR TL,ALLIANCE,15.5/80-24,Przemysłowe,Uniwersalne/pozostałe
13.6-24 ALLIANCE AGRI NOVA 123A8 8PR TT,ALLIANCE,13.6-24,Rolnicze,Ciągnik
8.3-24 ALLIANCE AGRI NOVA 105A8 8PR TT,ALLIANCE,8.3-24,Rolnicze,Ciągnik
14.9-28 ALLIANCE AGRI NOVA 130A8 TL,ALLIANCE,14.9-28,Rolnicze,Ciągnik
18.4-34 ALLIANCE AGRI NOVA 142A8 8PR TT,ALLIANCE,18.4-34,Rolnicze,Ciągnik
18.4-34 ALLIANCE AGRI NOVA 153A8 14PR TT,ALLIANCE,18.4-34,Rolnicze,Ciągnik
5.00-12 ALLIANCE AGRI NOVA 72A6 6PR TT,ALLIANCE,5.00-12,Rolnicze,Ciągnik
9.5-22 ALLIANCE AGRI NOVA 8PPR/106A8 TL,ALLIANCE,9.5-22,Rolnicze,Ciągnik
6.5/80-15 ALLIANCE AGRI NOVA 98A6 6PR TT,ALLIANCE,6.5/80-15,Rolnicze,Ciągnik
8.25-16 ALLIANCE AGRI NOVA 98A6 6PR TT,ALLIANCE,8.25-16,Rolnicze,Ciągnik
16.9-28 ALLIANCE AGRI NOVA 135A8 8PR TT,ALLIANCE,16.9-28,Rolnicze,Ciągnik
13.6-24 ALLIANCE AGRI NOVA 130A8 12PR TT,ALLIANCE,13.6-24,Rolnicze,Ciągnik
15.5-38 ALLIANCE AGRI NOVA 141A8 12PR TT,ALLIANCE,15.5-38,Rolnicze,Ciągnik
340/80R18 MICHELIN BIBLOAD 143A8/143B TL,MICHELIN,340/80R18,Przemysłowe,Koparka
265/70R19.5 PIRELLI R02 PROFUEL STEER 140/138M FRONT,PIRELLI,265/70R19.5,Ciężarowe,Oś kierowana
16.9R24 FIRESTONE PERFORMER 85 142A8/142B TL,FIRESTONE,16.9R24,Rolnicze,Ciągnik
265/70R17.5 PIRELLI R02 PROFUEL DRIVE 140/138M 3PMSF M+S DRIVE,PIRELLI,265/70R17.5,Ciężarowe,Oś napędowa
265/70R17.5 PIRELLI R02 PROFUEL STEER 140/138M M+S FRONT,PIRELLI,265/70R17.5,Ciężarowe,Oś kierowana
26.5R25 TRELLEBORG EMR 1030 209A2/193B TL,TRELLEBORG,26.5R25,Przemysłowe,Maszyny górnicze
23.5R25 TRELLEBORG EMR 1050 201A2 TL,TRELLEBORG,23.5R25,Przemysłowe,Maszyny górnicze
23.5R25 TRELLEBORG EMR 1030 201A2/185B TL,TRELLEBORG,23.5R25,Przemysłowe,Maszyny górnicze
12.4R32 MITAS AC85 145A8/145B TL,MITAS,12.4R32,Rolnicze,Ciągnik
500/85R24 MITAS SFT 171A8/158A8 TL,MITAS,500/85R24,Rolnicze,Ciągnik
13.6R48 MITAS AC85 154A8/154B TL,MITAS,13.6R48,Rolnicze,Ciągnik
18.4R34 MITAS AC85 147A8/147B TL,MITAS,18.4R34,Rolnicze,Ciągnik
20.8R38 MITAS AC85 155A8/155B TL,MITAS,20.8R38,Rolnicze,Ciągnik
20.8R38 MITAS AC85 155A8/155B TL,MITAS,20.8R38,Rolnicze,Ciągnik
710/70R38 MITAS AC65 166D/169A8 TL,MITAS,710/70R38,Rolnicze,Ciągnik
710/70R38 MITAS AC65 166D/169A8 TL,MITAS,710/70R38,Rolnicze,Ciągnik
650/65R38 MITAS AC 65 157D/160A8 TL,MITAS,650/65R38,Rolnicze,Ciągnik
360/70R24 MITAS HC70 122D/125A8 TL,MITAS,360/70R24,Rolnicze,Ciągnik
600/70R28 MITAS SFT 161D TL,MITAS,600/70R28,Rolnicze,Ciągnik
540/65R38 MITAS AC 65 147D/150A8 TL,MITAS,540/65R38,Rolnicze,Ciągnik
540/65R34 MITAS AC65 145D/148A8 TL,MITAS,540/65R34,Rolnicze,Ciągnik
540/65R28 MITAS AC65 142D/145A8 TL,MITAS,540/65R28,Rolnicze,Ciągnik
480/65R28 MITAS AC 65 136D/139A8 TL,MITAS,480/65R28,Rolnicze,Ciągnik
480/65R24 MITAS AC 65 133D/136A8 TL,MITAS,480/65R24,Rolnicze,Ciągnik
380/70R24 MITAS AC70 G 125A8/125B TL,MITAS,380/70R24,Rolnicze,Ciągnik
480/70R34 MITAS AC70T 143A8/143B TL,MITAS,480/70R34,Rolnicze,Ciągnik
420/70R28 MITAS AC70T 133A8/133B TL,MITAS,420/70R28,Rolnicze,Ciągnik
380/70R28 MITAS AC 70 127A8/127B TL,MITAS,380/70R28,Rolnicze,Ciągnik
420/70R24 MITAS AC70T 130A8/130B TL,MITAS,420/70R24,Rolnicze,Ciągnik
380/70R24 MITAS AC70T 125A8/125B TL,MITAS,380/70R24,Rolnicze,Ciągnik
360/70R24 MITAS AC70T 122A8/122B TL,MITAS,360/70R24,Rolnicze,Ciągnik
540/65R30 MITAS AC65 153A8/150D TL,MITAS,540/65R30,Rolnicze,Ciągnik
13.6R38 MITAS AC85 133A8/133B TL,MITAS,13.6R38,Rolnicze,Ciągnik
650/65R42 MITAS AC 65 165D/168A8 TL,MITAS,650/65R42,Rolnicze,Ciągnik
12.4R28 MITAS AC85 124A8/121B TL,MITAS,12.4R28,Rolnicze,Ciągnik
11.2R28 MITAS AC85 118A8 TL,MITAS,11.2R28,Rolnicze,Ciągnik
16.9R38 MITAS AC85 144A8/144B TL,MITAS,16.9R38,Rolnicze,Ciągnik
480/70R28 MITAS AC70T 140A8/140B TL,MITAS,480/70R28,Rolnicze,Ciągnik
16.9R28 MITAS AC85 139A8/136B TL,MITAS,16.9R28,Rolnicze,Ciągnik
480/70R24 MITAS AC70 G 138A8/138B TL,MITAS,480/70R24,Rolnicze,Ciągnik
13.6R28 MITAS AC85 127A8/124B TL,MITAS,13.6R28,Rolnicze,Ciągnik
16.9R24 MITAS AC85 137A8/137B TL,MITAS,16.9R24,Rolnicze,Ciągnik
14.9R24 MITAS AC85 131A8/128B TL,MITAS,14.9R24,Rolnicze,Ciągnik
12.4R24 MITAS AC85 122A8/119B TL,MITAS,12.4R24,Rolnicze,Ciągnik
11.2R24 MITAS AC85 115A8/115B TL,MITAS,11.2R24,Rolnicze,Ciągnik
14.9R34 MITAS AC85 146A8/146B TL,MITAS,14.9R34,Rolnicze,Ciągnik
600/65R28 MITAS AC 65 147D/150A8 TL,MITAS,600/65R28,Rolnicze,Ciągnik
14.9R28 MITAS AC85 133A8/130B TL,MITAS,14.9R28,Rolnicze,Ciągnik
14.9R46 MITAS AC85 159A8/159B TL,MITAS,14.9R46,Rolnicze,Ciągnik
270/80R36 MITAS AC90 134A8/131B TL,MITAS,270/80R36,Rolnicze,Ciągnik
12.4R32 MITAS AC85 142A8/142B TL,MITAS,12.4R32,Rolnicze,Ciągnik
270/80R32 MITAS AC 90 131A8/128B TL,MITAS,270/80R32,Rolnicze,Ciągnik
600/65R38 CULTOR RD03 153D/156A8 TL,CULTOR,600/65R38,Rolnicze,Ciągnik
540/65R34 CULTOR RD03 145D/148A8 TL,CULTOR,540/65R34,Rolnicze,Ciągnik
600/65R28 CULTOR RD03 147D/150A8 TL,CULTOR,600/65R28,Rolnicze,Ciągnik
540/65R28 CULTOR RD03 142D8/145A8 TL,CULTOR,540/65R28,Rolnicze,Ciągnik
440/65R28 CULTOR RD03 131D/134A8 TL,CULTOR,440/65R28,Rolnicze,Ciągnik
420/65R24 CULTOR RD03 126D/129A8 TL,CULTOR,420/65R24,Rolnicze,Ciągnik
580/70R38 CULTOR RD-02 155A8 TL,CULTOR,580/70R38,Rolnicze,Ciągnik
320/70R24 CULTOR RD-02 116A8 TL,CULTOR,320/70R24,Rolnicze,Ciągnik
480/70R38 CULTOR RD-02 145A8/145B TL,CULTOR,480/70R38,Rolnicze,Ciągnik
480/70R30 CULTOR RD-02 141A8/141B TL,CULTOR,480/70R30,Rolnicze,Ciągnik
420/70R28 CULTOR RD-02 133A8/133B TL,CULTOR,420/70R28,Rolnicze,Ciągnik
380/70R28 CULTOR RD-02 127A8/127B TL,CULTOR,380/70R28,Rolnicze,Ciągnik
380/70R24 CULTOR RD-02 125A8/125B TL,CULTOR,380/70R24,Rolnicze,Ciągnik
18.4R34 CULTOR RD01 147A8/144B TL,CULTOR,18.4R34,Rolnicze,Ciągnik
12.4R32 CULTOR RD01 142A8/142B TL,CULTOR,12.4R32,Rolnicze,Ciągnik
11.2R28 CULTOR RD01 118A8/115B TL,CULTOR,11.2R28,Rolnicze,Ciągnik
650/55R26.5 MITAS AGRITERRA 02 169D TL,MITAS,650/55R26.5,Rolnicze,Przyczepa
600/50R22.5 MITAS AGRITERRA 02 163D TL,MITAS,600/50R22.5,Rolnicze,Przyczepa
19.5R24 MITAS EM-01 164A8 TL,MITAS,19.5R24,Przemysłowe,Ładowarka
355/60R18 MITAS MPT AR-05 142J TL,MITAS,355/60R18,Rolnicze,Uniwersalne/pozostałe
445/65R22.5 MITAS AC70+ 160G TL,MITAS,445/65R22.5,Rolnicze,Ciągnik
405/70R20 MITAS MPT21 152J TL,MITAS,405/70R20,Przemysłowe,Uniwersalne/pozostałe
14.5R20 MITAS MPT20 152K TL,MITAS,14.5R20,Przemysłowe,Uniwersalne/pozostałe
14.5R20 MITAS MPT21 152J TL,MITAS,14.5R20,Przemysłowe,Uniwersalne/pozostałe
12.5R20 MITAS MPT-21 139J TL,MITAS,12.5R20,Przemysłowe,Ładowarka
385/65R22.5 MITAS AR01 161F TL,MITAS,385/65R22.5,Rolnicze,Przyczepa
405/70R20 MITAS EM01 143B TL,MITAS,405/70R20,Przemysłowe,Maszyny górnicze
12.5R18 MITAS EM-02 132G TL,MITAS,12.5R18,Przemysłowe,Maszyny górnicze
12.5R20 MITAS MPT20 147K TL,MITAS,12.5R20,Przemysłowe,Uniwersalne/pozostałe
12.5R20 MITAS EM01 136B TL,MITAS,12.5R20,Przemysłowe,Maszyny górnicze
12.5R18 MITAS EM-02 139B TL,MITAS,12.5R18,Przemysłowe,Maszyny górnicze
14.5R20 MITAS EM01 141B TL,MITAS,14.5R20,Przemysłowe,Maszyny górnicze
365/70R18 MITAS EM01 135B TL,MITAS,365/70R18,Przemysłowe,Maszyny górnicze
405/70R18 MITAS EM01 156B TL,MITAS,405/70R18,Przemysłowe,Maszyny górnicze
13/80R20 MITAS COMPACTOR 164A3 TT,MITAS,13/80R20,Przemysłowe,Kompaktor
600/50R22.5 ALLIANCE 398 MPT 164J TL,ALLIANCE,600/50R22.5,Rolnicze,Ciągnik
445/65R22.5 ALLIANCE 398 MPT 160J TL,ALLIANCE,445/65R22.5,Rolnicze,Ciągnik
600/50R22.5 ALLIANCE 390 162D/159E TL,ALLIANCE,600/50R22.5,Rolnicze,Ciągnik
500/45R22.5 ALLIANCE 390 154F TL,ALLIANCE,500/45R22.5,Rolnicze,Ciągnik
315/80R22.5 MICHELIN X MULTI ENERGY D2 156/150L 3PMSF M+S DRIVE,MICHELIN,315/80R22.5,Ciężarowe,Oś napędowa
VF500/60R22.5 ALLIANCE AGRIFLEX 389 + 160D TL,ALLIANCE,500/60R22.5,Rolnicze,Przyczepa
VF600/55R26.5 ALLIANCE AGRIFLEX 389 + XT 170D TL,ALLIANCE,600/55R26.5,Rolnicze,Przyczepa
VF750/60R30.5 ALLIANCE AGRIFLEX 389 + XT 187D TL,ALLIANCE,750/60R30.5,Rolnicze,Przyczepa
VF850/50R30.5 ALLIANCE AGRIFLEX 389 + XT 188D TL,ALLIANCE,850/50R30.5,Rolnicze,Przyczepa
16.9R46 ALLIANCE 385 162A8/159D TL,ALLIANCE,16.9R46,Rolnicze,Kombajn
620/50R22.5 ALLIANCE 381 161D TL,ALLIANCE,620/50R22.5,Rolnicze,Przyczepa
620/40R22.5 ALLIANCE FLOTMASTER 381 148D TL,ALLIANCE,620/40R22.5,Rolnicze,Przyczepa
500/50R17 ALLIANCE 381 149D TL,ALLIANCE,500/50R17,Rolnicze,Przyczepa
500/50R17 ALLIANCE FLOTMASTER 381 146D SB TL,ALLIANCE,500/50R17,Rolnicze,Przyczepa
11.00-20 GALAXY SMOOTH COMPACTOR 18PR TT,GALAXY,11.00-20,Przemysłowe,Kompaktor
650/60R26.5 ALLIANCE 380 173D SB TL,ALLIANCE,650/60R26.5,Rolnicze,Przyczepa
600/55R22.5 ALLIANCE 380 165D/162E TL,ALLIANCE,600/55R22.5,Rolnicze,Przyczepa
600/50R22.5 ALLIANCE 380 168D SB TL,ALLIANCE,600/50R22.5,Rolnicze,Przyczepa
550/45R22.5 ALLIANCE 380 151E TL,ALLIANCE,550/45R22.5,Rolnicze,Przyczepa
VF1000/50R25 ALLIANCE AGRIFLEX 377 + XT 184D TL,ALLIANCE,1000/50R25,Rolnicze,Kombajn
295/60R22.5 PIRELLI FH:01 150/147L FRONT,PIRELLI,295/60R22.5,Ciężarowe,Oś kierowana
900/60R32 ALLIANCE 376 MULTISTAR 191D TL,ALLIANCE,900/60R32,Rolnicze,Ciągnik
20.8R46 ALLIANCE 375 173A8 TL,ALLIANCE,20.8R46,Rolnicze,Kombajn
1050/50R32 ALLIANCE 375 180A8 TL,ALLIANCE,1050/50R32,Rolnicze,Kombajn
1000/50R25 ALLIANCE 375 172A8/166D TL,ALLIANCE,1000/50R25,Rolnicze,Kombajn
710/75R34 ALLIANCE 375 178A8/178B TL,ALLIANCE,710/75R34,Rolnicze,Kombajn
620/75R26 ALLIANCE 375 166A8/166B TL,ALLIANCE,620/75R26,Rolnicze,Kombajn
VF710/70R42 ALLIANCE AGRIFLEX 373 + STUBBLE GUARD 188D TL,ALLIANCE,710/70R42,Rolnicze,Ciągnik
VF480/70R28 ALLIANCE AGRIFLEX 373 + STUBBLE GUARD 160D TL,ALLIANCE,480/70R28,Rolnicze,Ciągnik
420/70R24 ALLIANCE 373 VIBROFARM 146D TL,ALLIANCE,420/70R24,Rolnicze,Ciągnik
VF600/70R30 ALLIANCE AGRIFLEX 373 + 174D TL,ALLIANCE,600/70R30,Leśne,Uniwersalne/pozostałe
VF540/65R28 ALLIANCE AGRIFLEX 373 + 163D TL,ALLIANCE,540/65R28,Rolnicze,Ciągnik
VF600/65R38 ALLIANCE AGRIFLEX 373 + 174D TL,ALLIANCE,600/65R38,Rolnicze,Ciągnik
VF650/65R34 ALLIANCE AGRIFLEX 373 + 176D TL,ALLIANCE,650/65R34,Rolnicze,Ciągnik
VF800/70R38 ALLIANCE 372 190A8 TL,ALLIANCE,800/70R38,Rolnicze,Kombajn
VF650/85R42 ALLIANCE AGRIFLEX 372 + 183D TL,ALLIANCE,650/85R42,Rolnicze,Kombajn
VF900/60R32 ALLIANCE AGRIFLEX 372 + 170D TL,ALLIANCE,900/60R32,Rolnicze,Kombajn
VF710/85R38 CFO ALLIANCE AGRIFLEX 372+ 183D SB TL,ALLIANCE,710/85R38,Rolnicze,Kombajn
VF650/75R38 ALLIANCE AGRIFLEX 372 + 175D TL,ALLIANCE,650/75R38,Rolnicze,Kombajn
VF650/60R34 ALLIANCE AGRIFLEX 372 + 168D TL,ALLIANCE,650/60R34,Rolnicze,Kombajn
VF540/65R30 ALLIANCE AGRIFLEX 372 + 161D TL,ALLIANCE,540/65R30,Rolnicze,Kombajn
VF650/65R38 ALLIANCE AGRIFLEX 372 + 169D TL,ALLIANCE,650/65R38,Rolnicze,Kombajn
VF710/70R38 ALLIANCE AGRIFLEX 372 + 178D TL,ALLIANCE,710/70R38,Rolnicze,Kombajn
VF800/70R32 ALLIANCE AGRIFLEX 372 + 185A8 TL,ALLIANCE,800/70R32,Rolnicze,Kombajn
IF800/70R32 ALLIANCE 372 182A8 TL,ALLIANCE,800/70R32,Rolnicze,Kombajn
VF600/70R28 ALLIANCE 372 STUBBLE GUARD 173D TL,ALLIANCE,600/70R28,Rolnicze,Kombajn
VF710/70R42 ALLIANCE AGRIFLEX 372 + 185D TL,ALLIANCE,710/70R42,Rolnicze,Kombajn
VF710/70R38 ALLIANCE AGRIFLEX 372 + 181D TL,ALLIANCE,710/70R38,Rolnicze,Kombajn
VF650/65R42 ALLIANCE 372 174D TL,ALLIANCE,650/65R42,Rolnicze,Kombajn
580/70R42 ALLIANCE 370 158A8/158B TL,ALLIANCE,580/70R42,Rolnicze,Ciągnik
520/70-34 ALLIANCE 370 154A8/151B,ALLIANCE,520/70-34,Leśne,Uniwersalne/pozostałe
420/70-28 ALLIANCE AGRO FORESTRY 370 147A2/140A8 14PR SB TL,ALLIANCE,420/70-28,Leśne,Uniwersalne/pozostałe
380/70-28 ALLIANCE 370 138A8/134B,ALLIANCE,380/70-28,Leśne,Uniwersalne/pozostałe
600/65R30 ALLIANCE 365 AGRISTAR 149D TL,ALLIANCE,600/65R30,Rolnicze,Ciągnik
540/65R30 ALLIANCE 365 AGRISTAR 150D/153A8 TL,ALLIANCE,540/65R30,Rolnicze,Ciągnik
440/65R28 ALLIANCE 365 AGRISTAR 138D/141A8 TL,ALLIANCE,440/65R28,Rolnicze,Ciągnik
VF320/90R50 ALLIANCE AGRIFLEX 363 + XT 166D TL,ALLIANCE,320/90R50,Rolnicze,Ciągnik
23.5R25 GALAXY LDSR 500 201A2 TL,GALAXY,23.5R25,Przemysłowe,Maszyny górnicze
20.5R25 GALAXY LDSR 500 193A2 TL,GALAXY,20.5R25,Przemysłowe,Maszyny górnicze
205/75R17.5 FALKEN BI856 DRIVE 124M 3PMSF M+S DRIVE,FALKEN,205/75R17.5,Ciężarowe,Oś napędowa
620/70R42 ALLIANCE 360 173A8/170B TL,ALLIANCE,620/70R42,Rolnicze,Kombajn
620/70R42 ALLIANCE 360 FORESTRY 166A8/163B TL,ALLIANCE,620/70R42,Rolnicze,Kombajn
800/65R32 ALLIANCE 360 181A8/178B TL,ALLIANCE,800/65R32,Rolnicze,Kombajn
800/65R32 ALLIANCE 360 181A8/178B TL,ALLIANCE,800/65R32,Rolnicze,Kombajn
800/65R32 ALLIANCE 360 FORESTRY 173A8/170B TL,ALLIANCE,800/65R32,Rolnicze,Kombajn
650/75R32 ALLIANCE 360 FORESTRY 172D/175A8 TL,ALLIANCE,650/75R32,Rolnicze,Kombajn
315/60R22.5 MICHELIN RMXE MULTIWAY XD REMIX 152/148L DRIVE,MICHELIN RMXE,315/60R22.5,Ciężarowe,Oś napędowa
600/65-28 ALLIANCE 360 FORESTRY 154A8/161A2,ALLIANCE,600/65-28,Leśne,Uniwersalne/pozostałe
600/65R28 ALLIANCE 360 FORESTRY 154D TL,ALLIANCE,600/65R28,Leśne,Uniwersalne/pozostałe
28R26 ALLIANCE 360 FORESTRY 173A8/170B TL,ALLIANCE,28R26,Rolnicze,Kombajn
28R26 ALLIANCE 360 FORESTRY 166A8/163B TL,ALLIANCE,28R26,Rolnicze,Kombajn
750/65R26 ALLIANCE 360 FORESTRY 158A8/155B TL,ALLIANCE,750/65R26,Rolnicze,Kombajn
480/65-24 ALLIANCE 360 FORESTRY 140A8 TL,ALLIANCE,480/65-24,Leśne,Uniwersalne/pozostałe
315/70R22.5 FALKEN RI151A 150L/150M 3PMSF M+S,FALKEN,315/70R22.5,Ciężarowe,Oś kierowana
13.6-24 ALLIANCE 356 128A8/136A2 TL,ALLIANCE,13.6-24,Leśne,Uniwersalne/pozostałe
VF420/80R46 ALLIANCE AGRIFLEX 354 + 172D TL,ALLIANCE,420/80R46,Rolnicze,Ciągnik
IF380/85R46 ALLIANCE AGRIFLEX 354 + 162D TL,ALLIANCE,380/85R46,Rolnicze,Ciągnik
IF320/105R46 ALLIANCE 354 166D TL,ALLIANCE,320/105R46,Rolnicze,Ciągnik
VF320/90R54 ALLIANCE AGRIFLEX 354 + 168D TL,ALLIANCE,320/90R54,Rolnicze,Ciągnik
315/80R22.5 FALKEN RI151 156/150L FRONT,FALKEN,315/80R22.5,Ciężarowe,Oś kierowana
385/55R22.5 FALKEN RI128 160K/158L M+S,FALKEN,385/55R22.5,Ciężarowe,Oś kierowana
14.9R50 ALLIANCE 350 161A8/158D TL,ALLIANCE,14.9R50,Rolnicze,Ciągnik
12.4R54 ALLIANCE 350 151D/154A8 TL,ALLIANCE,12.4R54,Rolnicze,Ciągnik
320/90R50 ALLIANCE 350 153A8/150D TL,ALLIANCE,320/90R50,Rolnicze,Ciągnik
300/95R52 ALLIANCE 350 149D/152A8 TL,ALLIANCE,300/95R52,Rolnicze,Ciągnik
12.4R52 ALLIANCE 350 159A8/156D TL,ALLIANCE,12.4R52,Rolnicze,Ciągnik
12.4R52 ALLIANCE 350 148D/151A8 TL,ALLIANCE,12.4R52,Rolnicze,Ciągnik
11.2R46 ALLIANCE 350 144A8/141D TL,ALLIANCE,11.2R46,Rolnicze,Ciągnik
13.6R48 ALLIANCE 350 156D/159A8 TL,ALLIANCE,13.6R48,Rolnicze,Ciągnik
13.6R48 ALLIANCE 350 151D/154A8 TL,ALLIANCE,13.6R48,Rolnicze,Ciągnik
13.6R48 ALLIANCE 350 151D/154A8 TL,ALLIANCE,13.6R48,Rolnicze,Ciągnik
9.5R48 ALLIANCE 350 136D/139A8 TL,ALLIANCE,9.5R48,Rolnicze,Ciągnik
12.4R46 ALLIANCE 350 148D/151A8 TL,ALLIANCE,12.4R46,Rolnicze,Ciągnik
8.3R36 ALLIANCE 350 118D TL,ALLIANCE,8.3R36,Rolnicze,Ciągnik
230/95R44 ALLIANCE 350 137A8/134D TL,ALLIANCE,9.5R44,Rolnicze,Ciągnik
210/95R32 ALLIANCE 350 119A8/116D TL,ALLIANCE,8.3R32,Rolnicze,Ciągnik
230/95R36 ALLIANCE 350 130D/133A8 TL,ALLIANCE,9.5R36,Rolnicze,Ciągnik
270/95R38 ALLIANCE 350 140A8/137D TL,ALLIANCE,11.2R38,Rolnicze,Ciągnik
270/95R36 ALLIANCE 350 139A8/136D TL,ALLIANCE,11.2R36,Rolnicze,Ciągnik
12.4R46 ALLIANCE 350 148D/151A8 TL,ALLIANCE,12.4R46,Rolnicze,Ciągnik
11.2R44 ALLIANCE 350 145A8/142D TL,ALLIANCE,11.2R44,Rolnicze,Ciągnik
14.00-24 GALAXY SUPER TRAC 28PR TT,GALAXY,14.00-24,Przemysłowe,Maszyny górnicze
20.8-38 ALLIANCE 347 14PR TT,ALLIANCE,20.8-38,Rolnicze,Ciągnik
18.4-38 ALLIANCE 347 14PR TT,ALLIANCE,18.4-38,Rolnicze,Ciągnik
23.1-26 ALLIANCE 347 16PR TL,ALLIANCE,23.1-26,Rolnicze,Ciągnik
23.1-26 ALLIANCE 347 159A8 16PR TT,ALLIANCE,23.1-26,Rolnicze,Ciągnik
18.4-30 ALLIANCE 345 FORESTAR 153A6,ALLIANCE,18.4-30,Leśne,Forwarder/Harwester
16.9-30 ALLIANCE 345 FORESTAR 150A6 TT,ALLIANCE,16.9-30,Leśne,Forwarder/Harwester
28L-26 ALLIANCE 345 FORESTAR 20PR,ALLIANCE,28L-26,Leśne,Forwarder/Harwester
23.1-26 ALLIANCE 345 FORESTAR 16PR TL,ALLIANCE,23.1-26,Leśne,Forwarder/Harwester
13R22.5 MICHELIN X WORKS Z 156/150K 3PMSF,MICHELIN,13R22.5,Ciężarowe,Oś napędowa
710/45-26.5 ALLIANCE 344 FORESTRY 20PR TL,ALLIANCE,710/45-26.5,Leśne,Forwarder/Harwester
710/40-22.5 ALLIANCE 344 FORESTRY 16PR TL,ALLIANCE,710/40-22.5,Leśne,Uniwersalne/pozostałe
580/70R38 FIRESTONE PERFORMER 70 155D/152E TL,FIRESTONE,580/70R38,Rolnicze,Ciągnik
520/70R38 FIRESTONE PERFORMER 70 150D/147E TL,FIRESTONE,520/70R38,Rolnicze,Ciągnik
480/70R38 FIRESTONE PERFORMER 70 145/142D TL,FIRESTONE,480/70R38,Rolnicze,Ciągnik
520/70R34 FIRESTONE PERFORMER 70 148D/145E TL,FIRESTONE,520/70R34,Rolnicze,Ciągnik
480/70R34 FIRESTONE PERFORMER 70 143D TL,FIRESTONE,480/70R34,Rolnicze,Ciągnik
480/70R28 FIRESTONE PERFORMER 70 140D/137E TL,FIRESTONE,480/70R28,Rolnicze,Ciągnik
420/70R28 FIRESTONE PERFORMER 70 133D/130E TL,FIRESTONE,420/70R28,Rolnicze,Ciągnik
380/70R28 FIRESTONE PERFORMER 70 127D TL,FIRESTONE,380/70R28,Rolnicze,Ciągnik
480/70R24 FIRESTONE PERFORMER 70 138D/135E TL,FIRESTONE,480/70R24,Rolnicze,Ciągnik
380/70R24 FIRESTONE PERFORMER 70 125D/122E TL,FIRESTONE,380/70R24,Rolnicze,Ciągnik
360/70R24 FIRESTONE PERFORMER 70 122D/119E TL,FIRESTONE,360/70R24,Rolnicze,Ciągnik
445/65R22.5 FALKEN GI378 169K 3PMSF M+S FRONT,FALKEN,445/65R22.5,Ciężarowe,Oś kierowana
265/70R17.5 FALKEN RI151 140/138M M+S FRONT,FALKEN,265/70R17.5,Ciężarowe,Oś kierowana
385/65R22.5 FALKEN RI151 164K 3PMSF M+S,FALKEN,385/65R22.5,Ciężarowe,Oś kierowana
205/75R17.5 FALKEN RI151 124M/122M 3PMSF M+S,FALKEN,205/75R17.5,Ciężarowe,Oś kierowana
385/65R22.5 FALKEN RI128 160K/158L M+S,FALKEN,385/65R22.5,Ciężarowe,Oś kierowana
245/70R17.5 FALKEN RI151 136/134M 3PMSF M+S FRONT,FALKEN,245/70R17.5,Ciężarowe,Oś kierowana
315/60R22.5 FALKEN RI151 154/148L 3PMSF M+S,FALKEN,315/60R22.5,Ciężarowe,Oś kierowana
295/80R22.5 FALKEN RI151 154M/149M M+S FRONT,FALKEN,295/80R22.5,Ciężarowe,Oś kierowana
315/60R22.5 FALKEN BI856 DRIVE 152/148L 3PMSF DRIVE,FALKEN,315/60R22.5,Ciężarowe,Oś napędowa
265/70R19.5 FALKEN BI856 DRIVE 140/138M M+S DRIVE,FALKEN,265/70R19.5,Ciężarowe,Oś napędowa
315/70R22.5 FALKEN BI856 DRIVE 154/150L 3PMSF M+S DRIVE,FALKEN,315/70R22.5,Ciężarowe,Oś napędowa
315/80R22.5 FALKEN BI856 DRIVE 156L M+S DRIVE,FALKEN,315/80R22.5,Ciężarowe,Oś napędowa
265/70R17.5 FALKEN BI856 DRIVE 140/138M M+S DRIVE,FALKEN,265/70R17.5,Ciężarowe,Oś napędowa
295/60R22.5 FALKEN BI856 DRIVE 150/147L 3PMSF M+S DRIVE,FALKEN,295/60R22.5,Ciężarowe,Oś napędowa
245/70R17.5 FALKEN BI856 DRIVE 136/134M M+S DRIVE,FALKEN,245/70R17.5,Ciężarowe,Oś napędowa
265/70R19.5 FALKEN RI151 140/138M M+S FRONT,FALKEN,265/70R19.5,Ciężarowe,Oś kierowana
285/70R19.5 FALKEN RI151 146/144M M+S FRONT,FALKEN,285/70R19.5,Ciężarowe,Oś kierowana
385/55R22.5 FALKEN RI151 160K/158L M+S,FALKEN,385/55R22.5,Ciężarowe,Oś kierowana
385/65R22.5 FALKEN RI151 160K/158L M+S,FALKEN,385/65R22.5,Ciężarowe,Oś kierowana
13.6-24 ALLIANCE AF 333 128A8/125B TL,ALLIANCE,13.6-24,Rolnicze,Ciągnik
20.8-42 ALLIANCE 333 AGRO-FORESTRY 162A8/159B TL,ALLIANCE,20.8-42,Leśne,Forwarder/Harwester
20.8-38 ALLIANCE 333 AGRO-FORESTRY 164A8/160B TL,ALLIANCE,20.8-38,Leśne,Uniwersalne/pozostałe
460/85-38 ALLIANCE AGRO FORESTRY 333 154A8/151B 14PR SB TL,ALLIANCE,18.4-38,Leśne,Forwarder/Harwester
16.9R38 ALLIANCE 333 AGRO-FORESTRY 149A8/146B TL,ALLIANCE,16.9R38,Leśne,Uniwersalne/pozostałe
16.9-34 ALLIANCE AF-333 147A8 TL,ALLIANCE,16.9-34,Leśne,Uniwersalne/pozostałe
18.4R30 ALLIANCE AF-333 155A8/152B TL,ALLIANCE,18.4R30,Rolnicze,Ciągnik
460/85-30 ALLIANCE 333 AGRO-FORESTRY 150A8/147B TL,ALLIANCE,460/85-30,Leśne,Uniwersalne/pozostałe
420/85-30 ALLIANCE AF 333 150A8/147B TL,ALLIANCE,420/85-30,Leśne,Uniwersalne/pozostałe
420/85-30 ALLIANCE 333 AGRO-FORESTRY 145A8/142B TL,ALLIANCE,420/85-30,Leśne,Uniwersalne/pozostałe
16.9-28 ALLIANCE 333 AGRO-FORESTRY 144A8/141B TL,ALLIANCE,16.9-28,Leśne,Forwarder/Harwester
14.9-28 ALLIANCE 333 AGRO-FORESTRY 139A8/136B TL,ALLIANCE,14.9-28,Leśne,Uniwersalne/pozostałe
380/85-24 ALLIANCE AGRO FORESTRY 333 137A8/134B 14PR SB TL,ALLIANCE,14.9-24,Leśne,Forwarder/Harwester
12.4-24 ALLIANCE AF-333 14PR TL,ALLIANCE,12.4-24,Leśne,Uniwersalne/pozostałe
31X15.50-15 ALLIANCE A-332 116B 8PR TL,ALLIANCE,31x15.50-15,Rolnicze,Przyczepa
500/60-22.5 ALLIANCE 331 FLOTATION 163A8/159B 16PR TL,ALLIANCE,500/60-22.5,Leśne,Przyczepa
28-26 ALLIANCE 330 173A8 16PR TL,ALLIANCE,28-26,Przemysłowe,Uniwersalne/pozostałe
28-26 ALLIANCE 330 173A8 16PR TL,ALLIANCE,28-26,Przemysłowe,Uniwersalne/pozostałe
28R26 ALLIANCE 330 173A8/170B TL,ALLIANCE,28R26,Przemysłowe,Uniwersalne/pozostałe
23.1R26 ALLIANCE 330 153A8/153B TL,ALLIANCE,23.1R26,Przemysłowe,Uniwersalne/pozostałe
23.1-26 ALLIANCE 330 168A8 16PR TL,ALLIANCE,23.1-26,Przemysłowe,Uniwersalne/pozostałe
23.1-26 ALLIANCE 330 159A8 16PR TL,ALLIANCE,23.1-26,Przemysłowe,Uniwersalne/pozostałe
23.1-26 ALLIANCE 329 16PR TL,ALLIANCE,23.1-26,Przemysłowe,Uniwersalne/pozostałe
23.1-26 ALLIANCE 329 16PR TL,ALLIANCE,23.1-26,Przemysłowe,Uniwersalne/pozostałe
500/45-22.5 ALLIANCE 328 VALUE PLUS 16PR TL,ALLIANCE,500/45-22.5,Rolnicze,Przyczepa
400/55-22.5 ALLIANCE 328 VALUE PLUS 16PR TL,ALLIANCE,400/55-22.5,Rolnicze,Przyczepa
550/45-22.5 ALLIANCE 328 VALUE PLUS 147A8/159A8 16PR TL,ALLIANCE,550/45-22.5,Rolnicze,Przyczepa
550/45-22.5 ALLIANCE 328 VALUE PLUS 147A8/159A8 16PR TL,ALLIANCE,550/45-22.5,Rolnicze,Przyczepa
700/50-26.5 ALLIANCE 328 VALUE PLUS 174A8/170B TL,ALLIANCE,700/50-26.5,Rolnicze,Przyczepa
700/50-26.5 ALLIANCE 328 VALUE PLUS 174A8/170B TL,ALLIANCE,700/50-26.5,Rolnicze,Przyczepa
600/55-26.5 ALLIANCE FLOTATION 328 159A8/170A8 16PR TL,ALLIANCE,600/55-26.5,Rolnicze,Przyczepa
600/55-26.5 ALLIANCE 328 VALUE PLUS 163C TL,ALLIANCE,600/55-26.5,Rolnicze,Przyczepa
700/50-22.5 ALLIANCE 328 VALUE PLUS 167D/166E TL,ALLIANCE,700/50-22.5,Rolnicze,Przyczepa
700/50-22.5 ALLIANCE 328 VALUE PLUS 174A8/170B 16PR TL,ALLIANCE,700/50-22.5,Rolnicze,Przyczepa
700/40-22.5 ALLIANCE 328 16PR TL,ALLIANCE,700/40-22.5,Rolnicze,Przyczepa
600/50-22.5 ALLIANCE 328 VALUE PLUS 16PR TL,ALLIANCE,600/50-22.5,Rolnicze,Przyczepa
550/60-22.5 ALLIANCE 328 VALUE PLUS 154A8/166A8 16PR TL,ALLIANCE,550/60-22.5,Rolnicze,Przyczepa
500/60-22.5 ALLIANCE 328 VALUE PLUS 16PR TL,ALLIANCE,500/60-22.5,Rolnicze,Przyczepa
500/50R17 ALLIANCE 328 VALUE PLUS 145D TL,ALLIANCE,500/50R17,Rolnicze,Przyczepa
500/45-22.5 ALLIANCE 328 VALUE PLUS 144A8 16PR TL,ALLIANCE,500/45-22.5,Leśne,Forwarder/Harwester
400/60-15.5 ALLIANCE 328 VALUE PLUS 152A8 20PR,ALLIANCE,400/60-15.5,Leśne,Forwarder/Harwester
550/45-22.5 ALLIANCE FLOTATION 328 147A8/159A8 16PR TL,ALLIANCE,550/45-22.5,Rolnicze,Przyczepa
550/45-22.5 ALLIANCE 328 VALUE PLUS 159A8/156B 16PR TL,ALLIANCE,550/45-22.5,Rolnicze,Przyczepa
400/60-22.5 ALLIANCE 328 VALUE PLUS 160A8 18PR TL,ALLIANCE,400/60-22.5,Rolnicze,Przyczepa
400/60-15.5 ALLIANCE 328 VALUE PLUS 16PR TL,ALLIANCE,400/60-15.5,Rolnicze,Przyczepa
400/60-15.5 ALLIANCE 328 VALUE PLUS 148A8/144B 16PR TL,ALLIANCE,400/60-15.5,Rolnicze,Przyczepa
10.0/75-15.3 ALLIANCE 328 VALUE PLUS 126A8 12PR TL,ALLIANCE,10.0/75-15.3,Rolnicze,Przyczepa
600/55-22.5 ALLIANCE 328 VALUE PLUS 162D 16PR TL,ALLIANCE,600/55-22.5,Rolnicze,Przyczepa
800/45-26.5 ALLIANCE 328 VALUE PLUS 177A8/173B 16PR TL,ALLIANCE,800/45-26.5,Rolnicze,Przyczepa
500/50R17 ALLIANCE 328 VALUE PLUS 158A8/155B TL,ALLIANCE,500/50-17,Rolnicze,Przyczepa
19.0/45-17 ALLIANCE 328 VALUE PLUS 14PR TL,ALLIANCE,19.0/45-17,Rolnicze,Przyczepa
19.0/45-17 ALLIANCE 327 FARM PRO IMPLEMENT 149A8/136A8 TL,ALLIANCE,19.0/45-17,Rolnicze,Przyczepa
12.5/80-18 ALLIANCE 327 FARM PRO IMPLEMENT 12PR TL,ALLIANCE,12.5/80-18,Rolnicze,Przyczepa
480/45-17 ALLIANCE FARM PRO 327 134A8/146A8 14PR TL,ALLIANCE,19.0/45-17,Rolnicze,Przyczepa
380/55-17 ALLIANCE FARM PRO 327 125A8/138A8 12PR TL,ALLIANCE,15.0/55-17,Rolnicze,Przyczepa
16.0/70-20 ALLIANCE 326 166A2/149B 14PR TL,ALLIANCE,16.0/70-20,Rolnicze,Ciągnik
315/80R22.5 BRIDGESTONE RD2 SEVERE DUTY DURAVIS 156L/154M 3PMSF DRIVE,BRIDGESTONE,315/80R22.5,Ciężarowe,Oś napędowa
315/80R22.5 BRIDGESTONE RS2 SEVERE DUTY DURAVIS 156L/154M 3PMSF FRONT,BRIDGESTONE,315/80R22.5,Ciężarowe,Oś kierowana
205/65R17.5 BRIDGESTONE RT1 132J/133F 3PMSF M+S,BRIDGESTONE,205/65R17.5,Ciężarowe,Naczepa/przyczepa
18.4-26 ALLIANCE FARM PRO 324 146A8 12PR TL,ALLIANCE,18.4-26,Rolnicze,Ciągnik
15.5-38 ALLIANCE 324 FARM PRO 12PR TT,ALLIANCE,15.5-38,Rolnicze,Ciągnik
9.5-20 ALLIANCE 324 6PR TT,ALLIANCE,9.5-20,Rolnicze,Uniwersalne/pozostałe
18.4-38 ALLIANCE 324 FARM PRO 143A8 TT,ALLIANCE,18.4-38,Rolnicze,Ciągnik
9.5-36 ALLIANCE 324 6PR TT,ALLIANCE,9.5-36,Rolnicze,Uniwersalne/pozostałe
14.9-28 ALLIANCE FARM PRO 324 130A8 8PR TT,ALLIANCE,14.9-28,Rolnicze,Ciągnik
13.6-36 ALLIANCE 324 FARM PRO 8PR TL,ALLIANCE,13.6-36,Rolnicze,Ciągnik
12.4-28 ALLIANCE FARM PRO 324 123A8 8PR TT,ALLIANCE,12.4-28,Rolnicze,Ciągnik
11.2-28 ALLIANCE 324 8PR TT,ALLIANCE,11.2-28,Rolnicze,Uniwersalne/pozostałe
13.6-24 ALLIANCE FARM PRO 324 123A8 8PR TT,ALLIANCE,13.6-24,Rolnicze,Ciągnik
9.5-24 ALLIANCE 324 FARM PRO 8PR TT,ALLIANCE,9.5-24,Rolnicze,Ciągnik
9.5-22 ALLIANCE 324 6PR TT,ALLIANCE,9.5-22,Rolnicze,Uniwersalne/pozostałe
7.50-16 ALLIANCE 324 112A6 8PR TT,ALLIANCE,7.50-16,Rolnicze,Uniwersalne/pozostałe
16.9-38 ALLIANCE 324 FARM PRO 8PR TL,ALLIANCE,16.9-38,Rolnicze,Ciągnik
405/70-24 ALLIANCE TRACTION INDUSTRIAL 323 152B 14PR TL,ALLIANCE,405/70-24,Rolnicze,Ciągnik
405/70-20 ALLIANCE 323 16PR TL,ALLIANCE,405/70-20,Rolnicze,Ciągnik
405/70-20 ALLIANCE 323 14PR TL,ALLIANCE,405/70-20,Rolnicze,Ciągnik
12.5/80-18 ALLIANCE 321 PLUS 12PR TL,ALLIANCE,12.5/80-18,Przemysłowe,Ładowarka
19.0/45-17 ALLIANCE 320 VALUE PLUS 148A6/144A8 14PR TL,ALLIANCE,19.0/45-17,Rolnicze,Ciągnik
16.0/70-20 ALLIANCE 320 154A8/150B 14PR TT,ALLIANCE,16.0/70-20,Rolnicze,Ciągnik
16.0/70-20 ALLIANCE 320 VALUE PLUS 12PR TL,ALLIANCE,16.0/70-20,Rolnicze,Ciągnik
15.0/55-17 ALLIANCE 320 VALUE PLUS 14PR TL,ALLIANCE,15.0/55-17,Rolnicze,Ciągnik
15.0/55-17 ALLIANCE 320 VALUE PLUS 138A6/134A8 10PR TL,ALLIANCE,15.0/55-17,Rolnicze,Ciągnik
15.0/55-17 ALLIANCE 320 VALUE PLUS 138A6/134A8 10PR TL,ALLIANCE,15.0/55-17,Rolnicze,Ciągnik
13.0/55-16 ALLIANCE 320 VALUE PLUS 14PR TL,ALLIANCE,13.0/55-16,Rolnicze,Ciągnik
12.5/80-18 ALLIANCE 320 VALUE PLUS 152A6/148A8 16PR TL,ALLIANCE,12.5/80-18,Rolnicze,Ciągnik
12.5/80-18 ALLIANCE 320 VALUE PLUS 145A6/142A8 12PR TL,ALLIANCE,12.5/80-18,Rolnicze,Ciągnik
500/50-17 ALLIANCE 320 VALUE PLUS 153A6/149A8 14PR TL,ALLIANCE,500/50-17,Rolnicze,Ciągnik
400/60-15.5 ALLIANCE 320 VALUE PLUS 152A6/148A8 16PR TL,ALLIANCE,400/60-15.5,Rolnicze,Ciągnik
400/60-15.5 ALLIANCE 320 VALUE PLUS 152A6/148A8 16PR TL,ALLIANCE,400/60-15.5,Rolnicze,Ciągnik
12.5/80-15.3 ALLIANCE A320 VALUE PLUS 148A6/144A8 14PR TL,ALLIANCE,12.5/80-15.3,Rolnicze,Ciągnik
11.5/80-15.3 ALLIANCE 320 VALUE PLUS 14PR TL,ALLIANCE,11.5/80-15.3,Rolnicze,Ciągnik
12.5/80-18 ALLIANCE 317 MPT 12PR TL,ALLIANCE,12.5/80-18,Przemysłowe,Uniwersalne/pozostałe
10.0/75-15.3 ALLIANCE MPT 317 12PR TL,ALLIANCE,10.0/75-15.3,Przemysłowe,Uniwersalne/pozostałe
385/65R22.5 BRIDGESTONE R168+ 160K/158L 3PMSF M+S,BRIDGESTONE,385/65R22.5,Ciężarowe,Uniwersalne/pozostałe
245/70R17.5 FIRESTONE FS411 136M/134M 3PMSF M+S FRONT,FIRESTONE,245/70R17.5,Ciężarowe,Oś kierowana
235/75R17.5 FIRESTONE FS411 132M/130M 3PMSF M+S FRONT,FIRESTONE,235/75R17.5,Ciężarowe,Oś kierowana
235/75R17.5 FIRESTONE FD611 132M/130M 3PMSF M+S DRIVE,FIRESTONE,235/75R17.5,Ciężarowe,Oś napędowa
14.00-24 ALLIANCE 309 28PR TL,ALLIANCE,14.00-24,Przemysłowe,Maszyny górnicze
15.5-25 ALLIANCE 308 12PR TL,ALLIANCE,15.5-25,Przemysłowe,Maszyny górnicze
14.9R46 ALLIANCE AGRISTAR II RC 173D/170E TL,ALLIANCE,14.9R46,Rolnicze,Ciągnik
230/95R36 ALLIANCE 350 133A8/130D TL,ALLIANCE,230/95R36,Rolnicze,Ciągnik
17.5-25 ALLIANCE 307 16PR TL,ALLIANCE,17.5-25,Przemysłowe,Maszyny górnicze
14.00-24 ALLIANCE 307 16PR TL,ALLIANCE,14.00-24,Przemysłowe,Maszyny górnicze
14.00-24 ALLIANCE 307 12PR TL,ALLIANCE,14.00-24,Przemysłowe,Maszyny górnicze
44X18.00-20 GALAXY MIGHTY MOW 4PR TL,GALAXY,44x18.00-20,Przemysłowe,Uniwersalne/pozostałe
17.5-25 ALLIANCE 306 16PR TL,ALLIANCE,17.5-25,Przemysłowe,Maszyny górnicze
14.00-24 ALLIANCE 306 16PR TL,ALLIANCE,14.00-24,Przemysłowe,Maszyny górnicze
275/70R22.5 BRIDGESTONE U-AP002 152J/150K 3PMSF M+S,BRIDGESTONE,275/70R22.5,Ciężarowe,Uniwersalne/pozostałe
29.5R25 GALAXY HTSR 400 200B/216A2 TL,GALAXY,29.5R25,Przemysłowe,Maszyny górnicze
14.9-28 ALLIANCE 302 12PR TT,ALLIANCE,14.9-28,Przemysłowe,Uniwersalne/pozostałe
15.5-25 ALLIANCE 302 12PR TL,ALLIANCE,15.5-25,Przemysłowe,Uniwersalne/pozostałe
385/65R22.5 HANKOOK SMART FLEX AL51 160K 3PMSF M+S FRONT,HANKOOK,385/65R22.5,Ciężarowe,Oś kierowana
355/50R22.5 HANKOOK AL50 156L 3PMSF M+S FRONT,HANKOOK,355/50R22.5,Ciężarowe,Oś kierowana
295/60R22.5 HANKOOK DL50 150/147L 3PMSF M+S DRIVE,HANKOOK,295/60R22.5,Ciężarowe,Oś napędowa
315/60R22.5 HANKOOK DL50 152/148L 3PMSF M+S DRIVE,HANKOOK,315/60R22.5,Ciężarowe,Oś napędowa
315/70R22.5 HANKOOK AL50 SMART LINE 156/150L 3PMSF M+S FRONT,HANKOOK,315/70R22.5,Ciężarowe,Oś kierowana
315/60R22.5 HANKOOK SMART FLEX AH51 154/148L 3PMSF M+S FRONT,HANKOOK,315/60R22.5,Ciężarowe,Oś kierowana
385/55R22.5 HANKOOK AH51 160K 3PMSF M+S FRONT,HANKOOK,385/55R22.5,Ciężarowe,Oś kierowana
295/60R22.5 HANKOOK DH51 SMART FLEX 150/147K 3PMSF M+S DRIVE,HANKOOK,295/60R22.5,Ciężarowe,Oś napędowa
315/60R22.5 HANKOOK SMART FLEX DH51 152/148L 3PMSF M+S DRIVE,HANKOOK,315/60R22.5,Ciężarowe,Oś napędowa
385/65R22.5 HANKOOK SMART FLEX AH51 164K 3PMSF M+S FRONT,HANKOOK,385/65R22.5,Ciężarowe,Oś kierowana
315/80R22.5 HANKOOK SMART FLEX AH51 156/150L 3PMSF M+S FRONT,HANKOOK,315/80R22.5,Ciężarowe,Oś kierowana
315/80R22.5 HANKOOK DH51 SMART FLEX 156/150L 3PMSF M+S DRIVE,HANKOOK,315/80R22.5,Ciężarowe,Oś napędowa
245/70R17.5 HANKOOK TH31 SMART FLEX 143/141K 3PMSF M+S,HANKOOK,245/70R17.5,Ciężarowe,Naczepa/przyczepa
315/70R22.5 HANKOOK DL51 154/150L M+S 3PMSF,HANKOOK,315/70R22.5,Ciężarowe,Oś napędowa
315/70R22.5 HANKOOK AL51 156/150L 3PMSF M+S FRONT,HANKOOK,315/70R22.5,Ciężarowe,Oś kierowana
295/80R22.5 HANKOOK SMART TOURING AL22 154/149M M+S FRONT,HANKOOK,295/80R22.5,Ciężarowe,Oś kierowana
385/55R22.5 HANKOOK TH31 SMART FLEX 160K 3PMSF M+S,HANKOOK,385/55R22.5,Ciężarowe,Naczepa/przyczepa
385/55R19.5 HANKOOK TH31 SMART FLEX 156J 3PMSF M+S,HANKOOK,385/55R19.5,Ciężarowe,Naczepa/przyczepa
315/70R22.5 HANKOOK DH51 SMART FLEX 154/150L 3PMSF M+S DRIVE,HANKOOK,315/70R22.5,Ciężarowe,Oś napędowa
315/70R22.5 HANKOOK SMART FLEX AH51 156/150L 3PMSF M+S FRONT,HANKOOK,315/70R22.5,Ciężarowe,Oś kierowana
385/65R22.5 HANKOOK SMART FLEX TH31 164K 3PMSF M+S,HANKOOK,385/65R22.5,Ciężarowe,Naczepa/przyczepa
265/70R17.5 HANKOOK DH35 140/138M DRIVE,HANKOOK,265/70R17.5,Ciężarowe,Oś napędowa
305/70R19.5 HANKOOK DH35 148/145M M+S 3PMSF,HANKOOK,305/70R19.5,Ciężarowe,Oś napędowa
385/55R22.5 HANKOOK AL20 160K 3PMSF M+S FRONT,HANKOOK,385/55R22.5,Ciężarowe,Oś kierowana
265/70R19.5 HANKOOK AH35 140/138M M+S 3PMSF,HANKOOK,265/70R19.5,Ciężarowe,Oś kierowana
385/65R22.5 HANKOOK TM15 160K,HANKOOK,385/65R22.5,Ciężarowe,Naczepa/przyczepa
245/70R17.5 HANKOOK AH35 136/134M FRONT,HANKOOK,245/70R17.5,Ciężarowe,Oś kierowana
205/75R17.5 HANKOOK AH35 124/122M FRONT,HANKOOK,205/75R17.5,Ciężarowe,Oś kierowana
315/60R22.5 HANKOOK DH31 152/148L DRIVE,HANKOOK,315/60R22.5,Ciężarowe,Oś napędowa
315/80R22.5 HANKOOK AM09 156/150K FRONT,HANKOOK,315/80R22.5,Ciężarowe,Oś kierowana
315/70R22.5 HANKOOK DH31 154/150L DRIVE,HANKOOK,315/70R22.5,Ciężarowe,Oś napędowa
17.5R24 FIRESTONE DURA-UT 159A TL,FIRESTONE,17.5R24,Rolnicze,Ciągnik
15.5-25 LASSA L2 12PR TL,LASSA,15.5-25,Przemysłowe,Uniwersalne/pozostałe
18.4-26 LASSA EG 12PR TL,LASSA,18.4-26,Przemysłowe,Uniwersalne/pozostałe
15.5/80-24 LASSA TELEGRIPPER 162A8 20PR TL,LASSA,15.5/80-24,Przemysłowe,Uniwersalne/pozostałe
16.9-24 LASSA TELEGRIPPER 168A8 20PR TL,LASSA,16.9-24,Przemysłowe,Uniwersalne/pozostałe
10.5/80-18 MICHELIN POWER CL 132A8 TL,MICHELIN,10.5/80-18,Przemysłowe,Koparka
600/65R38 BRIDGESTONE VX-R TRACTOR 153D/150E TL,BRIDGESTONE,600/65R38,Rolnicze,Ciągnik
600/65R34 BRIDGESTONE VX-R TRACTOR 151D/148E TL,BRIDGESTONE,600/65R34,Rolnicze,Ciągnik
480/65R24 BRIDGESTONE VX-R TRACTOR 133D/130E TL,BRIDGESTONE,480/65R24,Rolnicze,Ciągnik
520/70R34 BRIDGESTONE VX-R TRACTOR 148D/145E TL,BRIDGESTONE,520/70R34,Rolnicze,Ciągnik
420/70R28 BRIDGESTONE VX-R TRACTOR 133D/130E TL,BRIDGESTONE,420/70R28,Rolnicze,Ciągnik
380/85R28 BRIDGESTONE VX-R TRACTOR 133D/130E TL,BRIDGESTONE,380/85R28,Rolnicze,Ciągnik
380/70R24 BRIDGESTONE VX-R TRACTOR 125D/122E TL,BRIDGESTONE,380/70R24,Rolnicze,Ciągnik
360/70R24 BRIDGESTONE VX-R TRACTOR 122D/119E TL,BRIDGESTONE,360/70R24,Rolnicze,Ciągnik
13.6R24 BRIDGESTONE VX-TRACTOR 125D/122E TL,BRIDGESTONE,13.6R24,Rolnicze,Ciągnik
900/65R46 BRIDGESTONE VT TRACTOR 193D/190E TL,BRIDGESTONE,900/65R46,Rolnicze,Ciągnik
14.00-24 LASSA G2 12PR TL,LASSA,14.00-24,Przemysłowe,Uniwersalne/pozostałe
16.0/70-20 LASSA EG 12PR TL,LASSA,16.0/70-20,Przemysłowe,Uniwersalne/pozostałe
12.5/80-18 LASSA EARTH GRIPPER 12PR TL,LASSA,12.5/80-18,Przemysłowe,Uniwersalne/pozostałe
265/70R19.5 FIRESTONE TSP3000 143/141K 3PMSF M+S,FIRESTONE,265/70R19.5,Ciężarowe,Naczepa/przyczepa
245/70R17.5 FIRESTONE TSP3000 143J/146F 3PMSF,FIRESTONE,245/70R17.5,Ciężarowe,Naczepa/przyczepa
215/75R17.5 FIRESTONE TSP3000 135K/133K 3PMSF,FIRESTONE,215/75R17.5,Ciężarowe,Naczepa/przyczepa
385/65R22.5 FIRESTONE FS424 EVO 164K 3PMSF M+S,FIRESTONE,385/65R22.5,Ciężarowe,Oś kierowana
315/80R22.5 MICHELIN X WORKS HD D 156/150K 3PMSF M+S DRIVE,MICHELIN,315/80R22.5,Ciężarowe,Oś napędowa
20.5-25 GALAXY THE GIANT HIPPO 20PR TL,GALAXY,20.5-25,Przemysłowe,Ładowarka
18.4-30 LASSA TR70 151A6 14PR TT,LASSA,18.4-30,Rolnicze,Uniwersalne/pozostałe
14.9-28 LASSA TR70 130A6 8PR TT,LASSA,14.9-28,Rolnicze,Uniwersalne/pozostałe
12.4-28 LASSA TR70 123A6 8PR TT,LASSA,12.4-28,Rolnicze,Uniwersalne/pozostałe
7.50-16 LASSA TR68 103A6 8PR TT,LASSA,7.50-16,Rolnicze,Uniwersalne/pozostałe
6.00-16 LASSA TR68 94A6 8PR TT,LASSA,6.00-16,Rolnicze,Uniwersalne/pozostałe
23.5R25 FIRESTONE MULTI BLOCK T MS DE2 185B TL,FIRESTONE,23.5R25,Przemysłowe,Maszyny górnicze
425/65R22.5 BRIDGESTONE R164 165K,BRIDGESTONE,425/65R22.5,Ciężarowe,Naczepa/przyczepa
275/70R22.5 BRIDGESTONE V-STEEL MIX M840 148/145K 3PMSF M+S,BRIDGESTONE,275/70R22.5,Ciężarowe,Uniwersalne/pozostałe
11R22.5 BRIDGESTONE M840 148K/145L 3PMSF,BRIDGESTONE,11R22.5,Ciężarowe,Uniwersalne/pozostałe
385/65R22.5 BRIDGESTONE M748 EVO 164G/160K,BRIDGESTONE,385/65R22.5,Ciężarowe,Oś napędowa
13R22.5 BRIDGESTONE L355 EVO 158G/156K 3PMSF DRIVE,BRIDGESTONE,13R22.5,Ciężarowe,Oś napędowa
21X8-9 GALAXY YARD MASTER ULTRA 14PR TT,GALAXY,21x8-9,Przemysłowe,Wózek widłowy
12.00-20 GALAXY YARD MASTER ULTRA 28PR TT,GALAXY,12.00-20,Przemysłowe,Wózek widłowy
250-15 GALAXY YARD MASTER ULTRA 16PR TT,GALAXY,250-15,Przemysłowe,Wózek widłowy
11R22.5 FIRESTONE UT3000 PLUS 148/145K,FIRESTONE,11R22.5,Ciężarowe,Naczepa/przyczepa
12.00R24 GALAXY YARDMASTER RADIAL 178A5 TL,GALAXY,12.00R24,Przemysłowe,Wózek widłowy
9.00-20 MITAS NB38 14PR TT,MITAS,9.00-20,Przemysłowe,Kompaktor
360/85-20 MITAS MPT04 IND 14PR TL,MITAS,360/85-20,Przemysłowe,Maszyny górnicze
340/80-18 MITAS MPT-04 16PR TL,MITAS,340/80-18,Przemysłowe,Ładowarka
12.5/80-18 MITAS TR09 IND 12PR TL,MITAS,12.5/80-18,Przemysłowe,Koparka
12.5/80-18 MITAS TR09 S116 IND 12PR TL,MITAS,12.5/80-18,Przemysłowe,Koparka
8.25-20 MITAS NB38 EXTRA ML 14PR TT,MITAS,8.25-20,Przemysłowe,Kompaktor
440/80-30 MITAS TI09 14PR TL,MITAS,440/80-30,Przemysłowe,Maszyny górnicze
16.9-28 MITAS TI06 S116 12PR TL,MITAS,16.9-28,Przemysłowe,Uniwersalne/pozostałe
405/70-24 MITAS MPT-04 152B 14PR TL,MITAS,405/70-24,Przemysłowe,Ładowarka
10.00-20 MITAS NB38 16PR TT,MITAS,10.00-20,Przemysłowe,Kompaktor
400/70-24 MITAS MPT04 IND 151D 14PR TL,MITAS,400/70-24,Przemysłowe,Uniwersalne/pozostałe
10.00-20 MITAS EM23 16PR TT,MITAS,10.00-20,Przemysłowe,Maszyny górnicze
11.00-20 MITAS COMP SMOOTH 18PR TT,MITAS,11.00-20,Przemysłowe,Kompaktor
480/65-22.5 MITAS MPT06 IND 16PR TL,MITAS,480/65-22.5,Przemysłowe,Maszyny górnicze
27X10.50-15 MITAS SK-02 8PR TL,MITAS,27x10.50-15,Przemysłowe,Uniwersalne/pozostałe
23X8.50-12 MITAS SK-02 115A4 10PR TL,MITAS,23x8.50-12,Przemysłowe,Koparka
10.0/75-15.3 MITAS SK01 10PR TL,MITAS,10.0/75-15.3,Rolnicze,Przyczepa
27X8.50-15 MITAS SK02 8PR TL,MITAS,27x8.50-15,Przemysłowe,Uniwersalne/pozostałe
295/60R22.5 MICHELIN X LINE ENERGY Z 150/147L 3PMSF FRONT,MICHELIN,295/60R22.5,Ciężarowe,Oś kierowana
245/70R17.5 LASSA MAXIWAYS 100S 136/134M 3PMSF M+S FRONT,LASSA,245/70R17.5,Ciężarowe,Oś kierowana
225/75R17.5 LASSA MAXIWAYS 110D 129/127M DRIVE,LASSA,225/75R17.5,Ciężarowe,Oś napędowa
225/75R17.5 LASSA MAXIWAYS 100S 129/127M FRONT,LASSA,225/75R17.5,Ciężarowe,Oś kierowana
235/75R17.5 LASSA MAXIWAYS 110D 132/130M DRIVE,LASSA,235/75R17.5,Ciężarowe,Oś napędowa
235/75R17.5 LASSA MAXIWAYS 100S 132/130M M+S FRONT,LASSA,235/75R17.5,Ciężarowe,Oś kierowana
215/75R17.5 LASSA MAXIWAYS 110D 126/124M 3PMSF M+S DRIVE,LASSA,215/75R17.5,Ciężarowe,Oś napędowa
400/70R18 MICHELIN BIBLOAD H/S 147A8/147B TL,MICHELIN,400/70R18,Przemysłowe,Koparka
215/75R17.5 BRIDGESTONE RT1 136/134K 3PMSF M+S,BRIDGESTONE,215/75R17.5,Ciężarowe,Naczepa/przyczepa
305/70R19.5 KUMHO RD02 148M/145M 3PMSF DRIVE,KUMHO,305/70R19.5,Ciężarowe,Oś napędowa
315/60R22.5 KUMHO XS10 154/148L 3PMSF FRONT,KUMHO,315/60R22.5,Ciężarowe,Oś kierowana
385/65R22.5 KUMHO XA11 164K 3PMSF,KUMHO,385/65R22.5,Ciężarowe,All position
385/65R22.5 BRIDGESTONE MT 001 PLUS 160K/158L,BRIDGESTONE,385/65R22.5,Ciężarowe,Naczepa/przyczepa
265/70R19.5 KUMHO KXA31 144/142J 3PMSF M+S,KUMHO,265/70R19.5,Ciężarowe,All position
315/60R22.5 KUMHO LA31 154/148L 3PMSF M+S,KUMHO,315/60R22.5,Ciężarowe,All position
385/55R22.5 KUMHO LA31 160K 3PMSF FRONT,KUMHO,385/55R22.5,Ciężarowe,All position
315/70R22.5 KUMHO XD31 154/150L 3PMSF M+S DRIVE,KUMHO,315/70R22.5,Ciężarowe,Oś napędowa
385/65R22.5 KUMHO KXA31 164K 3PMSF M+S FRONT,KUMHO,385/65R22.5,Ciężarowe,Oś kierowana
315/70R22.5 KUMHO KXA31 156/150L 20PR TL 3PMSF,KUMHO,315/70R22.5,Ciężarowe,Oś kierowana
385/55R22.5 KUMHO KXT31 160K 3PMSF M+S,KUMHO,385/55R22.5,Ciężarowe,All position
315/70R22.5 FIRESTONE FS424 EVO 156L/150L M+S FRONT,FIRESTONE,315/70R22.5,Ciężarowe,Oś kierowana
385/55R19.5 KUMHO XA11 156J 3PMSF,KUMHO,385/55R19.5,Ciężarowe,All position
295/60R22.5 KUMHO XD10 150/147K 3PMSF DRIVE,KUMHO,295/60R22.5,Ciężarowe,Oś napędowa
13R22.5 BRIDGESTONE L317 EVO 158G/156K 3PMSF DRIVE,BRIDGESTONE,13R22.5,Ciężarowe,Oś napędowa
445/45R19.5 KUMHO LT23 160J 3PMSF,KUMHO,445/45R19.5,Ciężarowe,All position
435/50R19.5 KUMHO KLT23 160J 20PR TL 3PMSF,KUMHO,435/50R19.5,Ciężarowe,All position
355/50R22.5 KUMHO XS10 156K 3PMSF FRONT,KUMHO,355/50R22.5,Ciężarowe,Oś kierowana
315/60R22.5 KUMHO XD10 152/148L 3PMSF DRIVE,KUMHO,315/60R22.5,Ciężarowe,Oś napędowa
315/70R22.5 KUMHO KLD23 154/150L 18PR TL 3PMSF,KUMHO,315/70R22.5,Ciężarowe,Oś napędowa
285/70R19.5 KUMHO XD10 146/144M 3PMSF DRIVE,KUMHO,285/70R19.5,Ciężarowe,Oś napędowa
285/70R19.5 KUMHO XA10 146/144M 3PMSF FRONT,KUMHO,285/70R19.5,Ciężarowe,Oś kierowana
315/80R22.5 KUMHO MD51 156/150K DRIVE,KUMHO,315/80R22.5,Ciężarowe,Oś napędowa
315/80R22.5 KUMHO MA31 156/150K 3PMSF,KUMHO,315/80R22.5,Ciężarowe,All position
315/60R22.5 MARSHAL RD50 152/148L 3PMSF DRIVE,MARSHAL,315/60R22.5,Ciężarowe,Oś napędowa
265/70R19.5 MARSHAL RS50 140M 3PMSF M+S FRONT,MARSHAL,265/70R19.5,Ciężarowe,Oś kierowana
295/80R22.5 KUMHO CA03 154/149J 3PMSF M+S,KUMHO,295/80R22.5,Ciężarowe,All position
205/65R17.5 KUMHO RT03 129/127J 3PMSF M+S,KUMHO,205/65R17.5,Ciężarowe,All position
265/70R19.5 MARSHAL RD50 140/138M 3PMSF M+S DRIVE,MARSHAL,265/70R19.5,Ciężarowe,Oś napędowa
31X15.50-15 ALLIANCE 221 8PR TL,ALLIANCE,31x15.50-15,Rolnicze,Przyczepa
315/80R22.5 KUMHO XD10 156L/150L 3PMSF M+S DRIVE,KUMHO,315/80R22.5,Ciężarowe,Oś napędowa
315/80R22.5 KUMHO XS10 156L/150L 3PMSF M+S FRONT,KUMHO,315/80R22.5,Ciężarowe,Oś kierowana
285/70R19.5 FIRESTONE TSP3000 150J/148J,FIRESTONE,285/70R19.5,Ciężarowe,Naczepa/przyczepa
385/65R22.5 KUMHO LS03 164K 3PMSF FRONT,KUMHO,385/65R22.5,Ciężarowe,Oś kierowana
13R22.5 MARSHAL MA11 156/150K 3PMSF M+S FRONT,MARSHAL,13R22.5,Ciężarowe,Oś kierowana
13R22.5 KUMHO MA11 156/150K 3PMSF M+S FRONT,KUMHO,13R22.5,Ciężarowe,Oś kierowana
385/65R22.5 KUMHO MA12 160K 3PMSF,KUMHO,385/65R22.5,Ciężarowe,All position
17.5-24 GALAXY INDUSTRIAL R-1 12PR TL,GALAXY,17.5-24,Przemysłowe,Uniwersalne/pozostałe
17.5-24 GALAXY SUPER INDUSTRIAL LUG R-4 12PR TL,GALAXY,17.5-24,Przemysłowe,Ładowarka
405/70R18 FIRESTONE DURA-UT 141B,FIRESTONE,405/70R18,Przemysłowe,Ładowarka
4.00-16 CULTOR AS-AGRI 10 2PR TL,CULTOR,4.00-16,Rolnicze,Ciągnik
26.5R25 TRELLEBORG EMR 1050 209A2 TL,TRELLEBORG,26.5R25,Przemysłowe,Maszyny górnicze
23.5R25 TRELLEBORG EMR 1030 201A2/185B TL,TRELLEBORG,23.5R25,Przemysłowe,Maszyny górnicze
11/7.10-5 MITAS K-01 24J TL,MITAS,11/7.10-5,Rolnicze,Kosiarka/ogród
11.5/80-15.3 JK TYRE IMP 99 139A8 14PR TL,JK TYRE,11.5/80-15.3,Rolnicze,Wózek widłowy
10.0/75-15.3 JK TYRE IMP 99 130A8 14PR TL,JK TYRE,10.0/75-15.3,Rolnicze,Wózek widłowy
8.25-15 JK TYRE ST-02 PREMIUM,JK TYRE,8.25-15,Przemysłowe,Wózek widłowy
6.50-10 JK TYRE ST-02 PREMIUM,JK TYRE,6.50-10,Przemysłowe,Wózek widłowy
6.00-9 JK TYRE ST-01 STANDARD,JK TYRE,6.00-9,Przemysłowe,Wózek widłowy
28X9-15 JK TYRE ST-01 PREMIUM,JK TYRE,28x9-15,Przemysłowe,Wózek widłowy
250-15 JK TYRE ST-02 PREMIUM,JK TYRE,250-15,Przemysłowe,Wózek widłowy
21X8-9 JK TYRE ST-02 PREMIUM,JK TYRE,21x8-9,Przemysłowe,Wózek widłowy
15.5/80-24 JK TYRE VBH PLUS II 162A8 TL,JK TYRE,15.5/80-24,Przemysłowe,Wózek widłowy
31X15.50-15 JK TYRE JET TRAX SUPER II 132A2 8PR TL,JK TYRE,31x15.50-15,Rolnicze,Wózek widłowy
25X8.50-14 JK TYRE INDUSTRIAL DX 107A2 6PR TL,JK TYRE,25x8.50-14,Rolnicze,Wózek widłowy
16.9-28 JK TYRE VBH PLUS II 152A8 12PR TL,JK TYRE,16.9-28,Przemysłowe,Wózek widłowy
14-17.5 JK TYRE JET TRAX SUPER II 155A2 14PR TL,JK TYRE,14-17.5,Przemysłowe,Wózek widłowy
10-16.5 JK TYRE JET TRAX ULTIMA 138A2 12PR TL,JK TYRE,10-16.5,Przemysłowe,Wózek widłowy
6.00-9 JK TYRE JETLIFT 10PR TT,JK TYRE,6.00-9,Przemysłowe,Wózek widłowy
7.00-12 JK TYRE JETLIFT 16PR TT,JK TYRE,7.00-12,Przemysłowe,Wózek widłowy
23.1-26 JK TYRE V-COMPACT 159A6 16PR TL,JK TYRE,23.1-26,Przemysłowe,Kompaktor
18.4-26 JK TYRE VBH PLUS II 156A8 12PR TL,JK TYRE,18.4-26,Przemysłowe,Wózek widłowy
16.9-28 JK TYRE V-BH PLUS 156A8 14PR TL,JK TYRE,16.9-28,Przemysłowe,Wózek widłowy
8.25-15 JK TYRE JETLIFT 16PR TT,JK TYRE,8.25-15,Przemysłowe,Wózek widłowy
8.15-15 JK TYRE JETLIFT 16PR TT,JK TYRE,8.15-15,Przemysłowe,Wózek widłowy
6.50-10 JK TYRE JETLIFT 14PR TT,JK TYRE,6.50-10,Przemysłowe,Wózek widłowy
385/55R22.5 BRIDGESTONE ECOPIA STEER 160K/158L 3PMSF M+S FRONT,BRIDGESTONE,385/55R22.5,Ciężarowe,Oś kierowana
315/80R22.5 BRIDGESTONE ECOPIA STEER 156L/154M 3PMSF FRONT,BRIDGESTONE,315/80R22.5,Ciężarowe,Oś kierowana
315/80R22.5 BRIDGESTONE ECOPIA DRIVE ENLITEN 156/150L 3PMSF M+S DRIVE,BRIDGESTONE,315/80R22.5,Ciężarowe,Oś napędowa
315/80R22.5 BRIDGESTONE MD2 156/150K 3PMSF M+S DRIVE,BRIDGESTONE,315/80R22.5,Ciężarowe,Oś napędowa
295/80R22.5 BRIDGESTONE MD2 152K/148K 3PMSF M+S DRIVE,BRIDGESTONE,295/80R22.5,Ciężarowe,Oś napędowa
480/70R24 BRIDGESTONE VX-TRACTOR 143D/140E TL,BRIDGESTONE,480/70R24,Rolnicze,Ciągnik
315/70R22.5 FIRESTONE FD624 154L/152M 3PMSF M+S DRIVE,FIRESTONE,315/70R22.5,Ciężarowe,Oś napędowa
315/80R22.5 FIRESTONE FD624 156L/150L 3PMSF M+S DRIVE,FIRESTONE,315/80R22.5,Ciężarowe,Oś napędowa
315/60R22.5 FIRESTONE FD624 152/148L DRIVE,FIRESTONE,315/60R22.5,Ciężarowe,Oś napędowa
295/60R22.5 FIRESTONE FD624 150/147L 3PMSF M+S DRIVE,FIRESTONE,295/60R22.5,Ciężarowe,Oś napędowa
385/65R22.5 FIRESTONE FS424 160K 3PMSF M+S FRONT,FIRESTONE,385/65R22.5,Ciężarowe,Oś kierowana
315/70R22.5 FIRESTONE FS424 154L/150L 3PMSF M+S FRONT,FIRESTONE,315/70R22.5,Ciężarowe,Oś kierowana
315/80R22.5 FIRESTONE FS424 156L/150L 3PMSF M+S FRONT,FIRESTONE,315/80R22.5,Ciężarowe,Oś kierowana
385/55R22.5 FIRESTONE FS424 160K/158L 3PMSF M+S FRONT,FIRESTONE,385/55R22.5,Ciężarowe,Oś kierowana
295/80R22.5 FIRESTONE FS424 152/148M 3PMSF M+S FRONT,FIRESTONE,295/80R22.5,Ciężarowe,Oś kierowana
10R22.5 BRIDGESTONE M840 144/142K,BRIDGESTONE,10R22.5,Ciężarowe,Uniwersalne/pozostałe
10R17.5 BRIDGESTONE M840 143/141J 3PMSF M+S,BRIDGESTONE,10R17.5,Ciężarowe,Uniwersalne/pozostałe
9.5R17.5 FIRESTONE FS400 129/127M FRONT,FIRESTONE,9.5R17.5,Ciężarowe,All position
295/60R22.5 BRIDGESTONE R249 ECO 150L/147L 3PMSF FRONT,BRIDGESTONE,295/60R22.5,Ciężarowe,Oś kierowana
295/60R22.5 MICHELIN X LINE ENERGY D3 150/147K 3PMSF M+S DRIVE,MICHELIN,295/60R22.5,Ciężarowe,Oś napędowa
295/60R22.5 MICHELIN X MULTI D 150/147L 3PMSF M+S DRIVE,MICHELIN,295/60R22.5,Ciężarowe,Oś napędowa
265/70R17.5 MICHELIN X MULTI D 140/138M 3PMSF DRIVE,MICHELIN,265/70R17.5,Ciężarowe,Oś napędowa
23.5-25 JK TYRE VEM 99 171B/191A2 20PR TL,JK TYRE,23.5-25,Przemysłowe,Maszyny górnicze
400/70R24 MICHELIN XMCL 152A8/152B TL,MICHELIN,400/70R24,Przemysłowe,Koparka
440/80R28 FIRESTONE DURA-UT 156A8 TL,FIRESTONE,16.9R28,Przemysłowe,Ładowarka
13R22.5 MICHELIN X WORKS D 156/150K 3PMSF DRIVE,MICHELIN,13R22.5,Ciężarowe,Oś napędowa
340/80R18 FIRESTONE DURA-UT 143A8 TL,FIRESTONE,340/80R18,Przemysłowe,Ładowarka
385/65R22.5 FIRESTONE FT524 160K/158L 3PMSF M+S,FIRESTONE,385/65R22.5,Ciężarowe,Naczepa/przyczepa
380/70R24 BRIDGESTONE VX-TRACTOR 130D/127E TL,BRIDGESTONE,380/70R24,Rolnicze,Ciągnik
355/50R22.5 BRIDGESTONE HS2 ECO 156L 3PMSF M+S FRONT,BRIDGESTONE,355/50R22.5,Ciężarowe,Oś kierowana
315/70R22.5 BRIDGESTONE RD2 DURAVIS 154L/152M DRIVE,BRIDGESTONE,315/70R22.5,Ciężarowe,Oś napędowa
315/60R22.5 BRIDGESTONE DURAVIS RD2 152L/148L 3PMSF DRIVE,BRIDGESTONE,315/60R22.5,Ciężarowe,Oś napędowa
295/80R22.5 BRIDGESTONE RD2 DURAVIS 152M/148M DRIVE,BRIDGESTONE,295/80R22.5,Ciężarowe,Oś napędowa
315/80R22.5 BRIDGESTONE RS2 DURAVIS 156L/154M 3PMSF FRONT,BRIDGESTONE,315/80R22.5,Ciężarowe,Oś kierowana
315/70R22.5 BRIDGESTONE RS2 DURAVIS 156L/154M 3PMSF FRONT,BRIDGESTONE,315/70R22.5,Ciężarowe,Oś kierowana
295/80R22.5 BRIDGESTONE RS2 DURAVIS 154M/149M 3PMSF FRONT,BRIDGESTONE,295/80R22.5,Ciężarowe,Oś kierowana
385/55R22.5 BRIDGESTONE RS2 DURAVIS 160K/158L FRONT,BRIDGESTONE,385/55R22.5,Ciężarowe,Oś kierowana
385/65R22.5 BRIDGESTONE RS2 DURAVIS 160K/158L FRONT,BRIDGESTONE,385/65R22.5,Ciężarowe,Oś kierowana
315/60R22.5 BRIDGESTONE RS2 DURAVIS 154L/148L 3PMSF FRONT,BRIDGESTONE,315/60R22.5,Ciężarowe,Oś kierowana
295/80R22.5 BRIDGESTONE COACH-AP01 154M/149M 3PMSF,BRIDGESTONE,295/80R22.5,Ciężarowe,All position
315/60R22.5 BRIDGESTONE HD2 ECO 153L/148L DRIVE,BRIDGESTONE,315/60R22.5,Ciężarowe,Oś napędowa
245/70R19.5 BRIDGESTONE U-AP002 136L 3PMSF,BRIDGESTONE,245/70R19.5,Ciężarowe,Uniwersalne/pozostałe
440/80-24 MICHELIN POWER CL 168A8 TL,MICHELIN,16.9-24,Przemysłowe,Koparka
315/80R22.5 MICHELIN X LINE ENERGY D 156/150L 3PMSF DRIVE,MICHELIN,315/80R22.5,Ciężarowe,Oś napędowa
7.50-20 JK TYRE SONA1 3R 103A6 8PR TT,JK TYRE,7.50-20,Rolnicze,Wózek widłowy
6.00-16 JK TYRE FF99 6PR TT,JK TYRE,6.00-16,Rolnicze,Wózek widłowy
305/70R19.5 KUMHO KRS03 148/145M FRONT,KUMHO,305/70R19.5,Ciężarowe,Oś kierowana
385/65R22.5 MICHELIN XTE3 160J M+S,MICHELIN,385/65R22.5,Ciężarowe,Uniwersalne/pozostałe
18.4R38 KLEBER TRAKER 149A8/146B TL,KLEBER,18.4R38,Rolnicze,Ciągnik
5.00-15 JK TYRE SONA TRACTOR FRONT 82A8 6PR TL FRONT,JK TYRE,5.00-15,Rolnicze,Uniwersalne/pozostałe
6.00-16 JK TYRE SHRESTH TRACTOR FRONT 94A6 8PR TT FRONT,JK TYRE,6.00-16,Rolnicze,Uniwersalne/pozostałe
7.50-16 JK TYRE SHRESTH TRACTOR FRONT 103A6 8PR TT FRONT,JK TYRE,7.50-16,Rolnicze,Uniwersalne/pozostałe
16.9R34 JK TYRE AGRI KING 85 142B TL,JK TYRE,16.9R34,Przemysłowe,Wózek widłowy
16.9R30 JK TYRE AGRI KING 85 TORNEL 140B TL,JK TYRE,16.9R30,Przemysłowe,Wózek widłowy
420/70R28 JK TYRE AGRI KING 70 133B TL,JK TYRE,420/70R28,Przemysłowe,Wózek widłowy
380/70R24 JK TYRE AGRI KING 70 125B TL,JK TYRE,380/70R24,Przemysłowe,Wózek widłowy
320/70R24 JK TYRE AGRI KING 70 116B TL,JK TYRE,320/70R24,Przemysłowe,Wózek widłowy
320/70R20 JK TYRE AGRI KING 70 123B TL,JK TYRE,320/70R20,Przemysłowe,Wózek widłowy
280/70R18 JK TYRE AGRI KING 70 114B TL,JK TYRE,280/70R18,Przemysłowe,Wózek widłowy
9.5-22 JK TYRE JTR 45 110A6 8PR TL,JK TYRE,9.5-22,Przemysłowe,Wózek widłowy
6.00-12 JK TYRE TRAC MASTER 84A6 8PR TL,JK TYRE,6.00-12,Przemysłowe,Wózek widłowy
6.00-12 JK TYRE TRAC MASTER 6PR TL,JK TYRE,6.00-12,Przemysłowe,Wózek widłowy
23.1-26 JK TYRE TRAC MASTER 156A6 14PR TL,JK TYRE,23.1-26,Przemysłowe,Wózek widłowy
18.4-30 JK TYRE JTR 45 149A6 12PR TL,JK TYRE,18.4-30,Przemysłowe,Wózek widłowy
20.8-38 JK TYRE TRAC MASTER 16PR TT,JK TYRE,20.8-38,Przemysłowe,Wózek widłowy
18.4-38 JK TYRE JTR 45 153A6 12PR TT,JK TYRE,18.4-38,Przemysłowe,Wózek widłowy
18.4-34 JK TYRE JTR 45 146A6 10PR TT,JK TYRE,18.4-34,Przemysłowe,Wózek widłowy
15.5-38 JK TYRE JTR 45 138A6 10PR TT,JK TYRE,15.5-38,Przemysłowe,Wózek widłowy
14.9-28 JK TYRE JTR 45 137A6 12PR TT,JK TYRE,14.9-28,Przemysłowe,Wózek widłowy
14.9-28 JK TYRE JTR 45 130A6 8PR TT,JK TYRE,14.9-28,Przemysłowe,Wózek widłowy
12.4-28 JK TYRE JTR 45 123A6 8PR TT,JK TYRE,12.4-28,Przemysłowe,Wózek widłowy
12.4-24 JK TYRE JTR 45 121A6 8PR TT,JK TYRE,12.4-24,Przemysłowe,Wózek widłowy
11.2-28 JK TYRE JTR 45 118A6 8PR TT,JK TYRE,11.2-28,Przemysłowe,Wózek widłowy
280/70R20 ALLIANCE AGRISTAR II 116D STUBBLE GUARD TL,ALLIANCE,280/70R20,Rolnicze,Ciągnik
420/85R34 ALLIANCE AGRISTAR II 147D STUBBLE GUARD TL,ALLIANCE,16.9R34,Rolnicze,Ciągnik
420/85R34 ALLIANCE AGRI STAR II 142D STUBBLE GUARD TL,ALLIANCE,16.9R34,Rolnicze,Ciągnik
9.5R42 ALLIANCE 350 133D TL,ALLIANCE,9.5R42,Rolnicze,Ciągnik
9.5R32 ALLIANCE 350 131A8/128D TL,ALLIANCE,9.5R32,Rolnicze,Ciągnik
33X15.50-15 ALLIANCE GRASSLAND FLOTATION 221 124B 8PR TL,ALLIANCE,33x15.50-15,Rolnicze,Kosiarka/ogród
8.3-20 JK TYRE SONA-1 R-1 TRACTOR REAR 8PR TT,JK TYRE,8.3-20,Przemysłowe,Wózek widłowy
5.00-12 JK TYRE TRAC MASTER TT,JK TYRE,5.00-12,Przemysłowe,Wózek widłowy
320/60-12 TRELLEBORG T421 132A8 TT,TRELLEBORG,320/60-12,Rolnicze,Przyczepa
220/60-12 TRELLEBORG T539 SOFT GRIP 88A8 TL,TRELLEBORG,220/60-12,Rolnicze,Kosiarka/ogród
295/80R22.5 BFGOODRICH ROUTE CONTROL D 152/148M 3PMSF M+S DRIVE,BFGOODRICH,295/80R22.5,Ciężarowe,Oś napędowa
355/50R22.5 MICHELIN X LINE ENERGY Z 3 158K 3PMSF M+S FRONT,MICHELIN,355/50R22.5,Ciężarowe,Oś kierowana
300-15 CONTINENTAL SC20 STD MILEAGE+,CONTINENTAL,300-15,Przemysłowe,Wózek widłowy
300-15 CONTINENTAL SC20+ SIT,CONTINENTAL,300-15,Przemysłowe,Wózek widłowy
250-15 CONTINENTAL SC20+ 153A5,CONTINENTAL,250-15,Przemysłowe,Wózek widłowy
28X9-15 CONTINENTAL SC20+,CONTINENTAL,28x9-15,Przemysłowe,Wózek widłowy
8.25-15 CONTINENTAL SC20+ STD 153A5,CONTINENTAL,8.25-15,Przemysłowe,Wózek widłowy
27X10-12 CONTINENTAL SC20+,CONTINENTAL,27x10-12,Przemysłowe,Wózek widłowy
250/60-12 CONTINENTAL SC20+,CONTINENTAL,250/60-12,Przemysłowe,Wózek widłowy
23X9-10 CONTINENTAL SC20+,CONTINENTAL,23x9-10,Przemysłowe,Wózek widłowy
200/50-10 CONTINENTAL SC20+,CONTINENTAL,200/50-10,Przemysłowe,Wózek widłowy
6.50-10 CONTINENTAL SC20+,CONTINENTAL,6.50-10,Przemysłowe,Wózek widłowy
6.50-10 CONTINENTAL SC20+,CONTINENTAL,6.50-10,Przemysłowe,Wózek widłowy
140/55-9 CONTINENTAL SC20+,CONTINENTAL,140/55-9,Przemysłowe,Wózek widłowy
18X7-8 CONTINENTAL SC20 MILEAGE+,CONTINENTAL,18x7-8,Przemysłowe,Wózek widłowy
18X7-8 CONTINENTAL SC20+,CONTINENTAL,18x7-8,Przemysłowe,Wózek widłowy
150/75-8 CONTINENTAL SC20+,CONTINENTAL,150/75-8,Przemysłowe,Wózek widłowy
5.00-8 CONTINENTAL SC20+ STD,CONTINENTAL,5.00-8,Przemysłowe,Wózek widłowy
125/75-8 CONTINENTAL SC20+,CONTINENTAL,125/75-8,Przemysłowe,Wózek widłowy
18X7-8 CONTINENTAL CS20,CONTINENTAL,18x7-8,Przemysłowe,Wózek widłowy
18X7-8 CONTINENTAL SC20,CONTINENTAL,18x7-8,Przemysłowe,Wózek widłowy
18X7-8 CONTINENTAL SC20,CONTINENTAL,18x7-8,Przemysłowe,Wózek widłowy
8.25-15 CONTINENTAL SC20,CONTINENTAL,8.25-15,Przemysłowe,Wózek widłowy
200/50-10 CONTINENTAL SC20,CONTINENTAL,200/50-10,Przemysłowe,Wózek widłowy
180/60-10 CONTINENTAL SC20,CONTINENTAL,180/60-10,Przemysłowe,Wózek widłowy
6.00-9 CONTINENTAL SC20 SIT,CONTINENTAL,6.00-9,Przemysłowe,Wózek widłowy
140/55-9 CONTINENTAL SC20,CONTINENTAL,140/55-9,Przemysłowe,Wózek widłowy
140/55-9 CONTINENTAL SC20,CONTINENTAL,140/55-9,Przemysłowe,Wózek widłowy
6.50-10 CONTINENTAL SC20,CONTINENTAL,6.50-10,Przemysłowe,Wózek widłowy
6.50-10 CONTINENTAL SC20,CONTINENTAL,6.50-10,Przemysłowe,Wózek widłowy
125/75-8 CONTINENTAL SC20,CONTINENTAL,125/75-8,Przemysłowe,Wózek widłowy
23X10-12 CONTINENTAL SC20,CONTINENTAL,23x10-12,Przemysłowe,Wózek widłowy
27X10-12 CONTINENTAL SC20,CONTINENTAL,27x10-12,Przemysłowe,Wózek widłowy
23X9-10 CONTINENTAL SC20,CONTINENTAL,23x9-10,Przemysłowe,Wózek widłowy
21X8-9 CONTINENTAL SC20,CONTINENTAL,21x8-9,Przemysłowe,Wózek widłowy
125/75-8 CONTINENTAL SC20,CONTINENTAL,125/75-8,Przemysłowe,Wózek widłowy
205/75R17.5 FALKEN RI151 124M/122M 3PMSF M+S,FALKEN,205/75R17.5,Ciężarowe,Oś kierowana
245/70R19.5 BRIDGESTONE RT1 141J/140J,BRIDGESTONE,245/70R19.5,Ciężarowe,Naczepa/przyczepa
17.5-24 GALAXY MIGHTY MOW 8PR TL,GALAXY,17.5-24,Przemysłowe,Uniwersalne/pozostałe
550/60-22.5 MITAS TR08 171A8 TL,MITAS,550/60-22.5,Rolnicze,Przyczepa
385/55R22.5 BRIDGESTONE HT2 ECOPIA 160K/158L 3PMSF,BRIDGESTONE,385/55R22.5,Ciężarowe,Naczepa/przyczepa
385/65R22.5 BRIDGESTONE ECO HT2 160K/158L 3PMSF,BRIDGESTONE,385/65R22.5,Ciężarowe,Naczepa/przyczepa
205/75R17.5 FIRESTONE FD611 124M/122M 3PMSF M+S DRIVE,FIRESTONE,205/75R17.5,Ciężarowe,Oś napędowa
245/70R19.5 FIRESTONE FS411 136M/134M 3PMSF FRONT,FIRESTONE,245/70R19.5,Ciężarowe,Oś kierowana
285/70R19.5 FIRESTONE FS411 145M/146M FRONT,FIRESTONE,285/70R19.5,Ciężarowe,Oś kierowana
205/75R17.5 FIRESTONE FS411 124/122M 3PMSF FRONT,FIRESTONE,205/75R17.5,Ciężarowe,Oś kierowana
225/75R17.5 FIRESTONE FD611 129M/127M 3PMSF DRIVE,FIRESTONE,225/75R17.5,Ciężarowe,Oś napędowa
245/70R19.5 FIRESTONE FD611 136M/134M 3PMSF DRIVE,FIRESTONE,245/70R19.5,Ciężarowe,Oś napędowa
265/70R17.5 BRIDGESTONE RD2 138M/136M 3PMSF DRIVE,BRIDGESTONE,265/70R17.5,Ciężarowe,Oś napędowa
205/75R17.5 BRIDGESTONE RD2 124/122M 3PMSF DRIVE,BRIDGESTONE,205/75R17.5,Ciężarowe,Oś napędowa
265/70R17.5 BRIDGESTONE RS2 138M/136M 3PMSF FRONT,BRIDGESTONE,265/70R17.5,Ciężarowe,Oś kierowana
385/65R22.5 FIRESTONE FT833 160K 3PMSF M+S,FIRESTONE,385/65R22.5,Ciężarowe,Naczepa/przyczepa
15.0/55-17 MITAS TR01 10PR TL,MITAS,15.0/55-17,Rolnicze,Przyczepa
14.9R24 BRIDGESTONE VX-TRACTOR 137D/134E TL,BRIDGESTONE,14.9R24,Rolnicze,Ciągnik
580/70R38 BRIDGESTONE VX-TRACTOR 160D/157E TL,BRIDGESTONE,580/70R38,Rolnicze,Ciągnik
710/50R26.5 MITAS AGRITERRA ULTRA 170D TL SB,MITAS,710/50R26.5,Rolnicze,Przyczepa
600/50R22.5 MITAS AGRITERRA ULTRA 163D TL,MITAS,600/50R22.5,Rolnicze,Przyczepa
480/70R28 BRIDGESTONE VX-TRACTOR 145D/142E TL,BRIDGESTONE,480/70R28,Rolnicze,Ciągnik
540/65R38 BRIDGESTONE VX-TRACTOR 153D/150E TL,BRIDGESTONE,540/65R38,Rolnicze,Ciągnik
340/55-16 TRELLEBORG AW305 140A8 TL,TRELLEBORG,340/55-16,Rolnicze,Przyczepa
235/75R17.5 BRIDGESTONE RS2 132M/130M FRONT,BRIDGESTONE,235/75R17.5,Ciężarowe,Oś kierowana
600/40-22.5 MITAS TR12 172A8/160A8 TL,MITAS,600/40-22.5,Rolnicze,Przyczepa
600/40-22.5 MITAS TR12 161A8 TL,MITAS,600/40-22.5,Rolnicze,Przyczepa
31X15.50-15 MITAS TR07 8PR TL,MITAS,31x15.50-15,Rolnicze,Przyczepa
31X15.50-15 MITAS TR06 8PR TL,MITAS,31x15.50-15,Rolnicze,Przyczepa
405/70-20 MITAS MPT01 16PR TL,MITAS,405/70-20,Przemysłowe,Maszyny górnicze
385/65R22.5 MICHELIN X LINE ENERGY F 160K 3PMSF FRONT,MICHELIN,385/65R22.5,Ciężarowe,Oś kierowana
480/70R28 CULTOR RD-02 140A8/140B TL,CULTOR,480/70R28,Rolnicze,Ciągnik
245/70R17.5 JK TYRE JETWAY JUH5 143/141J 3PMSF M+S,JK TYRE,245/70R17.5,Ciężarowe,Uniwersalne/pozostałe
315/70R22.5 MICHELIN X MULTI ENERGY Z2 158/150L 3PMSF M+S FRONT,MICHELIN,315/70R22.5,Ciężarowe,Oś kierowana
4.10-4 TRELLEBORG T539 6PR TT,TRELLEBORG,4.10-4,Rolnicze,Kosiarka/ogród
13X5.00-6 TRELLEBORG T510 4PR TL,TRELLEBORG,13x5.00-6,Rolnicze,Uniwersalne/pozostałe
16X6.50-8 MITAS B19 10PR TL,MITAS,16x6.50-8,Rolnicze,Kosiarka/ogród
16X6.50-8 MITAS B19 6PR TL,MITAS,16x6.50-8,Rolnicze,Kosiarka/ogród
385/65R22.5 JK TYRE JETWAY JUC-XD 164K 3PMSF M+S,JK TYRE,385/65R22.5,Ciężarowe,Uniwersalne/pozostałe
315/80R22.5 JK TYRE JETWAY JUC4 156/150L 3PMSF M+S FRONT,JK TYRE,315/80R22.5,Ciężarowe,Oś kierowana
385/65R22.5 JK TYRE JETWAY JUH6 164K/158L 3PMSF M+S,JK TYRE,385/65R22.5,Ciężarowe,Uniwersalne/pozostałe
385/65R22.5 CELESTIS CTH2 164K 3PMSF M+S,CELESTIS,385/65R22.5,Ciężarowe,All position
385/65R22.5 JK TYRE JETWAY JTL 164K 3PMSF M+S,JK TYRE,385/65R22.5,Ciężarowe,Naczepa/przyczepa
385/55R22.5 JK TYRE JETWAY JTL 160K/158L 3PMSF M+S,JK TYRE,385/55R22.5,Ciężarowe,Naczepa/przyczepa
315/80R22.5 JK TYRE JETWAY JUL4 156L/150J 3PMSF M+S FRONT,JK TYRE,315/80R22.5,Ciężarowe,Oś kierowana
315/80R22.5 CELESTIS CUH2 156/150L 3PMSF M+S FRONT,CELESTIS,315/80R22.5,Ciężarowe,Oś kierowana
315/70R22.5 JK TYRE JETWAY JUL4 156L/150J 3PMSF M+S FRONT,JK TYRE,315/70R22.5,Ciężarowe,Oś kierowana
315/70R22.5 CELESTIS CUH2 156/150L 3PMSF M+S FRONT,CELESTIS,315/70R22.5,Ciężarowe,Oś kierowana
295/80R22.5 JK TYRE JETWAY JUL3 152M/148H 3PMSF M+S FRONT,JK TYRE,295/80R22.5,Ciężarowe,Oś kierowana
11R22.5 JK TYRE JETWAY JUL3 146L/143L 3PMSF M+S,JK TYRE,11R22.5,Ciężarowe,Uniwersalne/pozostałe
11R22.5 JK TYRE JETWAY JTH1 148L/145L 3PMSF M+S,JK TYRE,11R22.5,Ciężarowe,Naczepa/przyczepa
315/80R22.5 CELESTIS CDL4+ 156L/150J 3PMSF M+S DRIVE,CELESTIS,315/80R22.5,Ciężarowe,Oś napędowa
315/80R22.5 JK TYRE JETSTEEL JDL3 156L/150J 3PMSF M+S DRIVE,JK TYRE,315/80R22.5,Ciężarowe,Oś napędowa
315/80R22.5 JK TYRE JETSTEEL JDC3 156K/150J 3PMSF M+S DRIVE,JK TYRE,315/80R22.5,Ciężarowe,Oś napędowa
315/80R22.5 CELESTIS CDC1 156K/150J 3PMSF M+S DRIVE,CELESTIS,315/80R22.5,Ciężarowe,Oś napędowa
315/70R22.5 CELESTIS CDL4+ 154L/150J 3PMSF M+S DRIVE,CELESTIS,315/70R22.5,Ciężarowe,Oś napędowa
315/70R22.5 JK TYRE JETSTEEL JDL3 154L/150J 3PMSF M+S DRIVE,JK TYRE,315/70R22.5,Ciężarowe,Oś napędowa
315/60R22.5 JK TYRE JETSTEEL JDL3 152L/148L 3PMSF M+S DRIVE,JK TYRE,315/60R22.5,Ciężarowe,Oś napędowa
295/60R22.5 JK TYRE JETSTEEL JDL3 150/147L 3PMSF M+S DRIVE,JK TYRE,295/60R22.5,Ciężarowe,Oś napędowa
15X6.00-6 TRELLEBORG T510 6PR TT,TRELLEBORG,15x6.00-6,Rolnicze,Uniwersalne/pozostałe
4.00-10 MITAS B12 2PR TT,MITAS,4.00-10,Rolnicze,Kosiarka/ogród
6.5/80-12 MITAS B18 4PR TT,MITAS,6.5/80-12,Rolnicze,Kosiarka/ogród
5.00-10 MITAS B17 4PR TT,MITAS,5.00-10,Rolnicze,Ciągnik
9.00R20 JK TYRE JETSTEEL JDE++ 142/140K M+S DRIVE,JK TYRE,9.00R20,Ciężarowe,Oś napędowa
8.25R20 JK TYRE JETSTEEL JDE++ 137/135K DRIVE,JK TYRE,8.25R20,Ciężarowe,Oś napędowa
265/70R19.5 FIRESTONE FD611 140M/138M 3PMSF DRIVE,FIRESTONE,265/70R19.5,Ciężarowe,Oś napędowa
215/75R17.5 FIRESTONE FD611 128M/126M 3PMSF DRIVE,FIRESTONE,215/75R17.5,Ciężarowe,Oś napędowa
265/70R19.5 FIRESTONE FS411 140M/138M 3PMSF FRONT,FIRESTONE,265/70R19.5,Ciężarowe,Oś kierowana
255/100R16 MICHELIN XZL 126K TL M+S,MICHELIN,255/100R16,Ciężarowe,All position
710/40-22.5 TRELLEBORG T404 158A8 TL,TRELLEBORG,710/40-22.5,Rolnicze,Przyczepa
215/75R17.5 FIRESTONE FS411 126M/124M 3PMSF FRONT,FIRESTONE,215/75R17.5,Ciężarowe,Oś kierowana
445/45R19.5 BRIDGESTONE HT2 ECOPIA 160J 3PMSF M+S,BRIDGESTONE,445/45R19.5,Ciężarowe,Naczepa/przyczepa
245/70R17.5 BRIDGESTONE RT1 143J/146F 3PMSF,BRIDGESTONE,245/70R17.5,Ciężarowe,Naczepa/przyczepa
385/65R22.5 BRIDGESTONE RT2 DURAVIS 160K/158L,BRIDGESTONE,385/65R22.5,Ciężarowe,Naczepa/przyczepa
385/55R22.5 BRIDGESTONE RT2 DURAVIS 160K,BRIDGESTONE,385/55R22.5,Ciężarowe,Naczepa/przyczepa
400/70R20 FIRESTONE DURA-UT 149A TL,FIRESTONE,400/70R20,Rolnicze,Ciągnik
17.5R24 FIRESTONE R8000UT 159A/159B TL,FIRESTONE,17.5R24,Rolnicze,Ciągnik
600/70R30 BRIDGESTONE VT-TRACTOR 165D/161E TL,BRIDGESTONE,600/70R30,Rolnicze,Ciągnik
VF600/65R28 BRIDGESTONE VT-TRACTOR 159D/156E TL,BRIDGESTONE,600/65R28,Rolnicze,Ciągnik
235/75R17.5 BRIDGESTONE RT1 143J/146F 3PMSF,BRIDGESTONE,235/75R17.5,Ciężarowe,Naczepa/przyczepa
265/70R19.5 BRIDGESTONE RT1 143K,BRIDGESTONE,265/70R19.5,Ciężarowe,Naczepa/przyczepa
265/70R19.5 BRIDGESTONE RS2 140M/138M FRONT,BRIDGESTONE,265/70R19.5,Ciężarowe,Oś kierowana
215/75R17.5 BRIDGESTONE RS2 128M/126M FRONT,BRIDGESTONE,215/75R17.5,Ciężarowe,Oś kierowana
225/75R17.5 BRIDGESTONE RS2 129M/127M 3PMSF FRONT,BRIDGESTONE,225/75R17.5,Ciężarowe,Oś kierowana
245/70R17.5 BRIDGESTONE RS2 136M/134M FRONT,BRIDGESTONE,245/70R17.5,Ciężarowe,Oś kierowana
285/70R19.5 BRIDGESTONE RS2 146M/144M 3PMSF FRONT,BRIDGESTONE,285/70R19.5,Ciężarowe,Oś kierowana
225/75R17.5 BRIDGESTONE RD2 129M/127M 3PMSF DRIVE,BRIDGESTONE,225/75R17.5,Ciężarowe,Oś napędowa
285/70R19.5 BRIDGESTONE RD2 146M/144M 3PMSF DRIVE,BRIDGESTONE,285/70R19.5,Ciężarowe,Oś napędowa
265/70R19.5 BRIDGESTONE RD2 140M/138M DRIVE,BRIDGESTONE,265/70R19.5,Ciężarowe,Oś napędowa
315/80R22.5 DAYTON D800M 156K/150K FRONT,DAYTON,315/80R22.5,Ciężarowe,Oś kierowana
540/65R30 TRELLEBORG TM800 150D/147E TL HS,TRELLEBORG,540/65R30,Rolnicze,Ciągnik
14.00-24 MITAS TG02 16PR TL,MITAS,14.00-24,Przemysłowe,Uniwersalne/pozostałe
19.0/45-17 MITAS IM04 14PR TL,MITAS,19.0/45-17,Rolnicze,Przyczepa
480/65-22.5 MITAS MPT06 16PR TL,MITAS,480/65-22.5,Przemysłowe,Maszyny górnicze
600/50-22.5 MITAS TR08 HD 156A8/168A8 TL,MITAS,600/50-22.5,Rolnicze,Przyczepa
15.0/55-17 MITAS TR01 10PR TL,MITAS,15.0/55-17,Rolnicze,Przyczepa
31X15.50-15 MITAS SK-02 8PR TL,MITAS,31x15.50-15,Przemysłowe,Uniwersalne/pozostałe
12.5/80-18 MITAS IM04 16PR TT,MITAS,12.5/80-18,Rolnicze,Przyczepa
12.5/80-18 MITAS IM04 14PR TT,MITAS,12.5/80-18,Rolnicze,Przyczepa
15.0/55-17 MITAS IM04 14PR TL,MITAS,15.0/55-17,Rolnicze,Przyczepa
14.9-38 MITAS TD05 6PR TT,MITAS,14.9-38,Rolnicze,Ciągnik
12.4-28 MITAS TD02 8PR TT,MITAS,12.4-28,Rolnicze,Ciągnik
19.5-24 MITAS TI05 S116 12PR TL,MITAS,19.5-24,Przemysłowe,Uniwersalne/pozostałe
17.5-24 MITAS TI02 10PR TL,MITAS,17.5-24,Przemysłowe,Koparka
26.5-25 MITAS EM60 32PR TL,MITAS,26.5-25,Przemysłowe,Uniwersalne/pozostałe
26.5-25 MITAS EM60 28PR TL,MITAS,26.5-25,Przemysłowe,Uniwersalne/pozostałe
23.5-25 MITAS EM20 20PR TL,MITAS,23.5-25,Przemysłowe,Maszyny górnicze
20.5-25 MITAS EM30 16PR TL,MITAS,20.5-25,Przemysłowe,Maszyny górnicze
20.5-25 MITAS EM20 16PR TL,MITAS,20.5-25,Przemysłowe,Maszyny górnicze
20-24 MITAS EM70 12PR TL,MITAS,20-24,Przemysłowe,Maszyny górnicze
17.5-25 MITAS EM60 22PR TL,MITAS,17.5-25,Przemysłowe,Uniwersalne/pozostałe
17.5-25 MITAS EM30 16PR TL,MITAS,17.5-25,Przemysłowe,Uniwersalne/pozostałe
11.00-20 MITAS COMPACTOR EXTRA 18PR TT,MITAS,11.00-20,Przemysłowe,Kompaktor
9.00-20 MITAS NB38 EXTRA ML 14PR TT,MITAS,9.00-20,Przemysłowe,Kompaktor
360/85-20 MITAS MPT04 IND 14PR TL,MITAS,360/85-20,Przemysłowe,Maszyny górnicze
14.5-20 MITAS MPT03 12PR TL,MITAS,14.5-20,Przemysłowe,Maszyny górnicze
14.5-20 MITAS MPT05 12PR TL,MITAS,14.5-20,Przemysłowe,Maszyny górnicze
360/85-20 MITAS MPT04 12PR TL,MITAS,360/85-20,Przemysłowe,Maszyny górnicze
10.5-20 MITAS MPT05 10PR TL,MITAS,10.5-20,Przemysłowe,Maszyny górnicze
10.5-20 MITAS MPT04 10PR TL,MITAS,10.5-20,Przemysłowe,Maszyny górnicze
280/80-18 MITAS MPT-01 140B 16PR TL,MITAS,280/80-18,Przemysłowe,Ładowarka
11.00-20 MITAS NB59 16PR TT,MITAS,11.00-20,Przemysłowe,Kompaktor
10.00-20 MITAS NB41 16PR,MITAS,10.00-20,Ciężarowe,Uniwersalne/pozostałe
340/80R18 MICHELIN XMCL 143A8/143B TL,MICHELIN,340/80R18,Przemysłowe,Koparka
VF620/70R26 ALLIANCE AGRIFLEX 372 + 173D TL,ALLIANCE,620/70R26,Rolnicze,Kombajn
28L-26 ALLIANCE FORESTAR 345 177A2/165A6 20PR TL,ALLIANCE,28L-26,Leśne,Forwarder/Harwester
210/95R16 ALLIANCE AGRISTAR II 106D TL,ALLIANCE,210/95R16,Rolnicze,Ciągnik
355/65-15 CONTINENTAL IC40 170A5 24PR TL,CONTINENTAL,355/65-15,Przemysłowe,Wózek widłowy
23X9-10 CONTINENTAL IC40 142A5 20PR TT,CONTINENTAL,23x9-10,Przemysłowe,Wózek widłowy
8.25-15 CONTINENTAL IC40 153A5 18PR TT,CONTINENTAL,8.25-15,Przemysłowe,Wózek widłowy
300-15 CONTINENTAL IC40 165A5 22PR TT,CONTINENTAL,300-15,Przemysłowe,Wózek widłowy
28X9-15 CONTINENTAL IC40 146A5 14PR TT,CONTINENTAL,28x9-15,Przemysłowe,Wózek widłowy
27X10-12 CONTINENTAL IC40 152A5 20PR TT,CONTINENTAL,27x10-12,Przemysłowe,Wózek widłowy
7.00-12 CONTINENTAL IC40 136A5 16PR TT,CONTINENTAL,7.00-12,Przemysłowe,Wózek widłowy
6.50-10 CONTINENTAL IC40 128A5 14PR,CONTINENTAL,6.50-10,Przemysłowe,Wózek widłowy
6.00-9 CONTINENTAL IC40 121A5 12PR,CONTINENTAL,6.00-9,Przemysłowe,Wózek widłowy
18X7-8 CONTINENTAL IC40 125A5 16PR TT,CONTINENTAL,18x7-8,Przemysłowe,Wózek widłowy
300-15 CONTINENTAL IC12 165A5 22PR,CONTINENTAL,300-15,Przemysłowe,Wózek widłowy
7.00-12 CONTINENTAL IC10 136A5 16PR TT,CONTINENTAL,7.00-12,Przemysłowe,Wózek widłowy
5.00-8 CONTINENTAL IC10 106A5 8PR TT,CONTINENTAL,5.00-8,Przemysłowe,Wózek widłowy
4.00-8 CONTINENTAL IC10 97A5 10PR TT,CONTINENTAL,4.00-8,Przemysłowe,Wózek widłowy
17.5R24 CONTINENTAL COMPACTMASTER EM 159A8/159B TL,CONTINENTAL,17.5R24,Rolnicze,Uniwersalne/pozostałe
600/65R28 CONTINENTAL TRACTOR MASTER 154D/157A8 TL,CONTINENTAL,600/65R28,Rolnicze,Uniwersalne/pozostałe
365/80R20 CONTINENTAL MPT 81 152K TL M+S,CONTINENTAL,365/80R20,Przemysłowe,Uniwersalne/pozostałe
385/65R22.5 CONTINENTAL CONTI HYBRID HT5 164K 3PMSF M+S,CONTINENTAL,385/65R22.5,Ciężarowe,Oś kierowana
315/70R22.5 CONTINENTAL HD5 CONTI ECO 150L/148M 3PMSF M+S DRIVE,CONTINENTAL,315/70R22.5,Ciężarowe,Oś napędowa
315/60R22.5 CONTINENTAL HD3+ CONTI ECOPLUS 152/148L 3PMSF M+S DRIVE,CONTINENTAL,315/60R22.5,Ciężarowe,Oś napędowa
385/65R22.5 CONTINENTAL CONTI CROSSTRAC HS3 164K 20PR 3PMSF M+S FRONT,CONTINENTAL,385/65R22.5,Ciężarowe,Oś kierowana
315/60R22.5 CONTINENTAL CONTI ECO HS 5 154/150L 3PMSF M+S HS FRONT,CONTINENTAL,315/60R22.5,Ciężarowe,Oś kierowana
385/65R22.5 CONTINENTAL CONTI ECO HS 5 164K 3PMSF M+S HS FRONT,CONTINENTAL,385/65R22.5,Ciężarowe,Oś kierowana
385/65R22.5 BARUM BF 200 160K/158L 3PMSF M+S FRONT,BARUM,385/65R22.5,Ciężarowe,Oś kierowana
400/80-24 MICHELIN POWER CL 162A8 20PR TL,MICHELIN,15.5/80-24,Przemysłowe,Koparka
10R17.5 CONTINENTAL LDR1 134/132L 3PMSF DRIVE,CONTINENTAL,10R17.5,Ciężarowe,Oś napędowa
10R17.5 CONTINENTAL LSR1 134/132L FRONT,CONTINENTAL,10R17.5,Ciężarowe,Oś kierowana
540/65R30 KLEBER GRIPKER 143D TL,KLEBER,540/65R30,Rolnicze,Ciągnik
23.5-25 STOMIL POZNAŃ S29 20PR TL,STOMIL POZNAŃ,23.5-25,Przemysłowe,Uniwersalne/pozostałe
16.0/70-20 GRI GRIP EX MP500 14PR R-4 TL,GRI,16.0/70-20,Rolnicze,Ładowarka
6.50-10 GRI LIFT EX F300 14PR TT,GRI,6.50-10,Przemysłowe,Wózek widłowy
5.00-8 GRI LIFT EX F300 10PR TT,GRI,5.00-8,Przemysłowe,Wózek widłowy
7.00-15 GRI LIFT EX F300 14PR TT,GRI,7.00-15,Przemysłowe,Wózek widłowy
10.00-20 GRI LIFT EX F300 18PR TT,GRI,10.00-20,Przemysłowe,Wózek widłowy
8.25-15 GRI LIFT EX F300 16PR TT,GRI,8.25-15,Przemysłowe,Wózek widłowy
8.15-15 GRI LIFT EX F300 16PR TT,GRI,8.15-15,Przemysłowe,Wózek widłowy
6.00-9 GRI LIFT EX F300 12PR TT,GRI,6.00-9,Przemysłowe,Wózek widłowy
300-15 GRI LIFT EX F300 20PR TT,GRI,300-15,Przemysłowe,Wózek widłowy
23X9-10 GRI LIFT EX F300 20PR TT,GRI,23x9-10,Przemysłowe,Wózek widłowy
7.00-12 GRI LIFT EX F300 14PR TT,GRI,7.00-12,Przemysłowe,Wózek widłowy
5.00-8 GRI LIFT EX F300 8PR TT,GRI,5.00-8,Przemysłowe,Wózek widłowy
250-15 GRI LIFT EX F300 20PR TT,GRI,250-15,Przemysłowe,Wózek widłowy
18X7-8 GRI LIFT EX F300 16PR TT,GRI,18x7-8,Przemysłowe,Wózek widłowy
460/70R24 GRI GRIP XLR EARTH TH200 159A8 R-4 TL,GRI,460/70R24,Rolnicze,Ładowarka
460/70R24 GRI GRIP XLR TH210 161A8 R-4 TL,GRI,460/70R24,Rolnicze,Ładowarka
460/70R24 GRI GRIP XLR TH200 159A8 R-4 TL,GRI,460/70R24,Rolnicze,Ładowarka
500/70R24 GRI GRIP XLR MP55 164A8 R-4 TL,GRI,500/70R24,Rolnicze,Ładowarka
500/70R24 GRI GRIP XLR MP55 157A8 R-4 TL,GRI,500/70R24,Rolnicze,Ładowarka
18.4-26 GRI GRIP EX R410 16PR R-4 TL,GRI,18.4-26,Rolnicze,Ładowarka
18.4-26 GRI GRIP EX R410 14PR R-4 TL,GRI,18.4-26,Rolnicze,Ładowarka
17.5-25 GRI GRIP EX LT200 16PR L-2 TL,GRI,17.5-25,Przemysłowe,Ładowarka
20.5-25 GRI GRIP EX LT200 16PR L-2 TL,GRI,20.5-25,Przemysłowe,Ładowarka
12.5-20 GRI GRIP EX MP500 12PR R-4 TL,GRI,12.5-20,Rolnicze,Ładowarka
12.5-18 GRI GRIP EX MP500 10PR R-4 TL,GRI,12.5-18,Rolnicze,Ładowarka
12.5-18 GRI GRIP EX MP500 12PR R-4 TL,GRI,12.5-18,Rolnicze,Ładowarka
16.9-24 GRI GRIP EX R400 14PR R-4 TL,GRI,16.9-24,Rolnicze,Ładowarka
16.9-28 GRI GRIP EX R400 14PR R-4 TL,GRI,16.9-28,Rolnicze,Ładowarka
16.9-30 GRI GRIP EX R400 12PR R-4 TL,GRI,16.9-30,Rolnicze,Ładowarka
31X15.5-15 GRI XPT+ 10PR R-4 TL,GRI,31x15.5-15,Rolnicze,Ładowarka
15.5/80-24 GRI GRIP EX TL200 20PR R-4 TL,GRI,15.5/80-24,Rolnicze,Ładowarka
12.5/80-18 GRI GRIP EX LT100 16PR R-4 TL,GRI,12.5/80-18,Rolnicze,Ładowarka
12.5/80-18 GRI GRIP EX LT100 14PR R-4 TL,GRI,12.5/80-18,Rolnicze,Ładowarka
19.5L-24 GRI GRIP EX R400 16PR R-4 TL,GRI,19.5L-24,Rolnicze,Ładowarka
12.5/80-18 GRI GRIP EX LT100 12PR R-4 TL,GRI,12.5/80-18,Rolnicze,Ładowarka
15.5-25 GRI GRIP EX LT200 12PR L-2 TL,GRI,15.5-25,Przemysłowe,Ładowarka
11.00-20 GRI GRIP EX CT111 18PR C-1 TT,GRI,11.00-20,Przemysłowe,Kompaktor
16.0/70-20 GRI GRIP EX R400 14PR R-4 TL,GRI,16.0/70-20,Rolnicze,Ładowarka
16.5/85-24 GRI GRIP EX TL200 16PR R-4 TL,GRI,16.5/85-24,Rolnicze,Ładowarka
14.9-24 GRI GRIP EX LT122 12PR R-4 TL,GRI,14.9-24,Rolnicze,Ładowarka
18.4-26 GRI GRIP EX R400 12PR R-4 TL,GRI,18.4-26,Rolnicze,Ładowarka
10.5/80-18 GRI GRIP EX TX100 10PR R-4 TL,GRI,10.5/80-18,Rolnicze,Ładowarka
15.0/55-17 GRI GRIP EX TX100 10PR R-4 TL,GRI,15.0/55-17,Rolnicze,Ładowarka
15.5/80-24 GRI GRIP EX TL200 16PR R-4 TL,GRI,15.5/80-24,Rolnicze,Ładowarka
17.5L-24 GRI GRIP EX R400 12PR R-4 TL,GRI,17.5L-24,Rolnicze,Ładowarka
16.0/70-24 GRI GRIP EX EX222 14PR E-2 TL,GRI,16.0/70-24,Przemysłowe,Koparka
10.00-20 GRI GRIP EX EX222 16PR E-2 TT,GRI,10.00-20,Przemysłowe,Koparka
440/65R24 GRI GREEN XLR EARTH 65+ 135D/138A8 R-1W TL,GRI,440/65R24,Rolnicze,Ciągnik
440/65R24 GRI GREEN XLR 65+ 135D/138A8 R-1W TL,GRI,440/65R24,Rolnicze,Ciągnik
800/65R32 GRI GREEN XLR 65 SR 172D/169E R-1W TL,GRI,800/65R32,Rolnicze,Ciągnik
VF710/70R42 GRI GREEN XLR VFLEX 70 182D/179E R-1W TL,GRI,VF710/70R42,Rolnicze,Ciągnik
VF650/65R38 GRI GREEN XLR VFLEX 65 169D R-1W TL,GRI,VF650/65R38,Rolnicze,Ciągnik
280/70R20 GRI GREEN XLR 70 116D/113E R-1 TL,GRI,280/70R20,Rolnicze,Ciągnik
710/50R26.5 GRI GREEN XLR F88 172D/169E I-3 TL,GRI,710/50R26.5,Przemysłowe,Uniwersalne/pozostałe
650/55R26.5 GRI GREEN XLR F88 177D I-3 TL,GRI,650/55R26.5,Przemysłowe,Uniwersalne/pozostałe
650/55R26.5 GRI GREEN XLR F88 170D/167E I-3 TL,GRI,650/55R26.5,Przemysłowe,Uniwersalne/pozostałe
600/55R26.5 GRI GREEN XLR F88 173D I-3 TL,GRI,600/55R26.5,Przemysłowe,Uniwersalne/pozostałe
710/70R42 GRI GREEN XLR EARTH 70 173D/176A8 R-1W TL,GRI,710/70R42,Rolnicze,Ciągnik
600/70R30 GRI GREEN XLR EARTH 70 152D/155A8 R-1W TL,GRI,600/70R30,Rolnicze,Ciągnik
650/85R38 GRI GREEN XLR EARTH 85 173D/176A8 R-1W TL,GRI,650/85R38,Rolnicze,Ciągnik
380/80R38 GRI GREEN XLR EARTH 85 152A8/149D R-1W TL,GRI,380/80R38,Rolnicze,Ciągnik
650/65R38 GRI GREEN XLR EARTH 65 168D/171A8 R-1W TL,GRI,650/65R38,Rolnicze,Ciągnik
IF650/85R38 GRI GREEN XLR IFLEX 85 170D R-1W TL,GRI,IF650/85R38,Rolnicze,Ciągnik
IF710/70R42 GRI GREEN XLR IFLEX 70 179D R-1W TL,GRI,IF710/70R42,Rolnicze,Ciągnik
IF650/85R38 GRI GREEN XLR IFLEX 85 179D R-1W TL,GRI,IF650/85R38,Rolnicze,Ciągnik
IF600/70R30 GRI GREEN XLR IFLEX 70 165D R-1W TL,GRI,IF600/70R30,Rolnicze,Ciągnik
480/70R28 GRI GREEN XLR 70 145D R-1W TL,GRI,480/70R28,Rolnicze,Ciągnik
420/70R24 GRI GREEN XLR 70 136D R-1W TL,GRI,420/70R24,Rolnicze,Ciągnik
540/65R34 GRI GREEN XLR EARTH 65 152D/155A8 R-1W TL,GRI,540/65R34,Rolnicze,Ciągnik
710/40R22.5 GRI GREEN XLR F77 168D I-3 TL,GRI,710/40R22.5,Przemysłowe,Uniwersalne/pozostałe
710/45R22.5 GRI GREEN XLR F77 165D I-3 TL,GRI,710/45R22.5,Przemysłowe,Uniwersalne/pozostałe
710/40R22.5 GRI GREEN XLR F77 161D I-3 TL,GRI,710/40R22.5,Przemysłowe,Uniwersalne/pozostałe
600/50R22.5 GRI GREEN XLR F77 168D I-3 TL,GRI,600/50R22.5,Przemysłowe,Uniwersalne/pozostałe
560/45R22.5 GRI GREEN XLR F77 152D I-3 TL,GRI,560/45R22.5,Przemysłowe,Uniwersalne/pozostałe
540/65R24 GRI GREEN XLR 65 146D/149A8 R-1W TL,GRI,540/65R24,Rolnicze,Ciągnik
540/65R38 GRI GREEN XLR 65 153D/156A8 R-1W TL,GRI,540/65R38,Rolnicze,Ciągnik
440/65R28 GRI GREEN XLR 65 138D/141A8 R-1W TL,GRI,440/65R28,Rolnicze,Ciągnik
600/65R34 GRI GREEN XLR 65 157D/160A8 R-1W TL,GRI,600/65R34,Rolnicze,Ciągnik
650/65R38 GRI GREEN XLR 65 168D/171A8 R-1W TL,GRI,650/65R38,Rolnicze,Ciągnik
480/65R24 GRI GREEN XLR 65 140D/143A8 R-1W TL,GRI,480/65R24,Rolnicze,Ciągnik
480/65R28 GRI GREEN XLR 65 142D/145A8 R-1W TL,GRI,480/65R28,Rolnicze,Ciągnik
440/65R24 GRI GREEN XLR 65 135D/138A8 R-1W TL,GRI,440/65R24,Rolnicze,Ciągnik
650/65R38 GRI GREEN XLR 65 163D/166A8 R-1W TL,GRI,650/65R38,Rolnicze,Ciągnik
600/65R38 GRI GREEN XLR 65 159D/162A8 R-1W TL,GRI,600/65R38,Rolnicze,Ciągnik
600/65R28 GRI GREEN XLR 65 154D/157A8 R-1W TL,GRI,600/65R28,Rolnicze,Ciągnik
650/65R42 GRI GREEN XLR 65 165D/168A8 R-1W TL,GRI,650/65R42,Rolnicze,Ciągnik
540/65R34 GRI GREEN XLR 65 152D/155A8 R-1W TL,GRI,540/65R34,Rolnicze,Ciągnik
600/70R28 GRI GREEN XLR 70 157D/160A8 R-1W TL,GRI,600/70R28,Rolnicze,Ciągnik
710/75R42 GRI GREEN XLR 75 175D/172E R-1W TL,GRI,710/75R42,Rolnicze,Ciągnik
520/85R42 GRI GREEN XLR 85 162D R-1W TL,GRI,520/85R42,Rolnicze,Ciągnik
650/65R42 GRI GREEN XLR 65 170D R-1W TL,GRI,650/65R42,Rolnicze,Ciągnik
620/70R42 GRI GREEN XLR 70 173D R-1W TL,GRI,620/70R42,Rolnicze,Ciągnik
620/70R42 GRI GREEN XLR 70 166D R-1W TL,GRI,620/70R42,Rolnicze,Ciągnik
600/70R30 GRI GREEN XLR 70 165D R-1W TL,GRI,600/70R30,Rolnicze,Ciągnik
230/95R36 GRI GREEN XLR 95 130D/133A8 R-1W TL,GRI,230/95R36,Rolnicze,Ciągnik
480/80R42 GRI GREEN XLR 85 151D R-1W TL,GRI,480/80R42,Rolnicze,Ciągnik
460/85R30 GRI GREEN XLR 85 150D R-1W TL,GRI,460/85R30,Rolnicze,Ciągnik
380/90R46 GRI GREEN XLR 95 168D/171A8 R-1W TL,GRI,380/90R46,Rolnicze,Ciągnik
710/70R38 GRI GREEN XLR 70 171D/174A8 R-1W TL,GRI,710/70R38,Rolnicze,Ciągnik
600/70R30 GRI GREEN XLR 70 152D/155A8 R-1W TL,GRI,600/70R30,Rolnicze,Ciągnik
620/70R42 GRI GREEN XLR 70 160D/163A8 R-1W TL,GRI,620/70R42,Rolnicze,Ciągnik
710/70R42 GRI GREEN XLR 70 173D/176A8 R-1W TL,GRI,710/70R42,Rolnicze,Ciągnik
480/70R34 GRI GREEN XLR 70 155D R-1W TL,GRI,480/70R34,Rolnicze,Ciągnik
280/85R24 GRI GREEN XLR 85 131D R-1W TL,GRI,280/85R24,Rolnicze,Ciągnik
520/85R38 GRI GREEN XLR 85 169D R-1W TL,GRI,520/85R38,Rolnicze,Ciągnik
230/95R32 GRI GREEN XLR 95 128D R-1 TL,GRI,230/95R32,Rolnicze,Ciągnik
340/85R48 GRI GREEN XLR 95 152D R-1 TL,GRI,340/85R48,Rolnicze,Ciągnik
230/95R48 GRI GREEN XLR 95 136D R-1 TL,GRI,230/95R48,Rolnicze,Ciągnik
380/90R46 GRI GREEN XLR 95 155D R-1W TL,GRI,380/90R46,Rolnicze,Ciągnik
300/95R46 GRI GREEN XLR 95 151D/154A8 R-1 TL,GRI,300/95R46,Rolnicze,Ciągnik
520/85R46 GRI GREEN XLR 85 173D R-1W TL,GRI,520/85R46,Rolnicze,Ciągnik
480/80R42 GRI GREEN XLR 85 166D R-1W TL,GRI,480/80R42,Rolnicze,Ciągnik
480/80R38 GRI GREEN XLR 85 149D R-1W TL,GRI,480/80R38,Rolnicze,Ciągnik
460/85R38 GRI GREEN XLR 85 154D R-1W TL,GRI,460/85R38,Rolnicze,Ciągnik
480/80R30 GRI GREEN XLR 85 145D R-1W TL,GRI,480/80R30,Rolnicze,Ciągnik
710/70R38 GRI GREEN XLR 70 166D R-1W TL,GRI,710/70R38,Rolnicze,Ciągnik
480/70R30 GRI GREEN XLR 70 152D R-1W TL,GRI,480/70R30,Rolnicze,Ciągnik
420/70R30 GRI GREEN XLR 70 134D R-1W TL,GRI,420/70R30,Rolnicze,Ciągnik
480/70R28 GRI GREEN XLR70 140D/143A8 R-1W TL,GRI,480/70R28,Rolnicze,Ciągnik
420/70R24 GRI GREEN XLR 70 130D R-1W TL,GRI,420/70R24,Rolnicze,Ciągnik
270/95R32 GRI GREEN XLR 95 132D R-1W TL,GRI,270/95R32,Rolnicze,Ciągnik
520/85R38 GRI GREEN XLR 85 155D R-1W TL,GRI,520/85R38,Rolnicze,Ciągnik
460/85R38 GRI GREEN XLR 85 149D R-1W TL,GRI,460/85R38,Rolnicze,Ciągnik
420/85R38 GRI GREEN XLR 85 144D R-1W TL,GRI,420/85R38,Rolnicze,Ciągnik
340/85R38 GRI GREEN XLR 85 133D R-1W TL,GRI,340/85R38,Rolnicze,Ciągnik
460/85R34 GRI GREEN XLR 85 147D R-1W TL,GRI,460/85R34,Rolnicze,Ciągnik
420/85R34 GRI GREEN XLR 85 142D R-1W TL,GRI,420/85R34,Rolnicze,Ciągnik
380/85R34 GRI GREEN XLR 85 137D R-1W TL,GRI,380/85R34,Rolnicze,Ciągnik
460/85R30 GRI GREEN XLR 85 145D R-1W TL,GRI,460/85R30,Rolnicze,Ciągnik
420/85R30 GRI GREEN XLR 85 140D R-1W TL,GRI,420/85R30,Rolnicze,Ciągnik
380/85R30 GRI GREEN XLR 85 135D R-1W TL,GRI,380/85R30,Rolnicze,Ciągnik
420/85R28 GRI GREEN XLR 85 139D R-1W TL,GRI,420/85R28,Rolnicze,Ciągnik
380/85R28 GRI GREEN XLR 85 133D R-1W TL,GRI,380/85R28,Rolnicze,Ciągnik
340/85R28 GRI GREEN XLR 85 127D R-1W TL,GRI,340/85R28,Rolnicze,Ciągnik
320/85R28 GRI GREEN XLR 85 124D R-1W TL,GRI,320/85R28,Rolnicze,Ciągnik
280/85R28 GRI GREEN XLR 85 118D R-1W TL,GRI,280/85R28,Rolnicze,Ciągnik
420/85R24 GRI GREEN XLR 85 137D R-1W TL,GRI,420/85R24,Rolnicze,Ciągnik
380/85R24 GRI GREEN XLR 85 131D R-1W TL,GRI,380/85R24,Rolnicze,Ciągnik
340/85R24 GRI GREEN XLR 85 125D R-1W TL,GRI,340/85R24,Rolnicze,Ciągnik
320/85R24 GRI GREEN XLR 85 122D R-1W TL,GRI,320/85R24,Rolnicze,Ciągnik
280/85R24 GRI GREEN XLR 85 115D R-1W TL,GRI,280/85R24,Rolnicze,Ciągnik
580/70R38 GRI GREEN XLR 70 155D R-1W TL,GRI,580/70R38,Rolnicze,Ciągnik
520/70R38 GRI GREEN XLR 70 150D R-1W TL,GRI,520/70R38,Rolnicze,Ciągnik
480/70R38 GRI GREEN XLR 70 145D R-1W TL,GRI,480/70R38,Rolnicze,Ciągnik
520/70R34 GRI GREEN XLR 70 148D R-1W TL,GRI,520/70R34,Rolnicze,Ciągnik
480/70R30 GRI GREEN XLR 70 141D R-1W TL,GRI,480/70R30,Rolnicze,Ciągnik
380/70R28 GRI GREEN XLR70 127D R-1W TL,GRI,380/70R28,Rolnicze,Ciągnik
360/70R28 GRI GREEN XLR 70 125D R-1W TL,GRI,360/70R28,Rolnicze,Ciągnik
480/70R24 GRI GREEN XLR 70 138D R-1W TL,GRI,480/70R24,Rolnicze,Ciągnik
380/70R24 GRI GREEN XLR 70 125D R-1W TL,GRI,380/70R24,Rolnicze,Ciągnik
360/70R24 GRI GREEN XLR70 122D R-1W TL,GRI,360/70R24,Rolnicze,Ciągnik
520/85R42 GRI GREEN XLR 85 168D R-1W TL,GRI,520/85R42,Rolnicze,Ciągnik
380/80R38 GRI GREEN XLR 85 152A8/149D R-1W TL,GRI,380/80R38,Rolnicze,Ciągnik
480/80R42 GRI GREEN XLR 85 151A8 R-1W TL,GRI,480/80R42,Rolnicze,Ciągnik
650/85R38 GRI GREEN XLR 85 173D/176A8 R-1W TL,GRI,650/85R38,Rolnicze,Ciągnik
560/60R22.5 GRI GREEN XLR F77 165D/176A8 I-3 TL,GRI,560/60R22.5,Przemysłowe,Uniwersalne/pozostałe
560/60R22.5 GRI GREEN XLR F77 161D/172A8 I-3 TL,GRI,560/60R22.5,Przemysłowe,Uniwersalne/pozostałe
19.0/45-17 GRI GREEN EX RIB 7 14PR TL,GRI,19.0/45-17,Rolnicze,Przyczepa
500/50-17 GRI GREEN EX FL700 18PR I-3 TL,GRI,500/50-17,Przemysłowe,Uniwersalne/pozostałe
500/50-17 GRI GREEN EX RIB 4 157A8 18PR TL,GRI,500/50-17,Rolnicze,Przyczepa
500/50-17 GRI GREEN EX RIB 4 14PR TL,GRI,500/50-17,Rolnicze,Przyczepa
700/40-22.5 GRI GREEN EX FL700 SR 18PR I-3 TL,GRI,700/40-22.5,Przemysłowe,Uniwersalne/pozostałe
700/50-22.5 GRI GREEN EX FL700 SR 16PR I-3 TL,GRI,700/50-22.5,Przemysłowe,Uniwersalne/pozostałe
600/55-22.5 GRI GREEN EX FL700 SR 16PR I-3 TL,GRI,600/55-22.5,Przemysłowe,Uniwersalne/pozostałe
550/60-22.5 GRI GREEN EX FL700 SR 16PR I-3 TL,GRI,550/60-22.5,Przemysłowe,Uniwersalne/pozostałe
500/60-22.5 GRI GREEN EX FL700 SR 16PR I-3 TL,GRI,500/60-22.5,Przemysłowe,Uniwersalne/pozostałe
600/50-22.5 GRI GREEN EX FL700 16PR I-3 TL,GRI,600/50-22.5,Przemysłowe,Uniwersalne/pozostałe
550/45-22.5 GRI GREEN EX FL700 SR 16PR I-3 TL,GRI,550/45-22.5,Przemysłowe,Uniwersalne/pozostałe
400/60-15.5 GRI GREEN EX RIB3 16PR TL,GRI,400/60-15.5,Rolnicze,Przyczepa
15.0/55-17 GRI GREEN EX RIB5 14PR TL,GRI,15.0/55-17,Rolnicze,Przyczepa
16.9-30 GRI GREEN EX RT100 12PR R-1 TT,GRI,16.9-30,Rolnicze,Ciągnik
14.9-28 GRI GREEN EX RT100 12PR R-1 TT,GRI,14.9-28,Rolnicze,Ciągnik
11.5/80-15.3 GRI GREEN EX RIB3 14PR TL,GRI,11.5/80-15.3,Rolnicze,Przyczepa
7.50-18 GRI GREEN EX FT2 8PR TT,GRI,7.50-18,Przemysłowe,Uniwersalne/pozostałe
7.50-16 GRI GREEN EX FT2 6PR TT,GRI,7.50-16,Przemysłowe,Uniwersalne/pozostałe
6.00-16 GRI GREEN EX FT2 6PR TT,GRI,6.00-16,Przemysłowe,Uniwersalne/pozostałe
6.50-16 GRI GREEN EX FT2 6PR TT,GRI,6.50-16,Przemysłowe,Uniwersalne/pozostałe
15.5-38 GRI GREEN EX RT100 8PR R-1 TT,GRI,15.5-38,Rolnicze,Ciągnik
11.2-28 GRI GREEN EX RT100 8PR R-1 TT,GRI,11.2-28,Rolnicze,Ciągnik
18.4-38 GRI GREEN EX RT100 12PR R-1 TT,GRI,18.4-38,Rolnicze,Ciągnik
18.4-38 GRI GREEN EX RT100 8PR R-1 TT,GRI,18.4-38,Rolnicze,Ciągnik
12.4-32 GRI GREEN EX RT100 8PR R-1 TT,GRI,12.4-32,Rolnicze,Ciągnik
11.2-24 GRI GREEN EX RT100 8PR R-1 TT,GRI,11.2-24,Rolnicze,Ciągnik
14.9-28 GRI GREEN EX RT100 8PR R-1 TT,GRI,14.9-28,Rolnicze,Ciągnik
9.5-24 GRI GREEN EX RT100 8PR R-1 TT,GRI,9.5-24,Rolnicze,Ciągnik
8.3-24 GRI GREEN EX RT100 8PR R-1 TT,GRI,8.3-24,Rolnicze,Ciągnik
16.9-30 GRI GREEN EX RT100 8PR R-1 TT,GRI,16.9-30,Rolnicze,Ciągnik
18.4-26 GRI GREEN EX RT100 12PR R-1 TT,GRI,18.4-26,Rolnicze,Ciągnik
16.9-34 GRI GREEN EX RT100 8PR R-1 TT,GRI,16.9-34,Rolnicze,Ciągnik
16.9-30 GRI GREEN EX RT100 10PR R-1 TT,GRI,16.9-30,Rolnicze,Ciągnik
14.9-24 GRI GREEN EX RT100 12PR R-1 TT,GRI,14.9-24,Rolnicze,Ciągnik
12.4-28 GRI GREEN EX RT100 12PR R-1 TT,GRI,12.4-28,Rolnicze,Ciągnik
12.4-24 GRI GREEN EX RT100 12PR R-1 TT,GRI,12.4-24,Rolnicze,Ciągnik
18.4-34 GRI GREEN EX RT100 12PR R-1 TT,GRI,18.4-34,Rolnicze,Ciągnik
18.4-34 GRI GREEN EX RT100 10PR R-1 TT,GRI,18.4-34,Rolnicze,Ciągnik
18.4-34 GRI GREEN EX RT100 8PR R-1 TT,GRI,18.4-34,Rolnicze,Ciągnik
18.4-30 GRI GREEN EX RT100 14PR R-1 TT,GRI,18.4-30,Rolnicze,Ciągnik
18.4-30 GRI GREEN EX RT100 12PR R-1 TT,GRI,18.4-30,Rolnicze,Ciągnik
18.4-30 GRI GREEN EX RT100 8PR R-1 TT,GRI,18.4-30,Rolnicze,Ciągnik
16.9-28 GRI GREEN EX RT100 12PR R-1 TT,GRI,16.9-28,Rolnicze,Ciągnik
16.9-28 GRI GREEN EX RT100 8PR R-1 TT,GRI,16.9-28,Rolnicze,Ciągnik
14.9-24 GRI GREEN EX RT100 8PR R-1 TT,GRI,14.9-24,Rolnicze,Ciągnik
13.6-28 GRI GREEN EX RT100 8PR R-1 TT,GRI,13.6-28,Rolnicze,Ciągnik
13.6-24 GRI GREEN EX RT100 8PR R-1 TT,GRI,13.6-24,Rolnicze,Ciągnik
12.4-28 GRI GREEN EX RT100 8PR R-1 TT,GRI,12.4-28,Rolnicze,Ciągnik
12.4-24 GRI GREEN EX RT100 8PR R-1 TT,GRI,12.4-24,Rolnicze,Ciągnik
7.50-20 GRI GREEN EX FT2 8PR TT,GRI,7.50-20,Przemysłowe,Uniwersalne/pozostałe
7.50-16 GRI GREEN EX FT2 8PR TT,GRI,7.50-16,Przemysłowe,Uniwersalne/pozostałe
6.00-16 GRI GREEN EX FT2 8PR TT,GRI,6.00-16,Przemysłowe,Uniwersalne/pozostałe
10.0/75-15.3 GRI GREEN EX RIB3 14PR TL,GRI,10.0/75-15.3,Rolnicze,Przyczepa
12.5/80-18 GRI GREEN EX RIB3 16PR TL,GRI,12.5/80-18,Rolnicze,Przyczepa
23.1-26 GRI GREEN EX RT100 18PR R-1 TL,GRI,23.1-26,Rolnicze,Ciągnik
23.1-26 GRI GREEN EX RT100 12PR R-1 TL,GRI,23.1-26,Rolnicze,Ciągnik
500/45-22.5 GRI GREEN EX FL700 16PR I-3 TL,GRI,500/45-22.5,Przemysłowe,Uniwersalne/pozostałe
600/55-22.5 GRI GREEN EX FL700 16PR I-3 TL,GRI,600/55-22.5,Przemysłowe,Uniwersalne/pozostałe
400/60-15.5 GRI GREEN EX FL700 18PR I-3 TL,GRI,400/60-15.5,Przemysłowe,Uniwersalne/pozostałe
6.00-9 TRELLEBORG T991 6PR TT,TRELLEBORG,6.00-9,Rolnicze,Uniwersalne/pozostałe
220/60-8 TRELLEBORG T510 83A8/71A8 TT,TRELLEBORG,220/60-8,Rolnicze,Uniwersalne/pozostałe
220/45-8 TRELLEBORG T310 70A8 TT,TRELLEBORG,220/45-8,Rolnicze,Ciągnik
220/45-8 TRELLEBORG T510 70A8 TT,TRELLEBORG,220/45-8,Rolnicze,Uniwersalne/pozostałe
20X8.00-8 TRELLEBORG T539 4PR TL,TRELLEBORG,20x8.00-8,Rolnicze,Kosiarka/ogród
18X8.50-8 TRELLEBORG T510 6PR TT,TRELLEBORG,18x8.50-8,Rolnicze,Uniwersalne/pozostałe
18X7.50-8 TRELLEBORG T539 2PR TT/TL,TRELLEBORG,18x7.50-8,Rolnicze,Kosiarka/ogród
16X6.50-8 TRELLEBORG T310 84A8/80B TT,TRELLEBORG,16x6.50-8,Rolnicze,Ciągnik
16X6.50-8 TRELLEBORG T510 84A8/80B TT,TRELLEBORG,16x6.50-8,Rolnicze,Uniwersalne/pozostałe
16X6.50-8 TRELLEBORG T310 73A8 TT,TRELLEBORG,16x6.50-8,Rolnicze,Ciągnik
16X6.50-8 TRELLEBORG T510 73A8 TT,TRELLEBORG,16x6.50-8,Rolnicze,Uniwersalne/pozostałe
4.00-8 TRELLEBORG T49 HS 71J TT,TRELLEBORG,4.00-8,Rolnicze,Ciągnik
4.00-8 TRELLEBORG T63 4PR TT/TL,TRELLEBORG,4.00-8,Rolnicze,Ciągnik
4.00-8 TRELLEBORG T510 4PR TT,TRELLEBORG,4.00-8,Rolnicze,Uniwersalne/pozostałe
3.50-8 TRELLEBORG T-510 4PR TT,TRELLEBORG,3.50-8,Rolnicze,Uniwersalne/pozostałe
15X6.00-6 TRELLEBORG T510 6PR TT,TRELLEBORG,15x6.00-6,Rolnicze,Uniwersalne/pozostałe
15X6.00-6 TRELLEBORG T539 GRIP 4PR TT/TL,TRELLEBORG,15x6.00-6,Rolnicze,Kosiarka/ogród
15X6.00-6 TRELLEBORG T510 EXTRA 4PR TT,TRELLEBORG,15x6.00-6,Rolnicze,Uniwersalne/pozostałe
13X5.00-6 TRELLEBORG T539 4PR TT,TRELLEBORG,13x5.00-6,Rolnicze,Kosiarka/ogród
220/50-6 TRELLEBORG T510 73A8 TT,TRELLEBORG,220/50-6,Rolnicze,Uniwersalne/pozostałe
4.00-6 TRELLEBORG T510 4PR TT,TRELLEBORG,4.00-6,Rolnicze,Uniwersalne/pozostałe
3.50-6 TRELLEBORG T-510 4PR TT,TRELLEBORG,3.50-6,Rolnicze,Uniwersalne/pozostałe
4.00-4 TRELLEBORG T991 4PR TT,TRELLEBORG,4.00-4,Rolnicze,Uniwersalne/pozostałe
3.00-4 TRELLEBORG T-991 KPL/TR87 37A5 4PR TT,TRELLEBORG,3.00-4,Rolnicze,Uniwersalne/pozostałe
645X160-14 TRELLEBORG T528 120A4 TT,TRELLEBORG,645x160-14,Rolnicze,Ciągnik
610X145-13 TRELLEBORG T528 112A4 TT,TRELLEBORG,610x145-13,Rolnicze,Ciągnik
560X140-12 TRELLEBORG T528 100A4 TT,TRELLEBORG,560x140-12,Rolnicze,Ciągnik
4.40-10 TRELLEBORG T690 HS 62J TT,TRELLEBORG,4.40-10,Rolnicze,Ciągnik
6.00-9 TRELLEBORG T523 HS 99J TT,TRELLEBORG,6.00-9,Rolnicze,Uniwersalne/pozostałe
16.5X6.5-8 TRELLEBORG T539 HS 72J TL,TRELLEBORG,16.5x6.5-8,Rolnicze,Kosiarka/ogród
16.5X6.5-8 TRELLEBORG T539 HS 64J TL,TRELLEBORG,16.5x6.5-8,Rolnicze,Kosiarka/ogród
4.00-8 TRELLEBORG T49 HS 71J TT,TRELLEBORG,4.00-8,Rolnicze,Ciągnik
3.50-8 TRELLEBORG T501 HS 56J TT,TRELLEBORG,3.50-8,Rolnicze,Ciągnik
4.10/3.50-6 TRELLEBORG T533 HS 57J TT,TRELLEBORG,4.10/3.50-6,Rolnicze,Ciągnik
380/60-15 TRELLEBORG T539 SOFT GRIP 114A8 TL,TRELLEBORG,380/60-15,Rolnicze,Kosiarka/ogród
320/70-15 TRELLEBORG T539 122A8 TL,TRELLEBORG,320/70-15,Rolnicze,Kosiarka/ogród
320/55-15 TRELLEBORG T559 TURF GRIP 123A8 TL,TRELLEBORG,320/55-15,Rolnicze,Kosiarka/ogród
33X15.50-15 TRELLEBORG T412 8PR TL,TRELLEBORG,33x15.50-15,Rolnicze,Ciągnik
33X15.50-15 TRELLEBORG T412 6PR TL,TRELLEBORG,33x15.50-15,Rolnicze,Ciągnik
33X12.50-15 TRELLEBORG T413 6PR TL,TRELLEBORG,33x12.50-15,Rolnicze,Ciągnik
29X13.50-15 TRELLEBORG T411 4PR TT,TRELLEBORG,29x13.50-15,Rolnicze,Ciągnik
29X12.50-15 TRELLEBORG T411 4PR TT,TRELLEBORG,29x12.50-15,Rolnicze,Ciągnik
220/60-12 TRELLEBORG T539 SOFT GRIP 88A8 TL,TRELLEBORG,220/60-12,Rolnicze,Kosiarka/ogród
26X12.00-12 TRELLEBORG T411 4PR TL,TRELLEBORG,26x12.00-12,Rolnicze,Ciągnik
23X10.50-12 TRELLEBORG DRIVER 6PR TL,TRELLEBORG,23x10.50-12,Rolnicze,Kosiarka/ogród
23X10.50-12 TRELLEBORG T539 4PR TL,TRELLEBORG,23x10.50-12,Rolnicze,Kosiarka/ogród
250/50-10 TRELLEBORG HIGH GRIP 79A8 TL,TRELLEBORG,250/50-10,Rolnicze,Ciągnik
20X8.00-10 TRELLEBORG T539 GT 4PR TL,TRELLEBORG,20x8.00-10,Rolnicze,Kosiarka/ogród
20X10.00-8 TRELLEBORG GARDENER 2PR TL,TRELLEBORG,20x10.00-8,Rolnicze,Kosiarka/ogród
20X8.00-8 TRELLEBORG T539 4PR TL,TRELLEBORG,20x8.00-8,Rolnicze,Kosiarka/ogród
18X9.50-8 TRELLEBORG DRIVER 4PR TL,TRELLEBORG,18x9.50-8,Rolnicze,Kosiarka/ogród
18X9.50-8 TRELLEBORG T521 GT 4PR TL,TRELLEBORG,18x9.50-8,Rolnicze,Ciągnik
18X8.50-8 TRELLEBORG T539 4PR TL,TRELLEBORG,18x8.50-8,Rolnicze,Kosiarka/ogród
18X8.50-8 TRELLEBORG GARDENER 2PR TL,TRELLEBORG,18x8.50-8,Rolnicze,Kosiarka/ogród
18X7.50-8 TRELLEBORG T539 2PR TT/TL,TRELLEBORG,18x7.50-8,Rolnicze,Kosiarka/ogród
16X7.50-8 TRELLEBORG T537 4PR TL,TRELLEBORG,16x7.50-8,Rolnicze,Ciągnik
16X7.50-8 TRELLEBORG T539 4PR TL,TRELLEBORG,16x7.50-8,Rolnicze,Kosiarka/ogród
16X6.50-8 TRELLEBORG T510 84A8/80B TT,TRELLEBORG,16x6.50-8,Rolnicze,Uniwersalne/pozostałe
16X6.50-8 TRELLEBORG T539 GRIP 4PR TL,TRELLEBORG,16x6.50-8,Rolnicze,Kosiarka/ogród
16X6.50-8 TRELLEBORG GARDENER 2PR TL,TRELLEBORG,16x6.50-8,Rolnicze,Kosiarka/ogród
200/65-8 TRELLEBORG HIGH GRIP 59A8/47A8 TL,TRELLEBORG,200/65-8,Rolnicze,Ciągnik
170/60-8 TRELLEBORG HIGH GRIP 47A8/35A8 TL,TRELLEBORG,170/60-8,Rolnicze,Ciągnik
100/65-6 TRELLEBORG T539 GRIP 24A8 TL,TRELLEBORG,100/65-6,Rolnicze,Kosiarka/ogród
15X6.00-6 TRELLEBORG T510 4PR TL,TRELLEBORG,15x6.00-6,Rolnicze,Uniwersalne/pozostałe
15X6.00-6 TRELLEBORG T539 GRIP 4PR TT/TL,TRELLEBORG,15x6.00-6,Rolnicze,Kosiarka/ogród
15X6.00-6 TRELLEBORG GARDENER 2PR TL,TRELLEBORG,15x6.00-6,Rolnicze,Kosiarka/ogród
13X5.00-6 TRELLEBORG T539 4PR TL,TRELLEBORG,13x5.00-6,Rolnicze,Kosiarka/ogród
13X5.00-6 TRELLEBORG GARDENER 2PR TL,TRELLEBORG,13x5.00-6,Rolnicze,Kosiarka/ogród
11X4.00-4 TRELLEBORG T537S 2PR TL,TRELLEBORG,11x4.00-4,Rolnicze,Kosiarka/ogród
320/55-15 TRELLEBORG T421 133A8 TL,TRELLEBORG,320/55-15,Rolnicze,Przyczepa
23X5 TRELLEBORG T94 10PR TL,TRELLEBORG,23x5,Rolnicze,Ciągnik
320/60-12 TRELLEBORG T421 GREY 132A8 TL,TRELLEBORG,320/60-12,Rolnicze,Przyczepa
23X12.50-12 TRELLEBORG T539 6PR TL,TRELLEBORG,23x12.50-12,Rolnicze,Kosiarka/ogród
23X8.50-12 TRELLEBORG T550 6PR TL,TRELLEBORG,23x8.50-12,Rolnicze,Ciągnik
23X8.50-12 TRELLEBORG T539 GREY 10PR TT,TRELLEBORG,23x8.50-12,Rolnicze,Kosiarka/ogród
20X8.00-10 TRELLEBORG T570 SKS 8PR TL,TRELLEBORG,20x8.00-10,Rolnicze,Ciągnik
18X8.50-10 TRELLEBORG T570 SKS 8PR TL,TRELLEBORG,18x8.50-10,Rolnicze,Ciągnik
7.50-10 TRELLEBORG T523 14PR TL,TRELLEBORG,7.50-10,Rolnicze,Uniwersalne/pozostałe
190-8 TRELLEBORG T537 8PR TT,TRELLEBORG,190-8,Rolnicze,Ciągnik
18X8.50-8 TRELLEBORG T570 SKS 8PR TL,TRELLEBORG,18x8.50-8,Rolnicze,Ciągnik
18X8.50-8 TRELLEBORG T415 8PR TL,TRELLEBORG,18x8.50-8,Rolnicze,Ciągnik
4.00-8 TRELLEBORG T523 8PR TT,TRELLEBORG,4.00-8,Rolnicze,Uniwersalne/pozostałe
3.00-8 TRELLEBORG T539 GREY 2PR TT,TRELLEBORG,3.00-8,Rolnicze,Kosiarka/ogród
140-6 TRELLEBORG T510 10PR TT,TRELLEBORG,140-6,Rolnicze,Uniwersalne/pozostałe
13X5.00-6 TRELLEBORG T539 EWR 6PR TL,TRELLEBORG,13x5.00-6,Rolnicze,Kosiarka/ogród
13X5.00-6 TRELLEBORG T539 6PR TL,TRELLEBORG,13x5.00-6,Rolnicze,Kosiarka/ogród
100/100-4 TRELLEBORG T539 60A8 TT,TRELLEBORG,100/100-4,Rolnicze,Kosiarka/ogród
4.10/3.50-4 TRELLEBORG T539 6PR TT,TRELLEBORG,4.10/3.50-4,Rolnicze,Kosiarka/ogród
3.00-4 TRELLEBORG T530 6PR TT,TRELLEBORG,3.00-4,Rolnicze,Ciągnik
690X180-15 TRELLEBORG TRACTION 100A8 TT,TRELLEBORG,690x180-15,Rolnicze,Uniwersalne/pozostałe
400/50-15 TRELLEBORG T463 135A8 TL,TRELLEBORG,400/50-15,Rolnicze,Kosiarka/ogród
31X15.50-15 TRELLEBORG T412 8PR TL,TRELLEBORG,31x15.50-15,Rolnicze,Ciągnik
29X12.50-15 TRELLEBORG T463 FLOT 90B/99A3 TL,TRELLEBORG,29x12.50-15,Rolnicze,Kosiarka/ogród
11L-15 TRELLEBORG T510 12PR TL,TRELLEBORG,11L-15,Rolnicze,Uniwersalne/pozostałe
7.00-15 TRELLEBORG TRACTION 6PR TT,TRELLEBORG,7.00-15,Rolnicze,Uniwersalne/pozostałe
200/60-14.5 TRELLEBORG T448 10PR TL,TRELLEBORG,200/60-14.5,Rolnicze,Uniwersalne/pozostałe
200/60-14.5 TRELLEBORG T448 10PR TT,TRELLEBORG,200/60-14.5,Rolnicze,Uniwersalne/pozostałe
200/60-14.5 TRELLEBORG T536 10PR TT,TRELLEBORG,200/60-14.5,Rolnicze,Ciągnik
300/65-12 TRELLEBORG T446 118A8 TL,TRELLEBORG,300/65-12,Rolnicze,Ciągnik
10.0/75-12 TRELLEBORG T446 10PR TL,TRELLEBORG,10.0/75-12,Rolnicze,Ciągnik
320/60-12 TRELLEBORG T421 132A8 TL,TRELLEBORG,320/60-12,Rolnicze,Przyczepa
320/60-12 TRELLEBORG T421 132A8 TT,TRELLEBORG,320/60-12,Rolnicze,Przyczepa
26X12.00-12 TRELLEBORG T539 8PR TT/TL,TRELLEBORG,26x12.00-12,Rolnicze,Kosiarka/ogród
26X12.00-12 TRELLEBORG T539 8PR TT/TL,TRELLEBORG,26x12.00-12,Rolnicze,Kosiarka/ogród
26X12.00-12 TRELLEBORG T463 8PR TL,TRELLEBORG,26x12.00-12,Rolnicze,Kosiarka/ogród
23X10.50-12 TRELLEBORG T463 10PR TL,TRELLEBORG,23x10.50-12,Rolnicze,Kosiarka/ogród
23X10.50-12 TRELLEBORG T539 6PR TL,TRELLEBORG,23x10.50-12,Rolnicze,Kosiarka/ogród
23X10.50-12 TRELLEBORG T463 4PR TL,TRELLEBORG,23x10.50-12,Rolnicze,Kosiarka/ogród
23X8.50-12 TRELLEBORG T539 10PR TT,TRELLEBORG,23x8.50-12,Rolnicze,Kosiarka/ogród
23X8.50-12 TRELLEBORG T463 10PR TL,TRELLEBORG,23x8.50-12,Rolnicze,Kosiarka/ogród
23X8.50-12 TRELLEBORG T463 4PR TL,TRELLEBORG,23x8.50-12,Rolnicze,Kosiarka/ogród
200/55-10 TRELLEBORG T430 95A8 TL,TRELLEBORG,200/55-10,Rolnicze,Ciągnik
20X10.00-10 TRELLEBORG T539 6PR TL,TRELLEBORG,20x10.00-10,Rolnicze,Kosiarka/ogród
20.5X8.00-10 TRELLEBORG T539 10PR TL,TRELLEBORG,20.5x8.00-10,Rolnicze,Kosiarka/ogród
20X8.00-10 TRELLEBORG T539 6PR TL,TRELLEBORG,20x8.00-10,Rolnicze,Kosiarka/ogród
7.50-10 TRELLEBORG T991 12PR TT,TRELLEBORG,7.50-10,Rolnicze,Uniwersalne/pozostałe
5.0-10 TRELLEBORG T462 8PR TL,TRELLEBORG,5.0-10,Rolnicze,Ciągnik
6.00-9 TRELLEBORG T522 10PR TT,TRELLEBORG,6.00-9,Rolnicze,Ciągnik
6.00-9 TRELLEBORG T-991 10PR TT,TRELLEBORG,6.00-9,Rolnicze,Uniwersalne/pozostałe
6.00-9 TRELLEBORG T522 6PR TT,TRELLEBORG,6.00-9,Rolnicze,Ciągnik
220/60-8 TRELLEBORG T510 83A8/71A8 TT,TRELLEBORG,220/60-8,Rolnicze,Uniwersalne/pozostałe
220/60-8 TRELLEBORG T463 PLUS 74A8 TL,TRELLEBORG,220/60-8,Rolnicze,Kosiarka/ogród
220/45-8 TRELLEBORG T310 70A8 TT,TRELLEBORG,220/45-8,Rolnicze,Ciągnik
220/45-8 TRELLEBORG T510 70A8/58A8 TT,TRELLEBORG,220/45-8,Rolnicze,Uniwersalne/pozostałe
20X10.00-8 TRELLEBORG T539 6PR TT,TRELLEBORG,20x10.00-8,Rolnicze,Kosiarka/ogród
18X8.50-8 TRELLEBORG T539 6PR TT,TRELLEBORG,18x8.50-8,Rolnicze,Kosiarka/ogród
18X8.50-8 TRELLEBORG T510 6PR TT,TRELLEBORG,18x8.50-8,Rolnicze,Uniwersalne/pozostałe
16X6.50-8 TRELLEBORG T310 84A8/80B TT,TRELLEBORG,16x6.50-8,Rolnicze,Ciągnik
16X6.50-8 TRELLEBORG T310 73A8 TT,TRELLEBORG,16x6.50-8,Rolnicze,Ciągnik
16X6.50-8 TRELLEBORG T510 73A8 TT,TRELLEBORG,16x6.50-8,Rolnicze,Uniwersalne/pozostałe
16X6.50-8 TRELLEBORG T539 6PR TT,TRELLEBORG,16x6.50-8,Rolnicze,Kosiarka/ogród
5.00-8 TRELLEBORG T522 6PR TT,TRELLEBORG,5.00-8,Rolnicze,Ciągnik
4.00-8 TRELLEBORG T513 4PR TT,TRELLEBORG,4.00-8,Rolnicze,Ciągnik
4.00-8 TRELLEBORG T510 4PR TT,TRELLEBORG,4.00-8,Rolnicze,Uniwersalne/pozostałe
4.00-8 TRELLEBORG T522 6PR TT,TRELLEBORG,4.00-8,Rolnicze,Ciągnik
4.00-8 TRELLEBORG T991 6PR TT,TRELLEBORG,4.00-8,Rolnicze,Uniwersalne/pozostałe
4.00-8 TRELLEBORG T63 4PR TT/TL,TRELLEBORG,4.00-8,Rolnicze,Ciągnik
4.00-8 TRELLEBORG T63 4PR TT/TL,TRELLEBORG,4.00-8,Rolnicze,Ciągnik
3.50-8 TRELLEBORG T513 4PR TT,TRELLEBORG,3.50-8,Rolnicze,Ciągnik
3.50-8 TRELLEBORG T-510 4PR TT,TRELLEBORG,3.50-8,Rolnicze,Uniwersalne/pozostałe
140-6 TRELLEBORG T539 6PR TT,TRELLEBORG,140-6,Rolnicze,Kosiarka/ogród
15X6.00-6 TRELLEBORG T510 6PR TT,TRELLEBORG,15x6.00-6,Rolnicze,Uniwersalne/pozostałe
13X5.00-6 TRELLEBORG T510 4PR TL,TRELLEBORG,13x5.00-6,Rolnicze,Uniwersalne/pozostałe
4.00-6 TRELLEBORG T991 6PR TT,TRELLEBORG,4.00-6,Rolnicze,Uniwersalne/pozostałe
100/85-6 TRELLEBORG T513 46A6/34A6 TT,TRELLEBORG,100/85-6,Rolnicze,Ciągnik
3.50-6 TRELLEBORG T-510 4PR TT,TRELLEBORG,3.50-6,Rolnicze,Uniwersalne/pozostałe
4.10-4 TRELLEBORG T510 4PR TT,TRELLEBORG,4.10-4,Rolnicze,Uniwersalne/pozostałe
4.00-4 TRELLEBORG T991 6PR TT,TRELLEBORG,4.00-4,Rolnicze,Uniwersalne/pozostałe
3.00-4 TRELLEBORG T-991 6PR TT,TRELLEBORG,3.00-4,Rolnicze,Uniwersalne/pozostałe
3.00-4 TRELLEBORG T-991 4PR TT,TRELLEBORG,3.00-4,Rolnicze,Uniwersalne/pozostałe
35.5L-32 TRELLEBORG T418 SB 30PR TL,TRELLEBORG,35.5L-32,Rolnicze,Ciągnik
35.5L-32 TRELLEBORG T418 SB 24PR TL,TRELLEBORG,35.5L-32,Rolnicze,Ciągnik
30.5L-32 TRELLEBORG T418 SB 32PR TL,TRELLEBORG,30.5L-32,Rolnicze,Ciągnik
30.5L-32 TRELLEBORG T418 SB 26PR TT,TRELLEBORG,30.5L-32,Rolnicze,Ciągnik
30.5L-32 TRELLEBORG T418 SB 20PR TT,TRELLEBORG,30.5L-32,Rolnicze,Ciągnik
24.5-32 TRELLEBORG T418 SB 16PR TT,TRELLEBORG,24.5-32,Rolnicze,Ciągnik
28L-26 TRELLEBORG T418 SB 26PR TL,TRELLEBORG,28L-26,Rolnicze,Ciągnik
28L-26 TRELLEBORG T418 SB 20PR TT,TRELLEBORG,28L-26,Rolnicze,Ciągnik
23.1-26 TRELLEBORG T418 SB 16PR TT,TRELLEBORG,23.1-26,Rolnicze,Ciągnik
520/85-38 TRELLEBORG T410 AGF 160A8 TT,TRELLEBORG,520/85-38,Rolnicze,Ciągnik
460/85-38 TRELLEBORG T410 AGF 154A8 TT,TRELLEBORG,460/85-38,Rolnicze,Ciągnik
420/85-38 TRELLEBORG T410 AGF 149A8 TT,TRELLEBORG,420/85-38,Rolnicze,Ciągnik
460/85-34 TRELLEBORG T410 AGF 152A8 TL,TRELLEBORG,460/85-34,Rolnicze,Ciągnik
420/85-34 TRELLEBORG T410 AGF 153A8 TL,TRELLEBORG,420/85-34,Rolnicze,Ciągnik
420/85-34 TRELLEBORG T410 AGF 147A8 TT,TRELLEBORG,420/85-34,Rolnicze,Ciągnik
460/85-30 TRELLEBORG T410 AGF 150A8 TT,TRELLEBORG,460/85-30,Rolnicze,Ciągnik
420/85-28 TRELLEBORG T410 AGF 144A8 TT,TRELLEBORG,420/85-28,Rolnicze,Ciągnik
380/85-28 TRELLEBORG T410 AGF 139A8 TT,TRELLEBORG,380/85-28,Rolnicze,Ciągnik
380/85-24 TRELLEBORG T410 AGF 143A8 TL,TRELLEBORG,380/85-24,Rolnicze,Ciągnik
380/85-24 TRELLEBORG T410 AGF 137A8 TT,TRELLEBORG,380/85-24,Rolnicze,Ciągnik
320/85-24 TRELLEBORG T410 AGF 127A8 TT,TRELLEBORG,320/85-24,Rolnicze,Ciągnik
710/55-34 TRELLEBORG T440 SB 167A8 TL,TRELLEBORG,710/55-34,Rolnicze,Ciągnik
600/65-34 TRELLEBORG T440 SB 163A8 TL,TRELLEBORG,600/65-34,Rolnicze,Ciągnik
750/45-30.5 TRELLEBORG T428 SB 173A8 TT,TRELLEBORG,750/45-30.5,Rolnicze,Ciągnik
600/60-30.5 TRELLEBORG T414 FS 153A8 TL,TRELLEBORG,600/60-30.5,Rolnicze,Ciągnik
780/50-28.5 TRELLEBORG T480 SB 182A8 TT,TRELLEBORG,780/50-28.5,Rolnicze,Ciągnik
800/40-26.5 TRELLEBORG T480 SB 170A8 TL,TRELLEBORG,800/40-26.5,Rolnicze,Ciągnik
800/40-26.5 TRELLEBORG T440 SB 170A8 TL,TRELLEBORG,800/40-26.5,Rolnicze,Ciągnik
750/55-26.5 TRELLEBORG T480 SB 182A8 TT,TRELLEBORG,750/55-26.5,Rolnicze,Ciągnik
750/55-26.5 TRELLEBORG T440 SB 182A8 TT,TRELLEBORG,750/55-26.5,Rolnicze,Ciągnik
710/45-26.5 TRELLEBORG T480 SB 173A8 TT,TRELLEBORG,710/45-26.5,Rolnicze,Ciągnik
710/45-26.5 TRELLEBORG T480 SB 168A8 TT,TRELLEBORG,710/45-26.5,Rolnicze,Ciągnik
710/45-26.5 TRELLEBORG T440 SB 168A8 TT,TRELLEBORG,710/45-26.5,Rolnicze,Ciągnik
600/55-26.5 TRELLEBORG T480 SB 165A8 TT,TRELLEBORG,600/55-26.5,Rolnicze,Ciągnik
600/55-26.5 TRELLEBORG T440 SB 165A8 TT,TRELLEBORG,600/55-26.5,Rolnicze,Ciągnik
710/40-24.5 TRELLEBORG T480 SB 163A8 TT,TRELLEBORG,710/40-24.5,Rolnicze,Ciągnik
710/40-24.5 TRELLEBORG T440 SB 163A8 TT,TRELLEBORG,710/40-24.5,Rolnicze,Ciągnik
710/40-22.5 TRELLEBORG T480 SB 161A8 TT,TRELLEBORG,710/40-22.5,Rolnicze,Ciągnik
650/45-22.5 TRELLEBORG T440 SB 150A8 TT,TRELLEBORG,650/45-22.5,Rolnicze,Ciągnik
600/50-22.5 TRELLEBORG T480 SB 149A8 TT,TRELLEBORG,600/50-22.5,Rolnicze,Ciągnik
500/60-22.5 TRELLEBORG T421 SB 144A8 TT,TRELLEBORG,500/60-22.5,Rolnicze,Przyczepa
500/45-22.5 TRELLEBORG T404 FS 129A8 TT,TRELLEBORG,500/45-22.5,Rolnicze,Przyczepa
7.50-18 TRELLEBORG TD300 10PR TT,TRELLEBORG,7.50-18,Rolnicze,Ciągnik
7.50-18 TRELLEBORG TD300 8PR TT,TRELLEBORG,7.50-18,Rolnicze,Ciągnik
10.00-16 TRELLEBORG TD300 10PR TL,TRELLEBORG,10.00-16,Rolnicze,Ciągnik
9.00-16 TRELLEBORG TD300 8PR TT,TRELLEBORG,9.00-16,Rolnicze,Ciągnik
7.50-16 TRELLEBORG TD300 8PR TT,TRELLEBORG,7.50-16,Rolnicze,Ciągnik
7.50-16 TRELLEBORG TD27 10PR TT,TRELLEBORG,7.50-16,Rolnicze,Ciągnik
7.50-16 TRELLEBORG TD27 8PR TT,TRELLEBORG,7.50-16,Rolnicze,Ciągnik
6.50-16 TRELLEBORG TD27 8PR TT,TRELLEBORG,6.50-16,Rolnicze,Ciągnik
6.00-16 TRELLEBORG TD27 8PR TT,TRELLEBORG,6.00-16,Rolnicze,Ciągnik
5.50-16 TRELLEBORG TD27 6PR TT,TRELLEBORG,5.50-16,Rolnicze,Ciągnik
9.5L-15 TRELLEBORG TD300 8PR TL,TRELLEBORG,9.5L-15,Rolnicze,Ciągnik
5.00-15 TRELLEBORG TD27 6PR TT,TRELLEBORG,5.00-15,Rolnicze,Ciągnik
4.00-15 TRELLEBORG TD27 66A6 4PR TT,TRELLEBORG,4.00-15,Rolnicze,Ciągnik
850/55-42 TRELLEBORG T414 161A8/157B TL,TRELLEBORG,850/55-42,Rolnicze,Ciągnik
850/60-38 TRELLEBORG T414 175A8/172B TL,TRELLEBORG,850/60-38,Rolnicze,Ciągnik
850/50-38 TRELLEBORG T414 163A8/160B TL,TRELLEBORG,850/50-38,Rolnicze,Ciągnik
710/65-38 TRELLEBORG T414 162A8/158B TL,TRELLEBORG,710/65-38,Rolnicze,Ciągnik
800/55-30.5 TRELLEBORG T414 172A8/168B TL,TRELLEBORG,800/55-30.5,Rolnicze,Ciągnik
600/60-30.5 TRELLEBORG T414 153A8/150B TL,TRELLEBORG,600/60-30.5,Rolnicze,Ciągnik
600/55-30.5 TRELLEBORG T414 150A8/147B TL,TRELLEBORG,600/55-30.5,Rolnicze,Ciągnik
600/55-26.5 TRELLEBORG T414 148A8/145B TL,TRELLEBORG,600/55-26.5,Rolnicze,Ciągnik
400/55-17.5 TRELLEBORG T414 125A8/122B TL,TRELLEBORG,400/55-17.5,Rolnicze,Ciągnik
20.8-38 TRELLEBORG TM90 152A8 12PR TL,TRELLEBORG,20.8-38,Rolnicze,Ciągnik
18.4-38 TRELLEBORG TM90 149A8 12PR TL,TRELLEBORG,18.4-38,Rolnicze,Ciągnik
18.4-38 TRELLEBORG TM90 143A8 8PR TT,TRELLEBORG,18.4-38,Rolnicze,Ciągnik
16.9-38 TRELLEBORG TM90 141A8 8PR TL,TRELLEBORG,16.9-38,Rolnicze,Ciągnik
15.5-38 TRELLEBORG TM90 129A8 8PR TL,TRELLEBORG,15.5-38,Rolnicze,Ciągnik
12.4-36 TRELLEBORG TM90 131A8 12PR TL,TRELLEBORG,12.4-36,Rolnicze,Ciągnik
12.4-36 TRELLEBORG TM90 127A8 8PR TL,TRELLEBORG,12.4-36,Rolnicze,Ciągnik
18.4-34 TRELLEBORG TM90 146A8 12PR TL,TRELLEBORG,18.4-34,Rolnicze,Ciągnik
18.4-34 TRELLEBORG TM90 142A8 8PR TL,TRELLEBORG,18.4-34,Rolnicze,Ciągnik
16.9-34 TRELLEBORG TM90 139A8 8PR TL,TRELLEBORG,16.9-34,Rolnicze,Ciągnik
18.4-30 TRELLEBORG TM90 145A8 12PR TL,TRELLEBORG,18.4-30,Rolnicze,Ciągnik
18.4-30 TRELLEBORG TM90 139A8 8PR TL,TRELLEBORG,18.4-30,Rolnicze,Ciągnik
16.9-30 TRELLEBORG TM90 137A8 8PR TL,TRELLEBORG,16.9-30,Rolnicze,Ciągnik
14.9-30 TRELLEBORG TM90 131A8 8PR TL,TRELLEBORG,14.9-30,Rolnicze,Ciągnik
16.9-28 TRELLEBORG TM90 135A8 8PR TL,TRELLEBORG,16.9-28,Rolnicze,Ciągnik
14.9-28 TRELLEBORG TM90 134A8 12PR TL,TRELLEBORG,14.9-28,Rolnicze,Ciągnik
14.9-28 TRELLEBORG TM90 130A8 8PR TL,TRELLEBORG,14.9-28,Rolnicze,Ciągnik
13.6-28 TRELLEBORG TM90 130A8 12PR TL,TRELLEBORG,13.6-28,Rolnicze,Ciągnik
13.6-28 TRELLEBORG TM90 125A8 8PR TL,TRELLEBORG,13.6-28,Rolnicze,Ciągnik
16.9-26 TRELLEBORG TM90 HARVESTER 137A6 10PR TL,TRELLEBORG,16.9-26,Rolnicze,Kombajn
14.9-26 TRELLEBORG TM90 129A8 8PR TL,TRELLEBORG,14.9-26,Rolnicze,Ciągnik
16.9-24 TRELLEBORG TM90 136A8 12PR TL,TRELLEBORG,16.9-24,Rolnicze,Ciągnik
14.9-24 TRELLEBORG TM90 128A8 8PR TL,TRELLEBORG,14.9-24,Rolnicze,Ciągnik
13.6-24 TRELLEBORG TM90 123A8 8PR TL,TRELLEBORG,13.6-24,Rolnicze,Ciągnik
12.4-24 TRELLEBORG TM90 124A8 12PR TL,TRELLEBORG,12.4-24,Rolnicze,Ciągnik
12.4-24 TRELLEBORG TM90 121A8 8PR TL,TRELLEBORG,12.4-24,Rolnicze,Ciągnik
11.2-24 TRELLEBORG TM90 116A8 8PR TL,TRELLEBORG,11.2-24,Rolnicze,Ciągnik
9.5-24 TRELLEBORG TM90 112A8 8PR TL,TRELLEBORG,9.5-24,Rolnicze,Ciągnik
8.3-24 TRELLEBORG TM90 105A8 8PR TL,TRELLEBORG,8.3-24,Rolnicze,Ciągnik
500/55-20 TRELLEBORG AW309 150A8 TL,TRELLEBORG,500/55-20,Rolnicze,Ciągnik
520/50-17 TRELLEBORG T306 159A8 TL,TRELLEBORG,520/50-17,Rolnicze,Ciągnik
500/50-17 TRELLEBORG AW309 149A8 TL,TRELLEBORG,500/50-17,Rolnicze,Ciągnik
480/45-17 TRELLEBORG AW309 150A8 TL,TRELLEBORG,480/45-17,Rolnicze,Ciągnik
480/45-17 TRELLEBORG AW305 146A8 TL,TRELLEBORG,480/45-17,Rolnicze,Przyczepa
420/55-17 TRELLEBORG T452 143A8 TL,TRELLEBORG,420/55-17,Rolnicze,Przyczepa
380/55-17 TRELLEBORG AW309 138A8 TL,TRELLEBORG,380/55-17,Rolnicze,Ciągnik
380/55-17 TRELLEBORG AW305 138A8 TL,TRELLEBORG,380/55-17,Rolnicze,Przyczepa
360/65-16 TRELLEBORG AW305 148A8 TL,TRELLEBORG,360/65-16,Rolnicze,Przyczepa
360/70-16 TRELLEBORG AW305 137A8 TL,TRELLEBORG,360/70-16,Rolnicze,Przyczepa
340/55-16 TRELLEBORG AW309 140A8 TL,TRELLEBORG,340/55-16,Rolnicze,Ciągnik
340/55-16 TRELLEBORG AW305 140A8 TL,TRELLEBORG,340/55-16,Rolnicze,Przyczepa
260/70-16 TRELLEBORG AW305 134A8 TL,TRELLEBORG,260/70-16,Rolnicze,Przyczepa
210/95-16 TRELLEBORG AF302 120A8 TL,TRELLEBORG,210/95-16,Rolnicze,Ciągnik
200/90-16 TRELLEBORG AF302 111A8 TL,TRELLEBORG,200/90-16,Rolnicze,Ciągnik
190/90-16 TRELLEBORG AF302 108A8 TL,TRELLEBORG,190/90-16,Rolnicze,Ciągnik
180/90-16 TRELLEBORG AF302 100A8 TL,TRELLEBORG,180/90-16,Rolnicze,Ciągnik
320/80-15.3 TRELLEBORG AW305 145A8 TL,TRELLEBORG,320/80-15.3,Rolnicze,Przyczepa
300/80-15.3 TRELLEBORG AW305 141A8 TL,TRELLEBORG,300/80-15.3,Rolnicze,Przyczepa
300/80-15.3 TRELLEBORG AW305 132A8 TL,TRELLEBORG,300/80-15.3,Rolnicze,Przyczepa
300/80-15.3 TRELLEBORG T452 141A8 TL,TRELLEBORG,300/80-15.3,Rolnicze,Przyczepa
300/80-15.3 TRELLEBORG T452 123A8 TL,TRELLEBORG,300/80-15.3,Rolnicze,Przyczepa
260/70-15.3 TRELLEBORG AW305 131A8 TL,TRELLEBORG,260/70-15.3,Rolnicze,Przyczepa
260/70-15.3 TRELLEBORG AW305 126A8 TL,TRELLEBORG,260/70-15.3,Rolnicze,Przyczepa
260/90-13 TRELLEBORG AF302 121A8 TL,TRELLEBORG,260/90-13,Rolnicze,Ciągnik
10.0/80-12 TRELLEBORG AW305 10PR TL,TRELLEBORG,10.0/80-12,Rolnicze,Przyczepa
10.0/80-12 TRELLEBORG AW305 8PR TT,TRELLEBORG,10.0/80-12,Rolnicze,Przyczepa
10.0/80-12 TRELLEBORG AW305 8PR TL,TRELLEBORG,10.0/80-12,Rolnicze,Przyczepa
200/95-12 TRELLEBORG AF302 101A8 TL,TRELLEBORG,200/95-12,Rolnicze,Ciągnik
600/60-30.5 TRELLEBORG T404 GT 142A8 TL,TRELLEBORG,600/60-30.5,Rolnicze,Przyczepa
400/55-22.5 TRELLEBORG T404 GT 111A8 TL,TRELLEBORG,400/55-22.5,Rolnicze,Przyczepa
400/55-17.5 TRELLEBORG T404 GT 108A8 TL,TRELLEBORG,400/55-17.5,Rolnicze,Przyczepa
850/45B30.5 TRELLEBORG T423 AMPT 176D TL,TRELLEBORG,850/45B30.5,Rolnicze,Ciągnik
750/50B30.5 TRELLEBORG T428 AMPT 173D TL,TRELLEBORG,750/50B30.5,Rolnicze,Ciągnik
650/55B30.5 TRELLEBORG T428 AMPT 168D TL,TRELLEBORG,650/55B30.5,Rolnicze,Ciągnik
620/55B26.5 TRELLEBORG T421 AMPT 166D TL,TRELLEBORG,620/55B26.5,Rolnicze,Przyczepa
710/40B22.5 TRELLEBORG T423 AMPT 161D TL,TRELLEBORG,710/40B22.5,Rolnicze,Ciągnik
650/45B22.5 TRELLEBORG T440 160D TL,TRELLEBORG,650/45B22.5,Rolnicze,Ciągnik
620/50B22.5 TRELLEBORG T423 AMPT 160D TL,TRELLEBORG,620/50B22.5,Rolnicze,Ciągnik
4.00/4.50-21 TRELLEBORG TD27 4PR TT,TRELLEBORG,4.00/4.50-21,Rolnicze,Ciągnik
4.00-21 TRELLEBORG IM110 2PR TT,TRELLEBORG,4.00-21,Rolnicze,Ciągnik
210/95-20 TRELLEBORG IM220 119A8 TL,TRELLEBORG,210/95-20,Rolnicze,Ciągnik
4.50-19 TRELLEBORG IM110 2PR TT,TRELLEBORG,4.50-19,Rolnicze,Ciągnik
250/80-18 TRELLEBORG IM110 8PR TT,TRELLEBORG,250/80-18,Rolnicze,Ciągnik
7.50-18 TRELLEBORG IM110 6PR TT,TRELLEBORG,7.50-18,Rolnicze,Ciągnik
250/80-16 TRELLEBORG IM110 8PR TT,TRELLEBORG,250/80-16,Rolnicze,Ciągnik
9.0/75-16 TRELLEBORG IM110 6PR TT,TRELLEBORG,9.0/75-16,Rolnicze,Ciągnik
8.25-16 TRELLEBORG IM110 8PR TT,TRELLEBORG,8.25-16,Rolnicze,Ciągnik
7.50-16 TRELLEBORG IM110 8PR TL/TT,TRELLEBORG,7.50-16,Rolnicze,Ciągnik
7.50-16 TRELLEBORG IM110 8PR TL/TT,TRELLEBORG,7.50-16,Rolnicze,Ciągnik
6.50-16 TRELLEBORG IM110 8PR TT,TRELLEBORG,6.50-16,Rolnicze,Ciągnik
6.00-16 TRELLEBORG IM110 8PR TT,TRELLEBORG,6.00-16,Rolnicze,Ciągnik
10.0/75-15.3 TRELLEBORG IM110 10PR TL,TRELLEBORG,10.0/75-15.3,Rolnicze,Ciągnik
10.0/75-15.3 TRELLEBORG IM110 8PR TT,TRELLEBORG,10.0/75-15.3,Rolnicze,Ciągnik
7.5L-15 TRELLEBORG IM110 8PR TT,TRELLEBORG,7.5L-15,Rolnicze,Ciągnik
6.5/80-15 TRELLEBORG IM110 4PR TT,TRELLEBORG,6.5/80-15,Rolnicze,Ciągnik
5.00-15 TRELLEBORG IM110 6PR TT,TRELLEBORG,5.00-15,Rolnicze,Ciągnik
5.00-14 TRELLEBORG IM110 4PR TT,TRELLEBORG,5.00-14,Rolnicze,Ciągnik
10.0/80-12 TRELLEBORG IM110 6PR TT,TRELLEBORG,10.0/80-12,Rolnicze,Ciągnik
7.00-12 TRELLEBORG IM110 6PR TT,TRELLEBORG,7.00-12,Rolnicze,Ciągnik
6.5/80-12 TRELLEBORG IM110 4PR TT,TRELLEBORG,6.5/80-12,Rolnicze,Ciągnik
5.00-12 TRELLEBORG IM110 4PR TT,TRELLEBORG,5.00-12,Rolnicze,Ciągnik
4.00-12 TRELLEBORG IM110 2PR TT,TRELLEBORG,4.00-12,Rolnicze,Ciągnik
5.0-10 TRELLEBORG IM110 4PR TT,TRELLEBORG,5.0-10,Rolnicze,Ciągnik
850/50-30.5 TRELLEBORG T404 179A8 TL,TRELLEBORG,850/50-30.5,Rolnicze,Przyczepa
800/45-30.5 TRELLEBORG T423 178A8 TL,TRELLEBORG,800/45-30.5,Rolnicze,Ciągnik
800/45-30.5 TRELLEBORG T404 178A8 TL,TRELLEBORG,800/45-30.5,Rolnicze,Przyczepa
750/60-30.5 TRELLEBORG T404 178A8 TL,TRELLEBORG,750/60-30.5,Rolnicze,Przyczepa
710/50-30.5 TRELLEBORG T423 175A8 TL,TRELLEBORG,710/50-30.5,Rolnicze,Ciągnik
710/50-30.5 TRELLEBORG T404 175A8 TL,TRELLEBORG,710/50-30.5,Rolnicze,Przyczepa
650/65-30.5 TRELLEBORG T404 173A8 TL,TRELLEBORG,650/65-30.5,Rolnicze,Przyczepa
800/40-26.5 TRELLEBORG T404 172A8 TL,TRELLEBORG,800/40-26.5,Rolnicze,Przyczepa
710/45-26.5 TRELLEBORG T423 169A8 TL,TRELLEBORG,710/45-26.5,Rolnicze,Ciągnik
710/45-26.5 TRELLEBORG T404 169A8 TL,TRELLEBORG,710/45-26.5,Rolnicze,Przyczepa
600/55-26.5 TRELLEBORG T421 173A8 TL,TRELLEBORG,600/55-26.5,Rolnicze,Przyczepa
600/55-26.5 TRELLEBORG T421 166A8 TL,TRELLEBORG,600/55-26.5,Rolnicze,Przyczepa
600/55-26.5 TRELLEBORG T404 166A8 TL,TRELLEBORG,600/55-26.5,Rolnicze,Przyczepa
400/60-26.5 TRELLEBORG T404 147A8 TT,TRELLEBORG,400/60-26.5,Rolnicze,Przyczepa
710/40-22.5 TRELLEBORG T404 158A8 TL,TRELLEBORG,710/40-22.5,Rolnicze,Przyczepa
600/50-22.5 TRELLEBORG T423 156A8 TL,TRELLEBORG,600/50-22.5,Rolnicze,Ciągnik
600/50-22.5 TRELLEBORG T404 156A8 TL,TRELLEBORG,600/50-22.5,Rolnicze,Przyczepa
560/60-22.5 TRELLEBORG T404 167A8 TL,TRELLEBORG,560/60-22.5,Rolnicze,Przyczepa
500/60-22.5 TRELLEBORG T421 155A8 TL,TRELLEBORG,500/60-22.5,Rolnicze,Przyczepa
500/60-22.5 TRELLEBORG T404 155A8 TL,TRELLEBORG,500/60-22.5,Rolnicze,Przyczepa
560/45-22.5 TRELLEBORG T404 154A8 TL,TRELLEBORG,560/45-22.5,Rolnicze,Przyczepa
500/45-22.5 TRELLEBORG T404 146A8 TL,TRELLEBORG,500/45-22.5,Rolnicze,Przyczepa
400/55-22.5 TRELLEBORG T404 147A8 TL,TRELLEBORG,400/55-22.5,Rolnicze,Przyczepa
400/55-17.5 TRELLEBORG T404 131A8 TT,TRELLEBORG,400/55-17.5,Rolnicze,Przyczepa
420/55-17 TRELLEBORG T421 145A8 TL,TRELLEBORG,420/55-17,Rolnicze,Przyczepa
420/55-17 TRELLEBORG T421 133A8 TL,TRELLEBORG,420/55-17,Rolnicze,Przyczepa
400/60-15.5 TRELLEBORG T404 148A8 TL,TRELLEBORG,400/60-15.5,Rolnicze,Przyczepa
400/60-15.5 TRELLEBORG T478 145A8 TL,TRELLEBORG,400/60-15.5,Rolnicze,Ciągnik
400/60-15.5 TRELLEBORG T404 145A8 TL,TRELLEBORG,400/60-15.5,Rolnicze,Przyczepa
400/45-15.5 TRELLEBORG T423 116A8 TL,TRELLEBORG,400/45-15.5,Rolnicze,Ciągnik
280/60-15.5 TRELLEBORG T478 128A8 TT,TRELLEBORG,280/60-15.5,Rolnicze,Ciągnik
280/60-15.5 TRELLEBORG T421 125A8 TL,TRELLEBORG,280/60-15.5,Rolnicze,Przyczepa
280/60-15.5 TRELLEBORG T421 115A8 TL,TRELLEBORG,280/60-15.5,Rolnicze,Przyczepa
620/60B34 TRELLEBORG T459 HD 175A8 TL,TRELLEBORG,620/60B34,Rolnicze,Ciągnik
600/65-34 TRELLEBORG T440 LD SB 175A8 TL,TRELLEBORG,600/65-34,Rolnicze,Ciągnik
710/40-22.5 TRELLEBORG T480 EXC 176A8 TL,TRELLEBORG,710/40-22.5,Rolnicze,Ciągnik
650/45-22.5 TRELLEBORG T440 EXC 175A8 TL,TRELLEBORG,650/45-22.5,Rolnicze,Ciągnik
600/50-22.5 TRELLEBORG T480 EXC 173A8 TL,TRELLEBORG,600/50-22.5,Rolnicze,Ciągnik
440/80-28 TRELLEBORG TB40 156A8 TL,TRELLEBORG,440/80-28,Rolnicze,Ciągnik
340/80-18 TRELLEBORG TB40 143A8 TL,TRELLEBORG,340/80-18,Rolnicze,Ciągnik
320/80-18 TRELLEBORG TB40 139A8 TL,TRELLEBORG,320/80-18,Rolnicze,Ciągnik
VF800/60R32 TRELLEBORG HF1000 191D TL,TRELLEBORG,800/60R32,Rolnicze,Ciągnik
800/60R32 TRELLEBORG TWIN RADIAL 185D TL,TRELLEBORG,800/60R32,Rolnicze,Ciągnik
VF850/50R30.5 TRELLEBORG HF1000 188D TL,TRELLEBORG,850/50R30.5,Rolnicze,Ciągnik
850/50R30.5 TRELLEBORG TWIN RADIAL 182D TL,TRELLEBORG,850/50R30.5,Rolnicze,Ciągnik
VF750/60R30.5 TRELLEBORG HF1000 187D TL,TRELLEBORG,750/60R30.5,Rolnicze,Ciągnik
750/60R30.5 TRELLEBORG TWIN RADIAL 181D TL,TRELLEBORG,750/60R30.5,Rolnicze,Ciągnik
650/65R30.5 TRELLEBORG TWIN RADIAL 176D TL,TRELLEBORG,650/65R30.5,Rolnicze,Ciągnik
710/50R26.5 TRELLEBORG TWIN RADIAL 170D TL,TRELLEBORG,710/50R26.5,Rolnicze,Ciągnik
680/55R26.5 TRELLEBORG TWIN RADIAL 171D TL,TRELLEBORG,680/55R26.5,Rolnicze,Ciągnik
600/55R26.5 TRELLEBORG TWIN RADIAL 165D TL,TRELLEBORG,600/55R26.5,Rolnicze,Ciągnik
600/50R22.5 TRELLEBORG TWIN RADIAL 159D TL,TRELLEBORG,600/50R22.5,Rolnicze,Ciągnik
580/65R22.5 TRELLEBORG TWIN RADIAL 159D TL,TRELLEBORG,580/65R22.5,Rolnicze,Ciągnik
560/60R22.5 TRELLEBORG TWIN RADIAL 161D TL,TRELLEBORG,560/60R22.5,Rolnicze,Ciągnik
500/60R22.5 TRELLEBORG TWIN RADIAL 155D TL,TRELLEBORG,500/60R22.5,Rolnicze,Ciągnik
440/80R28 TRELLEBORG TH400 156A8/156B TL,TRELLEBORG,440/80R28,Rolnicze,Ładowarka
480/80R26 TRELLEBORG TH500 167A8/167B TL,TRELLEBORG,480/80R26,Rolnicze,Ładowarka
480/80R26 TRELLEBORG TH400 160A8/160B TL,TRELLEBORG,480/80R26,Rolnicze,Ładowarka
500/70R24 TRELLEBORG TH500 164A8/164B TL,TRELLEBORG,500/70R24,Rolnicze,Ładowarka
500/70R24 TRELLEBORG TH400 164A8/164B TL,TRELLEBORG,500/70R24,Rolnicze,Ładowarka
460/70R24 TRELLEBORG TH500 159A8/159B TL,TRELLEBORG,460/70R24,Rolnicze,Ładowarka
460/70R24 TRELLEBORG TH400 159A8/159B TL,TRELLEBORG,460/70R24,Rolnicze,Ładowarka
440/80R24 TRELLEBORG TH400 161A8/161B TL,TRELLEBORG,440/80R24,Rolnicze,Ładowarka
400/70R24 TRELLEBORG TH400 152A8/152B TL,TRELLEBORG,400/70R24,Rolnicze,Ładowarka
400/70R20 TRELLEBORG TH400 149A8/149B TL,TRELLEBORG,400/70R20,Rolnicze,Ładowarka
400/70R20 TRELLEBORG TH500 149A8/149B TL,TRELLEBORG,400/70R20,Rolnicze,Ładowarka
400/70R18 TRELLEBORG TH400 147A8/147B TL,TRELLEBORG,400/70R18,Rolnicze,Ładowarka
340/80R18 TRELLEBORG TH400 143A8/143B TL,TRELLEBORG,340/80R18,Rolnicze,Ładowarka
11L-16 TRELLEBORG TH400 130A8 TL,TRELLEBORG,11L-16,Rolnicze,Ładowarka
VF750/60R46 CFO TRELLEBORG TM3000 189D/186E TL,TRELLEBORG,750/60R46,Rolnicze,Ciągnik
IF800/70R38 CFO TRELLEBORG TM3000 187A8 TL,TRELLEBORG,800/70R38,Rolnicze,Ciągnik
900/60R32 TRELLEBORG TM2000 181A8 TL,TRELLEBORG,900/60R32,Rolnicze,Ciągnik
VF900/60R32 CFO TRELLEBORG TM3000 193D/190E TL,TRELLEBORG,900/60R32,Rolnicze,Ciągnik
IF800/70R32 CFO TRELLEBORG TM3000 182A8 TL,TRELLEBORG,800/70R32,Rolnicze,Ciągnik
800/65R32 TRELLEBORG TM2000 178A8 TL,TRELLEBORG,800/65R32,Rolnicze,Ciągnik
IF800/65R32 CFO TRELLEBORG TM3000 178A8 TL,TRELLEBORG,800/65R32,Rolnicze,Ciągnik
710/75R32 TRELLEBORG TM2000 177A8 TL,TRELLEBORG,710/75R32,Rolnicze,Ciągnik
650/75R32 TRELLEBORG TM2000 172A8 TL,TRELLEBORG,650/75R32,Rolnicze,Ciągnik
650/75R32 TRELLEBORG TM3000 172A8 TL,TRELLEBORG,650/75R32,Rolnicze,Ciągnik
VF1050/50R32 TRELLEBORG TM3000 198D TL,TRELLEBORG,1050/50R32,Rolnicze,Ciągnik
VF850/45R26 CFO TRELLEBORG TM3000 172D/169E TL,TRELLEBORG,850/45R26,Rolnicze,Ciągnik
VF750/65R26 CFO TRELLEBORG TM3000 177A8/177B TL,TRELLEBORG,750/65R26,Rolnicze,Ciągnik
VF750/50R26 TRELLEBORG TM3000 169D TL,TRELLEBORG,750/50R26,Rolnicze,Ciągnik
620/75R26 TRELLEBORG TM2000 166A8 TL,TRELLEBORG,620/75R26,Rolnicze,Ciągnik
VF620/70R26 CFO TRELLEBORG TM3000 173A8 TL,TRELLEBORG,620/70R26,Rolnicze,Ciągnik
VF1000/50R25 TRELLEBORG TM3000 184D TL,TRELLEBORG,1000/50R25,Rolnicze,Ciągnik
380/90R54 TRELLEBORG TM100 152A8/152B TL,TRELLEBORG,380/90R54,Rolnicze,Ciągnik
VF380/105R54 CFO TRELLEBORG TM150 178D TL,TRELLEBORG,380/105R54,Rolnicze,Ciągnik
300/95R52 TRELLEBORG TM100 151A8/151B TL,TRELLEBORG,300/95R52,Rolnicze,Ciągnik
VF520/85R50 CFO TRELLEBORG TM150 177D TL,TRELLEBORG,520/85R50,Rolnicze,Ciągnik
VF480/80R50 CFO TRELLEBORG TM150 179D TL,TRELLEBORG,480/80R50,Rolnicze,Ciągnik
380/90R50 TRELLEBORG TM100 151A8/151B TL,TRELLEBORG,380/90R50,Rolnicze,Ciągnik
VF380/105R50 CFO TRELLEBORG TM150 179D TL,TRELLEBORG,380/105R50,Rolnicze,Ciągnik
VF320/90R50 CFO TRELLEBORG TM150 169D TL,TRELLEBORG,320/90R50,Rolnicze,Ciągnik
270/95R48 TRELLEBORG TM100 144A8/144B TL,TRELLEBORG,270/95R48,Rolnicze,Ciągnik
230/95R48 TRELLEBORG TM100 136A8/136B TL,TRELLEBORG,230/95R48,Rolnicze,Ciągnik
VF520/85R46 CFO TRELLEBORG TM150 173D TL,TRELLEBORG,520/85R46,Rolnicze,Ciągnik
VF480/80R46 CFO TRELLEBORG TM150 177D TL,TRELLEBORG,480/80R46,Rolnicze,Ciągnik
VF380/105R46 CFO TRELLEBORG TM150 178D TL,TRELLEBORG,380/105R46,Rolnicze,Ciągnik
VF380/90R46 CFO TRELLEBORG TM150 173D TL,TRELLEBORG,380/90R46,Rolnicze,Ciągnik
300/95R46 TRELLEBORG TM100 148A8/148B TL,TRELLEBORG,300/95R46,Rolnicze,Ciągnik
270/95R44 TRELLEBORG TM100 142A8/142B TL,TRELLEBORG,270/95R44,Rolnicze,Ciągnik
230/95R44 TRELLEBORG TM100 134A8/134B TL,TRELLEBORG,230/95R44,Rolnicze,Ciągnik
210/95R44 TRELLEBORG TM100 120A8/120B TL,TRELLEBORG,210/95R44,Rolnicze,Ciągnik
270/95R38 TRELLEBORG TM100 140A8/140B TL,TRELLEBORG,270/95R38,Rolnicze,Ciągnik
230/95R36 TRELLEBORG TM100 130A8/130B TL,TRELLEBORG,230/95R36,Rolnicze,Ciągnik
270/95R32 TRELLEBORG TM100 136A8/136B TL,TRELLEBORG,270/95R32,Rolnicze,Ciągnik
230/95R32 TRELLEBORG TM100 128A8/128B TL,TRELLEBORG,230/95R32,Rolnicze,Ciągnik
480/95R50 TRELLEBORG TM600 PT 164A8/164B TL,TRELLEBORG,480/95R50,Rolnicze,Ciągnik
480/80R50 TRELLEBORG TM600 159D TL,TRELLEBORG,480/80R50,Rolnicze,Ciągnik
VF480/80R50 CFO TRELLEBORG TM1000 PT 166D TL,TRELLEBORG,480/80R50,Rolnicze,Ciągnik
VF900/65R46 CFO TRELLEBORG TM1000 PT 193D/190E TL,TRELLEBORG,900/65R46,Rolnicze,Ciągnik
VF750/75R46 CFO TRELLEBORG TM1000 PT 189D/186E TL,TRELLEBORG,750/75R46,Rolnicze,Ciągnik
IF710/65R46 TRELLEBORG TM1000HP 183D TL,TRELLEBORG,710/65R46,Rolnicze,Ciągnik
520/85R46 TRELLEBORG TM600 158A8/158B TL,TRELLEBORG,520/85R46,Rolnicze,Ciągnik
480/80R46 TRELLEBORG TM600 158A8/158B TL,TRELLEBORG,480/80R46,Rolnicze,Ciągnik
VF380/85R46 CFO TRELLEBORG TM1000 PT 162D/159E TL,TRELLEBORG,380/85R46,Rolnicze,Ciągnik
VF750/70R44 TRELLEBORG TM1060 183D TL,TRELLEBORG,750/70R44,Rolnicze,Ciągnik
VF750/70R44 CFO TRELLEBORG TM1000 PT 186D/183E TL,TRELLEBORG,750/70R44,Rolnicze,Ciągnik
900/60R42 TRELLEBORG TM900HP 180D/177E TL,TRELLEBORG,900/60R42,Rolnicze,Ciągnik
VF900/60R42 CFO TRELLEBORG TM1000 PT 189D/186E TL,TRELLEBORG,900/60R42,Rolnicze,Ciągnik
710/75R42 TRELLEBORG TM900 PT 175D/172E TL,TRELLEBORG,710/75R42,Rolnicze,Ciągnik
VF710/75R42 CFO TRELLEBORG TM1000 PT 184D/181E TL,TRELLEBORG,710/75R42,Rolnicze,Ciągnik
710/70R42 TRELLEBORG TM900HP 179A8 TL,TRELLEBORG,710/70R42,Rolnicze,Ciągnik
710/70R42 TRELLEBORG TM900HP HA 173D/170E TL,TRELLEBORG,710/70R42,Rolnicze,Ciągnik
710/70R42 TRELLEBORG TM900 PT 173D/170E TL,TRELLEBORG,710/70R42,Rolnicze,Ciągnik
VF710/70R42 CFO TRELLEBORG TM1000 PT 182D/179E TL,TRELLEBORG,710/70R42,Rolnicze,Ciągnik
VF710/60R42 TRELLEBORG TM1060 173D/170E TL,TRELLEBORG,710/60R42,Rolnicze,Ciągnik
VF650/85R42 CFO TRELLEBORG TM1000 PT 183D/180E TL,TRELLEBORG,650/85R42,Rolnicze,Ciągnik
VF650/75R42 CFO TRELLEBORG TM1000 PT 180D/177E TL,TRELLEBORG,650/75R42,Rolnicze,Ciągnik
VF650/65R42 CFO TRELLEBORG TM1000 PT 174D/171E TL,TRELLEBORG,650/65R42,Rolnicze,Ciągnik
650/65R42 TRELLEBORG TM800 PT 165D/168A8 TL,TRELLEBORG,650/65R42,Rolnicze,Ciągnik
650/65R42 TRELLEBORG TM800 PT 158D TL,TRELLEBORG,650/65R42,Rolnicze,Ciągnik
VF650/60R42 CFO TRELLEBORG TM1060 168D TL,TRELLEBORG,650/60R42,Rolnicze,Ciągnik
620/70R42 TRELLEBORG TM700 166D TL,TRELLEBORG,620/70R42,Rolnicze,Ciągnik
620/70R42 TRELLEBORG TM700 PT 166D TL,TRELLEBORG,620/70R42,Rolnicze,Ciągnik
600/65R42 TRELLEBORG TM800 154D TL,TRELLEBORG,600/65R42,Rolnicze,Ciągnik
580/70R42 TRELLEBORG TM700 158D TL,TRELLEBORG,580/70R42,Rolnicze,Ciągnik
580/70R42 TRELLEBORG TM700 PT 158D TL,TRELLEBORG,580/70R42,Rolnicze,Ciągnik
520/85R42 TRELLEBORG TM600 157A8/157B TL,TRELLEBORG,520/85R42,Rolnicze,Ciągnik
520/85R42 TRELLEBORG TM600 162A8/162B TL,TRELLEBORG,520/85R42,Rolnicze,Ciągnik
480/80R42 TRELLEBORG TM600 151A8/151B TL,TRELLEBORG,480/80R42,Rolnicze,Ciągnik
900/60R38 TRELLEBORG TM900HP 178D/175E TL,TRELLEBORG,900/60R38,Rolnicze,Ciągnik
800/70R38 TRELLEBORG TM900HP 178D/175E TL,TRELLEBORG,800/70R38,Rolnicze,Ciągnik
VF800/70R38 TRELLEBORG TM1000 PT 184D TL,TRELLEBORG,800/70R38,Rolnicze,Ciągnik
710/70R38 TRELLEBORG TM800 171D TL,TRELLEBORG,710/70R38,Rolnicze,Ciągnik
710/70R38 TRELLEBORG TM800 FORAGE 175D TL,TRELLEBORG,710/70R38,Rolnicze,Ciągnik
710/70R38 TRELLEBORG TM800 PT 166D TL,TRELLEBORG,710/70R38,Rolnicze,Ciągnik
710/70R38 TRELLEBORG TM800 PT HS 171D/168E TL,TRELLEBORG,710/70R38,Rolnicze,Ciągnik
VF710/70R38 CFO TRELLEBORG TM800 PF 178D TL,TRELLEBORG,710/70R38,Rolnicze,Ciągnik
VF710/60R38 TRELLEBORG TM1060 171D TL,TRELLEBORG,710/60R38,Rolnicze,Ciągnik
VF710/60R38 CFO TRELLEBORG TM1000 PT 174D TL,TRELLEBORG,710/60R38,Rolnicze,Ciągnik
650/85R38 TRELLEBORG TM900 PT 173D/170E TL,TRELLEBORG,650/85R38,Rolnicze,Ciągnik
VF650/85R38 CFO TRELLEBORG TM1000 PT 182D/179E TL,TRELLEBORG,650/85R38,Rolnicze,Ciągnik
650/75R38 TRELLEBORG TM900HP 169D/166E TL,TRELLEBORG,650/75R38,Rolnicze,Ciągnik
650/65R38 TRELLEBORG TM800 PT 157D TL,TRELLEBORG,650/65R38,Rolnicze,Ciągnik
650/65R38 TRELLEBORG TM800 PT HS 163D/159E TL,TRELLEBORG,650/65R38,Rolnicze,Ciągnik
VF650/65R38 CFO TRELLEBORG TM800 PF 169D TL,TRELLEBORG,650/65R38,Rolnicze,Ciągnik
VF650/65R38 CFO TRELLEBORG TM1000 PT 172D/169E TL,TRELLEBORG,650/65R38,Rolnicze,Ciągnik
VF650/60R38 CFO TRELLEBORG TM1000 PT 170D/167E TL,TRELLEBORG,650/60R38,Rolnicze,Ciągnik
VF650/60R38 TRELLEBORG TM1060 173D/170E TL,TRELLEBORG,650/60R38,Rolnicze,Ciągnik
VF650/60R38 TRELLEBORG TM1060 166D TL,TRELLEBORG,650/60R38,Rolnicze,Ciągnik
600/65R38 TRELLEBORG TM800 PT 153D TL,TRELLEBORG,600/65R38,Rolnicze,Ciągnik
VF600/65R38 CFO TRELLEBORG TM800 PF 164D TL,TRELLEBORG,600/65R38,Rolnicze,Ciągnik
VF600/60R38 TRELLEBORG TM1060 168D/165E TL,TRELLEBORG,600/60R38,Rolnicze,Ciągnik
580/70R38 TRELLEBORG TM700 155D TL,TRELLEBORG,580/70R38,Rolnicze,Ciągnik
580/70R38 TRELLEBORG TM700 PT 155D TL,TRELLEBORG,580/70R38,Rolnicze,Ciągnik
540/65R38 TRELLEBORG TM800 147D TL,TRELLEBORG,540/65R38,Rolnicze,Ciągnik
540/65R38 TRELLEBORG TM800HS 153D/150E TL,TRELLEBORG,540/65R38,Rolnicze,Ciągnik
520/85R38 TRELLEBORG TM600 155A8/152B TL,TRELLEBORG,520/85R38,Rolnicze,Ciągnik
520/85R38 TRELLEBORG TM600 PT 155A8/152B TL,TRELLEBORG,520/85R38,Rolnicze,Ciągnik
520/70R38 TRELLEBORG TM700 150D TL,TRELLEBORG,520/70R38,Rolnicze,Ciągnik
520/70R38 TRELLEBORG TM700 PT 150D TL,TRELLEBORG,520/70R38,Rolnicze,Ciągnik
480/80R38 TRELLEBORG TM600 PT 149A8/149B TL,TRELLEBORG,480/80R38,Rolnicze,Ciągnik
480/70R38 TRELLEBORG TM700 PT 145D TL,TRELLEBORG,480/70R38,Rolnicze,Ciągnik
480/70R38 TRELLEBORG TM700 145A8/145B TL,TRELLEBORG,480/70R38,Rolnicze,Ciągnik
460/85R38 TRELLEBORG TM600 149A8/146B TL,TRELLEBORG,460/85R38,Rolnicze,Ciągnik
460/85R38 TRELLEBORG MARSHLAND 149A8/149B TL,TRELLEBORG,460/85R38,Rolnicze,Ciągnik
420/85R38 TRELLEBORG MARSHLAND 144A8/144B TL,TRELLEBORG,420/85R38,Rolnicze,Ciągnik
420/85R38 TRELLEBORG TM600 144A8/141B TL,TRELLEBORG,420/85R38,Rolnicze,Ciągnik
400/75R38 TRELLEBORG TM600 138A8/135B TL,TRELLEBORG,400/75R38,Rolnicze,Ciągnik
380/95R38 TRELLEBORG TM600 PT 147A8/147B TL,TRELLEBORG,380/95R38,Rolnicze,Ciągnik
380/85R38 TRELLEBORG TM600 144A8/144B TL,TRELLEBORG,380/85R38,Rolnicze,Ciągnik
380/85R38 TRELLEBORG MARSHLAND 139A8/139B TL,TRELLEBORG,380/85R38,Rolnicze,Ciągnik
380/80R38 TRELLEBORG TM600 142A8/142B TL,TRELLEBORG,380/80R38,Rolnicze,Ciągnik
340/85R38 TRELLEBORG TM600 133A8/130B TL,TRELLEBORG,340/85R38,Rolnicze,Ciągnik
320/85R38 TRELLEBORG TM600 129A8/126B TL,TRELLEBORG,320/85R38,Rolnicze,Ciągnik
340/85R36 TRELLEBORG TM600 132A8/128B TL,TRELLEBORG,340/85R36,Rolnicze,Ciągnik
12.4R36 TRELLEBORG TM190 124A8 TT,TRELLEBORG,12.4R36,Rolnicze,Ciągnik
VF710/60R34 CFO TRELLEBORG TM1000 PT 173D/170E TL,TRELLEBORG,710/60R34,Rolnicze,Ciągnik
710/60R34 TRELLEBORG TM900HP 164D/161E TL,TRELLEBORG,710/60R34,Rolnicze,Ciągnik
VF710/55R34 CFO TRELLEBORG TM1000 PT 170D/167E TL,TRELLEBORG,710/55R34,Rolnicze,Ciągnik
VF650/65R34 CFO TRELLEBORG TM1000 PT 170D/167E TL,TRELLEBORG,650/65R34,Rolnicze,Ciągnik
650/60R34 TRELLEBORG TM900 PT 159D/156E TL,TRELLEBORG,650/60R34,Rolnicze,Ciągnik
VF650/60R34 CFO TRELLEBORG TM1000 PT 168D/165E TL,TRELLEBORG,650/60R34,Rolnicze,Ciągnik
600/70R34 TRELLEBORG TM900HP 160D/157E TL,TRELLEBORG,600/70R34,Rolnicze,Ciągnik
600/65R34 TRELLEBORG TM800 151D TL,TRELLEBORG,600/65R34,Rolnicze,Ciągnik
600/65R34 TRELLEBORG TM800HS 157D/154E TL,TRELLEBORG,600/65R34,Rolnicze,Ciągnik
540/65R34 TRELLEBORG TM800 145D TL,TRELLEBORG,540/65R34,Rolnicze,Ciągnik
540/65R34 TRELLEBORG TM800 HS 152D/149E TL,TRELLEBORG,540/65R34,Rolnicze,Ciągnik
520/70R34 TRELLEBORG TM700 148A8/148B TL,TRELLEBORG,520/70R34,Rolnicze,Ciągnik
VF480/70R34 CFO TRELLEBORG TM1000 PT 158D TL,TRELLEBORG,480/70R34,Rolnicze,Ciągnik
480/70R34 TRELLEBORG TM700 PT 155A8/155B TL,TRELLEBORG,480/70R34,Rolnicze,Ciągnik
480/70R34 TRELLEBORG TM700 155A8/155B TL,TRELLEBORG,480/70R34,Rolnicze,Ciągnik
480/70R34 TRELLEBORG TM700 PT 143A8/143B TL,TRELLEBORG,480/70R34,Rolnicze,Ciągnik
480/70R34 TRELLEBORG TM700 143A8/143B TL,TRELLEBORG,480/70R34,Rolnicze,Ciągnik
460/85R34 TRELLEBORG TM600 147A8/144B TL,TRELLEBORG,460/85R34,Rolnicze,Ciągnik
420/85R34 TRELLEBORG TM600 147A8/147B TL,TRELLEBORG,420/85R34,Rolnicze,Ciągnik
420/85R34 TRELLEBORG TM600 142A8/139B TL,TRELLEBORG,420/85R34,Rolnicze,Ciągnik
380/85R34 TRELLEBORG TM600 137A8/137B TL,TRELLEBORG,380/85R34,Rolnicze,Ciągnik
710/60R30 TRELLEBORG TM900HP 162D/159E TL,TRELLEBORG,710/60R30,Rolnicze,Ciągnik
VF620/75R30 CFO TRELLEBORG TM1000 PT 172D/169E TL,TRELLEBORG,620/75R30,Rolnicze,Ciągnik
600/70R30 TRELLEBORG TM900 PT 158D/155E TL,TRELLEBORG,600/70R30,Rolnicze,Ciągnik
VF600/70R30 CFO TRELLEBORG TM1000 PT 170D/167E TL,TRELLEBORG,600/70R30,Rolnicze,Ciągnik
VF600/60R30 TRELLEBORG TM1060 158D TL,TRELLEBORG,600/60R30,Rolnicze,Ciągnik
VF540/65R30 CFO TRELLEBORG TM1000 PT 158D/155E TL,TRELLEBORG,540/65R30,Rolnicze,Ciągnik
540/65R30 TRELLEBORG TM800 PT 143D TL,TRELLEBORG,540/65R30,Rolnicze,Ciągnik
520/70R30 TRELLEBORG TM700 145A8/145B TL,TRELLEBORG,520/70R30,Rolnicze,Ciągnik
520/70R30 TRELLEBORG TM700H 151D/148E TL,TRELLEBORG,520/70R30,Rolnicze,Ciągnik
480/70R30 TRELLEBORG TM1 ECOPOWER 147D TL,TRELLEBORG,480/70R30,Rolnicze,Ciągnik
480/70R30 TRELLEBORG TM700 PT 141D TL,TRELLEBORG,480/70R30,Rolnicze,Ciągnik
480/70R30 TRELLEBORG TM700 141D TL,TRELLEBORG,480/70R30,Rolnicze,Ciągnik
480/70R30 TRELLEBORG TM700H 147D/144E TL,TRELLEBORG,480/70R30,Rolnicze,Ciągnik
460/85R30 TRELLEBORG TM600 145A8/142B TL,TRELLEBORG,460/85R30,Rolnicze,Ciągnik
420/90R30 TRELLEBORG TM600 147A8/147B TL,TRELLEBORG,420/90R30,Rolnicze,Ciągnik
420/85R30 TRELLEBORG TM600 140A8/137B TL,TRELLEBORG,420/85R30,Rolnicze,Ciągnik
420/70R30 TRELLEBORG TM700 134A8/134B TL,TRELLEBORG,420/70R30,Rolnicze,Ciągnik
380/85R30 TRELLEBORG TM600 135A8/135B TL,TRELLEBORG,380/85R30,Rolnicze,Ciągnik
380/85R30 TRELLEBORG TM600 PT 135A8/135B TL,TRELLEBORG,380/85R30,Rolnicze,Ciągnik
600/70R28 TRELLEBORG TM900 PT 157D/154E TL,TRELLEBORG,600/70R28,Rolnicze,Ciągnik
VF600/70R28 CFO TRELLEBORG TM1000 PT 167D/164E TL,TRELLEBORG,600/70R28,Rolnicze,Ciągnik
600/65R28 TRELLEBORG TM800 PT HS 154D/151E TL,TRELLEBORG,600/65R28,Rolnicze,Ciągnik
600/65R28 TRELLEBORG TM800 PT 147D TL,TRELLEBORG,600/65R28,Rolnicze,Ciągnik
VF600/65R28 CFO TRELLEBORG TM800 PF 159D TL,TRELLEBORG,600/65R28,Rolnicze,Ciągnik
600/65R28 TRELLEBORG TM800 147D TL,TRELLEBORG,600/65R28,Rolnicze,Ciągnik
600/65R28 TRELLEBORG TM800HS 154D/151E TL,TRELLEBORG,600/65R28,Rolnicze,Ciągnik
VF600/60R28 TRELLEBORG TM1060 157D TL,TRELLEBORG,600/60R28,Rolnicze,Ciągnik
540/65R28 TRELLEBORG TM800 PT HS 149D/146E TL,TRELLEBORG,540/65R28,Rolnicze,Ciągnik
VF540/65R28 CFO TRELLEBORG TM800 PF 154D TL,TRELLEBORG,540/65R28,Rolnicze,Ciągnik
540/65R28 TRELLEBORG TM800 PT 142D TL,TRELLEBORG,540/65R28,Rolnicze,Ciągnik
VF520/60R28 TRELLEBORG TM1060 149D TL,TRELLEBORG,520/60R28,Rolnicze,Ciągnik
480/70R28 TRELLEBORG TM700 PT 140D TL,TRELLEBORG,480/70R28,Rolnicze,Ciągnik
480/70R28 TRELLEBORG TM700 145D/148A8 TL,TRELLEBORG,480/70R28,Rolnicze,Ciągnik
480/70R28 TRELLEBORG TM700 140D TL,TRELLEBORG,480/70R28,Rolnicze,Ciągnik
480/65R28 TRELLEBORG TM800 PT 136D TL,TRELLEBORG,480/65R28,Rolnicze,Ciągnik
VF480/65R28 CFO TRELLEBORG TM800 PF 148D TL,TRELLEBORG,480/65R28,Rolnicze,Ciągnik
VF480/60R28 TRELLEBORG TM1060 145D TL,TRELLEBORG,480/60R28,Rolnicze,Ciągnik
VF440/65R28 TRELLEBORG TM200 PT 146A8/146B TL,TRELLEBORG,440/65R28,Rolnicze,Ciągnik
440/65R28 TRELLEBORG TM800 131D TL,TRELLEBORG,440/65R28,Rolnicze,Ciągnik
420/85R28 TRELLEBORG TM600 139A8/136B TL,TRELLEBORG,420/85R28,Rolnicze,Ciągnik
420/70R28 TRELLEBORG TM700 PT 133D TL,TRELLEBORG,420/70R28,Rolnicze,Ciągnik
420/70R28 TRELLEBORG TM700 133D TL,TRELLEBORG,420/70R28,Rolnicze,Ciągnik
420/65R28 TRELLEBORG TM800 135D/138A8 TL,TRELLEBORG,420/65R28,Rolnicze,Ciągnik
380/85R28 TRELLEBORG TM600 133A8/130B TL,TRELLEBORG,380/85R28,Rolnicze,Ciągnik
380/70R28 TRELLEBORG TM700 PT 127D TL,TRELLEBORG,380/70R28,Rolnicze,Ciągnik
380/70R28 TRELLEBORG TM700 127A8/127B TL,TRELLEBORG,380/70R28,Rolnicze,Ciągnik
360/70R28 TRELLEBORG TM700 125A8/125B TL,TRELLEBORG,360/70R28,Rolnicze,Ciągnik
340/85R28 TRELLEBORG TM600 127A8/124B TL,TRELLEBORG,340/85R28,Rolnicze,Ciągnik
320/85R28 TRELLEBORG TM600 124A8/121B TL,TRELLEBORG,320/85R28,Rolnicze,Ciągnik
320/70R28 TRELLEBORG TM700 119A8/119B TL,TRELLEBORG,320/70R28,Rolnicze,Ciągnik
280/85R28 TRELLEBORG TM600 118A8/115B TL,TRELLEBORG,280/85R28,Rolnicze,Ciągnik
540/65R26 TRELLEBORG TM800 141D TL,TRELLEBORG,540/65R26,Rolnicze,Ciągnik
480/70R26 TRELLEBORG TM700 139A8/139B TL,TRELLEBORG,480/70R26,Rolnicze,Ciągnik
540/65R24 TRELLEBORG TM800 PT 140D TL,TRELLEBORG,540/65R24,Rolnicze,Ciągnik
540/65R24 TRELLEBORG TM800 PT 146A8 TL,TRELLEBORG,540/65R24,Rolnicze,Ciągnik
480/70R24 TRELLEBORG TM700 138A8/138B TL,TRELLEBORG,480/70R24,Rolnicze,Ciągnik
480/65R24 TRELLEBORG TM800 133D TL,TRELLEBORG,480/65R24,Rolnicze,Ciągnik
480/65R24 TRELLEBORG TM800 140D TL,TRELLEBORG,480/65R24,Rolnicze,Ciągnik
VF440/65R24 TRELLEBORG TM200 PT 144A8/144B TL,TRELLEBORG,440/65R24,Rolnicze,Ciągnik
440/65R24 TRELLEBORG TM800 128D TL,TRELLEBORG,440/65R24,Rolnicze,Ciągnik
420/85R24 TRELLEBORG TM600 137A8/134B TL,TRELLEBORG,420/85R24,Rolnicze,Ciągnik
420/70R24 TRELLEBORG TM700 130A8/130B TL,TRELLEBORG,420/70R24,Rolnicze,Ciągnik
380/85R24 TRELLEBORG TM600 140A8/140B TL,TRELLEBORG,380/85R24,Rolnicze,Ciągnik
380/85R24 TRELLEBORG TM600 131A8/128B TL,TRELLEBORG,380/85R24,Rolnicze,Ciągnik
380/70R24 TRELLEBORG TM1 ECOPOWER 130D TL,TRELLEBORG,380/70R24,Rolnicze,Ciągnik
380/70R24 TRELLEBORG TM700L 130A8/127B TL,TRELLEBORG,380/70R24,Rolnicze,Ciągnik
380/70R24 TRELLEBORG TM700 125A8/125B TL,TRELLEBORG,380/70R24,Rolnicze,Ciągnik
360/70R24 TRELLEBORG TM700 122A8/122B TL,TRELLEBORG,360/70R24,Rolnicze,Ciągnik
340/85R24 TRELLEBORG TM600 125A8/122B TL,TRELLEBORG,340/85R24,Rolnicze,Ciągnik
340/70R24 TRELLEBORG TM1 ECOPOWER 124D TL,TRELLEBORG,340/70R24,Rolnicze,Ciągnik
320/85R24 TRELLEBORG TM600 122A8/119B TL,TRELLEBORG,320/85R24,Rolnicze,Ciągnik
320/70R24 TRELLEBORG TM700 116A8/116B TL,TRELLEBORG,320/70R24,Rolnicze,Ciągnik
280/85R24 TRELLEBORG TM600 115A8/112B TL,TRELLEBORG,280/85R24,Rolnicze,Ciągnik
250/85R24 TRELLEBORG TM600 112A8/109B TL,TRELLEBORG,250/85R24,Rolnicze,Ciągnik
9.5R24 TRELLEBORG TM190 107A8 TL,TRELLEBORG,9.5R24,Rolnicze,Ciągnik
8.3R24 TRELLEBORG TM190 105A8 TL,TRELLEBORG,8.3R24,Rolnicze,Ciągnik
445/65R22.5 TRELLEBORG MPT100 160G TL,TRELLEBORG,445/65R22.5,Rolnicze,Ciągnik
425/75R20 TRELLEBORG MPT100 158G TL,TRELLEBORG,425/75R20,Rolnicze,Ciągnik
405/70R20 TRELLEBORG MPT100 136G TL,TRELLEBORG,405/70R20,Rolnicze,Ciągnik
380/70R20 TRELLEBORG TM700 122A8/122B TL,TRELLEBORG,380/70R20,Rolnicze,Ciągnik
360/70R20 TRELLEBORG TM700 120A8/120B TL,TRELLEBORG,360/70R20,Rolnicze,Ciągnik
320/85R20 TRELLEBORG TM600 119A8/116B TL,TRELLEBORG,320/85R20,Rolnicze,Ciągnik
320/70R20 TRELLEBORG TM700 113A8/113B TL,TRELLEBORG,320/70R20,Rolnicze,Ciągnik
300/70R20 TRELLEBORG TM700 110A8/110B TL,TRELLEBORG,300/70R20,Rolnicze,Ciągnik
280/85R20 TRELLEBORG TM600 112A8/109B TL,TRELLEBORG,280/85R20,Rolnicze,Ciągnik
280/70R20 TRELLEBORG TM700 OV 116A8/116B TL,TRELLEBORG,280/70R20,Rolnicze,Ciągnik
VF340/65R18 TRELLEBORG TM200 PT 130A8/130B TL,TRELLEBORG,340/65R18,Rolnicze,Ciągnik
340/65R18 TRELLEBORG TM800 113A8/113B TL,TRELLEBORG,340/65R18,Rolnicze,Ciągnik
320/65R18 TRELLEBORG TM800 109A8/109B TL,TRELLEBORG,320/65R18,Rolnicze,Ciągnik
280/70R18 TRELLEBORG TM700 114A8/114B TL,TRELLEBORG,280/70R18,Rolnicze,Ciągnik
210/95R18 TRELLEBORG TM600 108A8/108B TL,TRELLEBORG,210/95R18,Rolnicze,Ciągnik
VF320/65R16 TRELLEBORG TM200 PT 128A8/128B TL,TRELLEBORG,320/65R16,Rolnicze,Ciągnik
VF280/70R16 TRELLEBORG TM200 PT 120A8 TL,TRELLEBORG,280/70R16,Rolnicze,Ciągnik
280/70R16 TRELLEBORG TM1 ECOPOWER 112D TL,TRELLEBORG,280/70R16,Rolnicze,Ciągnik
280/70R16 TRELLEBORG TM700 112A8/112B TL,TRELLEBORG,280/70R16,Rolnicze,Ciągnik
260/70R16 TRELLEBORG TM700 109A8/109B TL,TRELLEBORG,260/70R16,Rolnicze,Ciągnik
240/70R16 TRELLEBORG TM700 OV 104A8/104B TL,TRELLEBORG,240/70R16,Rolnicze,Ciągnik
210/95R16 TRELLEBORG TM600 106A8/106B TL,TRELLEBORG,210/95R16,Rolnicze,Ciągnik
6.50-16 ALLIANCE FARM PRO 303 6PR TT,ALLIANCE,6.50-16,Rolnicze,Ciągnik
300-15 GALAXY YARDMASTER ULTRA 20PR TT,GALAXY,300-15,Przemysłowe,Wózek widłowy
300-15 GALAXY YARDMASTER 20PR TT,GALAXY,300-15,Przemysłowe,Wózek widłowy
250-15 GALAXY YARDMASTER 16PR TT,GALAXY,250-15,Przemysłowe,Wózek widłowy
5.00-8 GALAXY YARDMASTER 10PR TT,GALAXY,5.00-8,Przemysłowe,Wózek widłowy
11.00-20 BOKA TERRA SKL800 148B 16PR TT,BOKA TERRA,11.00-20,Rolnicze,Uniwersalne/pozostałe
23X10.50-12 STARCO AS LOADER 94A8/107A8 8PR TL,STARCO,23x10.50-12,Przemysłowe,Ładowarka
7.50-16 MRL MTF 222 TWO RIB 103A6/98A8 8PR TT,MRL,7.50-16,Przemysłowe,Uniwersalne/pozostałe
27X8.50-15 KENDA K395 POWER GRIP 113A2 8PR TL,KENDA,27x8.50-15,Przemysłowe,Uniwersalne/pozostałe
26X12.00-12 KENDA K500 SUPER TURF 87A4/99A4 4PR TL,KENDA,26x12.00-12,Rolnicze,Kosiarka/ogród
26X12.00-12 KENDA K500 SUPER TURF 110A4/122A4 10PR TL,KENDA,26x12.00-12,Rolnicze,Kosiarka/ogród
24X12.00-12 KENDA K500 SUPER TURF 87A4/98A4 4PR TL,KENDA,24x12.00-12,Rolnicze,Kosiarka/ogród
6.00-12 KENDA K365 57A4/68A4 4PR TT,KENDA,6.00-12,Przemysłowe,Uniwersalne/pozostałe
20X10.00-10 KENDA K500 SUPER TURF 74A4/85A4 4PR TL,KENDA,20x10.00-10,Rolnicze,Kosiarka/ogród
20X10.00-10 KENDA K500 SUPER TURF 86A4/97A4 6PR TL,KENDA,20x10.00-10,Rolnicze,Kosiarka/ogród
18X9.50-8 KENDA K500 SUPER TURF 78A4/89A4 6PR TL,KENDA,18x9.50-8,Przemysłowe,Kosiarka/ogród
20X10.00-8 KENDA K500 SUPER TURF 82A4/94A4 6PR TL,KENDA,20x10.00-8,Rolnicze,Kosiarka/ogród
18X9.50-8 KENDA K357 70A4/81A4 4PR TL,KENDA,18x9.50-8,Przemysłowe,Uniwersalne/pozostałe
18X8.50-8 KENDA K500 SUPER TURF 69A4/81A4 6PR TL,KENDA,18x8.50-8,Przemysłowe,Kosiarka/ogród
18X8.50-8 KENDA K358 TURF RIDER 69A4/81A4 6PR TL,KENDA,18x8.50-8,Przemysłowe,Kosiarka/ogród
16X7.50-8 KENDA K500 SUPER TURF 53A4/64A4 4PR TL,KENDA,16x7.50-8,Przemysłowe,Kosiarka/ogród
110/90-6 KENDA K311 57A4/68A4 6PR TT,KENDA,110/90-6,Rolnicze,Uniwersalne/pozostałe
8X3.00-4 KENDA K404 15A4/19A4 4PR TL,KENDA,8x3.00-4,Przemysłowe,Uniwersalne/pozostałe
400/45L-17.5 DELI SG-815 156B TL,DELI,400/45L-17.5,Rolnicze,Uniwersalne/pozostałe
4.00-12 DELI S-247 54A6/66A6 4PR TT,DELI,4.00-12,Przemysłowe,Uniwersalne/pozostałe
10.0/80-12 DELI SG-316 120A8 10PR TL,DELI,10.0/80-12,Rolnicze,Uniwersalne/pozostałe
5.00-8 DELI S-369 126A2/125A3 10PR TT,DELI,5.00-8,Przemysłowe,Uniwersalne/pozostałe
4.80/4.00-8 DELI S-379 71A4 6PR TT,DELI,4.80/4.00-8,Rolnicze,Uniwersalne/pozostałe
4.80/4.00-8 DELI S-379 67A4 4PR TL,DELI,4.80/4.00-8,Rolnicze,Uniwersalne/pozostałe
15X6.00-6 DELI S-365 58A6/70A6 6PR TT,DELI,15x6.00-6,Przemysłowe,Uniwersalne/pozostałe
13X5.00-6 DELI S-365 40A6/52A6 4PR TL,DELI,13x5.00-6,Przemysłowe,Uniwersalne/pozostałe
4.00-6 DELI S-379 57A4 4PR TT,DELI,4.00-6,Przemysłowe,Uniwersalne/pozostałe
195/70R15 SECURITY TR603 102R/108N 8PR TL,SECURITY,195/70R15,Rolnicze,Uniwersalne/pozostałe
185/65R14 SECURITY AW414 93N TL,SECURITY,185/65R14,Rolnicze,Uniwersalne/pozostałe
165/70R13 SECURITY AW414 84N TL,SECURITY,165/70R13,Rolnicze,Uniwersalne/pozostałe
155/80R13 SECURITY AW414 84N TL,SECURITY,155/80R13,Rolnicze,Uniwersalne/pozostałe
18.4-34 NOKIAN TR FOREST 14PR TT,NOKIAN,18.4-34,Rolnicze,Uniwersalne/pozostałe
28L-26 NOKIAN LOGGER KING TRS-2 SF 20PR TL,NOKIAN,28L-26,Rolnicze,Uniwersalne/pozostałe
340/80R18 ALLIANCE 585 143A8/143B SB TL,ALLIANCE,340/80R18,Rolnicze,Ciągnik
17.5R24 ALLIANCE AGRO INDUSTRIAL 580 159A8/159B SB TL,ALLIANCE,460/70R24,Przemysłowe,Ładowarka
405/70R24 ALLIANCE AGRO INDUSTRIAL 580 152A8/152B SB TL,ALLIANCE,405/70R24,Przemysłowe,Ładowarka
480/80R30 ALLIANCE MULTIUSE 550 162A8/157D SB TL,ALLIANCE,480/80R30,Rolnicze,Ciągnik
440/80-28 ALLIANCE 321 PLUS 152A8 12PR TL,ALLIANCE,440/80-28,Rolnicze,Ciągnik
18.4-26 ALLIANCE 202 14PR TL,ALLIANCE,18.4-26,Rolnicze,Ciągnik
480/80-26 ALLIANCE 321 PLUS 156A8 12PR TL,ALLIANCE,480/80-26,Rolnicze,Ciągnik
20.5-25 ALLIANCE 318 170B 20PR TL,ALLIANCE,20.5-25,Rolnicze,Uniwersalne/pozostałe
17.5R25 GALAXY LDSR 300 182A2/167B TL,GALAXY,17.5R25,Rolnicze,Uniwersalne/pozostałe
17.5-25 ALLIANCE 308 158B 16PR TL,ALLIANCE,17.5-25,Rolnicze,Uniwersalne/pozostałe
16/70-24 ALLIANCE 326 169A2/152B 14PR TL,ALLIANCE,16/70-24,Rolnicze,Ciągnik
16.0/70-20 ALLIANCE 326 166A2/149B 14PR TL,ALLIANCE,16.0/70-20,Rolnicze,Ciągnik
12X16.5 ALLIANCE 202 12PR TL,ALLIANCE,12x16.5,Rolnicze,Ciągnik
12.5/80-18 ALLIANCE 321 PLUS 129A8/142A8 12PR TL,ALLIANCE,12.5/80-18,Rolnicze,Ciągnik
500/70R24 ALLIANCE 585 164A8/164B SB TL,ALLIANCE,500/70R24,Rolnicze,Ciągnik
460/70R24 ALLIANCE 585 159A8/159B SB TL,ALLIANCE,460/70R24,Rolnicze,Ciągnik
400/80-24 ALLIANCE TOUGH TRAC 325 162A8 TL,ALLIANCE,400/80-24,Rolnicze,Ciągnik
340/80-20 ALLIANCE TOUGH TRAC 325 144A8 TL,ALLIANCE,340/80-20,Rolnicze,Ciągnik
280/80-18 ALLIANCE TOUGH TRAC 325 132A8 TL,ALLIANCE,280/80-18,Rolnicze,Ciągnik
405/70-24 ALLIANCE TRACTION INDUSTRIAL 323 152B 14PR TL,ALLIANCE,405/70-24,Przemysłowe,Uniwersalne/pozostałe
405/70-20 ALLIANCE TRACTION INDUSTRIAL 323 149B 14PR TL,ALLIANCE,405/70-20,Przemysłowe,Uniwersalne/pozostałe
14.5-20 ALLIANCE 317 139G 14PR TL,ALLIANCE,14.5-20,Rolnicze,Uniwersalne/pozostałe
12.5-20 ALLIANCE 317 132G 12PR TL,ALLIANCE,12.5-20,Rolnicze,Uniwersalne/pozostałe
12.5-20 ALLIANCE 317 129G/132G 10PR TL,ALLIANCE,12.5-20,Rolnicze,Uniwersalne/pozostałe
12.5-18 ALLIANCE 317 131G 12PR TL,ALLIANCE,12.5-18,Rolnicze,Uniwersalne/pozostałe
12.0-18 ALLIANCE 317 145A6 12PR TL,ALLIANCE,12.0-18,Rolnicze,Uniwersalne/pozostałe
10.5-18 ALLIANCE 317 130G 12PR TL,ALLIANCE,10.5-18,Rolnicze,Uniwersalne/pozostałe
10.5-18 ALLIANCE 317 126G 10PR TL,ALLIANCE,10.5-18,Rolnicze,Uniwersalne/pozostałe
710/70R42 ALLIANCE AGRISTAR II 70 173D STUBBLE GUARD TL,ALLIANCE,710/70R42,Rolnicze,Ciągnik
710/70R38 ALLIANCE AGRISTAR II 70 172D STUBBLE GUARD TL,ALLIANCE,710/70R38,Rolnicze,Ciągnik
580/70R38 ALLIANCE AGRI STAR II 180D TL,ALLIANCE,580/70R38,Rolnicze,Ciągnik
520/70R38 ALLIANCE AGRISTAR II 70 150D STUBBLE GUARD TL,ALLIANCE,520/70R38,Rolnicze,Ciągnik
480/70R38 ALLIANCE AGRI STAR II 145D STUBBLE GUARD TL,ALLIANCE,480/70R38,Rolnicze,Ciągnik
520/70R34 ALLIANCE AGRISTAR II 70 148D STUBBLE GUARD TL,ALLIANCE,520/70R34,Rolnicze,Ciągnik
480/70R34 ALLIANCE AGRISTAR II 70 143D STUBBLE GUARD TL,ALLIANCE,480/70R34,Rolnicze,Ciągnik
600/70R30 ALLIANCE AGRI STAR II 152D STUBBLE GUARD TL,ALLIANCE,600/70R30,Rolnicze,Ciągnik
480/70R30 ALLIANCE AGRI STAR II 156D TL,ALLIANCE,480/70R30,Rolnicze,Ciągnik
480/70R30 ALLIANCE AGRISTAR II 70 141D TL,ALLIANCE,480/70R30,Rolnicze,Ciągnik
420/70R30 ALLIANCE AGRI STAR II 134D STUBBLE GUARD TL,ALLIANCE,420/70R30,Rolnicze,Ciągnik
600/70R28 ALLIANCE AGRISTAR II 70 161D STUBBLE GUARD TL,ALLIANCE,600/70R28,Rolnicze,Ciągnik
480/70R28 ALLIANCE AGRI STAR II 151D TL,ALLIANCE,480/70R28,Rolnicze,Ciągnik
480/70R28 ALLIANCE AGRISTAR II 70 140D TL,ALLIANCE,480/70R28,Rolnicze,Ciągnik
420/70R28 ALLIANCE AGRISTAR II 70 133D STUBBLE GUARD TL,ALLIANCE,420/70R28,Rolnicze,Ciągnik
380/70R28 ALLIANCE AGRI STAR II 127D STUBBLE GUARD TL,ALLIANCE,380/70R28,Rolnicze,Ciągnik
480/70R24 ALLIANCE AGRI STAR II 138D STUBBLE GUARD TL,ALLIANCE,480/70R24,Rolnicze,Ciągnik
380/70R24 ALLIANCE AGRISTAR II 70 125D STUBBLE GUARD TL,ALLIANCE,380/70R24,Rolnicze,Ciągnik
360/70R24 ALLIANCE AGRI STAR II 122D TL,ALLIANCE,360/70R24,Rolnicze,Ciągnik
320/70R24 ALLIANCE AGRI STAR II 116D TL,ALLIANCE,320/70R24,Rolnicze,Ciągnik
380/70R20 ALLIANCE AGRI STAR II 122D TL,ALLIANCE,380/70R20,Rolnicze,Ciągnik
300/70R20 ALLIANCE AGRI STAR II 120D STUBBLE GUARD TL,ALLIANCE,300/70R20,Rolnicze,Ciągnik
280/70R20 ALLIANCE AGRISTAR II 116D STUBBLE GUARD TL,ALLIANCE,280/70R20,Rolnicze,Ciągnik
280/70R18 ALLIANCE AGRISTAR II 70 114D STUBBLE GUARD TL,ALLIANCE,280/70R18,Rolnicze,Ciągnik
520/85R46 ALLIANCE AGRISTAR II 85 158D STUBBLE GUARD TL,ALLIANCE,520/85R46,Rolnicze,Ciągnik
520/85R42 ALLIANCE AGRI STAR II 157D STUBBLE GUARD TL,ALLIANCE,520/85R42,Rolnicze,Ciągnik
480/80R42 ALLIANCE AGRI STAR II 151D STUBBLE GUARD TL,ALLIANCE,480/80R42,Rolnicze,Ciągnik
480/80R42 ALLIANCE AGRI STAR II 169D TL,ALLIANCE,480/80R42,Rolnicze,Ciągnik
520/85R38 ALLIANCE AGRISTAR II 169D STUBBLE GUARD TL,ALLIANCE,520/85R38,Rolnicze,Ciągnik
520/85R38 ALLIANCE AGRISTAR II 85 155D STUBBLE GUARD TL,ALLIANCE,520/85R38,Rolnicze,Ciągnik
420/85R38 ALLIANCE AGRISTAR II 85 144D STUBBLE GUARD TL,ALLIANCE,420/85R38,Rolnicze,Ciągnik
380/80R38 ALLIANCE AGRI STAR II 152D TL,ALLIANCE,380/80R38,Rolnicze,Ciągnik
340/85R38 ALLIANCE AGRI STAR II 151D STUBBLE GUARD TL,ALLIANCE,340/85R38,Rolnicze,Ciągnik
320/85R38 ALLIANCE AGRI STAR II 143D STUBBLE GUARD TL,ALLIANCE,320/85R38,Rolnicze,Ciągnik
460/85R34 ALLIANCE AGRI STAR II 157D STUBBLE GUARD TL,ALLIANCE,460/85R34,Rolnicze,Ciągnik
460/85R34 ALLIANCE AGRI STAR II 147D TL,ALLIANCE,460/85R34,Rolnicze,Ciągnik
420/85R34 ALLIANCE AGRISTAR II 147D STUBBLE GUARD TL,ALLIANCE,420/85R34,Rolnicze,Ciągnik
420/85R34 ALLIANCE AGRI STAR II 142D STUBBLE GUARD TL,ALLIANCE,420/85R34,Rolnicze,Ciągnik
380/85R34 ALLIANCE AGRI STAR II 137D STUBBLE GUARD TL,ALLIANCE,380/85R34,Rolnicze,Ciągnik
460/85R30 ALLIANCE AGRI STAR II 145D TL,ALLIANCE,460/85R30,Rolnicze,Ciągnik
420/85R30 ALLIANCE AGRISTAR II 85 140D STUBBLE GUARD TL,ALLIANCE,420/85R30,Rolnicze,Ciągnik
380/85R30 ALLIANCE AGRI STAR II 135D TL,ALLIANCE,380/85R30,Rolnicze,Ciągnik
420/85R28 ALLIANCE AGRI STAR II 139D STUBBLE GUARD TL,ALLIANCE,420/85R28,Rolnicze,Ciągnik
380/85R28 ALLIANCE AGRISTAR II 85 133D STUBBLE GUARD TL,ALLIANCE,380/85R28,Rolnicze,Ciągnik
420/85R24 ALLIANCE AGRI STAR II 137D STUBBLE GUARD TL,ALLIANCE,420/85R24,Rolnicze,Ciągnik
380/85R24 ALLIANCE AGRISTAR II 85 131D STUBBLE GUARD TL,ALLIANCE,380/85R24,Rolnicze,Ciągnik
340/85R24 ALLIANCE AGRISTAR II 85 125D STUBBLE GUARD TL,ALLIANCE,340/85R24,Rolnicze,Ciągnik
320/85R24 ALLIANCE AGRI STAR II 142D TL,ALLIANCE,320/85R24,Rolnicze,Ciągnik
320/85R24 ALLIANCE AGRI STAR II 122D STUBBLE GUARD TL,ALLIANCE,320/85R24,Rolnicze,Ciągnik
320/85R20 ALLIANCE AGRISTAR II 85 119D STUBBLE GUARD TL,ALLIANCE,320/85R20,Rolnicze,Ciągnik
480/80R50 ALLIANCE AGRI STAR II 159D STUBBLE GUARD TL,ALLIANCE,480/80R50,Rolnicze,Ciągnik
710/70R38 ALLIANCE AGRI STAR II 178D STUBBLE GUARD TL,ALLIANCE,710/70R38,Rolnicze,Ciągnik
480/70R34 ALLIANCE AGRI STAR II 155D STUBBLE GUARD TL,ALLIANCE,480/70R34,Rolnicze,Ciągnik
400/75R38 ALLIANCE FARM PRO II 134A8/134B TL,ALLIANCE,400/75R38,Rolnicze,Ciągnik
380/90R46 ALLIANCE FARM PRO RADIAL 90 165A8/165B TL,ALLIANCE,380/90R46,Rolnicze,Ciągnik
320/80R42 ALLIANCE FARM PRO RADIAL 80 141A8/141B TL,ALLIANCE,320/80R42,Rolnicze,Ciągnik
380/85R34 ALLIANCE FARM PRO II 137A8/137B TL,ALLIANCE,380/85R34,Rolnicze,Ciągnik
520/85R46 ALLIANCE AGRISTAR 375 173A8/169D TL,ALLIANCE,520/85R46,Rolnicze,Ciągnik
14.9R26 ALLIANCE POWER DRIVE 356 127A8/124B TL,ALLIANCE,14.9R26,Ciężarowe,Oś napędowa
620/70R42 ALLIANCE 360 173A8/170B TL,ALLIANCE,620/70R42,Rolnicze,Kombajn
600/65R34 ALLIANCE AGRISTAR 365 160A8/157D TL,ALLIANCE,600/65R34,Rolnicze,Ciągnik
650/65R38 ALLIANCE 360 FORESTRY 178A8/175B TL,ALLIANCE,650/65R38,Rolnicze,Kombajn
800/65R32 ALLIANCE 360 181A8/178B TL,ALLIANCE,800/65R32,Rolnicze,Kombajn
680/85R32 ALLIANCE MULTISTAR 376 178A8 TL,ALLIANCE,680/85R32,Rolnicze,Ciągnik
620/75R26 ALLIANCE AGRISTAR 375 166A8/166B SB TL,ALLIANCE,620/75R26,Rolnicze,Ciągnik
300/95R46 ALLIANCE 350 151A8/148D TL,ALLIANCE,300/95R46,Rolnicze,Ciągnik
230/95R44 ALLIANCE 350 137A8/134D TL,ALLIANCE,230/95R44,Rolnicze,Ciągnik
270/95R38 ALLIANCE 350 140A8/137D TL,ALLIANCE,270/95R38,Rolnicze,Ciągnik
270/95R36 ALLIANCE 350 139A8/136D TL,ALLIANCE,270/95R36,Rolnicze,Ciągnik
320/85R34 ALLIANCE 350 141A8 TL,ALLIANCE,320/85R34,Rolnicze,Ciągnik
230/95R32 ALLIANCE 350 131A8/128D TL,ALLIANCE,230/95R32,Rolnicze,Ciągnik
210/95R32 ALLIANCE 350 119A8/116D TL,ALLIANCE,210/95R32,Rolnicze,Ciągnik
19.5R24 ALLIANCE 570 156A8/153B SB TL,ALLIANCE,19.5L-24,Rolnicze,Ciągnik
650/75R38 ALLIANCE AGRISTAR 378 XL 169D TL,ALLIANCE,650/75R38,Rolnicze,Ciągnik
VF710/60R34 ALLIANCE AGRIFLEX 372 + 173D SB TL,ALLIANCE,710/60R34,Rolnicze,Kombajn
600/70R30 ALLIANCE 370 152A8/152B TL,ALLIANCE,600/70R30,Rolnicze,Ciągnik
VF600/60R30 ALLIANCE AGRIFLEX 372 + 147D SB TL,ALLIANCE,600/60R30,Rolnicze,Kombajn
460/85-38 ALLIANCE AGRO FORESTRY 333 154A8/151B 14PR SB TL,ALLIANCE,460/85-38,Leśne,Uniwersalne/pozostałe
420/85-34 ALLIANCE AGRO FORESTRY 333 147A8/144B 14PR SB TL,ALLIANCE,420/85-34,Leśne,Uniwersalne/pozostałe
420/85-30 ALLIANCE AGRO FORESTRY 333 145A8/142B 14PR SB TL,ALLIANCE,420/85-30,Leśne,Uniwersalne/pozostałe
380/85-28 ALLIANCE AGRO FORESTRY 333 139A8/136B 14PR SB TL,ALLIANCE,380/85-28,Leśne,Uniwersalne/pozostałe
380/85-24 ALLIANCE AGRO FORESTRY 333 137A8/134B 14PR SB TL,ALLIANCE,380/85-24,Leśne,Uniwersalne/pozostałe
420/70-28 ALLIANCE AGRO FORESTRY 370 147A2/140A8 14PR SB TL,ALLIANCE,420/70-28,Leśne,Uniwersalne/pozostałe
18.4-38 ALLIANCE FARM PRO 324 143A8 8PR TT,ALLIANCE,18.4-38,Rolnicze,Ciągnik
16.9-38 ALLIANCE FARM PRO 324 141A8 8PR TT,ALLIANCE,16.9-38,Rolnicze,Ciągnik
18.4-34 ALLIANCE FARM PRO 324 142A8 8PR TT,ALLIANCE,18.4-34,Rolnicze,Ciągnik
18.4-34 ALLIANCE 324 153A8 14PR TT,ALLIANCE,18.4-34,Rolnicze,Uniwersalne/pozostałe
12.4-32 ALLIANCE DEEP LUG 337 124A6 8PR TT,ALLIANCE,12.4-32,Rolnicze,Ciągnik
9.5-32 ALLIANCE 324 106A8 6PR TT,ALLIANCE,9.5-32,Rolnicze,Uniwersalne/pozostałe
18.4-30 ALLIANCE FORESTAR 345 149A6 14PR TL,ALLIANCE,18.4-30,Leśne,Forwarder/Harwester
18.4-30 ALLIANCE FARM PRO 324 139A8 8PR TT,ALLIANCE,18.4-30,Rolnicze,Ciągnik
18.4-30 ALLIANCE 324 152A8 14PR TT,ALLIANCE,18.4-30,Rolnicze,Uniwersalne/pozostałe
16.9-30 ALLIANCE FARM PRO 324 137A8 8PR TT,ALLIANCE,16.9-30,Rolnicze,Ciągnik
16.9-28 ALLIANCE FARM PRO 324 135A8 8PR TT,ALLIANCE,16.9-28,Rolnicze,Ciągnik
14.9-28 ALLIANCE FARM PRO 324 130A8 8PR TT,ALLIANCE,14.9-28,Rolnicze,Ciągnik
12.4-28 ALLIANCE FARM PRO 324 123A8 8PR TT,ALLIANCE,12.4-28,Rolnicze,Ciągnik
23.1-26 ALLIANCE 347 159A8 16PR TT,ALLIANCE,23.1-26,Rolnicze,Ciągnik
18.4/15-26 ALLIANCE FORESTRY 356 148A2/141A8 10PR TL,ALLIANCE,18.4/15-26,Leśne,Uniwersalne/pozostałe
18.4-26 ALLIANCE FARM PRO 324 146A8 12PR TL,ALLIANCE,18.4-26,Rolnicze,Ciągnik
15.5/80-24 ALLIANCE 324 157A6/154A8 12PR TL,ALLIANCE,15.5/80-24,Rolnicze,Uniwersalne/pozostałe
16.9-24 ALLIANCE FARM PRO 324 133A8 8PR TT,ALLIANCE,16.9-24,Rolnicze,Ciągnik
14.9-24 ALLIANCE FARM PRO 324 136A8 12PR TT,ALLIANCE,14.9-24,Rolnicze,Ciągnik
14.9-24 ALLIANCE FARM PRO 324 128A8 8PR TT,ALLIANCE,14.9-24,Rolnicze,Ciągnik
13.6-24 ALLIANCE FARM PRO 324 123A8 8PR TT,ALLIANCE,13.6-24,Rolnicze,Ciągnik
12.4-24 ALLIANCE FARM PRO 324 121A8 8PR TT,ALLIANCE,12.4-24,Rolnicze,Ciągnik
9.5-24 ALLIANCE FARM PRO 324 112A8 8PR TT,ALLIANCE,9.5-24,Rolnicze,Ciągnik
8.00-20 ALLIANCE FARM PRO 324 111A6 8PR TT,ALLIANCE,8.00-20,Rolnicze,Ciągnik
6.50-16 ALLIANCE FARM PRO 324 98A6 8PR TT,ALLIANCE,6.50-16,Rolnicze,Ciągnik
6.00-16 ALLIANCE FARM PRO 303 88A6/80A8 6PR TT,ALLIANCE,6.00-16,Rolnicze,Ciągnik
750/60R30.5 ALLIANCE 885 181D SB TL,ALLIANCE,750/60R30.5,Rolnicze,Przyczepa
650/65R26.5 ALLIANCE 885 174D SB TL,ALLIANCE,650/65R26.5,Rolnicze,Przyczepa
650/55R26.5 ALLIANCE 885 170D SB TL,ALLIANCE,650/55R26.5,Rolnicze,Przyczepa
650/50R22.5 ALLIANCE 885 163D SB TL,ALLIANCE,650/50R22.5,Rolnicze,Przyczepa
600/55R26.5 ALLIANCE 885 165D SB TL,ALLIANCE,600/55R26.5,Rolnicze,Przyczepa
710/45R22.5 ALLIANCE 885 165D SB TL,ALLIANCE,710/45R22.5,Rolnicze,Przyczepa
620/55R26.5 ALLIANCE FLOTMASTER 381 166D SB TL,ALLIANCE,620/55R26.5,Rolnicze,Przyczepa
620/40R22.5 ALLIANCE FLOTMASTER 381 148D TL,ALLIANCE,620/40R22.5,Rolnicze,Przyczepa
500/50R17 ALLIANCE FLOTMASTER 381 146D SB TL,ALLIANCE,500/50R17,Rolnicze,Przyczepa
28L-26 ALLIANCE 390 176A8/173B SB TL,ALLIANCE,28L-26,Rolnicze,Ciągnik
650/60R26.5 ALLIANCE 380 173D SB TL,ALLIANCE,650/60R26.5,Rolnicze,Przyczepa
650/55R26.5 ALLIANCE 380 170D/167E SB TL,ALLIANCE,650/55R26.5,Rolnicze,Przyczepa
600/55R26.5 ALLIANCE 380 INDUSTRIAL HD 177D SB TL,ALLIANCE,600/55R26.5,Przemysłowe,Ładowarka
560/60R22.5 ALLIANCE 380 164D/161E SB TL,ALLIANCE,560/60R22.5,Rolnicze,Przyczepa
600/50R22.5 ALLIANCE 882 162D/159E SB TL,ALLIANCE,600/50R22.5,Rolnicze,Przyczepa
560/60R22.5 ALLIANCE 882 165D SB TL,ALLIANCE,560/60R22.5,Rolnicze,Przyczepa
560/60R22.5 ALLIANCE 390 164D SB TL,ALLIANCE,560/60R22.5,Rolnicze,Ciągnik
750/55-26.5 ALLIANCE FORESTAR 344 184A2/177A8 20PR TL,ALLIANCE,750/55-26.5,Leśne,Forwarder/Harwester
750/55-26.5 ALLIANCE FORESTAR 644 III 189A2/182A8 24PR SB TT,ALLIANCE,750/55-26.5,Leśne,Forwarder/Harwester
700/50-26.5 ALLIANCE FLOTATION 331 162A8/174A8 16PR TL,ALLIANCE,700/50-26.5,Rolnicze,Przyczepa
710/45-26.5 ALLIANCE FORESTAR 644 III 175A2/168A8 20PR SB TT,ALLIANCE,710/45-26.5,Leśne,Forwarder/Harwester
600/55-26.5 ALLIANCE FLOTATION 328 167B/163C 16PR HS TL,ALLIANCE,600/55-26.5,Rolnicze,Przyczepa
500/60-26.5 ALLIANCE FORESTRY 331 170A2/163A8 16PR TL,ALLIANCE,500/60-26.5,Leśne,Uniwersalne/pozostałe
700/50-22.5 ALLIANCE FLOTATION 328 167D/166E 16PR HS TL,ALLIANCE,700/50-22.5,Rolnicze,Przyczepa
710/40-22.5 ALLIANCE FORESTAR 644 III 186A2/161A8 20PR SB TT,ALLIANCE,710/40-22.5,Leśne,Forwarder/Harwester
550/60-22.5 ALLIANCE 328 VALUE PLUS 154A8/166A8 16PR TL,ALLIANCE,550/60-22.5,Rolnicze,Przyczepa
550/60-22.5 ALLIANCE FLOTATION 328 154A8/166A8 16PR TL,ALLIANCE,550/60-22.5,Rolnicze,Przyczepa
550/45-22.5 ALLIANCE FLOTATION 328 147A8/159A8 16PR TL,ALLIANCE,550/45-22.5,Rolnicze,Przyczepa
550/45-22.5 ALLIANCE FORESTRY 331 147A2/140A8 12PR TL,ALLIANCE,550/45-22.5,Leśne,Uniwersalne/pozostałe
550/45-22.5 ALLIANCE 328 VALUE PLUS 147A8/159A8 16PR TL,ALLIANCE,550/45-22.5,Rolnicze,Przyczepa
500/60-22.5 ALLIANCE FLOTATION 328 153A8/165A8 18PR TL,ALLIANCE,500/60-22.5,Rolnicze,Przyczepa
500/55-20 ALLIANCE FARM PRO 327 143A8/155A8 12PR TL,ALLIANCE,500/55-20,Rolnicze,Ciągnik
16.0/70-20 ALLIANCE 320 154A8/150B 14PR TT,ALLIANCE,16.0/70-20,Rolnicze,Ciągnik
12.5/80-18 ALLIANCE 320 VALUE PLUS 152A6/148A8 16PR TL,ALLIANCE,12.5/80-18,Rolnicze,Ciągnik
12.5/80-18 ALLIANCE 320 VALUE PLUS 145A6/142A8 12PR TL,ALLIANCE,12.5/80-18,Rolnicze,Ciągnik
10.5/80-18 ALLIANCE 320 VALUE PLUS 135A6/131A8 10PR TL,ALLIANCE,10.5/80-18,Rolnicze,Ciągnik
400/55-17.5 ALLIANCE FLOTATION 328 136A8/149A8 16PR TL,ALLIANCE,400/55-17.5,Rolnicze,Przyczepa
500/50-17 ALLIANCE FARM PRO 327 141A8 18PR TL,ALLIANCE,500/50-17,Rolnicze,Ciągnik
15.0/55-17 ALLIANCE 320 VALUE PLUS 138A6/134A8 10PR TL,ALLIANCE,15.0/55-17,Rolnicze,Ciągnik
500/50-17 ALLIANCE 320 VALUE PLUS 153A6/149A8 14PR TL,ALLIANCE,500/50-17,Rolnicze,Ciągnik
19.0/45-17 ALLIANCE 320 VALUE PLUS 148A6/144A8 14PR TL,ALLIANCE,19.0/45-17,Rolnicze,Ciągnik
15.0/55-17 ALLIANCE 320 VALUE PLUS 141A6/138A8 14PR TL,ALLIANCE,15.0/55-17,Rolnicze,Ciągnik
380/55-17 ALLIANCE FARM PRO 327 125A8/138A8 12PR TL,ALLIANCE,380/55-17,Rolnicze,Ciągnik
480/45-17 ALLIANCE FARM PRO 327 134A8/146A8 14PR TL,ALLIANCE,480/45-17,Rolnicze,Ciągnik
7.50-16 ALLIANCE 324 112A6 8PR TT,ALLIANCE,7.50-16,Przemysłowe,Uniwersalne/pozostałe
400/60-15.5 ALLIANCE 320 VALUE PLUS 152A6/148A8 16PR TL,ALLIANCE,400/60-15.5,Rolnicze,Ciągnik
8.25-16 ALLIANCE 324 109A6/105A8 6PR TT,ALLIANCE,8.25-16,Przemysłowe,Uniwersalne/pozostałe
400/60-15.5 ALLIANCE FLOTATION 328 132A8/145A8 14PR TL,ALLIANCE,400/60-15.5,Rolnicze,Przyczepa
31X15.50-15 ALLIANCE 221 118A8/116B 8PR TL,ALLIANCE,31x15.50-15,Rolnicze,Przyczepa
31X15.50-15 ALLIANCE A-332 116B 8PR TL,ALLIANCE,31x15.50-15,Rolnicze,Przyczepa
12.5/80-15.3 ALLIANCE 320 VALUE PLUS 148A6/144A8 14PR TL,ALLIANCE,12.5/80-15.3,Rolnicze,Ciągnik
10.0/75-15.3 ALLIANCE 320 122A8/135A8 18PR TL,ALLIANCE,10.0/75-15.3,Rolnicze,Ciągnik
500/70R24 CEAT LOADPRO 164A8/164B SB TL,CEAT,500/70R24,Rolnicze,Ciągnik
460/70R24 CEAT LOADPRO 159A8/159B SB TL,CEAT,460/70R24,Rolnicze,Ciągnik
460/70R24 CEAT LIFT PRO 159A8/159B TL,CEAT,460/70R24,Przemysłowe,Uniwersalne/pozostałe
26.5-25 CEAT TRAC-XL 28PR TL,CEAT,26.5-25,Rolnicze,Uniwersalne/pozostałe
23.5-25 CEAT TRAC-XL 20PR TL,CEAT,23.5-25,Rolnicze,Uniwersalne/pozostałe
17.5-25 CEAT TRAC-XL 16PR TL,CEAT,17.5-25,Rolnicze,Uniwersalne/pozostałe
13.00-24 CEAT GRADER XL 12PR TL,CEAT,13.00-24,Przemysłowe,Uniwersalne/pozostałe
16.9-28 CEAT TYROCK SUPER 152A8 12PR TL,CEAT,16.9-28,Rolnicze,Ciągnik
18.4-26 CEAT TYROCK 156A8 12PR TL,CEAT,18.4-26,Rolnicze,Ciągnik
405/70-24 CEAT MPT 800 152B 14PR TL,CEAT,405/70-24,Rolnicze,Ciągnik
405/70-20 CEAT MPT 602 148D 14PR TL,CEAT,405/70-20,Rolnicze,Ciągnik
12.5-20 CEAT MPT 602 135D 12PR TL,CEAT,12.5-20,Rolnicze,Ciągnik
12.5-18 CEAT MPT 602 134D 12PR TL,CEAT,12.5-18,Rolnicze,Ciągnik
VF380/90R54 CEAT SPRAYMAX 176D SB TL,CEAT,380/90R54,Rolnicze,Opryskiwacz
VF380/90R46 CEAT SPRAYMAX 173D SB TL,CEAT,380/90R46,Rolnicze,Opryskiwacz
710/70R42 CEAT FARMAX R70 176A8/173D TL,CEAT,710/70R42,Rolnicze,Ciągnik
580/70R42 CEAT FARMAX R70 161A8/158D TL,CEAT,580/70R42,Rolnicze,Ciągnik
710/70R38 CEAT FARMAX R70 172A8/172B TL,CEAT,710/70R38,Rolnicze,Ciągnik
520/70R38 CEAT FARMAX R70 153A8/150D TL,CEAT,520/70R38,Rolnicze,Ciągnik
520/70R34 CEAT FARMAX R70 148A8/148B TL,CEAT,520/70R34,Rolnicze,Ciągnik
600/70R30 CEAT FARMAX R70 152A8/152B TL,CEAT,600/70R30,Rolnicze,Ciągnik
480/70R30 CEAT FARMAX R70 141A8/141B TL,CEAT,480/70R30,Rolnicze,Ciągnik
420/70R28 CEAT FARMAX R70 136A8/133D TL,CEAT,420/70R28,Rolnicze,Ciągnik
480/70R24 CEAT FARMAX R70 138A8/138B TL,CEAT,480/70R24,Rolnicze,Ciągnik
420/70R24 CEAT FARMAX R70 133A8/130D TL,CEAT,420/70R24,Rolnicze,Ciągnik
380/70R24 CEAT FARMAX R70 128A8/125D TL,CEAT,380/70R24,Rolnicze,Ciągnik
650/85R38 CEAT FARMAX HPT 176A8/173D TL,CEAT,650/85R38,Rolnicze,Ciągnik
280/70R16 CEAT FARMAX R70 112A8/112B TL,CEAT,280/70R16,Rolnicze,Ciągnik
520/85R42 CEAT FARMAX R85 172A8/169D TL,CEAT,520/85R42,Rolnicze,Ciągnik
420/85R34 CEAT FARMAX R85 145A8/142D TL,CEAT,420/85R34,Rolnicze,Ciągnik
420/85R30 CEAT FARMAX R85 143A8/140D TL,CEAT,420/85R30,Rolnicze,Ciągnik
380/85R28 CEAT FARMAX R85 136A8/133D TL,CEAT,380/85R28,Rolnicze,Ciągnik
380/85R24 CEAT FARMAX R85 134A8/131D TL,CEAT,380/85R24,Rolnicze,Ciągnik
380/85R24 CEAT FARMAX R85 131A8/131B TL,CEAT,380/85R24,Rolnicze,Ciągnik
480/70R30 CEAT FARMAX R70 147D/150A8 TL,CEAT,480/70R30,Rolnicze,Ciągnik
380/90R46 CEAT FARMAX RC 165A8/165B TL,CEAT,380/90R46,Rolnicze,Ciągnik
320/90R42 CEAT FARMAX RC 147A8/144D TL,CEAT,320/90R42,Rolnicze,Ciągnik
280/85R20 CEAT FARMAX R85 112A8/112B TL,CEAT,280/85R20,Rolnicze,Ciągnik
420/80R46 CEAT FARMAX R80 162A8/159D TL,CEAT,420/80R46,Rolnicze,Ciągnik
VF710/75R42 CEAT TORQUEMAX 184D SB TL,CEAT,710/75R42,Rolnicze,Ciągnik
VF710/70R42 CEAT TORQUEMAX 185D SB/TL,CEAT,710/70R42,Rolnicze,Ciągnik
VF710/70R42 CEAT TORQUEMAX 185D SB/TL,CEAT,710/70R42,Rolnicze,Ciągnik
IF710/70R42 CEAT TORQUEMAX 179D TL,CEAT,710/70R42,Rolnicze,Ciągnik
IF520/85R38 CEAT TORQUEMAX 167D TL,CEAT,520/85R38,Rolnicze,Ciągnik
VF650/65R34 CEAT TORQUEMAX 167D SB TL,CEAT,650/65R34,Rolnicze,Ciągnik
IF600/70R34 CEAT TORQUEMAX 167D TL,CEAT,600/70R34,Rolnicze,Ciągnik
VF650/60R34 CEAT TORQUEMAX 168D TL/SB TL,CEAT,650/60R34,Rolnicze,Ciągnik
VF650/60R34 CEAT TORQUEMAX 168D TL/SB TL,CEAT,650/60R34,Rolnicze,Ciągnik
VF600/70R30 CEAT TORQUEMAX 170D SB TL,CEAT,600/70R30,Rolnicze,Ciągnik
650/65R42 CEAT FARMAX R65 158D TL,CEAT,650/65R42,Rolnicze,Ciągnik
600/65R34 CEAT FARMAX R65 157D TL,CEAT,600/65R34,Rolnicze,Ciągnik
650/85R38 CEAT FARMAX HPT 173A8/170D TL,CEAT,650/85R38,Rolnicze,Ciągnik
540/65R38 CEAT FARMAX R65 153D TL,CEAT,540/65R38,Rolnicze,Ciągnik
540/65R34 CEAT FARMAX R65 152D TL,CEAT,540/65R34,Rolnicze,Ciągnik
600/65R30 CEAT FARMAX R65 155D TL,CEAT,600/65R30,Rolnicze,Ciągnik
540/65R30 CEAT FARMAX R65 150D TL,CEAT,540/65R30,Rolnicze,Ciągnik
440/65R28 CEAT FARMAX R65 138D TL,CEAT,440/65R28,Rolnicze,Ciągnik
600/65R28 CEAT FARMAX R65 154D TL,CEAT,600/65R28,Rolnicze,Ciągnik
620/75R26 CHO CEAT YIELDMAX 166A8/166B SB TL,CEAT,620/75R26,Rolnicze,Kombajn
440/65R24 CEAT FARMAX R65 128D TL,CEAT,440/65R24,Rolnicze,Ciągnik
440/65R24 CEAT FARMAX R65 138A8/135D TL,CEAT,440/65R24,Rolnicze,Ciągnik
540/65R24 CEAT FARMAX R65 146D TL,CEAT,540/65R24,Rolnicze,Ciągnik
480/65R24 CEAT FARMAX R65 143A8/140D TL,CEAT,480/65R24,Rolnicze,Ciągnik
540/65R24 CEAT FARMAX R65 140D TL,CEAT,540/65R24,Rolnicze,Ciągnik
320/90R54 CEAT FARMAX RC 156A8/153D TL,CEAT,320/90R54,Rolnicze,Ciągnik
300/95R52 CEAT FARMAX RC 152A8/149D TL,CEAT,300/95R52,Rolnicze,Ciągnik
320/90R50 CEAT FARMAX RC 153A8/150D TL,CEAT,320/90R50,Rolnicze,Ciągnik
270/95R46 CEAT FARMAX RC 144A8/141D TL,CEAT,270/95R46,Rolnicze,Ciągnik
270/95R44 CEAT FARMAX RC 145A8/142D TL,CEAT,270/95R44,Rolnicze,Ciągnik
340/85R48 CEAT FARMAX RC 151A8/148D TL,CEAT,340/85R48,Rolnicze,Ciągnik
270/95R48 CEAT FARMAX RC 145A8/142D TL,CEAT,270/95R48,Rolnicze,Ciągnik
230/95R48 CEAT FARMAX RC 139A8/136D TL,CEAT,230/95R48,Rolnicze,Ciągnik
340/85R46 CEAT FARMAX RC 153A8/150D TL,CEAT,340/85R46,Rolnicze,Ciągnik
300/95R46 CEAT FARMAX RC 151A8/148D TL,CEAT,300/95R46,Rolnicze,Ciągnik
230/95R44 CEAT FARMAX RC 137A8/134D TL,CEAT,230/95R44,Rolnicze,Ciągnik
270/95R42 CEAT FARMAX RC 142A8/139D TL,CEAT,270/95R42,Rolnicze,Ciągnik
230/95R42 CEAT FARMAX RC 136A8/133D TL,CEAT,230/95R42,Rolnicze,Ciągnik
230/95R40 CEAT FARMAX RC 135A8/132D TL,CEAT,230/95R40,Rolnicze,Ciągnik
270/95R38 CEAT FARMAX RC 143A8/140D TL,CEAT,270/95R38,Rolnicze,Ciągnik
270/95R36 CEAT FARMAX RC 139A8/136D TL,CEAT,270/95R36,Rolnicze,Ciągnik
230/95R36 CEAT FARMAX RC 130A8/130D TL,CEAT,230/95R36,Rolnicze,Ciągnik
270/95R32 CEAT FARMAX RC 136A8/133D TL,CEAT,270/95R32,Rolnicze,Ciągnik
230/95R32 CEAT FARMAX RC 131A8/128D TL,CEAT,230/95R32,Rolnicze,Ciągnik
210/95R32 CEAT FARMAX RC 120A8/117D TL,CEAT,210/95R32,Rolnicze,Ciągnik
650/75R32 CHO CEAT YIELDMAX 172A8/172B TL,CEAT,650/75R32,Rolnicze,Kombajn
480/65R28 CEAT FARMAX R65 136D TL,CEAT,480/65R28,Rolnicze,Ciągnik
480/65R28 CEAT FARMAX R65 142D TL,CEAT,480/65R28,Rolnicze,Ciągnik
340/65R18 CEAT FARMAX R65 122D TL,CEAT,340/65R18,Rolnicze,Ciągnik
320/65R18 CEAT FARMAX R65 109D TL,CEAT,320/65R18,Rolnicze,Ciągnik
320/65R16 CEAT FARMAX R65 117D TL,CEAT,320/65R16,Rolnicze,Ciągnik
18.4-38 CEAT FARMAX 152A8 12PR TT,CEAT,18.4-38,Rolnicze,Ciągnik
16.9-38 CEAT FARMAX 143A8 10PR TT,CEAT,16.9-38,Rolnicze,Ciągnik
16.9-38 CEAT FARMAX 141A8 8PR TT,CEAT,16.9-38,Rolnicze,Ciągnik
15.5-38 CEAT FARMAX 137A8 10PR TT,CEAT,15.5-38,Rolnicze,Ciągnik
18.4-34 CEAT FARMAX 142A8 8PR TT,CEAT,18.4-34,Rolnicze,Ciągnik
18.4-30 CEAT FARMAX 149A8 12PR TT,CEAT,18.4-30,Rolnicze,Ciągnik
16.9-30 CEAT FARMAX 140A8 10PR TT,CEAT,16.9-30,Rolnicze,Ciągnik
16.9-28 CEAT FARMAX 143A8 12PR TT,CEAT,16.9-28,Rolnicze,Ciągnik
13.6-28 CEAT FARMAX 125A8 8PR TT,CEAT,13.6-28,Rolnicze,Ciągnik
12.4-28 CEAT FARMAX 123A8 8PR TT,CEAT,12.4-28,Rolnicze,Ciągnik
11.2-28 CEAT FARMAX 118A8 8PR TT,CEAT,11.2-28,Rolnicze,Ciągnik
23.1-26 CEAT C305 159A8 16PR TL,CEAT,23.1-26,Rolnicze,Uniwersalne/pozostałe
18.4-26 CEAT FARMAX 146A8 12PR TT,CEAT,18.4-26,Rolnicze,Ciągnik
16.9-24 CEAT FARMAX 133A8 8PR TT,CEAT,16.9-24,Rolnicze,Ciągnik
14.9-24 CEAT IRR-O-GATOR 123A6 8PR TT,CEAT,14.9-24,Rolnicze,Ciągnik
14.9-24 CEAT FARMAX 128A8 8PR TT,CEAT,14.9-24,Rolnicze,Ciągnik
13.6-24 CEAT FARMAX 122A8 8PR TT,CEAT,13.6-24,Rolnicze,Ciągnik
12.4-24 CEAT FARMAX 121A8 8PR TT,CEAT,12.4-24,Rolnicze,Ciągnik
11.2-24 CEAT FARMAX 116A8 8PR TT,CEAT,11.2-24,Rolnicze,Ciągnik
11.2-24 CEAT IRR-O-GATOR 110A6 4PR TT,CEAT,11.2-24,Rolnicze,Ciągnik
9.5-24 CEAT FARMAX 112A8 8PR TT,CEAT,9.5-24,Rolnicze,Ciągnik
8.3-24 CEAT FARMAX 105A8 8PR TT,CEAT,8.3-24,Rolnicze,Ciągnik
7.50-20 CEAT FARMAX F2 108A6 8PR TT,CEAT,7.50-20,Rolnicze,Ciągnik
7.50-18 CEAT FARMAX F2 106A6/98A8 8PR TT,CEAT,7.50-18,Rolnicze,Ciągnik
10.00-16 CEAT FARMAX F2 115A6 8PR TT,CEAT,10.00-16,Rolnicze,Ciągnik
10.00-16 CEAT FARMAX F2M 110A8 8PR TT,CEAT,10.00-16,Rolnicze,Ciągnik
7.50-16 CEAT FARMAX F2 103A6/96A8 8PR TT,CEAT,7.50-16,Rolnicze,Ciągnik
6.50-16 CEAT FARMAX F2 91A6 6PR TT,CEAT,6.50-16,Rolnicze,Ciągnik
6.00-16 CEAT FARMAX F2 88A6 6PR TT,CEAT,6.00-16,Rolnicze,Ciągnik
5.50-16 CEAT FARMAX F2 86A6/78A8 6PR TT,CEAT,5.50-16,Rolnicze,Ciągnik
600/55R26.5 CEAT FLOATMAX FT 165D SB/TL,CEAT,600/55R26.5,Rolnicze,Przyczepa
600/55R26.5 CEAT FLOATMAX FT 165D SB/TL,CEAT,600/55R26.5,Rolnicze,Przyczepa
600/50R22.5 CEAT FLOATMAX FT 159D TL/SB TL,CEAT,600/50R22.5,Rolnicze,Przyczepa
600/50R22.5 CEAT FLOATMAX FT 159D TL/SB TL,CEAT,600/50R22.5,Rolnicze,Przyczepa
560/60R22.5 CEAT FLOATMAX RT 165D SB TL,CEAT,560/60R22.5,Rolnicze,Przyczepa
560/60R22.5 CEAT FLOATMAX FT 161D TL,CEAT,560/60R22.5,Rolnicze,Przyczepa
500/60R22.5 CEAT FLOATMAX FT 155D SB TL,CEAT,500/60R22.5,Rolnicze,Przyczepa
800/45-26.5 CEAT FLOTATION T422 164A8/177A8 16PR TL,CEAT,800/45-26.5,Rolnicze,Przyczepa
700/50-26.5 CEAT FLOTATION T422 162A8/174A8 16PR TL,CEAT,700/50-26.5,Rolnicze,Przyczepa
600/55-26.5 CEAT FLOTATION T422 159A8/170A8 16PR TL,CEAT,600/55-26.5,Rolnicze,Przyczepa
700/50-22.5 CEAT FLOTATION T422 162A8/174A8 16PR TL,CEAT,700/50-22.5,Rolnicze,Przyczepa
600/55-22.5 CEAT FLOTATION T422 156A8/169A8 16PR TL,CEAT,600/55-22.5,Rolnicze,Przyczepa
600/50-22.5 CEAT FLOTATION T422 153A8/165A8 16PR TL,CEAT,600/50-22.5,Rolnicze,Przyczepa
500/60-22.5 CEAT T422 VALUE PRO 151A8/163A8 16PR TL,CEAT,500/60-22.5,Rolnicze,Przyczepa
550/45-22.5 CEAT FLOTATION T422 147A8/159A8 16PR TL,CEAT,550/45-22.5,Rolnicze,Przyczepa
550/45-22.5 CEAT T422 VALUE PRO 147A8/159A8 16PR TL,CEAT,550/45-22.5,Rolnicze,Przyczepa
500/45-22.5 CEAT T422 VALUE PRO 140A8/152A8 16PR TL,CEAT,500/45-22.5,Rolnicze,Przyczepa
400/55-22.5 CEAT T422 VALUE PRO 140A8/152A8 16PR TL,CEAT,400/55-22.5,Rolnicze,Przyczepa
15.0/55-17 CEAT FARM IMPLEMENT 404 141A8 14PR TL,CEAT,15.0/55-17,Rolnicze,Przyczepa
480/45-17 CEAT FLOTATION PLUS 134A8/146A8 16PR TL,CEAT,480/45-17,Rolnicze,Przyczepa
500/50-17 CEAT FLOTATION PLUS 137A8/149A8 14PR TL,CEAT,500/50-17,Rolnicze,Przyczepa
400/60-15.5 CEAT TR 800 132A8/145A8 14PR TL,CEAT,400/60-15.5,Rolnicze,Przyczepa
12.5/80-15.3 CEAT AWI 305 12PR TL,CEAT,12.5/80-15.3,Rolnicze,Przyczepa
11.5/80-15.3 CEAT AWI 305 141A8 16PR TL,CEAT,11.5/80-15.3,Rolnicze,Przyczepa
31X13.50-15 CARLSTAR MULTI TRAC C/S 123A4/114B 8PR TL,CARLSTAR,31x13.50-15,Rolnicze,Uniwersalne/pozostałe
385/65R22.5 GOODTRIP GHT50 TRAILER 160K/158L 20PR TL,GOODTRIP,385/65R22.5,Ciężarowe,Przyczepa
315/80R22.5 GOODTRIP GHD20 157/154L 20PR TL M+S 3PMSF,GOODTRIP,315/80R22.5,Ciężarowe,Oś napędowa
18.5X8.5-8 TRAILERMAXX C834 78M 6PR TL,TRAILERMAXX,18.5x8.5-8,Rolnicze,Przyczepa
26.5R25 WINDPOWER W 753 209A2 TL,WINDPOWER,26.5R25,Rolnicze,Uniwersalne/pozostałe
23.5R25 WINDPOWER W 755+ 201A2 32PR TL,WINDPOWER,23.5R25,Rolnicze,Uniwersalne/pozostałe
"445/65R22.5 WINDPOWER WGP 23, M+S 169F TL",WINDPOWER,445/65R22.5,Rolnicze,Uniwersalne/pozostałe
250-15 CEAT ELEVETA X3 16PR TT,CEAT,250-15,Rolnicze,Wózek widłowy
340/60R16.5 CEAT FARM IMPLEMENT 800R 133A8/145A8 SB TL,CEAT,340/60R16.5,Rolnicze,Przyczepa
12.4-36 CEAT FARMAX R1 135A8 12PR TT,CEAT,12.4-36,Rolnicze,Ciągnik
18.4-26 CEAT FARMAX R1 144A8 10PR TT,CEAT,18.4-26,Rolnicze,Ciągnik
9.5-22 CEAT FARMAX R1 106A8 8PR TT,CEAT,9.5-22,Rolnicze,Ciągnik
18.4-34 ALLIANCE AGRI NOVA 142A8 8PR TT,ALLIANCE,18.4-34,Rolnicze,Ciągnik
VF380/105R54 CEAT SPRAYMAX 180D SB TL,CEAT,380/105R54,Rolnicze,Opryskiwacz
315/70R22.5 ROVELO STEER R1 150L/148M 18PR TL,ROVELO,315/70R22.5,Ciężarowe,Oś kierowana
315/70R22.5 ROVELO DRIVE R1 150L 18PR TL,ROVELO,315/70R22.5,Ciężarowe,Oś napędowa
480/65R28 CEAT FARMAX R65 X3 142D TL,CEAT,480/65R28,Rolnicze,Ciągnik
320/90R46 ALLIANCE AGRISTAR II ROW CROP 148D/145E TL,ALLIANCE,320/90R46,Rolnicze,Ciągnik
300/95R46 ALLIANCE AGRISTAR II ROW CROP 148D/145E TL,ALLIANCE,300/95R46,Rolnicze,Ciągnik
230/95R44 ALLIANCE AGRISTAR II ROW CROP 134D/131E TL,ALLIANCE,230/95R44,Rolnicze,Ciągnik
230/95R36 ALLIANCE AGRISTAR II ROW CROP 130D/127E TL,ALLIANCE,230/95R36,Rolnicze,Ciągnik
230/95R28 ALLIANCE AGRISTAR II ROW CROP 110D/107E TL,ALLIANCE,230/95R28,Rolnicze,Ciągnik
10.0/75-15.3 CEAT AWI 305 135A8 18PR TL,CEAT,10.0/75-15.3,Rolnicze,Przyczepa
800/70R32 CEAT YIELDMAX 181A8/181B SB TL,CEAT,800/70R32,Rolnicze,Kombajn
VF380/105R50 CEAT SPRAYMAX 179D SB TL,CEAT,380/105R50,Rolnicze,Opryskiwacz
650/50R22.5 CEAT FLOATMAX FT 163D SB TL,CEAT,650/50R22.5,Rolnicze,Przyczepa
385/65R22.5 ROVELO TRAILER R1 160K 20PR TL,ROVELO,385/65R22.5,Ciężarowe,Przyczepa
385/65R22.5 ROVELO TRAILER R1 164K 24PR TL,ROVELO,385/65R22.5,Ciężarowe,Przyczepa
385/65R22.5 ROVELO ALL POSITION M2 160K/158L 20PR TL,ROVELO,385/65R22.5,Ciężarowe,All position
315/80R22.5 ROVELO STEER R2 153L 20PR TL,ROVELO,315/80R22.5,Ciężarowe,Oś kierowana
315/80R22.5 ROVELO DRIVE R2 153L 20PR TL,ROVELO,315/80R22.5,Ciężarowe,Oś napędowa
315/80R22.5 ROVELO DRIVE M1 153K 20PR TL,ROVELO,315/80R22.5,Ciężarowe,Oś napędowa
315/80R22.5 ROVELO ALL POSITION M1 150L/150M 18PR TL,ROVELO,315/80R22.5,Ciężarowe,All position
265/70R19.5 ROVELO STEER R1 141J 18PR TL,ROVELO,265/70R19.5,Ciężarowe,Oś kierowana
265/70R19.5 ROVELO DRIVE R1 141J 18PR TL,ROVELO,265/70R19.5,Ciężarowe,Oś napędowa
235/75R17.5 ROVELO STEER R1 141L 18PR TL,ROVELO,235/75R17.5,Ciężarowe,Oś kierowana
235/75R17.5 ROVELO DRIVE R1 141L 18PR TL,ROVELO,235/75R17.5,Ciężarowe,Oś napędowa
215/75R17.5 ROVELO STEER R1 133L 16PR TL,ROVELO,215/75R17.5,Ciężarowe,Oś kierowana
215/75R17.5 ROVELO DRIVE R1 133L 16PR TL,ROVELO,215/75R17.5,Ciężarowe,Oś napędowa
380/70R24 CEAT FARMAX R70 128A8/125D TL,CEAT,380/70R24,Rolnicze,Ciągnik
480/80R46 CEAT FARMAX R80 161A8/158D TL,CEAT,480/80R46,Rolnicze,Ciągnik
600/50R22.5 ALLIANCE 380 168D SB TL,ALLIANCE,600/50R22.5,Rolnicze,Przyczepa
VF710/85R38 CFO ALLIANCE AGRIFLEX 372+ 183D SB TL,ALLIANCE,710/85R38,Rolnicze,Kombajn
315/70R22.5 TURON FINALR TERRA T61 148A7 TL,TURON FINALR,315/70R22.5,Rolnicze,Uniwersalne/pozostałe
650/65R42 CEAT FARMAX R65 X3 170D TL,CEAT,650/65R42,Rolnicze,Ciągnik
540/65R30 CEAT FARMAX R65 X3 150D TL,CEAT,540/65R30,Rolnicze,Ciągnik
540/65R28 CEAT FARMAX R65 X3 149D TL,CEAT,540/65R28,Rolnicze,Ciągnik
500/50R17 ALLIANCE FLOTMASTER 381 146D SB TL,ALLIANCE,500/50R17,Rolnicze,Przyczepa
240/70R16 CEAT LAWNMAX 104A8/104B TL,CEAT,240/70R16,Rolnicze,Kosiarka/ogród
240/60R12 CEAT LAWNMAX 89A8/89B TL,CEAT,240/60R12,Rolnicze,Kosiarka/ogród
VF520/85R42 CEAT TORQUEMAX 177A8/174D SB TL,CEAT,520/85R42,Rolnicze,Ciągnik
480/70-34 ALLIANCE AGRO FORESTRY 670 146A8/143B SB TL,ALLIANCE,480/70-34,Leśne,Uniwersalne/pozostałe
600/55-26.5 ALLIANCE FLOTATION 328 159A8/170A8 16PR TL,ALLIANCE,600/55-26.5,Rolnicze,Przyczepa
600/40-22.5 ALLIANCE FLOTATION 331 169A8/173A6 16PR TL,ALLIANCE,600/40-22.5,Rolnicze,Przyczepa
800/60R32 ALLIANCE 590 185D SB TL,ALLIANCE,800/60R32,Rolnicze,Przyczepa
30.5L-32 ALLIANCE 590 181B SB TL,ALLIANCE,30.5L-32,Rolnicze,Przyczepa
155/70R12 TURON TRAILERMOVE 201 102N TL,TURON,155/70R12,Rolnicze,Przyczepa
VF750/65R26 CFO CEAT TORQUEMAX 180D SB TL,CEAT,750/65R26,Rolnicze,Ciągnik
165R13 TURON TRAILERMOVE 201 94N 8PR TL,TURON,165R13,Rolnicze,Przyczepa
195/55R10 TURON TRAILERMOVE 201 96N TL,TURON,195/55R10,Rolnicze,Przyczepa
185R14 TURON TRAILERMOVE 201 102N 8PR TL,TURON,185R14,Rolnicze,Przyczepa
195/50R13 TURON TRAILERMOVE 201 101N TL,TURON,195/50R13,Rolnicze,Przyczepa
440/80R24 CEAT MULTILOADMAX 161A8/156D SB TL,CEAT,440/80R24,Rolnicze,Ciągnik
540/80R38 CEAT MULTILOADMAX 172A8/167D SB TL,CEAT,540/80R38,Rolnicze,Ciągnik
320/70R20 CEAT LAWNMAX 113A8/113B TL,CEAT,320/70R20,Rolnicze,Kosiarka/ogród
VF710/60R38 ALLIANCE AGRIFLEX 372 + 171D SB TL,ALLIANCE,710/60R38,Rolnicze,Kombajn
360/70R24 CEAT LAWNMAX 122A8/122B TL,CEAT,360/70R24,Rolnicze,Kosiarka/ogród
200/60R15 CEAT LAWNMAX 83A8/83B TL,CEAT,200/60R15,Rolnicze,Kosiarka/ogród
215/65R14 CEAT LAWNMAX 90A8/90B TL,CEAT,215/65R14,Rolnicze,Kosiarka/ogród
1050/50R32 CEAT YIELDMAX 184A8/184B SB TL,CEAT,1050/50R32,Rolnicze,Kombajn
710/70R38 ALLIANCE AGRO FORESTRY 670 175A2/168A8 SB TL,ALLIANCE,710/70R38,Leśne,Uniwersalne/pozostałe
VF600/70R30 CFO ALLIANCE AGRIFLEX 372 + 174D SB TL,ALLIANCE,600/70R30,Rolnicze,Kombajn
500/45-22.5 ALLIANCE 328 VALUE PLUS 142A8/154A8 16PR TL,ALLIANCE,500/45-22.5,Rolnicze,Przyczepa
520/70R34 ALLIANCE AGRI STAR II 168D SB TL,ALLIANCE,520/70R34,Rolnicze,Ciągnik
500/45-20 ALLIANCE FLOTATION 331 134A8/147A8 12PR TL,ALLIANCE,500/45-20,Rolnicze,Przyczepa
320/90R46 ALLIANCE 350 151A8/148D TL,ALLIANCE,320/90R46,Rolnicze,Ciągnik
540/65-28 ALLIANCE AGRO FORESTRY 669 155A8/152B SB TL,ALLIANCE,540/65-28,Leśne,Uniwersalne/pozostałe
VF520/70R38 ALLIANCE AGRIFLEX 373 + 170D SB TL,ALLIANCE,520/70R38,Rolnicze,Ciągnik
250/80R16 CEAT MULTILOADMAX 127A8/123D SB TL,CEAT,250/80R16,Rolnicze,Ciągnik
600/55-26.5 ALLIANCE FORESTAR 644 III 177A2/170A8 24PR SB TL,ALLIANCE,600/55-26.5,Leśne,Forwarder/Harwester
340/80R18 CEAT LOADPRO 143A8/143B TL,CEAT,340/80R18,Rolnicze,Ciągnik
23.5R25 ALLIANCE 704 201A2/185B TL,ALLIANCE,23.5R25,Rolnicze,Uniwersalne/pozostałe
26.5R25 ALLIANCE 704 209A2/193B TL,ALLIANCE,26.5R25,Rolnicze,Uniwersalne/pozostałe
23.5R25 ALLIANCE 703 201A2/185B TL,ALLIANCE,23.5R25,Rolnicze,Uniwersalne/pozostałe
"15.5/55R18 ALLIANCE 601, M+S 140A8/140B SB TL",ALLIANCE,15.5/55R18,Rolnicze,Ciągnik
800/40-26.5 ALLIANCE FORESTAR 644 III 183A2/176A8 24PR SB TL,ALLIANCE,800/40-26.5,Leśne,Forwarder/Harwester
300/95R52 ALLIANCE 350 159A8/156D SB TL,ALLIANCE,300/95R52,Rolnicze,Ciągnik
8.25-20 TURON TERRACLASSIC SKL800 133B 14PR TT,TURON,8.25-20,Przemysłowe,Uniwersalne/pozostałe
480/80R34 CEAT MULTILOADMAX 164A8/159D SB TL,CEAT,480/80R34,Rolnicze,Ciągnik
VF300/95R52 ALLIANCE AGRIFLEX 363 + XT 160D SB TL,ALLIANCE,300/95R52,Rolnicze,Ciągnik
VF650/65R38 NRO CEAT TORQUEMAX 175D SB TL,CEAT,650/65R38,Rolnicze,Ciągnik
420/85R34 CEAT FARMAX R85 150A8/147D TL,CEAT,420/85R34,Rolnicze,Ciągnik
10.00-20 CEAT GRIP MASTER EX 146B 16PR TT,CEAT,10.00-20,Rolnicze,Uniwersalne/pozostałe
VF900/50R42 ALLIANCE AGRIFLEX 372 + 180D SB TL,ALLIANCE,900/50R42,Rolnicze,Kombajn
VF650/60R38 CEAT TORQUEMAX 173D SB TL,CEAT,650/60R38,Rolnicze,Ciągnik
VF710/60R34 NRO CEAT TORQUEMAX 173D SB TL,CEAT,710/60R34,Rolnicze,Ciągnik
360/80R28 CEAT MULTILOADMAX 146A8/142D SB TL,CEAT,360/80R28,Rolnicze,Ciągnik
360/80R24 CEAT MULTILOADMAX 150A8/145D SB TL,CEAT,360/80R24,Rolnicze,Ciągnik
360/70R20 CEAT MULTILOADMAX 136A8/131D SB TL,CEAT,360/70R20,Rolnicze,Ciągnik
265/70R16.5 CEAT MULTILOADMAX 130A2/123A8 SB TL,CEAT,265/70R16.5,Rolnicze,Ciągnik
23.1-26 ALLIANCE FORESTAR 345 160A6 16PR TL,ALLIANCE,23.1-26,Leśne,Forwarder/Harwester
8.25-15 ALLIANCE MH-504 14PR TT,ALLIANCE,8.25-15,Przemysłowe,Wózek widłowy
28X9-15 ALLIANCE MH-504 14PR TT,ALLIANCE,28x9-15,Przemysłowe,Wózek widłowy
405/70R18 CEAT LOADPRO HARD SURFACE 147A8/147B SB TL,CEAT,405/70R18,Rolnicze,Ciągnik
405/70R20 CEAT LOADPRO HARD SURFACE 149A8/149B SB TL,CEAT,405/70R20,Rolnicze,Ciągnik
VF650/85R38 CEAT TORQUEMAX 182D SB TL,CEAT,650/85R38,Rolnicze,Ciągnik
VF600/60R30 NRO CEAT TORQUEMAX 162D SB TL,CEAT,600/60R30,Rolnicze,Ciągnik
20.5R25 WINDPOWER WL 36 193A2 TL,WINDPOWER,20.5R25,Rolnicze,Uniwersalne/pozostałe
500/70R24 CEAT LOADPRO HARD SURFACE 164A8/164B SB TL,CEAT,500/70R24,Rolnicze,Ciągnik
28L-26 CEAT FLOATMAX CARGO PLUS 176D SB TL,CEAT,28L-26,Rolnicze,Przyczepa
VF560/60R22.5 CEAT FLOATMAX VF X3 166D SB TL,CEAT,560/60R22.5,Rolnicze,Przyczepa
VF710/60R42 NRO CEAT TORQUEMAX 173D SB TL,CEAT,710/60R42,Rolnicze,Ciągnik
440/80R28 CEAT LOADPRO 156A8/156B SB TL,CEAT,440/80R28,Rolnicze,Ciągnik
650/65R38 ALLIANCE AGRISTAR II 171D STUBBLE GUARD TL,ALLIANCE,650/65R38,Rolnicze,Ciągnik
600/65R38 ALLIANCE AGRI STAR II 159D STUBBLE GUARD TL,ALLIANCE,600/65R38,Rolnicze,Ciągnik
540/65R38 ALLIANCE AGRI STAR II 153D STUBBLE GUARD TL,ALLIANCE,540/65R38,Rolnicze,Ciągnik
600/65R34 ALLIANCE AGRI STAR II 157D STUBBLE GUARD TL,ALLIANCE,600/65R34,Rolnicze,Ciągnik
540/65R34 ALLIANCE AGRI STAR II 152D STUBBLE GUARD TL,ALLIANCE,540/65R34,Rolnicze,Ciągnik
540/65R28 ALLIANCE AGRISTAR II 149D STUBBLE GUARD TL,ALLIANCE,540/65R28,Rolnicze,Ciągnik
480/65R28 ALLIANCE AGRISTAR II 142D STUBBLE GUARD TL,ALLIANCE,480/65R28,Rolnicze,Ciągnik
440/65R28 ALLIANCE AGRI STAR II 138D TL,ALLIANCE,440/65R28,Rolnicze,Ciągnik
540/65R24 ALLIANCE AGRI STAR II 146D STUBBLE GUARD TL,ALLIANCE,540/65R24,Rolnicze,Ciągnik
420/65R20 ALLIANCE AGRISTAR II 135D STUBBLE GUARD TL,ALLIANCE,420/65R20,Rolnicze,Ciągnik
420/65R24 ALLIANCE AGRI STAR II 138D STUBBLE GUARD TL,ALLIANCE,420/65R24,Rolnicze,Ciągnik
480/65R24 ALLIANCE AGRI STAR II 140D STUBBLE GUARD TL,ALLIANCE,480/65R24,Rolnicze,Ciągnik
650/65R42 ALLIANCE AGRI STAR II 170D STUBBLE GUARD TL,ALLIANCE,650/65R42,Rolnicze,Ciągnik
400/70R20 CEAT LOADPRO 149A8/149B SB TL,CEAT,400/70R20,Rolnicze,Ciągnik
580/70R38 CEAT FARMAX R70 183A8/180D TL,CEAT,580/70R38,Rolnicze,Ciągnik
10.00-20 CEAT GRIP MASTER EX 146B 16PR TT,CEAT,10.00-20,Rolnicze,Uniwersalne/pozostałe
360/70R28 CEAT FARMAX R70 128A8/125D TL,CEAT,360/70R28,Rolnicze,Ciągnik
520/70R34 CEAT FARMAX R70 151A8/148D TL,CEAT,520/70R34,Rolnicze,Ciągnik
520/70R30 CEAT FARMAX R70 148A8/145D TL,CEAT,520/70R30,Rolnicze,Ciągnik
340/85R38 CEAT FARMAX R85 136A8/133D TL,CEAT,340/85R38,Rolnicze,Ciągnik
480/70R34 CEAT FARMAX R70 152A8/149D TL,CEAT,480/70R34,Rolnicze,Ciągnik
480/70R28 CEAT FARMAX R70 154A8/151D TL,CEAT,480/70R28,Rolnicze,Ciągnik
520/85R38 CEAT FARMAX R85 172A8/169D TL,CEAT,520/85R38,Rolnicze,Ciągnik
380/90R50 ALLIANCE 350 161A8/158D TL,ALLIANCE,380/90R50,Rolnicze,Ciągnik
250/85R28 CEAT FARMAX R85 115A8/112D TL,CEAT,250/85R28,Rolnicze,Ciągnik
900/60R32 CHO CEAT YIELDMAX 193A8/193B SB TL,CEAT,900/60R32,Rolnicze,Kombajn
710/70R38 CEAT FARMAX R70 175A8/172D TL,CEAT,710/70R38,Rolnicze,Ciągnik
420/85R38 CEAT FARMAX R85 147A8/144D TL,CEAT,420/85R38,Rolnicze,Ciągnik
380/85R34 CEAT FARMAX R85 140A8/137D TL,CEAT,380/85R34,Rolnicze,Ciągnik
340/85R28 CEAT FARMAX R85 130A8/127D TL,CEAT,340/85R28,Rolnicze,Ciągnik
320/85R28 CEAT FARMAX R85 127A8/124D TL,CEAT,320/85R28,Rolnicze,Ciągnik
280/85R28 CEAT FARMAX R85 121A8/118D TL,CEAT,280/85R28,Rolnicze,Ciągnik
520/85R38 CEAT FARMAX R85 158A8/155D TL,CEAT,520/85R38,Rolnicze,Ciągnik
320/70R24 CEAT FARMAX R70 119A8/116D TL,CEAT,320/70R24,Rolnicze,Ciągnik
320/85R38 CEAT FARMAX R85 146A8/143D TL,CEAT,320/85R38,Rolnicze,Ciągnik
460/85R38 CEAT FARMAX R85 152A8/149D TL,CEAT,460/85R38,Rolnicze,Ciągnik
480/70R30 CEAT FARMAX R70 144A8/141D TL,CEAT,480/70R30,Rolnicze,Ciągnik
320/70R20 CEAT FARMAX R70 126A8/123D TL,CEAT,320/70R20,Rolnicze,Ciągnik
480/70R24 CEAT FARMAX R70 141A8/138D TL,CEAT,480/70R24,Rolnicze,Ciągnik
280/70R18 CEAT FARMAX R70 117A8/114D TL,CEAT,280/70R18,Rolnicze,Ciągnik
420/85R28 CEAT FARMAX R85 142A8/139D TL,CEAT,420/85R28,Rolnicze,Ciągnik
480/70R38 CEAT FARMAX R70 148A8/145D TL,CEAT,480/70R38,Rolnicze,Ciągnik
360/70R24 CEAT FARMAX R70 125A8/122D TL,CEAT,360/70R24,Rolnicze,Ciągnik
580/70R38 CEAT FARMAX R70 158A8/155D TL,CEAT,580/70R38,Rolnicze,Ciągnik
380/70R28 CEAT FARMAX R70 130A8/127D TL,CEAT,380/70R28,Rolnicze,Ciągnik
480/70R34 CEAT FARMAX R70 146A8/143D TL,CEAT,480/70R34,Rolnicze,Ciągnik
620/70R42 CEAT FARMAX R70 176A8/173D TL,CEAT,620/70R42,Rolnicze,Ciągnik
340/85R38 CEAT FARMAX R85 151A8/148D TL,CEAT,340/85R38,Rolnicze,Ciągnik
250/85R20 CEAT FARMAX R85 119A8/116D TL,CEAT,250/85R20,Rolnicze,Ciągnik
400/75R38 CEAT FARMAX R75 141A8/138D TL,CEAT,400/75R38,Rolnicze,Ciągnik
460/85R34 CEAT FARMAX R85 150A8/147D TL,CEAT,460/85R34,Rolnicze,Ciągnik
320/85R34 CEAT FARMAX R85 144A8/141D TL,CEAT,320/85R34,Rolnicze,Ciągnik
480/70R28 CEAT FARMAX R70 143A8/140D TL,CEAT,480/70R28,Rolnicze,Ciągnik
435/50R19.5 GOODTRIP GHT22 TRAILER 160J 22PR TL,GOODTRIP,435/50R19.5,Ciężarowe,Przyczepa
445/45R19.5 GOODTRIP GHT22 TRAILER 160J 22PR TL M+S 3PMSF,GOODTRIP,445/45R19.5,Ciężarowe,Przyczepa
385/55R22.5 GOODTRIP GHT50 TRAILER 160K 20PR TL M+S 3PMSF,GOODTRIP,385/55R22.5,Ciężarowe,Przyczepa
10.00-20 ALLIANCE 839 148B 16PR TT,ALLIANCE,10.00-20,Rolnicze,Uniwersalne/pozostałe
VF900/60R38 NRO CEAT TORQUEMAX 193D SB TL,CEAT,900/60R38,Rolnicze,Ciągnik
440/80R24 CEAT LOADPRO 161A8/161B SB TL,CEAT,440/80R24,Rolnicze,Ciągnik
380/75R20 CEAT LOADPRO 148A8/148B SB TL,CEAT,380/75R20,Rolnicze,Ciągnik
405/70R24 CEAT LOADPRO 152A8/152B SB TL,CEAT,405/70R24,Rolnicze,Ciągnik
VF900/60R42 ALLIANCE AGRIFLEX 372 + 189D SB TL,ALLIANCE,900/60R42,Rolnicze,Kombajn
VF480/80R50 CEAT SPRAYMAX 179D SB TL,CEAT,480/80R50,Rolnicze,Opryskiwacz
VF480/80R42 CEAT SPRAYMAX 176D SB TL,CEAT,480/80R42,Rolnicze,Opryskiwacz
460/70R24 CEAT LOADPRO HARD SURFACE 159A8/159B SB TL,CEAT,460/70R24,Rolnicze,Ciągnik
500/70R28 CEAT LOADPRO 164A8/164B SB TL,CEAT,500/70R28,Rolnicze,Ciągnik
480/80R26 ALLIANCE 585 167A8/167B SB TL,ALLIANCE,480/80R26,Rolnicze,Ciągnik
500/60R22.5 CEAT FLOATMAX RT 155D SB TL,CEAT,500/60R22.5,Rolnicze,Przyczepa
650/55R26.5 CEAT FLOATMAX FT 178D SB TL,CEAT,650/55R26.5,Rolnicze,Przyczepa
560/60R22.5 ALLIANCE 590 169D SB TL,ALLIANCE,560/60R22.5,Rolnicze,Przyczepa
315/80R22.5 GOODTRIP GHA20 157/154L 20PR TL M+S 3PMSF,GOODTRIP,315/80R22.5,Ciężarowe,Oś kierowana
440/80-24 CEAT LOADPRO 168A8 TL,CEAT,440/80-24,Rolnicze,Ciągnik
16.9-28 CEAT TYROCK SUPER 155A8 14PR TL,CEAT,16.9-28,Rolnicze,Ciągnik
8.25-15 CEAT ELEVETA 152A5 16PR TT,CEAT,8.25-15,Przemysłowe,Wózek widłowy
650/75R38 CEAT FARMAX HPT 169D TL,CEAT,650/75R38,Rolnicze,Ciągnik
VF710/60R38 NRO CEAT TORQUEMAX 171D SB TL,CEAT,710/60R38,Rolnicze,Ciągnik
VF600/60R28 NRO CEAT TORQUEMAX 157D SB TL,CEAT,600/60R28,Rolnicze,Ciągnik
620/75R34 CHO CEAT YIELDMAX 170A8/170B SB TL,CEAT,620/75R34,Rolnicze,Kombajn
6.50-16 CEAT FARMAX X3 TF 98A6 8PR TT,CEAT,6.50-16,Rolnicze,Ciągnik
620/75R30 CHO CEAT YIELDMAX 169A8/169B SB TL,CEAT,620/75R30,Rolnicze,Kombajn
VF540/65R30 NRO CEAT TORQUEMAX 158D SB TL,CEAT,540/65R30,Rolnicze,Ciągnik
480/80R26 CEAT LOADPRO 167A8/167B SB TL,CEAT,480/80R26,Rolnicze,Ciągnik
7.50-20 CEAT FARMAX X3 TF 109A6 8PR TT,CEAT,7.50-20,Rolnicze,Ciągnik
VF800/70R38 CEAT TORQUEMAX 187D SB TL,CEAT,800/70R38,Rolnicze,Ciągnik
210/95R36 CEAT FARMAX RC 121A8/118D TL,CEAT,210/95R36,Rolnicze,Ciągnik
210/95R44 CEAT FARMAX RC 123A8/120D TL,CEAT,210/95R44,Rolnicze,Ciągnik
320/90R46 CEAT FARMAX RC 149A8/146D TL,CEAT,320/90R46,Rolnicze,Ciągnik
710/45R22.5 CEAT FLOATMAX FT 165D SB TL,CEAT,710/45R22.5,Rolnicze,Przyczepa
10.0/75-15.3 CEAT MPT 808 118A8/130A8 14PR TL,CEAT,10.0/75-15.3,Rolnicze,Ciągnik
14.5-20 CEAT MPT 808 143B 14PR TL,CEAT,14.5-20,Rolnicze,Ciągnik
12.5-20 CEAT MPT 808 140B 12PR TL,CEAT,12.5-20,Rolnicze,Ciągnik
420/80R46 ALLIANCE AGRISTAR II 159D STUBBLE GUARD TL,ALLIANCE,420/80R46,Rolnicze,Ciągnik
260/70R20 ALLIANCE AGRI STAR II 113D TL,ALLIANCE,260/70R20,Rolnicze,Ciągnik
580/70R42 ALLIANCE AGRI STAR II 158D TL,ALLIANCE,580/70R42,Rolnicze,Ciągnik
320/85R34 ALLIANCE AGRI STAR II 133D STUBBLE GUARD TL,ALLIANCE,320/85R34,Rolnicze,Ciągnik
VF650/65R34 CEAT TORQUEMAX 170D SB TL,CEAT,650/65R34,Rolnicze,Ciągnik
250/85R24 ALLIANCE AGRI STAR II 109D TL,ALLIANCE,250/85R24,Rolnicze,Ciągnik
360/70R28 ALLIANCE AGRI STAR II 125D STUBBLE GUARD TL,ALLIANCE,360/70R28,Rolnicze,Ciągnik
VF650/65R42 NRO CEAT TORQUEMAX 174D SB TL,CEAT,650/65R42,Rolnicze,Ciągnik
20.5R25 NOKIAN GROUND KING LOADER L-3 TL SB TL,NOKIAN,20.5R25,Przemysłowe,Ładowarka
23.5R25 NOKIAN HAKKAPELIITTA LOADER SB TL,NOKIAN,23.5R25,Przemysłowe,Ładowarka
20.5R25 NOKIAN HAKKAPELIITTA LOADER SB TL,NOKIAN,20.5R25,Przemysłowe,Ładowarka
17.5R25 NOKIAN HAKKAPELIITTA LOADER SB TL,NOKIAN,17.5R25,Przemysłowe,Ładowarka
14.00R24 NOKIAN HAKKAPELIITTA LOADER SB TL,NOKIAN,14.00R24,Przemysłowe,Ładowarka
23.5R25 NOKIAN LOADER GRIP L-3 SB TL,NOKIAN,23.5R25,Przemysłowe,Ładowarka
20.5R25 NOKIAN LOADER GRIP L-3 SB TL,NOKIAN,20.5R25,Przemysłowe,Ładowarka
17.5R25 NOKIAN LOADER GRIP L-3 SB TL,NOKIAN,17.5R25,Przemysłowe,Ładowarka
15.5R25 NOKIAN LOADER GRIP 2 L-3 SB TL,NOKIAN,15.5R25,Przemysłowe,Ładowarka
315/60R22.5 NOKIAN HTS TUGGER TL,NOKIAN,315/60R22.5,Przemysłowe,Uniwersalne/pozostałe
18.00-25 NOKIAN RTG 40PR TL,NOKIAN,18.00-25,Przemysłowe,Suwnica/dźwig
14.00-24 NOKIAN RTG 28PR TL,NOKIAN,14.00-24,Przemysłowe,Suwnica/dźwig
18.00-33 NOKIAN HTS G2 L-4S 40PR TL,NOKIAN,18.00-33,Przemysłowe,Suwnica/dźwig
18.00-25 NOKIAN HTS G2 L-5S 40PR TL,NOKIAN,18.00-25,Przemysłowe,Suwnica/dźwig
18.00-25 NOKIAN HTS G2 L-4S 40PR TL,NOKIAN,18.00-25,Przemysłowe,Suwnica/dźwig
18.00-33 NOKIAN HTS G2 E-4 40PR TL,NOKIAN,18.00-33,Przemysłowe,Suwnica/dźwig
18.00-25 NOKIAN HTS G2 E-4 40PR TL,NOKIAN,18.00-25,Przemysłowe,Suwnica/dźwig
16.00-25 NOKIAN HTS G2 E-4 36PR TL,NOKIAN,16.00-25,Przemysłowe,Suwnica/dźwig
14.00-24 NOKIAN HTS G2 E-4 28PR TL,NOKIAN,14.00-24,Przemysłowe,Suwnica/dźwig
29.5R25 NOKIAN NORDMAN MINE E-4 TL,NOKIAN,29.5R25,Przemysłowe,Suwnica/dźwig
26.5R25 NOKIAN NORDMAN MINE E-4 TL,NOKIAN,26.5R25,Przemysłowe,Suwnica/dźwig
18.00-25 NOKIAN MINE KING L-5S 32PR TL,NOKIAN,18.00-25,Przemysłowe,Maszyny górnicze
12.00-20 NOKIAN MINE KING L-5S 20PR TT,NOKIAN,12.00-20,Przemysłowe,Maszyny górnicze
14.00-24 NOKIAN MINE KING E-4 28PR TL,NOKIAN,14.00-24,Przemysłowe,Maszyny górnicze
14.00-20 NOKIAN MINE KING E-4 20PR TT,NOKIAN,14.00-20,Przemysłowe,Maszyny górnicze
12.00-20 NOKIAN MINE KING E-4 20PR TT,NOKIAN,12.00-20,Przemysłowe,Maszyny górnicze
365/80R20 NOKIAN MPT AGILE 152G SB TL,NOKIAN,365/80R20,Przemysłowe,Uniwersalne/pozostałe
14.00R20 NOKIAN MPT AGILE 2 164G SB TL,NOKIAN,14.00R20,Przemysłowe,Uniwersalne/pozostałe
9.00-20 NOKIAN ARMOR GARD 2 MINE 16PR TT,NOKIAN,9.00-20,Przemysłowe,Uniwersalne/pozostałe
11.00-20 NOKIAN ARMOR GARD 2 16PR TT,NOKIAN,11.00-20,Przemysłowe,Uniwersalne/pozostałe
10.00-20 NOKIAN ARMOR GARD 2 16PR TT,NOKIAN,10.00-20,Przemysłowe,Uniwersalne/pozostałe
10.00-20 NOKIAN ARMOR GARD 2 MINE 16PR TT,NOKIAN,10.00-20,Przemysłowe,Uniwersalne/pozostałe
12.00-20 NOKIAN ARMOR GARD 20PR TT,NOKIAN,12.00-20,Przemysłowe,Uniwersalne/pozostałe
9.00-20 NOKIAN ARMOR GARD MINE 16PR TT,NOKIAN,9.00-20,Przemysłowe,Uniwersalne/pozostałe
750/60R30.5 NOKIAN COUNTRY KING 181D SB TL,NOKIAN,750/60R30.5,Przemysłowe,Przyczepa
650/65R30.5 NOKIAN COUNTRY KING 176D SB TL,NOKIAN,650/65R30.5,Przemysłowe,Przyczepa
800/45R26.5 NOKIAN COUNTRY KING 174D SB TL,NOKIAN,800/45R26.5,Przemysłowe,Przyczepa
710/50R26.5 NOKIAN COUNTRY KING 170D SB TL,NOKIAN,710/50R26.5,Przemysłowe,Przyczepa
650/65R26.5 NOKIAN COUNTRY KING 174D SB TL,NOKIAN,650/65R26.5,Przemysłowe,Przyczepa
620/60R26.5 NOKIAN COUNTRY KING 169D SB TL,NOKIAN,620/60R26.5,Przemysłowe,Przyczepa
600/55R26.5 NOKIAN COUNTRY KING 165D SB TL,NOKIAN,600/55R26.5,Przemysłowe,Przyczepa
710/45R22.5 NOKIAN COUNTRY KING 165D SB TL,NOKIAN,710/45R22.5,Przemysłowe,Przyczepa
710/35R22.5 NOKIAN COUNTRY KING 157D SB TL,NOKIAN,710/35R22.5,Przemysłowe,Przyczepa
650/50R22.5 NOKIAN COUNTRY KING 163D SB TL,NOKIAN,650/50R22.5,Przemysłowe,Przyczepa
600/50R22.5 NOKIAN COUNTRY KING 159D SB TL,NOKIAN,600/50R22.5,Przemysłowe,Przyczepa
580/65R22.5 NOKIAN COUNTRY KING 166D SB TL,NOKIAN,580/65R22.5,Przemysłowe,Przyczepa
560/60R22.5 NOKIAN COUNTRY KING 161D SB TL,NOKIAN,560/60R22.5,Przemysłowe,Przyczepa
560/45R22.5 NOKIAN COUNTRY KING 152D SB TL,NOKIAN,560/45R22.5,Przemysłowe,Przyczepa
500/60R22.5 NOKIAN COUNTRY KING 155D SB TL,NOKIAN,500/60R22.5,Przemysłowe,Przyczepa
800/60R34 NOKIAN ELS RADIAL 186D SB TL,NOKIAN,800/60R34,Przemysłowe,Uniwersalne/pozostałe
800/50R34 NOKIAN ELS RADIAL 181D SB TL,NOKIAN,800/50R34,Przemysłowe,Uniwersalne/pozostałe
710/55R34 NOKIAN ELS RADIAL 177D SB TL,NOKIAN,710/55R34,Przemysłowe,Uniwersalne/pozostałe
850/50R30.5 NOKIAN ELS RADIAL 182D SB TL,NOKIAN,850/50R30.5,Przemysłowe,Uniwersalne/pozostałe
750/55R26.5 NOKIAN ELS RADIAL 177D SB TL,NOKIAN,750/55R26.5,Przemysłowe,Uniwersalne/pozostałe
700/50R26.5 NOKIAN ELS RADIAL 170D SB TL,NOKIAN,700/50R26.5,Przemysłowe,Uniwersalne/pozostałe
650/65R26.5 NOKIAN ELS RADIAL 174D SB TL,NOKIAN,650/65R26.5,Przemysłowe,Uniwersalne/pozostałe
600/55R26.5 NOKIAN ELS RADIAL 165D SB TL,NOKIAN,600/55R26.5,Przemysłowe,Uniwersalne/pozostałe
710/45R22.5 NOKIAN ELS RADIAL 165D SB TL,NOKIAN,710/45R22.5,Przemysłowe,Uniwersalne/pozostałe
600/50R22.5 NOKIAN ELS RADIAL 159D SB TL,NOKIAN,600/50R22.5,Przemysłowe,Uniwersalne/pozostałe
620/60B34 NOKIAN GROUND KARE SEMI-SLICK 178A TL,NOKIAN,620/60B34,Rolnicze,Uniwersalne/pozostałe
620/60B34 NOKIAN GROUND KARE 178A TL,NOKIAN,620/60B34,Rolnicze,Uniwersalne/pozostałe
620/60B30 NOKIAN GROUND KARE 176A8/171D TL,NOKIAN,620/60B30,Rolnicze,Uniwersalne/pozostałe
710/40-22.5 NOKIAN GROUND KARE 173A8 SF TL,NOKIAN,710/40-22.5,Rolnicze,Uniwersalne/pozostałe
650/45-22.5 NOKIAN GROUND KARE 175A8 SF TL,NOKIAN,650/45-22.5,Rolnicze,Uniwersalne/pozostałe
600/50-22.5 NOKIAN GROUND KARE 173A8 SF TL,NOKIAN,600/50-22.5,Rolnicze,Uniwersalne/pozostałe
600/40-22.5 NOKIAN GROUND KARE 161A8 SF TL,NOKIAN,600/40-22.5,Rolnicze,Uniwersalne/pozostałe
710/40-22.5 NOKIAN EXCAVATOR 173A8 SF TL,NOKIAN,710/40-22.5,Przemysłowe,Koparka
650/45-22.5 NOKIAN EXCAVATOR 175A8 SF TL,NOKIAN,650/45-22.5,Przemysłowe,Koparka
600/50-22.5 NOKIAN EXCAVATOR 173A8 SF TL,NOKIAN,600/50-22.5,Przemysłowe,Koparka
35.5-32 NOKIAN LOGGER KING TRS-2 EXTREME TL SF 26PR TL,NOKIAN,35.5-32,Leśne,Skidder
30.5L-32 NOKIAN LOGGER KING TRS-2 EXTREME TL SF 26PR TL,NOKIAN,30.5L-32,Leśne,Skidder
30.5L-32 NOKIAN LOGGER KING TRS-2 TL SF 20PR TL,NOKIAN,30.5L-32,Leśne,Skidder
28L-26 NOKIAN LOGGER KING TRS-2 SF 20PR TL,NOKIAN,28L-26,Leśne,Skidder
28L-26 NOKIAN FOREST KING TRS LS-2 TL SF 26PR TL,NOKIAN,28L-26,Leśne,Forwarder/Harwester
650/65R38 NOKIAN TR MULTIPLUS 164A8/160B SB TL,NOKIAN,650/65R38,Leśne,Uniwersalne/pozostałe
600/65R38 NOKIAN TR MULTIPLUS 159A8/156B SB TL,NOKIAN,600/65R38,Leśne,Uniwersalne/pozostałe
600/65R34 NOKIAN TR MULTIPLUS 157A8/154B SB TL,NOKIAN,600/65R34,Leśne,Uniwersalne/pozostałe
540/65R28 NOKIAN TR MULTIPLUS 149A8/146B SB TL,NOKIAN,540/65R28,Leśne,Uniwersalne/pozostałe
500/65R28 NOKIAN TR MULTIPLUS 144A8/141B SB TL,NOKIAN,500/65R28,Leśne,Uniwersalne/pozostałe
500/65R24 NOKIAN TR MULTIPLUS 142A8/139B SB TL,NOKIAN,500/65R24,Leśne,Uniwersalne/pozostałe
520/85-38 NOKIAN TR FOREST 2 164A8/160B 16PR TL,NOKIAN,520/85-38,Leśne,Uniwersalne/pozostałe
460/85-38 NOKIAN TR FOREST 2 157A8/154B 16PR TL,NOKIAN,460/85-38,Leśne,Uniwersalne/pozostałe
420/85-38 NOKIAN TR FOREST 2 152A8/149B 16PR TL,NOKIAN,420/85-38,Leśne,Uniwersalne/pozostałe
460/85-34 NOKIAN TR FOREST 2 155A8/152B 16PR TL,NOKIAN,460/85-34,Leśne,Uniwersalne/pozostałe
420/85-34 NOKIAN TR FOREST 2 151A8/148B 16PR TL,NOKIAN,420/85-34,Leśne,Uniwersalne/pozostałe
420/85-30 NOKIAN TR FOREST 2 149A8/146B 16PR TL,NOKIAN,420/85-30,Leśne,Uniwersalne/pozostałe
420/85-28 NOKIAN TR FOREST 2 148A8/145B 16PR TL,NOKIAN,420/85-28,Leśne,Uniwersalne/pozostałe
380/85-28 NOKIAN TR FOREST 2 142A8/139B 16PR TL,NOKIAN,380/85-28,Leśne,Uniwersalne/pozostałe
340/85-28 NOKIAN TR FOREST 2 136A8/133B 16PR TL,NOKIAN,340/85-28,Leśne,Uniwersalne/pozostałe
380/85-24 NOKIAN TR FOREST 2 140A8/137B 16PR TL,NOKIAN,380/85-24,Leśne,Uniwersalne/pozostałe
340/85-24 NOKIAN TR FOREST 2 134A8/131B 16PR TL,NOKIAN,340/85-24,Leśne,Uniwersalne/pozostałe
320/85-24 NOKIAN TR FOREST 2 130A8/127B 16PR TL,NOKIAN,320/85-24,Leśne,Uniwersalne/pozostałe
750/55-26.5 NOKIAN NORDMAN FOREST F SF 20PR TT,NOKIAN,750/55-26.5,Leśne,Forwarder/Harwester
710/45-26.5 NOKIAN NORDMAN FOREST F SF 20PR TT,NOKIAN,710/45-26.5,Leśne,Forwarder/Harwester
600/55-26.5 NOKIAN NORDMAN FOREST F SF 20PR TT,NOKIAN,600/55-26.5,Leśne,Forwarder/Harwester
710/40-24.5 NOKIAN NORDMAN FOREST F SF 20PR TT,NOKIAN,710/40-24.5,Leśne,Forwarder/Harwester
710/40-22.5 NOKIAN NORDMAN FOREST F SF 16PR TT,NOKIAN,710/40-22.5,Leśne,Forwarder/Harwester
600/50-22.5 NOKIAN NORDMAN FOREST ELS SF 16PR TT,NOKIAN,600/50-22.5,Leśne,Forwarder/Harwester
700/70-34 NOKIAN NORDMAN FOREST TRS L-2 SF 20PR TT,NOKIAN,700/70-34,Leśne,Forwarder/Harwester
700/55-34 NOKIAN NORDMAN FOREST TRS L-2 SF 20PR TT,NOKIAN,700/55-34,Leśne,Forwarder/Harwester
600/65-34 NOKIAN NORDMAN FOREST TRS L-2 SF 20PR TT,NOKIAN,600/65-34,Leśne,Forwarder/Harwester
750/55-26.5 NOKIAN NORDMAN FOREST TRS L-2 SF 20PR TT,NOKIAN,750/55-26.5,Leśne,Forwarder/Harwester
600/55-26.5 NOKIAN NORDMAN FOREST TRS L-2 SF 20PR TT,NOKIAN,600/55-26.5,Leśne,Forwarder/Harwester
710/45-26.5 NOKIAN NORDMAN FOREST TRS L-2 SF 20PR TT,NOKIAN,710/45-26.5,Leśne,Forwarder/Harwester
710/40-22.5 NOKIAN NORDMAN FOREST TRS L-2 SF 16PR TT,NOKIAN,710/40-22.5,Leśne,Forwarder/Harwester
600/50-22.5 NOKIAN NORDMAN FOREST TRS L-2 SF 16PR TT,NOKIAN,600/50-22.5,Leśne,Forwarder/Harwester
710/70-34 NOKIAN FOREST KING TRS 2PLUS SF 24PR TT,NOKIAN,710/70-34,Leśne,Forwarder/Harwester
710/55-34 NOKIAN FOREST KING TRS 2PLUS SF 24PR TT,NOKIAN,710/55-34,Leśne,Forwarder/Harwester
600/65-34 NOKIAN FOREST KING TRS 2PLUS SF 24PR TT,NOKIAN,600/65-34,Leśne,Forwarder/Harwester
780/50-28.5 NOKIAN FOREST KING F 2 SF 24PR TT,NOKIAN,780/50-28.5,Leśne,Forwarder/Harwester
710/55-28.5 NOKIAN FOREST KING F 2 SF 24PR TT,NOKIAN,710/55-28.5,Leśne,Forwarder/Harwester
800/40-26.5 NOKIAN FOREST KING F 2 SF 20PR TT,NOKIAN,800/40-26.5,Leśne,Forwarder/Harwester
750/55-26.5 NOKIAN FOREST KING F 2 SF 24PR TT,NOKIAN,750/55-26.5,Leśne,Forwarder/Harwester
710/55-26.5 NOKIAN FOREST KING F 2 SF 24PR TT,NOKIAN,710/55-26.5,Leśne,Forwarder/Harwester
710/45-26.5 NOKIAN FOREST KING F 2 SF 24PR TT,NOKIAN,710/45-26.5,Leśne,Forwarder/Harwester
710/45-26.5 NOKIAN FOREST KING F 2 SF 20PR TT,NOKIAN,710/45-26.5,Leśne,Forwarder/Harwester
600/55-26.5 NOKIAN FOREST KING F 2 SF 20PR TT,NOKIAN,600/55-26.5,Leśne,Forwarder/Harwester
800/40-24.5 NOKIAN FOREST KING F 2 SF 20PR TT,NOKIAN,800/40-24.5,Leśne,Forwarder/Harwester
710/40-24.5 NOKIAN FOREST KING F 2 SF 20PR TT,NOKIAN,710/40-24.5,Leśne,Forwarder/Harwester
710/40-22.5 NOKIAN FOREST KING F 2 SF 20PR TT,NOKIAN,710/40-22.5,Leśne,Forwarder/Harwester
600/50-22.5 NOKIAN FOREST KING F 2 SF 20PR TT,NOKIAN,600/50-22.5,Leśne,Forwarder/Harwester
780/50-28.5 NOKIAN FOREST KING TRS 2 SF 24PR TT,NOKIAN,780/50-28.5,Leśne,Forwarder/Harwester
710/55-28.5 NOKIAN FOREST KING TRS 2 SF 24PR TT,NOKIAN,710/55-28.5,Leśne,Forwarder/Harwester
800/40-26.5 NOKIAN FOREST KING TRS 2 SF 20PR TT,NOKIAN,800/40-26.5,Leśne,Forwarder/Harwester
750/55-26.5 NOKIAN FOREST KING TRS 2 SF 24PR TT,NOKIAN,750/55-26.5,Leśne,Forwarder/Harwester
710/55-26.5 NOKIAN FOREST KING TRS 2 SF 24PR TT,NOKIAN,710/55-26.5,Leśne,Forwarder/Harwester
710/45-26.5 NOKIAN FOREST KING TRS 2 SF 24PR TT,NOKIAN,710/45-26.5,Leśne,Forwarder/Harwester
710/45-26.5 NOKIAN FOREST KING TRS 2 SF 20PR TT,NOKIAN,710/45-26.5,Leśne,Forwarder/Harwester
600/55-26.5 NOKIAN FOREST KING TRS 2 SF 20PR TT,NOKIAN,600/55-26.5,Leśne,Forwarder/Harwester
800/40-24.5 NOKIAN FOREST KING TRS 2 SF 20PR TT,NOKIAN,800/40-24.5,Leśne,Forwarder/Harwester
710/40-24.5 NOKIAN FOREST KING TRS 2 SF 20PR TT,NOKIAN,710/40-24.5,Leśne,Forwarder/Harwester
600/50-24.5 NOKIAN FOREST KING TRS 2 SF 20PR TT,NOKIAN,600/50-24.5,Leśne,Forwarder/Harwester
710/40-22.5 NOKIAN FOREST KING TRS 2 SF 20PR TT,NOKIAN,710/40-22.5,Leśne,Forwarder/Harwester
600/50-22.5 NOKIAN FOREST KING TRS 2 SF 20PR TT,NOKIAN,600/50-22.5,Leśne,Forwarder/Harwester
650/75-38 NOKIAN FOREST KING T SF TT,NOKIAN,650/75-38,Leśne,Forwarder/Harwester
540/70-30 NOKIAN FOREST KING T SF TT,NOKIAN,540/70-30,Leśne,Forwarder/Harwester
500/70-28 NOKIAN FOREST KING T SF TT,NOKIAN,500/70-28,Leśne,Forwarder/Harwester
650/60-26.5 NOKIAN FOREST KING TRS L-2 SF 20PR TT,NOKIAN,650/60-26.5,Leśne,Forwarder/Harwester
710/75R42 NOKIAN TRACTOR KING 181D SB TL,NOKIAN,710/75R42,Leśne,Ciągnik
710/70R42 NOKIAN TRACTOR KING 179D SB TL,NOKIAN,710/70R42,Leśne,Ciągnik
650/65R42 NOKIAN TRACTOR KING 170D SB TL,NOKIAN,650/65R42,Leśne,Ciągnik
650/85R38 NOKIAN TRACTOR KING 178D SB TL,NOKIAN,650/85R38,Leśne,Ciągnik
800/70R38 NOKIAN TRACTOR KING 178D SB TL,NOKIAN,800/70R38,Leśne,Ciągnik
710/70R38 NOKIAN TRACTOR KING 178D SB TL,NOKIAN,710/70R38,Leśne,Ciągnik
650/75R38 NOKIAN TRACTOR KING 175D SB TL,NOKIAN,650/75R38,Leśne,Ciągnik
650/65R38 NOKIAN TRACTOR KING 169D SB TL,NOKIAN,650/65R38,Leśne,Ciągnik
600/65R38 NOKIAN TRACTOR KING 165D SB TL,NOKIAN,600/65R38,Leśne,Ciągnik
600/70R34 NOKIAN TRACTOR KING 167D SB TL,NOKIAN,600/70R34,Leśne,Ciągnik
600/65R34 NOKIAN TRACTOR KING 163D SB TL,NOKIAN,600/65R34,Leśne,Ciągnik
620/75R30 NOKIAN TRACTOR KING 169D SB TL,NOKIAN,620/75R30,Leśne,Ciągnik
600/70R30 NOKIAN TRACTOR KING 165D SB TL,NOKIAN,600/70R30,Leśne,Ciągnik
540/70R30 NOKIAN TRACTOR KING 159D SB TL,NOKIAN,540/70R30,Leśne,Ciągnik
540/65R30 NOKIAN TRACTOR KING 155D SB TL,NOKIAN,540/65R30,Leśne,Ciągnik
600/65R28 NOKIAN TRACTOR KING 157D SB TL,NOKIAN,600/65R28,Leśne,Ciągnik
600/60R28 NOKIAN TRACTOR KING 157D SB TL,NOKIAN,600/60R28,Leśne,Ciągnik
540/65R28 NOKIAN TRACTOR KING 154D SB TL,NOKIAN,540/65R28,Leśne,Ciągnik
500/65R28 NOKIAN TRACTOR KING 150D SB TL,NOKIAN,500/65R28,Leśne,Ciągnik
480/65R28 NOKIAN TRACTOR KING 148D SB TL,NOKIAN,480/65R28,Leśne,Ciągnik
VF800/50R34 NOKIAN FLOAT KING VF 183D SB TL,NOKIAN,VF800/50R34,Leśne,Forwarder/Harwester
VF710/55R34 NOKIAN FLOAT KING VF 179D SB TL,NOKIAN,VF710/55R34,Leśne,Forwarder/Harwester
VF850/50R30.5 NOKIAN FLOAT KING VF 184D SB TL,NOKIAN,VF850/50R30.5,Leśne,Forwarder/Harwester
VF750/60R30.5 NOKIAN FLOAT KING VF 183D SB TL,NOKIAN,VF750/60R30.5,Leśne,Forwarder/Harwester
VF710/75R42 NOKIAN SOIL KING VF 184D/181E SB TL,NOKIAN,VF710/75R42,Rolnicze,Uniwersalne/pozostałe
VF710/70R42 NOKIAN SOIL KING VF 182D/179E SB TL,NOKIAN,VF710/70R42,Rolnicze,Uniwersalne/pozostałe
VF650/85R38 NOKIAN SOIL KING VF 182D/179E SB TL,NOKIAN,VF650/85R38,Rolnicze,Uniwersalne/pozostałe
VF650/65R34 NOKIAN SOIL KING VF 170D/167E SB TL,NOKIAN,VF650/65R34,Rolnicze,Uniwersalne/pozostałe
VF650/60R34 NOKIAN SOIL KING VF 168D/165E SB TL,NOKIAN,VF650/60R34,Rolnicze,Uniwersalne/pozostałe
VF600/70R34 NOKIAN SOIL KING VF 170D/167E SB TL,NOKIAN,VF600/70R34,Rolnicze,Uniwersalne/pozostałe
VF600/70R30 NOKIAN SOIL KING VF 168D/165E SB TL,NOKIAN,VF600/70R30,Rolnicze,Uniwersalne/pozostałe
VF600/70R28 NOKIAN SOIL KING VF 167D/164E SB TL,NOKIAN,VF600/70R28,Rolnicze,Uniwersalne/pozostałe
540/70R24 NOKIAN HAKKAPELIITTA TRI 170D SB TL,NOKIAN,540/70R24,Przemysłowe,Uniwersalne/pozostałe
500/70R24 NOKIAN HAKKAPELIITTA TRI 166D SB TL,NOKIAN,500/70R24,Przemysłowe,Uniwersalne/pozostałe
460/70R24 NOKIAN HAKKAPELIITTA TRI 161D SB TL,NOKIAN,460/70R24,Przemysłowe,Uniwersalne/pozostałe
360/80R24 NOKIAN HAKKAPELIITTA TRI 138D SB TL,NOKIAN,360/80R24,Przemysłowe,Uniwersalne/pozostałe
400/70R20 NOKIAN HAKKAPELIITTA TRI 149A8/144D SB TL,NOKIAN,400/70R20,Przemysłowe,Uniwersalne/pozostałe
360/80R20 NOKIAN HAKKAPELIITTA TRI 143D SB TL,NOKIAN,360/80R20,Przemysłowe,Uniwersalne/pozostałe
400/70R18 NOKIAN HAKKAPELIITTA TRI 143D SB TL,NOKIAN,400/70R18,Przemysłowe,Uniwersalne/pozostałe
400/60R18 NOKIAN HAKKAPELIITTA TRI 143D SB TL,NOKIAN,400/60R18,Przemysłowe,Uniwersalne/pozostałe
340/80R18 NOKIAN HAKKAPELIITTA TRI 138D SB TL,NOKIAN,340/80R18,Przemysłowe,Uniwersalne/pozostałe
710/70R42 NOKIAN HAKKAPELIITTA TRI 180D SB TL,NOKIAN,710/70R42,Przemysłowe,Uniwersalne/pozostałe
650/65R42 NOKIAN HAKKAPELIITTA TRI 176A8/171D SB TL,NOKIAN,650/65R42,Przemysłowe,Uniwersalne/pozostałe
650/65R38 NOKIAN HAKKAPELIITTA TRI 175A8/170D SB TL,NOKIAN,650/65R38,Przemysłowe,Uniwersalne/pozostałe
540/80R38 NOKIAN HAKKAPELIITTA TRI 172A8/167D SB TL,NOKIAN,540/80R38,Przemysłowe,Uniwersalne/pozostałe
480/80R38 NOKIAN HAKKAPELIITTA TRI 166A8/161D SB TL,NOKIAN,480/80R38,Przemysłowe,Uniwersalne/pozostałe
600/70R34 NOKIAN HAKKAPELIITTA TRI 168D SB TL,NOKIAN,600/70R34,Przemysłowe,Uniwersalne/pozostałe
480/80R34 NOKIAN HAKKAPELIITTA TRI 164A8/159D SB TL,NOKIAN,480/80R34,Przemysłowe,Uniwersalne/pozostałe
440/80R34 NOKIAN HAKKAPELIITTA TRI 159A8/155D SB TL,NOKIAN,440/80R34,Przemysłowe,Uniwersalne/pozostałe
600/70R30 NOKIAN HAKKAPELIITTA TRI 166D SB TL,NOKIAN,600/70R30,Przemysłowe,Uniwersalne/pozostałe
540/65R30 NOKIAN HAKKAPELIITTA TRI 166D SB TL,NOKIAN,540/65R30,Przemysłowe,Uniwersalne/pozostałe
540/65R30 NOKIAN HAKKAPELIITTA TRI 161A8/156D SB TL,NOKIAN,540/65R30,Przemysłowe,Uniwersalne/pozostałe
480/80R30 NOKIAN HAKKAPELIITTA TRI 162A8/157D SB TL,NOKIAN,480/80R30,Przemysłowe,Uniwersalne/pozostałe
440/80R30 NOKIAN HAKKAPELIITTA TRI 157A8/153D SB TL,NOKIAN,440/80R30,Przemysłowe,Uniwersalne/pozostałe
540/65R28 NOKIAN HAKKAPELIITTA TRI 160A8/155D SB TL,NOKIAN,540/65R28,Przemysłowe,Uniwersalne/pozostałe
440/80R28 NOKIAN HAKKAPELIITTA TRI 156A8/151D SB TL,NOKIAN,440/80R28,Przemysłowe,Uniwersalne/pozostałe
400/80R28 NOKIAN HAKKAPELIITTA TRI 151A8/146D SB TL,NOKIAN,400/80R28,Przemysłowe,Uniwersalne/pozostałe
360/80R28 NOKIAN HAKKAPELIITTA TRI 146A8/142D SB TL,NOKIAN,360/80R28,Przemysłowe,Uniwersalne/pozostałe
440/80R24 NOKIAN HAKKAPELIITTA TRI 154A8/149D SB TL,NOKIAN,440/80R24,Przemysłowe,Uniwersalne/pozostałe
420/65R24 NOKIAN HAKKAPELIITTA TRI 151A8/146D SB TL,NOKIAN,420/65R24,Przemysłowe,Uniwersalne/pozostałe
400/80R24 NOKIAN HAKKAPELIITTA TRI 149A8/144D SB TL,NOKIAN,400/80R24,Przemysłowe,Uniwersalne/pozostałe
340/80R24 NOKIAN HAKKAPELIITTA TRI 140A8/135D SB TL,NOKIAN,340/80R24,Przemysłowe,Uniwersalne/pozostałe
300/80R24 NOKIAN HAKKAPELIITTA TRI 133A8/128D SB TL,NOKIAN,300/80R24,Przemysłowe,Uniwersalne/pozostałe
360/70R20 NOKIAN HAKKAPELIITTA TRI 136A8/131D SB TL,NOKIAN,360/70R20,Przemysłowe,Uniwersalne/pozostałe
250/80R16 NOKIAN HAKKAPELIITTA TRI 119G SB TL,NOKIAN,250/80R16,Przemysłowe,Uniwersalne/pozostałe
250/75R16 NOKIAN HAKKAPELIITTA TRI 120G SB TL,NOKIAN,250/75R16,Przemysłowe,Uniwersalne/pozostałe
710/70R42 NOKIAN TRI 2 185A8/180D SB TL,NOKIAN,710/70R42,Przemysłowe,Uniwersalne/pozostałe
650/65R42 NOKIAN TRI 2 176A8/171D SB TL,NOKIAN,650/65R42,Przemysłowe,Uniwersalne/pozostałe
620/80R42 NOKIAN TRI 2 181A8/177D SB TL,NOKIAN,620/80R42,Przemysłowe,Uniwersalne/pozostałe
650/65R38 NOKIAN TRI 2 175A8/170D SB TL,NOKIAN,650/65R38,Przemysłowe,Uniwersalne/pozostałe
600/65R38 NOKIAN TRI 2 170A8/166D SB TL,NOKIAN,600/65R38,Przemysłowe,Uniwersalne/pozostałe
540/80R38 NOKIAN TRI 2 172A8/167D SB TL,NOKIAN,540/80R38,Przemysłowe,Uniwersalne/pozostałe
480/80R38 NOKIAN TRI 2 166A8/161D SB TL,NOKIAN,480/80R38,Przemysłowe,Uniwersalne/pozostałe
600/65R34 NOKIAN TRI 2 169A8/164D SB TL,NOKIAN,600/65R34,Przemysłowe,Uniwersalne/pozostałe
480/80R34 NOKIAN TRI 2 164A8/159D SB TL,NOKIAN,480/80R34,Przemysłowe,Uniwersalne/pozostałe
440/80R34 NOKIAN TRI 2 159A8/155D SB TL,NOKIAN,440/80R34,Przemysłowe,Uniwersalne/pozostałe
600/70R30 NOKIAN TRI 2 171A8/166D SB TL,NOKIAN,600/70R30,Przemysłowe,Uniwersalne/pozostałe
540/65R30 NOKIAN TRI 2 161A8/156D SB TL,NOKIAN,540/65R30,Przemysłowe,Uniwersalne/pozostałe
480/80R30 NOKIAN TRI 2 162A8/175D SB TL,NOKIAN,480/80R30,Przemysłowe,Uniwersalne/pozostałe
440/80R30 NOKIAN TRI 2 157A8/153D SB TL,NOKIAN,440/80R30,Przemysłowe,Uniwersalne/pozostałe
540/65R28 NOKIAN TRI 2 160A8/155D SB TL,NOKIAN,540/65R28,Przemysłowe,Uniwersalne/pozostałe
480/65R28 NOKIAN TRI 2 154A8/149D SB TL,NOKIAN,480/65R28,Przemysłowe,Uniwersalne/pozostałe
440/80R28 NOKIAN TRI 2 156A8/151D SB TL,NOKIAN,440/80R28,Przemysłowe,Uniwersalne/pozostałe
400/80R28 NOKIAN TRI 2 151A8/146D SB TL,NOKIAN,400/80R28,Przemysłowe,Uniwersalne/pozostałe
320/85R28 NOKIAN TRI 2 141A8/136D SB TL,NOKIAN,320/85R28,Przemysłowe,Uniwersalne/pozostałe
360/80R28 NOKIAN TRI 2 146A8/142D SB TL,NOKIAN,360/80R28,Przemysłowe,Uniwersalne/pozostałe
540/65R24 NOKIAN TRI 2 158A8/154D SB TL,NOKIAN,540/65R24,Przemysłowe,Uniwersalne/pozostałe
500/70R24 NOKIAN TRI 2 SB,NOKIAN,500/70R24,Przemysłowe,Uniwersalne/pozostałe
460/65R24 NOKIAN TRI 2 156A8/151D SB TL,NOKIAN,460/65R24,Przemysłowe,Uniwersalne/pozostałe
440/80R24 NOKIAN TRI 2 154A8/149D SB TL,NOKIAN,440/80R24,Przemysłowe,Uniwersalne/pozostałe
420/65R24 NOKIAN TRI 2 151A8/146D SB TL,NOKIAN,420/65R24,Przemysłowe,Uniwersalne/pozostałe
400/80R24 NOKIAN TRI 2 149A8/144D SB TL,NOKIAN,400/80R24,Przemysłowe,Uniwersalne/pozostałe
360/80R24 NOKIAN TRI 2 143A8/138D SB TL,NOKIAN,360/80R24,Przemysłowe,Uniwersalne/pozostałe
340/80R24 NOKIAN TRI 2 140A8/135D SB TL,NOKIAN,340/80R24,Przemysłowe,Uniwersalne/pozostałe
300/80R24 NOKIAN TRI 2 133A8/128D SB TL,NOKIAN,300/80R24,Przemysłowe,Uniwersalne/pozostałe
360/80R20 NOKIAN TRI 2 147A8/143D SB TL,NOKIAN,360/80R20,Przemysłowe,Uniwersalne/pozostałe
360/70R20 NOKIAN TRI 2 136A8/131D SB TL,NOKIAN,360/70R20,Przemysłowe,Uniwersalne/pozostałe
340/80R18 NOKIAN TRI 2 143A8/138D SB TL,NOKIAN,340/80R18,Przemysłowe,Uniwersalne/pozostałe
250/80R16 NOKIAN TRI 2 119G SB TL,NOKIAN,250/80R16,Przemysłowe,Uniwersalne/pozostałe
250/75R16 NOKIAN TRI 2 120G SB TL,NOKIAN,250/75R16,Przemysłowe,Uniwersalne/pozostałe
710/75R42 NOKIAN GROUND KING 181D/178E SB TL,NOKIAN,710/75R42,Rolnicze,Uniwersalne/pozostałe
710/70R42 NOKIAN GROUND KING 179D/175E SB TL,NOKIAN,710/70R42,Rolnicze,Uniwersalne/pozostałe
650/65R42 NOKIAN GROUND KING 170D/167E SB TL,NOKIAN,650/65R42,Rolnicze,Uniwersalne/pozostałe
710/70R38 NOKIAN GROUND KING 177D/174E SB TL,NOKIAN,710/70R38,Rolnicze,Uniwersalne/pozostałe
650/85R38 NOKIAN GROUND KING 178D/175E SB TL,NOKIAN,650/85R38,Rolnicze,Uniwersalne/pozostałe
650/65R38 NOKIAN GROUND KING 169D/166E SB TL,NOKIAN,650/65R38,Rolnicze,Uniwersalne/pozostałe
600/65R38 NOKIAN GROUND KING 165D/161E SB TL,NOKIAN,600/65R38,Rolnicze,Uniwersalne/pozostałe
580/70R38 NOKIAN GROUND KING 166D/163E SB TL,NOKIAN,580/70R38,Rolnicze,Uniwersalne/pozostałe
520/70R38 NOKIAN GROUND KING 160D/157E SB TL,NOKIAN,520/70R38,Rolnicze,Uniwersalne/pozostałe
650/65R34 NOKIAN GROUND KING 167D/164E SB TL,NOKIAN,650/65R34,Rolnicze,Uniwersalne/pozostałe
600/70R34 NOKIAN GROUND KING 167D/163E SB TL,NOKIAN,600/70R34,Rolnicze,Uniwersalne/pozostałe
600/65R34 NOKIAN GROUND KING 163D/159E SB TL,NOKIAN,600/65R34,Rolnicze,Uniwersalne/pozostałe
600/70R30 NOKIAN GROUND KING 165D/161E SB TL,NOKIAN,600/70R30,Rolnicze,Uniwersalne/pozostałe
540/65R30 NOKIAN GROUND KING 155D/152E SB TL,NOKIAN,540/65R30,Rolnicze,Uniwersalne/pozostałe
600/70R28 NOKIAN GROUND KING 164D/160E SB TL,NOKIAN,600/70R28,Rolnicze,Uniwersalne/pozostałe
600/65R28 NOKIAN GROUND KING 160D/156E SB TL,NOKIAN,600/65R28,Rolnicze,Uniwersalne/pozostałe
540/65R28 NOKIAN GROUND KING 154D/151E SB TL,NOKIAN,540/65R28,Rolnicze,Uniwersalne/pozostałe
480/65R28 NOKIAN GROUND KING 148D/145E SB TL,NOKIAN,480/65R28,Rolnicze,Uniwersalne/pozostałe
480/70R28 NOKIAN GROUND KING 151D/148E SB TL,NOKIAN,480/70R28,Rolnicze,Uniwersalne/pozostałe
420/70R28 NOKIAN GROUND KING 144D/141E SB TL,NOKIAN,420/70R28,Rolnicze,Uniwersalne/pozostałe
480/70R28 VREDESTEIN TRAXION70 140D TL,VREDESTEIN,480/70R28,Rolnicze,Uniwersalne/pozostałe
23.1-26 CULTOR AS AGRI 07 152A8 18PR TT,CULTOR,23.1-26,Rolnicze,Ciągnik
245/70R19.5 MATADOR HR 4 136/134M 16PR TL M+S 3PMSF,MATADOR,245/70R19.5,Przemysłowe,Uniwersalne/pozostałe
460/85R34 MRL FARM SUPER 85 RRT 885 147A8/147B TL,MRL,460/85R34,Rolnicze,Ciągnik
4.00-16 MRL MTF 222 TWO RIB 69A6/62A8 4PR TT,MRL,4.00-16,Rolnicze,Ciągnik
240/70R16 ALLIANCE 579 104A8/104B,ALLIANCE,240/70R16,Rolnicze,Ciągnik
10.00-20 LASSA EARTH GRIPPER EX 146/143B 16PR TT,LASSA,10.00-20,Przemysłowe,Uniwersalne/pozostałe
8.3-36 CULTOR AS AGRI 10 98A6 6PR TT,CULTOR,8.3-36,Rolnicze,Ciągnik
440/65R28 MITAS AC 65 131D/134A8 TL DEMO,MITAS,440/65R28,Rolnicze,Ciągnik
14.9-26 OZKA KNK 50 140A6 14PR TT,OZKA,14.9-26,Rolnicze,Uniwersalne/pozostałe
12.5/80-18 GTK BT20 144A8 14PR TT,GTK,12.5/80-18,Rolnicze,Ciągnik
6.50-16 GTK AS10 91A6 6PR TT,GTK,6.50-16,Rolnicze,Ciągnik
16X6.50-8 MITAS B-19 6PR TL,MITAS,16x6.50-8,Rolnicze,Kosiarka/ogród
4.00-6 MITAS B-11 6PR TT,MITAS,4.00-6,Rolnicze,Kosiarka/ogród
16.9-26 CULTOR AS AGRI 10 142A6 10PR TT,CULTOR,16.9-26,Rolnicze,Ciągnik
10.0/75-15.3 KABAT IMP-03 130A8 14PR TL,KABAT,10.0/75-15.3,Rolnicze,Przyczepa
7.00-12 MRL MAW 203 AW 95A6/91A8 6PR TL,MRL,7.00-12,Rolnicze,Przyczepa
6.00-12 MRL MRT 302 RT M93 RT 83A6 8PR TT,MRL,6.00-12,Rolnicze,Ciągnik
385/65R22.5 GOODTRIP GTL2 TRAILER 160K 20PR TL M+S 3PMSF,GOODTRIP,385/65R22.5,Ciężarowe,Przyczepa
540/65R28 CONTINENTAL TRACTOR MASTER 142D/145A8 TL,CONTINENTAL,540/65R28,Rolnicze,Uniwersalne/pozostałe
265/70R19.5 BARUM BF200R 140/138M 14PR TL M+S 3PMSF,BARUM,265/70R19.5,Ciężarowe,All position
500/50-17 CEAT FLOTATION T422 145A8/157A8 18PR TL,CEAT,500/50-17,Rolnicze,Przyczepa
315/80R22.5 ROVELO STEER R1 150L/150M 18PR TL,ROVELO,315/80R22.5,Ciężarowe,Oś kierowana
315/60R22.5 ROVELO STEER R1 148L 18PR TL,ROVELO,315/60R22.5,Ciężarowe,Oś kierowana
295/60R22.5 ROVELO DRIVE R1 147L 18PR TL,ROVELO,295/60R22.5,Ciężarowe,Oś napędowa
385/55R22.5 ROVELO TRAILER R1 164K 24PR TL,ROVELO,385/55R22.5,Ciężarowe,Przyczepa
435/50R19.5 WEST LAKE WTL1 160J 3PMSF M+S,WEST LAKE,435/50R19.5,Ciężarowe,Naczepa/przyczepa
385/55R22.5 DUNLOP SP346 160K/158L TL M+S 3PMSF,DUNLOP,385/55R22.5,Ciężarowe,All position
600/40-22.5 MITAS TI-12 169A8 16PR TL,MITAS,600/40-22.5,Przemysłowe,Ładowarka
385/65R22.5 LINGLONG LTL863 160J/158L 20PR TL M+S,LINGLONG,385/65R22.5,Ciężarowe,Naczepa/przyczepa
315/80R22.5 LINGLONG KTD300 156L/154M 20PR TL M+S 3PMSF,LINGLONG,315/80R22.5,Ciężarowe,Oś napędowa
315/70R22.5 LINGLONG -D30 156/150L 18PR TL M+S 3PMSF,LINGLONG,315/70R22.5,Ciężarowe,Oś kierowana
295/60R22.5 LINGLONG KTD300 150/147L 16PR TL M+S 3PMSF,LINGLONG,295/60R22.5,Przemysłowe,Oś napędowa
435/50R19.5 LINGLONG ETT100 160J 20PR TL M+S 3PMSF,LINGLONG,435/50R19.5,Ciężarowe,Naczepa/przyczepa
385/65R22.5 GOODTRIP GHT50 TRAILER 164K 24PR TL M+S 3PMSF,GOODTRIP,385/65R22.5,Ciężarowe,Przyczepa
365/80R20 CONTINENTAL MPT 81 152K TL M+S,CONTINENTAL,365/80R20,Ciężarowe,All position
460/70R24 TRELLEBORG TH400 159A8/159B TL,TRELLEBORG,460/70R24,Rolnicze,Ładowarka
10.0/75-15.3 MITAS IM04 18PR TL,MITAS,10.0/75-15.3,Rolnicze,Przyczepa
500/50R17 MITAS AR-03 IMP UNI SERVICE 149D TL,MITAS,500/50R17,Rolnicze,Uniwersalne/pozostałe
480/65R28 CULTOR RD03 139A8/136D TL,CULTOR,480/65R28,Rolnicze,Ciągnik
11.00-20 MITAS NB38 16PR TT,MITAS,11.00-20,Przemysłowe,Kompaktor
16.0/70-20 MITAS TR09 IND 14PR TL,MITAS,16.0/70-20,Przemysłowe,Koparka
400/70-20 MITAS MPT04 14PR TL,MITAS,400/70-20,Przemysłowe,Maszyny górnicze
10.00-20 MITAS NB38 EXTRA ML 16PR TT,MITAS,10.00-20,Przemysłowe,Kompaktor
340/80-20 MITAS MPT04 12PR TL,MITAS,340/80-20,Przemysłowe,Maszyny górnicze
550/60-22.5 MITAS TR08 16PR TL,MITAS,550/60-22.5,Rolnicze,Przyczepa
15.0/55-17 MITAS TR01 14PR TL,MITAS,15.0/55-17,Rolnicze,Przyczepa
340/80-20 MITAS MPT01 133B TL,MITAS,340/80-20,Przemysłowe,Maszyny górnicze
23.1-26 MITAS TD-01 156A8 14PR TL,MITAS,23.1-26,Rolnicze,Ciągnik
265/70R19.5 CETROC GHT50 TRAILER 143/141K 3PMSF M+S FRONT,CETROC,265/70R19.5,Ciężarowe,Przyczepa
385/65R22.5 SAVA CARGO 5 HL 164K/158L TL M+S 3PMSF,SAVA,385/65R22.5,Ciężarowe,Przyczepa
435/50R19.5 SAVA CARGO 5 160J 3PMSF,SAVA,435/50R19.5,Ciężarowe,Przyczepa
385/55R22.5 SAVA CARGO 5 160K/158L 3PMSF,SAVA,385/55R22.5,Ciężarowe,Przyczepa
315/80R22.5 DUNLOP SP446 156L/154M 3PMSF M+S DRIVE,DUNLOP,315/80R22.5,Ciężarowe,Oś kierowana
VF710/60R42 ALLIANCE AGRIFLEX 372 + 161D TL,ALLIANCE,710/60R42,Rolnicze,Ciągnik
315/80R22.5 CONTINENTAL CONTI HYBRID HS5 156/150L 18PR TL M+S 3PMSF,CONTINENTAL,315/80R22.5,Ciężarowe,Oś kierowana
18.4-30 MITAS TD-13 152A6/144A8 14PR TT,MITAS,18.4-30,Rolnicze,Ciągnik
285/70R19.5 FIRESTONE FD611 145/143M TL M+S 3PMSF,FIRESTONE,285/70R19.5,Ciężarowe,Oś kierowana
VF600/60R30 ALLIANCE AGRIFLEX 372 + 158D TL,ALLIANCE,600/60R30,Rolnicze,Ciągnik
900/60R42 MITAS SFT 180D/183A8 TL SB,MITAS,900/60R42,Rolnicze,Ciągnik
650/75R42 MITAS SFT 165D/168A8 TL SB,MITAS,650/75R42,Rolnicze,Ciągnik
500/85R30 MITAS SFT IMP 176A8/164A8 TL SB,MITAS,500/85R30,Rolnicze,Ciągnik
400/80R28 MITAS HCM IND 151A8/146D TL SB,MITAS,400/80R28,Rolnicze,Uniwersalne/pozostałe
340/85R28 MITAS AC 85 127A8/124B TL,MITAS,340/85R28,Rolnicze,Ciągnik
320/70R24 MITAS AC 70 116A8/116B TL,MITAS,320/70R24,Rolnicze,Ciągnik
375/70R20 MITAS AC 70 MPT 136G TL,MITAS,375/70R20,Rolnicze,Ciągnik
540/65R24 CULTOR RD-03 140D/143A8 TL,CULTOR,540/65R24,Rolnicze,Ciągnik
420/65R24 CULTOR RD-03 129A8/126D TL,CULTOR,420/65R24,Rolnicze,Ciągnik
340/85R24 MRL FARM SUPER 85 RRT 885 125A8 TL,MRL,340/85R24,Rolnicze,Ciągnik
300/95R46 CEAT FARMAX RC 148D/151A8 TL DEMO,CEAT,300/95R46,Rolnicze,Ciągnik
710/70R42 ALLIANCE AGRISTAR II 70 173D TL,ALLIANCE,710/70R42,Rolnicze,Ciągnik
400/60-15.5 BKT AW 708 18PR TL,BKT,400/60-15.5,Rolnicze,Przyczepa
385/55R22.5 LINGLONG LTL863 160J/158L 20PR TL M+S 3PMSF,LINGLONG,385/55R22.5,Ciężarowe,Naczepa/przyczepa
9.5R44 SPEEDWAYS RC-999 134B/134A8 TL,SPEEDWAYS,9.5R44,Rolnicze,Ciągnik
20.8-38 SPEEDWAYS GRIPKING 28PR TT,SPEEDWAYS,20.8-38,Rolnicze,Ciągnik
280/70R20 SPEEDWAYS SR-777 116B/116A8 TL,SPEEDWAYS,280/70R20,Rolnicze,Ciągnik
26X12.00-12 DELI SG-818 100A8/113A8 8PR TL,DELI,26x12.00-12,Rolnicze,Uniwersalne/pozostałe
480/70R28 GRI GREEN XLR EARTH 70 140D/143A8 R-1W TL,GRI,480/70R28,Rolnicze,Ciągnik
420/85R38 GRI GREEN XLR EARTH 85 144D/147A8 R-1W TL,GRI,420/85R38,Rolnicze,Ciągnik
540/65R28 GRI GREEN XLR EARTH 65 149D/152A8 R-1W TL,GRI,540/65R28,Rolnicze,Ciągnik
540/65R30 GRI GREEN XLR 65 150D/153A8 R-1W TL,GRI,540/65R30,Rolnicze,Ciągnik
600/65R28 ALLIANCE AGRISTAR 365 154D/157A8 TL,ALLIANCE,600/65R28,Rolnicze,Ciągnik
14.0/65-16 ALLIANCE 327 150A8 18PR TL,ALLIANCE,14.0/65-16,Rolnicze,Ciągnik
420/85R34 ALLIANCE FARM PRO 142A8 TL,ALLIANCE,420/85R34,Rolnicze,Ciągnik
650/65R42 ALLIANCE 365 AGRISTAR 170D/173A8 TL,ALLIANCE,650/65R42,Rolnicze,Ciągnik
320/85R36 ALLIANCE FARM PRO 128A8 TL,ALLIANCE,320/85R36,Rolnicze,Ciągnik
10.0/75-15.3 BKT AW 909 14PR TL,BKT,10.0/75-15.3,Rolnicze,Przyczepa
25X8.50-14 BKT LG 306 6PR TL,BKT,25x8.50-14,Rolnicze,Kosiarka/ogród
520/85R38 OZKA AGROLOX 155A8/155B TL,OZKA,520/85R38,Rolnicze,Ciągnik
480/70R34 OZKA AGROLOX 143D/146A8 TL,OZKA,480/70R34,Rolnicze,Ciągnik
480/70R34 OZKA AGRO 10 143A8/143B TL,OZKA,480/70R34,Rolnicze,Ciągnik
650/75R32 OZKA AGRO 11 172A8/172B TL,OZKA,650/75R32,Rolnicze,Ciągnik
540/65R28 OZKA AGROLOX 152A8/149D TL,OZKA,540/65R28,Rolnicze,Ciągnik
20.8-38 OZKA KNK 50 162A6 16PR TT,OZKA,20.8-38,Przemysłowe,Uniwersalne/pozostałe
14.9-24 OZKA KNK 50 131A6 10PR TT,OZKA,14.9-24,Rolnicze,Uniwersalne/pozostałe
11.2-20 OZKA KNK 50 113A6 8PR TT,OZKA,11.2-20,Rolnicze,Uniwersalne/pozostałe
500/50-17 OZKA KNK 46 157A8 18PR TL,OZKA,500/50-17,Rolnicze,Ciągnik
6.50-16 OZKA KNK 33 97A6 8PR TT,OZKA,6.50-16,Rolnicze,Uniwersalne/pozostałe
17.5L-24 OZKA IND 80 R-4 154A8 14PR TL,OZKA,17.5L-24,Rolnicze,Ładowarka
405/70-20 OZKA IND 80 R-4 166A2 16PR TL,OZKA,405/70-20,Przemysłowe,Ładowarka
300/95R46 GTK RS200 148A8/148B TL,GTK,300/95R46,Rolnicze,Ciągnik
270/95R42 GTK RS200 141A8 TL,GTK,270/95R42,Rolnicze,Ciągnik
520/85R38 GTK RS200 155A8/152B TL,GTK,520/85R38,Rolnicze,Ciągnik
340/85R28 GTK RS200 127A8/124B TL,GTK,340/85R28,Rolnicze,Ciągnik
18.4-34 GTK AS100 159A6 16PR TT,GTK,18.4-34,Przemysłowe,Uniwersalne/pozostałe
6.50-16 GTK AS10 97A6 8PR TT,GTK,6.50-16,Rolnicze,Ciągnik
5.00-12 GTK BT44 62A6 4PR TT,GTK,5.00-12,Rolnicze,Przyczepa
15X6.00-6 MITAS B-19 6PR TL,MITAS,15x6.00-6,Rolnicze,Kosiarka/ogród
13.6-24 CULTOR AS AGRI 13 120A8/123A6 8PR TT,CULTOR,13.6-24,Rolnicze,Ciągnik
420/85R28 MRL FARM XTREME 85 RRT500 139D TL,MRL,420/85R28,Rolnicze,Ciągnik
23.1-26 MRL MRT 329 KIRTI 153A6/149A8 12PR TL,MRL,23.1-26,Rolnicze,Uniwersalne/pozostałe
11.5/80-15.3 MRL MIM 374 141A6/135A8 12PR TL,MRL,11.5/80-15.3,Rolnicze,Przyczepa
15X6.00-6 MRL MG 54 Z-WIDE 70A4 6PR TL,MRL,15x6.00-6,Rolnicze,Kosiarka/ogród
215/75R17.5 CEAT WINSUPER-X3-D 135/133K 16PR TL M+S 3PMSF,CEAT,215/75R17.5,Przemysłowe,Oś napędowa
385/55R22.5 CONTINENTAL CONTI ECO HS5 162K 20PR TL M+S 3PMSF,CONTINENTAL,385/55R22.5,Ciężarowe,Oś kierowana
315/60R22.5 CONTINENTAL HSL2+ ECO-PLUS 152/148L 20PR TL,CONTINENTAL,315/60R22.5,Ciężarowe,Uniwersalne/pozostałe
295/80R22.5 CONTINENTAL CONTI COACH HA3 154/149M 16PR TL M+S 3PMSF,CONTINENTAL,295/80R22.5,Przemysłowe,Uniwersalne/pozostałe
18.4R38 SPEEDWAYS SR-888 149A8/149B TL,SPEEDWAYS,18.4R38,Rolnicze,Ciągnik
14.9-26 SPEEDWAYS GRIPKING 12PR TT,SPEEDWAYS,14.9-26,Rolnicze,Ciągnik
12.5/80-18 SPEEDWAYS MPT 12PR TL,SPEEDWAYS,12.5/80-18,Przemysłowe,Ładowarka
16.9-28 SPEEDWAYS GRIPKING 12PR TT,SPEEDWAYS,16.9-28,Rolnicze,Ciągnik
9.5-24 SPEEDWAYS GRIPKING 8PR TT,SPEEDWAYS,9.5-24,Rolnicze,Ciągnik
315/80R22.5 CETROC GHA20 154/151M 3PMSF M+S FRONT,CETROC,315/80R22.5,Ciężarowe,Oś kierowana
12.5-20 MITAS MPT03 132G 12PR TL,MITAS,12.5-20,Przemysłowe,Maszyny górnicze
295/80R22.5 FIRESTONE FD624 152M/148M 3PMSF DRIVE,FIRESTONE,295/80R22.5,Ciężarowe,Oś kierowana
385/55R19.5 CONTINENTAL HT3+ CONTI HYBRID 156J 3PMSF M+S,CONTINENTAL,385/55R19.5,Ciężarowe,Naczepa/przyczepa
385/55R22.5 CONTINENTAL CONTI ECO HS 5 162K/158L 3PMSF M+S HS FRONT,CONTINENTAL,385/55R22.5,Ciężarowe,Oś kierowana
18X9.50-8 TRELLEBORG DRIVER 4PR TL,TRELLEBORG,18x9.50-8,Rolnicze,Kosiarka/ogród
16.9-34 OZKA KNK 50 148A6 14PR TT,OZKA,16.9-34,Rolnicze,Uniwersalne/pozostałe
8.25-20 OZKA KNK 25 133A6 14PR TT,OZKA,8.25-20,Rolnicze,Uniwersalne/pozostałe
7.50-16 OZKA KNK 33 98A6 6PR TT,OZKA,7.50-16,Rolnicze,Uniwersalne/pozostałe
16.0/70-20 OZKA IND 88 R-4 166A2 16PR TL,OZKA,16.0/70-20,Przemysłowe,Ładowarka
11.2-20 GTK AS100 113A6 8PR TT,GTK,11.2-20,Rolnicze,Ciągnik
8.25-20 GTK TN50 133A6 14PR TT,GTK,8.25-20,Rolnicze,Przyczepa
14.9-28 MITAS TD-19 130A6/122A8 8PR TT,MITAS,14.9-28,Rolnicze,Ciągnik
7.50-20 MITAS TF-03 103A6/96A8 6PR TT,MITAS,7.50-20,Rolnicze,Ciągnik
295/60R22.5 LINGLONG ETD100 150/147K 16PR TL M+S 3PMSF,LINGLONG,295/60R22.5,Przemysłowe,Oś napędowa
245/70R17.5 LINGLONG L-D20 136/134M 16PR TL M+S 3PMSF,LINGLONG,245/70R17.5,Przemysłowe,Uniwersalne/pozostałe
18X8.50-8 KABAT IMP-06 IMPLEMENT LINIOWA 82A4 6PR TL,KABAT,18x8.50-8,Rolnicze,Przyczepa
13R22.5 MIRAGE MG768 NAPĘD 156/152G 20PR M+S,MIRAGE,13R22.5,Ciężarowe,All position
380/70R24 MRL FARM MAXX 70 RRT 770 125A8/125B TL,MRL,380/70R24,Rolnicze,Ciągnik
26X12.00-12 MRL MTR 601 116A3 8PR TL,MRL,26x12.00-12,Rolnicze,Przyczepa
235/75R17.5 GOODTRIP GHA20 143/141K 16PR TL M+S 3PMSF,GOODTRIP,235/75R17.5,Przemysłowe,Uniwersalne/pozostałe
445/45R19.5 HANKOOK TH31 SMART FLEX 164J 3PMSF M+S,HANKOOK,445/45R19.5,Ciężarowe,Naczepa/przyczepa
12.4-24 KABAT SGP-04 123A6 10PR TT,KABAT,12.4-24,Rolnicze,Ciągnik
18X8.50-8 KABAT IMP-06 IMPLEMENT LINIOWA 82A4 6PR TT,KABAT,18x8.50-8,Rolnicze,Przyczepa
265/70R17.5 GOODYEAR KMAX 139/136M TL M+S 3PMSF,GOODYEAR,265/70R17.5,Ciężarowe,Oś kierowana
29.5-29 NOKIAN MINE KING L-5S 40PR TL,NOKIAN,29.5-29,Przemysłowe,Maszyny górnicze
26.5-25 NOKIAN MINE KING L-5S 36PR TL,NOKIAN,26.5-25,Przemysłowe,Maszyny górnicze
17.5-25 NOKIAN MINE KING L-5S 34PR TL,NOKIAN,17.5-25,Przemysłowe,Maszyny górnicze
17.5-25 NOKIAN MINE KING L-5S 24PR TL,NOKIAN,17.5-25,Przemysłowe,Maszyny górnicze
26.5-26 NOKIAN MINE L-3S 36PR TL,NOKIAN,26.5-26,Przemysłowe,Uniwersalne/pozostałe
24.5-32 NOKIAN LOGGER KING TRS-2 TL SF 20PR TL,NOKIAN,24.5-32,Leśne,Skidder
23.1-26 NOKIAN LOGGER KING TRS-2 TL SF 16PR TL,NOKIAN,23.1-26,Leśne,Skidder
340/85R38 ALLIANCE AGRI STAR II 133D STUBBLE GUARD TL,ALLIANCE,340/85R38,Rolnicze,Uniwersalne/pozostałe
340/85R36 ALLIANCE AGRI STAR II 132D TL,ALLIANCE,340/85R36,Rolnicze,Ciągnik
500/50R17 ALLIANCE 882 149D TL,ALLIANCE,500/50R17,Rolnicze,Przyczepa
10.00-20 CEAT MPT 602 146D 16PR TT,CEAT,10.00-20,Rolnicze,Ciągnik
340/85R24 CEAT FARMAX R85 128A8/125D TL,CEAT,340/85R24,Rolnicze,Ciągnik
IF710/70R38 CEAT TORQUEMAX 178D TL,CEAT,710/70R38,Rolnicze,Ciągnik
IF600/70R30 CEAT TORQUEMAX 165D TL,CEAT,600/70R30,Rolnicze,Ciągnik
600/65R38 CEAT FARMAX R65 153D TL,CEAT,600/65R38,Rolnicze,Ciągnik
800/65R32 CHO CEAT YIELDMAX 181A8/181B SB TL,CEAT,800/65R32,Rolnicze,Kombajn
620/75R26 CHO CEAT YIELDMAX 166A8/166B TL,CEAT,620/75R26,Rolnicze,Kombajn
270/95R54 CEAT FARMAX RC 149A8/146D TL,CEAT,270/95R54,Rolnicze,Ciągnik
560/45R22.5 CEAT FLOATMAX FT 152D SB TL,CEAT,560/45R22.5,Rolnicze,Przyczepa
550/45-22.5 CEAT FLOTATION T422 154A8/166A8 20PR TL,CEAT,550/45-22.5,Rolnicze,Przyczepa
VF520/60R28 NRO CEAT TORQUEMAX 149D SB TL,CEAT,520/60R28,Rolnicze,Ciągnik
365/70R18 CHO CEAT LOADPRO HARD SURFACE 142A8/142B SB TL,CEAT,365/70R18,Rolnicze,Ciągnik
380/90R50 ALLIANCE AGRISTAR II ROW CROP 158D/155E TL,ALLIANCE,380/90R50,Rolnicze,Ciągnik
500/50R17 CEAT FARM IMPLEMENT 800R 151D SB TL,CEAT,500/50R17,Rolnicze,Przyczepa
650/65R38 CEAT FARMAX R65 X3 163D TL,CEAT,650/65R38,Rolnicze,Ciągnik
VF320/90R50 CEAT SPRAYMAX 169D SB TL,CEAT,320/90R50,Rolnicze,Opryskiwacz
VF420/95R50 CEAT SPRAYMAX 177D SB TL,CEAT,420/95R50,Rolnicze,Opryskiwacz
750/60R30.5 CEAT FLOATMAX FT 181D SB TL,CEAT,750/60R30.5,Rolnicze,Przyczepa
710/50R30.5 CEAT FLOATMAX FT 173D SB TL,CEAT,710/50R30.5,Rolnicze,Przyczepa
280/85R24 CEAT FARMAX R85 118A8/115D TL,CEAT,280/85R24,Rolnicze,Ciągnik
320/85R36 CEAT FARMAX R85 131A8/128D TL,CEAT,320/85R36,Rolnicze,Ciągnik
320/85R32 CEAT FARMAX R85 145A8/142D TL,CEAT,320/85R32,Rolnicze,Ciągnik
VF600/65R28 NRO CEAT TORQUEMAX 163D SB TL,CEAT,600/65R28,Rolnicze,Ciągnik
320/85R36 ALLIANCE AGRISTAR II 85 128D TL,ALLIANCE,320/85R36,Rolnicze,Ciągnik
18X8.50-10 JOURNEY P332 4PR TL,JOURNEY,18x8.50-10,Rolnicze,Uniwersalne/pozostałe
24X12.00-12 JOURNEY P332 118A3 8PR TL,JOURNEY,24x12.00-12,Rolnicze,Uniwersalne/pozostałe
22X10.00-10 JOURNEY P332 97A3 6PR TL,JOURNEY,22x10.00-10,Rolnicze,Uniwersalne/pozostałe
900/60R42 TRELLEBORG TM 900HP 180D TL,TRELLEBORG,900/60R42,Rolnicze,Ciągnik
710/60R34 TRELLEBORG TM 900 HP 164A8/161D TL,TRELLEBORG,710/60R34,Rolnicze,Ciągnik
27X8.50-15 JOURNEY P332 6PR TL,JOURNEY,27x8.50-15,Przemysłowe,Uniwersalne/pozostałe
16X6.50-8 JOURNEY P508A 6PR TL,JOURNEY,16x6.50-8,Rolnicze,Uniwersalne/pozostałe
20X10.00-8 JOURNEY P332 87A3 4PR TL,JOURNEY,20x10.00-8,Rolnicze,Uniwersalne/pozostałe
315/70R22.5 MICHELIN X MULTI ENERGY D2 156/150L 3PMSF M+S DRIVE,MICHELIN,315/70R22.5,Ciężarowe,Oś napędowa
12.4-28 ALLIANCE 324 12PR TT,ALLIANCE,12.4-28,Rolnicze,Uniwersalne/pozostałe
300/75R18 ALLIANCE 580 142A8/142B TL,ALLIANCE,300/75R18,Rolnicze,Ciągnik
385/65R22.5 MICHELIN X MULTI T 160K 3PMSF,MICHELIN,385/65R22.5,Ciężarowe,Uniwersalne/pozostałe
VF620/70R30 ALLIANCE AGRIFLEX 372 + 175D TL,ALLIANCE,620/70R30,Rolnicze,Ciągnik
385/65R22.5 CONTINENTAL CONTI CROSSTRAC HS3 160K/158L 3PMSF FRONT,CONTINENTAL,385/65R22.5,Ciężarowe,Oś kierowana
385/65R22.5 CONTINENTAL CONTI HYBRID HS5 164K 20PR TL M+S 3PMSF,CONTINENTAL,385/65R22.5,Ciężarowe,Oś kierowana
315/70R22.5 CONTINENTAL CONTI HYBRID HS5 156/150L 20PR TL M+S 3PMSF,CONTINENTAL,315/70R22.5,Ciężarowe,Oś kierowana
270/95R44 OZKA AGRO 10 142A8/142B TL,OZKA,270/95R44,Rolnicze,Ciągnik
270/95R36 OZKA AGRO 10 139A8/139B TL,OZKA,270/95R36,Rolnicze,Ciągnik
480/70R26 OZKA AGRO 10 139A8/139B TL,OZKA,480/70R26,Rolnicze,Ciągnik
260/70R20 OZKA AGRO 10 113A8/113B TL,OZKA,260/70R20,Rolnicze,Ciągnik
15.5-38 OZKA KNK 50 141A6 12PR TT,OZKA,15.5-38,Rolnicze,Uniwersalne/pozostałe
23.1-30 OZKA KNK 50 160A6 18PR TL,OZKA,23.1-30,Rolnicze,Ciągnik
18.4-30 OZKA KNK 50 154A6 14PR TT,OZKA,18.4-30,Rolnicze,Uniwersalne/pozostałe
14.9-24 OZKA KNK 50 128A6 8PR TT,OZKA,14.9-24,Rolnicze,Uniwersalne/pozostałe
11.2-24 OZKA KNK 55 116A6 8PR TT,OZKA,11.2-24,Rolnicze,Uniwersalne/pozostałe
16.0/70-20 OZKA IND 80 R-4 166A2 16PR TL,OZKA,16.0/70-20,Przemysłowe,Ładowarka
650/75R32 GTK RS220 172A8/172B TL,GTK,650/75R32,Rolnicze,Ciągnik
540/65R30 GTK AGR ALFA 150D/153A8 TL,GTK,540/65R30,Rolnicze,Ciągnik
600/65R28 GTK RS200 157A8/154D TL,GTK,600/65R28,Rolnicze,Ciągnik
540/65R28 GTK RS200 152A8/149D TL,GTK,540/65R28,Rolnicze,Ciągnik
250/85R28 GTK RS200 112A8/112B TL,GTK,250/85R28,Rolnicze,Ciągnik
6.00-16 GTK AS100 93A6 8PR TT,GTK,6.00-16,Rolnicze,Ciągnik
6.00-16 GTK AS14 93A6 8PR TT,GTK,6.00-16,Rolnicze,Ciągnik
285/70R19.5 LINGLONG KLS200 146/144M 18PR TL M+S 3PMSF,LINGLONG,285/70R19.5,Ciężarowe,Oś kierowana
315/70R22.5 HANKOOK DL20W 154/150L M+S 3PMSF,HANKOOK,315/70R22.5,Ciężarowe,Oś napędowa
315/70R22.5 GOODYEAR EQMAX RFID 154L/152M TL M+S 3PMSF,GOODYEAR,315/70R22.5,Ciężarowe,Oś kierowana
425/65R22.5 BARUM BT44 165K 20PR TL M+S,BARUM,425/65R22.5,Ciężarowe,Oś kierowana
500/60-26.5 ALLIANCE 331 165A8/161B 16PR TL,ALLIANCE,500/60-26.5,Rolnicze,Ciągnik
620/55R26 MITAS SFT 168A8/150A8 TL DEMO,MITAS,620/55R26,Rolnicze,Ciągnik
420/85R34 VREDESTEIN TRAXION85 II 142A8/142B TL,VREDESTEIN,420/85R34,Rolnicze,Ciągnik
18.4-26 MITAS TI-06 INDUST 156A8 12PR TL,MITAS,18.4-26,Rolnicze,Ciągnik
420/85R34 CULTOR RD-01 142A8/139B TL,CULTOR,420/85R34,Rolnicze,Ciągnik
385/55R22.5 LINGLONG W-S60 160K/158L 20PR TL M+S 3PMSF,LINGLONG,385/55R22.5,Ciężarowe,Uniwersalne/pozostałe
385/55R22.5 LINGLONG LTL863 160J/158L 20PR TL M+S 3PMSF,LINGLONG,385/55R22.5,Ciężarowe,Naczepa/przyczepa
315/60R22.5 LINGLONG KTS300 152/148L 16PR TL M+S 3PMSF,LINGLONG,315/60R22.5,Przemysłowe,Oś kierowana
305/70R19.5 LINGLONG KLS200 18PR TL M+S 3PMSF,LINGLONG,305/70R19.5,Ciężarowe,Oś kierowana
230/95R48 MRL RC 950 SPRAYER 137A8/134D TL,MRL,230/95R48,Rolnicze,Opryskiwacz
320/85R28 MRL FARM XTREME 85 RRT500 124D TL,MRL,320/85R28,Rolnicze,Ciągnik
600/55-22.5 MRL PRINCE 338 FLOTATION 169A8/166B 16PR TL,MRL,600/55-22.5,Przemysłowe,Przyczepa
9.50-16 MRL MIM 374 100A6/98A8 8PR TT,MRL,9.50-16,Rolnicze,Uniwersalne/pozostałe
385/55R22.5 SAVA AVANT 5 160K/158L TL M+S 3PMSF,SAVA,385/55R22.5,Ciężarowe,Oś kierowana
295/60R22.5 DUNLOP SP346 150K/149L TL M+S 3PMSF,DUNLOP,295/60R22.5,Ciężarowe,Oś kierowana
265/70R17.5 GOODYEAR KMAX 139/136M TL M+S 3PMSF,GOODYEAR,265/70R17.5,Ciężarowe,Oś kierowana
215/75R17.5 GOODYEAR KMAX 128/126M TL M+S 3PMSF,GOODYEAR,215/75R17.5,Ciężarowe,Oś kierowana
385/55R22.5 FULDA REGIOCONTROL 3 160K/158L TL M+S 3PMSF,FULDA,385/55R22.5,Ciężarowe,Oś kierowana
385/65R22.5 CELESTIS CTH2 164K/158L 20PR TL M+S 3PMSF,CELESTIS,385/65R22.5,Ciężarowe,All position
315/80R22.5 CELESTIS CDL4+ 156/150L 18PR TL M+S 3PMSF,CELESTIS,315/80R22.5,Ciężarowe,Oś napędowa
315/80R22.5 CELESTIS CUH2 156/150L 18PR TL M+S 3PMSF,CELESTIS,315/80R22.5,Ciężarowe,Oś kierowana
315/80R22.5 CELESTIS CDC1 156/150K 18PR TL M+S 3PMSF,CELESTIS,315/80R22.5,Ciężarowe,Oś napędowa
205/70R15 CONTINENTAL HTR 124/122K 14PR TT,CONTINENTAL,205/70R15,Rolnicze,Uniwersalne/pozostałe
295/80R22.5 FIRESTONE FD622+ 152/148M TL M+S 3PMSF,FIRESTONE,295/80R22.5,Ciężarowe,Oś napędowa
315/70R22.5 WEST LAKE WSL2 156L/150L 3PMSF M+S FRONT,WEST LAKE,315/70R22.5,Ciężarowe,Oś kierowana
245/70R17.5 WEST LAKE WSA2 136M/134M 3PMSF M+S FRONT,WEST LAKE,245/70R17.5,Ciężarowe,Oś kierowana
295/80R22.5 WEST LAKE WSA2 154/149L 3PMSF M+S FRONT,WEST LAKE,295/80R22.5,Ciężarowe,Oś kierowana
710/45-26.5 ALLIANCE FORESTAR 644 III 175A2/168A8 20PR SB TT,ALLIANCE,710/45-26.5,Leśne,Forwarder/Harwester
385/65R22.5 GOODYEAR EQMAX S ULT 164K/158L 3PMSF M+S FRONT,GOODYEAR,385/65R22.5,Ciężarowe,Oś kierowana
650/55R26.5 ALLIANCE 590 177D TL,ALLIANCE,650/55R26.5,Rolnicze,Przyczepa
600/55R26.5 ALLIANCE 590 173D TL,ALLIANCE,600/55R26.5,Leśne,Przyczepa
280/70R16 ALLIANCE 579 112A8 TL,ALLIANCE,280/70R16,Rolnicze,Ciągnik
315/70R22.5 MICHELIN X LINE ENERGY 2D 154/150L 3PMSF DRIVE,MICHELIN,315/70R22.5,Ciężarowe,Oś napędowa
12.4-28 ALLIANCE AGRI NOVA 123A8 8PR TT,ALLIANCE,12.4-28,Rolnicze,Ciągnik
16.0/70-20 ALLIANCE 320 12PR TT,ALLIANCE,16.0/70-20,Rolnicze,Uniwersalne/pozostałe
14.5-20 ALLIANCE 317 MPT 14PR TL,ALLIANCE,14.5-20,Przemysłowe,Uniwersalne/pozostałe
295/80R22.5 HANKOOK AH51 154/149M 3PMSF M+S FRONT,HANKOOK,295/80R22.5,Ciężarowe,Oś kierowana
315/80R22.5 HANKOOK DM09 SMART WORK 156/150K 3PMSF M+S DRIVE,HANKOOK,315/80R22.5,Ciężarowe,Oś napędowa
265/70R19.5 HANKOOK DH35 140/138M DRIVE,HANKOOK,265/70R19.5,Ciężarowe,Oś napędowa
305/70R19.5 HANKOOK AH35 148/145M 3PMSF M+S FRONT,HANKOOK,305/70R19.5,Ciężarowe,Oś kierowana
265/70R19.5 MICHELIN X MULTI Z2 140/138M 3PMSF,MICHELIN,265/70R19.5,Ciężarowe,Oś napędowa
385/55R22.5 KUMHO LS23 160K 3PMSF FRONT,KUMHO,385/55R22.5,Ciężarowe,Oś kierowana
315/60R22.5 MICHELIN X MULTI Z 154/148L 3PMSF,MICHELIN,315/60R22.5,Ciężarowe,Uniwersalne/pozostałe
435/50R19.5 CONTINENTAL HT3+ CONTI HYBRID 160J 3PMSF M+S,CONTINENTAL,435/50R19.5,Ciężarowe,Naczepa/przyczepa
445/45R19.5 CONTINENTAL CONTI HYBRID HT3+ 160J 22PR 3PMSF M+S,CONTINENTAL,445/45R19.5,Ciężarowe,Naczepa/przyczepa
16.9-28 OZKA KNK 50 143A6 14PR TT,OZKA,16.9-28,Rolnicze,Uniwersalne/pozostałe
14.9-24 OZKA KNK 50 137A6 14PR TT,OZKA,14.9-24,Rolnicze,Uniwersalne/pozostałe
13.6-24 OZKA KNK 50 129A6 12PR TT,OZKA,13.6-24,Rolnicze,Uniwersalne/pozostałe
9.00-20 OZKA KNK 22 133A6 14PR TT,OZKA,9.00-20,Rolnicze,Uniwersalne/pozostałe
6.00-16 OZKA KNK 30 88A6 6PR TT,OZKA,6.00-16,Rolnicze,Uniwersalne/pozostałe
315/70R22.5 MICHELIN MULTI ENERGY 156/150L TL M+S 3PMSF,MICHELIN,315/70R22.5,Ciężarowe,Uniwersalne/pozostałe
315/70R22.5 MATADOR HR 5 156/150L 20PR TL M+S 3PMSF,MATADOR,315/70R22.5,Ciężarowe,Oś kierowana
385/65R22.5 LINGLONG M-A40 164J 24PR TL M+S 3PMSF,LINGLONG,385/65R22.5,Ciężarowe,All position
295/80R22.5 MIRAGE MG121 PROWADZĄCA 154/149L 20PR M+S 3PMSF,MIRAGE,295/80R22.5,Ciężarowe,All position
11.2-20 MRL MRT 329 KIRTI 111A6/107A8 8PR TT,MRL,11.2-20,Rolnicze,Uniwersalne/pozostałe
10.0/75-15.3 MRL MAW 200 IMPLEMENT 130A6/126A8 14PR TL,MRL,10.0/75-15.3,Rolnicze,Przyczepa
385/65R22.5 CELESTIS CTH2 164K/158L 20PR TL M+S 3PMSF,CELESTIS,385/65R22.5,Ciężarowe,All position
260/70R16 CEAT LAWNMAX 109A8/109B TL,CEAT,260/70R16,Rolnicze,Kosiarka/ogród
280/70R16 CEAT LAWNMAX 112A8/112B TL,CEAT,280/70R16,Rolnicze,Kosiarka/ogród
VF900/60R42 CEAT TORQUEMAX 189D SB TL,CEAT,900/60R42,Rolnicze,Ciągnik
800/45R26.5 CEAT FLOATMAX FT 174D SB TL,CEAT,800/45R26.5,Rolnicze,Przyczepa
280/70R16 CEAT FARMAX R70 115A8/112D TL,CEAT,280/70R16,Rolnicze,Ciągnik
380/85R30 CEAT FARMAX R85 138A8/135D TL,CEAT,380/85R30,Rolnicze,Ciągnik
420/85R30 CEAT FARMAX R85 150A8/147D TL,CEAT,420/85R30,Rolnicze,Ciągnik
320/85R24 CEAT FARMAX R85 125A8/122D TL,CEAT,320/85R24,Rolnicze,Ciągnik
405/70-20 MITAS MPT 01 152B 16PR TL DEMO,MITAS,405/70-20,Przemysłowe,Ciągnik
710/70R38 TRELLEBORG TM 800 PT 166D TL,TRELLEBORG,710/70R38,Rolnicze,Ciągnik
280/85R24 TRELLEBORG TM 600 115A8/112B TL DEMO,TRELLEBORG,280/85R24,Rolnicze,Ciągnik
540/65R30 TRELLEBORG TM 800 PT 143D TL,TRELLEBORG,540/65R30,Rolnicze,Ciągnik
480/70R34 TVS EUROGRIP AR700 143D TL DEMO,TVS,480/70R34,Rolnicze,Uniwersalne/pozostałe
380/70R24 TVS EUROGRIP AR700 125D TL DEMO,TVS,380/70R24,Rolnicze,Uniwersalne/pozostałe
250/85R20 CEAT FARMAX R85 119A8/116D TL,CEAT,250/85R20,Rolnicze,Ciągnik
460/70R24 MICHELIN XMCL 159A8/159B TL DEMO,MICHELIN,460/70R24,Przemysłowe,Uniwersalne/pozostałe
800/65R32 CEAT YIELDMAX SB 181A8/181B TL SB,CEAT,800/65R32,Rolnicze,Kombajn
360/70R24 ALLIANCE AGRISTAR II 70 122D TL,ALLIANCE,360/70R24,Rolnicze,Ciągnik
320/85R24 ALLIANCE AGRISTAR II 85 142D TL,ALLIANCE,320/85R24,Rolnicze,Ciągnik
340/85R38 ALLIANCE AGRISTAR II 85 133D TL,ALLIANCE,340/85R38,Rolnicze,Ciągnik
23X8.50-12 BKT SKID POWER HD 6PR TL,BKT,23x8.50-12,Przemysłowe,Ładowarka
10.0/75-15.3 BKT AS 504 18PR TL,BKT,10.0/75-15.3,Rolnicze,Uniwersalne/pozostałe
10.0/75-15.3 BKT AW 909 10PR TL,BKT,10.0/75-15.3,Rolnicze,Przyczepa
16.0/70-20 BKT AS 504 14PR TL,BKT,16.0/70-20,Przemysłowe,Uniwersalne/pozostałe
710/50R26.5 ALLIANCE 885 170D TL,ALLIANCE,710/50R26.5,Rolnicze,Przyczepa
540/65R38 MITAS AC 65 147D/150A8 TL DEMO,MITAS,540/65R38,Rolnicze,Ciągnik
540/65R30 MRL FARM XTREME 65 RRT500 150D/153A8 TL,MRL,540/65R30,Rolnicze,Ciągnik
460/70R24 TRELLEBORG TH 400 159A8/159B TL,TRELLEBORG,460/70R24,Rolnicze,Ładowarka
230/95R44 OZKA AGRO 10 132A8/132B TL,OZKA,230/95R44,Rolnicze,Ciągnik
650/65R42 OZKA AGRO 10 168A8/165D TL,OZKA,650/65R42,Rolnicze,Ciągnik
230/95R42 OZKA AGRO 10 136A8/133D TL,OZKA,230/95R42,Rolnicze,Ciągnik
800/65R32 OZKA AGRO 10 178A8/175B TL,OZKA,800/65R32,Rolnicze,Ciągnik
540/65R30 OZKA AGRO 10 153A8/150D TL,OZKA,540/65R30,Rolnicze,Ciągnik
480/65R28 OZKA AGRO 10 145A8/142D TL,OZKA,480/65R28,Rolnicze,Ciągnik
340/85R28 OZKA AGRO 10 127A8/124B TL,OZKA,340/85R28,Rolnicze,Ciągnik
480/65R24 OZKA AGROLOX 133D/136A8 TL,OZKA,480/65R24,Rolnicze,Ciągnik
440/65R24 OZKA AGRO 10 131A8/128D TL,OZKA,440/65R24,Rolnicze,Ciągnik
560/45R22.5 OZKA AGRIGOR20 152D TL,OZKA,560/45R22.5,Ciężarowe,Uniwersalne/pozostałe
18.4-34 OZKA KNK 50 146A6 10PR TT,OZKA,18.4-34,Rolnicze,Uniwersalne/pozostałe
18.4-30 OZKA KNK 50 145A6 10PR TT,OZKA,18.4-30,Rolnicze,Uniwersalne/pozostałe
14.9-30 OZKA KNK 50 136A6 10PR TT,OZKA,14.9-30,Rolnicze,Uniwersalne/pozostałe
15.5/80-24 OZKA KNK 50 163A6 16PR TL,OZKA,15.5/80-24,Przemysłowe,Uniwersalne/pozostałe
13.6-24 OZKA KNK 50 129A6 12PR TT,OZKA,13.6-24,Rolnicze,Uniwersalne/pozostałe
9.00-20 OZKA KNK 22 133A6 14PR TT,OZKA,9.00-20,Rolnicze,Uniwersalne/pozostałe
7.50-20 OZKA KNK 32 108A6 8PR TT,OZKA,7.50-20,Rolnicze,Uniwersalne/pozostałe
6.00-19 OZKA KNK 33 93A6 6PR TT,OZKA,6.00-19,Rolnicze,Uniwersalne/pozostałe
13.0/65-18 OZKA KNK 48 144A8 16PR TT,OZKA,13.0/65-18,Przemysłowe,Uniwersalne/pozostałe
11.00-16 OZKA KNK 35 118A6 8PR TT,OZKA,11.00-16,Rolnicze,Uniwersalne/pozostałe
10.00-16 OZKA KNK 35 115A6 8PR TT,OZKA,10.00-16,Rolnicze,Uniwersalne/pozostałe
7.50-16 OZKA KNK 50 103A6 8PR TT,OZKA,7.50-16,Rolnicze,Uniwersalne/pozostałe
6.50-16 OZKA KNK 50 97A6 8PR TT,OZKA,6.50-16,Rolnicze,Uniwersalne/pozostałe
6.00-16 OZKA KNK 30 88A6 6PR TT,OZKA,6.00-16,Rolnicze,Uniwersalne/pozostałe
7.50-15 OZKA KNK 50 99A6 8PR TT,OZKA,7.50-15,Rolnicze,Uniwersalne/pozostałe
16.9-30 OZKA IND 80 R-4 156A8 16PR TL,OZKA,16.9-30,Przemysłowe,Ładowarka
10.00-20 OZKA KNK 44 146A8/143A8 16PR TT,OZKA,10.00-20,Przemysłowe,Uniwersalne/pozostałe
14.9-26 GTK AS100 140A6 14PR TT,GTK,14.9-26,Rolnicze,Uniwersalne/pozostałe
15.5/80-24 GTK AS100 163A6 16PR TL,GTK,15.5/80-24,Przemysłowe,Uniwersalne/pozostałe
13.6-24 GTK AS100 129A6 12PR TT,GTK,13.6-24,Rolnicze,Uniwersalne/pozostałe
500/50-17 GTK BT22 157A8 18PR TL,GTK,500/50-17,Rolnicze,Uniwersalne/pozostałe
6.50-16 GTK AS14 91A6 6PR TT,GTK,6.50-16,Rolnicze,Ciągnik
405/70-24 GTK LD90 169A2 16PR TL,GTK,405/70-24,Przemysłowe,Ładowarka
460/85R30 MITAS AC 85 145A8/145B TL,MITAS,460/85R30,Rolnicze,Ciągnik
500/50-17 MITAS IM-07 149A8 14PR TL,MITAS,500/50-17,Rolnicze,Przyczepa
10.0/80-12 MITAS IM-04 117A8 10PR TL,MITAS,10.0/80-12,Rolnicze,Przyczepa
440/80-30 MITAS TI 09 INDUST 154A8 14PR TL,MITAS,440/80-30,Rolnicze,Ciągnik
405/70-24 MITAS MPT-01 152B 14PR TL,MITAS,405/70-24,Rolnicze,Ciągnik
11.00-20 MITAS COMPACTOR EXTRA 170A2 18PR TT,MITAS,11.00-20,Rolnicze,Kompaktor
480/70R28 CULTOR RD-02 140A8/140B TL,CULTOR,480/70R28,Rolnicze,Ciągnik
13R22.5 MATADOR FM 4 156/150K 18PR TL M+S,MATADOR,13R22.5,Ciężarowe,Oś kierowana
385/65R22.5 MATADOR TM 1 COLLOS 160K 20PR TL M+S 3PMSF,MATADOR,385/65R22.5,Ciężarowe,Naczepa/przyczepa
340/85R24 LINGLONG LR861 125A8/122B TL,LINGLONG,340/85R24,Rolnicze,Uniwersalne/pozostałe
385/65R22.5 LINGLONG R-T30 164K 24PR TL M+S 3PMSF,LINGLONG,385/65R22.5,Ciężarowe,Oś kierowana
385/65R22.5 LINGLONG LTL863 164J 24PR TL M+S 3PMSF,LINGLONG,385/65R22.5,Ciężarowe,Naczepa/przyczepa
385/55R22.5 LINGLONG ETT100 160K/158L 20PR TL M+S 3PMSF,LINGLONG,385/55R22.5,Ciężarowe,Naczepa/przyczepa
315/80R22.5 LINGLONG M-D41 158/150K 22PR TL M+S,LINGLONG,315/80R22.5,Ciężarowe,Oś kierowana
315/80R22.5 KUMHO KWA03 156/150K 18PR TL 3PMSF,KUMHO,315/80R22.5,Ciężarowe,All position
315/70R22.5 KUMHO KWD01 154/150L 18PR TL 3PMSF,KUMHO,315/70R22.5,Ciężarowe,Oś napędowa
385/65R22.5 KUMHO KMA12 160K 20PR TL 3PMSF,KUMHO,385/65R22.5,Ciężarowe,Uniwersalne/pozostałe
315/60R22.5 KUMHO KLA31 154/148L 20PR TL 3PMSF,KUMHO,315/60R22.5,Ciężarowe,All position
14.9-24 KABAT SGP-06 128A6 8PR TT,KABAT,14.9-24,Rolnicze,Ciągnik
15X6.00-6 KABAT LWG-02 IMPLEMENT KLOCKOWA 70A4 6PR TL,KABAT,15x6.00-6,Rolnicze,Przyczepa
270/95R48 MRL RC 950 SPRAYER 145A8/142D TL,MRL,270/95R48,Rolnicze,Opryskiwacz
480/70R38 MRL FARM MAXX 70 RRT 770 145D/148A8 TL,MRL,480/70R38,Rolnicze,Ciągnik
600/70R30 MRL FARM MAXX 70 RRT 770 158D/161A8 TL,MRL,600/70R30,Rolnicze,Ciągnik
320/70R20 MRL FARM MAXX 70 RRT 770 123D/126A8 TL,MRL,320/70R20,Rolnicze,Ciągnik
18.4-34 MRL MRT 329 KIRTI 154A6/150A8 14PR TT,MRL,18.4-34,Rolnicze,Ciągnik
23.1-26 MRL MRT 329 KIRTI 159A6/155A8 16PR TL,MRL,23.1-26,Przemysłowe,Uniwersalne/pozostałe
23.1-26 MRL MRT 329 KIRTI 161A6/157A8 18PR TL,MRL,23.1-26,Rolnicze,Ciągnik
9.5-22 MRL MRT 329 KIRTI 104A6/100A8 6PR TT,MRL,9.5-22,Rolnicze,Ciągnik
11.2-20 MRL MRT 329 KIRTI 111A6/107A8 8PR TT,MRL,11.2-20,Rolnicze,Uniwersalne/pozostałe
6.50-20 MRL MTF 221 DABANG DR 107A6/100A8 10PR TT,MRL,6.50-20,Rolnicze,Uniwersalne/pozostałe
6.00-16 MRL MTF 212 DABANG TR 88A6/80A8 6PR TT,MRL,6.00-16,Rolnicze,Ciągnik
400/60-15.5 MRL PRINCE 335 FLOTATION 145A6/141A8 14PR TL,MRL,400/60-15.5,Rolnicze,Przyczepa
385/65R22.5 HANKOOK AH51 160K M+S 3PMSF,HANKOOK,385/65R22.5,Ciężarowe,Oś kierowana
285/70R19.5 SAVA AVANT 146L/140M TL M+S 3PMSF,SAVA,285/70R19.5,Ciężarowe,Oś kierowana
215/75R17.5 SAVA CARGO 4 135/133J TL M+S 3PMSF,SAVA,215/75R17.5,Ciężarowe,Przyczepa
315/80R22.5 GOODYEAR KMAX 158/150L TL M+S 3PMSF,GOODYEAR,315/80R22.5,Ciężarowe,Oś kierowana
315/80R22.5 GOODYEAR OMN HD 156/150K TL M+S 3PMSF,GOODYEAR,315/80R22.5,Ciężarowe,Oś kierowana
315/70R22.5 GOODYEAR EQMAX ULTRA 158/150L TL M+S 3PMSF,GOODYEAR,315/70R22.5,Ciężarowe,Oś kierowana
315/70R22.5 FULDA REGIOCONTROL 3 HL 156/150L TL M+S 3PMSF,FULDA,315/70R22.5,Ciężarowe,Oś kierowana
355/50R22.5 CONTINENTAL CONTI ECOPLUS HS3 EU LRJ 156K 18PR TL M+S 3PMSF,CONTINENTAL,355/50R22.5,Ciężarowe,Oś kierowana
315/70R22.5 CONTINENTAL CONTI EFFICIENTPRO HD5 154/150L 18PR TL M+S 3PMSF,CONTINENTAL,315/70R22.5,Ciężarowe,Oś kierowana
295/80R22.5 CONTINENTAL CONTI COACH HA5 156/149M 16PR TL M+S 3PMSF,CONTINENTAL,295/80R22.5,Przemysłowe,Oś kierowana
295/55R22.5 CONTINENTAL CONTI HYBRID HD3 147/145K 16PR TL M+S 3PMSF,CONTINENTAL,295/55R22.5,Przemysłowe,Oś kierowana
275/70R22.5 CONTINENTAL CONTI URBAN HA5 152/148J 16PR TL M+S 3PMSF,CONTINENTAL,275/70R22.5,Przemysłowe,Uniwersalne/pozostałe
305/70R19.5 CONTINENTAL CONTI HYBRID HS3 148/145M 18PR TL M+S 3PMSF,CONTINENTAL,305/70R19.5,Ciężarowe,Oś kierowana
285/70R19.5 CONTINENTAL CONTI HYBRID HS3 146/144M 16PR TL M+S 3PMSF,CONTINENTAL,285/70R19.5,Przemysłowe,Oś kierowana
205/75R17.5 CONTINENTAL CONTI HYBRID LD3 124/122M 12PR TL M+S 3PMSF,CONTINENTAL,205/75R17.5,Ciężarowe,Oś kierowana
385/65R22.5 BARUM BT300R 164K 20PR TL M+S 3PMSF,BARUM,385/65R22.5,Ciężarowe,All position
540/65R28 FIRESTONE MAXITRACTION 65 142D/139E TL,FIRESTONE,540/65R28,Rolnicze,Ciągnik
285/70R19.5 WEST LAKE WSA2 146M/144M 3PMSF M+S FRONT,WEST LAKE,285/70R19.5,Ciężarowe,Oś kierowana
355/50R22.5 WEST LAKE WSL2 156K 3PMSF M+S FRONT,WEST LAKE,355/50R22.5,Ciężarowe,Oś kierowana
245/70R19.5 WEST LAKE WTX1 141/140J 3PMSF M+S,WEST LAKE,245/70R19.5,Ciężarowe,Oś kierowana
385/55R22.5 WEST LAKE WSA2 164K 3PMSF M+S FRONT,WEST LAKE,385/55R22.5,Ciężarowe,Oś kierowana
435/50R19.5 GOLDENCROWN AT555 160J 20PR M+S,GOLDENCROWN,435/50R19.5,Ciężarowe,Naczepa/przyczepa
245/70R19.5 CETROC GHA20 141K/140K 3PMSF M+S FRONT,CETROC,245/70R19.5,Ciężarowe,Oś kierowana
385/65R22.5 GOODYEAR KMAX 164K/158L TL M+S 3PMSF,GOODYEAR,385/65R22.5,Ciężarowe,Oś kierowana
235/75R17.5 SAVA CARGO C4 143/141J 3PMSF,SAVA,235/75R17.5,Ciężarowe,Przyczepa
385/65R22.5 FULDA REGIOTONN 3 HL 164K/158L TL M+S 3PMSF,FULDA,385/65R22.5,Ciężarowe,Naczepa/przyczepa
260/70R16 ALLIANCE AGRISTAR II 109D TL,ALLIANCE,260/70R16,Rolnicze,Ciągnik
320/70R24 ALLIANCE AGRISTAR II 116D TL,ALLIANCE,320/70R24,Rolnicze,Ciągnik
650/65R38 ALLIANCE AGRISTAR II 166D TL,ALLIANCE,650/65R38,Rolnicze,Ciągnik
14.9-24 ALLIANCE AGRI NOVA 128A8 8PR TT,ALLIANCE,14.9-24,Rolnicze,Ciągnik
14.9-24 ALLIANCE AGRI NOVA 136A8 12PR TT,ALLIANCE,14.9-24,Rolnicze,Ciągnik
VF710/50R30.5 ALLIANCE AGRIFLEX 389 + XT 178D TL,ALLIANCE,710/50R30.5,Rolnicze,Ciągnik
650/75R32 ALLIANCE 375 172A8/175B TL,ALLIANCE,650/75R32,Rolnicze,Kombajn
VF710/75R42 ALLIANCE AGRIFLEX 373 + 190D TL,ALLIANCE,710/75R42,Rolnicze,Ciągnik
20.8-38 ALLIANCE 333 AGRO-FORESTRY 160A8/157B TL,ALLIANCE,20.8-38,Leśne,Ciągnik leśny
340/55-16 ALLIANCE 327 12PR TL,ALLIANCE,340/55-16,Rolnicze,Uniwersalne/pozostałe
16.9-24 ALLIANCE 325 168A8 TL,ALLIANCE,16.9-24,Przemysłowe,Uniwersalne/pozostałe
245/70R17.5 FIRESTONE FD611 136M/134M 3PMSF DRIVE,FIRESTONE,245/70R17.5,Ciężarowe,Oś napędowa
650/55R26.5 ALLIANCE 885 170D TL,ALLIANCE,650/55R26.5,Rolnicze,Przyczepa
600/50R22.5 ALLIANCE 882 159E TL SB,ALLIANCE,600/50R22.5,Rolnicze,Przyczepa
435/50R19.5 HANKOOK TH31 SMART FLEX 164J 3PMSF M+S,HANKOOK,435/50R19.5,Ciężarowe,Naczepa/przyczepa
285/70R19.5 HANKOOK AH35 146/144M 3PMSF M+S FRONT,HANKOOK,285/70R19.5,Ciężarowe,Oś kierowana
315/80R22.5 BRIDGESTONE L355 EVO 158G/156K M+S DRIVE,BRIDGESTONE,315/80R22.5,Ciężarowe,Oś napędowa
235/75R17.5 FIRESTONE TSP3000 143J/144F M+S,FIRESTONE,235/75R17.5,Ciężarowe,Naczepa/przyczepa
315/60R22.5 BRIDGESTONE ECOPIA STEER 154/148L TL M+S 3PMSF,BRIDGESTONE,315/60R22.5,Ciężarowe,Oś kierowana
315/70R22.5 BRIDGESTONE ECOPIA DRIVE ENLITEN 154L/152M 3PMSF M+S DRIVE,BRIDGESTONE,315/70R22.5,Ciężarowe,Oś napędowa
385/65R22.5 BRIDGESTONE M-STEER 002 160K 3PMSF M+S FRONT,BRIDGESTONE,385/65R22.5,Ciężarowe,Oś kierowana
315/80R22.5 BRIDGESTONE DURD2 156/150L TL M+S 3PMSF,BRIDGESTONE,315/80R22.5,Ciężarowe,Oś napędowa
295/60R22.5 BRIDGESTONE DURD2 150/147L TL M+S 3PMSF,BRIDGESTONE,295/60R22.5,Ciężarowe,Oś napędowa
315/60R22.5 BRIDGESTONE HS2 ECO 154L/148L 3PMSF M+S FRONT,BRIDGESTONE,315/60R22.5,Ciężarowe,Oś kierowana
5.00-12 ALLIANCE FARM PRO 324 56A6 4PR TT,ALLIANCE,5.00-12,Rolnicze,Ciągnik
245/70R19.5 BRIDGESTONE RS2 136M/134M 3PMSF FRONT,BRIDGESTONE,245/70R19.5,Ciężarowe,Ciągnik
11.5/80-15.3 ALLIANCE 320 VALUE PLUS 14PR TL,ALLIANCE,11.5/80-15.3,Rolnicze,Uniwersalne/pozostałe
230/95R36 CEAT FARMAX RC 130A8/127D TL,CEAT,230/95R36,Rolnicze,Ciągnik
850/50R30.5 CEAT FLOATMAX FT 182D SB TL,CEAT,850/50R30.5,Rolnicze,Przyczepa
800/70R38 CEAT FARMAX HPT 181A8/178D TL,CEAT,800/70R38,Rolnicze,Ciągnik
445/45R19.5 LINGLONG ETT100 160J 20PR TL M+S 3PMSF,LINGLONG,445/45R19.5,Ciężarowe,Naczepa/przyczepa
23X8.5-12 MITAS SK-02 99A4 6PR TL,MITAS,23x8.5-12,Rolnicze,Uniwersalne/pozostałe
14.00-20 STOMIL POZNAŃ T43 22PR TL,STOMIL POZNAŃ,14.00-20,Przemysłowe,Uniwersalne/pozostałe
315/80R22.5 BFGOODRICH CROSS CONTROL D2 156/150K DRIVE,BFGOODRICH,315/80R22.5,Ciężarowe,Oś napędowa
295/60R22.5 LINGLONG ETD100 150/147K 16PR TL M+S 3PMSF,LINGLONG,295/60R22.5,Przemysłowe,Oś napędowa
420/85R26 ALLIANCE FARM PRO 846 135A8 TL,ALLIANCE,420/85R26,Rolnicze,Ciągnik
295/55R22.5 GOODYEAR EQMAX D 147K/145K 3PMSF M+S DRIVE,GOODYEAR,295/55R22.5,Ciężarowe,Oś napędowa
VF560/60R22.5 ALLIANCE AGRIFLEX 389 + XT 166D TL,ALLIANCE,560/60R22.5,Rolnicze,Ciągnik
520/85-38 ALLIANCE AGRO FORESTRY 333 160A8/157B 14PR SB TL,ALLIANCE,520/85-38,Leśne,Ciągnik leśny
420/85-28 ALLIANCE AGRO FORESTRY 333 144A8/141B 14PR SB TL,ALLIANCE,420/85-28,Leśne,Ciągnik leśny
620/50R22.5 ALLIANCE FLOTMASTER 381 161D TL,ALLIANCE,620/50R22.5,Rolnicze,Przyczepa
560/60-22.5 ALLIANCE FARM PRO 327 157A8/169A8 16PR TL,ALLIANCE,560/60-22.5,Rolnicze,Ciągnik
340/55-16 ALLIANCE FARM PRO 327 121A8/133A8 12PR TL,ALLIANCE,340/55-16,Rolnicze,Ciągnik
10.0/75-15.3 CEAT AWI 305 130A8 14PR TL,CEAT,10.0/75-15.3,Rolnicze,Przyczepa
270/95R54 ALLIANCE AGRISTAR II ROW CROP 146D/143E TL,ALLIANCE,270/95R54,Rolnicze,Ciągnik
VF710/55R30 ALLIANCE AGRIFLEX 372 + 165D TL,ALLIANCE,710/55R30,Rolnicze,Ciągnik
500/50-22.5 ALLIANCE 328 VALUE PLUS 151A8/163A8 20PR TL,ALLIANCE,500/50-22.5,Rolnicze,Przyczepa
5.50-16 CEAT FARMAX X3 TF 88A6 6PR TT,CEAT,5.50-16,Rolnicze,Ciągnik
420/70-28 ALLIANCE AF 670 140A8/137B TL,ALLIANCE,420/70-28,Leśne,Ciągnik
7.50-16 CULTOR AS-FRONT 08 8PR TT FRONT,CULTOR,7.50-16,Rolnicze,Oś kierowana
18.4-38 CULTOR AS-AGRI19 14PR TT,CULTOR,18.4-38,Rolnicze,Ciągnik
13.6-38 CULTOR AS-AGRI13 8PR TT,CULTOR,13.6-38,Rolnicze,Ciągnik
8.3-36 CULTOR AS-AGRI10 6PR TT,CULTOR,8.3-36,Rolnicze,Ciągnik
16.9-34 CULTOR AS-AGRI10 8PR TT,CULTOR,16.9-34,Rolnicze,Ciągnik
500/50-17 MITAS IM07 18PR TL,MITAS,500/50-17,Rolnicze,Przyczepa
400/60-15.5 MITAS IM07 14PR TL,MITAS,400/60-15.5,Rolnicze,Przyczepa
6.50-16 MITAS TF03 8PR TT,MITAS,6.50-16,Rolnicze,Ciągnik
6.00-18 MITAS TF04 6PR TT,MITAS,6.00-18,Rolnicze,Uniwersalne/pozostałe
520/70X38 ALLIANCE AF 670 155A8/152B,ALLIANCE,520/70R38,Leśne,Ciągnik leśny
16.9R28 CULTOR RD01 139A8/136B TL,CULTOR,16.9R28,Rolnicze,Ciągnik
13.6R28 CULTOR RD01 127A8/124B TL,CULTOR,13.6R28,Rolnicze,Ciągnik
260/70R16 KLEBER FITKER 109A8/106B TL,KLEBER,260/70R16,Rolnicze,Ciągnik
280/70R16 KLEBER FITKER 112A8/109B TL,KLEBER,280/70R16,Rolnicze,Ciągnik
270/95R44 KLEBER CROPKER 142D/145A8 TL,KLEBER,270/95R44,Rolnicze,Uniwersalne/pozostałe
260/70R16 BRIDGESTONE VX TRACTOR 109D/106E TL,BRIDGESTONE,260/70R16,Rolnicze,Ciągnik
540/65R24 KLEBER GRIPKER 140D TL,KLEBER,540/65R24,Rolnicze,Ciągnik
600/65R34 KLEBER GRIPKER 151D TL,KLEBER,600/65R34,Rolnicze,Ciągnik
280/70R18 KLEBER FITKER 114A8/111B TL,KLEBER,280/70R18,Rolnicze,Ciągnik
300/95R52 KLEBER CROPKER 151D/154A8 TL,KLEBER,300/95R52,Rolnicze,Uniwersalne/pozostałe
270/95R54 KLEBER CROPKER 146D/149A8 TL,KLEBER,270/95R54,Rolnicze,Ciągnik
620/70R42 KLEBER FITKER 160A8/160B TL,KLEBER,620/70R42,Rolnicze,Ciągnik
18-19.5 CAMSO TM R4 16PR TL,CAMSO,18-19.5,Przemysłowe,Uniwersalne/pozostałe
12-16.5 TVS EUROGRIP ST45 10PR TL,TVS,12-16.5,Przemysłowe,Uniwersalne/pozostałe
14-17.5 BKT SKID POWER HD 140A8/140B 14PR TL,BKT,14-17.5,Przemysłowe,Ładowarka
12-16.5 GALAXY MIGHTY MOW 12PR TL,GALAXY,12-16.5,Przemysłowe,Uniwersalne/pozostałe
15-19.5 BKT SKID POWER HD 14PR TL,BKT,15-19.5,Przemysłowe,Ładowarka
8-16 MRL MIM 374 101A6/97A8 8PR TT,MRL,8-16,Rolnicze,Przyczepa
1/2-8 GLOBESTAR PERFORMER,GLOBESTAR,1/2-8,Przemysłowe,Wózek widłowy
VF12.4R46 ALLIANCE AGRIFLEX 363 + 155D TL,ALLIANCE,12.4R46,Rolnicze,Ciągnik
VF12.4R54 ALLIANCE AGRIFLEX 363 + XT 168D TL,ALLIANCE,12.4R54,Rolnicze,Ciągnik
VF11.2R54 ALLIANCE AGRIFLEX 363 + XT 156D TL,ALLIANCE,11.2R54,Rolnicze,Ciągnik
VF9.5R42 ALLIANCE AGRIFLEX 354 + 145D TL,ALLIANCE,9.5R42,Rolnicze,Ciągnik
VF12.4R42 ALLIANCE AGRIFLEX 354 + 163D TL,ALLIANCE,12.4R42,Rolnicze,Ciągnik
8.3/8-28 ALLIANCE 324 8PR TT,ALLIANCE,8.3/8-28,Rolnicze,Uniwersalne/pozostałe
8-16 ALLIANCE FARM PRO 324 91A6 6PR TT,ALLIANCE,8-16,Rolnicze,Ciągnik
7-14 ALLIANCE FARM PRO 324 72A6 4PR TT,ALLIANCE,7-14,Rolnicze,Ciągnik
5-12 ALLIANCE FARM PRO 324 56A6 4PR TT,ALLIANCE,5-12,Rolnicze,Ciągnik
28L-26 BKT TR390 HD DL BEAD E 20PR TL,BKT,28L-26,Rolnicze,Uniwersalne/pozostałe
12.5L-15 BKT FARM HIGHWAY SPL LR-F FI 12PR TL,BKT,12.5L-15,Rolnicze,Uniwersalne/pozostałe
400/45L-17.5 BKT TERRA TRAX E 156A8 14PR TL,BKT,400/45L-17.5,Rolnicze,Uniwersalne/pozostałe
7.5L-15 BKT AS 504 8PR TT,BKT,7.5L-15,Rolnicze,Uniwersalne/pozostałe
19.5L-24 BKT TR 459 12PR TL,BKT,19.5L-24,Przemysłowe,Uniwersalne/pozostałe
11L-15 BKT PRO RIB 8PR TL,BKT,11L-15,Rolnicze,Kosiarka/ogród
21L-24 BKT TR 459 12PR TL,BKT,21L-24,Przemysłowe,Uniwersalne/pozostałe
11L-16 BKT INDUSTRIAL RIB F3 10PR TL,BKT,11L-16,Rolnicze,Uniwersalne/pozostałe
30.5L-32 BKT TR 137 12PR TL,BKT,30.5L-32,Rolnicze,Ciągnik
28L-26 BKT TR 390 16PR TL,BKT,28L-26,Przemysłowe,Uniwersalne/pozostałe
17.5L-24 BKT TR 459 148A8 12PR TL,BKT,17.5L-24,Przemysłowe,Uniwersalne/pozostałe
15.0/55-17 MITAS TR-01 137A8/125A8 14PR TL,MITAS,15.0/55-17,Rolnicze,Ciągnik
18-19.5 MITAS MPT-06 160A8 16PR TL,MITAS,18-19.5,Przemysłowe,Uniwersalne/pozostałe
12-16.5 OZKA KNK 66 148A3 14PR TL,OZKA,12-16.5,Rolnicze,Uniwersalne/pozostałe
12-16.5 OZKA KNK 65 148A3 14PR TL,OZKA,12-16.5,Rolnicze,Uniwersalne/pozostałe
12-16.5 OZKA IND 80 148A3 14PR TL,OZKA,12-16.5,Rolnicze,Uniwersalne/pozostałe
10-16.5 OZKA STR 40 ULMAX DA 138A3 12PR TT,OZKA,10-16.5,Rolnicze,Uniwersalne/pozostałe
10-16.5 OZKA KNK 65 138A3 12PR TL,OZKA,10-16.5,Rolnicze,Uniwersalne/pozostałe
10-16.5 OZKA IND 80 138A3 12PR TL,OZKA,10-16.5,Rolnicze,Uniwersalne/pozostałe
10-16.5 GTK LD90 138A3 12PR TL,GTK,10-16.5,Rolnicze,Uniwersalne/pozostałe
600/50-22.5 MITAS TR-08 165A8/153A8 16PR TL,MITAS,600/50-22.5,Przemysłowe,Ciągnik
600/50-22.5 MITAS TR-08 HD 168A8/156A8 TL,MITAS,600/50-22.5,Rolnicze,Uniwersalne/pozostałe
600/40-22.5 MITAS TR-12 REINF 172A8/160A8 16PR TL,MITAS,600/40-22.5,Przemysłowe,Przyczepa
550/60-22.5 MITAS TR-08 171A8 TL,MITAS,550/60-22.5,Rolnicze,Przyczepa
550/60-22.5 MITAS TR-08 167A8/155A8 16PR TL,MITAS,550/60-22.5,Przemysłowe,Ciągnik
500/60-22.5 MITAS TR-08 159A8/147A8 16PR TL,MITAS,500/60-22.5,Przemysłowe,Ciągnik
500/60-22.5 MITAS TR-12 165A8/153A8 16PR TL,MITAS,500/60-22.5,Przemysłowe,Ciągnik
500/45-20 MITAS TR-12 162A8/150A8 TL,MITAS,500/45-20,Rolnicze,Ciągnik
15.0/55-17 MITAS TR-01 137A8/125A8 14PR TL,MITAS,15.0/55-17,Rolnicze,Ciągnik
15.0/55-17 MITAS TR-01 134A8/122A8 12PR TL,MITAS,15.0/55-17,Rolnicze,Ciągnik
480/45-17 MITAS TR-01 146A8/134A8 TL,MITAS,480/45-17,Rolnicze,Ciągnik
400/60-15.5 MITAS TR-08 REINF 145A8 TL,MITAS,400/60-15.5,Rolnicze,Uniwersalne/pozostałe
400/60-15.5 MITAS TR-08 140A8 14PR TL,MITAS,400/60-15.5,Rolnicze,Uniwersalne/pozostałe
11.5/80-15.3 MITAS TR-03 139A8/126A8 14PR TL,MITAS,11.5/80-15.3,Rolnicze,Ciągnik
10.0/75-15.3 MITAS TR-04 122A8/111A8 10PR TL,MITAS,10.0/75-15.3,Rolnicze,Uniwersalne/pozostałe
10.0/75-15.3 MITAS TR-03 130A8 14PR TL,MITAS,10.0/75-15.3,Rolnicze,Uniwersalne/pozostałe
31X15.50-15 MITAS TR-07 121A8/109A8 8PR TL,MITAS,31x15.50-15,Rolnicze,Uniwersalne/pozostałe
400/75-20 MITAS TR-09 150A8 14PR TL,MITAS,400/75-20,Rolnicze,Ciągnik
18-19.5 MITAS MPT-06 160A8 16PR TL,MITAS,18-19.5,Przemysłowe,Uniwersalne/pozostałe
18-19.5 MITAS MPT-06 166A8 16PR TL,MITAS,18-19.5,Przemysłowe,Uniwersalne/pozostałe
320/80-18 MITAS TR-09 LSL 138A8/125A8 12PR TL,MITAS,320/80-18,Rolnicze,Uniwersalne/pozostałe
12-16.5 MITAS SK-02 144A3 12PR TL,MITAS,12-16.5,Rolnicze,Uniwersalne/pozostałe
12-16.5 MITAS SK-02 140A3 10PR TL,MITAS,12-16.5,Rolnicze,Uniwersalne/pozostałe
12-16.5 MITAS SK.05 144A3 12PR TL,MITAS,12-16.5,Rolnicze,Uniwersalne/pozostałe
12-16.5 MITAS BIG BOY 147A3 14PR TL,MITAS,12-16.5,Rolnicze,Uniwersalne/pozostałe
12-16.5 MITAS BIG BOY 144A3 12PR TL,MITAS,12-16.5,Rolnicze,Uniwersalne/pozostałe
10-16.5 MITAS SK-02 131A3 8PR TL,MITAS,10-16.5,Rolnicze,Uniwersalne/pozostałe
10-16.5 MITAS SK-05 135A3 10PR TL,MITAS,10-16.5,Rolnicze,Uniwersalne/pozostałe
10-16.5 CULTOR SK.ST.20 124A2 8PR TL,CULTOR,10-16.5,Rolnicze,Uniwersalne/pozostałe
12-16.5 MRL ML2 455 SKID STAR 147A2 14PR TL,MRL,12-16.5,Rolnicze,Uniwersalne/pozostałe
10-16.5 MRL ML2 482 HD BEAST L-4/L-5 138A2/130A3 12PR TL,MRL,10-16.5,Rolnicze,Uniwersalne/pozostałe
10-16.5 MRL ML2 482 HD BEAST L-4/L-5 134A2 10PR TL,MRL,10-16.5,Rolnicze,Uniwersalne/pozostałe
10-16.5 SPEEDWAYS MONSTER L5 12PR TL,SPEEDWAYS,10-16.5,Przemysłowe,Uniwersalne/pozostałe
18-19.5 SPEEDWAYS MPT-007 18PR TL,SPEEDWAYS,18-19.5,Przemysłowe,Uniwersalne/pozostałe
18-19.5 SPEEDWAYS MPT-007 16PR TL,SPEEDWAYS,18-19.5,Przemysłowe,Uniwersalne/pozostałe
12-16.5 SPEEDWAYS STEERKING+ 12PR TL,SPEEDWAYS,12-16.5,Rolnicze,Uniwersalne/pozostałe
16.5/70-18 ROADGUIDER IMP638 18PR TT,RUBBER KING,16.5/70-18,Rolnicze,Uniwersalne/pozostałe
540/65R30 AIATOR 150D TL,RUBBER KING,540/65R30,Rolnicze,Uniwersalne/pozostałe
23.1-26 AGNIPUTRA 153A6 TT,RUBBER KING,23.1-26,Rolnicze,Uniwersalne/pozostałe
520/70R38 AIATOR 150D TL,RUBBER KING,520/70R38,Rolnicze,Uniwersalne/pozostałe
460/70R24 EMPERADOR 159A8 TL,RUBBER KING,460/70R24,Przemysłowe,Uniwersalne/pozostałe
340/85R28 AIATOR 127B TL,RUBBER KING,340/85R28,Rolnicze,Uniwersalne/pozostałe
11.2R32 TILLMAN 136B TL,RUBBER KING,11.2R32,Rolnicze,Uniwersalne/pozostałe
11.5/80-15.3 BLIMP 12PR TL,RUBBER KING,11.5/80-15.3,Rolnicze,Uniwersalne/pozostałe
7.00-12 AIRLIFT 14PR,RUBBER KING,7.00-12,Przemysłowe,Uniwersalne/pozostałe
6.50-10 ROCKSLID,RUBBER KING,6.50-10,Przemysłowe,Uniwersalne/pozostałe
400/60-15.5 FLOATSTAR 148A8/136A8 TL,RUBBER KING,400/60-15.5,Rolnicze,Uniwersalne/pozostałe
12.5/80-18 ORION 150A8 18PR,RUBBER KING,12.5/80-18,Przemysłowe,Uniwersalne/pozostałe
355/50R22.5 NOVO ENERGY S13 156K 3PMSF M+S FRONT,TRAZANO,355/50R22.5,Ciężarowe,Oś kierowana
12-16.5 CULTOR SKID STEER 30 12PR TL,CULTOR,12-16.5,Przemysłowe,Ładowarka
10-16.5 CULTOR SKID STEER 20 8PR TL,CULTOR,10-16.5,Przemysłowe,Ładowarka
10-16.5 CULTOR SKID STEER 30 8PR TL,CULTOR,10-16.5,Rolnicze,Ładowarka
12-16.5 MITAS SK02 12PR TL,MITAS,12-16.5,Przemysłowe,Uniwersalne/pozostałe
10-16.5 MITAS SK02 10PR TL,MITAS,10-16.5,Przemysłowe,Uniwersalne/pozostałe
12-16.5 MITAS SK02 10PR TL,MITAS,12-16.5,Przemysłowe,Uniwersalne/pozostałe
10-16.5 MITAS SK02 8PR TL,MITAS,10-16.5,Przemysłowe,Uniwersalne/pozostałe
12-16.5 MITAS BIG BOY 14PR TL,MITAS,12-16.5,Przemysłowe,Uniwersalne/pozostałe
12-16.5 MITAS BIG BOY 12PR TL,MITAS,12-16.5,Przemysłowe,Uniwersalne/pozostałe
10-16.5 MITAS BIG BOY 8PR TL,MITAS,10-16.5,Przemysłowe,Uniwersalne/pozostałe
12-16.5 GALAXY MIGHTY MOW 12PR TL,GALAXY,12-16.5,Przemysłowe,Uniwersalne/pozostałe
18-19.5 MITAS MPT03 16PR TL,MITAS,18-19.5,Przemysłowe,Maszyny górnicze
18-19.5 ALLIANCE 224 18PR TL,ALLIANCE,18-19.5,Przemysłowe,Uniwersalne/pozostałe
18-19.5 ALLIANCE 224 16PR TL,ALLIANCE,18-19.5,Rolnicze,Uniwersalne/pozostałe
23X8.50-12 KENDA K500 SUPER TURF 92A4 6PR TL,KENDA,23x8.50-12,Rolnicze,Kosiarka/ogród
18-19.5 MITAS MPT06 16PR TL,MITAS,18-19.5,Przemysłowe,Maszyny górnicze
18-19.5 MITAS MPT02 156B 16PR TL,MITAS,18-19.5,Przemysłowe,Uniwersalne/pozostałe
14-17.5 MITAS TR-10 IND 139B 14PR TL,MITAS,14-17.5,Przemysłowe,Uniwersalne/pozostałe
18-22.5 GALAXY BEEFY BABY R-4 18PR TL,GALAXY,18-22.5,Przemysłowe,Ładowarka
12-16.5 ALLIANCE SK 903 144A2 12PR TL,ALLIANCE,12-16.5,Rolnicze,Uniwersalne/pozostałe
10-16.5 ALLIANCE SK 903 134A2 10PR TL,ALLIANCE,10-16.5,Rolnicze,Uniwersalne/pozostałe
10-16.5 ALLIANCE SK 903 129A2 8PR TL,ALLIANCE,10-16.5,Rolnicze,Uniwersalne/pozostałe
14-17.5 CEAT LOADER PRO HD 14PR TL,CEAT,14-17.5,Przemysłowe,Ładowarka
12-16.5 CEAT GRIP MASTER LOADER HD 12PR TL,CEAT,12-16.5,Przemysłowe,Ładowarka
10-16.5 CEAT GRIP MASTER LOADER HD 10PR TL,CEAT,10-16.5,Przemysłowe,Ładowarka
18-22.5 CEAT MPT 503 163A8 16PR TL,CEAT,18-22.5,Rolnicze,Ciągnik
18-19.5 CEAT MPT 503 160A8 16PR TL,CEAT,18-19.5,Rolnicze,Ciągnik
12-16.5 GALAXY BEEFY BABY III R-4 10PR TL,GALAXY,12-16.5,Rolnicze,Ładowarka
210/95R44 OZKA AGRO 10 120A8/120B TL,OZKA,210/95R44,Rolnicze,Ciągnik
580/70R42 OZKA AGROLOX 158A8/158B TL,OZKA,580/70R42,Rolnicze,Ciągnik
380/85R30 OZKA AGRO 10 135A8/132B TL,OZKA,380/85R30,Rolnicze,Ciągnik
380/70R20 OZKA AGRO 10 122A8/122B TL,OZKA,380/70R20,Rolnicze,Ciągnik
300/70R20 OZKA AGRO 10 120A8/117B TL,OZKA,300/70R20,Rolnicze,Ciągnik
16.9-28 OZKA KNK 50 139A6 10PR TT,OZKA,16.9-28,Rolnicze,Uniwersalne/pozostałe
5.00-12 OZKA KNK 52 62A6 4PR TT,OZKA,5.00-12,Rolnicze,Uniwersalne/pozostałe
16.9-24 OZKA IND 80 R-4 154A8 16PR TL,OZKA,16.9-24,Przemysłowe,Ładowarka
480/65R28 GTK RS200 145A8/142D TL,GTK,480/65R28,Rolnicze,Ciągnik
7.50-16 GTK AS100 103A6 8PR TT,GTK,7.50-16,Rolnicze,Ciągnik
15.5/80-24 GTK LD90 R-4 162A8 16PR TL,GTK,15.5/80-24,Przemysłowe,Ładowarka
500/50-17 MITAS IM-07 155A8 18PR TL,MITAS,500/50-17,Rolnicze,Przyczepa
400/60-15.5 MITAS IM-07 145A8 TL,MITAS,400/60-15.5,Rolnicze,Przyczepa
6.5/75-14 MITAS TS-02 72A6/60A6 4PR TT,MITAS,6.5/75-14,Rolnicze,Uniwersalne/pozostałe
340/85R28 CULTOR RD-01 127A8/124B TL,CULTOR,340/85R28,Rolnicze,Ciągnik
16.9-34 CULTOR AS AGRI 10 139A6 8PR TT,CULTOR,16.9-34,Rolnicze,Ciągnik
7.50-20 CULTOR AS FRONT 08 109A6/101A8 8PR TT,CULTOR,7.50-20,Rolnicze,Oś kierowana
7.50-16 CULTOR AW-IMPL 11 12PR TT,CULTOR,7.50-16,Rolnicze,Uniwersalne/pozostałe
295/60R22.5 LINGLONG R-D30 150/147L 16PR TL M+S 3PMSF,LINGLONG,295/60R22.5,Przemysłowe,Uniwersalne/pozostałe
435/50R19.5 LINGLONG ETT100 160J 20PR TL M+S 3PMSF,LINGLONG,435/50R19.5,Ciężarowe,Naczepa/przyczepa
285/70R19.5 LINGLONG KLD200 146/144M 18PR TL M+S 3PMSF,LINGLONG,285/70R19.5,Ciężarowe,Oś napędowa
315/80R22.5 KUMHO KXD10 156/150L 20PR TL 3PMSF,KUMHO,315/80R22.5,Ciężarowe,All position
710/70R38 CEAT FARMAX R70 181A8/178D TL,CEAT,710/70R38,Rolnicze,Ciągnik
15.5/80-24 CEAT LIFT PRO 151A6/163A6 16PR TL,CEAT,15.5/80-24,Przemysłowe,Uniwersalne/pozostałe
23.1-30 CEAT FARMAX R1 151A8 12PR TL,CEAT,23.1-30,Rolnicze,Ciągnik
28X9-15 CEAT ELEVETA X3 14PR TT,CEAT,28x9-15,Przemysłowe,Wózek widłowy
6.50-20 CEAT FARMAX X3 TF 102A6 8PR TT,CEAT,6.50-20,Rolnicze,Ciągnik
460/85R30 CEAT FARMAX R85 148A8/145D TL,CEAT,460/85R30,Rolnicze,Ciągnik
600/70R28 CEAT FARMAX R70 164A8/161D TL,CEAT,600/70R28,Rolnicze,Ciągnik
7.50-16 CEAT FARMAX X3 TF 103A6 8PR TT,CEAT,7.50-16,Rolnicze,Ciągnik
315/80R22.5 HANKOOK AH51 156/150L M+S 3PMSF,HANKOOK,315/80R22.5,Ciężarowe,Oś kierowana
540/65R38 FIRESTONE MAXI TRACTION 65 147D/144E TL,FIRESTONE,540/65R38,Rolnicze,Ciągnik
540/65R28 FIRESTONE MAXI TRACTION 65 142D/139E TL,FIRESTONE,540/65R28,Rolnicze,Ciągnik
480/65R28 FIRESTONE MAXI TRACTION 136D/133E TL,FIRESTONE,480/65R28,Rolnicze,Ciągnik
440/65R28 FIRESTONE MAXI TRACTION 65 131D/128E TL,FIRESTONE,440/65R28,Rolnicze,Ciągnik
16.9R34 FIRESTONE PERFORMER 85 142D/139E TL,FIRESTONE,16.9R34,Rolnicze,Ciągnik
480/70R30 FIRESTONE PERFORMER 70 141D/138E TL,FIRESTONE,480/70R30,Rolnicze,Ciągnik
420/70R24 FIRESTONE PERFORMER 70 130D/127E TL,FIRESTONE,420/70R24,Rolnicze,Ciągnik
18.4R26 FIRESTONE DURA-UT 160A TL,FIRESTONE,18.4R26,Rolnicze,Koparka
600/50-22.5 MITAS TR08 HD 168A8/156A8 16PR TL,MITAS,600/50-22.5,Rolnicze,Przyczepa
340/85R24 TRELLEBORG TM 600 125A8/122B TL DEMO,TRELLEBORG,340/85R24,Rolnicze,Ciągnik
420/85R34 TRELLEBORG TM 600 142A8/139B TL DEMO,TRELLEBORG,420/85R34,Rolnicze,Ciągnik
600/70R30 TRELLEBORG TM 900 HP 158D/155E TL,TRELLEBORG,600/70R30,Rolnicze,Ciągnik
540/65R30 MITAS AC 65 150D/153A8 TL DEMO,MITAS,540/65R30,Rolnicze,Ciągnik
650/65R42 MITAS SST 165D/168A8 TL DEMO,MITAS,650/65R42,Rolnicze,Ciągnik
10.0/75-15.3 ALLIANCE 320 14PR TL,ALLIANCE,10.0/75-15.3,Rolnicze,Uniwersalne/pozostałe
650/65R42 MITAS AC 65 165D/168A8 TL,MITAS,650/65R42,Rolnicze,Ciągnik
480/70R34 BKT AGRIMAX RT 765 149D TL,BKT,480/70R34,Rolnicze,Ciągnik
300/85R42 MITAS AC 90 144A8/141B TL,MITAS,300/85R42,Rolnicze,Ciągnik
385/55R22.5 LINGLONG LTL863 160J/158L 20PR TL M+S 3PMSF,LINGLONG,385/55R22.5,Ciężarowe,Naczepa/przyczepa
435/50R19.5 GOODTRIP GHT22 TRAILER 160J 22PR TL M+S 3PMSF,GOODTRIP,435/50R19.5,Ciężarowe,Przyczepa
315/70R22.5 FIRESTONE FS424 EVO 156/150L TL M+S 3PMSF,FIRESTONE,315/70R22.5,Ciężarowe,Oś kierowana
225/75R17.5 LINGLONG KLS200 129/127M 14PR TL M+S 3PMSF,LINGLONG,225/75R17.5,Ciężarowe,Oś kierowana
315/70R22.5 HANKOOK AL50 156/150L M+S 3PMSF,HANKOOK,315/70R22.5,Ciężarowe,Oś kierowana
265/70R19.5 CONTINENTAL CONTI HYBRID HS3 140/138M 14PR TL M+S 3PMSF,CONTINENTAL,265/70R19.5,Ciężarowe,Oś kierowana
225/75R17.5 CONTINENTAL CONTI HYBRID LD3 129/127M 12PR TL M+S 3PMSF,CONTINENTAL,225/75R17.5,Ciężarowe,Oś kierowana
7.00-12 TRELLEBORG T-900 16PR TT,TRELLEBORG,7.00-12,Przemysłowe,Wózek widłowy
6.50-10 TRELLEBORG T900 12PR TT,TRELLEBORG,6.50-10,Przemysłowe,Wózek widłowy
305/70R19.5 LINGLONG KLD200 148/145M 18PR TL M+S 3PMSF,LINGLONG,305/70R19.5,Ciężarowe,Uniwersalne/pozostałe
12.4-24 SPEEDWAYS GRIPKING HD 12PR TT,SPEEDWAYS,12.4-24,Rolnicze,Ciągnik
17.5-25 SPEEDWAYS ROCKLUG E3 16PR TL,SPEEDWAYS,17.5-25,Przemysłowe,Maszyny górnicze
7.50-16 SPEEDWAYS SW-201 12PR TT,SPEEDWAYS,7.50-16,Rolnicze,Ciągnik
14.5-20 SPEEDWAYS MPT-007 14PR TL,SPEEDWAYS,14.5-20,Przemysłowe,Uniwersalne/pozostałe
10.00-20 SPEEDWAYS EV-999 16PR TT,SPEEDWAYS,10.00-20,Przemysłowe,Uniwersalne/pozostałe
18.4-26 SPEEDWAYS POWERLUG R-4 16PR TL,SPEEDWAYS,18.4-26,Rolnicze,Ładowarka
6.00-18 SPEEDWAYS SW-201 8PR TT,SPEEDWAYS,6.00-18,Rolnicze,Ciągnik
11.2-20 SPEEDWAYS GRIPKING 8PR TT,SPEEDWAYS,11.2-20,Rolnicze,Ciągnik
11.2-28 SPEEDWAYS GRIPKING 8PR TT,SPEEDWAYS,11.2-28,Rolnicze,Ciągnik
3.50-6 MITAS B-15 4PR TT,MITAS,3.50-6,Rolnicze,Kosiarka/ogród
315/70R22.5 MATADOR HR 5 156/150L 20PR TL M+S 3PMSF,MATADOR,315/70R22.5,Ciężarowe,Oś kierowana
500/50-17 OZKA KNK 46 149A8 14PR TL,OZKA,500/50-17,Rolnicze,Uniwersalne/pozostałe
9.00-20 GTK TN52 133A6 14PR TT,GTK,9.00-20,Rolnicze,Ciągnik
385/65R22.5 HANKOOK AM15+ 158L M+S,HANKOOK,385/65R22.5,Ciężarowe,Oś kierowana
480/70R30 BRIDGESTONE VX TRACTOR 141D/138E TL,BRIDGESTONE,480/70R30,Rolnicze,Ciągnik
340/85R24 FIRESTONE PERFORMER 85 XL 136A8/136B TL,FIRESTONE,340/85R24,Rolnicze,Ciągnik
440/65R28 FIRESTONE MAXI TRACTION 131D/128E TL,FIRESTONE,440/65R28,Rolnicze,Ciągnik
360/70R24 BRIDGESTONE VX TRACTOR 122D/119E TL,BRIDGESTONE,360/70R24,Rolnicze,Ciągnik
480/70R30 FIRESTONE PERFORMER 70 141D/138E TL,FIRESTONE,480/70R30,Rolnicze,Ciągnik
460/70R24 FIRESTONE DURAFORCE 159A8 TL,FIRESTONE,460/70R24,Przemysłowe,Koparka
600/65R34 BRIDGESTONE VX TRACTOR 151D/148E TL,BRIDGESTONE,600/65R34,Rolnicze,Ciągnik
360/70R24 FIRESTONE PERFORMER 70 122D/119E TL,FIRESTONE,360/70R24,Rolnicze,Ciągnik
460/85R38 KLEBER TRAKER 149A8/146B TL,KLEBER,460/85R38,Rolnicze,Ciągnik
520/70R38 KLEBER FITKER 150A8/150B TL,KLEBER,520/70R38,Rolnicze,Ciągnik
480/70R30 KLEBER FITKER 141A8/141B TL,KLEBER,480/70R30,Rolnicze,Ciągnik
420/85R30 KLEBER TRAKER 140A8/137B TL,KLEBER,420/85R30,Rolnicze,Ciągnik
16.9-28 ALLIANCE AGRI NOVA 143A8 12PR TT,ALLIANCE,16.9-28,Rolnicze,Ciągnik
12.4-24 ALLIANCE AGRI NOVA 129A8 12PR TT,ALLIANCE,12.4-24,Rolnicze,Ciągnik
12.4-24 ALLIANCE AGRI NOVA 121A8 8PR TL,ALLIANCE,12.4-24,Rolnicze,Ciągnik
VF900/65R38 ALLIANCE AGRIFLEX 389 + XT 195D TL,ALLIANCE,900/65R38,Rolnicze,Ciągnik
16.9-34 ALLIANCE 333 153A8/150B TL,ALLIANCE,16.9-34,Rolnicze,Ciągnik
5.00-12 GTK BT44 62A6 4PR TT,GTK,5.00-12,Rolnicze,Przyczepa
315/60R22.5 LINGLONG KTS300 152/148L 16PR TL M+S 3PMSF,LINGLONG,315/60R22.5,Przemysłowe,Oś kierowana
295/60R22.5 LINGLONG KTD300 150/147L 16PR TL M+S 3PMSF,LINGLONG,295/60R22.5,Przemysłowe,Oś napędowa
10.00-20 MRL MEX 473 ROCK LUG 146B 16PR TT,MRL,10.00-20,Przemysłowe,Uniwersalne/pozostałe
260/70R18 ALLIANCE 579 114A8 TL,ALLIANCE,260/70R18,Rolnicze,Uniwersalne/pozostałe
600/55-22.5 ALLIANCE 328 FLOTATION 162D/161E TL,ALLIANCE,600/55-22.5,Rolnicze,Przyczepa
9.5R17.5 CONTINENTAL LSR1 129/127L 14PR TL,CONTINENTAL,9.5R17.5,Ciężarowe,Uniwersalne/pozostałe
380/85R30 ALLIANCE AGRISTAR II 85 135D TL,ALLIANCE,380/85R30,Rolnicze,Uniwersalne/pozostałe
380/70R28 ALLIANCE AGRI STAR II 127D STUBBLE GUARD TL,ALLIANCE,380/70R28,Rolnicze,Uniwersalne/pozostałe
380/70R20 OZKA AGRO 10 122A8/122B TL,OZKA,380/70R20,Rolnicze,Ciągnik
12.5/80-18 SPEEDWAYS PK-303 12PR TL,SPEEDWAYS,12.5/80-18,Rolnicze,Przyczepa
300/70R20 SPEEDWAYS SR-777 120B/120A8 TL,SPEEDWAYS,300/70R20,Rolnicze,Uniwersalne/pozostałe
12.4-36 SPEEDWAYS GRIPKING 8PR TT,SPEEDWAYS,12.4-36,Rolnicze,Ciągnik
4.50-16 SPEEDWAYS SW-201 4PR TT,SPEEDWAYS,4.50-16,Rolnicze,Ciągnik
23X10-12 TRELLEBORG XP800,TRELLEBORG,23x10-12,Przemysłowe,Wózek widłowy
18X7-8 TRELLEBORG XP800,TRELLEBORG,18x7-8,Przemysłowe,Wózek widłowy
180/70R8 CONTINENTAL RV20 125A5/146A2 TL,CONTINENTAL,180/70R8,Przemysłowe,Uniwersalne/pozostałe
200/95-12 TRELLEBORG AF 302 101A8 TL,TRELLEBORG,200/95-12,Rolnicze,Ciągnik
250-15 CONTINENTAL IC12 153A5 18PR TT,CONTINENTAL,250-15,Przemysłowe,Wózek widłowy
27X10-12 CONTINENTAL IC12 152A5 20PR TT,CONTINENTAL,27x10-12,Przemysłowe,Wózek widłowy
16.0/70-20 BKT AW 705 12PR TL,BKT,16.0/70-20,Rolnicze,Przyczepa
23X10.50-12 BKT TR 315 6PR TL,BKT,23x10.50-12,Rolnicze,Ciągnik
13X5.00-6 MITAS B12 4PR TL,MITAS,13x5.00-6,Rolnicze,Kosiarka/ogród
12.0/75-18 MITAS TR-03 139A8/126A8 12PR TL,MITAS,12.0/75-18,Rolnicze,Ciągnik
16.9-26 CULTOR AS AGRI 10 142A6 10PR TT,CULTOR,16.9-26,Rolnicze,Ciągnik
13.6R24 MITAS AC85 125A8/125B TL,MITAS,13.6R24,Rolnicze,Ciągnik
280/70R16 ALLIANCE 370 112A8/109B TL,ALLIANCE,280/70R16,Rolnicze,Uniwersalne/pozostałe
12-16.5 OZKA KNK 66 148A3 14PR TL,OZKA,12-16.5,Rolnicze,Uniwersalne/pozostałe
18.4R38 MITAS AC85 149A8/149B TL,MITAS,18.4R38,Rolnicze,Ciągnik
12.0/75-18 MITAS TR03 12PR TL,MITAS,12.0/75-18,Rolnicze,Przyczepa
500/50-17 KABAT FIELD MASTER FMR-01 157A8/145A8 18PR TL,KABAT,500/50-17,Rolnicze,Uniwersalne/pozostałe
225/75R17.5 WEST LAKE WDA2 129/127M 3PMSF M+S DRIVE,WEST LAKE,225/75R17.5,Ciężarowe,Oś napędowa
380/70R20 MITAS AC 70 T 122A8/122B TL DEMO,MITAS,380/70R20,Rolnicze,Ciągnik
7.50-20 SPEEDWAYS SW-201 12PR TT,SPEEDWAYS,7.50-20,Rolnicze,Ciągnik
19.0/45-17 SPEEDWAYS PK-307 18PR TL,SPEEDWAYS,19.0/45-17,Rolnicze,Przyczepa
11.2-20 SPEEDWAYS GRIPKING 12PR TT,SPEEDWAYS,11.2-20,Rolnicze,Ciągnik
7-14 ALLIANCE AGRI NOVA 72A6 4PR TT,ALLIANCE,7-14,Rolnicze,Ciągnik
13.6-28 ALLIANCE AGRI NOVA 125A8 8PR TT,ALLIANCE,13.6-28,Leśne,Ciągnik
VF680/85R32 ALLIANCE AGRIFLEX 372 + 184D TL,ALLIANCE,680/85R32,Rolnicze,Ciągnik
425/55R17 ALLIANCE 570 140A8/140B TL,ALLIANCE,425/55R17,Rolnicze,Ciągnik
12.5-20 CULTOR MPT-30 132G 12PR TT,CULTOR,12.5-20,Rolnicze,Uniwersalne/pozostałe
295/60R22.5 MARSHAL RD50 150/147K 3PMSF M+S DRIVE,MARSHAL,295/60R22.5,Ciężarowe,Oś napędowa
13.6-24 GTK AS100 123A6 8PR TT,GTK,13.6-24,Rolnicze,Uniwersalne/pozostałe
18-22.5 GRI GRIP EX MP500 18PR R-4 TL,GRI,18-22.5,Rolnicze,Ładowarka
12-16.5 GRI XPT SS 14PR R-4 TL,GRI,12-16.5,Rolnicze,Ładowarka
10-16.5 GRI XPT SS 12PR R-4 TL,GRI,10-16.5,Rolnicze,Ładowarka
10-16.5 GRI XPT HD 12PR L-5 TL,GRI,10-16.5,Przemysłowe,Uniwersalne/pozostałe
12-16.5 GRI XPT HD 14PR L-5 TL,GRI,12-16.5,Przemysłowe,Uniwersalne/pozostałe
12-16.5 GRI XPT+ 12PR R-4 TL,GRI,12-16.5,Rolnicze,Ładowarka
540/65R28 GRI GREEN XLR 65 149D/152A8 R-1W TL,GRI,540/65R28,Rolnicze,Ciągnik
270/95R48 GRI GREEN XLR 95 144D/147A8 R-1 TL,GRI,270/95R48,Rolnicze,Ciągnik
420/70R28 GRI GREEN XLR 70 133D R-1W TL,GRI,420/70R28,Rolnicze,Ciągnik
12-16.5 CEAT GRIP X HD 14PR TL,CEAT,12-16.5,Rolnicze,Uniwersalne/pozostałe
VF380/90R50 CEAT SPRAYMAX 175D TL,CEAT,380/90R50,Rolnicze,Opryskiwacz
IF650/60R34 CEAT TORQUEMAX 159D TL,CEAT,650/60R34,Rolnicze,Ciągnik
11.2-38 CEAT IRR-O-GATOR 117A6 6PR TT,CEAT,11.2-38,Rolnicze,Ciągnik
550/60-22.5 CEAT FLOTATION T422 155A8/168A8 16PR TL,CEAT,550/60-22.5,Rolnicze,Przyczepa
VF380/90R50 CEAT SPRAYMAX 175D SB TL,CEAT,380/90R50,Rolnicze,Opryskiwacz
16.9-28 CEAT FARMAX R1 143A8 12PR TL,CEAT,16.9-28,Rolnicze,Ciągnik
28L-26 CEAT YIELDMAX 23° 150A8 12PR TL,CEAT,28L-26,Rolnicze,Kombajn
24.5-32 CEAT YIELDMAX 23° 159A8 14PR TL,CEAT,24.5-32,Rolnicze,Kombajn
300/70R20 CEAT FARMAX R70 123A8/120D TL,CEAT,300/70R20,Rolnicze,Ciągnik
23.1-26 CEAT FARMAX R1 162A8 18PR TL,CEAT,23.1-26,Rolnicze,Ciągnik
15.5/80-24 ALLIANCE AGRI NOVA 157A8 12PR TL,ALLIANCE,15.5/80-24,Rolnicze,Uniwersalne/pozostałe
16.9-38 CEAT FARMAX R1 146A8 12PR TT,CEAT,16.9-38,Rolnicze,Ciągnik
225/75R17.5 ROVELO STEER R1 127M 14PR TL,ROVELO,225/75R17.5,Ciężarowe,Oś kierowana
225/75R17.5 ROVELO DRIVE R1 127M 14PR TL,ROVELO,225/75R17.5,Ciężarowe,Oś napędowa
205/75R17.5 ROVELO DRIVE R1 122L 14PR TL,ROVELO,205/75R17.5,Ciężarowe,Oś napędowa
VF900/65R46 CEAT TORQUEMAX 196D SB TL,CEAT,900/65R46,Rolnicze,Ciągnik
385/65R22.5 ROVELO STEER R3 164K/158L 24PR TL,ROVELO,385/65R22.5,Ciężarowe,Oś kierowana
710/50R30.5 CEAT FLOATMAX RT 173D SB TL,CEAT,710/50R30.5,Rolnicze,Przyczepa
480/70R30 CEAT LAWNMAX 141A8/141B TL,CEAT,480/70R30,Rolnicze,Kosiarka/ogród
9.00-20 TURON TERRACLASSIC SKL800 140B 14PR TT,TURON,9.00-20,Przemysłowe,Uniwersalne/pozostałe
12.4-32 SPEEDWAYS GRIPKING 8PR TT,SPEEDWAYS,12.4-32,Rolnicze,Ciągnik
18.4-26 SPEEDWAYS POWERLUG R-4 12PR TL,SPEEDWAYS,18.4-26,Przemysłowe,Ładowarka
16.9-28 SPEEDWAYS POWERLUG R-4 12PR TL,SPEEDWAYS,16.9-28,Przemysłowe,Ładowarka
12.4-28 SPEEDWAYS GRIPKING 8PR TT,SPEEDWAYS,12.4-28,Rolnicze,Ciągnik
550/60-22.5 ALLIANCE 328 FLOTATION 154A8/166A8 16PR,ALLIANCE,550/60-22.5,Rolnicze,Przyczepa
11.2-28 ALLIANCE AGRI NOVA 8PR TT,ALLIANCE,11.2-28,Rolnicze,Ciągnik
12.0/75-18 ALLIANCE 317 12PR TL,ALLIANCE,12.0/75-18,Przemysłowe,Uniwersalne/pozostałe
420/70R24 BRIDGESTONE VX-R TRACTOR 130D/127E TL,BRIDGESTONE,420/70R24,Rolnicze,Ciągnik
360/70R24 FIRESTONE PERFORMER 70 122D/119E TL,FIRESTONE,360/70R24,Rolnicze,Ciągnik
320/85R28 VREDESTEIN TRAXION85 II 124A8/124B TL,VREDESTEIN,320/85R28,Rolnicze,Ciągnik
600/70R30 ALLIANCE 550 158D/161A8 TL,ALLIANCE,600/70R30,Leśne,Uniwersalne/pozostałe
400/75R38 ALLIANCE FARM PRO II 134A8/134B TL,ALLIANCE,400/75R38,Rolnicze,Ciągnik
600/55R26.5 ALLIANCE 885 165D TL,ALLIANCE,600/55R26.5,Rolnicze,Przyczepa
650/75R38 TRELLEBORG TM900 HP 169D/166E TL,TRELLEBORG,650/75R38,Rolnicze,Ciągnik
600/70R28 FIRESTONE MAXI TRACTION 157D/154E TL,FIRESTONE,600/70R28,Rolnicze,Ciągnik
315/60R22.5 GOODYEAR KMAX S G3 154/148L 3PMSF FRONT,GOODYEAR,315/60R22.5,Ciężarowe,Oś kierowana
7.50-16 KENDA K610 KINETICS 12PR TT,KENDA,7.50-16,Przemysłowe,Uniwersalne/pozostałe
445/50R22.5 ALLIANCE AGRIFLEX 381 + 167D TL,ALLIANCE,445/50R22.5,Rolnicze,Ciągnik
13.6-24 OZKA KNK 50 123A6 8PR TT,OZKA,13.6-24,Rolnicze,Uniwersalne/pozostałe
12.5/80-15.3 OZKA KNK 48 142A8 14PR TL,OZKA,12.5/80-15.3,Rolnicze,Ciągnik
10.5/80-18 OZKA IND 80 135A8 12PR TL,OZKA,10.5/80-18,Rolnicze,Uniwersalne/pozostałe
9.00-16 GTK TN70 128A6 14PR TT,GTK,9.00-16,Rolnicze,Ciągnik
385/65R22.5 BRIDGESTONE ECOPIA STEER 160K/158L 3PMSF M+S FRONT,BRIDGESTONE,385/65R22.5,Ciężarowe,Oś kierowana
315/80R22.5 BRIDGESTONE M-STEER 002 156/150K 3PMSF M+S FRONT,BRIDGESTONE,315/80R22.5,Ciężarowe,Oś kierowana
225/75R17.5 FIRESTONE FS411 129M/127M 3PMSF FRONT,FIRESTONE,225/75R17.5,Ciężarowe,Oś kierowana
320/80-18 MITAS TR-09 LSL 138A8/125A8 12PR TL,MITAS,320/80-18,Rolnicze,Uniwersalne/pozostałe
23X10.50-12 MRL MTR 600 107A3 8PR TL,MRL,23x10.50-12,Rolnicze,Przyczepa
340/65R18 ALLIANCE 571 148A8/145E TL,ALLIANCE,340/65R18,Przemysłowe,Przyczepa
320/85R24 VREDESTEIN TRAXION85 II 122A8/122B TL,VREDESTEIN,320/85R24,Rolnicze,Ciągnik
340/80-18 MICHELIN POWER CL 143A8 TL,MICHELIN,340/80-18,Rolnicze,Koparka
560/60R22.5 ALLIANCE 390 164D TL,ALLIANCE,560/60R22.5,Rolnicze,Ciągnik
6.00-16 ALLIANCE 324 FARM PRO 8PR TT,ALLIANCE,6.00-16,Rolnicze,Ciągnik
340/85R28 ALLIANCE AGRISTAR II 85 127D TL,ALLIANCE,340/85R28,Rolnicze,Ciągnik
11R22.5 MATADOR DR 1 HECTOR 148/145K 16PR TL M+S 3PMSF,MATADOR,11R22.5,Przemysłowe,Uniwersalne/pozostałe
11.00-20 JK TYRE CRANE KING 155B 16PR TT,JK TYRE,11.00-20,Przemysłowe,Uniwersalne/pozostałe
10.0/75-15.3 MRL MAW 200 IMPLEMENT 123A6/119A8 10PR TT,MRL,10.0/75-15.3,Rolnicze,Przyczepa
380/70R20 ALLIANCE AGRISTAR II 122D TL,ALLIANCE,380/70R20,Rolnicze,Ciągnik
500/55-20 ALLIANCE 327 155A8/151B TL,ALLIANCE,500/55-20,Rolnicze,Uniwersalne/pozostałe
6.50-10 MITAS FL-08 10PR TT,MITAS,6.50-10,Przemysłowe,Wózek widłowy
320/70R20 ALLIANCE 579 113A8 TL,ALLIANCE,320/70R20,Rolnicze,Uniwersalne/pozostałe
320/70R20 ALLIANCE AGRISTAR II 123D TL,ALLIANCE,320/70R20,Rolnicze,Ciągnik
21.0/80-20 ALLIANCE 222 154A8/166A8 12PR TL,ALLIANCE,21.0/80-20,Rolnicze,Przyczepa
12.5/80-15.3 ALLIANCE 320 VALUE PLUS 148A6/144A8 TL,ALLIANCE,12.5/80-15.3,Rolnicze,Ciągnik
9.5R28 ALLIANCE AGRISTAR II RC 110D/107E TL,ALLIANCE,9.5R28,Rolnicze,Ciągnik
25X10.50-15 GALAXY TURF SPECIAL 6PR TL,GALAXY,25x10.50-15,Przemysłowe,Kosiarka/ogród
380/70R24 BKT AGRIMAX RT 765 125D TL,BKT,380/70R24,Rolnicze,Ciągnik
245/70R19.5 SAVA AVANT A3 136/134M 3PMSF FRONT,SAVA,245/70R19.5,Ciężarowe,Oś kierowana
385/65R22.5 FALKEN RI128 164K/158L M+S,FALKEN,385/65R22.5,Ciężarowe,Oś kierowana
315/80R22.5 MATADOR HR 5 156/150L TL M+S 3PMSF,MATADOR,315/80R22.5,Ciężarowe,Oś kierowana
225/75R17.5 LINGLONG KLD200 129/127M 14PR TL M+S 3PMSF,LINGLONG,225/75R17.5,Ciężarowe,Oś napędowa
12.5/80-15.3 ALLIANCE A320 VALUE PLUS 14PR TL,ALLIANCE,12.5/80-15.3,Rolnicze,Ciągnik
340/85R28 VREDESTEIN TRAXION85 II 127A8/127B TL,VREDESTEIN,340/85R28,Rolnicze,Ciągnik
420/85R28 FIRESTONE PERFORMER 85 144A8/144B TL,FIRESTONE,420/85R28,Rolnicze,Ciągnik
315/70R22.5 HANKOOK DL20W 154/150L 3PMSF M+S DRIVE,HANKOOK,315/70R22.5,Ciężarowe,Oś napędowa
12.5/80-18 GTK LD90 R-4 146A8 14PR TL,GTK,12.5/80-18,Rolnicze,Ładowarka
16.9-30 CEAT FARMAX 144A8 12PR TL,CEAT,16.9-30,Rolnicze,Ciągnik
13.6-28 CEAT FARMAX R1 134A8 12PR TL,CEAT,13.6-28,Rolnicze,Ciągnik
13.6-24 CEAT FARMAX R1 122A8 8PR TL,CEAT,13.6-24,Rolnicze,Ciągnik
13.6-24 CEAT FARMAX R1 128A8 10PR TL,CEAT,13.6-24,Rolnicze,Ciągnik
12.4-24 CEAT FARMAX R1 121A8 8PR TL,CEAT,12.4-24,Rolnicze,Ciągnik
12.4-24 CEAT FARMAX R1 125A8 10PR TL,CEAT,12.4-24,Rolnicze,Ciągnik
18.4-26 CEAT FARMAX R1 146A8 12PR TL,CEAT,18.4-26,Rolnicze,Ciągnik
10.0/80-12 MRL MAW 200 IMPLEMENT 121A6/118A8 10PR TL,MRL,10.0/80-12,Rolnicze,Przyczepa
12.4-28 CEAT FARMAX R1 123A8 8PR TL,CEAT,12.4-28,Rolnicze,Ciągnik
14.9R30 ALLIANCE AGRISTAR II 135D TL,ALLIANCE,14.9R30,Rolnicze,Ciągnik
550/45-22.5 ALLIANCE 331 12PR,ALLIANCE,550/45-22.5,Leśne,Uniwersalne/pozostałe
320/70R20 ALLIANCE AGRISTAR II 123D TL,ALLIANCE,320/70R20,Rolnicze,Ciągnik
7.50-20 OZKA KNK 50 108A6 8PR TT,OZKA,7.50-20,Rolnicze,Uniwersalne/pozostałe
500/60R22.5 CEAT FLOATMAX RT 163D SB TL,CEAT,500/60R22.5,Rolnicze,Przyczepa
23X8.50-12 CEAT TURF-XL 100A2 6PR TL,CEAT,23x8.50-12,Przemysłowe,Kosiarka/ogród
600/70R30 CEAT FARMAX R70 158D TL,CEAT,600/70R30,Rolnicze,Ciągnik
550/60-22.5 CEAT T422 VALUE PRO 155A8/168A8 16PR TL,CEAT,550/60-22.5,Rolnicze,Przyczepa
500/60-22.5 CEAT FLOTATION T422 151A8/163A8 16PR TL,CEAT,500/60-22.5,Rolnicze,Przyczepa
480/80R42 CEAT FARMAX R80 154A8/151D TL,CEAT,480/80R42,Rolnicze,Ciągnik
200/60-14.5 CEAT FARM IMPLEMENT I-1 113A8 14PR TL,CEAT,200/60-14.5,Rolnicze,Przyczepa
10.0/80-12 CEAT AWI 305 121A8 10PR TL,CEAT,10.0/80-12,Rolnicze,Przyczepa
700/40-22.5 CEAT FLOTATION T422 160A8/173A8 18PR TL,CEAT,700/40-22.5,Rolnicze,Przyczepa
11.2-24 CEAT IRR-O-GATOR 120A8 6PR TL,CEAT,11.2-24,Rolnicze,Ciągnik
18.4-38 CEAT FARMAX R1 152A8 12PR TL,CEAT,18.4-38,Rolnicze,Ciągnik
12.4-32 CEAT FARMAX R1 121A8 8PR TT,CEAT,12.4-32,Rolnicze,Ciągnik
14.9-26 CEAT FARMAX R1 132A8 12PR TL,CEAT,14.9-26,Rolnicze,Ciągnik
14.9-24 CEAT FARMAX R1 132A8 12PR TT,CEAT,14.9-24,Rolnicze,Ciągnik
23X10.50-12 CEAT TURF-XL 113A2 8PR TL,CEAT,23x10.50-12,Rolnicze,Kosiarka/ogród
7.00-12 CEAT ELEVETA X3 14PR TT,CEAT,7.00-12,Przemysłowe,Wózek widłowy
275/70R22.5 WEST LAKE WAU1 URBAN MASTER 152J/148J 3PMSF M+S,WEST LAKE,275/70R22.5,Ciężarowe,All position
10.5/65-16 OZKA KNK 48 126A8 12PR TT,OZKA,10.5/65-16,Rolnicze,Uniwersalne/pozostałe
480/70R38 ALLIANCE AGRISTAR II 145D TL,ALLIANCE,480/70R38,Rolnicze,Ciągnik
315/80R22.5 MATADOR HR 5 156/150L TL M+S 3PMSF,MATADOR,315/80R22.5,Ciężarowe,Oś kierowana
500/50-17 MRL MAW 977 AW 155A6/151A8 14PR TL,MRL,500/50-17,Rolnicze,Uniwersalne/pozostałe
10.0/80-12 MRL MAW 200 IMPLEMENT 130A6/126A8 12PR TL,MRL,10.0/80-12,Rolnicze,Przyczepa
265/70R16.5 ALLIANCE 585 122A8/122B TL,ALLIANCE,265/70R16.5,Rolnicze,Uniwersalne/pozostałe
10.0/80-12 BKT AS 504 10PR TL,BKT,10.0/80-12,Rolnicze,Uniwersalne/pozostałe
23X8.50-12 BKT LG 306 8PR TL,BKT,23x8.50-12,Rolnicze,Kosiarka/ogród
250/85R28 BKT AGRIMAX RT 855 112A8 TL,BKT,250/85R28,Rolnicze,Ciągnik
27X8.50-15 BKT LG 306 4PR TL,BKT,27x8.50-15,Rolnicze,Kosiarka/ogród
320/80R42 ALLIANCE FARM PRO 842 141A8 TL,ALLIANCE,320/80R42,Rolnicze,Ciągnik
18.4R38 JK TYRE AGRI KING 85 149B TL,JK TYRE,18.4R38,Rolnicze,Wózek widłowy
18.4R34 JK TYRE AGRI KING 85 147B TL,JK TYRE,18.4R34,Rolnicze,Wózek widłowy
12.4R24 JK TYRE AGRI KING 85 122B TL,JK TYRE,12.4R24,Rolnicze,Wózek widłowy
280/70R16 JK TYRE AGRI KING 70 TORNEL 112B/112A8 TL,JK TYRE,280/70R16,Rolnicze,Wózek widłowy
16.9-30 JK TYRE JTR 45 144A6 12PR TT,JK TYRE,16.9-30,Rolnicze,Uniwersalne/pozostałe
600/55R26.5 ALLIANCE 882 165D TL SB,ALLIANCE,600/55R26.5,Rolnicze,Przyczepa
560/60R22.5 ALLIANCE 885 164D TL,ALLIANCE,560/60R22.5,Rolnicze,Przyczepa
650/75R32 ALLIANCE 360 172A8 TL,ALLIANCE,650/75R32,Rolnicze,Kombajn
23X8.50-12 TRELLEBORG SK-800 101A2 6PR TL,TRELLEBORG,23x8.50-12,Rolnicze,Uniwersalne/pozostałe
315/80R22.5 FIRESTONE FD833 156K/150K 3PMSF DRIVE,FIRESTONE,315/80R22.5,Ciężarowe,Oś napędowa
5.70-12 DELI SG-813 94A2 6PR TL,DELI,5.70-12,Przemysłowe,Uniwersalne/pozostałe
480/80R46 CEAT FARMAX R80 167A8/164D TL,CEAT,480/80R46,Rolnicze,Ciągnik
320/85R20 CEAT FARMAX R85 122A8/119D TL,CEAT,320/85R20,Rolnicze,Ciągnik
6.5/80-12 CEAT FARMAX AS 93A8 6PR TT,CEAT,6.5/80-12,Rolnicze,Ciągnik
420/90R30 CEAT FARMAX R90 150A8/147D TL,CEAT,420/90R30,Rolnicze,Ciągnik
380/70R28 JK TYRE AGRI KING 70 127B TL,JK TYRE,380/70R28,Rolnicze,Wózek widłowy
10-16.5 OZKA KNK 66 138A3 12PR TL,OZKA,10-16.5,Rolnicze,Uniwersalne/pozostałe
9.00-16 GTK TN60 128A6 14PR TT,GTK,9.00-16,Rolnicze,Ciągnik
230/95R32 ALLIANCE AGRISTAR II RC 128D/125E TL,ALLIANCE,230/95R32,Rolnicze,Ciągnik
540/65R28 KLEBER GRIPKER 142D TL,KLEBER,540/65R28,Rolnicze,Ciągnik
320/85R28 KLEBER TRAKER 124A8/121B TL,KLEBER,320/85R28,Rolnicze,Ciągnik
440/65R24 KLEBER GRIPKER 128D TL,KLEBER,440/65R24,Rolnicze,Ciągnik
360/70R20 KLEBER FITKER 129A8/126B TL,KLEBER,360/70R20,Rolnicze,Ciągnik
360/70R24 KLEBER FITKER 122A8/122B TL,KLEBER,360/70R24,Rolnicze,Ciągnik
320/85R32 KLEBER TRAKER 126A8/123B TL,KLEBER,320/85R32,Rolnicze,Ciągnik
315/80R22.5 BRIDGESTONE M-STEER 002 156/150K TL M+S 3PMSF,BRIDGESTONE,315/80R22.5,Ciężarowe,Oś kierowana
315/70R22.5 CONTINENTAL CONTI ECO HS 5 158/150L M+S HS FRONT,CONTINENTAL,315/70R22.5,Ciężarowe,Oś kierowana
6.50-16 MRL MTF 212 DABANG TR 91A6/83A8 6PR TT,MRL,6.50-16,Rolnicze,Ciągnik
320/85R36 ALLIANCE FARM PRO 128A8 TL DEMO,ALLIANCE,320/85R36,Rolnicze,Ciągnik
15.5/80-24 OZKA KNK 50 12PR TL,OZKA,15.5/80-24,Rolnicze,Uniwersalne/pozostałe
10.5/80-18 OZKA KNK 48 135A8 12PR TT,OZKA,10.5/80-18,Rolnicze,Ciągnik
11.2-24 GTK AS100 116A6 8PR TT,GTK,11.2-24,Rolnicze,Ciągnik
235/75R17.5 GOODYEAR KMAX 132/130M TL M+S 3PMSF,GOODYEAR,235/75R17.5,Ciężarowe,Oś kierowana
235/75R17.5 GOODYEAR KMAX 143J/144F TL M+S 3PMSF,GOODYEAR,235/75R17.5,Ciężarowe,Oś kierowana
385/55R22.5 HANKOOK AL50 160K 3PMSF M+S FRONT,HANKOOK,385/55R22.5,Ciężarowe,Oś kierowana
380/90R50 ALLIANCE AGRISTAR II RC 158D/155E TL,ALLIANCE,380/90R50,Rolnicze,Uniwersalne/pozostałe
16.9-34 SPEEDWAYS GRIPKING 14PR TT,SPEEDWAYS,16.9-34,Rolnicze,Ciągnik
18.4-30 SPEEDWAYS GRIPKING 14PR TT,SPEEDWAYS,18.4-30,Rolnicze,Ciągnik
20.8-38 SPEEDWAYS GRIPKING 14PR TT,SPEEDWAYS,20.8-38,Rolnicze,Ciągnik
4.50-16 SPEEDWAYS GRIPKING 6PR TT,SPEEDWAYS,4.50-16,Rolnicze,Ciągnik
305/70R22.5 KUMHO KRD02 152/148L 16PR TL 3PMSF,KUMHO,305/70R22.5,Przemysłowe,Uniwersalne/pozostałe
385/55R22.5 LINGLONG R-T30 160K/158L 20PR TL M+S 3PMSF,LINGLONG,385/55R22.5,Ciężarowe,Oś kierowana
420/85R26 ALLIANCE FARM PRO 846 135A8 TL,ALLIANCE,420/85R26,Rolnicze,Ciągnik
315/70R22.5 LINGLONG R-D36 156/ 18PR TL M+S 3PMSF,LINGLONG,315/70R22.5,Ciężarowe,Oś kierowana
295/60R22.5 GOODYEAR ULTRAGRIP MAX 150K/149L TL M+S 3PMSF,GOODYEAR,295/60R22.5,Ciężarowe,Oś kierowana
315/70R22.5 KUMHO XS10 156/150L 3PMSF FRONT,KUMHO,315/70R22.5,Ciężarowe,Oś kierowana
320/85R38 BKT AGRIMAX RT 855 143A8/143B TL,BKT,320/85R38,Rolnicze,Ciągnik
180/90-16 TRELLEBORG AF 302 100A8 TL,TRELLEBORG,180/90-16,Rolnicze,Ciągnik
400/70-20 BKT CON STAR 149A8 16PR TL,BKT,400/70-20,Przemysłowe,Koparka
4.00-16 BKT TF 8181 4PR TT,BKT,4.00-16,Rolnicze,Ciągnik
320/90R54 BKT AGRIMAX RT 945 156A8/156B TL,BKT,320/90R54,Rolnicze,Ciągnik
520/50-17 BKT FLOT 647 159B TL,BKT,520/50-17,Rolnicze,Przyczepa
5.00-8 GALAXY YARD MASTER ULTRA 10PR TT,GALAXY,5.00-8,Przemysłowe,Wózek widłowy
10.0/75-15.3 MITAS TR-03 130A8 14PR TL,MITAS,10.0/75-15.3,Rolnicze,Uniwersalne/pozostałe
550/60-22.5 PETLAS IMF-18 167A8 16PR TL,PETLAS,550/60-22.5,Przemysłowe,Uniwersalne/pozostałe
270/95R48 MITAS AC 90 144A8/141B TL,MITAS,270/95R48,Rolnicze,Ciągnik
420/70R30 MITAS HC70 137A8/134D TL,MITAS,420/70R30,Rolnicze,Ciągnik
13.6R38 MITAS AC85 148A8/148B TL,MITAS,13.6R38,Rolnicze,Ciągnik
275/90R22.5 MITAS SRT2 153G/163A5 TL,MITAS,275/90R22.5,Przemysłowe,Uniwersalne/pozostałe
16.9R34 MITAS AC85 142A8/142B TL,MITAS,16.9R34,Rolnicze,Ciągnik
440/65R28 ALLIANCE AGRISTAR 365 138D/141A8 TL,ALLIANCE,440/65R28,Rolnicze,Ciągnik
540/65R38 ALLIANCE AGRISTAR 365 153D TL,ALLIANCE,540/65R38,Rolnicze,Ciągnik
520/85R46 ALLIANCE FARM PRO 158A8 TL,ALLIANCE,520/85R46,Rolnicze,Ciągnik
600/65R38 MITAS AC65 153D/156A8 TL,MITAS,600/65R38,Rolnicze,Ciągnik
405/70R18 MITAS EM-01 141B TL,MITAS,405/70R18,Przemysłowe,Ciągnik
500/85R24 MITAS SFT 182A8/161A8 TL,MITAS,500/85R24,Rolnicze,Ciągnik
420/70R24 CULTOR RD-02 130A8 TL,CULTOR,420/70R24,Rolnicze,Ciągnik
520/70R38 CULTOR RD-02 150A8/150B TL,CULTOR,520/70R38,Rolnicze,Ciągnik
385/65R22.5 BFGOODRICH ROUTE CONTROL T 160K,BFGOODRICH,385/65R22.5,Ciężarowe,Oś napędowa
480/70R34 GTK AGR ALFA 146A8/143D TL,GTK,480/70R34,Rolnicze,Ciągnik
480/70R34 GTK RS200 143A8/143B TL,GTK,480/70R34,Rolnicze,Ciągnik
460/85R30 GTK RS200 145A8/142B TL,GTK,460/85R30,Rolnicze,Ciągnik
420/70R24 GTK AGR ALFA 133A8/130D TL,GTK,420/70R24,Rolnicze,Ciągnik
7.50-18 GTK AS100 106A6 8PR TT,GTK,7.50-18,Rolnicze,Uniwersalne/pozostałe
445/45R19.5 WEST LAKE WTL1 160L 3PMSF M+S,WEST LAKE,445/45R19.5,Ciężarowe,Naczepa/przyczepa
650/65R42 TRELLEBORG TM 800 158D TL DEMO,TRELLEBORG,650/65R42,Rolnicze,Ciągnik
540/65R38 MICHELIN MULTIBIB 147D TL DEMO,MICHELIN,540/65R38,Rolnicze,Uniwersalne/pozostałe
540/65R30 TRELLEBORG TM 800 143D TL DEMO,TRELLEBORG,540/65R30,Rolnicze,Ciągnik
480/70R34 BKT AGRIMAX RT 765 149D TL DEMO,BKT,480/70R34,Rolnicze,Ciągnik
440/65R28 TRELLEBORG TM 800 131D TL DEMO,TRELLEBORG,440/65R28,Rolnicze,Ciągnik
500/70R24 ALLIANCE 580 164A8/164B TL DEMO,ALLIANCE,500/70R24,Rolnicze,Ciągnik
540/65R38 TRELLEBORG TM 800 147D TL DEMO,TRELLEBORG,540/65R38,Rolnicze,Ciągnik
280/85R28 BKT AGRIMAX RT 855 118A8/118B TL DEMO,BKT,280/85R28,Rolnicze,Ciągnik
200/70R16 MITAS AC 70 T 94A8/94B TL DEMO,MITAS,200/70R16,Rolnicze,Ciągnik
480/65R24 MICHELIN MULTIBIB 133D TL DEMO,MICHELIN,480/65R24,Rolnicze,Uniwersalne/pozostałe
600/65R34 TRELLEBORG TM 800 PT HS 157D/154E TL HS,TRELLEBORG,600/65R34,Rolnicze,Ciągnik
710/70R42 TRELLEBORG TM 900 PT 173D/170E TL,TRELLEBORG,710/70R42,Rolnicze,Ciągnik
500/45R22.5 VREDESTEIN FLOTATION 136D TL,VREDESTEIN,500/45R22.5,Rolnicze,Przyczepa
210/95R28 BKT AGRIMAX RT 955 116A8/116B TL,BKT,210/95R28,Rolnicze,Ciągnik
500/50-17 BKT AW 708 14PR TL,BKT,500/50-17,Rolnicze,Przyczepa
460/85R38 ALLIANCE AGRISTAR II 85 167D TL,ALLIANCE,460/85R38,Rolnicze,Ciągnik
600/50-22.5 ALLIANCE 331 173A8/173B TL,ALLIANCE,600/50-22.5,Rolnicze,Uniwersalne/pozostałe
560/60R22.5 ALLIANCE 390 HEAVY DUTY 170D TL,ALLIANCE,560/60R22.5,Rolnicze,Uniwersalne/pozostałe
425/55R17 ALLIANCE 570 142A8/142B TL,ALLIANCE,425/55R17,Przemysłowe,Uniwersalne/pozostałe
295/80R22.5 HANKOOK AU04 152/148J M+S 3PMSF,HANKOOK,295/80R22.5,Ciężarowe,Oś kierowana
385/55R22.5 LINGLONG R-T30 160K/158L 20PR TL M+S 3PMSF,LINGLONG,385/55R22.5,Ciężarowe,Oś kierowana
10-16.5 GRI XPT+ 10PR R-4 TL,GRI,10-16.5,Rolnicze,Ładowarka
18-19.5 GRI GRIP EX MP500 18PR R-4 TL,GRI,18-19.5,Rolnicze,Ładowarka
650/65R38 GRI GREEN XLR 65 172D/175A8 R-1W TL,GRI,650/65R38,Rolnicze,Ciągnik
280/70R18 ALLIANCE 579 114A8/114B TL,ALLIANCE,280/70R18,Rolnicze,Uniwersalne/pozostałe
VF710/60R30 ALLIANCE AGRIFLEX 372 + 171D SB TL,ALLIANCE,710/60R30,Rolnicze,Ciągnik
650/75R32 CHO CEAT YIELDMAX 172A8/172B SB TL,CEAT,650/75R32,Rolnicze,Kombajn
480/70R34 CEAT FARMAX R70 158A8/155D TL,CEAT,480/70R34,Rolnicze,Ciągnik
5.00-15 CEAT FARMAX F2 73A6 4PR TT,CEAT,5.00-15,Rolnicze,Ciągnik
7-16 ALLIANCE FARM PRO TD45 84A6 6PR TL,ALLIANCE,7-16,Rolnicze,Ciągnik
6-14 ALLIANCE AGRI NOVA 66A6 4PR TT,ALLIANCE,6-14,Rolnicze,Ciągnik
8.25-16 ALLIANCE AGRI NOVA 98A6 6PR TT,ALLIANCE,8.25-16,Przemysłowe,Ciągnik
750/60R30.5 CEAT FLOATMAX RT 181D SB TL,CEAT,750/60R30.5,Rolnicze,Przyczepa
500/45-20 ALLIANCE FLOTATION 331 160A8/160B SB TL,ALLIANCE,500/45-20,Rolnicze,Przyczepa
VF710/60R42 CFO ALLIANCE AGRIFLEX 372 + 161D SB TL,ALLIANCE,710/60R42,Rolnicze,Ciągnik
195R14 TURON TRAILERMOVE 201 104N 8PR TL,TURON,195R14,Rolnicze,Przyczepa
VF480/95R50 ALLIANCE AGRIFLEX 354 + 176D SB TL,ALLIANCE,480/95R50,Rolnicze,Ciągnik
VF480/80R46 CEAT SPRAYMAX 177D SB TL,CEAT,480/80R46,Rolnicze,Opryskiwacz
650/65R30.5 CEAT FLOATMAX FT 176D SB TL,CEAT,650/65R30.5,Rolnicze,Przyczepa
560/60R22.5 CEAT FLOATMAX FT 164D SB TL,CEAT,560/60R22.5,Rolnicze,Przyczepa
20.8-38 SPEEDWAYS GRIPKING 18PR TT,SPEEDWAYS,20.8-38,Rolnicze,Ciągnik
19.5-24 SPEEDWAYS POWERLUG R-4 16PR TL,SPEEDWAYS,19.5-24,Przemysłowe,Ładowarka
14.0/65-16 SPEEDWAYS PK-303 14PR TL,SPEEDWAYS,14.0/65-16,Rolnicze,Przyczepa
8.25-16 SPEEDWAYS GRIPKING 8PR TT,SPEEDWAYS,8.25-16,Rolnicze,Ciągnik
18.4-38 SPEEDWAYS GRIPKING 14PR TT,SPEEDWAYS,18.4-38,Rolnicze,Ciągnik
18.4-34 SPEEDWAYS GRIPKING 14PR TT,SPEEDWAYS,18.4-34,Rolnicze,Ciągnik
11.2-24 SPEEDWAYS GRIPKING 8PR TT,SPEEDWAYS,11.2-24,Rolnicze,Ciągnik
19.0/45-17 SPEEDWAYS PK-307 14PR TL,SPEEDWAYS,19.0/45-17,Rolnicze,Przyczepa
315/80R22.5 CELESTIS CDL4+ 156/150L 18PR TL M+S 3PMSF,CELESTIS,315/80R22.5,Ciężarowe,Oś napędowa
315/80R22.5 CELESTIS CUH2 156/150L 18PR TL M+S 3PMSF,CELESTIS,315/80R22.5,Ciężarowe,Oś kierowana
420/70-24 ALLIANCE AF 670 138A8/135B TL,ALLIANCE,420/70-24,Leśne,Uniwersalne/pozostałe
455/70R20 ALLIANCE 608 162A2/150B TL,ALLIANCE,455/70R20,Rolnicze,Uniwersalne/pozostałe
240/70R16 ALLIANCE 579 104A8/104B,ALLIANCE,240/70R16,Rolnicze,Ciągnik
300/95R52 ALLIANCE AGRISTAR II RC 149D/146E TL,ALLIANCE,300/95R52,Rolnicze,Ciągnik
16.9-24 ALLIANCE 325 168A8 TL,ALLIANCE,16.9-24,Przemysłowe,Uniwersalne/pozostałe
425/55R17 ALLIANCE 570 142A8 TL,ALLIANCE,425/55R17,Przemysłowe,Ciągnik
600/65R38 BRIDGESTONE VX-R TRACTOR 153D/150E TL,BRIDGESTONE,600/65R38,Rolnicze,Ciągnik
540/65R28 BRIDGESTONE VX-R TRACTOR 142D/139E TL,BRIDGESTONE,540/65R28,Rolnicze,Ciągnik
480/65R24 BRIDGESTONE VX-R TRACTOR 133D/130E TL,BRIDGESTONE,480/65R24,Rolnicze,Ciągnik
600/65R38 FIRESTONE MAXITRACTION 65 153D/150E TL,FIRESTONE,600/65R38,Rolnicze,Ciągnik
580/70R38 FIRESTONE PERFORMER 70 155D/152E TL,FIRESTONE,580/70R38,Rolnicze,Ciągnik
460/85R38 FIRESTONE PERFORMER 85 149D/146E TL,FIRESTONE,460/85R38,Rolnicze,Ciągnik
480/65R28 FIRESTONE MAXITRACTION 65 136D/133E TL,FIRESTONE,480/65R28,Rolnicze,Ciągnik
11.5/80-15.3 VREDESTEIN FAKTOR 119A8 8PR TT,VREDESTEIN,11.5/80-15.3,Rolnicze,Uniwersalne/pozostałe
16.9-28 MRL MRT 329 KIRTI 146A6/142A8 14PR TT,MRL,16.9-28,Rolnicze,Ciągnik
18.4-26 MRL MTU 430 ROCKY HD 162A8 16PR TL,MRL,18.4-26,Przemysłowe,Ładowarka
315/80R22.5 CELESTIS CDC1 156/150K 18PR TL M+S 3PMSF,CELESTIS,315/80R22.5,Ciężarowe,Oś napędowa
265/70R17.5 FALKEN RI151 140/138M 3PMSF M+S FRONT,FALKEN,265/70R17.5,Ciężarowe,Oś kierowana
265/70R19.5 DUNLOP SP246 143/141J TL M+S 3PMSF,DUNLOP,265/70R19.5,Ciężarowe,Naczepa/przyczepa
540/65R30 FIRESTONE MAXI TRACTION 143D/140E TL,FIRESTONE,540/65R30,Rolnicze,Ciągnik
340/80R18 MICHELIN XMCL 143A8/143B TL,MICHELIN,340/80R18,Przemysłowe,Koparka
18.4R34 FIRESTONE PERFORMER 85 147D/144E TL,FIRESTONE,18.4R34,Rolnicze,Ciągnik
365/80R20 FIRESTONE DURA-UT 141B TL,FIRESTONE,365/80R20,Rolnicze,Koparka
710/75R42 BRIDGESTONE VX-TRACTOR 175D,BRIDGESTONE,710/75R42,Rolnicze,Ciągnik
520/85R38 CEAT FARMAX R85 155D/158A8 TL,CEAT,520/85R38,Rolnicze,Ciągnik
650/65R38 ALLIANCE AGRISTAR II 157D TL,ALLIANCE,650/65R38,Rolnicze,Ciągnik
440/65R28 OZKA AGRO 10 134A8/131D TL,OZKA,440/65R28,Rolnicze,Ciągnik
6.00-16 GTK AS100 88A6 6PR TT,GTK,6.00-16,Rolnicze,Ciągnik
315/70R22.5 BRIDGESTONE ECOPIA STEER 156L/154M 3PMSF M+S FRONT,BRIDGESTONE,315/70R22.5,Ciężarowe,Oś kierowana
25/45R19 HANKOOK W340 WINTER I*CEPT EVO 4 104W,HANKOOK,25/45R19,Rolnicze,Uniwersalne/pozostałe
250/80R16 NOKIAN TRI 2 STEEL 119G TL,NOKIAN,250/80R16,Rolnicze,Uniwersalne/pozostałe
650/65R38 VREDESTEIN TRAXION65 157D TL,VREDESTEIN,650/65R38,Rolnicze,Ciągnik
385/65R22.5 HANKOOK AM15+ 158L M+S FRONT,HANKOOK,385/65R22.5,Ciężarowe,Oś kierowana
600/40-22.5 MRL MEX 340 EXCAVATOR PRINCE 160A8/157B 16PR TL,MRL,600/40-22.5,Przemysłowe,Koparka
355/50R22.5 FULDA REGIOCONTROL 3 HL 156K TL M+S 3PMSF,FULDA,355/50R22.5,Ciężarowe,Oś kierowana
7.50R15 CONTINENTAL HTR+ 135/133G 16PR TT M+S 3PMSF,CONTINENTAL,7.50R15,Przemysłowe,Uniwersalne/pozostałe
245/70R17.5 LINGLONG L-T20 143/141J 18PR TL M+S 3PMSF,LINGLONG,245/70R17.5,Ciężarowe,All position
400/60-15.5 MRL PRINCE 335 FLOTATION 149A6/145A8 18PR TL,MRL,400/60-15.5,Rolnicze,Przyczepa
650/55R26.5 ALLIANCE 885 170D SB TL,ALLIANCE,650/55R26.5,Rolnicze,Przyczepa
600/65R28 OZKA AGRO 10 157A8/154D TL,OZKA,600/65R28,Rolnicze,Ciągnik
270/80R36 MITAS AC 90 134A8/131B TL,MITAS,270/80R36,Rolnicze,Ciągnik
380/85R34 MITAS AC 85 146A8/146B TL,MITAS,380/85R34,Rolnicze,Ciągnik
305/70R22.5 KUMHO KRS03 152/148L 16PR TL 3PMSF,KUMHO,305/70R22.5,Przemysłowe,Uniwersalne/pozostałe
295/60R22.5 CONTINENTAL CONTI ECO HD5 150/147L 18PR TL M+S 3PMSF,CONTINENTAL,295/60R22.5,Ciężarowe,Oś kierowana
560/60R22.5 ALLIANCE 882 165D TL,ALLIANCE,560/60R22.5,Rolnicze,Przyczepa
100/82R20 KABAT,KABAT,100/82R20,Rolnicze,Uniwersalne/pozostałe
100/82R20 KABAT,KABAT,100/82R20,Rolnicze,Uniwersalne/pozostałe
500/60R22.5 BKT RIDEMAX FL693M 163D TL,BKT,500/60R22.5,Rolnicze,Przyczepa
315/60R22.5 LINGLONG R-D30 153/150K 20PR TL M+S 3PMSF,LINGLONG,315/60R22.5,Ciężarowe,Oś kierowana
650/65R42 ALLIANCE 551 171D/168A8 TL,ALLIANCE,650/65R42,Rolnicze,Uniwersalne/pozostałe
320/70R20 ALLIANCE 579 113A8 TL,ALLIANCE,320/70R20,Rolnicze,Uniwersalne/pozostałe
VF900/60R38 ALLIANCE AGRIFLEX 372 + 187D TL,ALLIANCE,900/60R38,Rolnicze,Ciągnik
230/95R44 MRL RC 950 SPRAYER 137A8/134D TL,MRL,230/95R44,Rolnicze,Opryskiwacz
385/55R22.5 GOODYEAR EQMAX ULTRA 160K/158L TL M+S 3PMSF,GOODYEAR,385/55R22.5,Ciężarowe,Oś kierowana
315/60R22.5 GOODYEAR KMAX 154/148L TL M+S 3PMSF,GOODYEAR,315/60R22.5,Ciężarowe,Oś kierowana
400/80-24 APOLLO IND FX-525 162A8 20PR TL,APOLLO,400/80-24,Rolnicze,Uniwersalne/pozostałe
710/70R38 MRL FARM XTREME 70 RRT500 178D TL,MRL,710/70R38,Rolnicze,Ciągnik
460/85R34 MRL FARM XTREME 85 RRT500 147D TL,MRL,460/85R34,Rolnicze,Ciągnik
435/50R19.5 HANKOOK TL20 160J,HANKOOK,435/50R19.5,Ciężarowe,Naczepa/przyczepa
265/70R19.5 HANKOOK AH35 140/138M M+S 3PMSF,HANKOOK,265/70R19.5,Ciężarowe,Oś kierowana
280/70R18 BKT AGRIMAX RT 765 114A8/114B TL,BKT,280/70R18,Rolnicze,Ciągnik
365/70R18 APOLLO TERRA PRO1045 135B TL,APOLLO,365/70R18,Rolnicze,Uniwersalne/pozostałe
520/70R38 MRL FARM XTREME 70 RRT 500 150D/153A8 TL,MRL,520/70R38,Rolnicze,Ciągnik
315/70R22.5 CEAT WINMILE-D 154/150L TL M+S 3PMSF,CEAT,315/70R22.5,Ciężarowe,All position
540/65R28 VREDESTEIN TRAXION65 142D TL,VREDESTEIN,540/65R28,Rolnicze,Ciągnik
15.0/70-18 VREDESTEIN AW 151A8 16PR TL,VREDESTEIN,15.0/70-18,Przemysłowe,Uniwersalne/pozostałe
405/70R24 MRL GT 335 SPOWER 158A2/146B TL SB,MRL,405/70R24,Rolnicze,Uniwersalne/pozostałe
480/70R34 MRL FARM MAXX 70 RRT 770 149A8/149B TL,MRL,480/70R34,Rolnicze,Ciągnik
440/80R34 BKT RIDEMAX IT696 159A8/155D TL,BKT,440/80R34,Przemysłowe,Ciągnik
420/80-30 MICHELIN POWER CL 155A8 TL,MICHELIN,420/80-30,Przemysłowe,Uniwersalne/pozostałe
600/65R28 FIRESTONE MAXI TRACTION 154D/151E TL,FIRESTONE,600/65R28,Rolnicze,Ciągnik
520/70R38 FIRESTONE PERFORMER 70 150D/147E TL,FIRESTONE,520/70R38,Rolnicze,Ciągnik
340/80R18 FIRESTONE DURAFORCE 143A8 TL,FIRESTONE,340/80R18,Przemysłowe,Koparka
360/80R24 BKT IT 696 138D/141A8 TL,BKT,360/80R24,Przemysłowe,Ciągnik
15.0/70-18 ALLIANCE 320 VALUE PLUS 151A6/141A8 16PR TL,ALLIANCE,15.0/70-18,Rolnicze,Uniwersalne/pozostałe
405/70-20 MRL MIM 374 162A6/156A8 16PR TL,MRL,405/70-20,Przemysłowe,Uniwersalne/pozostałe
245/70R17.5 BRIDGESTONE RD2 136M/134M DRIVE,BRIDGESTONE,245/70R17.5,Ciężarowe,Oś napędowa
435/50R19.5 GOODTRIP GHT22 TRAILER 160J 22PR TL M+S 3PMSF,GOODTRIP,435/50R19.5,Ciężarowe,Przyczepa
300/95R52 OZKA AGRO 10 159A8/156D TL,OZKA,300/95R52,Rolnicze,Ciągnik
750/65R26 OZKA AGRO 10 166A8/166B TL,OZKA,750/65R26,Rolnicze,Ciągnik
600/50R22.5 OZKA AGRIGOR20 159D TL,OZKA,600/50R22.5,Ciężarowe,Uniwersalne/pozostałe
405/70R18 APOLLO TERRA PRO1045 141B TL,APOLLO,405/70R18,Rolnicze,Uniwersalne/pozostałe
7.50-15 OZKA KNK 50 99A6 8PR TT,OZKA,7.50-15,Rolnicze,Uniwersalne/pozostałe
16.9-24 CEAT FARMAX R1 133A8 8PR TL,CEAT,16.9-24,Rolnicze,Ciągnik
11.2-28 CEAT FARMAX R1 118A8 8PR TL,CEAT,11.2-28,Rolnicze,Ciągnik
480/70R34 LINGLONG LR700 143A8/143B TL,LINGLONG,480/70R34,Rolnicze,Uniwersalne/pozostałe
520/85R38 PETLAS TA110 155A8 TL DEMO,PETLAS,520/85R38,Rolnicze,Uniwersalne/pozostałe
600/70R28 MITAS SFT 157D/160A8 TL,MITAS,600/70R28,Rolnicze,Ciągnik
520/70R38 LINGLONG LR700 150A8/150B TL,LINGLONG,520/70R38,Rolnicze,Uniwersalne/pozostałe
460/85R34 LINGLONG LR861 147A8/144B TL,LINGLONG,460/85R34,Rolnicze,Uniwersalne/pozostałe
540/65R28 LINGLONG LR650 142D/145A8 TL,LINGLONG,540/65R28,Rolnicze,Uniwersalne/pozostałe
380/85R28 LINGLONG LR861 133A8/130B TL,LINGLONG,380/85R28,Rolnicze,Uniwersalne/pozostałe
460/70R24 LINGLONG LR451 159A8/159B TL,LINGLONG,460/70R24,Rolnicze,Uniwersalne/pozostałe
435/50R19.5 GOODYEAR EQMAX T ULT HL 164K 3PMSF M+S,GOODYEAR,435/50R19.5,Ciężarowe,Oś kierowana
460/70R24 TRELLEBORG TH400 159A8/159B TL DEMO,TRELLEBORG,460/70R24,Przemysłowe,Ładowarka
285/70R19.5 MICHELIN X MULTI D2 148/146L 3PMSF M+S DRIVE,MICHELIN,285/70R19.5,Ciężarowe,Oś napędowa
6.00-16 OZKA KNK 50 93A6 8PR TT,OZKA,6.00-16,Rolnicze,Uniwersalne/pozostałe
6.00-16 MRL MTF 222 TWO RIB 88A6/80A8 6PR TT,MRL,6.00-16,Rolnicze,Ciągnik
17.5R24 ALLIANCE 585 159A8/154D TL,ALLIANCE,17.5R24,Rolnicze,Ciągnik
6.00-16 GTK AS14 93A6 8PR TT,GTK,6.00-16,Rolnicze,Ciągnik
20.5R25 ALLIANCE 703 177B/193A2 TL,ALLIANCE,20.5R25,Przemysłowe,Uniwersalne/pozostałe
VF580/70R38 ALLIANCE AGRIFLEX 373 + STUBBLE GUARD 175D TL,ALLIANCE,580/70R38,Rolnicze,Ciągnik
710/55R34 ALLIANCE 342 171A8/178A2 TL,ALLIANCE,710/55R34,Leśne,Uniwersalne/pozostałe
15.0/70-18 ALLIANCE 320 16PR TL,ALLIANCE,15.0/70-18,Rolnicze,Uniwersalne/pozostałe
560/60R22.5 ALLIANCE 885 164D TL,ALLIANCE,560/60R22.5,Rolnicze,Przyczepa
11.2R48 ALLIANCE AGRISTAR II RC 142D/139E TL,ALLIANCE,11.2R48,Rolnicze,Ciągnik
VF600/50R22.5 ALLIANCE AGRIFLEX 389 + XT 164D TL,ALLIANCE,600/50R22.5,Rolnicze,Ciągnik
VF710/75R42 ALLIANCE AGRIFLEX 372 + 184D TL,ALLIANCE,710/75R42,Rolnicze,Ciągnik
400/80-24 ALLIANCE TOUGH TRAC 325 162A8 TL,ALLIANCE,15.5/80-24,Przemysłowe,Uniwersalne/pozostałe
10.0/75-15.3 ALLIANCE A320 VALUE PLUS 14PR TL,ALLIANCE,10.0/75-15.3,Rolnicze,Ciągnik
550/45-22.5 CEAT FLOTATION T422 16PR TL,CEAT,550/45-22.5,Rolnicze,Przyczepa
560/45R22.5 ALLIANCE 885 152D TL,ALLIANCE,560/45R22.5,Rolnicze,Przyczepa
600/65R38 OZKA AGROLOX 159D/162A8 TL,OZKA,600/65R38,Rolnicze,Ciągnik
385/65R22.5 GOODYEAR KMAX HL 164K/158L TL M+S 3PMSF,GOODYEAR,385/65R22.5,Ciężarowe,Oś kierowana
315/80R22.5 SAVA ORJAK 5 156L/154M TL M+S 3PMSF,SAVA,315/80R22.5,Ciężarowe,Oś napędowa
520/85R46 CEAT FARMAX R85 161A8/158D TL,CEAT,520/85R46,Rolnicze,Ciągnik
14.0/65-16 CEAT FARM IMPLEMENT 404 142A8 14PR TL,CEAT,14.0/65-16,Rolnicze,Przyczepa
520/85R42 CEAT FARMAX R85 160A8/157D TL,CEAT,520/85R42,Rolnicze,Ciągnik
16.9-34 CEAT FARMAX R1 139A6/135A8 8PR TL,CEAT,16.9-34,Rolnicze,Ciągnik
VF580/85R42 CEAT TORQUEMAX 183D SB TL,CEAT,580/85R42,Rolnicze,Ciągnik
800/70R38 CEAT FARMAX HPT 190A8/187D SB TL,CEAT,800/70R38,Rolnicze,Ciągnik
600/70R34 CEAT FARMAX HPT 163A8/160D TL,CEAT,600/70R34,Rolnicze,Ciągnik
16.5L-16.1 CEAT TRENCHER XL 138B 10PR TL,CEAT,16.5L-16.1,Rolnicze,Uniwersalne/pozostałe
250/80-18 CEAT FARMAX R1 115A8 8PR TT,CEAT,250/80-18,Rolnicze,Ciągnik
13.0/65-18 CEAT AWI 305 144A8 16PR TL,CEAT,13.0/65-18,Rolnicze,Przyczepa
16.9-34 CEAT FARMAX R1 149A8 14PR TT,CEAT,16.9-34,Rolnicze,Ciągnik
9.5-20 CEAT FARMAX R1 107A8 8PR TT,CEAT,9.5-20,Rolnicze,Ciągnik
710/75R42 CEAT FARMAX HPT 184A8/181D TL,CEAT,710/75R42,Rolnicze,Ciągnik
10.00-16 CEAT FARMAX F2M 115A6 8PR TT,CEAT,10.00-16,Rolnicze,Ciągnik
13.6-16 CEAT TURF-XL 96A8 4PR TL,CEAT,13.6-16,Rolnicze,Kosiarka/ogród
710/45-26.5 CEAT FOREST XL 168A8 20PR SB TL,CEAT,710/45-26.5,Rolnicze,Uniwersalne/pozostałe
18.4-34 CEAT FARMAX R1 153A8 14PR TL,CEAT,18.4-34,Rolnicze,Ciągnik
10.00-20 CEAT ELEVETA PLUS 16PR TT,CEAT,10.00-20,Rolnicze,Wózek widłowy
10.0/75-15.3 MRL MAW 200 IMPLEMENT 148A6/144A8 22PR TL,MRL,10.0/75-15.3,Rolnicze,Przyczepa
13R22.5 LINGLONG M-D41 158/156K 20PR TL M+S,LINGLONG,13R22.5,Ciężarowe,Oś kierowana
215/75R17.5 LINGLONG KLT200 135/133J 16PR TL M+S,LINGLONG,215/75R17.5,Przemysłowe,Uniwersalne/pozostałe
480/70R28 KLEBER FITKER 145A8/145B TL,KLEBER,480/70R28,Rolnicze,Ciągnik
540/65R30 OZKA AGROLOX 150D/153A8 TL,OZKA,540/65R30,Rolnicze,Ciągnik
620/75R26 OZKA AGRO 11 166A8/166B TL,OZKA,620/75R26,Rolnicze,Ciągnik
VF320/90R46 CFO BKT AGRIMAX PROCROP E 165D TL,BKT,320/90R46,Rolnicze,Ciągnik
900/60R32 BKT AGRIMAX TERIS 185A8/182B TL,BKT,900/60R32,Rolnicze,Kombajn
800/65R32 BKT AGRIMAX TERIS 178A8/175B TL,BKT,800/65R32,Rolnicze,Kombajn
1050/50R32 BKT AGRIMAX TERIS 184A8/181B TL,BKT,1050/50R32,Rolnicze,Kombajn
4.10/3.50-6 TRELLEBORG T-533 HS 57J TT,TRELLEBORG,4.10/3.50-6,Rolnicze,Ciągnik
480/70R34 MRL FARM MAXX 70 RRT 770 149D/152A8 TL,MRL,480/70R34,Rolnicze,Ciągnik
480/70R28 MRL FARM XTREME 70 RRT500 140D TL,MRL,480/70R28,Rolnicze,Ciągnik
380/85R28 MRL FARM SUPER 85 RRT 885 133A8/133B TL,MRL,380/85R28,Rolnicze,Ciągnik
11.5/80-15.3 MRL MAW 200 IMPLEMENT 139A6/135A8 14PR TL,MRL,11.5/80-15.3,Rolnicze,Przyczepa
18X7-8 BKT PT-HD 16PR TT,BKT,18x7-8,Przemysłowe,Ładowarka
650/65R38 ALLIANCE AGRISTAR II 166D TL,ALLIANCE,650/65R38,Rolnicze,Ciągnik
6.00-16 BKT TF 8181 8PR TT,BKT,6.00-16,Rolnicze,Ciągnik
5.00-15 BKT TF 8181 6PR TT,BKT,5.00-15,Rolnicze,Ciągnik
13.0/75-16 BKT AW 702 10PR TL,BKT,13.0/75-16,Rolnicze,Przyczepa
600/50-22.5 BKT FLOT 648 16PR TL,BKT,600/50-22.5,Rolnicze,Przyczepa
31X15.50-15 BKT LG 306 4PR TL,BKT,31x15.50-15,Rolnicze,Kosiarka/ogród
6.00-16 BKT TF 8181 6PR TT,BKT,6.00-16,Rolnicze,Ciągnik
27X8.50-15 BKT SKID POWER HD 8PR TL,BKT,27x8.50-15,Przemysłowe,Ładowarka
560/60R22.5 MRL POWER FLR 333 165D/162E TL SB,MRL,560/60R22.5,Ciężarowe,Uniwersalne/pozostałe
385/55R22.5 LINGLONG ETT100 160K/158L 20PR TL M+S 3PMSF,LINGLONG,385/55R22.5,Ciężarowe,Naczepa/przyczepa
315/80R22.5 HANKOOK AH31 156/150L M+S 3PMSF,HANKOOK,315/80R22.5,Ciężarowe,Oś kierowana
315/70R22.5 DUNLOP SP446 154L/152M TL M+S 3PMSF,DUNLOP,315/70R22.5,Ciężarowe,Oś napędowa
650/65R42 ALLIANCE 550 176A8/171D,ALLIANCE,650/65R42,Przemysłowe,Ciągnik
455/40R22.5 GOODYEAR MARATHON LHT+ 160J M+S,GOODYEAR,455/40R22.5,Ciężarowe,Naczepa/przyczepa
385/55R22.5 DUNLOP SP346 160K/158L 3PMSF M+S FRONT,DUNLOP,385/55R22.5,Ciężarowe,Oś kierowana
315/80R22.5 DUNLOP SP346 156L/154M TL M+S 3PMSF,DUNLOP,315/80R22.5,Ciężarowe,Oś kierowana
315/80R22.5 BRIDGESTONE M840 EVO 158G/156K 3PMSF M+S,BRIDGESTONE,315/80R22.5,Ciężarowe,Uniwersalne/pozostałe
295/60R22.5 BRIDGESTONE ECOPIA DRIVE 150/147L 3PMSF M+S DRIVE,BRIDGESTONE,295/60R22.5,Ciężarowe,Oś napędowa
13R22.5 BRIDGESTONE M-STEER 002 156/150K 3PMSF M+S FRONT,BRIDGESTONE,13R22.5,Ciężarowe,Oś kierowana
385/65R22.5 BRIDGESTONE RS2 EVO DURAVIS 164K/158L FRONT,BRIDGESTONE,385/65R22.5,Ciężarowe,Ciągnik
620/70R42 CEAT FARMAX R70 169A8/166D TL,CEAT,620/70R42,Rolnicze,Ciągnik
710/70R42 CEAT FARMAX HPT 179A8/176D TL,CEAT,710/70R42,Rolnicze,Ciągnik
400/80R24 CEAT LOADPRO HARD SURFACE 162A8/162B SB TL,CEAT,400/80R24,Rolnicze,Ciągnik
10.00-16 CEAT FARMAX F2M 119A6 10PR TT,CEAT,10.00-16,Rolnicze,Ciągnik
750/45R26.5 CEAT FLOATMAX FT 170D SB TL,CEAT,750/45R26.5,Rolnicze,Przyczepa
400/80R28 CEAT MULTILOADMAX 158A8/153D SB TL,CEAT,400/80R28,Rolnicze,Ciągnik
480/80R38 CEAT MULTILOADMAX 166A8/161D SB TL,CEAT,480/80R38,Rolnicze,Ciągnik
VF520/85R46 CFO CEAT TORQUEMAX 179D SB TL,CEAT,520/85R46,Rolnicze,Ciągnik
360/80R20 CEAT MULTILOADMAX 147A8/143D SB TL,CEAT,360/80R20,Rolnicze,Ciągnik
280/70R20 CEAT FARMAX R70 119A8/116D TL,CEAT,280/70R20,Rolnicze,Ciągnik
320/85R24 CEAT FARMAX R85 145A8/142D TL,CEAT,320/85R24,Rolnicze,Ciągnik
420/85R24 CEAT FARMAX R85 140A8/137D TL,CEAT,420/85R24,Rolnicze,Ciągnik
340/85R36 CEAT FARMAX R85 135A8/132D TL,CEAT,340/85R36,Rolnicze,Ciągnik
14.0/65-16 MRL MAW 905 AW 142A6/138A8 14PR TL,MRL,14.0/65-16,Rolnicze,Przyczepa
600/70R30 OZKA AGROLOX TL,OZKA,600/70R30,Rolnicze,Ciągnik
420/70R28 OZKA AGROLOX 133D/136A8 TL,OZKA,420/70R28,Rolnicze,Ciągnik
20.8-38 OZKA KNK 50 162A6 16PR TL,OZKA,20.8-38,Przemysłowe,Uniwersalne/pozostałe
18.4-26 OZKA KNK 50 150A6 16PR TT,OZKA,18.4-26,Przemysłowe,Uniwersalne/pozostałe
6.00-16 OZKA KNK 35 93A6 8PR TT,OZKA,6.00-16,Rolnicze,Uniwersalne/pozostałe
11.5/80-15.3 OZKA KNK 52 139A8 14PR TL,OZKA,11.5/80-15.3,Rolnicze,Ciągnik
650/65R42 GTK RS200 168A8/165D TL,GTK,650/65R42,Rolnicze,Ciągnik
800/65R32 GTK RS200 178A8/175B TL,GTK,800/65R32,Rolnicze,Ciągnik
18.4-30 GTK AS100 145A6 10PR TT,GTK,18.4-30,Rolnicze,Ciągnik
245/70R17.5 LINGLONG L-T20 143/141J 18PR TL M+S 3PMSF,LINGLONG,245/70R17.5,Ciężarowe,All position
385/55R22.5 DUNLOP SP346 160K/158L TL M+S 3PMSF,DUNLOP,385/55R22.5,Ciężarowe,Oś kierowana
300/95R42 MITAS AC 90 147A8/144B TL,MITAS,300/95R42,Rolnicze,Ciągnik
340/85R36 MRL FARM SUPER 85 RRT 885 132A8/132B TL,MRL,340/85R36,Rolnicze,Ciągnik
VF520/85R50 CFO BKT AGRIMAX V-FLECTO E 177D SB,BKT,520/85R50,Rolnicze,Ciągnik
18.00R33 BKT EARTHMAX SR45 *** STD,BKT,18.00R33,Przemysłowe,Maszyny górnicze
205/65R17.5 GOODYEAR KMAX 132J/133G TL M+S 3PMSF,GOODYEAR,205/65R17.5,Ciężarowe,Oś kierowana
11X4.00-5 JOURNEY P508A 4PR TL,JOURNEY,11x4.00-5,Rolnicze,Uniwersalne/pozostałe
710/70R38 MRL FARM XTREME 70 RRT500 172D TL,MRL,710/70R38,Rolnicze,Ciągnik
315/60R22.5 FALKEN RI151 154/148L 3PMSF M+S,FALKEN,315/60R22.5,Ciężarowe,Oś kierowana
550/45-22.5 MRL MEX 340 EXCAVATOR PRINCE 159A8/156B 16PR TL,MRL,550/45-22.5,Przemysłowe,Koparka
265/70R17.5 LINGLONG KLS200 140/138M 16PR TL M+S 3PMSF,LINGLONG,265/70R17.5,Przemysłowe,Oś kierowana
14.9-28 MRL MRT 329 KIRTI 136A6/132A8 14PR TT,MRL,14.9-28,Rolnicze,Ciągnik
315/60R22.5 DUNLOP SP346+ HL 154/148L TL M+S 3PMSF,DUNLOP,315/60R22.5,Ciężarowe,Oś kierowana
800/65R32 MITAS AC 70 178A8/175B TL,MITAS,800/65R32,Rolnicze,Ciągnik
18.4-26 MRL MTU 430 ROCKY HD 162A8 16PR TL,MRL,18.4-26,Przemysłowe,Ładowarka
320/70R24 KLEBER FITKER 116A8/116B TL,KLEBER,320/70R24,Rolnicze,Ciągnik
480/65R24 KLEBER GRIPKER 133D TL,KLEBER,480/65R24,Rolnicze,Ciągnik
540/65R30 MICHELIN MULTIBIB 143D TL,MICHELIN,540/65R30,Rolnicze,Uniwersalne/pozostałe
540/65R34 KLEBER GRIPKER 145D TL,KLEBER,540/65R34,Rolnicze,Ciągnik
280/70R20 KLEBER FITKER 116A8/113B TL,KLEBER,280/70R20,Rolnicze,Ciągnik
275/70R22.5 LINGLONG AU609 II 148/145J 16PR TL M+S 3PMSF,LINGLONG,275/70R22.5,Przemysłowe,Oś kierowana
315/80R22.5 BRIDGESTONE V-STEEL MIX M840 EVO 158G/156K TL M+S 3PMSF,BRIDGESTONE,315/80R22.5,Ciężarowe,Uniwersalne/pozostałe
315/70R22.5 DUNLOP SP446 154L/152M 3PMSF M+S DRIVE,DUNLOP,315/70R22.5,Ciężarowe,Oś napędowa
16.9-28 LASSA EG 14PR TL,LASSA,16.9-28,Przemysłowe,Uniwersalne/pozostałe
800/65R32 BKT AGRIMAX RT 600 E 181A8/178B TL,BKT,800/65R32,Rolnicze,Ciągnik
600/65R28 MITAS AC 65 147D/150A8 TL DEMO,MITAS,600/65R28,Rolnicze,Ciągnik
650/65R38 OZKA AGROLOX 166A8/163D TL,OZKA,650/65R38,Rolnicze,Ciągnik
480/70R38 OZKA AGROLOX 145D/148A8 TL,OZKA,480/70R38,Rolnicze,Ciągnik
15.5/80-24 OZKA IND 80 R-4 162A8 16PR TL,OZKA,15.5/80-24,Przemysłowe,Ładowarka
14.00-24 CEAT GRADER XL 12PR TL,CEAT,14.00-24,Przemysłowe,Uniwersalne/pozostałe
480/80R50 CEAT FARMAX HPT 168A8/165D TL,CEAT,480/80R50,Rolnicze,Ciągnik
380/90R50 CEAT FARMAX RC 161A8/158D TL,CEAT,380/90R50,Rolnicze,Ciągnik
23.1-26 CEAT FARMAX 159A8 16PR TL,CEAT,23.1-26,Rolnicze,Ciągnik
500/50-17 CEAT FLOTATION T422 140A8/152A8 16PR TL,CEAT,500/50-17,Rolnicze,Przyczepa
400/60-15.5 CEAT T422 VALUE PRO 136A8/148A8 16PR TL,CEAT,400/60-15.5,Rolnicze,Przyczepa
400/60-15.5 CEAT TR 800 137A8/149A8 18PR TL,CEAT,400/60-15.5,Rolnicze,Przyczepa
400/80-24 CEAT LOADPRO 162A8 TL,CEAT,400/80-24,Rolnicze,Ciągnik
13.6-38 CEAT FARMAX R1 139A8 14PR TT,CEAT,13.6-38,Rolnicze,Ciągnik
14.9-24 CEAT FARMAX R1 128A8 8PR TL,CEAT,14.9-24,Rolnicze,Ciągnik
13.6-36 CEAT FARMAX R1 129A8 8PR TL,CEAT,13.6-36,Rolnicze,Ciągnik
16.9-38 CEAT FARMAX 146A8 12PR TL,CEAT,16.9-38,Rolnicze,Ciągnik
400/60-15.5 CEAT AWI 305 147A8 16PR TL,CEAT,400/60-15.5,Rolnicze,Przyczepa
18.4-30 CEAT FARMAX R1 151A8 14PR TL,CEAT,18.4-30,Rolnicze,Ciągnik
12.5/80-18 CEAT AWI 305 151A8 18PR TL,CEAT,12.5/80-18,Rolnicze,Przyczepa
620/40R22.5 CEAT FARM IMPLEMENT 800R 154D SB TL,CEAT,620/40R22.5,Rolnicze,Przyczepa
20.8-38 CEAT FARMAX R1 159A6/155A8 14PR TL,CEAT,20.8-38,Rolnicze,Ciągnik
14.9-28 CEAT FARMAX R1 138A8 12PR TT,CEAT,14.9-28,Rolnicze,Ciągnik
6.00-9 CEAT ELEVETA X3 10PR TT,CEAT,6.00-9,Przemysłowe,Wózek widłowy
280/85R20 CEAT FARMAX R85 115A8/112D TL,CEAT,280/85R20,Rolnicze,Ciągnik
440/80R24 OZKA OR 71 154A8/154B TL,OZKA,440/80R24,Rolnicze,Uniwersalne/pozostałe
7.50-16 MITAS TS-04 108A8/95A8 8PR TL,MITAS,7.50-16,Rolnicze,Uniwersalne/pozostałe
650/85R38 MRL FARM XTREME 85 RRT500 173D/176A8 TL,MRL,650/85R38,Rolnicze,Ciągnik
230/95R32 MRL RC 950 SPRAYER 131A8/128D TL,MRL,230/95R32,Rolnicze,Opryskiwacz
600/70R30 MRL FARM MAXX 70 RRT 770 152D/155A8 TL,MRL,600/70R30,Rolnicze,Ciągnik
380/85R24 MRL FARM XTREME 85 RRT500 131D TL,MRL,380/85R24,Rolnicze,Ciągnik
19.0/45-17 MRL MAW 977 AW 144A6/140A8 14PR TL,MRL,19.0/45-17,Rolnicze,Uniwersalne/pozostałe
10.0/75-15.3 MRL MIM 374 132A6/128A8 12PR TL,MRL,10.0/75-15.3,Rolnicze,Uniwersalne/pozostałe
10R22.5 BRIDGESTONE M840 144/142K TL M+S 3PMSF,BRIDGESTONE,10R22.5,Ciężarowe,Uniwersalne/pozostałe
385/65R22.5 BRIDGESTONE MT1+ 160K TL M+S 3PMSF,BRIDGESTONE,385/65R22.5,Ciężarowe,Oś kierowana
340/85R28 ALLIANCE FARM PRO 127A8 TL DEMO,ALLIANCE,340/85R28,Rolnicze,Uniwersalne/pozostałe
7.50-20 BKT TF 9090 8PR TT,BKT,7.50-20,Rolnicze,Uniwersalne/pozostałe
420/85R28 ALLIANCE AGRI STAR II 139D STUBBLE GUARD TL,ALLIANCE,420/85R28,Rolnicze,Uniwersalne/pozostałe
440/65R28 ALLIANCE AGRISTAR II 138D TL,ALLIANCE,440/65R28,Rolnicze,Uniwersalne/pozostałe
400/80R24 BKT MULTIMAX MP527 162A8/162B TL,BKT,400/80R24,Przemysłowe,Uniwersalne/pozostałe
700/55-34 ALLIANCE F-346 164A8/171A2 20PR TL,ALLIANCE,700/55-34,Leśne,Uniwersalne/pozostałe
5.00X8 BKT PL 801 ZESTAW-SET 8PR TT,BKT,5.00x8,Przemysłowe,Wózek widłowy
IF620/75R30 CFO BKT AGRIMAXFORCE E 169D,BKT,620/75R30,Rolnicze,Ciągnik
VF600/70R30 NRO BKT AGRIMAX V-FLECTO E 168D,BKT,600/70R30,Rolnicze,Ciągnik
480/70R34 BKT AGRIMAX FACTOR E 155D/158A8 TL,BKT,480/70R34,Rolnicze,Ciągnik
420/70R28 BKT AGRIMAX FACTOR E 133D/136A8 TL,BKT,420/70R28,Rolnicze,Ciągnik
480/70R34 BKT AGRIMAX FACTOR E 149D/152A8 TL,BKT,480/70R34,Rolnicze,Ciągnik
380/90R50 BKT AGRIMAX RT 945 160A8/160B TL,BKT,380/90R50,Rolnicze,Ciągnik
VF540/65R28 BKT AGRIMAX V-FLECTO E 154D TL,BKT,540/65R28,Rolnicze,Ciągnik
900/60R32 BKT AGRIMAX RT 600 181A8/178B TL,BKT,900/60R32,Rolnicze,Ciągnik
VF580/85R42 CFO BKT AGRIMAX V-FLECTO E 183D,BKT,580/85R42,Rolnicze,Ciągnik
460/85R34 BKT AGRIMAX RT 855 147A8/147B TL,BKT,460/85R34,Rolnicze,Ciągnik
480/70R28 BKT AGRIMAX FACTOR E 140D/143A8 TL,BKT,480/70R28,Rolnicze,Ciągnik
580/70R38 BKT AGRIMAX FACTOR E 155D/158A8 TL,BKT,580/70R38,Rolnicze,Ciągnik
VF710/70R38 BKT AGRIMAX V-FLECTO E 181D,BKT,710/70R38,Rolnicze,Ciągnik
19.5L-24 BKT MULTIMAX MP 527 164A8 TL,BKT,19.5L-24,Rolnicze,Ciągnik
340/80R18 BKT RIDEMAX IT696 E 138D/143A8,BKT,340/80R18,Rolnicze,Ciągnik
320/65R16 BKT AGRIMAX RT 657 120A8/117D TL,BKT,320/65R16,Rolnicze,Ciągnik
VF600/65R28 NRO BKT AGRIMAX V-FLECTO E 163D,BKT,600/65R28,Rolnicze,Ciągnik
420/90R30 BKT AGRIMAX RT945 E 147A8/147B,BKT,420/90R30,Rolnicze,Ciągnik
IF710/55R34 BKT AGRIMAX FORCE 170D TL,BKT,710/55R34,Rolnicze,Ciągnik
180/95R16 BKT AGRIMAX RT 855 105A8/105B TL,BKT,180/95R16,Rolnicze,Ciągnik
480/70R38 BKT AGRIMAX FACTOR E 145D/148A8 TL,BKT,480/70R38,Rolnicze,Ciągnik
360/80R24 BKT RIDEMAX IT696 E 138D/143A8,BKT,360/80R24,Rolnicze,Ciągnik
710/70R42 BKT AGRIMAX FACTOR E 173D/176A8,BKT,710/70R42,Rolnicze,Ciągnik
380/70R24 BKT AGRIMAX FACTOR E 125D/128A8 TL,BKT,380/70R24,Rolnicze,Ciągnik
VF900/60R42 NRO BKT AGRIMAX V-FLECTO E 189D,BKT,900/60R42,Rolnicze,Ciągnik
VF650/60R34 NRO BKT AGRIMAX V-FLECTO E 168D,BKT,650/60R34,Rolnicze,Ciągnik
520/85R46 BKT AGRIMAX RT 855 173A8/173B TL,BKT,520/85R46,Rolnicze,Ciągnik
IF650/75R38 CFO BKT AGRIMAX FORCE E 175D,BKT,650/75R38,Rolnicze,Ciągnik
600/70R30 BKT AGRIMAX FACTOR E 152D/155A8,BKT,600/70R30,Rolnicze,Ciągnik
710/70R42 BKT AGRIMAX FACTOR E 176D/179A8,BKT,710/70R42,Rolnicze,Ciągnik
VF540/65R30 NRO BKT AGRIMAX V-FLECTO E 158D,BKT,540/65R30,Rolnicze,Ciągnik
VF650/65R42 NRO BKT AGRIMAX V-FLECTO E 174D,BKT,650/65R42,Rolnicze,Ciągnik
VF710/60R34 NRO BKT AGRIMAX V-FLECTO E 173D,BKT,710/60R34,Rolnicze,Ciągnik
520/70R38 BKT AGRIMAX FACTOR E 150D/153A8 TL,BKT,520/70R38,Rolnicze,Ciągnik
VF710/70R42 BKT AGRIMAX V-FLECTO E 185D,BKT,710/70R42,Rolnicze,Ciągnik
620/75R26 BKT AGRIMAX TERIS 166A8/166B TL,BKT,620/75R26,Rolnicze,Kombajn
IF710/75R34 BKT AGRIMAX FORCE 178D TL,BKT,710/75R34,Rolnicze,Ciągnik
14.9L-20 BKT AGRIMAX RT 851 119A8/119B TL,BKT,14.9L-20,Rolnicze,Ciągnik
620/70R38 BKT AGRIMAX RT 765 170D TL,BKT,620/70R38,Rolnicze,Ciągnik
VF710/60R38 NRO BKT AGRIMAX V-FLECTO E 171D,BKT,710/60R38,Rolnicze,Ciągnik
VF600/60R28 NRO BKT AGRIMAX V-FLECTO E 157D TL,BKT,600/60R28,Rolnicze,Ciągnik
VF650/60R38 NRO BKT AGRIMAX V-FLECTO 173D,BKT,650/60R38,Rolnicze,Ciągnik
650/75R38 BKT AGRIMAX RT 765 169D TL,BKT,650/75R38,Rolnicze,Ciągnik
280/70R16 BKT AGRIMAX RT 765 E 112A8/112B TL,BKT,280/70R16,Rolnicze,Ciągnik
IF650/65R34 BKT AGRIMAX FORCE 161D TL,BKT,650/65R34,Rolnicze,Ciągnik
IF710/75R42 BKT AGRIMAX FORCE 181D TL,BKT,710/75R42,Rolnicze,Ciągnik
340/65R18 BKT AGRIMAX RT 657 113A8/113B TL,BKT,340/65R18,Rolnicze,Ciągnik
VF600/60R38 NRO BKT AGRIMAX V-FLECTO 166D TL,BKT,600/60R38,Rolnicze,Ciągnik
420/65R24 BKT AGRIMAX RT 657 141A8/138D TL,BKT,420/65R24,Rolnicze,Ciągnik
500/85R30 BKT RM 500 STBT 176A8/164A8,BKT,500/85R30,Rolnicze,Uniwersalne/pozostałe
420/70R24 BKT AGRIMAX RT 765 E 134D TL,BKT,420/70R24,Rolnicze,Ciągnik
VF650/60R38 NRO BKT AGRIMAX V-FLECTO E 166D TL,BKT,650/60R38,Rolnicze,Ciągnik
540/65R38 BKT AGRIMAX RT 657 153D/156A8 TL,BKT,540/65R38,Rolnicze,Ciągnik
320/85R36 BKT AGRIMAX RT 855 147D/150A8 TL,BKT,320/85R36,Rolnicze,Ciągnik
VF520/60R28 NRO BKT AGRIMAX V-FLECTO E 149D TL,BKT,520/60R28,Rolnicze,Ciągnik
220/70R16 BKT AGRIMAX RT 765 99A8/99B TL,BKT,220/70R16,Rolnicze,Ciągnik
IF650/60R34 BKT AGRIMAXFORCE E 165D,BKT,650/60R34,Rolnicze,Ciągnik
650/75R42 BKT AGRIMAX RT 765 170D TL,BKT,650/75R42,Rolnicze,Ciągnik
205/75R17.5 WEST LAKE WSA2 124/122M 3PMSF M+S FRONT,WEST LAKE,205/75R17.5,Ciężarowe,Oś kierowana
14.00R20 NOKIAN MPT AGILE 2 164G TL,NOKIAN,14.00R20,Przemysłowe,Uniwersalne/pozostałe
23X5 MITAS FL07 10PR TT,MITAS,23x5,Przemysłowe,Uniwersalne/pozostałe
10.0/75-15.3 KABAT IMP-03 12PR TT,KABAT,10.0/75-15.3,Rolnicze,Uniwersalne/pozostałe
20.5-25 JK TYRE VEM 99 174B/189A2 24PR TL,JK TYRE,20.5-25,Przemysłowe,Uniwersalne/pozostałe
385/55R22.5 GOODYEAR FUELMAX S PERF 160K/158L 3PMSF FRONT,GOODYEAR,385/55R22.5,Ciężarowe,Oś kierowana
275/70R22.5 GOODYEAR OMNITRAC MSS II 148/145K M+S FRONT,GOODYEAR,275/70R22.5,Ciężarowe,Oś kierowana
12.4-32 ALLIANCE 324 8PR TT,ALLIANCE,12.4-32,Rolnicze,Uniwersalne/pozostałe
10.0/75-15.3 ALLIANCE 320 VALUE PLUS 138A6/134A8 18PR TL,ALLIANCE,10.0/75-15.3,Rolnicze,Ciągnik
355/50R22.5 HANKOOK AH51 156K 3PMSF M+S FRONT,HANKOOK,355/50R22.5,Ciężarowe,Oś kierowana
15.5/80-24 JK TYRE VBH PLUS II 151A8 16PR TL,JK TYRE,15.5/80-24,Przemysłowe,Wózek widłowy
12.5/80-18 JK TYRE INDUSTRIAL DX 148A8 16PR TL,JK TYRE,12.5/80-18,Przemysłowe,Wózek widłowy
7.50-10 SG-316 111A8 12PR TT,UNKNOWN,7.50-10,Przemysłowe,Uniwersalne/pozostałe
17.5-25 JK TYRE EG04 DX 150A8 16PR TL,JK TYRE,17.5-25,Przemysłowe,Uniwersalne/pozostałe
15.5-25 JK TYRE EG04 DX 142A8 12PR TL,JK TYRE,15.5-25,Przemysłowe,Uniwersalne/pozostałe
385/55R22.5 FIRESTONE FT524 160K/158L 3PMSF,FIRESTONE,385/55R22.5,Ciężarowe,Naczepa/przyczepa
13.6-38 JK TYRE TRAC MASTER 139A6 12PR TT,JK TYRE,13.6-38,Rolnicze,Wózek widłowy
385/55R22.5 FIRESTONE FT522+ 160K/158L 3PMSF,FIRESTONE,385/55R22.5,Ciężarowe,Uniwersalne/pozostałe
16.0/70-24 OZKA IND 80 R-4 169A2 16PR TL,OZKA,16.0/70-24,Przemysłowe,Ładowarka
315/80R22.5 MICHELIN LINE ENERGY 156/150L TL,MICHELIN,315/80R22.5,Ciężarowe,Oś kierowana
205/75R17.5 LINGLONG L-D20 124/122M 14PR TL M+S 3PMSF,LINGLONG,205/75R17.5,Ciężarowe,Oś kierowana
15.5-38 KABAT SGP-04 138A6 10PR TT,KABAT,15.5-38,Rolnicze,Ciągnik
340/85R24 MRL FARM XTREME 85 RRT500 125D TL,MRL,340/85R24,Rolnicze,Ciągnik
6.00-12 MRL MRT 302 RT M93 RT 83A6 8PR TT,MRL,6.00-12,Rolnicze,Ciągnik
245/70R17.5 GOODYEAR KMAX 143J/146F TL M+S 3PMSF,GOODYEAR,245/70R17.5,Ciężarowe,Oś kierowana
235/75R17.5 FULDA ECOTONN 143/141J TL M+S 3PMSF,FULDA,235/75R17.5,Ciężarowe,Naczepa/przyczepa
385/65R22.5 FIRESTONE FS424 160K TL M+S 3PMSF,FIRESTONE,385/65R22.5,Ciężarowe,Oś kierowana
360/70R24 ALLIANCE A-579 122A8 TL,ALLIANCE,360/70R24,Rolnicze,Uniwersalne/pozostałe
600/65R38 ALLIANCE AGRI STAR II 159D STUBBLE GUARD TL,ALLIANCE,600/65R38,Rolnicze,Uniwersalne/pozostałe
250-15 CONTINENTAL SC20+,CONTINENTAL,250-15,Przemysłowe,Wózek widłowy
620/75R30 OZKA AGRO 11 163A8/161B TL,OZKA,620/75R30,Rolnicze,Ciągnik
710/70R38 OZKA AGROLOX 171D/174A8 TL,OZKA,710/70R38,Rolnicze,Ciągnik
12-16.5 GTK LD90 144A3 14PR TL,GTK,12-16.5,Rolnicze,Uniwersalne/pozostałe
275/70R22.5 GOODYEAR MARATHON LHT II 152J/148L M+S,GOODYEAR,275/70R22.5,Ciężarowe,Naczepa/przyczepa
VF900/65R46 ALLIANCE AGRIFLEX 372 + 196D TL,ALLIANCE,900/65R46,Rolnicze,Ciągnik
VF900/60R42 ALLIANCE AGRIFLEX 372 + 189D TL,ALLIANCE,900/60R42,Rolnicze,Ciągnik
VF710/60R38 ALLIANCE AGRIFLEX 372 + 171D TL,ALLIANCE,710/60R38,Rolnicze,Ciągnik
VF650/85R38 ALLIANCE AGRIFLEX 372 + STUBBLE GUARD 182D TL,ALLIANCE,650/85R38,Rolnicze,Ciągnik
405/70-20 ALLIANCE 323 14PR TL,ALLIANCE,405/70-20,Rolnicze,Ciągnik
315/80R22.5 MATADOR HR 5 156/150L TL M+S 3PMSF,MATADOR,315/80R22.5,Ciężarowe,Oś kierowana
16.9-28 OZKA KNK 50 139A6 10PR TT,OZKA,16.9-28,Rolnicze,Uniwersalne/pozostałe
9.00-16 OZKA KNK 26 128A6 14PR TT,OZKA,9.00-16,Rolnicze,Uniwersalne/pozostałe
600/70R30 GTK RS200 158A8/156B TL,GTK,600/70R30,Rolnicze,Ciągnik
315/60R22.5 FULDA REGIOCONTROL 3 HL 152/148L TL M+S 3PMSF,FULDA,315/60R22.5,Ciężarowe,Oś kierowana
710/35R22.5 NOKIAN COUNTRY KING SB 157D SB,NOKIAN,710/35R22.5,Rolnicze,Przyczepa
285/70R19.5 FALKEN BI856 146M/144M M+S DRIVE,FALKEN,285/70R19.5,Ciężarowe,Oś napędowa
360/70R20 CEAT FARMAX R70 123A8/120D TL,CEAT,360/70R20,Rolnicze,Ciągnik
10R22.5 MATADOR FR 2 MASTER 144/142L 16PR TL M+S,MATADOR,10R22.5,Przemysłowe,Uniwersalne/pozostałe
385/55R22.5 MATADOR HR 5 160K 20PR TL M+S 3PMSF,MATADOR,385/55R22.5,Ciężarowe,Oś kierowana
315/80R22.5 MATADOR DM 4 156/150K 20PR TL M+S 3PMSF,MATADOR,315/80R22.5,Ciężarowe,Oś napędowa
295/60R22.5 MATADOR HR 4 150/147L 18PR TL M+S 3PMSF,MATADOR,295/60R22.5,Ciężarowe,Oś kierowana
385/65R22.5 LINGLONG ETT100 164K/158L 24PR TL M+S 3PMSF,LINGLONG,385/65R22.5,Ciężarowe,Naczepa/przyczepa
315/80R22.5 LINGLONG KMD406 156/150K 20PR TL M+S 3PMSF,LINGLONG,315/80R22.5,Ciężarowe,Oś napędowa
265/70R19.5 LINGLONG KLD200 140/138M 16PR TL M+S 3PMSF,LINGLONG,265/70R19.5,Przemysłowe,Uniwersalne/pozostałe
235/75R17.5 LINGLONG KLD200 132/130M 14PR TL M+S 3PMSF,LINGLONG,235/75R17.5,Ciężarowe,Oś napędowa
6.00-18 KABAT SRF-02 88A8 6PR TT,KABAT,6.00-18,Rolnicze,Ciągnik
7.50-16 KABAT SRF-02 103A8 8PR TT,KABAT,7.50-16,Rolnicze,Ciągnik
6.00-16 KABAT SRF-01 88A8 6PR TT,KABAT,6.00-16,Rolnicze,Ciągnik
11.5/80-15.3 KABAT IMP-03 135A8 12PR TT,KABAT,11.5/80-15.3,Rolnicze,Przyczepa
10.0/75-15.3 KABAT IMP-03 130A8 14PR TT,KABAT,10.0/75-15.3,Rolnicze,Przyczepa
4.00-10 KABAT SGP-02 49A4 4PR TT,KABAT,4.00-10,Rolnicze,Ciągnik
4.00-8 KABAT IMP-01 57A4 4PR TT,KABAT,4.00-8,Rolnicze,Przyczepa
18X8.50-8 KABAT LWG-02 IMPLEMENT KLOCKOWA 82A4 6PR TL,KABAT,18x8.50-8,Rolnicze,Przyczepa
23X5 KABAT IMP-08 121A5 10PR TT,KABAT,23x5,Rolnicze,Przyczepa
340/80-18 KABAT GTR-03 143A8 12PR TL,KABAT,340/80-18,Rolnicze,Ciągnik
14.9-28 MRL MRT 329 KIRTI 130A6/126A8 8PR TT,MRL,14.9-28,Rolnicze,Ciągnik
4.00-16 MRL MTF 222 TWO RIB 69A6/62A8 4PR TT,MRL,4.00-16,Rolnicze,Ciągnik
10.0/75-15.3 MRL MAW 200 IMPLEMENT 126A6/122A8 12PR TT,MRL,10.0/75-15.3,Rolnicze,Przyczepa
10.0/75-15.3 MRL MAW 200 IMPLEMENT 126A6/122A8 12PR TL,MRL,10.0/75-15.3,Rolnicze,Przyczepa
10.0/80-12 MRL MAW 200 IMPLEMENT 124A6/120A8 12PR TT,MRL,10.0/80-12,Rolnicze,Przyczepa
460/70R24 MRL GT 333 MAXIMUS 159A8/159B TL,MRL,460/70R24,Rolnicze,Ciągnik
385/65R22.5 HANKOOK AH31 160K M+S 3PMSF,HANKOOK,385/65R22.5,Ciężarowe,Oś kierowana
385/65R22.5 SAVA CARGO 5 HL 164K/158L TL M+S 3PMSF,SAVA,385/65R22.5,Ciężarowe,Przyczepa
315/70R22.5 DUNLOP SP346+ HL 156/150L TL M+S 3PMSF,DUNLOP,315/70R22.5,Ciężarowe,Oś kierowana
315/70R22.5 FULDA REGIOFORCE 3 154L/152M TL M+S 3PMSF,FULDA,315/70R22.5,Ciężarowe,Oś napędowa
13R22.5 GOODTRIP GMD30 ON-OFF ROAD 156/153L 20PR TL M+S 3PMSF,GOODTRIP,13R22.5,Ciężarowe,Oś napędowa
315/70R22.5 GOODTRIP GHA20 154/151M 20PR TL M+S 3PMSF,GOODTRIP,315/70R22.5,Ciężarowe,Oś kierowana
315/60R22.5 CEAT WINMILE-S 154/150L 20PR TL M+S 3PMSF,CEAT,315/60R22.5,Ciężarowe,All position
315/70R22.5 CONTINENTAL CONTI HYBRID HD5 154/150L 18PR TL M+S 3PMSF,CONTINENTAL,315/70R22.5,Ciężarowe,Oś napędowa
420/65R24 ALLIANCE 550 151A8/146D TL,ALLIANCE,420/65R24,Rolnicze,Ciągnik
18X7-8 CONTINENTAL SC20 MILEAGE+,CONTINENTAL,18x7-8,Przemysłowe,Wózek widłowy
180/60-10 CONTINENTAL SC20,CONTINENTAL,180/60-10,Przemysłowe,Wózek widłowy
340/85R24 VREDESTEIN TRAXION85 II 125A8/125B TL,VREDESTEIN,340/85R24,Rolnicze,Ciągnik
500/70R24 VREDESTEIN TRAXION VERSA 164A8 TL,VREDESTEIN,500/70R24,Rolnicze,Ciągnik
27X8.50-15 TRELLEBORG SK-800 118A2 8PR TL,TRELLEBORG,27x8.50-15,Rolnicze,Ciągnik
710/70R42 OZKA AGROLOX 173D/176A8 TL,OZKA,710/70R42,Rolnicze,Ciągnik
230/95R42 OZKA AGRO 10 136A8/133D TL,OZKA,230/95R42,Rolnicze,Ciągnik
580/70R38 OZKA AGROLOX 155D TL,OZKA,580/70R38,Rolnicze,Ciągnik
580/70R38 OZKA AGRO 10 155A8/152B TL,OZKA,580/70R38,Rolnicze,Ciągnik
520/70R34 OZKA AGROLOX 148D/151A8 TL,OZKA,520/70R34,Rolnicze,Ciągnik
420/70R30 OZKA AGRO 10 134A8/131B TL,OZKA,420/70R30,Rolnicze,Ciągnik
540/65R28 OZKA AGROLOX 152A8/149D TL,OZKA,540/65R28,Rolnicze,Ciągnik
380/85R28 OZKA AGRO 10 133A8/130B TL,OZKA,380/85R28,Rolnicze,Ciągnik
460/70R24 OZKA AGRO 10 159A8 TL,OZKA,460/70R24,Rolnicze,Ciągnik
500/60R22.5 OZKA AGRIGOR20 155D TL,OZKA,500/60R22.5,Ciężarowe,Uniwersalne/pozostałe
360/70R20 OZKA AGRO 10 129A8/129B TL,OZKA,360/70R20,Rolnicze,Ciągnik
14.9-26 OZKA KNK 50 140A6 14PR TT,OZKA,14.9-26,Rolnicze,Uniwersalne/pozostałe
16.9-24 OZKA KNK 50 141A6 14PR TT,OZKA,16.9-24,Rolnicze,Uniwersalne/pozostałe
9.5-20 OZKA KNK 50 101A6 6PR TT,OZKA,9.5-20,Rolnicze,Uniwersalne/pozostałe
8.25-20 OZKA KNK 25 133A6 14PR TT,OZKA,8.25-20,Rolnicze,Uniwersalne/pozostałe
15.5-25 OZKA KNK 70 E-3/L-3 175A2 16PR TL,OZKA,15.5-25,Przemysłowe,Uniwersalne/pozostałe
12.5-20 OZKA KNK 12 132F 12PR TT,OZKA,12.5-20,Rolnicze,Uniwersalne/pozostałe
6.50-16 OZKA KNK 20 108/107L 10PR TT,OZKA,6.50-16,Rolnicze,Uniwersalne/pozostałe
710/70R42 GTK RS200 176A8/173D TL,GTK,710/70R42,Rolnicze,Ciągnik
710/70R38 GTK RS200 174A8/171D TL,GTK,710/70R38,Rolnicze,Ciągnik
520/85R38 GTK AGR ALFA 155A8/155B TL,GTK,520/85R38,Rolnicze,Ciągnik
420/85R34 GTK RS200 142A8/139B TL,GTK,420/85R34,Rolnicze,Ciągnik
320/85R32 GTK RS200 126A8/126B TL,GTK,320/85R32,Rolnicze,Ciągnik
420/70R28 GTK AGR ALFA 133D/136A8 TL,GTK,420/70R28,Rolnicze,Ciągnik
420/70R28 GTK RS200 133A8/133B TL,GTK,420/70R28,Rolnicze,Ciągnik
380/85R28 GTK RS200 133A8/130B TL,GTK,380/85R28,Rolnicze,Ciągnik
250/85R28 GTK RS200 112A8/112B TL,GTK,250/85R28,Rolnicze,Ciągnik
480/65R24 GTK RS200 136A8/133D TL,GTK,480/65R24,Rolnicze,Ciągnik
380/70R24 GTK AGR ALFA 128A8/125D TL,GTK,380/70R24,Rolnicze,Ciągnik
18.4-34 GTK AS100 146A6 10PR TT,GTK,18.4-34,Rolnicze,Ciągnik
16.9-28 GTK AS100 139A6 10PR TT,GTK,16.9-28,Rolnicze,Ciągnik
14.9-28 GTK AS100 143A6 14PR TT,GTK,14.9-28,Rolnicze,Ciągnik
18.4-26 GTK AS100 150A6 16PR TT,GTK,18.4-26,Przemysłowe,Ciągnik
12.4-24 GTK AS100 124A6 12PR TT,GTK,12.4-24,Rolnicze,Ciągnik
12.5/80-18 GTK BT20 144A8 14PR TT,GTK,12.5/80-18,Rolnicze,Ciągnik
6.00-16 GTK AS14 93A6 8PR TT,GTK,6.00-16,Rolnicze,Ciągnik
6.00-16 GTK AS14 88A6 6PR TT,GTK,6.00-16,Rolnicze,Ciągnik
400/60-15.5 GTK BT40 151A8 18PR TL,GTK,400/60-15.5,Rolnicze,Przyczepa
10.00-20 GTK LD94 146A8/143A8 16PR TT,GTK,10.00-20,Przemysłowe,Uniwersalne/pozostałe
460/70R24 MICHELIN XMCL 159A8/159B TL,MICHELIN,460/70R24,Rolnicze,Uniwersalne/pozostałe
520/85R38 MITAS AC 85 155A8 TL,MITAS,520/85R38,Rolnicze,Ciągnik
540/65R24 MITAS AC 65 140D/143A8 TL,MITAS,540/65R24,Rolnicze,Ciągnik
540/65R24 MITAS AC 65 146D/149A8 TL,MITAS,540/65R24,Rolnicze,Ciągnik
23.1-26 MITAS TD-01 156A8 14PR TL,MITAS,23.1-26,Rolnicze,Ciągnik
600/40-22.5 MITAS TR-12 REINF 172A8/160A8 16PR TL,MITAS,600/40-22.5,Przemysłowe,Przyczepa
550/60-22.5 MITAS TR-08 167A8/155A8 16PR TL,MITAS,550/60-22.5,Przemysłowe,Ciągnik
500/60-22.5 MITAS TR-08 159A8/147A8 16PR TL,MITAS,500/60-22.5,Przemysłowe,Ciągnik
500/60-22.5 MITAS TR-12 165A8/153A8 16PR TL,MITAS,500/60-22.5,Przemysłowe,Ciągnik
11.5/80-15.3 MITAS TR-03 139A8/126A8 14PR TL,MITAS,11.5/80-15.3,Rolnicze,Ciągnik
4.00-8 MITAS V-5501 2PR TT,MITAS,4.00-8,Rolnicze,Kosiarka/ogród
3.50-8 MITAS V-5501 4PR TT,MITAS,3.50-8,Rolnicze,Kosiarka/ogród
4.00-6 MITAS V-5501 4PR TT,MITAS,4.00-6,Rolnicze,Kosiarka/ogród
16.9-24 MITAS TI-04 INDUST 149A8 12PR TL,MITAS,16.9-24,Rolnicze,Ciągnik
600/40-22.5 MITAS TI-12 169A8 16PR TL,MITAS,600/40-22.5,Przemysłowe,Ładowarka
10.00-20 MITAS NB 38 146B 16PR TT,MITAS,10.00-20,Przemysłowe,Ciągnik
9.00-20 MITAS NB 38 140B 14PR TT,MITAS,9.00-20,Rolnicze,Ciągnik
500/45-20 MITAS TI-12 160A8 TL,MITAS,500/45-20,Rolnicze,Ciągnik
400/75-20 MITAS TR-09 150A8 14PR TL,MITAS,400/75-20,Rolnicze,Ciągnik
320/80-18 MITAS TR-09 LSL 138A8/125A8 12PR TL,MITAS,320/80-18,Rolnicze,Uniwersalne/pozostałe
12-16.5 MITAS SK-02 140A3 10PR TL,MITAS,12-16.5,Rolnicze,Uniwersalne/pozostałe
480/70R30 CULTOR RD-02 141A8/141B TL,CULTOR,480/70R30,Rolnicze,Ciągnik
18.4-38 CULTOR AS AGRI 19 155A6 14PR TT,CULTOR,18.4-38,Rolnicze,Ciągnik
18.4-38 CULTOR AS AGRI 19 148A6 10PR TT,CULTOR,18.4-38,Rolnicze,Ciągnik
8.3-36 CULTOR AS AGRI 10 98A6 6PR TT,CULTOR,8.3-36,Rolnicze,Ciągnik
18.4-34 CULTOR AS AGRI 19 146A6 10PR TT,CULTOR,18.4-34,Rolnicze,Ciągnik
7.50-20 CULTOR AS FRONT10 109A6/101A8 8PR TL,CULTOR,7.50-20,Rolnicze,Ciągnik
6.50-16 CULTOR AS FRONT 08 97A6/89A8 8PR TT,CULTOR,6.50-16,Rolnicze,Oś kierowana
11R22.5 MATADOR DH 1 DIAMOND 148/145L 16PR TL M+S 3PMSF,MATADOR,11R22.5,Przemysłowe,Uniwersalne/pozostałe
10R22.5 MATADOR FR 2 MASTER 144/142L 16PR TL M+S,MATADOR,10R22.5,Przemysłowe,Uniwersalne/pozostałe
385/65R22.5 MATADOR TM 1 COLLOS 160K 20PR TL M+S 3PMSF,MATADOR,385/65R22.5,Ciężarowe,Naczepa/przyczepa
295/60R22.5 MATADOR HR 4 150/147L 18PR TL M+S 3PMSF,MATADOR,295/60R22.5,Ciężarowe,Oś kierowana
275/70R22.5 MATADOR FR 2 MASTER 148/145L 16PR TL M+S,MATADOR,275/70R22.5,Przemysłowe,Uniwersalne/pozostałe
215/75R17.5 MATADOR HR 5 135/133K 16PR TL M+S 3PMSF,MATADOR,215/75R17.5,Przemysłowe,Uniwersalne/pozostałe
205/75R17.5 MATADOR HR 4 124/122M 12PR TL M+S 3PMSF,MATADOR,205/75R17.5,Ciężarowe,Oś kierowana
340/85R24 LINGLONG LR861 125A8/122B TL,LINGLONG,340/85R24,Rolnicze,Uniwersalne/pozostałe
26.5R25 LINGLONG LXL MASTER ** L-3 209A2 TL,LINGLONG,26.5R25,Rolnicze,Uniwersalne/pozostałe
315/60R22.5 LINGLONG KTS300 152/148L 16PR TL M+S 3PMSF,LINGLONG,315/60R22.5,Przemysłowe,Oś kierowana
445/45R19.5 LINGLONG ETT100 160J 20PR TL M+S 3PMSF,LINGLONG,445/45R19.5,Ciężarowe,Naczepa/przyczepa
265/70R19.5 LINGLONG KLS200 140/138M 16PR TL M+S 3PMSF,LINGLONG,265/70R19.5,Przemysłowe,Oś kierowana
245/70R19.5 LINGLONG KLD200 136/134M 16PR TL M+S 3PMSF,LINGLONG,245/70R19.5,Przemysłowe,Uniwersalne/pozostałe
265/70R17.5 LINGLONG KLS200 140/138M 16PR TL M+S 3PMSF,LINGLONG,265/70R17.5,Przemysłowe,Oś kierowana
265/70R17.5 LINGLONG KLS200 140/138M 16PR TL M+S 3PMSF,LINGLONG,265/70R17.5,Przemysłowe,Oś kierowana
265/70R17.5 LINGLONG KLD200 140/138M 16PR TL M+S 3PMSF,LINGLONG,265/70R17.5,Przemysłowe,Uniwersalne/pozostałe
235/75R17.5 LINGLONG KLD200 132/130M 14PR TL M+S 3PMSF,LINGLONG,235/75R17.5,Ciężarowe,Oś napędowa
225/75R17.5 LINGLONG KLS200 129/127M 14PR TL M+S 3PMSF,LINGLONG,225/75R17.5,Ciężarowe,Oś kierowana
225/75R17.5 LINGLONG KLD200 129/127M 14PR TL M+S 3PMSF,LINGLONG,225/75R17.5,Ciężarowe,Oś napędowa
205/65R17.5 LINGLONG KLT200 129/127J 16PR TL M+S,LINGLONG,205/65R17.5,Przemysłowe,Uniwersalne/pozostałe
295/80R22.5 KUMHO KXS10 154/149L 18PR TL 3PMSF,KUMHO,295/80R22.5,Ciężarowe,Uniwersalne/pozostałe
295/80R22.5 KUMHO KXD10 154/149L 18PR TL 3PMSF,KUMHO,295/80R22.5,Ciężarowe,All position
420/70R28 KABAT EVOLUTION 70 133D TL,KABAT,420/70R28,Rolnicze,Ciągnik
380/70R24 KABAT EVOLUTION 70 125D TL,KABAT,380/70R24,Rolnicze,Ciągnik
16.9-38 KABAT SGP-04 14PR TT,KABAT,16.9-38,Rolnicze,Ciągnik
12.4-32 KABAT SGP-04 125A6 8PR TT,KABAT,12.4-32,Rolnicze,Ciągnik
16.9-30 KABAT SGP-04 135A8 12PR TT,KABAT,16.9-30,Rolnicze,Ciągnik
16.9-28 KABAT SGP-04 139A6 10PR TT,KABAT,16.9-28,Rolnicze,Ciągnik
14.9-28 KABAT SGP-03 130A6 8PR TT,KABAT,14.9-28,Rolnicze,Ciągnik
12.4-28 KABAT SGP-02 123A6 8PR TT,KABAT,12.4-28,Rolnicze,Ciągnik
14.9-24 KABAT SGP-06 128A6 8PR TT,KABAT,14.9-24,Rolnicze,Ciągnik
12.4-24 KABAT SGP-04 120A6 8PR TT,KABAT,12.4-24,Rolnicze,Ciągnik
9.5-24 KABAT SGP-04 112A6 8PR TT,KABAT,9.5-24,Rolnicze,Ciągnik
6.00-18 KABAT SRF-02 88A8 6PR TT,KABAT,6.00-18,Rolnicze,Ciągnik
9.00-16 KABAT IMP-09 14PR TT,KABAT,9.00-16,Rolnicze,Przyczepa
7.50-16 KABAT SRF-05 103A8 8PR TT,KABAT,7.50-16,Rolnicze,Ciągnik
7.50-16 KABAT SGP-04 98A6 6PR TT,KABAT,7.50-16,Rolnicze,Ciągnik
6.00-16 KABAT SRF-03 94A8 8PR TT,KABAT,6.00-16,Rolnicze,Ciągnik
6.00-16 KABAT SRF-03 88A8 6PR TT,KABAT,6.00-16,Rolnicze,Ciągnik
6.00-16 KABAT SGP-04 88A8 6PR TT,KABAT,6.00-16,Rolnicze,Ciągnik
6.00-16 KABAT SGP-04 94A6 8PR TT,KABAT,6.00-16,Rolnicze,Ciągnik
400/60-15.5 KABAT IMP-04 145A8 14PR TL,KABAT,400/60-15.5,Rolnicze,Przyczepa
11.5/80-15.3 KABAT IMP-03 139A8 14PR TT,KABAT,11.5/80-15.3,Rolnicze,Przyczepa
10.0/75-15.3 KABAT IMP-03 130A8 14PR TT,KABAT,10.0/75-15.3,Rolnicze,Przyczepa
10.0/75-15.3 KABAT IMP-03 126A8 12PR TT,KABAT,10.0/75-15.3,Rolnicze,Przyczepa
10.0/80-12 KABAT IMP-07 117A8 10PR TT,KABAT,10.0/80-12,Rolnicze,Przyczepa
16X6.50-8 KABAT LWG-02 IMPLEMENT KLOCKOWA 73A4 6PR TL,KABAT,16x6.50-8,Rolnicze,Przyczepa
16X6.50-8 KABAT LWG-02 IMPLEMENT KLOCKOWA 73A4 6PR TT,KABAT,16x6.50-8,Rolnicze,Przyczepa
15X6.00-6 KABAT IMP-06 IMPLEMENT LINIOWA 6PR TT,KABAT,15x6.00-6,Rolnicze,Przyczepa
23X5 KABAT IMP-08 121A5 10PR TT,KABAT,23x5,Rolnicze,Przyczepa
23X5 KABAT IMP-08 113A5 6PR TT,KABAT,23x5,Rolnicze,Przyczepa
340/80-18 KABAT GTR-03 146A8 14PR TL,KABAT,340/80-18,Rolnicze,Ciągnik
230/95R42 MRL RC 950 SPRAYER 133D/136A8 TL,MRL,230/95R42,Rolnicze,Opryskiwacz
480/70R38 MRL FARM MAXX 70 RRT 770 145D/148A8 TL,MRL,480/70R38,Rolnicze,Ciągnik
480/70R30 MRL FARM MAXX 70 RRT 770 141A8/141B TL,MRL,480/70R30,Rolnicze,Ciągnik
420/85R30 MRL FARM SUPER 85 RRT 885 140A8/140B TL,MRL,420/85R30,Rolnicze,Ciągnik
710/50R26.5 MRL POWER FLR 333 172D/169E TL SB,MRL,710/50R26.5,Ciężarowe,Uniwersalne/pozostałe
480/65R24 MRL FARM XTREME 65 RRT500 140D/143A8 TL,MRL,480/65R24,Rolnicze,Ciągnik
320/70R20 MRL FARM MAXX 70 RRT 770 123D/126A8 TL,MRL,320/70R20,Rolnicze,Ciągnik
18.4-26 MRL MRT 329 KIRTI 16PR TL,MRL,18.4-26,Przemysłowe,Uniwersalne/pozostałe
4.00-16 MRL MTF 222 TWO RIB 69A6/62A8 4PR TT,MRL,4.00-16,Rolnicze,Ciągnik
5.50-16 MRL MTF 212 THREE RIB PREMIUM 86A6/78A8 6PR TT,MRL,5.50-16,Rolnicze,Ciągnik
400/60-15.5 MRL PRINCE 335 FLOTATION 147A6/143A8 16PR TL,MRL,400/60-15.5,Przemysłowe,Przyczepa
11.5/80-15.3 MRL MIM 374 141A6/135A8 12PR TL,MRL,11.5/80-15.3,Rolnicze,Przyczepa
11.5/80-15.3 MRL MAW 200 IMPLEMENT 149A6/145A8 18PR TL,MRL,11.5/80-15.3,Rolnicze,Przyczepa
11.5/80-15.3 MRL MAW 200 IMPLEMENT 141A6/137A8 16PR TL,MRL,11.5/80-15.3,Przemysłowe,Przyczepa
10.0/75-15.3 MRL MIM 374 128A6/123A8 10PR TL,MRL,10.0/75-15.3,Rolnicze,Przyczepa
10.0/75-15.3 MRL MAW 200 IMPLEMENT 126A6/122A8 12PR TL,MRL,10.0/75-15.3,Rolnicze,Przyczepa
10.0/75-15.3 MRL MAW 200 IMPLEMENT 130A6/126A8 14PR TT,MRL,10.0/75-15.3,Rolnicze,Przyczepa
5.00-15 MRL MIM 374 94A6/90A8 6PR TT,MRL,5.00-15,Rolnicze,Przyczepa
10.0/80-12 MRL MAW 200 IMPLEMENT 124A6/120A8 12PR TT,MRL,10.0/80-12,Rolnicze,Przyczepa
6.00-12 MRL MRT 302 RT M93 RT 83A6 8PR TT,MRL,6.00-12,Rolnicze,Ciągnik
5.00-12 MRL MRT 302 RT 70A6/66A8 8PR TT,MRL,5.00-12,Rolnicze,Ciągnik
18.4-26 MRL MTU 430 ROCKY HD 156A8 12PR TL,MRL,18.4-26,Rolnicze,Ładowarka
17.5-25 MRL ME3 456 ROCK GRIP E-3/L-3 164B/181A2 20PR TL,MRL,17.5-25,Rolnicze,Uniwersalne/pozostałe
10-16.5 MRL ML2 482 HD BEAST L-4/L-5 138A2/130A3 12PR TL,MRL,10-16.5,Rolnicze,Uniwersalne/pozostałe
10.0/75-15.3 MRL MPT 446 130A8/130A8 14PR TL,MRL,10.0/75-15.3,Rolnicze,Ciągnik
385/55R22.5 HANKOOK AH31 160K M+S 3PMSF,HANKOOK,385/55R22.5,Ciężarowe,Oś kierowana
295/60R22.5 HANKOOK DH31 150/147K M+S 3PMSF,HANKOOK,295/60R22.5,Ciężarowe,Oś napędowa
12R22.5 SAVA ORJAK PLUS 152/148L TL M+S 3PMSF,SAVA,12R22.5,Ciężarowe,Oś napędowa
385/55R22.5 SAVA CARGO 5 160K/158L TL M+S 3PMSF,SAVA,385/55R22.5,Ciężarowe,Przyczepa
385/55R22.5 SAVA AVANT 5 160K/158L TL M+S 3PMSF,SAVA,385/55R22.5,Ciężarowe,Oś kierowana
315/80R22.5 SAVA ORJAK 5 156L/154M TL M+S 3PMSF,SAVA,315/80R22.5,Ciężarowe,Oś napędowa
315/80R22.5 SAVA AVANT 5 156L/154M TL M+S 3PMSF,SAVA,315/80R22.5,Ciężarowe,Oś kierowana
315/70R22.5 SAVA ORJAK 5 154L/152M TL M+S 3PMSF,SAVA,315/70R22.5,Ciężarowe,Oś napędowa
315/60R22.5 SAVA ORJAK 5 152/148L TL M+S 3PMSF,SAVA,315/60R22.5,Ciężarowe,Oś napędowa
315/60R22.5 SAVA AVANT 5 152/148L TL M+S 3PMSF,SAVA,315/60R22.5,Ciężarowe,Oś kierowana
295/80R22.5 SAVA ORJAK 5 152/148M TL M+S 3PMSF,SAVA,295/80R22.5,Ciężarowe,Oś napędowa
295/60R22.5 SAVA AVANT 5 150K TL M+S 3PMSF,SAVA,295/60R22.5,Ciężarowe,Oś kierowana
12R22.5 SAVA AVANT PLUS 152/148L TL,SAVA,12R22.5,Ciężarowe,Oś kierowana
435/50R19.5 SAVA CARGO 5 TL M+S 3PMSF,SAVA,435/50R19.5,Ciężarowe,Przyczepa
265/70R19.5 SAVA ORJAK 140/138M TL M+S,SAVA,265/70R19.5,Ciężarowe,Oś napędowa
265/70R19.5 SAVA CARGO 4 143/141J TL M+S 3PMSF,SAVA,265/70R19.5,Ciężarowe,Przyczepa
9.5R17.5 SAVA TAMAR PLUS 129/127M TL M+S 3PMSF,SAVA,9.5R17.5,Ciężarowe,Oś napędowa
235/75R17.5 SAVA CARGO 4 143/141J TL M+S 3PMSF,SAVA,235/75R17.5,Ciężarowe,Przyczepa
225/75R17.5 SAVA AVANT 4 129/127M TL M+S 3PMSF,SAVA,225/75R17.5,Ciężarowe,Oś kierowana
205/75R17.5 SAVA AVANT 4 124/122M TL M+S 3PMSF,SAVA,205/75R17.5,Ciężarowe,Oś kierowana
385/65R22.5 DUNLOP SP382 160K/158L TL M+S,DUNLOP,385/65R22.5,Ciężarowe,Oś kierowana
315/80R22.5 DUNLOP SP446 156L/154M TL M+S 3PMSF,DUNLOP,315/80R22.5,Ciężarowe,Oś napędowa
315/70R22.5 DUNLOP SP446 154L/152M TL M+S 3PMSF,DUNLOP,315/70R22.5,Ciężarowe,Oś napędowa
295/80R22.5 DUNLOP SP346 HL 154/149M TL M+S 3PMSF,DUNLOP,295/80R22.5,Ciężarowe,Oś kierowana
285/70R19.5 DUNLOP SP346 146L/144M TL M+S 3PMSF,DUNLOP,285/70R19.5,Ciężarowe,Oś kierowana
265/70R19.5 DUNLOP SP346 140/138M TL M+S 3PMSF,DUNLOP,265/70R19.5,Ciężarowe,Oś kierowana
265/70R17.5 DUNLOP SP446 139/136M TL M+S 3PMSF,DUNLOP,265/70R17.5,Ciężarowe,Oś napędowa
265/70R17.5 DUNLOP SP346 139/136M TL M+S 3PMSF,DUNLOP,265/70R17.5,Ciężarowe,Oś kierowana
245/70R17.5 DUNLOP SP446 136/134M TL M+S 3PMSF,DUNLOP,245/70R17.5,Ciężarowe,Oś napędowa
245/70R17.5 DUNLOP SP246 143J/146F TL M+S 3PMSF,DUNLOP,245/70R17.5,Ciężarowe,Naczepa/przyczepa
215/75R17.5 DUNLOP SP446 126/124M TL M+S 3PMSF,DUNLOP,215/75R17.5,Ciężarowe,Oś napędowa
215/75R17.5 DUNLOP SP246 136/134J TL M+S 3PMSF,DUNLOP,215/75R17.5,Ciężarowe,Naczepa/przyczepa
385/65R22.5 GOODYEAR ULTRAGRIP MAX HL 164K/158L TL M+S 3PMSF,GOODYEAR,385/65R22.5,Ciężarowe,Oś kierowana
315/80R22.5 GOODYEAR UG COACH 156L/154M TL M+S 3PMSF,GOODYEAR,315/80R22.5,Ciężarowe,Oś kierowana
315/60R22.5 GOODYEAR ULTRAGRIP MAX HL 152/148L TL M+S 3PMSF,GOODYEAR,315/60R22.5,Ciężarowe,Oś kierowana
315/60R22.5 GOODYEAR ULTRAGRIP MAX 152/148L TL M+S 3PMSF,GOODYEAR,315/60R22.5,Ciężarowe,Oś kierowana
295/80R22.5 GOODYEAR ULTRAGRIP COACH HL 154/149M TL M+S 3PMSF,GOODYEAR,295/80R22.5,Ciężarowe,Oś kierowana
315/70R22.5 GOODYEAR KMAX 154L/152M TL M+S 3PMSF,GOODYEAR,315/70R22.5,Ciężarowe,Oś kierowana
315/70R22.5 GOODYEAR EQMAX RFID 154L/152M TL M+S 3PMSF,GOODYEAR,315/70R22.5,Ciężarowe,Oś kierowana
305/70R22.5 GOODYEAR KMAX 153L/150M TL M+S 3PMSF,GOODYEAR,305/70R22.5,Ciężarowe,Oś kierowana
295/80R22.5 GOODYEAR MARATHON COACH HL 154/149M TL M+S 3PMSF,GOODYEAR,295/80R22.5,Ciężarowe,Naczepa/przyczepa
285/70R19.5 GOODYEAR KMAX 150/148J TL M+S 3PMSF,GOODYEAR,285/70R19.5,Ciężarowe,Oś kierowana
295/80R22.5 FULDA WINTERCONTROL PROWADZĄCA 152/148L TL M+S 3PMSF,FULDA,295/80R22.5,Ciężarowe,Oś kierowana
385/65R22.5 FULDA REGIOCONTROL 3 160K/158L TL M+S 3PMSF,FULDA,385/65R22.5,Ciężarowe,Oś kierowana
385/55R22.5 FULDA REGIOTONN 3 160K/158L TL M+S 3PMSF,FULDA,385/55R22.5,Ciężarowe,Naczepa/przyczepa
315/80R22.5 FULDA REGIOCONTROL 3 156L/154M TL M+S 3PMSF,FULDA,315/80R22.5,Ciężarowe,Oś kierowana
315/70R22.5 FULDA REGIOFORCE 3 154L/152M TL M+S 3PMSF,FULDA,315/70R22.5,Ciężarowe,Oś napędowa
315/60R22.5 FULDA REGIOCONTROL 3 152/148L TL M+S 3PMSF,FULDA,315/60R22.5,Ciężarowe,Oś kierowana
315/60R22.5 FULDA REGIOCONTROL 3 HL 152/148L TL M+S 3PMSF,FULDA,315/60R22.5,Ciężarowe,Oś kierowana
295/80R22.5 FULDA REGIOCONTROL 3 HL 154/149M TL M+S 3PMSF,FULDA,295/80R22.5,Ciężarowe,Oś kierowana
295/60R22.5 FULDA REGIOFORCE 3 150K/149L TL M+S 3PMSF,FULDA,295/60R22.5,Ciężarowe,Oś napędowa
295/55R22.5 FULDA REGIOFORCE 3 147/145K TL M+S 3PMSF,FULDA,295/55R22.5,Ciężarowe,Oś napędowa
435/50R19.5 FULDA REGIOTONN 3 160J TL M+S 3PMSF,FULDA,435/50R19.5,Ciężarowe,Naczepa/przyczepa
285/70R19.5 FULDA REGIOCONTROL* 146L/140M TL M+S 3PMSF,FULDA,285/70R19.5,Ciężarowe,Oś kierowana
9.5R17.5 FULDA ECOTRANS 129/127M TL M+S 3PMSF,FULDA,9.5R17.5,Ciężarowe,Oś kierowana
235/75R17.5 FULDA REGIOCONTROL 132/130M TL M+S 3PMSF,FULDA,235/75R17.5,Ciężarowe,Oś kierowana
205/75R17.5 FULDA REGIOCONTROL 124/122M TL M+S 3PMSF,FULDA,205/75R17.5,Ciężarowe,Oś kierowana
315/80R22.5 GOODTRIP GHD20 157/154L 20PR TL M+S 3PMSF,GOODTRIP,315/80R22.5,Ciężarowe,Oś napędowa
445/45R19.5 GOODTRIP GHT22 TRAILER 160J 22PR TL M+S 3PMSF,GOODTRIP,445/45R19.5,Ciężarowe,Przyczepa
315/80R22.5 UNIROYAL FM40 PROWADZĄCA 156/150K TL M+S 3PMSF,UNIROYAL,315/80R22.5,Ciężarowe,Oś kierowana
295/80R22.5 UNIROYAL DH40 152/148M TL M+S 3PMSF,UNIROYAL,295/80R22.5,Ciężarowe,Oś napędowa
235/75R17.5 UNIROYAL FH40 132/130M 12PR TL M+S 3PMSF,UNIROYAL,235/75R17.5,Ciężarowe,Oś kierowana
385/65R22.5 CEAT WINLOAD-AW 164K TL M+S 3PMSF,CEAT,385/65R22.5,Ciężarowe,Oś napędowa
315/70R22.5 CEAT WINMILE-S 156/150L TL M+S 3PMSF,CEAT,315/70R22.5,Ciężarowe,All position
295/80R22.5 CEAT WINSUPER-X3-D 154/149M 18PR TL M+S 3PMSF,CEAT,295/80R22.5,Ciężarowe,Oś napędowa
295/80R22.5 CONTINENTAL CONTI SCANDINAVIA HD3 152/148M 16PR TL M+S 3PMSF,CONTINENTAL,295/80R22.5,Przemysłowe,Uniwersalne/pozostałe
385/65R22.5 CONTINENTAL CONTI HYBRID HT5 HL 164K 20PR TL M+S 3PMSF,CONTINENTAL,385/65R22.5,Ciężarowe,Naczepa/przyczepa
355/50R22.5 CONTINENTAL CONTI ECOPLUS HS3 EU LRJ 156K 18PR TL M+S 3PMSF,CONTINENTAL,355/50R22.5,Ciężarowe,Oś kierowana
315/80R22.5 CONTINENTAL CONTI ECO HD5 156/150L 18PR TL M+S 3PMSF,CONTINENTAL,315/80R22.5,Ciężarowe,Oś kierowana
265/70R19.5 CONTINENTAL CONTI HYBRID HT3+ 143/141K 16PR TL M+S 3PMSF,CONTINENTAL,265/70R19.5,Przemysłowe,Naczepa/przyczepa
245/70R19.5 CONTINENTAL CONTI HYBRID HD3 136/134M 16PR TL M+S 3PMSF,CONTINENTAL,245/70R19.5,Przemysłowe,Uniwersalne/pozostałe
9.5R17.5 CONTINENTAL LDR1 129/127L 14PR TL M+S 3PMSF,CONTINENTAL,9.5R17.5,Ciężarowe,Oś napędowa
245/70R17.5 CONTINENTAL CONTI HYBRID LD3 136/134M 14PR TL M+S 3PMSF,CONTINENTAL,245/70R17.5,Ciężarowe,Oś napędowa
235/75R17.5 CONTINENTAL CONTI HYBRID LD3 132/130M 12PR TL M+S 3PMSF,CONTINENTAL,235/75R17.5,Ciężarowe,Oś napędowa
225/75R17.5 CONTINENTAL CONTI HYBRID LD3 129/127M 12PR TL M+S 3PMSF,CONTINENTAL,225/75R17.5,Ciężarowe,Oś kierowana
385/55R22.5 BARUM BF200R 160K 20PR TL M+S 3PMSF,BARUM,385/55R22.5,Ciężarowe,All position
265/70R19.5 BARUM BD200R 140/138M 14PR TL M+S 3PMSF,BARUM,265/70R19.5,Ciężarowe,All position
385/65R22.5 BRIDGESTONE ECOPIA STEER 160K TL M+S 3PMSF,BRIDGESTONE,385/65R22.5,Ciężarowe,Oś kierowana
385/55R22.5 BRIDGESTONE ECOPIA STEER 160K TL M+S 3PMSF,BRIDGESTONE,385/55R22.5,Ciężarowe,Oś kierowana
315/80R22.5 BRIDGESTONE DURD2 156/150L TL M+S 3PMSF,BRIDGESTONE,315/80R22.5,Ciężarowe,Oś napędowa
315/70R22.5 BRIDGESTONE ECOPIA STEER 156/150L TL M+S 3PMSF,BRIDGESTONE,315/70R22.5,Ciężarowe,Oś kierowana
315/60R22.5 BRIDGESTONE DURS2 154/148L TL M+S 3PMSF,BRIDGESTONE,315/60R22.5,Ciężarowe,Oś kierowana
275/70R22.5 BRIDGESTONE M840 148/145K M+S 3PMSF,BRIDGESTONE,275/70R22.5,Ciężarowe,Uniwersalne/pozostałe
435/50R19.5 BRIDGESTONE R166 160J TL M+S 3PMSF,BRIDGESTONE,435/50R19.5,Ciężarowe,Naczepa/przyczepa
265/70R19.5 BRIDGESTONE R-DRIVE 002 140/138M TL M+S 3PMSF,BRIDGESTONE,265/70R19.5,Ciężarowe,Oś napędowa
265/70R17.5 BRIDGESTONE R-STEER 002 138M TL M+S 3PMSF,BRIDGESTONE,265/70R17.5,Ciężarowe,Oś kierowana
245/70R17.5 BRIDGESTONE R-STEER 002 136/134M TL M+S 3PMSF,BRIDGESTONE,245/70R17.5,Ciężarowe,Oś kierowana
235/75R17.5 BRIDGESTONE RT1 143/141K TL M+S 3PMSF,BRIDGESTONE,235/75R17.5,Ciężarowe,Naczepa/przyczepa
215/75R17.5 BRIDGESTONE RT1 136/134K TL M+S 3PMSF,BRIDGESTONE,215/75R17.5,Ciężarowe,Naczepa/przyczepa
205/75R17.5 BRIDGESTONE RS2 124M TL M+S 3PMSF,BRIDGESTONE,205/75R17.5,Ciężarowe,Ciągnik
205/65R17.5 BRIDGESTONE RT1 132/130J TL M+S 3PMSF,BRIDGESTONE,205/65R17.5,Ciężarowe,Naczepa/przyczepa
540/65R28 FIRESTONE MAXITRACTION 65 142D/139E TL,FIRESTONE,540/65R28,Rolnicze,Ciągnik
17.5R25 FIRESTONE MBT MS DE2 ** E-3/L-3 167B TL,FIRESTONE,17.5R25,Rolnicze,Ciągnik
295/60R22.5 FIRESTONE FD624 150/147L TL M+S 3PMSF,FIRESTONE,295/60R22.5,Ciężarowe,Oś napędowa
245/70R17.5 FIRESTONE FS411 136/134M TL M+S 3PMSF,FIRESTONE,245/70R17.5,Ciężarowe,Oś kierowana
215/75R17.5 FIRESTONE FD611 126/124M TL M+S 3PMSF,FIRESTONE,215/75R17.5,Ciężarowe,Oś napędowa
500/70R24 APOLLO TERRA PRO1045 162D TL,APOLLO,500/70R24,Rolnicze,Uniwersalne/pozostałe
18.00X25 BKT XL GRIP 40PR TL,BKT,18.00x25,Przemysłowe,Maszyny górnicze
200/60-14.5 KENDA K401 10PR TL,KENDA,200/60-14.5,Rolnicze,Uniwersalne/pozostałe
195/65-15 ALLIANCE 768 8PR TL,ALLIANCE,195/65-15,Rolnicze,Ciągnik
10.0/75-15.3 MITAS TR03 14PR TL,MITAS,10.0/75-15.3,Rolnicze,Przyczepa
6.5/75-14 MITAS TS02 4PR TT,MITAS,6.5/75-14,Rolnicze,Kosiarka/ogród
500/45-22.5 ALLIANCE A328 VALUE PLUS 16PR TL,ALLIANCE,500/45-22.5,Rolnicze,Przyczepa
400/60-15.5 ALLIANCE 328 148A8 TL,ALLIANCE,400/60-15.5,Leśne,Przyczepa
340/55-16 TRELLEBORG AW305 128A8/140A8 TL,TRELLEBORG,340/55-16,Rolnicze,Przyczepa
385/55R22.5 CONTINENTAL CONTI HYBRID HT5 160K/158L 20PR 3PMSF M+S,CONTINENTAL,385/55R22.5,Ciężarowe,Naczepa/przyczepa
295/60R22.5 CONTINENTAL CONTI ECO HD 5 EU LRJ 18PR 150/147L 18PR 3PMSF M+S DRIVE,CONTINENTAL,295/60R22.5,Ciężarowe,Oś napędowa
295/60R22.5 CONTINENTAL HD3 CONTI HYBRID 150/147L 3PMSF M+S DRIVE,CONTINENTAL,295/60R22.5,Ciężarowe,Oś napędowa
315/70R22.5 CONTINENTAL HD5 CONTI HYBRID 154/150L 3PMSF DRIVE,CONTINENTAL,315/70R22.5,Ciężarowe,Oś napędowa
315/70R22.5 CONTINENTAL HS5 CONTI ECO 156/150L 3PMSF M+S FRONT,CONTINENTAL,315/70R22.5,Ciężarowe,Oś kierowana
385/55R22.5 CONTINENTAL HS5 CONTI HYBRID 160K 3PMSF M+S FRONT,CONTINENTAL,385/55R22.5,Ciężarowe,Oś kierowana
23.5R25 BKT EARTH MAX SR 51 DOT2016 TL,BKT,23.5R25,Przemysłowe,Maszyny górnicze
800/45X26.5 BKT FLOT648 E 16PR TL,BKT,800/45x26.5,Rolnicze,Przyczepa
14.00X25 BKT EM 937 DOT 2010 24PR TL,BKT,14.00x25,Przemysłowe,Koparka
10.0/80-12 OZKA KNK 42 117A8 10PR TL,OZKA,10.0/80-12,Rolnicze,Uniwersalne/pozostałe
18.4R38 CULTOR RD01 149A8/146B TL,CULTOR,18.4R38,Rolnicze,Ciągnik
16.9R34 CULTOR RD01 142A8/139B TL,CULTOR,16.9R34,Rolnicze,Ciągnik
14.9R24 CULTOR RD01 131A8/128B TL,CULTOR,14.9R24,Rolnicze,Ciągnik
7.50-20 CULTOR AS-FRONT 08 109A6/101A8 8PR TT FRONT,CULTOR,7.50-20,Rolnicze,Oś kierowana
13.6-28 CULTOR AS-AGRI19 8PR TT,CULTOR,13.6-28,Rolnicze,Ciągnik
6.00-19 CULTOR AS-FRONT 10 8PR TT FRONT,CULTOR,6.00-19,Rolnicze,Oś kierowana
7.50-16 MITAS TS04 8PR TT,MITAS,7.50-16,Rolnicze,Kosiarka/ogród
16.9-38 MITAS TD13 8PR TT,MITAS,16.9-38,Rolnicze,Ciągnik
240/70R16 BKT RT333 TURF 104A8 TL,BKT,240/70R16,Rolnicze,Kosiarka/ogród
360/70R24 BKT RT333 TURF 122A8 TL,BKT,360/70R24,Rolnicze,Kosiarka/ogród
340/85R28 BKT AGRIMAX TURF RT333 E 127A8/127B,BKT,340/85R28,Rolnicze,Kosiarka/ogród
VF600/65R34 NRO BKT AGRIMAX V-FLECTO 169D,BKT,600/65R34,Rolnicze,Ciągnik
8.3X20 BKT FARM200 E 6PR TT,BKT,8.3x20,Rolnicze,Uniwersalne/pozostałe
480/70R34 VREDESTEIN TRAXION70 143D TL,VREDESTEIN,480/70R34,Rolnicze,Ciągnik
380/85R24 VREDESTEIN TRAXION85 II 131A8/131B TL,VREDESTEIN,380/85R24,Rolnicze,Ciągnik
440/80R28 TRELLEBORG TH 400 156A8/156B TL,TRELLEBORG,440/80R28,Rolnicze,Ładowarka
480/80R26 TRELLEBORG TH 400 160A8/160B TL,TRELLEBORG,480/80R26,Rolnicze,Ładowarka
500/70R24 TRELLEBORG TH 400 164A8/164B TL,TRELLEBORG,500/70R24,Rolnicze,Ładowarka
460/70R24 TRELLEBORG TH 500 159A8/159B TL,TRELLEBORG,460/70R24,Rolnicze,Ładowarka
440/80R24 TRELLEBORG TH 400 161A8/161B TL,TRELLEBORG,440/80R24,Rolnicze,Ładowarka
400/70R24 TRELLEBORG TH 400 158A8/158B TL,TRELLEBORG,400/70R24,Rolnicze,Ładowarka
340/80R18 TRELLEBORG TH 400 143A8/143B TL,TRELLEBORG,340/80R18,Rolnicze,Ładowarka
320/85R36 OZKA AGRO 10 128A8/125B TL,OZKA,320/85R36,Rolnicze,Ciągnik
230/95R32 OZKA AGRO 10 128A8/128B TL,OZKA,230/95R32,Rolnicze,Ciągnik
380/85R30 OZKA AGRO 10 135A8/132B TL,OZKA,380/85R30,Rolnicze,Ciągnik
480/65R24 OZKA AGRO 10 136A8/133D TL,OZKA,480/65R24,Rolnicze,Ciągnik
420/70R24 OZKA AGRO 10 130A8/130B TL,OZKA,420/70R24,Rolnicze,Ciągnik
9.5-24 OZKA KNK 50 116A6 8PR TT,OZKA,9.5-24,Rolnicze,Uniwersalne/pozostałe
6.00-16 OZKA KNK 35 88A6 6PR TT,OZKA,6.00-16,Rolnicze,Uniwersalne/pozostałe
6.50/80-13 OZKA KNK 52 82A6 6PR TT,OZKA,6.50/80-13,Rolnicze,Uniwersalne/pozostałe
540/65R38 GTK RS200 156A8/153D TL,GTK,540/65R38,Rolnicze,Ciągnik
520/70R38 GTK AGR ALFA 150D TL,GTK,520/70R38,Rolnicze,Ciągnik
480/70R28 GTK RS200 140A8/140B TL,GTK,480/70R28,Rolnicze,Ciągnik
380/85R24 GTK RS200 131A8/128B TL,GTK,380/85R24,Rolnicze,Ciągnik
320/85R24 GTK RS200 122A8/119B TL,GTK,320/85R24,Rolnicze,Ciągnik
20.8-38 GTK AS100 162A6 16PR TT,GTK,20.8-38,Przemysłowe,Uniwersalne/pozostałe
13.6-36 GTK AS100 129A6 8PR TT,GTK,13.6-36,Rolnicze,Uniwersalne/pozostałe
12.4-36 GTK AS100 126A6 8PR TT,GTK,12.4-36,Rolnicze,Ciągnik
23.1-26 GTK AS100 162A6 18PR TL,GTK,23.1-26,Rolnicze,Uniwersalne/pozostałe
14.5-20 GTK LD96 143D 14PR TL,GTK,14.5-20,Rolnicze,Ciągnik
600/40-22.5 MITAS TR-12 REINF 172A8/160A8 16PR TL,MITAS,600/40-22.5,Przemysłowe,Przyczepa
8.25-20 Mitas NB 38 122B 14PR TT,MITAS,8.25-20,Rolnicze,Ciągnik
6.50-20 MITAS NB 60 113L 10PR TT,MITAS,6.50-20,Rolnicze,Ciągnik
12.4-28 CULTOR AS AGRI 19 123A6/116A8 8PR TT,CULTOR,12.4-28,Rolnicze,Ciągnik
13R22.5 MATADOR DM 4 156/150K 18PR TL M+S 3PMSF,MATADOR,13R22.5,Ciężarowe,Oś napędowa
12R22.5 MATADOR DH 1 DIAMOND 152/148L 16PR TL M+S 3PMSF,MATADOR,12R22.5,Przemysłowe,Uniwersalne/pozostałe
245/70R19.5 LINGLONG KLS200 136/134M 16PR TL M+S 3PMSF,LINGLONG,245/70R19.5,Przemysłowe,Oś kierowana
225/75R17.5 LINGLONG KLD200 129/127M 14PR TL M+S 3PMSF,LINGLONG,225/75R17.5,Ciężarowe,Oś napędowa
480/70R34 KABAT EVOLUTION 70 143D TL,KABAT,480/70R34,Rolnicze,Ciągnik
12.4-24 KABAT SGP-04 120A6 8PR TT,KABAT,12.4-24,Rolnicze,Ciągnik
12.4-24 KABAT SGP-04 128A6 12PR TT,KABAT,12.4-24,Rolnicze,Ciągnik
7.50-16 KABAT SGP-04 103A8 8PR TT,KABAT,7.50-16,Rolnicze,Ciągnik
18x8.50-8 KABAT LWG-02 IMPLEMENT KLOCKOWA 82A4 6PR TT,KABAT,18x8.50-8,Rolnicze,Przyczepa
480/70R38 MRL FARM MAXX 70 RRT 770 145D/148A8 TL,MRL,480/70R38,Rolnicze,Ciągnik
480/70R34 MRL FARM MAXX 70 RRT 770 149D/152A8 TL,MRL,480/70R34,Rolnicze,Ciągnik
320/70R20 MRL FARM MAXX 70 RRT 770 123A8/123B TL,MRL,320/70R20,Rolnicze,Ciągnik
13.6-24 MRL MRT 329 KIRTI 130A6/126A8 12PR TT,MRL,13.6-24,Rolnicze,Ciągnik
12.4-24 MRL MRT 329 KIRTI 130A6/126A8 14PR TT,MRL,12.4-24,Rolnicze,Ciągnik
8.3-20 MRL MRT 329 KIRTI 101A6/98A8 8PR TT,MRL,8.3-20,Rolnicze,Ciągnik
400/60-15.5 MRL PRINCE 335 FLOTATION 145A6/141A8 14PR TL,MRL,400/60-15.5,Rolnicze,Przyczepa
10.0/75-15.3 MRL MAW 200 IMPLEMENT 134A6/130A8 16PR TT,MRL,10.0/75-15.3,Przemysłowe,Przyczepa
18.4-26 MRL MTU 430 ROCKY HD 156A8 12PR TL,MRL,18.4-26,Rolnicze,Ładowarka
315/60R22.5 SAVA AVANT 5 152/148L TL M+S 3PMSF,SAVA,315/60R22.5,Ciężarowe,Oś kierowana
9.5R17.5 SAVA COMET PLUS 129/127M TL M+S 3PMSF,SAVA,9.5R17.5,Ciężarowe,Oś kierowana
265/70R19.5 DUNLOP SP446 140/138M TL M+S 3PMSF,DUNLOP,265/70R19.5,Ciężarowe,Oś napędowa
315/80R22.5 GOODYEAR KMAX 156L/154M TL M+S 3PMSF,GOODYEAR,315/80R22.5,Ciężarowe,Oś kierowana
385/55R22.5 FULDA REGIOTONN 3 160K/158L TL M+S 3PMSF,FULDA,385/55R22.5,Ciężarowe,Naczepa/przyczepa
315/70R22.5 FULDA REGIOCONTROL 3 HL 156/150L TL M+S 3PMSF,FULDA,315/70R22.5,Ciężarowe,Oś kierowana
295/60R22.5 FULDA REGIOFORCE 3 150K/149L TL M+S 3PMSF,FULDA,295/60R22.5,Ciężarowe,Oś napędowa
235/75R17.5 GOODTRIP GHA20 143/141K 16PR TL M+S 3PMSF,GOODTRIP,235/75R17.5,Przemysłowe,Uniwersalne/pozostałe
295/80R22.5 CEAT WINMILE-X3-AW 154/149M 18PR TL M+S 3PMSF,CEAT,295/80R22.5,Ciężarowe,All position
385/65R22.5 CONTINENTAL CONTI SCANDINAVIA HT3 164K 20PR TL M+S 3PMSF,CONTINENTAL,385/65R22.5,Ciężarowe,Naczepa/przyczepa
315/70R22.5 CONTINENTAL CONTI SCANDINAVIA HD3 154/150L 20PR TL M+S 3PMSF,CONTINENTAL,315/70R22.5,Ciężarowe,Oś napędowa
295/80R22.5 CONTINENTAL CONTI SCANDINAVIA HD3 152/148M 16PR TL M+S 3PMSF,CONTINENTAL,295/80R22.5,Przemysłowe,Uniwersalne/pozostałe
295/80R22.5 CONTINENTAL CONTI SCANDINAVIA HS3 154/149M 16PR TL M+S 3PMSF,CONTINENTAL,295/80R22.5,Przemysłowe,Oś kierowana
295/80R22.5 CONTINENTAL HDW2 COACH 154/149M 16PR TL M+S 3PMSF,CONTINENTAL,295/80R22.5,Przemysłowe,Uniwersalne/pozostałe
285/70R19.5 CONTINENTAL CONTI SCANDINAVIA HD3 146/144M 16PR TL M+S 3PMSF,CONTINENTAL,285/70R19.5,Przemysłowe,Uniwersalne/pozostałe
265/70R19.5 CONTINENTAL CONTI SCANDINAVIA HT3 143/141K 16PR TL M+S 3PMSF,CONTINENTAL,265/70R19.5,Przemysłowe,Naczepa/przyczepa
425/65R22.5 CONTINENTAL HTR2 165K 20PR TL M+S,CONTINENTAL,425/65R22.5,Ciężarowe,All position
315/70R22.5 CONTINENTAL CONTI ECO HD5 154/150L 18PR TL M+S 3PMSF,CONTINENTAL,315/70R22.5,Ciężarowe,Oś kierowana
435/50R19.5 CONTINENTAL CONTI HYBRID HT3+ 160J 20PR TL M+S 3PMSF,CONTINENTAL,435/50R19.5,Ciężarowe,Naczepa/przyczepa
385/55R19.5 CONTINENTAL CONTI HYBRID HT3 + 156J 16PR TL M+S 3PMSF,CONTINENTAL,385/55R19.5,Przemysłowe,Naczepa/przyczepa
265/70R19.5 CONTINENTAL CONTI URBAN HA3 140/138M 16PR TL M+S 3PMSF,CONTINENTAL,265/70R19.5,Przemysłowe,Uniwersalne/pozostałe
265/70R19.5 CONTINENTAL CONTI HYBRID HD3+ 140/138M 14PR TL M+S 3PMSF,CONTINENTAL,265/70R19.5,Ciężarowe,Oś kierowana
435/50R19.5 BRIDGESTONE R166 160J TL M+S 3PMSF,BRIDGESTONE,435/50R19.5,Ciężarowe,Naczepa/przyczepa
540/65R28 FIRESTONE MAXITRACTION 65 142D/139E TL,FIRESTONE,540/65R28,Rolnicze,Ciągnik
460/70R24 FIRESTONE DURAFORCE UTILITY 159A8 TL,FIRESTONE,460/70R24,Rolnicze,Ciągnik
6.00-16 OZKA KNK 30 93A6 8PR TT,OZKA,6.00-16,Rolnicze,Uniwersalne/pozostałe
6.00-16 OZKA KNK 33 93A6 8PR TT,OZKA,6.00-16,Rolnicze,Uniwersalne/pozostałe
5.00-10 Mitas B-16 4PR TT,MITAS,5.00-10,Rolnicze,Kosiarka/ogród
215/75R17.5 MATADOR HR 5 135/133K 16PR TL M+S 3PMSF,MATADOR,215/75R17.5,Przemysłowe,Uniwersalne/pozostałe
225/75R17.5 LINGLONG KLD200 129/127M 14PR TL M+S 3PMSF,LINGLONG,225/75R17.5,Ciężarowe,Oś napędowa
12.4-24 KABAT SGP-04 123A6 10PR TT,KABAT,12.4-24,Rolnicze,Ciągnik
12.4-24 KABAT SGP-04 120A6 8PR TT,KABAT,12.4-24,Rolnicze,Ciągnik
23x5 KABAT IMP-08 113A5 6PR TT,KABAT,23x5,Rolnicze,Przyczepa
315/70R22.5 SAVA ORJAK 5 154L/152M TL M+S 3PMSF,SAVA,315/70R22.5,Ciężarowe,Oś napędowa
295/60R22.5 GOODYEAR KMAX 150K/149L TL M+S 3PMSF,GOODYEAR,295/60R22.5,Ciężarowe,Oś kierowana
385/65R22.5 FULDA REGIOCONTROL 3 160K/158L TL M+S 3PMSF,FULDA,385/65R22.5,Ciężarowe,Oś kierowana
295/80R22.5 CONTINENTAL CONTI HYBRID HS5 154/149M 16PR TL M+S 3PMSF,CONTINENTAL,295/80R22.5,Przemysłowe,Oś kierowana
315/80R22.5 BRIDGESTONE DURD2 156/150L TL M+S 3PMSF,BRIDGESTONE,315/80R22.5,Ciężarowe,Oś napędowa
315/70R22.5 FIRESTONE FD624 154L/152M TL M+S 3PMSF,FIRESTONE,315/70R22.5,Ciężarowe,Oś napędowa
12-16.5 ALLIANCE SK-906 12PR TL,ALLIANCE,12-16.5,Przemysłowe,Uniwersalne/pozostałe
10-16.5 ALLIANCE SK-906 10PR TL,ALLIANCE,10-16.5,Przemysłowe,Uniwersalne/pozostałe
650/65R38 FIRESTONE MAXI TRACTION 65 163D/163E TL,FIRESTONE,650/65R38,Rolnicze,Ciągnik
800/45R26.5 ALLIANCE 885 174D TL,ALLIANCE,800/45R26.5,Rolnicze,Przyczepa
650/55R26.5 ALLIANCE 882 170D TL,ALLIANCE,650/55R26.5,Rolnicze,Przyczepa
17.5R24 ALLIANCE 585 159A8 TL,ALLIANCE,17.5R24,Rolnicze,Ciągnik
710/70R42 FIRESTONE MAXI TRACTION 173D/170E TL,FIRESTONE,710/70R42,Rolnicze,Ciągnik
650/75R38 FIRESTONE MAXI TRACTION 169D/166E TL,FIRESTONE,650/75R38,Rolnicze,Ciągnik
6-14 ALLIANCE AGRI NOVA 66A6 4PR TT,ALLIANCE,6-14,Rolnicze,Ciągnik
700/55-34 ALLIANCE 346 FORESTAR 171A2/164A8 20PR TL,ALLIANCE,700/55-34,Leśne,Forwarder/Harwester
30.5-32 ALLIANCE 345 176A6/188A2 TL,ALLIANCE,30.5-32,Rolnicze,Uniwersalne/pozostałe
400/60-15.5 ALLIANCE 320 VALUE PLUS 20PR TL,ALLIANCE,400/60-15.5,Rolnicze,Uniwersalne/pozostałe
295/80R22.5 BRIDGESTONE W958 EVO 154M/149M 3PMSF M+S,BRIDGESTONE,295/80R22.5,Ciężarowe,Oś kierowana
385/65R22.5 BRIDGESTONE DURAVIS R-TRAILER 002 EVO 164K 3PMSF,BRIDGESTONE,385/65R22.5,Ciężarowe,Przyczepa
125/75-8 CONTINENTAL SC11,CONTINENTAL,125/75-8,Przemysłowe,Uniwersalne/pozostałe
355/65-15 CONTINENTAL SC20+ SIT,CONTINENTAL,355/65-15,Przemysłowe,Wózek widłowy
6.00-9 CONTINENTAL SC20+,CONTINENTAL,6.00-9,Przemysłowe,Wózek widłowy
18x7-8 CONTINENTAL SC20 MILEAGE+,CONTINENTAL,18x7-8,Przemysłowe,Wózek widłowy
5.00-8 CONTINENTAL SC20,CONTINENTAL,5.00-8,Przemysłowe,Wózek widłowy
7.00-12 CONTINENTAL SC20,CONTINENTAL,7.00-12,Przemysłowe,Wózek widłowy
315/70-15 CONTINENTAL SC20 SIT BIAŁA,CONTINENTAL,315/70-15,Przemysłowe,Wózek widłowy
5.00-8 CONTINENTAL IC40 106A5 8PR,CONTINENTAL,5.00-8,Przemysłowe,Wózek widłowy
18x7-8 CONTINENTAL IC12 125A5 16PR TT,CONTINENTAL,18x7-8,Przemysłowe,Wózek widłowy
4.00-4 CONTINENTAL IC10 77A5 6PR TT,CONTINENTAL,4.00-4,Przemysłowe,Wózek widłowy
385/55R22.5 CONTINENTAL HS3 SCANDINAVIA 160K/158L,CONTINENTAL,385/55R22.5,Ciężarowe,Oś kierowana
480/70R28 FIRESTONE PERFORMER 70 140D/137E TL,FIRESTONE,480/70R28,Rolnicze,Uniwersalne/pozostałe
420/70R28 BRIDGESTONE VX TRACTOR 133D/130E TL,BRIDGESTONE,420/70R28,Rolnicze,Uniwersalne/pozostałe
240/70R16 BKT AGRIMAX RT 765 104A8/104B TL DEMO,BKT,240/70R16,Rolnicze,Uniwersalne/pozostałe
280/70R16 BKT AGRIMAX RT 765 112A8/112B TL DEMO,BKT,280/70R16,Rolnicze,Uniwersalne/pozostałe
480/70R34 BRIDGESTONE VX TRACTOR 143D/140E TL,BRIDGESTONE,480/70R34,Rolnicze,Uniwersalne/pozostałe
520/70R34 KLEBER FITKER 148A8/148B TL,KLEBER,520/70R34,Rolnicze,Uniwersalne/pozostałe
600/65R28 ALLIANCE AGRISTAR 365 154D/157A8 TL,ALLIANCE,600/65R28,Rolnicze,Uniwersalne/pozostałe
520/85R42 TRELLEBORG TM 600 157A8/154B TL,TRELLEBORG,520/85R42,Rolnicze,Uniwersalne/pozostałe
500/70-24 MICHELIN POWER CL 164A8 TL,MICHELIN,500/70-24,Przemysłowe,Uniwersalne/pozostałe
600/65R28 TAURUS POINT HP 154A8/154B TL,TAURUS,600/65R28,Rolnicze,Uniwersalne/pozostałe
440/65R24 TAURUS POINT 65 128A8/128B TL,TAURUS,440/65R24,Rolnicze,Uniwersalne/pozostałe
320/85R36 ALLIANCE FARM PRO 128A8 TL,ALLIANCE,320/85R36,Rolnicze,Uniwersalne/pozostałe
700/55-34 ALLIANCE F-346 164A8/171A2 20PR TL,ALLIANCE,700/55-34,Leśne,Uniwersalne/pozostałe
480/70R24 MITAS AC 70 G 138A8 TL,MITAS,480/70R24,Rolnicze,Uniwersalne/pozostałe
420/85R34 BKT AGRIMAX RT 855 142A8/142B TL,BKT,420/85R34,Rolnicze,Uniwersalne/pozostałe
380/75R20 MICHELIN XMCL 148A8/148B TL,MICHELIN,380/75R20,Przemysłowe,Uniwersalne/pozostałe
230/95R36 TAURUS RC 95 130A8/130B TL,TAURUS,230/95R36,Rolnicze,Uniwersalne/pozostałe
270/95R32 TAURUS RC 95 136A8/136B TL,TAURUS,270/95R32,Rolnicze,Uniwersalne/pozostałe
300/95R46 TAURUS RC 95 148A8/148B TL,TAURUS,300/95R46,Rolnicze,Uniwersalne/pozostałe
230/95R32 TAURUS RC 95 128A8/128B TL,TAURUS,230/95R32,Rolnicze,Uniwersalne/pozostałe
320/65R18 MICHELIN MULTIBIB 109D TL,MICHELIN,320/65R18,Rolnicze,Uniwersalne/pozostałe
420/90R30 CONTINENTAL TRACTOR 85 147A8/147B TL,CONTINENTAL,420/90R30,Rolnicze,Uniwersalne/pozostałe
480/80R26 MICHELIN XMCL 167A8/167B TL,MICHELIN,480/80R26,Przemysłowe,Uniwersalne/pozostałe
650/60R34 MICHELIN MACHXBIB 159D/155E TL,MICHELIN,650/60R34,Rolnicze,Uniwersalne/pozostałe
320/85R34 MICHELIN AGRIBIB 2 133A8/133B TL,MICHELIN,320/85R34,Rolnicze,Uniwersalne/pozostałe
440/80R28 NOKIAN TRI 2 156A8/151D TL,NOKIAN,440/80R28,Przemysłowe,Uniwersalne/pozostałe
520/85R46 CONTINENTAL TRACTOR 85 158A8/158B TL,CONTINENTAL,520/85R46,Rolnicze,Uniwersalne/pozostałe
365/80R20 NOKIAN MPT AGILE 152G TL,NOKIAN,365/80R20,Przemysłowe,Uniwersalne/pozostałe
440/80R28 GALAXY MULTI TOUGH 156A8 TL DEMO,GALAXY,440/80R28,Przemysłowe,Uniwersalne/pozostałe
460/85R34 MICHELIN AGRIBIB 2 152A8/152B TL,MICHELIN,460/85R34,Rolnicze,Uniwersalne/pozostałe
