rozmiar,dostawca,wysokosc,szerokosc,dlugosc,szerokosc_paczki,wysokosc_przesylki
00/4.50-21,MO8,54,0,54,5,69
10-16.5,MO2,85,26,85,31,100
10-16.5,MO2,85,26,85,31,100
10-16.5,MO2,85,26,85,31,100
10-16.5,MO2,85,26,85,31,100
10-16.5,MO2,85,26,85,31,100
10-16.5,MO2,85,26,85,31,100
10-16.5,MO2,85,26,85,31,100
10-16.5,MO5,85,26,85,31,100
10-16.5,MO5,85,26,85,31,100
10-16.5,MO5,85,26,85,31,100
10-16.5,MO5,85,26,85,31,100
10-16.5,MO5,85,26,85,31,100
10-16.5,MO5,85,26,85,31,100
10-16.5,MO1,85,26,85,31,100
10-16.5,MO1,85,26,85,31,100
10-16.5,MO10,85,26,85,31,100
10-16.5,MO10,85,26,85,31,100
10-16.5,MO10,85,26,85,31,100
10.0/75-12,MO8,69,26,69,31,84
10.0/75-15.3,MO2,77,26,77,31,92
10.0/75-15.3,MO2,77,26,77,31,92
10.0/75-15.3,MO2,77,26,77,31,92
10.0/75-15.3,MO2,77,26,77,31,92
10.0/75-15.3,MO2,77,26,77,31,92
10.0/75-15.3,MO2,77,26,77,31,92
10.0/75-15.3,MO2,77,26,77,31,92
10.0/75-15.3,MO2,77,26,77,31,92
10.0/75-15.3,MO2,77,26,77,31,92
10.0/75-15.3,MO3,77,26,77,31,92
10.0/75-15.3,MO3,77,26,77,31,92
10.0/75-15.3,MO3,77,26,77,31,92
10.0/75-15.3,MO5,77,26,77,31,92
10.0/75-15.3,MO5,77,26,77,31,92
10.0/75-15.3,MO5,77,26,77,31,92
10.0/75-15.3,MO5,77,26,77,31,92
10.0/75-15.3,MO5,77,26,77,31,92
10.0/75-15.3,MO5,77,26,77,31,92
10.0/75-15.3,MO5,77,26,77,31,92
10.0/75-15.3,MO5,77,26,77,31,92
10.0/75-15.3,MO5,77,26,77,31,92
10.0/75-15.3,MO5,77,26,77,31,92
10.0/75-15.3,MO5,77,26,77,31,92
10.0/75-15.3,MO5,77,26,77,31,92
10.0/75-15.3,MO5,77,26,77,31,92
10.0/75-15.3,MO5,77,26,77,31,92
10.0/75-15.3,MO5,77,26,77,31,92
10.0/75-15.3,MO5,77,26,77,31,92
10.0/75-15.3,MO5,77,26,77,31,92
10.0/75-15.3,MO5,77,26,77,31,92
10.0/75-15.3,MO5,77,26,77,31,92
10.0/75-15.3,MO4,77,26,77,31,92
10.0/75-15.3,MO4,77,26,77,31,92
10.0/75-15.3,MO4,77,26,77,31,92
10.0/75-15.3,MO4,77,26,77,31,92
10.0/75-15.3,MO4,77,26,77,31,92
10.0/75-15.3,MO4,77,26,77,31,92
10.0/75-15.3,MO4,77,26,77,31,92
10.0/75-15.3,MO4,77,26,77,31,92
10.0/75-15.3,MO4,77,26,77,31,92
10.0/75-15.3,MO4,77,26,77,31,92
10.0/75-15.3,MO1,77,26,77,31,92
10.0/75-15.3,MO1,77,26,77,31,92
10.0/75-15.3,MO1,77,26,77,31,92
10.0/75-15.3,MO1,77,26,77,31,92
10.0/75-15.3,MO10,77,26,77,31,92
10.0/75-15.3,MO8,77,26,77,31,92
10.0/75-15.3,MO8,77,26,77,31,92
10.0/80-12,MO2,72,26,72,31,87
10.0/80-12,MO2,72,26,72,31,87
10.0/80-12,MO3,72,26,72,31,87
10.0/80-12,MO5,72,26,72,31,87
10.0/80-12,MO5,72,26,72,31,87
10.0/80-12,MO5,72,26,72,31,87
10.0/80-12,MO5,72,26,72,31,87
10.0/80-12,MO5,72,26,72,31,87
10.0/80-12,MO5,72,26,72,31,87
10.0/80-12,MO5,72,26,72,31,87
10.0/80-12,MO5,72,26,72,31,87
10.0/80-12,MO4,72,26,72,31,87
10.0/80-12,MO4,72,26,72,31,87
10.0/80-12,MO4,72,26,72,31,87
10.0/80-12,MO8,72,26,72,31,87
10.0/80-12,MO8,72,26,72,31,87
10.0/80-12,MO8,72,26,72,31,87
10.0/80-12,MO8,72,26,72,31,87
10.00-16,MO1,83,26,83,31,98
10.00-16,MO1,83,26,83,31,98
10.00-16,MO8,83,26,83,31,98
10.00-20,MO7,93,26,93,31,108
10.00-20,MO7,93,26,93,31,108
10.00-20,MO2,93,26,93,31,108
10.00-20,MO2,93,26,93,31,108
10.00-20,MO2,93,26,93,31,108
10.00-20,MO2,93,26,93,31,108
10.00-20,MO2,93,26,93,31,108
10.00-20,MO2,93,26,93,31,108
10.00-20,MO2,93,26,93,31,108
10.00-20,MO5,93,26,93,31,108
10.00-20,MO5,93,26,93,31,108
10.00-20,MO5,93,26,93,31,108
10.00-20,MO5,93,26,93,31,108
10.00-20,MO5,93,26,93,31,108
10.00-20,MO5,93,26,93,31,108
10.00-20,MO5,93,26,93,31,108
10.00-20,MO5,93,26,93,31,108
10.00-20,MO4,93,26,93,31,108
10.00-20,MO4,93,26,93,31,108
10.00-20,MO4,93,26,93,31,108
10.00-20,MO4,93,26,93,31,108
10.00-20,MO1,93,26,93,31,108
10.00-20,MO1,93,26,93,31,108
10.00-20,MO1,93,26,93,31,108
10.00-20,MO10,93,26,93,31,108
10.00-20,MO10,93,26,93,31,108
10.00R20,MO5,93,26,93,31,108
10.5-18,MO2,90,27,90,32,105
10.5-18,MO1,90,27,90,32,105
10.5-18,MO1,90,27,90,32,105
10.5-20,MO2,96,27,96,32,111
10.5-20,MO2,96,27,96,32,111
10.5-20,MO2,96,27,96,32,111
10.5-20,MO5,96,27,96,32,111
10.5/80-18,MO2,89,27,89,32,104
10.5/80-18,MO2,89,27,89,32,104
10.5/80-18,MO2,89,27,89,32,104
10.5/80-18,MO5,89,27,89,32,104
10.5/80-18,MO1,89,27,89,32,104
10.5/80-18,MO10,89,27,89,32,104
10/3.50-4,MO5,12,26,12,31,27
10/3.50-4,MO4,12,26,12,31,27
10/3.50-4,MO8,12,26,12,31,27
10/3.50-6,MO8,18,26,18,31,33
100/100-4,MO8,31,10,31,15,46
100/65-6,MO8,29,10,29,15,44
100/85-6,MO8,33,10,33,15,48
1000/50R25,MO2,164,100,164,105,179
1000/50R25,MO2,164,100,164,105,179
1000/50R25,MO8,164,100,164,105,179
1050/50R32,MO2,187,105,187,110,202
1050/50R32,MO3,187,105,187,110,202
1050/50R32,MO8,187,105,187,110,202
10R17.5,MO2,87,26,87,31,102
10R17.5,MO2,87,26,87,31,102
10R17.5,MO2,87,26,87,31,102
10R17.5,MO5,87,26,87,31,102
10R17.5,MO5,87,26,87,31,102
10R22.5,MO2,100,26,100,31,115
10R22.5,MO5,100,26,100,31,115
10R22.5,MO5,100,26,100,31,115
10R22.5,MO5,100,26,100,31,115
10R22.5,MO4,100,26,100,31,115
11-15,MO2,85,28,85,33,100
11.00-20,MO7,98,28,98,33,113
11.00-20,MO2,98,28,98,33,113
11.00-20,MO2,98,28,98,33,113
11.00-20,MO2,98,28,98,33,113
11.00-20,MO2,98,28,98,33,113
11.00-20,MO2,98,28,98,33,113
11.00-20,MO5,98,28,98,33,113
11.00-20,MO5,98,28,98,33,113
11.00-20,MO5,98,28,98,33,113
11.00-20,MO5,98,28,98,33,113
11.00-20,MO5,98,28,98,33,113
11.00-20,MO1,98,28,98,33,113
11.00-20,MO10,98,28,98,33,113
11.00R20,MO5,98,28,98,33,113
11.2-20,MO5,99,29,99,34,114
11.2-20,MO5,99,29,99,34,114
11.2-20,MO5,99,29,99,34,114
11.2-20,MO4,99,29,99,34,114
11.2-24,MO5,109,29,109,34,124
11.2-24,MO5,109,29,109,34,124
11.2-24,MO5,109,29,109,34,124
11.2-24,MO5,109,29,109,34,124
11.2-24,MO5,109,29,109,34,124
11.2-24,MO5,109,29,109,34,124
11.2-24,MO4,109,29,109,34,124
11.2-24,MO1,109,29,109,34,124
11.2-24,MO1,109,29,109,34,124
11.2-24,MO10,109,29,109,34,124
11.2-24,MO8,109,29,109,34,124
11.2-28,MO2,119,29,119,34,134
11.2-28,MO2,119,29,119,34,134
11.2-28,MO2,119,29,119,34,134
11.2-28,MO2,119,29,119,34,134
11.2-28,MO5,119,29,119,34,134
11.2-28,MO5,119,29,119,34,134
11.2-28,MO5,119,29,119,34,134
11.2-28,MO5,119,29,119,34,134
11.2-28,MO5,119,29,119,34,134
11.2-28,MO4,119,29,119,34,134
11.2-28,MO4,119,29,119,34,134
11.2-28,MO1,119,29,119,34,134
11.2-28,MO1,119,29,119,34,134
11.2-28,MO10,119,29,119,34,134
11.2R20,MO2,99,29,99,34,114
11.2R24,MO2,109,29,109,34,124
11.2R24,MO2,109,29,109,34,124
11.2R24,MO2,109,29,109,34,124
11.2R28,MO2,119,29,119,34,134
11.2R28,MO2,119,29,119,34,134
11.2R28,MO2,119,29,119,34,134
11.2R32,MO2,129,29,129,34,144
11.2R32,MO2,129,29,129,34,144
11.2R36,MO2,139,29,139,34,154
11.2R36,MO2,139,29,139,34,154
11.2R38,MO2,144,29,144,34,159
11.2R42,MO2,154,29,154,34,169
11.2R42,MO2,154,29,154,34,169
11.2R44,MO2,159,29,159,34,174
11.2R44,MO2,159,29,159,34,174
11.2R44,MO2,159,29,159,34,174
11.2R46,MO2,165,29,165,34,180
11.5/80-15.3,MO2,86,30,86,35,101
11.5/80-15.3,MO2,86,30,86,35,101
11.5/80-15.3,MO2,86,30,86,35,101
11.5/80-15.3,MO2,86,30,86,35,101
11.5/80-15.3,MO2,86,30,86,35,101
11.5/80-15.3,MO2,86,30,86,35,101
11.5/80-15.3,MO2,86,30,86,35,101
11.5/80-15.3,MO2,86,30,86,35,101
11.5/80-15.3,MO2,86,30,86,35,101
11.5/80-15.3,MO2,86,30,86,35,101
11.5/80-15.3,MO3,86,30,86,35,101
11.5/80-15.3,MO3,86,30,86,35,101
11.5/80-15.3,MO3,86,30,86,35,101
11.5/80-15.3,MO5,86,30,86,35,101
11.5/80-15.3,MO5,86,30,86,35,101
11.5/80-15.3,MO5,86,30,86,35,101
11.5/80-15.3,MO5,86,30,86,35,101
11.5/80-15.3,MO5,86,30,86,35,101
11.5/80-15.3,MO5,86,30,86,35,101
11.5/80-15.3,MO5,86,30,86,35,101
11.5/80-15.3,MO5,86,30,86,35,101
11.5/80-15.3,MO5,86,30,86,35,101
11.5/80-15.3,MO5,86,30,86,35,101
11.5/80-15.3,MO5,86,30,86,35,101
11.5/80-15.3,MO5,86,30,86,35,101
11.5/80-15.3,MO5,86,30,86,35,101
11.5/80-15.3,MO5,86,30,86,35,101
11.5/80-15.3,MO5,86,30,86,35,101
11.5/80-15.3,MO4,86,30,86,35,101
11.5/80-15.3,MO4,86,30,86,35,101
11.5/80-15.3,MO4,86,30,86,35,101
11.5/80-15.3,MO4,86,30,86,35,101
11.5/80-15.3,MO4,86,30,86,35,101
11.5/80-15.3,MO4,86,30,86,35,101
11.5/80-15.3,MO4,86,30,86,35,101
11.5/80-15.3,MO4,86,30,86,35,101
11.5/80-15.3,MO4,86,30,86,35,101
11.5/80-15.3,MO10,86,30,86,35,101
11/7.10-5,MO2,17,28,17,33,32
110/90-6,MO1,36,11,36,16,51
11L-15,MO8,85,28,85,33,100
11L-16,MO8,88,28,88,33,103
11R22.5,MO2,104,28,104,33,119
11R22.5,MO2,104,28,104,33,119
11R22.5,MO2,104,28,104,33,119
11R22.5,MO2,104,28,104,33,119
11R22.5,MO2,104,28,104,33,119
11R22.5,MO5,104,28,104,33,119
11R22.5,MO5,104,28,104,33,119
11R22.5,MO5,104,28,104,33,119
11R22.5,MO5,104,28,104,33,119
11R22.5,MO5,104,28,104,33,119
11R22.5,MO5,104,28,104,33,119
11R22.5,MO5,104,28,104,33,119
11R22.5,MO5,104,28,104,33,119
11R22.5,MO5,104,28,104,33,119
11R22.5,MO4,104,28,104,33,119
11x4.00-4,MO3,28,11,28,16,43
11x4.00-4,MO5,28,11,28,16,43
11x4.00-4,MO8,28,11,28,16,43
11x4.00-5,MO3,28,11,28,16,43
12-16.5,MO2,93,31,93,36,108
12-16.5,MO2,93,31,93,36,108
12-16.5,MO2,93,31,93,36,108
12-16.5,MO2,93,31,93,36,108
12-16.5,MO2,93,31,93,36,108
12-16.5,MO2,93,31,93,36,108
12-16.5,MO2,93,31,93,36,108
12-16.5,MO3,93,31,93,36,108
12-16.5,MO5,93,31,93,36,108
12-16.5,MO5,93,31,93,36,108
12-16.5,MO5,93,31,93,36,108
12-16.5,MO5,93,31,93,36,108
12-16.5,MO5,93,31,93,36,108
12-16.5,MO5,93,31,93,36,108
12-16.5,MO5,93,31,93,36,108
12-16.5,MO5,93,31,93,36,108
12-16.5,MO1,93,31,93,36,108
12-16.5,MO1,93,31,93,36,108
12-16.5,MO10,93,31,93,36,108
12-16.5,MO10,93,31,93,36,108
12-16.5,MO10,93,31,93,36,108
12.0-18,MO1,97,31,97,36,112
12.00-20,MO7,102,31,102,36,117
12.00-20,MO7,102,31,102,36,117
12.00-20,MO7,102,31,102,36,117
12.00-20,MO2,102,31,102,36,117
12.00R20,MO5,102,31,102,36,117
12.00R20,MO5,102,31,102,36,117
12.00R24,MO2,112,31,112,36,127
12.00R24,MO5,112,31,112,36,127
12.00R24,MO5,112,31,112,36,127
12.4-24,MO2,114,32,114,37,129
12.4-24,MO2,114,32,114,37,129
12.4-24,MO2,114,32,114,37,129
12.4-24,MO2,114,32,114,37,129
12.4-24,MO2,114,32,114,37,129
12.4-24,MO2,114,32,114,37,129
12.4-24,MO5,114,32,114,37,129
12.4-24,MO5,114,32,114,37,129
12.4-24,MO5,114,32,114,37,129
12.4-24,MO5,114,32,114,37,129
12.4-24,MO5,114,32,114,37,129
12.4-24,MO5,114,32,114,37,129
12.4-24,MO5,114,32,114,37,129
12.4-24,MO5,114,32,114,37,129
12.4-24,MO5,114,32,114,37,129
12.4-24,MO5,114,32,114,37,129
12.4-24,MO4,114,32,114,37,129
12.4-24,MO4,114,32,114,37,129
12.4-24,MO1,114,32,114,37,129
12.4-24,MO1,114,32,114,37,129
12.4-24,MO10,114,32,114,37,129
12.4-24,MO10,114,32,114,37,129
12.4-24,MO8,114,32,114,37,129
12.4-24,MO8,114,32,114,37,129
12.4-28,MO2,124,32,124,37,139
12.4-28,MO2,124,32,124,37,139
12.4-28,MO2,124,32,124,37,139
12.4-28,MO2,124,32,124,37,139
12.4-28,MO2,124,32,124,37,139
12.4-28,MO2,124,32,124,37,139
12.4-28,MO5,124,32,124,37,139
12.4-28,MO5,124,32,124,37,139
12.4-28,MO5,124,32,124,37,139
12.4-28,MO5,124,32,124,37,139
12.4-28,MO5,124,32,124,37,139
12.4-28,MO5,124,32,124,37,139
12.4-28,MO5,124,32,124,37,139
12.4-28,MO4,124,32,124,37,139
12.4-28,MO4,124,32,124,37,139
12.4-28,MO1,124,32,124,37,139
12.4-28,MO1,124,32,124,37,139
12.4-28,MO10,124,32,124,37,139
12.4-28,MO10,124,32,124,37,139
12.4-32,MO2,134,32,134,37,149
12.4-32,MO5,134,32,134,37,149
12.4-32,MO5,134,32,134,37,149
12.4-32,MO5,134,32,134,37,149
12.4-32,MO5,134,32,134,37,149
12.4-32,MO5,134,32,134,37,149
12.4-32,MO4,134,32,134,37,149
12.4-32,MO4,134,32,134,37,149
12.4-32,MO4,134,32,134,37,149
12.4-32,MO1,134,32,134,37,149
12.4-32,MO10,134,32,134,37,149
12.4-36,MO2,144,32,144,37,159
12.4-36,MO2,144,32,144,37,159
12.4-36,MO5,144,32,144,37,159
12.4-36,MO5,144,32,144,37,159
12.4-36,MO5,144,32,144,37,159
12.4-36,MO8,144,32,144,37,159
12.4-36,MO8,144,32,144,37,159
12.4-38,MO2,149,32,149,37,164
12.4-38,MO5,149,32,149,37,164
12.4R20,MO2,104,32,104,37,119
12.4R24,MO2,114,32,114,37,129
12.4R24,MO2,114,32,114,37,129
12.4R24,MO2,114,32,114,37,129
12.4R24,MO2,114,32,114,37,129
12.4R28,MO2,124,32,124,37,139
12.4R28,MO2,124,32,124,37,139
12.4R32,MO2,134,32,134,37,149
12.4R32,MO2,134,32,134,37,149
12.4R32,MO2,134,32,134,37,149
12.4R32,MO2,134,32,134,37,149
12.4R36,MO2,144,32,144,37,159
12.4R36,MO2,144,32,144,37,159
12.4R36,MO8,144,32,144,37,159
12.4R38,MO2,149,32,149,37,164
12.4R42,MO2,159,32,159,37,174
12.4R42,MO2,159,32,159,37,174
12.4R46,MO2,170,32,170,37,185
12.4R46,MO2,170,32,170,37,185
12.4R46,MO2,170,32,170,37,185
12.4R52,MO2,185,32,185,37,200
12.4R52,MO2,185,32,185,37,200
12.4R54,MO2,190,32,190,37,205
12.5-18,MO5,99,32,99,37,114
12.5-18,MO5,99,32,99,37,114
12.5-18,MO1,99,32,99,37,114
12.5-18,MO1,99,32,99,37,114
12.5-18,MO1,99,32,99,37,114
12.5-18,MO10,99,32,99,37,114
12.5-18,MO10,99,32,99,37,114
12.5-20,MO5,104,32,104,37,119
12.5-20,MO5,104,32,104,37,119
12.5-20,MO5,104,32,104,37,119
12.5-20,MO1,104,32,104,37,119
12.5-20,MO1,104,32,104,37,119
12.5-20,MO1,104,32,104,37,119
12.5-20,MO1,104,32,104,37,119
12.5-20,MO10,104,32,104,37,119
12.5/80-15.3,MO2,90,32,90,37,105
12.5/80-15.3,MO2,90,32,90,37,105
12.5/80-15.3,MO5,90,32,90,37,105
12.5/80-15.3,MO5,90,32,90,37,105
12.5/80-15.3,MO5,90,32,90,37,105
12.5/80-15.3,MO5,90,32,90,37,105
12.5/80-15.3,MO1,90,32,90,37,105
12.5/80-15.3,MO1,90,32,90,37,105
12.5/80-18,MO2,97,32,97,37,112
12.5/80-18,MO2,97,32,97,37,112
12.5/80-18,MO2,97,32,97,37,112
12.5/80-18,MO2,97,32,97,37,112
12.5/80-18,MO2,97,32,97,37,112
12.5/80-18,MO2,97,32,97,37,112
12.5/80-18,MO2,97,32,97,37,112
12.5/80-18,MO2,97,32,97,37,112
12.5/80-18,MO2,97,32,97,37,112
12.5/80-18,MO2,97,32,97,37,112
12.5/80-18,MO2,97,32,97,37,112
12.5/80-18,MO2,97,32,97,37,112
12.5/80-18,MO2,97,32,97,37,112
12.5/80-18,MO3,97,32,97,37,112
12.5/80-18,MO3,97,32,97,37,112
12.5/80-18,MO5,97,32,97,37,112
12.5/80-18,MO5,97,32,97,37,112
12.5/80-18,MO5,97,32,97,37,112
12.5/80-18,MO5,97,32,97,37,112
12.5/80-18,MO5,97,32,97,37,112
12.5/80-18,MO5,97,32,97,37,112
12.5/80-18,MO5,97,32,97,37,112
12.5/80-18,MO5,97,32,97,37,112
12.5/80-18,MO5,97,32,97,37,112
12.5/80-18,MO4,97,32,97,37,112
12.5/80-18,MO4,97,32,97,37,112
12.5/80-18,MO1,97,32,97,37,112
12.5/80-18,MO1,97,32,97,37,112
12.5/80-18,MO1,97,32,97,37,112
12.5/80-18,MO10,97,32,97,37,112
12.5/80-18,MO10,97,32,97,37,112
12.5/80-18,MO10,97,32,97,37,112
12.5/80-18,MO10,97,32,97,37,112
12.5R18,MO2,99,32,99,37,114
12.5R18,MO2,99,32,99,37,114
12.5R18,MO2,99,32,99,37,114
12.5R20,MO2,104,32,104,37,119
12.5R20,MO2,104,32,104,37,119
12.5R20,MO2,104,32,104,37,119
125/75-8,MO2,40,13,40,18,55
125/75-8,MO2,40,13,40,18,55
125/75-8,MO2,40,13,40,18,55
1250/50R32,MO8,207,125,207,130,222
12R22.5,MO5,108,31,108,36,123
12R22.5,MO5,108,31,108,36,123
12R22.5,MO5,108,31,108,36,123
12R22.5,MO5,108,31,108,36,123
12R22.5,MO5,108,31,108,36,123
12R22.5,MO5,108,31,108,36,123
12R22.5,MO5,108,31,108,36,123
12R22.5,MO5,108,31,108,36,123
12x16.5,MO1,31,42,31,47,46
13.0/55-16,MO2,77,34,77,39,92
13.0/55-16,MO2,77,34,77,39,92
13.0/55-16,MO3,77,34,77,39,92
13.0/65-18,MO3,89,34,89,39,104
13.0/65-18,MO5,89,34,89,39,104
13.00-24,MO5,116,34,116,39,131
13.00-24,MO1,116,34,116,39,131
13.6-24,MO2,119,35,119,40,134
13.6-24,MO2,119,35,119,40,134
13.6-24,MO2,119,35,119,40,134
13.6-24,MO2,119,35,119,40,134
13.6-24,MO2,119,35,119,40,134
13.6-24,MO2,119,35,119,40,134
13.6-24,MO2,119,35,119,40,134
13.6-24,MO5,119,35,119,40,134
13.6-24,MO4,119,35,119,40,134
13.6-24,MO1,119,35,119,40,134
13.6-24,MO1,119,35,119,40,134
13.6-24,MO10,119,35,119,40,134
13.6-24,MO8,119,35,119,40,134
13.6-28,MO5,129,35,129,40,144
13.6-28,MO5,129,35,129,40,144
13.6-28,MO5,129,35,129,40,144
13.6-28,MO5,129,35,129,40,144
13.6-28,MO4,129,35,129,40,144
13.6-28,MO4,129,35,129,40,144
13.6-28,MO1,129,35,129,40,144
13.6-28,MO10,129,35,129,40,144
13.6-28,MO8,129,35,129,40,144
13.6-28,MO8,129,35,129,40,144
13.6-36,MO2,149,35,149,40,164
13.6-36,MO5,149,35,149,40,164
13.6-36,MO5,149,35,149,40,164
13.6-36,MO5,149,35,149,40,164
13.6-38,MO2,154,35,154,40,169
13.6-38,MO5,154,35,154,40,169
13.6-38,MO5,154,35,154,40,169
13.6-38,MO5,154,35,154,40,169
13.6-38,MO5,154,35,154,40,169
13.6-38,MO10,154,35,154,40,169
13.6R24,MO2,119,35,119,40,134
13.6R24,MO2,119,35,119,40,134
13.6R24,MO2,119,35,119,40,134
13.6R28,MO2,129,35,129,40,144
13.6R28,MO2,129,35,129,40,144
13.6R28,MO2,129,35,129,40,144
13.6R36,MO2,149,35,149,40,164
13.6R36,MO2,149,35,149,40,164
13.6R38,MO2,154,35,154,40,169
13.6R38,MO2,154,35,154,40,169
13.6R38,MO2,154,35,154,40,169
13.6R38,MO2,154,35,154,40,169
13.6R38,MO2,154,35,154,40,169
13.6R46,MO2,175,35,175,40,190
13.6R48,MO2,180,35,180,40,195
13.6R48,MO2,180,35,180,40,195
13.6R48,MO2,180,35,180,40,195
13.6R48,MO2,180,35,180,40,195
13.6R48,MO2,180,35,180,40,195
13/80R20,MO2,104,34,104,39,119
13/80R20,MO5,104,34,104,39,119
13R22.5,MO2,112,34,112,39,127
13R22.5,MO2,112,34,112,39,127
13R22.5,MO2,112,34,112,39,127
13R22.5,MO2,112,34,112,39,127
13R22.5,MO2,112,34,112,39,127
13R22.5,MO2,112,34,112,39,127
13R22.5,MO2,112,34,112,39,127
13R22.5,MO2,112,34,112,39,127
13R22.5,MO2,112,34,112,39,127
13R22.5,MO2,112,34,112,39,127
13R22.5,MO2,112,34,112,39,127
13R22.5,MO2,112,34,112,39,127
13R22.5,MO2,112,34,112,39,127
13R22.5,MO2,112,34,112,39,127
13R22.5,MO2,112,34,112,39,127
13R22.5,MO2,112,34,112,39,127
13R22.5,MO2,112,34,112,39,127
13R22.5,MO2,112,34,112,39,127
13R22.5,MO5,112,34,112,39,127
13R22.5,MO5,112,34,112,39,127
13R22.5,MO5,112,34,112,39,127
13R22.5,MO5,112,34,112,39,127
13R22.5,MO5,112,34,112,39,127
13R22.5,MO5,112,34,112,39,127
13R22.5,MO5,112,34,112,39,127
13R22.5,MO5,112,34,112,39,127
13R22.5,MO5,112,34,112,39,127
13R22.5,MO5,112,34,112,39,127
13R22.5,MO5,112,34,112,39,127
13R22.5,MO5,112,34,112,39,127
13R22.5,MO5,112,34,112,39,127
13R22.5,MO5,112,34,112,39,127
13R22.5,MO5,112,34,112,39,127
13R22.5,MO5,112,34,112,39,127
13R22.5,MO5,112,34,112,39,127
13R22.5,MO5,112,34,112,39,127
13R22.5,MO5,112,34,112,39,127
13R22.5,MO5,112,34,112,39,127
13R22.5,MO5,112,34,112,39,127
13R22.5,MO4,112,34,112,39,127
13R22.5,MO4,112,34,112,39,127
13R22.5,MO4,112,34,112,39,127
13x5.00-6,MO2,34,13,34,18,49
13x5.00-6,MO5,34,13,34,18,49
13x5.00-6,MO5,34,13,34,18,49
13x5.00-6,MO5,34,13,34,18,49
13x5.00-6,MO4,34,13,34,18,49
13x5.00-6,MO4,34,13,34,18,49
13x5.00-6,MO4,34,13,34,18,49
13x5.00-6,MO1,34,13,34,18,49
13x5.00-6,MO8,34,13,34,18,49
13x5.00-6,MO8,34,13,34,18,49
13x5.00-6,MO8,34,13,34,18,49
13x5.00-6,MO8,34,13,34,18,49
13x5.00-6,MO8,34,13,34,18,49
13x5.00-6,MO8,34,13,34,18,49
14-17.5,MO2,104,36,104,41,119
14-17.5,MO3,104,36,104,41,119
14-17.5,MO1,104,36,104,41,119
14.0/65-16,MO2,87,36,87,41,102
14.0/65-16,MO3,87,36,87,41,102
14.00-20,MO7,110,36,110,41,125
14.00-24,MO7,120,36,120,41,135
14.00-24,MO7,120,36,120,41,135
14.00-24,MO7,120,36,120,41,135
14.00-24,MO2,120,36,120,41,135
14.00-24,MO2,120,36,120,41,135
14.00-24,MO2,120,36,120,41,135
14.00-24,MO2,120,36,120,41,135
14.00-24,MO2,120,36,120,41,135
14.00-24,MO2,120,36,120,41,135
14.00-24,MO2,120,36,120,41,135
14.00-24,MO2,120,36,120,41,135
14.00-24,MO2,120,36,120,41,135
14.00-24,MO5,120,36,120,41,135
14.00-24,MO5,120,36,120,41,135
14.00R20,MO7,110,36,110,41,125
14.00R24,MO7,120,36,120,41,135
14.5-20,MO2,112,37,112,42,127
14.5-20,MO2,112,37,112,42,127
14.5-20,MO5,112,37,112,42,127
14.5-20,MO1,112,37,112,42,127
14.5-20,MO1,112,37,112,42,127
14.5/80-18,MO5,105,37,105,42,120
14.5R20,MO2,112,37,112,42,127
14.5R20,MO2,112,37,112,42,127
14.5R20,MO2,112,37,112,42,127
14.9-24,MO2,124,38,124,43,139
14.9-24,MO2,124,38,124,43,139
14.9-24,MO2,124,38,124,43,139
14.9-24,MO2,124,38,124,43,139
14.9-24,MO2,124,38,124,43,139
14.9-24,MO2,124,38,124,43,139
14.9-24,MO5,124,38,124,43,139
14.9-24,MO5,124,38,124,43,139
14.9-24,MO5,124,38,124,43,139
14.9-24,MO5,124,38,124,43,139
14.9-24,MO5,124,38,124,43,139
14.9-24,MO5,124,38,124,43,139
14.9-24,MO5,124,38,124,43,139
14.9-24,MO5,124,38,124,43,139
14.9-24,MO4,124,38,124,43,139
14.9-24,MO1,124,38,124,43,139
14.9-24,MO1,124,38,124,43,139
14.9-24,MO1,124,38,124,43,139
14.9-24,MO1,124,38,124,43,139
14.9-24,MO10,124,38,124,43,139
14.9-24,MO10,124,38,124,43,139
14.9-24,MO10,124,38,124,43,139
14.9-24,MO8,124,38,124,43,139
14.9-26,MO2,129,38,129,43,144
14.9-26,MO5,129,38,129,43,144
14.9-26,MO5,129,38,129,43,144
14.9-26,MO5,129,38,129,43,144
14.9-26,MO8,129,38,129,43,144
14.9-28,MO2,134,38,134,43,149
14.9-28,MO2,134,38,134,43,149
14.9-28,MO2,134,38,134,43,149
14.9-28,MO2,134,38,134,43,149
14.9-28,MO2,134,38,134,43,149
14.9-28,MO2,134,38,134,43,149
14.9-28,MO2,134,38,134,43,149
14.9-28,MO2,134,38,134,43,149
14.9-28,MO2,134,38,134,43,149
14.9-28,MO2,134,38,134,43,149
14.9-28,MO5,134,38,134,43,149
14.9-28,MO5,134,38,134,43,149
14.9-28,MO5,134,38,134,43,149
14.9-28,MO5,134,38,134,43,149
14.9-28,MO5,134,38,134,43,149
14.9-28,MO5,134,38,134,43,149
14.9-28,MO5,134,38,134,43,149
14.9-28,MO5,134,38,134,43,149
14.9-28,MO5,134,38,134,43,149
14.9-28,MO4,134,38,134,43,149
14.9-28,MO4,134,38,134,43,149
14.9-28,MO4,134,38,134,43,149
14.9-28,MO4,134,38,134,43,149
14.9-28,MO1,134,38,134,43,149
14.9-28,MO10,134,38,134,43,149
14.9-28,MO10,134,38,134,43,149
14.9-28,MO8,134,38,134,43,149
14.9-28,MO8,134,38,134,43,149
14.9-30,MO2,140,38,140,43,155
14.9-30,MO8,140,38,140,43,155
14.9-38,MO2,160,38,160,43,175
14.9R24,MO2,124,38,124,43,139
14.9R24,MO2,124,38,124,43,139
14.9R24,MO2,124,38,124,43,139
14.9R24,MO2,124,38,124,43,139
14.9R26,MO2,129,38,129,43,144
14.9R26,MO1,129,38,129,43,144
14.9R28,MO2,134,38,134,43,149
14.9R28,MO2,134,38,134,43,149
14.9R28,MO2,134,38,134,43,149
14.9R34,MO2,150,38,150,43,165
14.9R34,MO2,150,38,150,43,165
14.9R46,MO2,180,38,180,43,195
14.9R46,MO2,180,38,180,43,195
14.9R46,MO2,180,38,180,43,195
14.9R50,MO2,190,38,190,43,205
140-6,MO8,39,14,39,19,54
140-6,MO8,39,14,39,19,54
140/55-9,MO2,39,14,39,19,54
140/55-9,MO2,39,14,39,19,54
140/55-9,MO2,39,14,39,19,54
15-19.5,MO3,113,39,113,44,128
15.0/55-17,MO2,86,39,86,44,101
15.0/55-17,MO2,86,39,86,44,101
15.0/55-17,MO2,86,39,86,44,101
15.0/55-17,MO2,86,39,86,44,101
15.0/55-17,MO2,86,39,86,44,101
15.0/55-17,MO2,86,39,86,44,101
15.0/55-17,MO2,86,39,86,44,101
15.0/55-17,MO2,86,39,86,44,101
15.0/55-17,MO2,86,39,86,44,101
15.0/55-17,MO3,86,39,86,44,101
15.0/55-17,MO3,86,39,86,44,101
15.0/55-17,MO5,86,39,86,44,101
15.0/55-17,MO5,86,39,86,44,101
15.0/55-17,MO4,86,39,86,44,101
15.0/55-17,MO1,86,39,86,44,101
15.0/55-17,MO1,86,39,86,44,101
15.0/55-17,MO1,86,39,86,44,101
15.0/55-17,MO10,86,39,86,44,101
15.0/55-17,MO10,86,39,86,44,101
15.0/70-18,MO3,100,39,100,44,115
15.5-25,MO2,129,40,129,45,144
15.5-25,MO2,129,40,129,45,144
15.5-25,MO2,129,40,129,45,144
15.5-25,MO2,129,40,129,45,144
15.5-25,MO5,129,40,129,45,144
15.5-25,MO5,129,40,129,45,144
15.5-25,MO5,129,40,129,45,144
15.5-25,MO5,129,40,129,45,144
15.5-25,MO10,129,40,129,45,144
15.5-38,MO2,162,40,162,45,177
15.5-38,MO2,162,40,162,45,177
15.5-38,MO2,162,40,162,45,177
15.5-38,MO2,162,40,162,45,177
15.5-38,MO5,162,40,162,45,177
15.5-38,MO5,162,40,162,45,177
15.5-38,MO5,162,40,162,45,177
15.5-38,MO4,162,40,162,45,177
15.5-38,MO1,162,40,162,45,177
15.5-38,MO10,162,40,162,45,177
15.5-38,MO8,162,40,162,45,177
15.5/55R18,MO2,90,40,90,45,105
15.5/55R18,MO1,90,40,90,45,105
15.5/80-24,MO2,124,40,124,45,139
15.5/80-24,MO2,124,40,124,45,139
15.5/80-24,MO2,124,40,124,45,139
15.5/80-24,MO2,124,40,124,45,139
15.5/80-24,MO2,124,40,124,45,139
15.5/80-24,MO2,124,40,124,45,139
15.5/80-24,MO2,124,40,124,45,139
15.5/80-24,MO2,124,40,124,45,139
15.5/80-24,MO2,124,40,124,45,139
15.5/80-24,MO3,124,40,124,45,139
15.5/80-24,MO3,124,40,124,45,139
15.5/80-24,MO5,124,40,124,45,139
15.5/80-24,MO5,124,40,124,45,139
15.5/80-24,MO1,124,40,124,45,139
15.5/80-24,MO10,124,40,124,45,139
15.5/80-24,MO10,124,40,124,45,139
15.5/80R24,MO2,124,40,124,45,139
15.5R25,MO7,129,40,129,45,144
150/75-8,MO2,43,15,43,20,58
155/70R12,MO1,53,16,53,21,68
155/80R13,MO1,58,16,58,21,73
15x6.00-6,MO2,39,16,39,21,54
15x6.00-6,MO2,39,16,39,21,54
15x6.00-6,MO2,39,16,39,21,54
15x6.00-6,MO2,39,16,39,21,54
15x6.00-6,MO2,39,16,39,21,54
15x6.00-6,MO3,39,16,39,21,54
15x6.00-6,MO3,39,16,39,21,54
15x6.00-6,MO5,39,16,39,21,54
15x6.00-6,MO5,39,16,39,21,54
15x6.00-6,MO4,39,16,39,21,54
15x6.00-6,MO4,39,16,39,21,54
15x6.00-6,MO4,39,16,39,21,54
15x6.00-6,MO4,39,16,39,21,54
15x6.00-6,MO1,39,16,39,21,54
15x6.00-6,MO1,39,16,39,21,54
15x6.00-6,MO8,39,16,39,21,54
15x6.00-6,MO8,39,16,39,21,54
15x6.00-6,MO8,39,16,39,21,54
15x6.00-6,MO8,39,16,39,21,54
15x6.00-6,MO8,39,16,39,21,54
15x6.00-6,MO8,39,16,39,21,54
15x6.00-6,MO8,39,16,39,21,54
16.0/70-20,MO2,108,41,108,46,123
16.0/70-20,MO2,108,41,108,46,123
16.0/70-20,MO2,108,41,108,46,123
16.0/70-20,MO2,108,41,108,46,123
16.0/70-20,MO3,108,41,108,46,123
16.0/70-20,MO5,108,41,108,46,123
16.0/70-20,MO5,108,41,108,46,123
16.0/70-20,MO5,108,41,108,46,123
16.0/70-20,MO5,108,41,108,46,123
16.0/70-20,MO5,108,41,108,46,123
16.0/70-20,MO5,108,41,108,46,123
16.0/70-20,MO5,108,41,108,46,123
16.0/70-20,MO1,108,41,108,46,123
16.0/70-20,MO1,108,41,108,46,123
16.0/70-20,MO10,108,41,108,46,123
16.0/70-20,MO10,108,41,108,46,123
16.0/70-24,MO5,118,41,118,46,133
16.0/70-24,MO5,118,41,118,46,133
16.0/70-24,MO10,118,41,118,46,133
16.00-25,MO7,131,41,131,46,146
16.5/70-18,MO3,105,42,105,47,120
16.5/70-18,MO3,105,42,105,47,120
16.5/85-24,MO3,133,42,133,47,148
16.5/85-24,MO10,133,42,133,47,148
16.5x6.5-8,MO8,42,17,42,22,57
16.5x6.5-8,MO8,42,17,42,22,57
16.9-24,MO2,133,43,133,48,148
16.9-24,MO2,133,43,133,48,148
16.9-24,MO2,133,43,133,48,148
16.9-24,MO2,133,43,133,48,148
16.9-24,MO2,133,43,133,48,148
16.9-24,MO2,133,43,133,48,148
16.9-24,MO2,133,43,133,48,148
16.9-24,MO5,133,43,133,48,148
16.9-24,MO5,133,43,133,48,148
16.9-24,MO5,133,43,133,48,148
16.9-24,MO5,133,43,133,48,148
16.9-24,MO5,133,43,133,48,148
16.9-24,MO5,133,43,133,48,148
16.9-24,MO1,133,43,133,48,148
16.9-24,MO1,133,43,133,48,148
16.9-24,MO10,133,43,133,48,148
16.9-24,MO10,133,43,133,48,148
16.9-24,MO8,133,43,133,48,148
16.9-26,MO2,138,43,138,48,153
16.9-26,MO8,138,43,138,48,153
16.9-28,MO2,143,43,143,48,158
16.9-28,MO2,143,43,143,48,158
16.9-28,MO2,143,43,143,48,158
16.9-28,MO2,143,43,143,48,158
16.9-28,MO2,143,43,143,48,158
16.9-28,MO2,143,43,143,48,158
16.9-28,MO2,143,43,143,48,158
16.9-28,MO2,143,43,143,48,158
16.9-28,MO2,143,43,143,48,158
16.9-28,MO2,143,43,143,48,158
16.9-28,MO5,143,43,143,48,158
16.9-28,MO5,143,43,143,48,158
16.9-28,MO5,143,43,143,48,158
16.9-28,MO5,143,43,143,48,158
16.9-28,MO5,143,43,143,48,158
16.9-28,MO5,143,43,143,48,158
16.9-28,MO5,143,43,143,48,158
16.9-28,MO5,143,43,143,48,158
16.9-28,MO5,143,43,143,48,158
16.9-28,MO5,143,43,143,48,158
16.9-28,MO5,143,43,143,48,158
16.9-28,MO5,143,43,143,48,158
16.9-28,MO5,143,43,143,48,158
16.9-28,MO5,143,43,143,48,158
16.9-28,MO4,143,43,143,48,158
16.9-28,MO4,143,43,143,48,158
16.9-28,MO1,143,43,143,48,158
16.9-28,MO1,143,43,143,48,158
16.9-28,MO1,143,43,143,48,158
16.9-28,MO1,143,43,143,48,158
16.9-28,MO10,143,43,143,48,158
16.9-28,MO10,143,43,143,48,158
16.9-28,MO10,143,43,143,48,158
16.9-28,MO8,143,43,143,48,158
16.9-30,MO2,148,43,148,48,163
16.9-30,MO2,148,43,148,48,163
16.9-30,MO2,148,43,148,48,163
16.9-30,MO2,148,43,148,48,163
16.9-30,MO5,148,43,148,48,163
16.9-30,MO5,148,43,148,48,163
16.9-30,MO5,148,43,148,48,163
16.9-30,MO5,148,43,148,48,163
16.9-30,MO5,148,43,148,48,163
16.9-30,MO5,148,43,148,48,163
16.9-30,MO5,148,43,148,48,163
16.9-30,MO5,148,43,148,48,163
16.9-30,MO5,148,43,148,48,163
16.9-30,MO4,148,43,148,48,163
16.9-30,MO4,148,43,148,48,163
16.9-30,MO1,148,43,148,48,163
16.9-30,MO1,148,43,148,48,163
16.9-30,MO10,148,43,148,48,163
16.9-30,MO10,148,43,148,48,163
16.9-30,MO10,148,43,148,48,163
16.9-30,MO8,148,43,148,48,163
16.9-34,MO2,158,43,158,48,173
16.9-34,MO2,158,43,158,48,173
16.9-34,MO2,158,43,158,48,173
16.9-34,MO5,158,43,158,48,173
16.9-34,MO5,158,43,158,48,173
16.9-34,MO5,158,43,158,48,173
16.9-34,MO5,158,43,158,48,173
16.9-34,MO5,158,43,158,48,173
16.9-34,MO5,158,43,158,48,173
16.9-34,MO5,158,43,158,48,173
16.9-34,MO4,158,43,158,48,173
16.9-34,MO4,158,43,158,48,173
16.9-34,MO4,158,43,158,48,173
16.9-34,MO8,158,43,158,48,173
16.9-38,MO2,168,43,168,48,183
16.9-38,MO5,168,43,168,48,183
16.9-38,MO5,168,43,168,48,183
16.9-38,MO5,168,43,168,48,183
16.9-38,MO5,168,43,168,48,183
16.9-38,MO5,168,43,168,48,183
16.9-38,MO5,168,43,168,48,183
16.9-38,MO4,168,43,168,48,183
16.9-38,MO4,168,43,168,48,183
16.9-38,MO1,168,43,168,48,183
16.9-38,MO1,168,43,168,48,183
16.9-38,MO8,168,43,168,48,183
16.9R24,MO2,133,43,133,48,148
16.9R24,MO2,133,43,133,48,148
16.9R24,MO2,133,43,133,48,148
16.9R24,MO2,133,43,133,48,148
16.9R24,MO2,133,43,133,48,148
16.9R24,MO2,133,43,133,48,148
16.9R28,MO2,143,43,143,48,158
16.9R28,MO2,143,43,143,48,158
16.9R28,MO2,143,43,143,48,158
16.9R28,MO2,143,43,143,48,158
16.9R28,MO2,143,43,143,48,158
16.9R30,MO2,148,43,148,48,163
16.9R30,MO2,148,43,148,48,163
16.9R30,MO2,148,43,148,48,163
16.9R34,MO2,158,43,158,48,173
16.9R34,MO2,158,43,158,48,173
16.9R34,MO2,158,43,158,48,173
16.9R34,MO2,158,43,158,48,173
16.9R34,MO2,158,43,158,48,173
16.9R38,MO2,168,43,168,48,183
16.9R38,MO2,168,43,168,48,183
16.9R38,MO2,168,43,168,48,183
16.9R38,MO2,168,43,168,48,183
16.9R46,MO2,189,43,189,48,204
16.9R46,MO2,189,43,189,48,204
16/70-20,MO5,108,41,108,46,123
16/70-24,MO1,118,41,118,46,133
165/70R13,MO1,57,17,57,22,72
165R13,MO1,61,17,61,22,76
16x6-8,MO2,41,16,41,21,56
16x6-8,MO2,41,16,41,21,56
16x6-8,MO2,41,16,41,21,56
16x6-8,MO2,41,16,41,21,56
16x6-8,MO2,41,16,41,21,56
16x6-8,MO2,41,16,41,21,56
16x6.50-8,MO2,41,17,41,22,56
16x6.50-8,MO2,41,17,41,22,56
16x6.50-8,MO2,41,17,41,22,56
16x6.50-8,MO2,41,17,41,22,56
16x6.50-8,MO2,41,17,41,22,56
16x6.50-8,MO3,41,17,41,22,56
16x6.50-8,MO3,41,17,41,22,56
16x6.50-8,MO5,41,17,41,22,56
16x6.50-8,MO5,41,17,41,22,56
16x6.50-8,MO5,41,17,41,22,56
16x6.50-8,MO5,41,17,41,22,56
16x6.50-8,MO5,41,17,41,22,56
16x6.50-8,MO5,41,17,41,22,56
16x6.50-8,MO4,41,17,41,22,56
16x6.50-8,MO4,41,17,41,22,56
16x6.50-8,MO4,41,17,41,22,56
16x6.50-8,MO4,41,17,41,22,56
16x6.50-8,MO8,41,17,41,22,56
16x6.50-8,MO8,41,17,41,22,56
16x6.50-8,MO8,41,17,41,22,56
16x6.50-8,MO8,41,17,41,22,56
16x6.50-8,MO8,41,17,41,22,56
16x6.50-8,MO8,41,17,41,22,56
16x6.50-8,MO8,41,17,41,22,56
16x6.50-8,MO8,41,17,41,22,56
16x6.50-8,MO8,41,17,41,22,56
16x6.50-8,MO8,41,17,41,22,56
16x6.50-8,MO8,41,17,41,22,56
16x7.50-8,MO1,41,20,41,25,56
16x7.50-8,MO8,41,20,41,25,56
16x7.50-8,MO8,41,20,41,25,56
17.5-24,MO2,135,45,135,50,150
17.5-24,MO2,135,45,135,50,150
17.5-24,MO2,135,45,135,50,150
17.5-24,MO2,135,45,135,50,150
17.5-24,MO2,135,45,135,50,150
17.5-24,MO2,135,45,135,50,150
17.5-24,MO2,135,45,135,50,150
17.5-24,MO2,135,45,135,50,150
17.5-24,MO2,135,45,135,50,150
17.5-24,MO2,135,45,135,50,150
17.5-24,MO2,135,45,135,50,150
17.5-25,MO7,138,45,138,50,153
17.5-25,MO7,138,45,138,50,153
17.5-25,MO2,138,45,138,50,153
17.5-25,MO2,138,45,138,50,153
17.5-25,MO2,138,45,138,50,153
17.5-25,MO2,138,45,138,50,153
17.5-25,MO5,138,45,138,50,153
17.5-25,MO5,138,45,138,50,153
17.5-25,MO5,138,45,138,50,153
17.5-25,MO1,138,45,138,50,153
17.5-25,MO1,138,45,138,50,153
17.5-25,MO10,138,45,138,50,153
17.5L-24,MO5,135,45,135,50,150
17.5L-24,MO5,135,45,135,50,150
17.5L-24,MO5,135,45,135,50,150
17.5L-24,MO4,135,45,135,50,150
17.5L-24,MO10,135,45,135,50,150
17.5R24,MO2,135,45,135,50,150
17.5R24,MO2,135,45,135,50,150
17.5R24,MO2,135,45,135,50,150
17.5R24,MO2,135,45,135,50,150
17.5R24,MO2,135,45,135,50,150
17.5R24,MO2,135,45,135,50,150
17.5R25,MO7,138,45,138,50,153
17.5R25,MO7,138,45,138,50,153
17.5R25,MO5,138,45,138,50,153
17.5R25,MO5,138,45,138,50,153
17.5R25,MO4,138,45,138,50,153
17.5R25,MO1,138,45,138,50,153
170/60-8,MO8,41,17,41,22,56
18-19.5,MO2,126,46,126,51,141
18-19.5,MO2,126,46,126,51,141
18-19.5,MO2,126,46,126,51,141
18-19.5,MO2,126,46,126,51,141
18-19.5,MO2,126,46,126,51,141
18-19.5,MO2,126,46,126,51,141
18-19.5,MO3,126,46,126,51,141
18-19.5,MO5,126,46,126,51,141
18-19.5,MO5,126,46,126,51,141
18-19.5,MO4,126,46,126,51,141
18-19.5,MO1,126,46,126,51,141
18-19.5,MO10,126,46,126,51,141
18-22.5,MO2,134,46,134,51,149
18-22.5,MO1,134,46,134,51,149
18-22.5,MO10,134,46,134,51,149
18.00-25,MO7,140,46,140,51,155
18.00-25,MO7,140,46,140,51,155
18.00-25,MO7,140,46,140,51,155
18.00-25,MO7,140,46,140,51,155
18.00-25,MO7,140,46,140,51,155
18.00-33,MO7,160,46,160,51,175
18.00-33,MO7,160,46,160,51,175
18.4-26,MO2,144,47,144,52,159
18.4-26,MO2,144,47,144,52,159
18.4-26,MO2,144,47,144,52,159
18.4-26,MO2,144,47,144,52,159
18.4-26,MO2,144,47,144,52,159
18.4-26,MO2,144,47,144,52,159
18.4-26,MO5,144,47,144,52,159
18.4-26,MO5,144,47,144,52,159
18.4-26,MO5,144,47,144,52,159
18.4-26,MO5,144,47,144,52,159
18.4-26,MO5,144,47,144,52,159
18.4-26,MO5,144,47,144,52,159
18.4-26,MO5,144,47,144,52,159
18.4-26,MO5,144,47,144,52,159
18.4-26,MO4,144,47,144,52,159
18.4-26,MO1,144,47,144,52,159
18.4-26,MO1,144,47,144,52,159
18.4-26,MO1,144,47,144,52,159
18.4-26,MO1,144,47,144,52,159
18.4-26,MO10,144,47,144,52,159
18.4-26,MO10,144,47,144,52,159
18.4-26,MO10,144,47,144,52,159
18.4-26,MO10,144,47,144,52,159
18.4-30,MO2,154,47,154,52,169
18.4-30,MO2,154,47,154,52,169
18.4-30,MO2,154,47,154,52,169
18.4-30,MO2,154,47,154,52,169
18.4-30,MO5,154,47,154,52,169
18.4-30,MO5,154,47,154,52,169
18.4-30,MO5,154,47,154,52,169
18.4-30,MO4,154,47,154,52,169
18.4-30,MO1,154,47,154,52,169
18.4-30,MO1,154,47,154,52,169
18.4-30,MO1,154,47,154,52,169
18.4-30,MO1,154,47,154,52,169
18.4-30,MO10,154,47,154,52,169
18.4-30,MO10,154,47,154,52,169
18.4-30,MO10,154,47,154,52,169
18.4-30,MO8,154,47,154,52,169
18.4-30,MO8,154,47,154,52,169
18.4-34,MO2,164,47,164,52,179
18.4-34,MO2,164,47,164,52,179
18.4-34,MO2,164,47,164,52,179
18.4-34,MO2,164,47,164,52,179
18.4-34,MO2,164,47,164,52,179
18.4-34,MO2,164,47,164,52,179
18.4-34,MO2,164,47,164,52,179
18.4-34,MO2,164,47,164,52,179
18.4-34,MO5,164,47,164,52,179
18.4-34,MO5,164,47,164,52,179
18.4-34,MO5,164,47,164,52,179
18.4-34,MO5,164,47,164,52,179
18.4-34,MO5,164,47,164,52,179
18.4-34,MO5,164,47,164,52,179
18.4-34,MO5,164,47,164,52,179
18.4-34,MO5,164,47,164,52,179
18.4-34,MO4,164,47,164,52,179
18.4-34,MO4,164,47,164,52,179
18.4-34,MO4,164,47,164,52,179
18.4-34,MO1,164,47,164,52,179
18.4-34,MO1,164,47,164,52,179
18.4-34,MO1,164,47,164,52,179
18.4-34,MO1,164,47,164,52,179
18.4-34,MO10,164,47,164,52,179
18.4-34,MO10,164,47,164,52,179
18.4-34,MO10,164,47,164,52,179
18.4-34,MO8,164,47,164,52,179
18.4-34,MO8,164,47,164,52,179
18.4-38,MO2,175,47,175,52,190
18.4-38,MO2,175,47,175,52,190
18.4-38,MO2,175,47,175,52,190
18.4-38,MO2,175,47,175,52,190
18.4-38,MO2,175,47,175,52,190
18.4-38,MO2,175,47,175,52,190
18.4-38,MO2,175,47,175,52,190
18.4-38,MO2,175,47,175,52,190
18.4-38,MO2,175,47,175,52,190
18.4-38,MO5,175,47,175,52,190
18.4-38,MO5,175,47,175,52,190
18.4-38,MO5,175,47,175,52,190
18.4-38,MO5,175,47,175,52,190
18.4-38,MO5,175,47,175,52,190
18.4-38,MO5,175,47,175,52,190
18.4-38,MO5,175,47,175,52,190
18.4-38,MO1,175,47,175,52,190
18.4-38,MO1,175,47,175,52,190
18.4-38,MO10,175,47,175,52,190
18.4-38,MO10,175,47,175,52,190
18.4-38,MO8,175,47,175,52,190
18.4-38,MO8,175,47,175,52,190
18.4/15-26,MO1,81,47,81,52,96
18.4R30,MO2,154,47,154,52,169
18.4R30,MO2,154,47,154,52,169
18.4R34,MO2,164,47,164,52,179
18.4R34,MO2,164,47,164,52,179
18.4R34,MO2,164,47,164,52,179
18.4R38,MO2,175,47,175,52,190
18.4R38,MO2,175,47,175,52,190
18.4R38,MO2,175,47,175,52,190
18.4R38,MO2,175,47,175,52,190
18.4R42,MO2,185,47,185,52,200
18.4R46,MO2,195,47,195,52,210
18.5x8.5-8,MO1,47,22,47,27,62
18.5x8.50-8,MO5,47,22,47,27,62
18.5x8.50-8,MO4,47,22,47,27,62
180/60-10,MO2,47,18,47,23,62
180/90-16,MO8,74,18,74,23,89
180/95-14,MO3,70,18,70,23,85
185/65-15,MO3,63,19,63,24,78
185/65R14,MO1,60,19,60,24,75
185R14,MO1,67,19,67,24,82
18x7-8,MO2,46,18,46,23,61
18x7-8,MO2,46,18,46,23,61
18x7-8,MO2,46,18,46,23,61
18x7-8,MO2,46,18,46,23,61
18x7-8,MO2,46,18,46,23,61
18x7-8,MO2,46,18,46,23,61
18x7-8,MO2,46,18,46,23,61
18x7-8,MO2,46,18,46,23,61
18x7-8,MO2,46,18,46,23,61
18x7-8,MO2,46,18,46,23,61
18x7-8,MO2,46,18,46,23,61
18x7-8,MO2,46,18,46,23,61
18x7-8,MO2,46,18,46,23,61
18x7-8,MO10,46,18,46,23,61
18x7.50-8,MO8,46,20,46,25,61
18x7.50-8,MO8,46,20,46,25,61
18x8.50-10,MO3,46,22,46,27,61
18x8.50-10,MO8,46,22,46,27,61
18x8.50-8,MO2,46,22,46,27,61
18x8.50-8,MO2,46,22,46,27,61
18x8.50-8,MO2,46,22,46,27,61
18x8.50-8,MO2,46,22,46,27,61
18x8.50-8,MO2,46,22,46,27,61
18x8.50-8,MO2,46,22,46,27,61
18x8.50-8,MO3,46,22,46,27,61
18x8.50-8,MO3,46,22,46,27,61
18x8.50-8,MO3,46,22,46,27,61
18x8.50-8,MO5,46,22,46,27,61
18x8.50-8,MO5,46,22,46,27,61
18x8.50-8,MO5,46,22,46,27,61
18x8.50-8,MO5,46,22,46,27,61
18x8.50-8,MO5,46,22,46,27,61
18x8.50-8,MO4,46,22,46,27,61
18x8.50-8,MO4,46,22,46,27,61
18x8.50-8,MO4,46,22,46,27,61
18x8.50-8,MO4,46,22,46,27,61
18x8.50-8,MO1,46,22,46,27,61
18x8.50-8,MO1,46,22,46,27,61
18x8.50-8,MO8,46,22,46,27,61
18x8.50-8,MO8,46,22,46,27,61
18x8.50-8,MO8,46,22,46,27,61
18x8.50-8,MO8,46,22,46,27,61
18x8.50-8,MO8,46,22,46,27,61
18x8.50-8,MO8,46,22,46,27,61
18x8.50-8,MO8,46,22,46,27,61
18x9.50-8,MO5,46,25,46,30,61
18x9.50-8,MO1,46,25,46,30,61
18x9.50-8,MO1,46,25,46,30,61
18x9.50-8,MO8,46,25,46,30,61
18x9.50-8,MO8,46,25,46,30,61
19.0/45-17,MO2,87,49,87,54,102
19.0/45-17,MO2,87,49,87,54,102
19.0/45-17,MO2,87,49,87,54,102
19.0/45-17,MO2,87,49,87,54,102
19.0/45-17,MO2,87,49,87,54,102
19.0/45-17,MO2,87,49,87,54,102
19.0/45-17,MO3,87,49,87,54,102
19.0/45-17,MO3,87,49,87,54,102
19.0/45-17,MO3,87,49,87,54,102
19.0/45-17,MO1,87,49,87,54,102
19.0/45-17,MO10,87,49,87,54,102
19.5-24,MO2,144,50,144,55,159
19.5-24,MO2,144,50,144,55,159
19.5-24,MO2,144,50,144,55,159
19.5-24,MO2,144,50,144,55,159
19.5L-24,MO1,144,50,144,55,159
19.5L-24,MO10,144,50,144,55,159
19.5R24,MO2,144,50,144,55,159
19.5R24,MO2,144,50,144,55,159
19.5R24,MO2,144,50,144,55,159
190-8,MO8,52,19,52,24,67
190/90-16,MO8,75,19,75,24,90
195/50R13,MO1,53,20,53,25,68
195/55R10,MO1,47,20,47,25,62
195/65-15,MO2,64,20,64,25,79
195/65-15,MO3,64,20,64,25,79
195/70R15,MO1,66,20,66,25,81
2-8,MO2,29,6,29,11,44
2-8,MO2,29,6,29,11,44
20-24,MO2,146,51,146,56,161
20.5-25,MO2,150,53,150,58,165
20.5-25,MO2,150,53,150,58,165
20.5-25,MO2,150,53,150,58,165
20.5-25,MO1,150,53,150,58,165
20.5-25,MO10,150,53,150,58,165
20.5R25,MO7,150,53,150,58,165
20.5R25,MO7,150,53,150,58,165
20.5R25,MO7,150,53,150,58,165
20.5R25,MO2,150,53,150,58,165
20.5R25,MO5,150,53,150,58,165
20.5R25,MO5,150,53,150,58,165
20.5R25,MO1,150,53,150,58,165
20.5x8.00-10,MO2,53,21,53,26,68
20.5x8.00-10,MO8,53,21,53,26,68
20.8-38,MO2,185,53,185,58,200
20.8-38,MO2,185,53,185,58,200
20.8-38,MO2,185,53,185,58,200
20.8-38,MO5,185,53,185,58,200
20.8-38,MO8,185,53,185,58,200
20.8-42,MO2,195,53,195,58,210
20.8R38,MO2,185,53,185,58,200
20.8R38,MO2,185,53,185,58,200
20.8R38,MO2,185,53,185,58,200
20.8R38,MO2,185,53,185,58,200
20.8R38,MO2,185,53,185,58,200
20.8R38,MO2,185,53,185,58,200
20.8R42,MO2,195,53,195,58,210
20.8R42,MO2,195,53,195,58,210
20.8R46,MO2,205,53,205,58,220
20.8R46,MO2,205,53,205,58,220
20.8R46,MO2,205,53,205,58,220
200/50-10,MO2,46,20,46,25,61
200/50-10,MO2,46,20,46,25,61
200/50-10,MO2,46,20,46,25,61
200/50-10,MO2,46,20,46,25,61
200/50-10,MO2,46,20,46,25,61
200/50-10,MO2,46,20,46,25,61
200/50-10,MO2,46,20,46,25,61
200/50-10,MO2,46,20,46,25,61
200/55-10,MO8,48,20,48,25,63
200/60-14.5,MO2,61,20,61,25,76
200/60-14.5,MO2,61,20,61,25,76
200/60-14.5,MO3,61,20,61,25,76
200/60-14.5,MO3,61,20,61,25,76
200/60-14.5,MO5,61,20,61,25,76
200/60-14.5,MO5,61,20,61,25,76
200/60-14.5,MO5,61,20,61,25,76
200/60-14.5,MO4,61,20,61,25,76
200/60-14.5,MO4,61,20,61,25,76
200/60-14.5,MO8,61,20,61,25,76
200/60-14.5,MO8,61,20,61,25,76
200/60-14.5,MO8,61,20,61,25,76
200/60R15,MO1,63,20,63,25,78
200/65-8,MO8,47,20,47,25,62
200/65R16,MO3,67,20,67,25,82
200/70R16,MO3,69,20,69,25,84
200/90-16,MO8,77,20,77,25,92
200/95-12,MO8,69,20,69,25,84
205/65R17.5,MO2,72,21,72,26,87
205/65R17.5,MO2,72,21,72,26,87
205/65R17.5,MO2,72,21,72,26,87
205/65R17.5,MO5,72,21,72,26,87
205/65R17.5,MO5,72,21,72,26,87
205/65R17.5,MO5,72,21,72,26,87
205/65R17.5,MO4,72,21,72,26,87
205/65R17.5,MO4,72,21,72,26,87
205/75R17.5,MO2,76,21,76,26,91
205/75R17.5,MO2,76,21,76,26,91
205/75R17.5,MO2,76,21,76,26,91
205/75R17.5,MO2,76,21,76,26,91
205/75R17.5,MO2,76,21,76,26,91
205/75R17.5,MO2,76,21,76,26,91
205/75R17.5,MO2,76,21,76,26,91
205/75R17.5,MO2,76,21,76,26,91
205/75R17.5,MO2,76,21,76,26,91
205/75R17.5,MO2,76,21,76,26,91
205/75R17.5,MO5,76,21,76,26,91
205/75R17.5,MO5,76,21,76,26,91
205/75R17.5,MO5,76,21,76,26,91
205/75R17.5,MO5,76,21,76,26,91
205/75R17.5,MO5,76,21,76,26,91
205/75R17.5,MO5,76,21,76,26,91
205/75R17.5,MO5,76,21,76,26,91
205/75R17.5,MO5,76,21,76,26,91
205/75R17.5,MO5,76,21,76,26,91
205/75R17.5,MO5,76,21,76,26,91
205/75R17.5,MO5,76,21,76,26,91
205/75R17.5,MO5,76,21,76,26,91
205/75R17.5,MO5,76,21,76,26,91
205/75R17.5,MO5,76,21,76,26,91
205/75R17.5,MO5,76,21,76,26,91
205/75R17.5,MO5,76,21,76,26,91
205/75R17.5,MO5,76,21,76,26,91
205/75R17.5,MO4,76,21,76,26,91
205/75R17.5,MO4,76,21,76,26,91
205/75R17.5,MO4,76,21,76,26,91
20x10.00-10,MO1,51,26,51,31,66
20x10.00-10,MO1,51,26,51,31,66
20x10.00-10,MO8,51,26,51,31,66
20x10.00-8,MO5,51,26,51,31,66
20x10.00-8,MO1,51,26,51,31,66
20x10.00-8,MO8,51,26,51,31,66
20x10.00-8,MO8,51,26,51,31,66
20x8.00-10,MO8,51,21,51,26,66
20x8.00-10,MO8,51,21,51,26,66
20x8.00-10,MO8,51,21,51,26,66
20x8.00-8,MO8,51,21,51,26,66
20x8.00-8,MO8,51,21,51,26,66
210/95-16,MO8,81,21,81,26,96
210/95-20,MO8,91,21,91,26,106
210/95R16,MO2,81,21,81,26,96
210/95R16,MO1,81,21,81,26,96
210/95R16,MO8,81,21,81,26,96
210/95R18,MO3,86,21,86,26,101
210/95R18,MO3,86,21,86,26,101
210/95R18,MO8,86,21,86,26,101
210/95R32,MO3,122,21,122,26,137
210/95R32,MO3,122,21,122,26,137
210/95R32,MO1,122,21,122,26,137
210/95R32,MO1,122,21,122,26,137
210/95R36,MO1,132,21,132,26,147
210/95R44,MO5,152,21,152,26,167
210/95R44,MO1,152,21,152,26,167
210/95R44,MO8,152,21,152,26,167
215/65R14,MO1,64,22,64,27,79
215/75R17.5,MO2,77,22,77,27,92
215/75R17.5,MO2,77,22,77,27,92
215/75R17.5,MO2,77,22,77,27,92
215/75R17.5,MO2,77,22,77,27,92
215/75R17.5,MO2,77,22,77,27,92
215/75R17.5,MO2,77,22,77,27,92
215/75R17.5,MO2,77,22,77,27,92
215/75R17.5,MO2,77,22,77,27,92
215/75R17.5,MO2,77,22,77,27,92
215/75R17.5,MO2,77,22,77,27,92
215/75R17.5,MO2,77,22,77,27,92
215/75R17.5,MO2,77,22,77,27,92
215/75R17.5,MO2,77,22,77,27,92
215/75R17.5,MO2,77,22,77,27,92
215/75R17.5,MO2,77,22,77,27,92
215/75R17.5,MO5,77,22,77,27,92
215/75R17.5,MO5,77,22,77,27,92
215/75R17.5,MO5,77,22,77,27,92
215/75R17.5,MO5,77,22,77,27,92
215/75R17.5,MO5,77,22,77,27,92
215/75R17.5,MO5,77,22,77,27,92
215/75R17.5,MO5,77,22,77,27,92
215/75R17.5,MO5,77,22,77,27,92
215/75R17.5,MO5,77,22,77,27,92
215/75R17.5,MO5,77,22,77,27,92
215/75R17.5,MO5,77,22,77,27,92
215/75R17.5,MO5,77,22,77,27,92
215/75R17.5,MO5,77,22,77,27,92
215/75R17.5,MO5,77,22,77,27,92
215/75R17.5,MO5,77,22,77,27,92
215/75R17.5,MO5,77,22,77,27,92
215/75R17.5,MO5,77,22,77,27,92
215/75R17.5,MO5,77,22,77,27,92
215/75R17.5,MO5,77,22,77,27,92
215/75R17.5,MO5,77,22,77,27,92
215/75R17.5,MO5,77,22,77,27,92
215/75R17.5,MO5,77,22,77,27,92
215/75R17.5,MO5,77,22,77,27,92
215/75R17.5,MO5,77,22,77,27,92
215/75R17.5,MO5,77,22,77,27,92
215/75R17.5,MO5,77,22,77,27,92
215/75R17.5,MO5,77,22,77,27,92
215/75R17.5,MO5,77,22,77,27,92
215/75R17.5,MO5,77,22,77,27,92
215/75R17.5,MO5,77,22,77,27,92
215/75R17.5,MO5,77,22,77,27,92
215/75R17.5,MO5,77,22,77,27,92
215/75R17.5,MO5,77,22,77,27,92
215/75R17.5,MO5,77,22,77,27,92
215/75R17.5,MO5,77,22,77,27,92
215/75R17.5,MO5,77,22,77,27,92
215/75R17.5,MO5,77,22,77,27,92
215/75R17.5,MO5,77,22,77,27,92
215/75R17.5,MO5,77,22,77,27,92
215/75R17.5,MO5,77,22,77,27,92
215/75R17.5,MO5,77,22,77,27,92
215/75R17.5,MO4,77,22,77,27,92
215/75R17.5,MO4,77,22,77,27,92
215/75R17.5,MO4,77,22,77,27,92
215/75R17.5,MO4,77,22,77,27,92
215/75R17.5,MO4,77,22,77,27,92
215/75R17.5,MO4,77,22,77,27,92
215/75R17.5,MO4,77,22,77,27,92
215/75R17.5,MO4,77,22,77,27,92
215/75R17.5,MO4,77,22,77,27,92
215/75R17.5,MO4,77,22,77,27,92
215/75R17.5,MO1,77,22,77,27,92
215/75R17.5,MO1,77,22,77,27,92
21x7.00-15,MO2,54,18,54,23,69
21x8-9,MO2,54,21,54,26,69
21x8-9,MO2,54,21,54,26,69
21x8-9,MO2,54,21,54,26,69
21x8-9,MO2,54,21,54,26,69
21x8-9,MO2,54,21,54,26,69
21x8-9,MO2,54,21,54,26,69
21x8-9,MO2,54,21,54,26,69
21x8-9,MO2,54,21,54,26,69
220/45-8,MO8,41,22,41,27,56
220/45-8,MO8,41,22,41,27,56
220/45-8,MO8,41,22,41,27,56
220/45-8,MO8,41,22,41,27,56
220/50-6,MO3,38,22,38,27,53
220/50-6,MO8,38,22,38,27,53
220/55R12,MO1,55,22,55,27,70
220/60-12,MO2,57,22,57,27,72
220/60-12,MO8,57,22,57,27,72
220/60-8,MO8,47,22,47,27,62
220/60-8,MO8,47,22,47,27,62
220/60-8,MO8,47,22,47,27,62
225/75R17.5,MO2,79,23,79,28,94
225/75R17.5,MO2,79,23,79,28,94
225/75R17.5,MO2,79,23,79,28,94
225/75R17.5,MO2,79,23,79,28,94
225/75R17.5,MO2,79,23,79,28,94
225/75R17.5,MO2,79,23,79,28,94
225/75R17.5,MO2,79,23,79,28,94
225/75R17.5,MO2,79,23,79,28,94
225/75R17.5,MO2,79,23,79,28,94
225/75R17.5,MO2,79,23,79,28,94
225/75R17.5,MO2,79,23,79,28,94
225/75R17.5,MO5,79,23,79,28,94
225/75R17.5,MO5,79,23,79,28,94
225/75R17.5,MO5,79,23,79,28,94
225/75R17.5,MO5,79,23,79,28,94
225/75R17.5,MO5,79,23,79,28,94
225/75R17.5,MO5,79,23,79,28,94
225/75R17.5,MO5,79,23,79,28,94
225/75R17.5,MO5,79,23,79,28,94
225/75R17.5,MO5,79,23,79,28,94
225/75R17.5,MO5,79,23,79,28,94
225/75R17.5,MO5,79,23,79,28,94
225/75R17.5,MO5,79,23,79,28,94
225/75R17.5,MO5,79,23,79,28,94
225/75R17.5,MO5,79,23,79,28,94
225/75R17.5,MO5,79,23,79,28,94
225/75R17.5,MO5,79,23,79,28,94
225/75R17.5,MO5,79,23,79,28,94
225/75R17.5,MO5,79,23,79,28,94
225/75R17.5,MO5,79,23,79,28,94
225/75R17.5,MO5,79,23,79,28,94
225/75R17.5,MO5,79,23,79,28,94
225/75R17.5,MO5,79,23,79,28,94
225/75R17.5,MO5,79,23,79,28,94
225/75R17.5,MO5,79,23,79,28,94
225/75R17.5,MO4,79,23,79,28,94
225/75R17.5,MO4,79,23,79,28,94
22x11.00-10,MO3,56,28,56,33,71
23.1-26,MO7,164,59,164,64,179
23.1-26,MO2,164,59,164,64,179
23.1-26,MO2,164,59,164,64,179
23.1-26,MO2,164,59,164,64,179
23.1-26,MO2,164,59,164,64,179
23.1-26,MO2,164,59,164,64,179
23.1-26,MO2,164,59,164,64,179
23.1-26,MO2,164,59,164,64,179
23.1-26,MO2,164,59,164,64,179
23.1-26,MO2,164,59,164,64,179
23.1-26,MO2,164,59,164,64,179
23.1-26,MO2,164,59,164,64,179
23.1-26,MO2,164,59,164,64,179
23.1-26,MO5,164,59,164,64,179
23.1-26,MO5,164,59,164,64,179
23.1-26,MO5,164,59,164,64,179
23.1-26,MO5,164,59,164,64,179
23.1-26,MO5,164,59,164,64,179
23.1-26,MO4,164,59,164,64,179
23.1-26,MO1,164,59,164,64,179
23.1-26,MO1,164,59,164,64,179
23.1-26,MO1,164,59,164,64,179
23.1-26,MO1,164,59,164,64,179
23.1-26,MO10,164,59,164,64,179
23.1-26,MO10,164,59,164,64,179
23.1-26,MO8,164,59,164,64,179
23.1-30,MO2,174,59,174,64,189
23.1R26,MO2,164,59,164,64,179
23.5-25,MO2,163,60,163,65,178
23.5-25,MO2,163,60,163,65,178
23.5-25,MO2,163,60,163,65,178
23.5-25,MO2,163,60,163,65,178
23.5-25,MO2,163,60,163,65,178
23.5-25,MO5,163,60,163,65,178
23.5-25,MO5,163,60,163,65,178
23.5-25,MO1,163,60,163,65,178
23.5R25,MO7,163,60,163,65,178
23.5R25,MO7,163,60,163,65,178
23.5R25,MO2,163,60,163,65,178
23.5R25,MO2,163,60,163,65,178
23.5R25,MO2,163,60,163,65,178
23.5R25,MO2,163,60,163,65,178
23.5R25,MO2,163,60,163,65,178
23.5R25,MO2,163,60,163,65,178
23.5R25,MO2,163,60,163,65,178
23.5R25,MO5,163,60,163,65,178
23.5R25,MO5,163,60,163,65,178
23.5R25,MO4,163,60,163,65,178
23.5R25,MO1,163,60,163,65,178
23.5R25,MO1,163,60,163,65,178
23.5R25,MO1,163,60,163,65,178
230/95R28,MO1,115,23,115,28,130
230/95R32,MO3,125,23,125,28,140
230/95R32,MO3,125,23,125,28,140
230/95R32,MO5,125,23,125,28,140
230/95R32,MO1,125,23,125,28,140
230/95R32,MO1,125,23,125,28,140
230/95R32,MO10,125,23,125,28,140
230/95R32,MO8,125,23,125,28,140
230/95R36,MO2,136,23,136,28,151
230/95R36,MO3,136,23,136,28,151
230/95R36,MO3,136,23,136,28,151
230/95R36,MO3,136,23,136,28,151
230/95R36,MO3,136,23,136,28,151
230/95R36,MO1,136,23,136,28,151
230/95R36,MO1,136,23,136,28,151
230/95R36,MO8,136,23,136,28,151
230/95R40,MO3,146,23,146,28,161
230/95R40,MO1,146,23,146,28,161
230/95R42,MO3,151,23,151,28,166
230/95R42,MO3,151,23,151,28,166
230/95R42,MO3,151,23,151,28,166
230/95R42,MO5,151,23,151,28,166
230/95R42,MO1,151,23,151,28,166
230/95R42,MO1,151,23,151,28,166
230/95R44,MO3,156,23,156,28,171
230/95R44,MO3,156,23,156,28,171
230/95R44,MO3,156,23,156,28,171
230/95R44,MO1,156,23,156,28,171
230/95R44,MO1,156,23,156,28,171
230/95R44,MO1,156,23,156,28,171
230/95R44,MO8,156,23,156,28,171
230/95R48,MO2,166,23,166,28,181
230/95R48,MO3,166,23,166,28,181
230/95R48,MO3,166,23,166,28,181
230/95R48,MO5,166,23,166,28,181
230/95R48,MO1,166,23,166,28,181
230/95R48,MO10,166,23,166,28,181
230/95R48,MO8,166,23,166,28,181
235/75R17.5,MO2,80,24,80,29,95
235/75R17.5,MO2,80,24,80,29,95
235/75R17.5,MO2,80,24,80,29,95
235/75R17.5,MO2,80,24,80,29,95
235/75R17.5,MO2,80,24,80,29,95
235/75R17.5,MO2,80,24,80,29,95
235/75R17.5,MO2,80,24,80,29,95
235/75R17.5,MO2,80,24,80,29,95
235/75R17.5,MO2,80,24,80,29,95
235/75R17.5,MO2,80,24,80,29,95
235/75R17.5,MO2,80,24,80,29,95
235/75R17.5,MO2,80,24,80,29,95
235/75R17.5,MO2,80,24,80,29,95
235/75R17.5,MO2,80,24,80,29,95
235/75R17.5,MO2,80,24,80,29,95
235/75R17.5,MO2,80,24,80,29,95
235/75R17.5,MO2,80,24,80,29,95
235/75R17.5,MO2,80,24,80,29,95
235/75R17.5,MO2,80,24,80,29,95
235/75R17.5,MO5,80,24,80,29,95
235/75R17.5,MO5,80,24,80,29,95
235/75R17.5,MO5,80,24,80,29,95
235/75R17.5,MO5,80,24,80,29,95
235/75R17.5,MO5,80,24,80,29,95
235/75R17.5,MO5,80,24,80,29,95
235/75R17.5,MO5,80,24,80,29,95
235/75R17.5,MO5,80,24,80,29,95
235/75R17.5,MO5,80,24,80,29,95
235/75R17.5,MO5,80,24,80,29,95
235/75R17.5,MO5,80,24,80,29,95
235/75R17.5,MO5,80,24,80,29,95
235/75R17.5,MO5,80,24,80,29,95
235/75R17.5,MO5,80,24,80,29,95
235/75R17.5,MO5,80,24,80,29,95
235/75R17.5,MO5,80,24,80,29,95
235/75R17.5,MO5,80,24,80,29,95
235/75R17.5,MO5,80,24,80,29,95
235/75R17.5,MO5,80,24,80,29,95
235/75R17.5,MO5,80,24,80,29,95
235/75R17.5,MO5,80,24,80,29,95
235/75R17.5,MO5,80,24,80,29,95
235/75R17.5,MO5,80,24,80,29,95
235/75R17.5,MO5,80,24,80,29,95
235/75R17.5,MO5,80,24,80,29,95
235/75R17.5,MO5,80,24,80,29,95
235/75R17.5,MO5,80,24,80,29,95
235/75R17.5,MO5,80,24,80,29,95
235/75R17.5,MO5,80,24,80,29,95
235/75R17.5,MO5,80,24,80,29,95
235/75R17.5,MO5,80,24,80,29,95
235/75R17.5,MO5,80,24,80,29,95
235/75R17.5,MO5,80,24,80,29,95
235/75R17.5,MO5,80,24,80,29,95
235/75R17.5,MO5,80,24,80,29,95
235/75R17.5,MO5,80,24,80,29,95
235/75R17.5,MO5,80,24,80,29,95
235/75R17.5,MO5,80,24,80,29,95
235/75R17.5,MO5,80,24,80,29,95
235/75R17.5,MO5,80,24,80,29,95
235/75R17.5,MO5,80,24,80,29,95
235/75R17.5,MO5,80,24,80,29,95
235/75R17.5,MO5,80,24,80,29,95
235/75R17.5,MO5,80,24,80,29,95
235/75R17.5,MO5,80,24,80,29,95
235/75R17.5,MO4,80,24,80,29,95
235/75R17.5,MO4,80,24,80,29,95
235/75R17.5,MO4,80,24,80,29,95
235/75R17.5,MO4,80,24,80,29,95
235/75R17.5,MO4,80,24,80,29,95
235/75R17.5,MO4,80,24,80,29,95
235/75R17.5,MO4,80,24,80,29,95
235/75R17.5,MO4,80,24,80,29,95
235/75R17.5,MO1,80,24,80,29,95
235/75R17.5,MO1,80,24,80,29,95
23x10-12,MO2,59,26,59,31,74
23x10-12,MO2,59,26,59,31,74
23x10.50-12,MO2,59,27,59,32,74
23x10.50-12,MO3,59,27,59,32,74
23x10.50-12,MO3,59,27,59,32,74
23x10.50-12,MO3,59,27,59,32,74
23x10.50-12,MO8,59,27,59,32,74
23x10.50-12,MO8,59,27,59,32,74
23x10.50-12,MO8,59,27,59,32,74
23x10.50-12,MO8,59,27,59,32,74
23x10.50-12,MO8,59,27,59,32,74
23x12.50-12,MO8,59,32,59,37,74
23x5,MO3,59,13,59,18,74
23x5,MO5,59,13,59,18,74
23x5,MO5,59,13,59,18,74
23x5,MO4,59,13,59,18,74
23x5,MO4,59,13,59,18,74
23x5,MO8,59,13,59,18,74
23x5-13,MO3,59,13,59,18,74
23x8.50-12,MO2,59,22,59,27,74
23x8.50-12,MO3,59,22,59,27,74
23x8.50-12,MO3,59,22,59,27,74
23x8.50-12,MO3,59,22,59,27,74
23x8.50-12,MO3,59,22,59,27,74
23x8.50-12,MO3,59,22,59,27,74
23x8.50-12,MO5,59,22,59,27,74
23x8.50-12,MO5,59,22,59,27,74
23x8.50-12,MO5,59,22,59,27,74
23x8.50-12,MO4,59,22,59,27,74
23x8.50-12,MO4,59,22,59,27,74
23x8.50-12,MO8,59,22,59,27,74
23x8.50-12,MO8,59,22,59,27,74
23x8.50-12,MO8,59,22,59,27,74
23x8.50-12,MO8,59,22,59,27,74
23x8.50-12,MO8,59,22,59,27,74
23x9-10,MO2,59,23,59,28,74
23x9-10,MO2,59,23,59,28,74
23x9-10,MO2,59,23,59,28,74
23x9-10,MO2,59,23,59,28,74
23x9-10,MO2,59,23,59,28,74
23x9-10,MO2,59,23,59,28,74
23x9-10,MO2,59,23,59,28,74
23x9-10,MO2,59,23,59,28,74
23x9-10,MO2,59,23,59,28,74
23x9-10,MO10,59,23,59,28,74
24.5-32,MO7,185,63,185,68,200
24.5-32,MO8,185,63,185,68,200
240/60R12,MO3,60,24,60,29,75
240/60R12,MO1,60,24,60,29,75
240/70R16,MO2,75,24,75,29,90
240/70R16,MO3,75,24,75,29,90
240/70R16,MO5,75,24,75,29,90
240/70R16,MO1,75,24,75,29,90
240/70R16,MO8,75,24,75,29,90
245/70R17.5,MO2,79,25,79,30,94
245/70R17.5,MO2,79,25,79,30,94
245/70R17.5,MO2,79,25,79,30,94
245/70R17.5,MO2,79,25,79,30,94
245/70R17.5,MO2,79,25,79,30,94
245/70R17.5,MO2,79,25,79,30,94
245/70R17.5,MO2,79,25,79,30,94
245/70R17.5,MO2,79,25,79,30,94
245/70R17.5,MO2,79,25,79,30,94
245/70R17.5,MO2,79,25,79,30,94
245/70R17.5,MO2,79,25,79,30,94
245/70R17.5,MO2,79,25,79,30,94
245/70R17.5,MO2,79,25,79,30,94
245/70R17.5,MO2,79,25,79,30,94
245/70R17.5,MO2,79,25,79,30,94
245/70R17.5,MO2,79,25,79,30,94
245/70R17.5,MO2,79,25,79,30,94
245/70R17.5,MO2,79,25,79,30,94
245/70R17.5,MO2,79,25,79,30,94
245/70R17.5,MO2,79,25,79,30,94
245/70R17.5,MO5,79,25,79,30,94
245/70R17.5,MO5,79,25,79,30,94
245/70R17.5,MO5,79,25,79,30,94
245/70R17.5,MO5,79,25,79,30,94
245/70R17.5,MO5,79,25,79,30,94
245/70R17.5,MO5,79,25,79,30,94
245/70R17.5,MO5,79,25,79,30,94
245/70R17.5,MO5,79,25,79,30,94
245/70R17.5,MO5,79,25,79,30,94
245/70R17.5,MO5,79,25,79,30,94
245/70R17.5,MO5,79,25,79,30,94
245/70R17.5,MO5,79,25,79,30,94
245/70R17.5,MO5,79,25,79,30,94
245/70R17.5,MO5,79,25,79,30,94
245/70R17.5,MO5,79,25,79,30,94
245/70R17.5,MO5,79,25,79,30,94
245/70R17.5,MO5,79,25,79,30,94
245/70R17.5,MO5,79,25,79,30,94
245/70R17.5,MO5,79,25,79,30,94
245/70R17.5,MO5,79,25,79,30,94
245/70R17.5,MO5,79,25,79,30,94
245/70R17.5,MO5,79,25,79,30,94
245/70R17.5,MO5,79,25,79,30,94
245/70R17.5,MO5,79,25,79,30,94
245/70R17.5,MO5,79,25,79,30,94
245/70R17.5,MO5,79,25,79,30,94
245/70R17.5,MO5,79,25,79,30,94
245/70R17.5,MO5,79,25,79,30,94
245/70R17.5,MO5,79,25,79,30,94
245/70R17.5,MO5,79,25,79,30,94
245/70R17.5,MO5,79,25,79,30,94
245/70R17.5,MO4,79,25,79,30,94
245/70R17.5,MO4,79,25,79,30,94
245/70R17.5,MO4,79,25,79,30,94
245/70R17.5,MO4,79,25,79,30,94
245/70R17.5,MO4,79,25,79,30,94
245/70R19.5,MO2,84,25,84,30,99
245/70R19.5,MO2,84,25,84,30,99
245/70R19.5,MO2,84,25,84,30,99
245/70R19.5,MO2,84,25,84,30,99
245/70R19.5,MO2,84,25,84,30,99
245/70R19.5,MO2,84,25,84,30,99
245/70R19.5,MO2,84,25,84,30,99
245/70R19.5,MO5,84,25,84,30,99
245/70R19.5,MO5,84,25,84,30,99
245/70R19.5,MO5,84,25,84,30,99
245/70R19.5,MO5,84,25,84,30,99
245/70R19.5,MO5,84,25,84,30,99
245/70R19.5,MO5,84,25,84,30,99
245/70R19.5,MO5,84,25,84,30,99
245/70R19.5,MO5,84,25,84,30,99
245/70R19.5,MO5,84,25,84,30,99
245/70R19.5,MO5,84,25,84,30,99
245/70R19.5,MO5,84,25,84,30,99
245/70R19.5,MO5,84,25,84,30,99
245/70R19.5,MO5,84,25,84,30,99
245/70R19.5,MO5,84,25,84,30,99
245/70R19.5,MO5,84,25,84,30,99
245/70R19.5,MO5,84,25,84,30,99
245/70R19.5,MO5,84,25,84,30,99
245/70R19.5,MO5,84,25,84,30,99
245/70R19.5,MO5,84,25,84,30,99
245/70R19.5,MO5,84,25,84,30,99
245/70R19.5,MO5,84,25,84,30,99
245/70R19.5,MO5,84,25,84,30,99
245/70R19.5,MO5,84,25,84,30,99
245/70R19.5,MO5,84,25,84,30,99
245/70R19.5,MO5,84,25,84,30,99
245/70R19.5,MO5,84,25,84,30,99
245/70R19.5,MO4,84,25,84,30,99
245/70R19.5,MO4,84,25,84,30,99
24x12.00-12,MO1,61,31,61,36,76
24x8.50-14,MO3,61,22,61,27,76
24x8.50-14,MO3,61,22,61,27,76
24x9.50-14,MO3,61,25,61,30,76
250-15,MO2,80,25,80,30,95
250-15,MO2,80,25,80,30,95
250-15,MO2,80,25,80,30,95
250-15,MO2,80,25,80,30,95
250-15,MO2,80,25,80,30,95
250-15,MO2,80,25,80,30,95
250-15,MO2,80,25,80,30,95
250-15,MO2,80,25,80,30,95
250-15,MO2,80,25,80,30,95
250-15,MO2,80,25,80,30,95
250-15,MO1,80,25,80,30,95
250-15,MO10,80,25,80,30,95
250/50-10,MO8,51,25,51,30,66
250/60-12,MO2,61,25,61,30,76
250/65-14.5,MO3,70,25,70,30,85
250/75R16,MO7,79,25,79,30,94
250/75R16,MO7,79,25,79,30,94
250/80-16,MO8,81,25,81,30,96
250/80-18,MO8,86,25,86,30,101
250/80R16,MO7,81,25,81,30,96
250/80R16,MO7,81,25,81,30,96
250/80R16,MO1,81,25,81,30,96
250/85R20,MO1,94,25,94,30,109
250/85R24,MO3,104,25,104,30,119
250/85R24,MO3,104,25,104,30,119
250/85R24,MO3,104,25,104,30,119
250/85R24,MO1,104,25,104,30,119
250/85R24,MO8,104,25,104,30,119
250/85R28,MO3,114,25,114,30,129
250/85R28,MO1,114,25,114,30,129
255/100R16,MO2,92,26,92,31,107
255/100R16,MO5,92,26,92,31,107
255/70R22.5,MO2,93,26,93,31,108
25x10.50-15,MO2,64,27,64,32,79
25x8.50-14,MO2,64,22,64,27,79
25x8.50-14,MO3,64,22,64,27,79
25x8.50-14,MO3,64,22,64,27,79
26.5-25,MO7,176,68,176,73,191
26.5-25,MO2,176,68,176,73,191
26.5-25,MO2,176,68,176,73,191
26.5-25,MO1,176,68,176,73,191
26.5-26,MO7,178,68,178,73,193
26.5R25,MO7,176,68,176,73,191
26.5R25,MO2,176,68,176,73,191
26.5R25,MO2,176,68,176,73,191
26.5R25,MO2,176,68,176,73,191
26.5R25,MO5,176,68,176,73,191
26.5R25,MO5,176,68,176,73,191
26.5R25,MO1,176,68,176,73,191
26.5R25,MO1,176,68,176,73,191
260/70-15.3,MO8,76,26,76,31,91
260/70-15.3,MO8,76,26,76,31,91
260/70-16,MO8,78,26,78,31,93
260/70R16,MO2,78,26,78,31,93
260/70R16,MO3,78,26,78,31,93
260/70R16,MO3,78,26,78,31,93
260/70R16,MO3,78,26,78,31,93
260/70R16,MO5,78,26,78,31,93
260/70R16,MO8,78,26,78,31,93
260/70R16,MO8,78,26,78,31,93
260/70R20,MO5,88,26,88,31,103
260/70R20,MO1,88,26,88,31,103
260/90-13,MO8,80,26,80,31,95
265/70R16.5,MO1,80,27,80,32,95
265/70R17.5,MO2,82,27,82,32,97
265/70R17.5,MO2,82,27,82,32,97
265/70R17.5,MO2,82,27,82,32,97
265/70R17.5,MO2,82,27,82,32,97
265/70R17.5,MO2,82,27,82,32,97
265/70R17.5,MO2,82,27,82,32,97
265/70R17.5,MO2,82,27,82,32,97
265/70R17.5,MO2,82,27,82,32,97
265/70R17.5,MO2,82,27,82,32,97
265/70R17.5,MO2,82,27,82,32,97
265/70R17.5,MO5,82,27,82,32,97
265/70R17.5,MO5,82,27,82,32,97
265/70R17.5,MO5,82,27,82,32,97
265/70R17.5,MO5,82,27,82,32,97
265/70R17.5,MO5,82,27,82,32,97
265/70R17.5,MO5,82,27,82,32,97
265/70R17.5,MO5,82,27,82,32,97
265/70R17.5,MO5,82,27,82,32,97
265/70R17.5,MO5,82,27,82,32,97
265/70R17.5,MO5,82,27,82,32,97
265/70R17.5,MO5,82,27,82,32,97
265/70R17.5,MO5,82,27,82,32,97
265/70R17.5,MO5,82,27,82,32,97
265/70R17.5,MO4,82,27,82,32,97
265/70R17.5,MO4,82,27,82,32,97
265/70R17.5,MO4,82,27,82,32,97
265/70R17.5,MO4,82,27,82,32,97
265/70R19.5,MO2,87,27,87,32,102
265/70R19.5,MO2,87,27,87,32,102
265/70R19.5,MO2,87,27,87,32,102
265/70R19.5,MO2,87,27,87,32,102
265/70R19.5,MO2,87,27,87,32,102
265/70R19.5,MO2,87,27,87,32,102
265/70R19.5,MO2,87,27,87,32,102
265/70R19.5,MO2,87,27,87,32,102
265/70R19.5,MO2,87,27,87,32,102
265/70R19.5,MO2,87,27,87,32,102
265/70R19.5,MO2,87,27,87,32,102
265/70R19.5,MO2,87,27,87,32,102
265/70R19.5,MO2,87,27,87,32,102
265/70R19.5,MO2,87,27,87,32,102
265/70R19.5,MO2,87,27,87,32,102
265/70R19.5,MO2,87,27,87,32,102
265/70R19.5,MO2,87,27,87,32,102
265/70R19.5,MO2,87,27,87,32,102
265/70R19.5,MO2,87,27,87,32,102
265/70R19.5,MO2,87,27,87,32,102
265/70R19.5,MO2,87,27,87,32,102
265/70R19.5,MO2,87,27,87,32,102
265/70R19.5,MO2,87,27,87,32,102
265/70R19.5,MO2,87,27,87,32,102
265/70R19.5,MO2,87,27,87,32,102
265/70R19.5,MO5,87,27,87,32,102
265/70R19.5,MO5,87,27,87,32,102
265/70R19.5,MO5,87,27,87,32,102
265/70R19.5,MO5,87,27,87,32,102
265/70R19.5,MO5,87,27,87,32,102
265/70R19.5,MO5,87,27,87,32,102
265/70R19.5,MO5,87,27,87,32,102
265/70R19.5,MO5,87,27,87,32,102
265/70R19.5,MO5,87,27,87,32,102
265/70R19.5,MO5,87,27,87,32,102
265/70R19.5,MO5,87,27,87,32,102
265/70R19.5,MO5,87,27,87,32,102
265/70R19.5,MO5,87,27,87,32,102
265/70R19.5,MO5,87,27,87,32,102
265/70R19.5,MO5,87,27,87,32,102
265/70R19.5,MO5,87,27,87,32,102
265/70R19.5,MO5,87,27,87,32,102
265/70R19.5,MO5,87,27,87,32,102
265/70R19.5,MO5,87,27,87,32,102
265/70R19.5,MO5,87,27,87,32,102
265/70R19.5,MO5,87,27,87,32,102
265/70R19.5,MO5,87,27,87,32,102
265/70R19.5,MO5,87,27,87,32,102
265/70R19.5,MO5,87,27,87,32,102
265/70R19.5,MO5,87,27,87,32,102
265/70R19.5,MO5,87,27,87,32,102
265/70R19.5,MO5,87,27,87,32,102
265/70R19.5,MO5,87,27,87,32,102
265/70R19.5,MO5,87,27,87,32,102
265/70R19.5,MO5,87,27,87,32,102
265/70R19.5,MO5,87,27,87,32,102
265/70R19.5,MO5,87,27,87,32,102
265/70R19.5,MO5,87,27,87,32,102
265/70R19.5,MO4,87,27,87,32,102
265/70R19.5,MO4,87,27,87,32,102
265/70R19.5,MO4,87,27,87,32,102
265/70R19.5,MO4,87,27,87,32,102
265/70R19.5,MO4,87,27,87,32,102
265/70R19.5,MO4,87,27,87,32,102
265/70R19.5,MO1,87,27,87,32,102
265/70R19.5,MO1,87,27,87,32,102
265/70R19.5,MO5,87,27,87,32,102
26x12.00-12,MO2,67,31,67,36,82
26x12.00-12,MO3,67,31,67,36,82
26x12.00-12,MO3,67,31,67,36,82
26x12.00-12,MO3,67,31,67,36,82
26x12.00-12,MO3,67,31,67,36,82
26x12.00-12,MO1,67,31,67,36,82
26x12.00-12,MO1,67,31,67,36,82
26x12.00-12,MO8,67,31,67,36,82
26x12.00-12,MO8,67,31,67,36,82
26x12.00-12,MO8,67,31,67,36,82
26x12.00-12,MO8,67,31,67,36,82
26x12.00-16,MO3,67,31,67,36,82
270/80R32,MO2,125,27,125,32,140
270/80R32,MO3,125,27,125,32,140
270/80R32,MO3,125,27,125,32,140
270/80R36,MO2,135,27,135,32,150
270/95R32,MO3,133,27,133,32,148
270/95R32,MO3,133,27,133,32,148
270/95R32,MO3,133,27,133,32,148
270/95R32,MO3,133,27,133,32,148
270/95R32,MO3,133,27,133,32,148
270/95R32,MO3,133,27,133,32,148
270/95R32,MO3,133,27,133,32,148
270/95R32,MO3,133,27,133,32,148
270/95R32,MO3,133,27,133,32,148
270/95R32,MO5,133,27,133,32,148
270/95R32,MO5,133,27,133,32,148
270/95R32,MO1,133,27,133,32,148
270/95R32,MO10,133,27,133,32,148
270/95R32,MO8,133,27,133,32,148
270/95R36,MO3,143,27,143,32,158
270/95R36,MO5,143,27,143,32,158
270/95R36,MO5,143,27,143,32,158
270/95R36,MO1,143,27,143,32,158
270/95R36,MO1,143,27,143,32,158
270/95R38,MO3,148,27,148,32,163
270/95R38,MO3,148,27,148,32,163
270/95R38,MO3,148,27,148,32,163
270/95R38,MO3,148,27,148,32,163
270/95R38,MO3,148,27,148,32,163
270/95R38,MO3,148,27,148,32,163
270/95R38,MO3,148,27,148,32,163
270/95R38,MO1,148,27,148,32,163
270/95R38,MO1,148,27,148,32,163
270/95R38,MO8,148,27,148,32,163
270/95R42,MO3,158,27,158,32,173
270/95R42,MO3,158,27,158,32,173
270/95R42,MO3,158,27,158,32,173
270/95R42,MO1,158,27,158,32,173
270/95R44,MO3,164,27,164,32,179
270/95R44,MO1,164,27,164,32,179
270/95R44,MO8,164,27,164,32,179
270/95R46,MO1,169,27,169,32,184
270/95R48,MO3,174,27,174,32,189
270/95R48,MO3,174,27,174,32,189
270/95R48,MO3,174,27,174,32,189
270/95R48,MO3,174,27,174,32,189
270/95R48,MO5,174,27,174,32,189
270/95R48,MO1,174,27,174,32,189
270/95R48,MO8,174,27,174,32,189
270/95R54,MO3,189,27,189,32,204
275/70R22.5,MO2,96,28,96,33,111
275/70R22.5,MO2,96,28,96,33,111
275/70R22.5,MO2,96,28,96,33,111
275/70R22.5,MO2,96,28,96,33,111
275/70R22.5,MO5,96,28,96,33,111
275/70R22.5,MO5,96,28,96,33,111
275/70R22.5,MO5,96,28,96,33,111
275/70R22.5,MO5,96,28,96,33,111
275/70R22.5,MO5,96,28,96,33,111
275/70R22.5,MO5,96,28,96,33,111
275/70R22.5,MO5,96,28,96,33,111
275/70R22.5,MO5,96,28,96,33,111
275/70R22.5,MO5,96,28,96,33,111
275/70R22.5,MO5,96,28,96,33,111
275/70R22.5,MO5,96,28,96,33,111
275/70R22.5,MO4,96,28,96,33,111
275/70R22.5,MO4,96,28,96,33,111
275/70R22.5,MO4,96,28,96,33,111
275/80R22.5,MO2,102,28,102,33,117
27x10-12,MO2,69,26,69,31,84
27x10-12,MO2,69,26,69,31,84
27x10-12,MO2,69,26,69,31,84
27x10-12,MO2,69,26,69,31,84
27x10-12,MO2,69,26,69,31,84
27x10-12,MO2,69,26,69,31,84
27x10-12,MO2,69,26,69,31,84
27x10-12,MO2,69,26,69,31,84
27x10.50-15,MO2,69,27,69,32,84
27x10.50-15,MO3,69,27,69,32,84
27x10.50-15,MO3,69,27,69,32,84
27x10.50-15,MO3,69,27,69,32,84
27x8.50-15,MO2,69,22,69,27,84
27x8.50-15,MO2,69,22,69,27,84
27x8.50-15,MO5,69,22,69,27,84
28-26,MO2,185,72,185,77,200
28-26,MO2,185,72,185,77,200
280/60-15.5,MO5,73,28,73,33,88
280/60-15.5,MO5,73,28,73,33,88
280/60-15.5,MO8,73,28,73,33,88
280/60-15.5,MO8,73,28,73,33,88
280/60-15.5,MO8,73,28,73,33,88
280/70R16,MO2,80,28,80,33,95
280/70R16,MO2,80,28,80,33,95
280/70R16,MO5,80,28,80,33,95
280/70R16,MO1,80,28,80,33,95
280/70R16,MO1,80,28,80,33,95
280/70R16,MO1,80,28,80,33,95
280/70R16,MO8,80,28,80,33,95
280/70R16,MO8,80,28,80,33,95
280/70R16,MO8,80,28,80,33,95
280/70R18,MO2,85,28,85,33,100
280/70R18,MO2,85,28,85,33,100
280/70R18,MO2,85,28,85,33,100
280/70R18,MO3,85,28,85,33,100
280/70R18,MO5,85,28,85,33,100
280/70R18,MO5,85,28,85,33,100
280/70R18,MO1,85,28,85,33,100
280/70R18,MO1,85,28,85,33,100
280/70R18,MO8,85,28,85,33,100
280/70R18,MO8,85,28,85,33,100
280/70R20,MO2,90,28,90,33,105
280/70R20,MO2,90,28,90,33,105
280/70R20,MO5,90,28,90,33,105
280/70R20,MO1,90,28,90,33,105
280/70R20,MO10,90,28,90,33,105
280/70R20,MO8,90,28,90,33,105
280/70R20,MO8,90,28,90,33,105
280/80-18,MO2,91,28,91,33,106
280/80-18,MO1,91,28,91,33,106
280/80-20,MO2,96,28,96,33,111
280/85R20,MO3,99,28,99,33,114
280/85R20,MO5,99,28,99,33,114
280/85R20,MO5,99,28,99,33,114
280/85R20,MO5,99,28,99,33,114
280/85R20,MO1,99,28,99,33,114
280/85R20,MO8,99,28,99,33,114
280/85R24,MO3,109,28,109,33,124
280/85R24,MO3,109,28,109,33,124
280/85R24,MO3,109,28,109,33,124
280/85R24,MO3,109,28,109,33,124
280/85R24,MO5,109,28,109,33,124
280/85R24,MO5,109,28,109,33,124
280/85R24,MO5,109,28,109,33,124
280/85R24,MO5,109,28,109,33,124
280/85R24,MO5,109,28,109,33,124
280/85R24,MO5,109,28,109,33,124
280/85R24,MO5,109,28,109,33,124
280/85R24,MO10,109,28,109,33,124
280/85R24,MO10,109,28,109,33,124
280/85R24,MO8,109,28,109,33,124
280/85R28,MO2,119,28,119,33,134
280/85R28,MO3,119,28,119,33,134
280/85R28,MO3,119,28,119,33,134
280/85R28,MO3,119,28,119,33,134
280/85R28,MO3,119,28,119,33,134
280/85R28,MO5,119,28,119,33,134
280/85R28,MO5,119,28,119,33,134
280/85R28,MO5,119,28,119,33,134
280/85R28,MO5,119,28,119,33,134
280/85R28,MO5,119,28,119,33,134
280/85R28,MO10,119,28,119,33,134
280/85R28,MO8,119,28,119,33,134
285/70R19.5,MO2,90,29,90,34,105
285/70R19.5,MO2,90,29,90,34,105
285/70R19.5,MO2,90,29,90,34,105
285/70R19.5,MO2,90,29,90,34,105
285/70R19.5,MO2,90,29,90,34,105
285/70R19.5,MO2,90,29,90,34,105
285/70R19.5,MO2,90,29,90,34,105
285/70R19.5,MO2,90,29,90,34,105
285/70R19.5,MO2,90,29,90,34,105
285/70R19.5,MO2,90,29,90,34,105
285/70R19.5,MO2,90,29,90,34,105
285/70R19.5,MO2,90,29,90,34,105
285/70R19.5,MO2,90,29,90,34,105
285/70R19.5,MO2,90,29,90,34,105
285/70R19.5,MO5,90,29,90,34,105
285/70R19.5,MO5,90,29,90,34,105
285/70R19.5,MO5,90,29,90,34,105
285/70R19.5,MO5,90,29,90,34,105
285/70R19.5,MO5,90,29,90,34,105
285/70R19.5,MO5,90,29,90,34,105
285/70R19.5,MO5,90,29,90,34,105
285/70R19.5,MO5,90,29,90,34,105
285/70R19.5,MO5,90,29,90,34,105
285/70R19.5,MO5,90,29,90,34,105
285/70R19.5,MO5,90,29,90,34,105
285/70R19.5,MO5,90,29,90,34,105
285/70R19.5,MO5,90,29,90,34,105
285/70R19.5,MO5,90,29,90,34,105
285/70R19.5,MO5,90,29,90,34,105
285/70R19.5,MO5,90,29,90,34,105
285/70R19.5,MO5,90,29,90,34,105
285/70R19.5,MO5,90,29,90,34,105
285/70R19.5,MO5,90,29,90,34,105
285/70R19.5,MO5,90,29,90,34,105
285/70R19.5,MO5,90,29,90,34,105
285/70R19.5,MO5,90,29,90,34,105
285/70R19.5,MO5,90,29,90,34,105
285/70R19.5,MO5,90,29,90,34,105
285/70R19.5,MO5,90,29,90,34,105
285/70R19.5,MO5,90,29,90,34,105
285/70R19.5,MO5,90,29,90,34,105
285/70R19.5,MO5,90,29,90,34,105
285/70R19.5,MO5,90,29,90,34,105
285/70R19.5,MO4,90,29,90,34,105
285/70R19.5,MO4,90,29,90,34,105
285/70R19.5,MO4,90,29,90,34,105
285/70R19.5,MO4,90,29,90,34,105
28L-26,MO7,185,72,185,77,200
28L-26,MO7,185,72,185,77,200
28L-26,MO2,185,72,185,77,200
28L-26,MO2,185,72,185,77,200
28L-26,MO1,185,72,185,77,200
28L-26,MO1,185,72,185,77,200
28L-26,MO1,185,72,185,77,200
28L-26,MO8,185,72,185,77,200
28L-26,MO8,185,72,185,77,200
28R26,MO2,185,72,185,77,200
28R26,MO2,185,72,185,77,200
28R26,MO2,185,72,185,77,200
28x9-15,MO2,72,23,72,28,87
28x9-15,MO2,72,23,72,28,87
28x9-15,MO2,72,23,72,28,87
28x9-15,MO3,72,23,72,28,87
28x9-15,MO1,72,23,72,28,87
28x9.00-15,MO2,72,23,72,28,87
29.5-29,MO7,199,75,199,80,214
29.5R25,MO7,188,75,188,80,203
29.5R25,MO2,188,75,188,80,203
295/55R22.5,MO2,90,30,90,35,105
295/55R22.5,MO5,90,30,90,35,105
295/55R22.5,MO5,90,30,90,35,105
295/60R22.5,MO2,93,30,93,35,108
295/60R22.5,MO2,93,30,93,35,108
295/60R22.5,MO2,93,30,93,35,108
295/60R22.5,MO2,93,30,93,35,108
295/60R22.5,MO2,93,30,93,35,108
295/60R22.5,MO2,93,30,93,35,108
295/60R22.5,MO2,93,30,93,35,108
295/60R22.5,MO2,93,30,93,35,108
295/60R22.5,MO2,93,30,93,35,108
295/60R22.5,MO2,93,30,93,35,108
295/60R22.5,MO2,93,30,93,35,108
295/60R22.5,MO2,93,30,93,35,108
295/60R22.5,MO2,93,30,93,35,108
295/60R22.5,MO2,93,30,93,35,108
295/60R22.5,MO2,93,30,93,35,108
295/60R22.5,MO2,93,30,93,35,108
295/60R22.5,MO2,93,30,93,35,108
295/60R22.5,MO2,93,30,93,35,108
295/60R22.5,MO2,93,30,93,35,108
295/60R22.5,MO2,93,30,93,35,108
295/60R22.5,MO2,93,30,93,35,108
295/60R22.5,MO2,93,30,93,35,108
295/60R22.5,MO5,93,30,93,35,108
295/60R22.5,MO5,93,30,93,35,108
295/60R22.5,MO5,93,30,93,35,108
295/60R22.5,MO5,93,30,93,35,108
295/60R22.5,MO5,93,30,93,35,108
295/60R22.5,MO5,93,30,93,35,108
295/60R22.5,MO5,93,30,93,35,108
295/60R22.5,MO5,93,30,93,35,108
295/60R22.5,MO5,93,30,93,35,108
295/60R22.5,MO5,93,30,93,35,108
295/60R22.5,MO5,93,30,93,35,108
295/60R22.5,MO5,93,30,93,35,108
295/60R22.5,MO5,93,30,93,35,108
295/60R22.5,MO5,93,30,93,35,108
295/60R22.5,MO5,93,30,93,35,108
295/60R22.5,MO5,93,30,93,35,108
295/60R22.5,MO5,93,30,93,35,108
295/60R22.5,MO5,93,30,93,35,108
295/60R22.5,MO5,93,30,93,35,108
295/60R22.5,MO5,93,30,93,35,108
295/60R22.5,MO5,93,30,93,35,108
295/60R22.5,MO5,93,30,93,35,108
295/60R22.5,MO5,93,30,93,35,108
295/60R22.5,MO5,93,30,93,35,108
295/60R22.5,MO5,93,30,93,35,108
295/60R22.5,MO5,93,30,93,35,108
295/60R22.5,MO5,93,30,93,35,108
295/60R22.5,MO5,93,30,93,35,108
295/60R22.5,MO5,93,30,93,35,108
295/60R22.5,MO5,93,30,93,35,108
295/60R22.5,MO5,93,30,93,35,108
295/60R22.5,MO5,93,30,93,35,108
295/60R22.5,MO4,93,30,93,35,108
295/60R22.5,MO4,93,30,93,35,108
295/60R22.5,MO4,93,30,93,35,108
295/60R22.5,MO4,93,30,93,35,108
295/60R22.5,MO4,93,30,93,35,108
295/60R22.5,MO4,93,30,93,35,108
295/60R22.5,MO4,93,30,93,35,108
295/60R22.5,MO4,93,30,93,35,108
295/60R22.5,MO4,93,30,93,35,108
295/60R22.5,MO4,93,30,93,35,108
295/80R22.5,MO2,105,30,105,35,120
295/80R22.5,MO2,105,30,105,35,120
295/80R22.5,MO2,105,30,105,35,120
295/80R22.5,MO2,105,30,105,35,120
295/80R22.5,MO2,105,30,105,35,120
295/80R22.5,MO2,105,30,105,35,120
295/80R22.5,MO2,105,30,105,35,120
295/80R22.5,MO2,105,30,105,35,120
295/80R22.5,MO2,105,30,105,35,120
295/80R22.5,MO2,105,30,105,35,120
295/80R22.5,MO2,105,30,105,35,120
295/80R22.5,MO2,105,30,105,35,120
295/80R22.5,MO2,105,30,105,35,120
295/80R22.5,MO2,105,30,105,35,120
295/80R22.5,MO2,105,30,105,35,120
295/80R22.5,MO2,105,30,105,35,120
295/80R22.5,MO2,105,30,105,35,120
295/80R22.5,MO2,105,30,105,35,120
295/80R22.5,MO2,105,30,105,35,120
295/80R22.5,MO2,105,30,105,35,120
295/80R22.5,MO2,105,30,105,35,120
295/80R22.5,MO2,105,30,105,35,120
295/80R22.5,MO5,105,30,105,35,120
295/80R22.5,MO5,105,30,105,35,120
295/80R22.5,MO5,105,30,105,35,120
295/80R22.5,MO5,105,30,105,35,120
295/80R22.5,MO5,105,30,105,35,120
295/80R22.5,MO5,105,30,105,35,120
295/80R22.5,MO5,105,30,105,35,120
295/80R22.5,MO5,105,30,105,35,120
295/80R22.5,MO5,105,30,105,35,120
295/80R22.5,MO5,105,30,105,35,120
295/80R22.5,MO5,105,30,105,35,120
295/80R22.5,MO5,105,30,105,35,120
295/80R22.5,MO5,105,30,105,35,120
295/80R22.5,MO5,105,30,105,35,120
295/80R22.5,MO5,105,30,105,35,120
295/80R22.5,MO5,105,30,105,35,120
295/80R22.5,MO5,105,30,105,35,120
295/80R22.5,MO5,105,30,105,35,120
295/80R22.5,MO5,105,30,105,35,120
295/80R22.5,MO5,105,30,105,35,120
295/80R22.5,MO5,105,30,105,35,120
295/80R22.5,MO5,105,30,105,35,120
295/80R22.5,MO5,105,30,105,35,120
295/80R22.5,MO5,105,30,105,35,120
295/80R22.5,MO5,105,30,105,35,120
295/80R22.5,MO5,105,30,105,35,120
295/80R22.5,MO5,105,30,105,35,120
295/80R22.5,MO5,105,30,105,35,120
295/80R22.5,MO5,105,30,105,35,120
295/80R22.5,MO5,105,30,105,35,120
295/80R22.5,MO5,105,30,105,35,120
295/80R22.5,MO5,105,30,105,35,120
295/80R22.5,MO5,105,30,105,35,120
295/80R22.5,MO5,105,30,105,35,120
295/80R22.5,MO5,105,30,105,35,120
295/80R22.5,MO5,105,30,105,35,120
295/80R22.5,MO5,105,30,105,35,120
295/80R22.5,MO5,105,30,105,35,120
295/80R22.5,MO5,105,30,105,35,120
295/80R22.5,MO5,105,30,105,35,120
295/80R22.5,MO5,105,30,105,35,120
295/80R22.5,MO5,105,30,105,35,120
295/80R22.5,MO5,105,30,105,35,120
295/80R22.5,MO5,105,30,105,35,120
295/80R22.5,MO5,105,30,105,35,120
295/80R22.5,MO5,105,30,105,35,120
295/80R22.5,MO5,105,30,105,35,120
295/80R22.5,MO5,105,30,105,35,120
295/80R22.5,MO5,105,30,105,35,120
295/80R22.5,MO5,105,30,105,35,120
295/80R22.5,MO5,105,30,105,35,120
295/80R22.5,MO4,105,30,105,35,120
295/80R22.5,MO4,105,30,105,35,120
295/80R22.5,MO4,105,30,105,35,120
295/80R22.5,MO4,105,30,105,35,120
295/80R22.5,MO4,105,30,105,35,120
295/80R22.5,MO4,105,30,105,35,120
295/80R22.5,MO4,105,30,105,35,120
295/80R22.5,MO4,105,30,105,35,120
295/80R22.5,MO4,105,30,105,35,120
295/80R22.5,MO4,105,30,105,35,120
29x12.50-15,MO3,74,32,74,37,89
29x12.50-15,MO5,74,32,74,37,89
29x12.50-15,MO8,74,32,74,37,89
29x12.50-15,MO8,74,32,74,37,89
29x13.50-15,MO8,74,35,74,40,89
3.00-4,MO5,23,8,23,13,38
3.00-4,MO5,23,8,23,13,38
3.00-4,MO5,23,8,23,13,38
3.00-4,MO4,23,8,23,13,38
3.00-4,MO4,23,8,23,13,38
3.00-4,MO8,23,8,23,13,38
3.00-4,MO8,23,8,23,13,38
3.00-4,MO8,23,8,23,13,38
3.00-4,MO8,23,8,23,13,38
3.00-8,MO8,33,8,33,13,48
3.50-6,MO5,30,9,30,14,45
3.50-6,MO5,30,9,30,14,45
3.50-6,MO4,30,9,30,14,45
3.50-6,MO8,30,9,30,14,45
3.50-6,MO8,30,9,30,14,45
3.50-8,MO5,36,9,36,14,51
3.50-8,MO5,36,9,36,14,51
3.50-8,MO5,36,9,36,14,51
3.50-8,MO5,36,9,36,14,51
3.50-8,MO5,36,9,36,14,51
3.50-8,MO4,36,9,36,14,51
3.50-8,MO4,36,9,36,14,51
3.50-8,MO4,36,9,36,14,51
3.50-8,MO8,36,9,36,14,51
3.50-8,MO8,36,9,36,14,51
3.50-8,MO8,36,9,36,14,51
3.50-8,MO8,36,9,36,14,51
30.5L-32,MO7,210,78,210,83,225
30.5L-32,MO7,210,78,210,83,225
30.5L-32,MO8,210,78,210,83,225
30.5L-32,MO8,210,78,210,83,225
30.5L-32,MO8,210,78,210,83,225
300-15,MO2,88,30,88,35,103
300-15,MO2,88,30,88,35,103
300-15,MO2,88,30,88,35,103
300-15,MO2,88,30,88,35,103
300-15,MO2,88,30,88,35,103
300-15,MO2,88,30,88,35,103
300-15,MO2,88,30,88,35,103
300-15,MO2,88,30,88,35,103
300-15,MO1,88,30,88,35,103
300-15,MO1,88,30,88,35,103
300-15,MO10,88,30,88,35,103
300/65-12,MO8,70,30,70,35,85
300/70R20,MO2,93,30,93,35,108
300/70R20,MO3,93,30,93,35,108
300/70R20,MO1,93,30,93,35,108
300/70R20,MO8,93,30,93,35,108
300/75R18,MO2,91,30,91,35,106
300/75R18,MO1,91,30,91,35,106
300/80-15.3,MO3,87,30,87,35,102
300/80-15.3,MO8,87,30,87,35,102
300/80-15.3,MO8,87,30,87,35,102
300/80-15.3,MO8,87,30,87,35,102
300/80-15.3,MO8,87,30,87,35,102
300/80R24,MO7,109,30,109,35,124
300/80R24,MO7,109,30,109,35,124
300/85R42,MO3,158,30,158,35,173
300/90-24,MO2,115,30,115,35,130
300/95R42,MO3,164,30,164,35,179
300/95R42,MO3,164,30,164,35,179
300/95R42,MO3,164,30,164,35,179
300/95R46,MO3,174,30,174,35,189
300/95R46,MO3,174,30,174,35,189
300/95R46,MO3,174,30,174,35,189
300/95R46,MO3,174,30,174,35,189
300/95R46,MO3,174,30,174,35,189
300/95R46,MO3,174,30,174,35,189
300/95R46,MO5,174,30,174,35,189
300/95R46,MO1,174,30,174,35,189
300/95R46,MO1,174,30,174,35,189
300/95R46,MO1,174,30,174,35,189
300/95R46,MO10,174,30,174,35,189
300/95R46,MO8,174,30,174,35,189
300/95R52,MO2,190,30,190,35,205
300/95R52,MO3,190,30,190,35,205
300/95R52,MO3,190,30,190,35,205
300/95R52,MO3,190,30,190,35,205
300/95R52,MO3,190,30,190,35,205
300/95R52,MO3,190,30,190,35,205
300/95R52,MO3,190,30,190,35,205
300/95R52,MO1,190,30,190,35,205
300/95R52,MO1,190,30,190,35,205
300/95R52,MO1,190,30,190,35,205
300/95R52,MO8,190,30,190,35,205
305/70R19.5,MO2,93,31,93,36,108
305/70R19.5,MO2,93,31,93,36,108
305/70R19.5,MO2,93,31,93,36,108
305/70R19.5,MO2,93,31,93,36,108
305/70R19.5,MO5,93,31,93,36,108
305/70R19.5,MO5,93,31,93,36,108
305/70R19.5,MO5,93,31,93,36,108
305/70R19.5,MO5,93,31,93,36,108
305/70R19.5,MO5,93,31,93,36,108
305/70R19.5,MO5,93,31,93,36,108
305/70R19.5,MO4,93,31,93,36,108
305/70R22.5,MO5,100,31,100,36,115
305/70R22.5,MO5,100,31,100,36,115
305/70R22.5,MO5,100,31,100,36,115
305/70R22.5,MO5,100,31,100,36,115
315/60R22.5,MO7,95,32,95,37,110
315/60R22.5,MO2,95,32,95,37,110
315/60R22.5,MO2,95,32,95,37,110
315/60R22.5,MO2,95,32,95,37,110
315/60R22.5,MO2,95,32,95,37,110
315/60R22.5,MO2,95,32,95,37,110
315/60R22.5,MO2,95,32,95,37,110
315/60R22.5,MO2,95,32,95,37,110
315/60R22.5,MO2,95,32,95,37,110
315/60R22.5,MO2,95,32,95,37,110
315/60R22.5,MO2,95,32,95,37,110
315/60R22.5,MO2,95,32,95,37,110
315/60R22.5,MO2,95,32,95,37,110
315/60R22.5,MO2,95,32,95,37,110
315/60R22.5,MO2,95,32,95,37,110
315/60R22.5,MO2,95,32,95,37,110
315/60R22.5,MO2,95,32,95,37,110
315/60R22.5,MO2,95,32,95,37,110
315/60R22.5,MO2,95,32,95,37,110
315/60R22.5,MO2,95,32,95,37,110
315/60R22.5,MO2,95,32,95,37,110
315/60R22.5,MO2,95,32,95,37,110
315/60R22.5,MO2,95,32,95,37,110
315/60R22.5,MO2,95,32,95,37,110
315/60R22.5,MO2,95,32,95,37,110
315/60R22.5,MO2,95,32,95,37,110
315/60R22.5,MO2,95,32,95,37,110
315/60R22.5,MO2,95,32,95,37,110
315/60R22.5,MO2,95,32,95,37,110
315/60R22.5,MO2,95,32,95,37,110
315/60R22.5,MO2,95,32,95,37,110
315/60R22.5,MO2,95,32,95,37,110
315/60R22.5,MO2,95,32,95,37,110
315/60R22.5,MO2,95,32,95,37,110
315/60R22.5,MO3,95,32,95,37,110
315/60R22.5,MO5,95,32,95,37,110
315/60R22.5,MO5,95,32,95,37,110
315/60R22.5,MO5,95,32,95,37,110
315/60R22.5,MO5,95,32,95,37,110
315/60R22.5,MO5,95,32,95,37,110
315/60R22.5,MO5,95,32,95,37,110
315/60R22.5,MO5,95,32,95,37,110
315/60R22.5,MO5,95,32,95,37,110
315/60R22.5,MO5,95,32,95,37,110
315/60R22.5,MO5,95,32,95,37,110
315/60R22.5,MO5,95,32,95,37,110
315/60R22.5,MO5,95,32,95,37,110
315/60R22.5,MO5,95,32,95,37,110
315/60R22.5,MO5,95,32,95,37,110
315/60R22.5,MO5,95,32,95,37,110
315/60R22.5,MO5,95,32,95,37,110
315/60R22.5,MO5,95,32,95,37,110
315/60R22.5,MO5,95,32,95,37,110
315/60R22.5,MO5,95,32,95,37,110
315/60R22.5,MO5,95,32,95,37,110
315/60R22.5,MO5,95,32,95,37,110
315/60R22.5,MO5,95,32,95,37,110
315/60R22.5,MO5,95,32,95,37,110
315/60R22.5,MO5,95,32,95,37,110
315/60R22.5,MO5,95,32,95,37,110
315/60R22.5,MO5,95,32,95,37,110
315/60R22.5,MO5,95,32,95,37,110
315/60R22.5,MO5,95,32,95,37,110
315/60R22.5,MO5,95,32,95,37,110
315/60R22.5,MO5,95,32,95,37,110
315/60R22.5,MO5,95,32,95,37,110
315/60R22.5,MO5,95,32,95,37,110
315/60R22.5,MO5,95,32,95,37,110
315/60R22.5,MO5,95,32,95,37,110
315/60R22.5,MO5,95,32,95,37,110
315/60R22.5,MO4,95,32,95,37,110
315/60R22.5,MO4,95,32,95,37,110
315/60R22.5,MO4,95,32,95,37,110
315/60R22.5,MO4,95,32,95,37,110
315/60R22.5,MO4,95,32,95,37,110
315/60R22.5,MO4,95,32,95,37,110
315/60R22.5,MO4,95,32,95,37,110
315/60R22.5,MO4,95,32,95,37,110
315/60R22.5,MO5,95,32,95,37,110
315/60R22.5,MO4,95,32,95,37,110
315/70R22.5,MO2,102,32,102,37,117
315/70R22.5,MO2,102,32,102,37,117
315/70R22.5,MO2,102,32,102,37,117
315/70R22.5,MO2,102,32,102,37,117
315/70R22.5,MO2,102,32,102,37,117
315/70R22.5,MO2,102,32,102,37,117
315/70R22.5,MO2,102,32,102,37,117
315/70R22.5,MO2,102,32,102,37,117
315/70R22.5,MO2,102,32,102,37,117
315/70R22.5,MO2,102,32,102,37,117
315/70R22.5,MO2,102,32,102,37,117
315/70R22.5,MO2,102,32,102,37,117
315/70R22.5,MO2,102,32,102,37,117
315/70R22.5,MO2,102,32,102,37,117
315/70R22.5,MO2,102,32,102,37,117
315/70R22.5,MO2,102,32,102,37,117
315/70R22.5,MO2,102,32,102,37,117
315/70R22.5,MO2,102,32,102,37,117
315/70R22.5,MO2,102,32,102,37,117
315/70R22.5,MO2,102,32,102,37,117
315/70R22.5,MO2,102,32,102,37,117
315/70R22.5,MO2,102,32,102,37,117
315/70R22.5,MO2,102,32,102,37,117
315/70R22.5,MO2,102,32,102,37,117
315/70R22.5,MO2,102,32,102,37,117
315/70R22.5,MO2,102,32,102,37,117
315/70R22.5,MO2,102,32,102,37,117
315/70R22.5,MO2,102,32,102,37,117
315/70R22.5,MO2,102,32,102,37,117
315/70R22.5,MO2,102,32,102,37,117
315/70R22.5,MO2,102,32,102,37,117
315/70R22.5,MO2,102,32,102,37,117
315/70R22.5,MO2,102,32,102,37,117
315/70R22.5,MO2,102,32,102,37,117
315/70R22.5,MO2,102,32,102,37,117
315/70R22.5,MO2,102,32,102,37,117
315/70R22.5,MO2,102,32,102,37,117
315/70R22.5,MO2,102,32,102,37,117
315/70R22.5,MO2,102,32,102,37,117
315/70R22.5,MO2,102,32,102,37,117
315/70R22.5,MO2,102,32,102,37,117
315/70R22.5,MO2,102,32,102,37,117
315/70R22.5,MO2,102,32,102,37,117
315/70R22.5,MO2,102,32,102,37,117
315/70R22.5,MO2,102,32,102,37,117
315/70R22.5,MO2,102,32,102,37,117
315/70R22.5,MO2,102,32,102,37,117
315/70R22.5,MO2,102,32,102,37,117
315/70R22.5,MO2,102,32,102,37,117
315/70R22.5,MO5,102,32,102,37,117
315/70R22.5,MO5,102,32,102,37,117
315/70R22.5,MO5,102,32,102,37,117
315/70R22.5,MO5,102,32,102,37,117
315/70R22.5,MO5,102,32,102,37,117
315/70R22.5,MO5,102,32,102,37,117
315/70R22.5,MO5,102,32,102,37,117
315/70R22.5,MO5,102,32,102,37,117
315/70R22.5,MO5,102,32,102,37,117
315/70R22.5,MO5,102,32,102,37,117
315/70R22.5,MO5,102,32,102,37,117
315/70R22.5,MO5,102,32,102,37,117
315/70R22.5,MO5,102,32,102,37,117
315/70R22.5,MO5,102,32,102,37,117
315/70R22.5,MO5,102,32,102,37,117
315/70R22.5,MO5,102,32,102,37,117
315/70R22.5,MO5,102,32,102,37,117
315/70R22.5,MO5,102,32,102,37,117
315/70R22.5,MO5,102,32,102,37,117
315/70R22.5,MO5,102,32,102,37,117
315/70R22.5,MO5,102,32,102,37,117
315/70R22.5,MO5,102,32,102,37,117
315/70R22.5,MO5,102,32,102,37,117
315/70R22.5,MO5,102,32,102,37,117
315/70R22.5,MO5,102,32,102,37,117
315/70R22.5,MO5,102,32,102,37,117
315/70R22.5,MO5,102,32,102,37,117
315/70R22.5,MO5,102,32,102,37,117
315/70R22.5,MO5,102,32,102,37,117
315/70R22.5,MO5,102,32,102,37,117
315/70R22.5,MO5,102,32,102,37,117
315/70R22.5,MO5,102,32,102,37,117
315/70R22.5,MO5,102,32,102,37,117
315/70R22.5,MO5,102,32,102,37,117
315/70R22.5,MO5,102,32,102,37,117
315/70R22.5,MO5,102,32,102,37,117
315/70R22.5,MO5,102,32,102,37,117
315/70R22.5,MO5,102,32,102,37,117
315/70R22.5,MO5,102,32,102,37,117
315/70R22.5,MO5,102,32,102,37,117
315/70R22.5,MO5,102,32,102,37,117
315/70R22.5,MO5,102,32,102,37,117
315/70R22.5,MO5,102,32,102,37,117
315/70R22.5,MO5,102,32,102,37,117
315/70R22.5,MO5,102,32,102,37,117
315/70R22.5,MO5,102,32,102,37,117
315/70R22.5,MO5,102,32,102,37,117
315/70R22.5,MO5,102,32,102,37,117
315/70R22.5,MO5,102,32,102,37,117
315/70R22.5,MO5,102,32,102,37,117
315/70R22.5,MO5,102,32,102,37,117
315/70R22.5,MO5,102,32,102,37,117
315/70R22.5,MO5,102,32,102,37,117
315/70R22.5,MO5,102,32,102,37,117
315/70R22.5,MO5,102,32,102,37,117
315/70R22.5,MO5,102,32,102,37,117
315/70R22.5,MO5,102,32,102,37,117
315/70R22.5,MO5,102,32,102,37,117
315/70R22.5,MO5,102,32,102,37,117
315/70R22.5,MO5,102,32,102,37,117
315/70R22.5,MO5,102,32,102,37,117
315/70R22.5,MO5,102,32,102,37,117
315/70R22.5,MO5,102,32,102,37,117
315/70R22.5,MO4,102,32,102,37,117
315/70R22.5,MO4,102,32,102,37,117
315/70R22.5,MO4,102,32,102,37,117
315/70R22.5,MO4,102,32,102,37,117
315/70R22.5,MO4,102,32,102,37,117
315/70R22.5,MO4,102,32,102,37,117
315/70R22.5,MO4,102,32,102,37,117
315/70R22.5,MO4,102,32,102,37,117
315/70R22.5,MO4,102,32,102,37,117
315/70R22.5,MO4,102,32,102,37,117
315/70R22.5,MO4,102,32,102,37,117
315/70R22.5,MO4,102,32,102,37,117
315/70R22.5,MO4,102,32,102,37,117
315/70R22.5,MO4,102,32,102,37,117
315/70R22.5,MO4,102,32,102,37,117
315/70R22.5,MO4,102,32,102,37,117
315/70R22.5,MO4,102,32,102,37,117
315/70R22.5,MO4,102,32,102,37,117
315/70R22.5,MO4,102,32,102,37,117
315/70R22.5,MO4,102,32,102,37,117
315/70R22.5,MO4,102,32,102,37,117
315/70R22.5,MO4,102,32,102,37,117
315/70R22.5,MO4,102,32,102,37,117
315/70R22.5,MO4,102,32,102,37,117
315/70R22.5,MO4,102,32,102,37,117
315/70R22.5,MO4,102,32,102,37,117
315/70R22.5,MO4,102,32,102,37,117
315/70R22.5,MO1,102,32,102,37,117
315/70R22.5,MO1,102,32,102,37,117
315/70R22.5,MO1,102,32,102,37,117
315/70R22.5,MO1,102,32,102,37,117
315/70R22.5,MO5,102,32,102,37,117
315/80R22.5,MO2,108,32,108,37,123
315/80R22.5,MO2,108,32,108,37,123
315/80R22.5,MO2,108,32,108,37,123
315/80R22.5,MO2,108,32,108,37,123
315/80R22.5,MO2,108,32,108,37,123
315/80R22.5,MO2,108,32,108,37,123
315/80R22.5,MO2,108,32,108,37,123
315/80R22.5,MO2,108,32,108,37,123
315/80R22.5,MO2,108,32,108,37,123
315/80R22.5,MO2,108,32,108,37,123
315/80R22.5,MO2,108,32,108,37,123
315/80R22.5,MO2,108,32,108,37,123
315/80R22.5,MO2,108,32,108,37,123
315/80R22.5,MO2,108,32,108,37,123
315/80R22.5,MO2,108,32,108,37,123
315/80R22.5,MO2,108,32,108,37,123
315/80R22.5,MO2,108,32,108,37,123
315/80R22.5,MO2,108,32,108,37,123
315/80R22.5,MO2,108,32,108,37,123
315/80R22.5,MO2,108,32,108,37,123
315/80R22.5,MO2,108,32,108,37,123
315/80R22.5,MO2,108,32,108,37,123
315/80R22.5,MO2,108,32,108,37,123
315/80R22.5,MO2,108,32,108,37,123
315/80R22.5,MO2,108,32,108,37,123
315/80R22.5,MO2,108,32,108,37,123
315/80R22.5,MO2,108,32,108,37,123
315/80R22.5,MO2,108,32,108,37,123
315/80R22.5,MO2,108,32,108,37,123
315/80R22.5,MO2,108,32,108,37,123
315/80R22.5,MO2,108,32,108,37,123
315/80R22.5,MO2,108,32,108,37,123
315/80R22.5,MO2,108,32,108,37,123
315/80R22.5,MO2,108,32,108,37,123
315/80R22.5,MO2,108,32,108,37,123
315/80R22.5,MO2,108,32,108,37,123
315/80R22.5,MO2,108,32,108,37,123
315/80R22.5,MO2,108,32,108,37,123
315/80R22.5,MO2,108,32,108,37,123
315/80R22.5,MO2,108,32,108,37,123
315/80R22.5,MO2,108,32,108,37,123
315/80R22.5,MO2,108,32,108,37,123
315/80R22.5,MO2,108,32,108,37,123
315/80R22.5,MO2,108,32,108,37,123
315/80R22.5,MO2,108,32,108,37,123
315/80R22.5,MO2,108,32,108,37,123
315/80R22.5,MO2,108,32,108,37,123
315/80R22.5,MO2,108,32,108,37,123
315/80R22.5,MO2,108,32,108,37,123
315/80R22.5,MO2,108,32,108,37,123
315/80R22.5,MO2,108,32,108,37,123
315/80R22.5,MO2,108,32,108,37,123
315/80R22.5,MO2,108,32,108,37,123
315/80R22.5,MO2,108,32,108,37,123
315/80R22.5,MO2,108,32,108,37,123
315/80R22.5,MO2,108,32,108,37,123
315/80R22.5,MO2,108,32,108,37,123
315/80R22.5,MO2,108,32,108,37,123
315/80R22.5,MO2,108,32,108,37,123
315/80R22.5,MO2,108,32,108,37,123
315/80R22.5,MO2,108,32,108,37,123
315/80R22.5,MO2,108,32,108,37,123
315/80R22.5,MO2,108,32,108,37,123
315/80R22.5,MO2,108,32,108,37,123
315/80R22.5,MO5,108,32,108,37,123
315/80R22.5,MO5,108,32,108,37,123
315/80R22.5,MO5,108,32,108,37,123
315/80R22.5,MO5,108,32,108,37,123
315/80R22.5,MO5,108,32,108,37,123
315/80R22.5,MO5,108,32,108,37,123
315/80R22.5,MO5,108,32,108,37,123
315/80R22.5,MO5,108,32,108,37,123
315/80R22.5,MO5,108,32,108,37,123
315/80R22.5,MO5,108,32,108,37,123
315/80R22.5,MO5,108,32,108,37,123
315/80R22.5,MO5,108,32,108,37,123
315/80R22.5,MO5,108,32,108,37,123
315/80R22.5,MO5,108,32,108,37,123
315/80R22.5,MO5,108,32,108,37,123
315/80R22.5,MO5,108,32,108,37,123
315/80R22.5,MO5,108,32,108,37,123
315/80R22.5,MO5,108,32,108,37,123
315/80R22.5,MO5,108,32,108,37,123
315/80R22.5,MO5,108,32,108,37,123
315/80R22.5,MO5,108,32,108,37,123
315/80R22.5,MO5,108,32,108,37,123
315/80R22.5,MO5,108,32,108,37,123
315/80R22.5,MO5,108,32,108,37,123
315/80R22.5,MO5,108,32,108,37,123
315/80R22.5,MO5,108,32,108,37,123
315/80R22.5,MO5,108,32,108,37,123
315/80R22.5,MO5,108,32,108,37,123
315/80R22.5,MO5,108,32,108,37,123
315/80R22.5,MO5,108,32,108,37,123
315/80R22.5,MO5,108,32,108,37,123
315/80R22.5,MO5,108,32,108,37,123
315/80R22.5,MO5,108,32,108,37,123
315/80R22.5,MO5,108,32,108,37,123
315/80R22.5,MO5,108,32,108,37,123
315/80R22.5,MO5,108,32,108,37,123
315/80R22.5,MO5,108,32,108,37,123
315/80R22.5,MO5,108,32,108,37,123
315/80R22.5,MO5,108,32,108,37,123
315/80R22.5,MO5,108,32,108,37,123
315/80R22.5,MO5,108,32,108,37,123
315/80R22.5,MO5,108,32,108,37,123
315/80R22.5,MO5,108,32,108,37,123
315/80R22.5,MO5,108,32,108,37,123
315/80R22.5,MO5,108,32,108,37,123
315/80R22.5,MO5,108,32,108,37,123
315/80R22.5,MO5,108,32,108,37,123
315/80R22.5,MO5,108,32,108,37,123
315/80R22.5,MO5,108,32,108,37,123
315/80R22.5,MO5,108,32,108,37,123
315/80R22.5,MO5,108,32,108,37,123
315/80R22.5,MO5,108,32,108,37,123
315/80R22.5,MO5,108,32,108,37,123
315/80R22.5,MO5,108,32,108,37,123
315/80R22.5,MO5,108,32,108,37,123
315/80R22.5,MO5,108,32,108,37,123
315/80R22.5,MO5,108,32,108,37,123
315/80R22.5,MO5,108,32,108,37,123
315/80R22.5,MO5,108,32,108,37,123
315/80R22.5,MO5,108,32,108,37,123
315/80R22.5,MO5,108,32,108,37,123
315/80R22.5,MO5,108,32,108,37,123
315/80R22.5,MO5,108,32,108,37,123
315/80R22.5,MO5,108,32,108,37,123
315/80R22.5,MO5,108,32,108,37,123
315/80R22.5,MO5,108,32,108,37,123
315/80R22.5,MO5,108,32,108,37,123
315/80R22.5,MO5,108,32,108,37,123
315/80R22.5,MO5,108,32,108,37,123
315/80R22.5,MO5,108,32,108,37,123
315/80R22.5,MO5,108,32,108,37,123
315/80R22.5,MO5,108,32,108,37,123
315/80R22.5,MO5,108,32,108,37,123
315/80R22.5,MO5,108,32,108,37,123
315/80R22.5,MO5,108,32,108,37,123
315/80R22.5,MO5,108,32,108,37,123
315/80R22.5,MO5,108,32,108,37,123
315/80R22.5,MO5,108,32,108,37,123
315/80R22.5,MO5,108,32,108,37,123
315/80R22.5,MO5,108,32,108,37,123
315/80R22.5,MO5,108,32,108,37,123
315/80R22.5,MO5,108,32,108,37,123
315/80R22.5,MO5,108,32,108,37,123
315/80R22.5,MO5,108,32,108,37,123
315/80R22.5,MO5,108,32,108,37,123
315/80R22.5,MO5,108,32,108,37,123
315/80R22.5,MO5,108,32,108,37,123
315/80R22.5,MO5,108,32,108,37,123
315/80R22.5,MO5,108,32,108,37,123
315/80R22.5,MO5,108,32,108,37,123
315/80R22.5,MO4,108,32,108,37,123
315/80R22.5,MO4,108,32,108,37,123
315/80R22.5,MO4,108,32,108,37,123
315/80R22.5,MO4,108,32,108,37,123
315/80R22.5,MO4,108,32,108,37,123
315/80R22.5,MO4,108,32,108,37,123
315/80R22.5,MO4,108,32,108,37,123
315/80R22.5,MO4,108,32,108,37,123
315/80R22.5,MO4,108,32,108,37,123
315/80R22.5,MO4,108,32,108,37,123
315/80R22.5,MO4,108,32,108,37,123
315/80R22.5,MO4,108,32,108,37,123
315/80R22.5,MO4,108,32,108,37,123
315/80R22.5,MO4,108,32,108,37,123
315/80R22.5,MO4,108,32,108,37,123
315/80R22.5,MO4,108,32,108,37,123
315/80R22.5,MO4,108,32,108,37,123
315/80R22.5,MO4,108,32,108,37,123
315/80R22.5,MO4,108,32,108,37,123
315/80R22.5,MO4,108,32,108,37,123
315/80R22.5,MO4,108,32,108,37,123
315/80R22.5,MO4,108,32,108,37,123
315/80R22.5,MO4,108,32,108,37,123
315/80R22.5,MO4,108,32,108,37,123
315/80R22.5,MO4,108,32,108,37,123
315/80R22.5,MO4,108,32,108,37,123
315/80R22.5,MO4,108,32,108,37,123
315/80R22.5,MO4,108,32,108,37,123
315/80R22.5,MO4,108,32,108,37,123
315/80R22.5,MO4,108,32,108,37,123
315/80R22.5,MO4,108,32,108,37,123
315/80R22.5,MO1,108,32,108,37,123
315/80R22.5,MO1,108,32,108,37,123
315/80R22.5,MO1,108,32,108,37,123
315/80R22.5,MO1,108,32,108,37,123
315/80R22.5,MO1,108,32,108,37,123
315/80R22.5,MO1,108,32,108,37,123
315/80R22.5,MO5,108,32,108,37,123
31x13.50-15,MO3,79,35,79,40,94
31x13.50-15,MO1,79,35,79,40,94
31x15.5-15,MO10,79,40,79,45,94
31x15.50-15,MO2,79,40,79,45,94
31x15.50-15,MO2,79,40,79,45,94
31x15.50-15,MO2,79,40,79,45,94
31x15.50-15,MO2,79,40,79,45,94
31x15.50-15,MO2,79,40,79,45,94
31x15.50-15,MO2,79,40,79,45,94
31x15.50-15,MO2,79,40,79,45,94
31x15.50-15,MO3,79,40,79,45,94
31x15.50-15,MO3,79,40,79,45,94
31x15.50-15,MO3,79,40,79,45,94
31x15.50-15,MO3,79,40,79,45,94
31x15.50-15,MO5,79,40,79,45,94
31x15.50-15,MO1,79,40,79,45,94
31x15.50-15,MO1,79,40,79,45,94
31x15.50-15,MO8,79,40,79,45,94
320/105R46,MO2,185,32,185,37,200
320/55-15,MO8,74,32,74,37,89
320/55-15,MO8,74,32,74,37,89
320/60-12,MO2,69,32,69,37,84
320/60-12,MO3,69,32,69,37,84
320/60-12,MO3,69,32,69,37,84
320/60-12,MO5,69,32,69,37,84
320/60-12,MO5,69,32,69,37,84
320/60-12,MO5,69,32,69,37,84
320/60-12,MO8,69,32,69,37,84
320/60-12,MO8,69,32,69,37,84
320/60-12,MO8,69,32,69,37,84
320/65R16,MO1,83,32,83,37,98
320/65R16,MO8,83,32,83,37,98
320/65R18,MO1,88,32,88,37,103
320/65R18,MO8,88,32,88,37,103
320/70-15,MO8,83,32,83,37,98
320/70R20,MO2,96,32,96,37,111
320/70R20,MO2,96,32,96,37,111
320/70R20,MO5,96,32,96,37,111
320/70R20,MO5,96,32,96,37,111
320/70R20,MO5,96,32,96,37,111
320/70R20,MO1,96,32,96,37,111
320/70R20,MO8,96,32,96,37,111
320/70R24,MO2,106,32,106,37,121
320/70R24,MO2,106,32,106,37,121
320/70R24,MO2,106,32,106,37,121
320/70R24,MO3,106,32,106,37,121
320/70R24,MO3,106,32,106,37,121
320/70R24,MO3,106,32,106,37,121
320/70R24,MO5,106,32,106,37,121
320/70R24,MO5,106,32,106,37,121
320/70R24,MO5,106,32,106,37,121
320/70R24,MO5,106,32,106,37,121
320/70R24,MO5,106,32,106,37,121
320/70R24,MO5,106,32,106,37,121
320/70R24,MO1,106,32,106,37,121
320/70R24,MO1,106,32,106,37,121
320/70R24,MO8,106,32,106,37,121
320/70R28,MO8,116,32,116,37,131
320/80-15.3,MO8,91,32,91,37,106
320/80-18,MO8,97,32,97,37,112
320/80R42,MO1,158,32,158,37,173
320/85-24,MO7,116,32,116,37,131
320/85-24,MO8,116,32,116,37,131
320/85R20,MO3,106,32,106,37,121
320/85R20,MO3,106,32,106,37,121
320/85R20,MO3,106,32,106,37,121
320/85R20,MO5,106,32,106,37,121
320/85R20,MO1,106,32,106,37,121
320/85R20,MO8,106,32,106,37,121
320/85R24,MO3,116,32,116,37,131
320/85R24,MO3,116,32,116,37,131
320/85R24,MO3,116,32,116,37,131
320/85R24,MO3,116,32,116,37,131
320/85R24,MO5,116,32,116,37,131
320/85R24,MO5,116,32,116,37,131
320/85R24,MO5,116,32,116,37,131
320/85R24,MO5,116,32,116,37,131
320/85R24,MO5,116,32,116,37,131
320/85R24,MO5,116,32,116,37,131
320/85R24,MO5,116,32,116,37,131
320/85R24,MO5,116,32,116,37,131
320/85R24,MO5,116,32,116,37,131
320/85R24,MO4,116,32,116,37,131
320/85R24,MO1,116,32,116,37,131
320/85R24,MO1,116,32,116,37,131
320/85R24,MO10,116,32,116,37,131
320/85R24,MO8,116,32,116,37,131
320/85R28,MO7,126,32,126,37,141
320/85R28,MO3,126,32,126,37,141
320/85R28,MO3,126,32,126,37,141
320/85R28,MO3,126,32,126,37,141
320/85R28,MO5,126,32,126,37,141
320/85R28,MO5,126,32,126,37,141
320/85R28,MO5,126,32,126,37,141
320/85R28,MO5,126,32,126,37,141
320/85R28,MO5,126,32,126,37,141
320/85R28,MO5,126,32,126,37,141
320/85R28,MO5,126,32,126,37,141
320/85R28,MO1,126,32,126,37,141
320/85R28,MO10,126,32,126,37,141
320/85R28,MO8,126,32,126,37,141
320/85R32,MO3,136,32,136,37,151
320/85R32,MO5,136,32,136,37,151
320/85R32,MO5,136,32,136,37,151
320/85R32,MO5,136,32,136,37,151
320/85R32,MO5,136,32,136,37,151
320/85R32,MO4,136,32,136,37,151
320/85R32,MO1,136,32,136,37,151
320/85R34,MO2,141,32,141,37,156
320/85R34,MO3,141,32,141,37,156
320/85R34,MO3,141,32,141,37,156
320/85R34,MO5,141,32,141,37,156
320/85R34,MO1,141,32,141,37,156
320/85R34,MO1,141,32,141,37,156
320/85R36,MO3,146,32,146,37,161
320/85R36,MO3,146,32,146,37,161
320/85R38,MO5,151,32,151,37,166
320/85R38,MO1,151,32,151,37,166
320/85R38,MO1,151,32,151,37,166
320/85R38,MO8,151,32,151,37,166
320/90R32,MO3,139,32,139,37,154
320/90R32,MO5,139,32,139,37,154
320/90R42,MO3,165,32,165,37,180
320/90R42,MO3,165,32,165,37,180
320/90R42,MO3,165,32,165,37,180
320/90R42,MO1,165,32,165,37,180
320/90R46,MO3,175,32,175,37,190
320/90R46,MO3,175,32,175,37,190
320/90R46,MO3,175,32,175,37,190
320/90R46,MO1,175,32,175,37,190
320/90R46,MO1,175,32,175,37,190
320/90R50,MO2,185,32,185,37,200
320/90R50,MO2,185,32,185,37,200
320/90R50,MO3,185,32,185,37,200
320/90R50,MO5,185,32,185,37,200
320/90R50,MO1,185,32,185,37,200
320/90R50,MO8,185,32,185,37,200
320/90R54,MO2,195,32,195,37,210
320/90R54,MO3,195,32,195,37,210
320/90R54,MO3,195,32,195,37,210
320/90R54,MO1,195,32,195,37,210
335/80R20,MO3,105,34,105,39,120
335/80R20,MO5,105,34,105,39,120
33x12.50-15,MO8,84,32,84,37,99
33x15.50-15,MO2,84,40,84,45,99
33x15.50-15,MO8,84,40,84,45,99
33x15.50-15,MO8,84,40,84,45,99
33x15.50-16.5,MO2,84,40,84,45,99
340/55-16,MO2,79,34,79,39,94
340/55-16,MO2,79,34,79,39,94
340/55-16,MO3,79,34,79,39,94
340/55-16,MO5,79,34,79,39,94
340/55-16,MO5,79,34,79,39,94
340/55-16,MO5,79,34,79,39,94
340/55-16,MO4,79,34,79,39,94
340/55-16,MO8,79,34,79,39,94
340/55-16,MO8,79,34,79,39,94
340/65R18,MO3,90,34,90,39,105
340/65R18,MO1,90,34,90,39,105
340/65R18,MO8,90,34,90,39,105
340/65R18,MO8,90,34,90,39,105
340/70R24,MO8,109,34,109,39,124
340/75R20,MO3,102,34,102,39,117
340/80-18,MO2,101,34,101,39,116
340/80-18,MO2,101,34,101,39,116
340/80-18,MO3,101,34,101,39,116
340/80-18,MO3,101,34,101,39,116
340/80-18,MO5,101,34,101,39,116
340/80-18,MO5,101,34,101,39,116
340/80-18,MO5,101,34,101,39,116
340/80-18,MO4,101,34,101,39,116
340/80-18,MO4,101,34,101,39,116
340/80-18,MO8,101,34,101,39,116
340/80-20,MO3,106,34,106,39,121
340/80-20,MO5,106,34,106,39,121
340/80-20,MO1,106,34,106,39,121
340/80R18,MO7,101,34,101,39,116
340/80R18,MO7,101,34,101,39,116
340/80R18,MO2,101,34,101,39,116
340/80R18,MO2,101,34,101,39,116
340/80R18,MO2,101,34,101,39,116
340/80R18,MO3,101,34,101,39,116
340/80R18,MO3,101,34,101,39,116
340/80R18,MO5,101,34,101,39,116
340/80R18,MO1,101,34,101,39,116
340/80R18,MO1,101,34,101,39,116
340/80R18,MO8,101,34,101,39,116
340/80R20,MO2,106,34,106,39,121
340/80R20,MO3,106,34,106,39,121
340/80R20,MO3,106,34,106,39,121
340/80R20,MO5,106,34,106,39,121
340/80R20,MO5,106,34,106,39,121
340/80R24,MO7,116,34,116,39,131
340/80R24,MO7,116,34,116,39,131
340/80R24,MO2,116,34,116,39,131
340/85-24,MO7,119,34,119,39,134
340/85-28,MO7,129,34,129,39,144
340/85R24,MO3,119,34,119,39,134
340/85R24,MO3,119,34,119,39,134
340/85R24,MO3,119,34,119,39,134
340/85R24,MO3,119,34,119,39,134
340/85R24,MO5,119,34,119,39,134
340/85R24,MO5,119,34,119,39,134
340/85R24,MO5,119,34,119,39,134
340/85R24,MO5,119,34,119,39,134
340/85R24,MO5,119,34,119,39,134
340/85R24,MO5,119,34,119,39,134
340/85R24,MO5,119,34,119,39,134
340/85R24,MO5,119,34,119,39,134
340/85R24,MO5,119,34,119,39,134
340/85R24,MO5,119,34,119,39,134
340/85R24,MO5,119,34,119,39,134
340/85R24,MO4,119,34,119,39,134
340/85R24,MO4,119,34,119,39,134
340/85R24,MO4,119,34,119,39,134
340/85R24,MO4,119,34,119,39,134
340/85R24,MO1,119,34,119,39,134
340/85R24,MO10,119,34,119,39,134
340/85R24,MO8,119,34,119,39,134
340/85R28,MO2,129,34,129,39,144
340/85R28,MO3,129,34,129,39,144
340/85R28,MO3,129,34,129,39,144
340/85R28,MO3,129,34,129,39,144
340/85R28,MO5,129,34,129,39,144
340/85R28,MO5,129,34,129,39,144
340/85R28,MO10,129,34,129,39,144
340/85R28,MO8,129,34,129,39,144
340/85R36,MO3,150,34,150,39,165
340/85R36,MO3,150,34,150,39,165
340/85R36,MO5,150,34,150,39,165
340/85R36,MO5,150,34,150,39,165
340/85R36,MO8,150,34,150,39,165
340/85R38,MO3,155,34,155,39,170
340/85R38,MO3,155,34,155,39,170
340/85R38,MO3,155,34,155,39,170
340/85R38,MO3,155,34,155,39,170
340/85R38,MO5,155,34,155,39,170
340/85R38,MO5,155,34,155,39,170
340/85R38,MO1,155,34,155,39,170
340/85R38,MO10,155,34,155,39,170
340/85R38,MO8,155,34,155,39,170
340/85R46,MO3,175,34,175,39,190
340/85R46,MO3,175,34,175,39,190
340/85R46,MO3,175,34,175,39,190
340/85R46,MO1,175,34,175,39,190
340/85R48,MO3,180,34,180,39,195
340/85R48,MO3,180,34,180,39,195
340/85R48,MO3,180,34,180,39,195
340/85R48,MO5,180,34,180,39,195
340/85R48,MO5,180,34,180,39,195
340/85R48,MO1,180,34,180,39,195
340/85R48,MO10,180,34,180,39,195
340/90R48,MO5,184,34,184,39,199
35.5-32,MO7,231,91,231,96,246
35.5L-32,MO8,231,91,231,96,246
35.5L-32,MO8,231,91,231,96,246
355/50-15,MO2,74,36,74,41,89
355/50R22.5,MO2,93,36,93,41,108
355/50R22.5,MO2,93,36,93,41,108
355/50R22.5,MO2,93,36,93,41,108
355/50R22.5,MO2,93,36,93,41,108
355/50R22.5,MO2,93,36,93,41,108
355/50R22.5,MO2,93,36,93,41,108
355/50R22.5,MO2,93,36,93,41,108
355/50R22.5,MO5,93,36,93,41,108
355/50R22.5,MO5,93,36,93,41,108
355/50R22.5,MO5,93,36,93,41,108
355/50R22.5,MO5,93,36,93,41,108
355/50R22.5,MO5,93,36,93,41,108
355/50R22.5,MO5,93,36,93,41,108
355/50R22.5,MO5,93,36,93,41,108
355/60R18,MO2,89,36,89,41,104
355/65-15,MO2,85,36,85,41,100
355/65-15,MO2,85,36,85,41,100
360/65-16,MO5,88,36,88,41,103
360/65-16,MO8,88,36,88,41,103
360/70-16,MO8,92,36,92,41,107
360/70R20,MO7,102,36,102,41,117
360/70R20,MO7,102,36,102,41,117
360/70R20,MO2,102,36,102,41,117
360/70R20,MO3,102,36,102,41,117
360/70R20,MO3,102,36,102,41,117
360/70R20,MO5,102,36,102,41,117
360/70R20,MO5,102,36,102,41,117
360/70R20,MO1,102,36,102,41,117
360/70R20,MO8,102,36,102,41,117
360/70R24,MO2,112,36,112,41,127
360/70R24,MO2,112,36,112,41,127
360/70R24,MO2,112,36,112,41,127
360/70R24,MO2,112,36,112,41,127
360/70R24,MO2,112,36,112,41,127
360/70R24,MO2,112,36,112,41,127
360/70R24,MO2,112,36,112,41,127
360/70R24,MO3,112,36,112,41,127
360/70R24,MO3,112,36,112,41,127
360/70R24,MO5,112,36,112,41,127
360/70R24,MO5,112,36,112,41,127
360/70R24,MO5,112,36,112,41,127
360/70R24,MO5,112,36,112,41,127
360/70R24,MO5,112,36,112,41,127
360/70R24,MO5,112,36,112,41,127
360/70R24,MO5,112,36,112,41,127
360/70R24,MO5,112,36,112,41,127
360/70R24,MO5,112,36,112,41,127
360/70R24,MO1,112,36,112,41,127
360/70R24,MO1,112,36,112,41,127
360/70R24,MO10,112,36,112,41,127
360/70R24,MO8,112,36,112,41,127
360/70R28,MO2,122,36,122,41,137
360/70R28,MO3,122,36,122,41,137
360/70R28,MO3,122,36,122,41,137
360/70R28,MO5,122,36,122,41,137
360/70R28,MO5,122,36,122,41,137
360/70R28,MO5,122,36,122,41,137
360/70R28,MO1,122,36,122,41,137
360/70R28,MO1,122,36,122,41,137
360/70R28,MO10,122,36,122,41,137
360/70R28,MO8,122,36,122,41,137
360/80R20,MO7,109,36,109,41,124
360/80R20,MO7,109,36,109,41,124
360/80R24,MO7,119,36,119,41,134
360/80R24,MO7,119,36,119,41,134
360/80R24,MO3,119,36,119,41,134
360/80R24,MO1,119,36,119,41,134
360/80R28,MO7,129,36,129,41,144
360/80R28,MO7,129,36,129,41,144
360/80R28,MO1,129,36,129,41,144
360/85-20,MO2,112,36,112,41,127
360/85-20,MO2,112,36,112,41,127
360/85-20,MO2,112,36,112,41,127
360/85-20,MO5,112,36,112,41,127
365/70R18,MO2,97,37,97,42,112
365/70R18,MO5,97,37,97,42,112
365/80R20,MO7,110,37,110,42,125
365/80R20,MO2,110,37,110,42,125
365/80R20,MO3,110,37,110,42,125
365/80R20,MO5,110,37,110,42,125
365/80R20,MO4,110,37,110,42,125
365/85R20,MO5,113,37,113,42,128
374R1,MO5,65,38,65,43,80
374R1,MO5,65,38,65,43,80
374R1,MO5,65,38,65,43,80
374R1,MO5,65,38,65,43,80
374R1,MO5,65,38,65,43,80
374R1,MO5,65,38,65,43,80
374R1,MO4,65,38,65,43,80
374R1,MO4,65,38,65,43,80
374R1,MO4,65,38,65,43,80
380/105R46,MO8,197,38,197,43,212
380/105R50,MO8,207,38,207,43,222
380/105R54,MO8,217,38,217,43,232
380/55-17,MO1,85,38,85,43,100
380/55-17,MO8,85,38,85,43,100
380/55-17,MO8,85,38,85,43,100
380/60-15,MO8,84,38,84,43,99
380/70-28,MO2,125,38,125,43,140
380/70R20,MO3,104,38,104,43,119
380/70R20,MO3,104,38,104,43,119
380/70R20,MO5,104,38,104,43,119
380/70R20,MO1,104,38,104,43,119
380/70R20,MO8,104,38,104,43,119
380/70R24,MO2,115,38,115,43,130
380/70R24,MO2,115,38,115,43,130
380/70R24,MO2,115,38,115,43,130
380/70R24,MO2,115,38,115,43,130
380/70R24,MO2,115,38,115,43,130
380/70R24,MO2,115,38,115,43,130
380/70R24,MO2,115,38,115,43,130
380/70R24,MO2,115,38,115,43,130
380/70R24,MO3,115,38,115,43,130
380/70R24,MO3,115,38,115,43,130
380/70R24,MO3,115,38,115,43,130
380/70R24,MO3,115,38,115,43,130
380/70R24,MO3,115,38,115,43,130
380/70R24,MO5,115,38,115,43,130
380/70R24,MO5,115,38,115,43,130
380/70R24,MO5,115,38,115,43,130
380/70R24,MO5,115,38,115,43,130
380/70R24,MO5,115,38,115,43,130
380/70R24,MO5,115,38,115,43,130
380/70R24,MO5,115,38,115,43,130
380/70R24,MO5,115,38,115,43,130
380/70R24,MO5,115,38,115,43,130
380/70R24,MO5,115,38,115,43,130
380/70R24,MO5,115,38,115,43,130
380/70R24,MO5,115,38,115,43,130
380/70R24,MO4,115,38,115,43,130
380/70R24,MO1,115,38,115,43,130
380/70R24,MO1,115,38,115,43,130
380/70R24,MO1,115,38,115,43,130
380/70R24,MO10,115,38,115,43,130
380/70R24,MO8,115,38,115,43,130
380/70R24,MO8,115,38,115,43,130
380/70R24,MO8,115,38,115,43,130
380/70R24,MO8,115,38,115,43,130
380/70R28,MO2,125,38,125,43,140
380/70R28,MO2,125,38,125,43,140
380/70R28,MO2,125,38,125,43,140
380/70R28,MO2,125,38,125,43,140
380/70R28,MO2,125,38,125,43,140
380/70R28,MO3,125,38,125,43,140
380/70R28,MO3,125,38,125,43,140
380/70R28,MO3,125,38,125,43,140
380/70R28,MO3,125,38,125,43,140
380/70R28,MO5,125,38,125,43,140
380/70R28,MO5,125,38,125,43,140
380/70R28,MO5,125,38,125,43,140
380/70R28,MO5,125,38,125,43,140
380/70R28,MO5,125,38,125,43,140
380/70R28,MO5,125,38,125,43,140
380/70R28,MO5,125,38,125,43,140
380/70R28,MO5,125,38,125,43,140
380/70R28,MO5,125,38,125,43,140
380/70R28,MO5,125,38,125,43,140
380/70R28,MO1,125,38,125,43,140
380/70R28,MO1,125,38,125,43,140
380/70R28,MO10,125,38,125,43,140
380/70R28,MO8,125,38,125,43,140
380/70R28,MO8,125,38,125,43,140
380/75R20,MO3,108,38,108,43,123
380/75R20,MO1,108,38,108,43,123
380/80R38,MO2,158,38,158,43,173
380/80R38,MO3,158,38,158,43,173
380/80R38,MO3,158,38,158,43,173
380/80R38,MO1,158,38,158,43,173
380/80R38,MO10,158,38,158,43,173
380/80R38,MO10,158,38,158,43,173
380/80R38,MO8,158,38,158,43,173
380/85-24,MO7,126,38,126,43,141
380/85-24,MO1,126,38,126,43,141
380/85-24,MO8,126,38,126,43,141
380/85-24,MO8,126,38,126,43,141
380/85-28,MO7,136,38,136,43,151
380/85-28,MO1,136,38,136,43,151
380/85-28,MO8,136,38,136,43,151
380/85R24,MO3,126,38,126,43,141
380/85R24,MO3,126,38,126,43,141
380/85R24,MO3,126,38,126,43,141
380/85R24,MO3,126,38,126,43,141
380/85R24,MO5,126,38,126,43,141
380/85R24,MO5,126,38,126,43,141
380/85R24,MO5,126,38,126,43,141
380/85R24,MO5,126,38,126,43,141
380/85R24,MO5,126,38,126,43,141
380/85R24,MO5,126,38,126,43,141
380/85R24,MO1,126,38,126,43,141
380/85R24,MO1,126,38,126,43,141
380/85R24,MO10,126,38,126,43,141
380/85R24,MO8,126,38,126,43,141
380/85R24,MO8,126,38,126,43,141
380/85R28,MO2,136,38,136,43,151
380/85R28,MO3,136,38,136,43,151
380/85R28,MO3,136,38,136,43,151
380/85R28,MO3,136,38,136,43,151
380/85R28,MO3,136,38,136,43,151
380/85R28,MO3,136,38,136,43,151
380/85R28,MO5,136,38,136,43,151
380/85R28,MO5,136,38,136,43,151
380/85R28,MO5,136,38,136,43,151
380/85R28,MO5,136,38,136,43,151
380/85R28,MO5,136,38,136,43,151
380/85R28,MO5,136,38,136,43,151
380/85R28,MO5,136,38,136,43,151
380/85R28,MO4,136,38,136,43,151
380/85R28,MO1,136,38,136,43,151
380/85R28,MO1,136,38,136,43,151
380/85R28,MO10,136,38,136,43,151
380/85R28,MO8,136,38,136,43,151
380/85R30,MO3,141,38,141,43,156
380/85R30,MO5,141,38,141,43,156
380/85R30,MO1,141,38,141,43,156
380/85R30,MO10,141,38,141,43,156
380/85R30,MO8,141,38,141,43,156
380/85R30,MO8,141,38,141,43,156
380/85R34,MO1,151,38,151,43,166
380/85R34,MO1,151,38,151,43,166
380/85R34,MO10,151,38,151,43,166
380/85R34,MO8,151,38,151,43,166
380/85R38,MO3,162,38,162,43,177
380/85R38,MO8,162,38,162,43,177
380/85R38,MO8,162,38,162,43,177
380/85R46,MO2,182,38,182,43,197
380/85R46,MO8,182,38,182,43,197
380/90R46,MO3,186,38,186,43,201
380/90R46,MO3,186,38,186,43,201
380/90R46,MO3,186,38,186,43,201
380/90R46,MO1,186,38,186,43,201
380/90R46,MO1,186,38,186,43,201
380/90R46,MO1,186,38,186,43,201
380/90R46,MO10,186,38,186,43,201
380/90R46,MO10,186,38,186,43,201
380/90R46,MO8,186,38,186,43,201
380/90R50,MO3,196,38,196,43,211
380/90R50,MO3,196,38,196,43,211
380/90R50,MO5,196,38,196,43,211
380/90R50,MO1,196,38,196,43,211
380/90R50,MO8,196,38,196,43,211
380/90R54,MO3,206,38,206,43,221
380/90R54,MO3,206,38,206,43,221
380/90R54,MO3,206,38,206,43,221
380/90R54,MO8,206,38,206,43,221
380/95R38,MO3,169,38,169,43,184
380/95R38,MO3,169,38,169,43,184
380/95R38,MO8,169,38,169,43,184
385/55R18,MO3,89,39,89,44,104
385/55R19.5,MO2,92,39,92,44,107
385/55R19.5,MO2,92,39,92,44,107
385/55R19.5,MO2,92,39,92,44,107
385/55R19.5,MO5,92,39,92,44,107
385/55R19.5,MO5,92,39,92,44,107
385/55R19.5,MO4,92,39,92,44,107
385/55R22.5,MO2,100,39,100,44,115
385/55R22.5,MO2,100,39,100,44,115
385/55R22.5,MO2,100,39,100,44,115
385/55R22.5,MO2,100,39,100,44,115
385/55R22.5,MO2,100,39,100,44,115
385/55R22.5,MO2,100,39,100,44,115
385/55R22.5,MO2,100,39,100,44,115
385/55R22.5,MO2,100,39,100,44,115
385/55R22.5,MO2,100,39,100,44,115
385/55R22.5,MO2,100,39,100,44,115
385/55R22.5,MO2,100,39,100,44,115
385/55R22.5,MO2,100,39,100,44,115
385/55R22.5,MO2,100,39,100,44,115
385/55R22.5,MO2,100,39,100,44,115
385/55R22.5,MO2,100,39,100,44,115
385/55R22.5,MO2,100,39,100,44,115
385/55R22.5,MO2,100,39,100,44,115
385/55R22.5,MO2,100,39,100,44,115
385/55R22.5,MO2,100,39,100,44,115
385/55R22.5,MO2,100,39,100,44,115
385/55R22.5,MO2,100,39,100,44,115
385/55R22.5,MO2,100,39,100,44,115
385/55R22.5,MO2,100,39,100,44,115
385/55R22.5,MO2,100,39,100,44,115
385/55R22.5,MO2,100,39,100,44,115
385/55R22.5,MO2,100,39,100,44,115
385/55R22.5,MO2,100,39,100,44,115
385/55R22.5,MO5,100,39,100,44,115
385/55R22.5,MO5,100,39,100,44,115
385/55R22.5,MO5,100,39,100,44,115
385/55R22.5,MO5,100,39,100,44,115
385/55R22.5,MO5,100,39,100,44,115
385/55R22.5,MO5,100,39,100,44,115
385/55R22.5,MO5,100,39,100,44,115
385/55R22.5,MO5,100,39,100,44,115
385/55R22.5,MO5,100,39,100,44,115
385/55R22.5,MO5,100,39,100,44,115
385/55R22.5,MO5,100,39,100,44,115
385/55R22.5,MO5,100,39,100,44,115
385/55R22.5,MO5,100,39,100,44,115
385/55R22.5,MO5,100,39,100,44,115
385/55R22.5,MO5,100,39,100,44,115
385/55R22.5,MO5,100,39,100,44,115
385/55R22.5,MO5,100,39,100,44,115
385/55R22.5,MO5,100,39,100,44,115
385/55R22.5,MO5,100,39,100,44,115
385/55R22.5,MO5,100,39,100,44,115
385/55R22.5,MO5,100,39,100,44,115
385/55R22.5,MO5,100,39,100,44,115
385/55R22.5,MO5,100,39,100,44,115
385/55R22.5,MO5,100,39,100,44,115
385/55R22.5,MO5,100,39,100,44,115
385/55R22.5,MO5,100,39,100,44,115
385/55R22.5,MO5,100,39,100,44,115
385/55R22.5,MO5,100,39,100,44,115
385/55R22.5,MO5,100,39,100,44,115
385/55R22.5,MO5,100,39,100,44,115
385/55R22.5,MO5,100,39,100,44,115
385/55R22.5,MO5,100,39,100,44,115
385/55R22.5,MO5,100,39,100,44,115
385/55R22.5,MO5,100,39,100,44,115
385/55R22.5,MO5,100,39,100,44,115
385/55R22.5,MO5,100,39,100,44,115
385/55R22.5,MO5,100,39,100,44,115
385/55R22.5,MO5,100,39,100,44,115
385/55R22.5,MO5,100,39,100,44,115
385/55R22.5,MO5,100,39,100,44,115
385/55R22.5,MO5,100,39,100,44,115
385/55R22.5,MO5,100,39,100,44,115
385/55R22.5,MO5,100,39,100,44,115
385/55R22.5,MO5,100,39,100,44,115
385/55R22.5,MO4,100,39,100,44,115
385/55R22.5,MO4,100,39,100,44,115
385/55R22.5,MO4,100,39,100,44,115
385/55R22.5,MO4,100,39,100,44,115
385/55R22.5,MO4,100,39,100,44,115
385/55R22.5,MO4,100,39,100,44,115
385/55R22.5,MO4,100,39,100,44,115
385/55R22.5,MO4,100,39,100,44,115
385/55R22.5,MO4,100,39,100,44,115
385/55R22.5,MO1,100,39,100,44,115
385/55R22.5,MO1,100,39,100,44,115
385/55R22.5,MO4,100,39,100,44,115
385/65R22.5,MO2,108,39,108,44,123
385/65R22.5,MO2,108,39,108,44,123
385/65R22.5,MO2,108,39,108,44,123
385/65R22.5,MO2,108,39,108,44,123
385/65R22.5,MO2,108,39,108,44,123
385/65R22.5,MO2,108,39,108,44,123
385/65R22.5,MO2,108,39,108,44,123
385/65R22.5,MO2,108,39,108,44,123
385/65R22.5,MO2,108,39,108,44,123
385/65R22.5,MO2,108,39,108,44,123
385/65R22.5,MO2,108,39,108,44,123
385/65R22.5,MO2,108,39,108,44,123
385/65R22.5,MO2,108,39,108,44,123
385/65R22.5,MO2,108,39,108,44,123
385/65R22.5,MO2,108,39,108,44,123
385/65R22.5,MO2,108,39,108,44,123
385/65R22.5,MO2,108,39,108,44,123
385/65R22.5,MO2,108,39,108,44,123
385/65R22.5,MO2,108,39,108,44,123
385/65R22.5,MO2,108,39,108,44,123
385/65R22.5,MO2,108,39,108,44,123
385/65R22.5,MO2,108,39,108,44,123
385/65R22.5,MO2,108,39,108,44,123
385/65R22.5,MO2,108,39,108,44,123
385/65R22.5,MO2,108,39,108,44,123
385/65R22.5,MO2,108,39,108,44,123
385/65R22.5,MO2,108,39,108,44,123
385/65R22.5,MO2,108,39,108,44,123
385/65R22.5,MO2,108,39,108,44,123
385/65R22.5,MO2,108,39,108,44,123
385/65R22.5,MO2,108,39,108,44,123
385/65R22.5,MO2,108,39,108,44,123
385/65R22.5,MO2,108,39,108,44,123
385/65R22.5,MO2,108,39,108,44,123
385/65R22.5,MO2,108,39,108,44,123
385/65R22.5,MO2,108,39,108,44,123
385/65R22.5,MO2,108,39,108,44,123
385/65R22.5,MO2,108,39,108,44,123
385/65R22.5,MO2,108,39,108,44,123
385/65R22.5,MO2,108,39,108,44,123
385/65R22.5,MO2,108,39,108,44,123
385/65R22.5,MO2,108,39,108,44,123
385/65R22.5,MO2,108,39,108,44,123
385/65R22.5,MO2,108,39,108,44,123
385/65R22.5,MO2,108,39,108,44,123
385/65R22.5,MO2,108,39,108,44,123
385/65R22.5,MO2,108,39,108,44,123
385/65R22.5,MO2,108,39,108,44,123
385/65R22.5,MO2,108,39,108,44,123
385/65R22.5,MO2,108,39,108,44,123
385/65R22.5,MO2,108,39,108,44,123
385/65R22.5,MO2,108,39,108,44,123
385/65R22.5,MO2,108,39,108,44,123
385/65R22.5,MO2,108,39,108,44,123
385/65R22.5,MO2,108,39,108,44,123
385/65R22.5,MO2,108,39,108,44,123
385/65R22.5,MO2,108,39,108,44,123
385/65R22.5,MO2,108,39,108,44,123
385/65R22.5,MO2,108,39,108,44,123
385/65R22.5,MO2,108,39,108,44,123
385/65R22.5,MO3,108,39,108,44,123
385/65R22.5,MO3,108,39,108,44,123
385/65R22.5,MO5,108,39,108,44,123
385/65R22.5,MO5,108,39,108,44,123
385/65R22.5,MO5,108,39,108,44,123
385/65R22.5,MO5,108,39,108,44,123
385/65R22.5,MO5,108,39,108,44,123
385/65R22.5,MO5,108,39,108,44,123
385/65R22.5,MO5,108,39,108,44,123
385/65R22.5,MO5,108,39,108,44,123
385/65R22.5,MO5,108,39,108,44,123
385/65R22.5,MO5,108,39,108,44,123
385/65R22.5,MO5,108,39,108,44,123
385/65R22.5,MO5,108,39,108,44,123
385/65R22.5,MO5,108,39,108,44,123
385/65R22.5,MO5,108,39,108,44,123
385/65R22.5,MO5,108,39,108,44,123
385/65R22.5,MO5,108,39,108,44,123
385/65R22.5,MO5,108,39,108,44,123
385/65R22.5,MO5,108,39,108,44,123
385/65R22.5,MO5,108,39,108,44,123
385/65R22.5,MO5,108,39,108,44,123
385/65R22.5,MO5,108,39,108,44,123
385/65R22.5,MO5,108,39,108,44,123
385/65R22.5,MO5,108,39,108,44,123
385/65R22.5,MO5,108,39,108,44,123
385/65R22.5,MO5,108,39,108,44,123
385/65R22.5,MO5,108,39,108,44,123
385/65R22.5,MO5,108,39,108,44,123
385/65R22.5,MO5,108,39,108,44,123
385/65R22.5,MO5,108,39,108,44,123
385/65R22.5,MO5,108,39,108,44,123
385/65R22.5,MO5,108,39,108,44,123
385/65R22.5,MO5,108,39,108,44,123
385/65R22.5,MO5,108,39,108,44,123
385/65R22.5,MO5,108,39,108,44,123
385/65R22.5,MO5,108,39,108,44,123
385/65R22.5,MO5,108,39,108,44,123
385/65R22.5,MO5,108,39,108,44,123
385/65R22.5,MO5,108,39,108,44,123
385/65R22.5,MO5,108,39,108,44,123
385/65R22.5,MO5,108,39,108,44,123
385/65R22.5,MO5,108,39,108,44,123
385/65R22.5,MO5,108,39,108,44,123
385/65R22.5,MO5,108,39,108,44,123
385/65R22.5,MO5,108,39,108,44,123
385/65R22.5,MO5,108,39,108,44,123
385/65R22.5,MO5,108,39,108,44,123
385/65R22.5,MO5,108,39,108,44,123
385/65R22.5,MO5,108,39,108,44,123
385/65R22.5,MO5,108,39,108,44,123
385/65R22.5,MO5,108,39,108,44,123
385/65R22.5,MO5,108,39,108,44,123
385/65R22.5,MO5,108,39,108,44,123
385/65R22.5,MO5,108,39,108,44,123
385/65R22.5,MO5,108,39,108,44,123
385/65R22.5,MO5,108,39,108,44,123
385/65R22.5,MO5,108,39,108,44,123
385/65R22.5,MO5,108,39,108,44,123
385/65R22.5,MO5,108,39,108,44,123
385/65R22.5,MO5,108,39,108,44,123
385/65R22.5,MO5,108,39,108,44,123
385/65R22.5,MO5,108,39,108,44,123
385/65R22.5,MO5,108,39,108,44,123
385/65R22.5,MO5,108,39,108,44,123
385/65R22.5,MO5,108,39,108,44,123
385/65R22.5,MO5,108,39,108,44,123
385/65R22.5,MO5,108,39,108,44,123
385/65R22.5,MO5,108,39,108,44,123
385/65R22.5,MO5,108,39,108,44,123
385/65R22.5,MO5,108,39,108,44,123
385/65R22.5,MO5,108,39,108,44,123
385/65R22.5,MO5,108,39,108,44,123
385/65R22.5,MO4,108,39,108,44,123
385/65R22.5,MO4,108,39,108,44,123
385/65R22.5,MO4,108,39,108,44,123
385/65R22.5,MO4,108,39,108,44,123
385/65R22.5,MO4,108,39,108,44,123
385/65R22.5,MO4,108,39,108,44,123
385/65R22.5,MO4,108,39,108,44,123
385/65R22.5,MO4,108,39,108,44,123
385/65R22.5,MO4,108,39,108,44,123
385/65R22.5,MO4,108,39,108,44,123
385/65R22.5,MO4,108,39,108,44,123
385/65R22.5,MO4,108,39,108,44,123
385/65R22.5,MO4,108,39,108,44,123
385/65R22.5,MO4,108,39,108,44,123
385/65R22.5,MO4,108,39,108,44,123
385/65R22.5,MO4,108,39,108,44,123
385/65R22.5,MO4,108,39,108,44,123
385/65R22.5,MO4,108,39,108,44,123
385/65R22.5,MO4,108,39,108,44,123
385/65R22.5,MO4,108,39,108,44,123
385/65R22.5,MO4,108,39,108,44,123
385/65R22.5,MO4,108,39,108,44,123
385/65R22.5,MO4,108,39,108,44,123
385/65R22.5,MO4,108,39,108,44,123
385/65R22.5,MO4,108,39,108,44,123
385/65R22.5,MO4,108,39,108,44,123
385/65R22.5,MO4,108,39,108,44,123
385/65R22.5,MO4,108,39,108,44,123
385/65R22.5,MO1,108,39,108,44,123
385/65R22.5,MO1,108,39,108,44,123
385/95R25,MO5,137,39,137,44,152
4.00-10,MO2,43,11,43,16,58
4.00-10,MO2,43,11,43,16,58
4.00-10,MO5,43,11,43,16,58
4.00-10,MO5,43,11,43,16,58
4.00-10,MO5,43,11,43,16,58
4.00-10,MO5,43,11,43,16,58
4.00-10,MO4,43,11,43,16,58
4.00-10,MO4,43,11,43,16,58
4.00-12,MO2,48,11,48,16,63
4.00-12,MO5,48,11,48,16,63
4.00-12,MO4,48,11,48,16,63
4.00-12,MO1,48,11,48,16,63
4.00-12,MO8,48,11,48,16,63
4.00-15,MO5,55,11,55,16,70
4.00-15,MO4,55,11,55,16,70
4.00-15,MO8,55,11,55,16,70
4.00-16,MO2,58,11,58,16,73
4.00-16,MO2,58,11,58,16,73
4.00-16,MO5,58,11,58,16,73
4.00-16,MO4,58,11,58,16,73
4.00-21,MO8,71,11,71,16,86
4.00-36,MO2,109,11,109,16,124
4.00-4,MO5,28,11,28,16,43
4.00-4,MO5,28,11,28,16,43
4.00-4,MO4,28,11,28,16,43
4.00-4,MO4,28,11,28,16,43
4.00-4,MO8,28,11,28,16,43
4.00-4,MO8,28,11,28,16,43
4.00-6,MO2,33,11,33,16,48
4.00-6,MO5,33,11,33,16,48
4.00-6,MO5,33,11,33,16,48
4.00-6,MO5,33,11,33,16,48
4.00-6,MO4,33,11,33,16,48
4.00-6,MO4,33,11,33,16,48
4.00-6,MO4,33,11,33,16,48
4.00-6,MO4,33,11,33,16,48
4.00-6,MO8,33,11,33,16,48
4.00-6,MO8,33,11,33,16,48
4.00-8,MO2,38,11,38,16,53
4.00-8,MO2,38,11,38,16,53
4.00-8,MO2,38,11,38,16,53
4.00-8,MO2,38,11,38,16,53
4.00-8,MO2,38,11,38,16,53
4.00-8,MO2,38,11,38,16,53
4.00-8,MO2,38,11,38,16,53
4.00-8,MO2,38,11,38,16,53
4.00-8,MO5,38,11,38,16,53
4.00-8,MO5,38,11,38,16,53
4.00-8,MO5,38,11,38,16,53
4.00-8,MO5,38,11,38,16,53
4.00-8,MO4,38,11,38,16,53
4.00-8,MO4,38,11,38,16,53
4.00-8,MO4,38,11,38,16,53
4.00-8,MO4,38,11,38,16,53
4.00-8,MO8,38,11,38,16,53
4.00-8,MO8,38,11,38,16,53
4.00-8,MO8,38,11,38,16,53
4.00-8,MO8,38,11,38,16,53
4.00-8,MO8,38,11,38,16,53
4.00-8,MO8,38,11,38,16,53
4.00-8,MO8,38,11,38,16,53
4.00-8,MO8,38,11,38,16,53
4.00-8,MO8,38,11,38,16,53
4.00-8,MO8,38,11,38,16,53
4.00-8,MO8,38,11,38,16,53
4.10-4,MO2,28,11,28,16,43
4.10-4,MO8,28,11,28,16,43
4.40-10,MO8,44,12,44,17,59
4.50-16,MO3,60,12,60,17,75
4.50-19,MO8,68,12,68,17,83
400/45-15.5,MO8,76,40,76,45,91
400/45L-17.5,MO1,81,40,81,45,96
400/50-15,MO8,79,40,79,45,94
400/55-17.5,MO3,89,40,89,45,104
400/55-17.5,MO1,89,40,89,45,104
400/55-17.5,MO8,89,40,89,45,104
400/55-17.5,MO8,89,40,89,45,104
400/55-17.5,MO8,89,40,89,45,104
400/55-22.5,MO2,102,40,102,45,117
400/55-22.5,MO1,102,40,102,45,117
400/55-22.5,MO8,102,40,102,45,117
400/55-22.5,MO8,102,40,102,45,117
400/60-15.5,MO2,88,40,88,45,103
400/60-15.5,MO2,88,40,88,45,103
400/60-15.5,MO2,88,40,88,45,103
400/60-15.5,MO2,88,40,88,45,103
400/60-15.5,MO2,88,40,88,45,103
400/60-15.5,MO2,88,40,88,45,103
400/60-15.5,MO2,88,40,88,45,103
400/60-15.5,MO2,88,40,88,45,103
400/60-15.5,MO2,88,40,88,45,103
400/60-15.5,MO3,88,40,88,45,103
400/60-15.5,MO3,88,40,88,45,103
400/60-15.5,MO3,88,40,88,45,103
400/60-15.5,MO5,88,40,88,45,103
400/60-15.5,MO5,88,40,88,45,103
400/60-15.5,MO5,88,40,88,45,103
400/60-15.5,MO5,88,40,88,45,103
400/60-15.5,MO5,88,40,88,45,103
400/60-15.5,MO5,88,40,88,45,103
400/60-15.5,MO5,88,40,88,45,103
400/60-15.5,MO4,88,40,88,45,103
400/60-15.5,MO4,88,40,88,45,103
400/60-15.5,MO1,88,40,88,45,103
400/60-15.5,MO1,88,40,88,45,103
400/60-15.5,MO10,88,40,88,45,103
400/60-15.5,MO10,88,40,88,45,103
400/60-15.5,MO8,88,40,88,45,103
400/60-15.5,MO8,88,40,88,45,103
400/60-15.5,MO8,88,40,88,45,103
400/60-22.5,MO2,106,40,106,45,121
400/60-22.5,MO2,106,40,106,45,121
400/60-26.5,MO8,116,40,116,45,131
400/60R18,MO7,94,40,94,45,109
400/70-20,MO3,107,40,107,45,122
400/70-20,MO5,107,40,107,45,122
400/70-24,MO2,117,40,117,45,132
400/70-24,MO3,117,40,117,45,132
400/70-24,MO5,117,40,117,45,132
400/70R18,MO7,102,40,102,45,117
400/70R18,MO2,102,40,102,45,117
400/70R18,MO3,102,40,102,45,117
400/70R18,MO5,102,40,102,45,117
400/70R18,MO8,102,40,102,45,117
400/70R20,MO7,107,40,107,45,122
400/70R20,MO2,107,40,107,45,122
400/70R20,MO2,107,40,107,45,122
400/70R20,MO2,107,40,107,45,122
400/70R20,MO2,107,40,107,45,122
400/70R20,MO3,107,40,107,45,122
400/70R20,MO3,107,40,107,45,122
400/70R20,MO3,107,40,107,45,122
400/70R20,MO3,107,40,107,45,122
400/70R20,MO5,107,40,107,45,122
400/70R20,MO5,107,40,107,45,122
400/70R20,MO1,107,40,107,45,122
400/70R20,MO8,107,40,107,45,122
400/70R20,MO8,107,40,107,45,122
400/70R24,MO2,117,40,117,45,132
400/70R24,MO3,117,40,117,45,132
400/70R24,MO3,117,40,117,45,132
400/70R24,MO5,117,40,117,45,132
400/70R24,MO5,117,40,117,45,132
400/70R24,MO5,117,40,117,45,132
400/70R24,MO8,117,40,117,45,132
400/75R38,MO8,157,40,157,45,172
400/80-24,MO3,125,40,125,45,140
400/80-24,MO3,125,40,125,45,140
400/80-24,MO3,125,40,125,45,140
400/80-24,MO3,125,40,125,45,140
400/80-24,MO5,125,40,125,45,140
400/80-24,MO5,125,40,125,45,140
400/80R24,MO7,125,40,125,45,140
400/80R24,MO7,125,40,125,45,140
400/80R24,MO3,125,40,125,45,140
400/80R24,MO3,125,40,125,45,140
400/80R24,MO5,125,40,125,45,140
400/80R28,MO7,136,40,136,45,151
400/80R28,MO7,136,40,136,45,151
400/80R28,MO3,136,40,136,45,151
400/80R28,MO5,136,40,136,45,151
405/70-20,MO2,108,41,108,46,123
405/70-20,MO2,108,41,108,46,123
405/70-20,MO2,108,41,108,46,123
405/70-20,MO5,108,41,108,46,123
405/70-20,MO5,108,41,108,46,123
405/70-20,MO5,108,41,108,46,123
405/70-20,MO5,108,41,108,46,123
405/70-20,MO5,108,41,108,46,123
405/70-20,MO4,108,41,108,46,123
405/70-20,MO1,108,41,108,46,123
405/70-20,MO1,108,41,108,46,123
405/70-20,MO1,108,41,108,46,123
405/70-24,MO2,118,41,118,46,133
405/70-24,MO2,118,41,118,46,133
405/70-24,MO5,118,41,118,46,133
405/70-24,MO1,118,41,118,46,133
405/70-24,MO1,118,41,118,46,133
405/70R18,MO2,103,41,103,46,118
405/70R18,MO2,103,41,103,46,118
405/70R18,MO2,103,41,103,46,118
405/70R18,MO3,103,41,103,46,118
405/70R18,MO5,103,41,103,46,118
405/70R18,MO1,103,41,103,46,118
405/70R20,MO2,108,41,108,46,123
405/70R20,MO2,108,41,108,46,123
405/70R20,MO2,108,41,108,46,123
405/70R20,MO5,108,41,108,46,123
405/70R20,MO5,108,41,108,46,123
405/70R20,MO5,108,41,108,46,123
405/70R20,MO1,108,41,108,46,123
405/70R20,MO8,108,41,108,46,123
405/70R24,MO2,118,41,118,46,133
405/70R24,MO5,118,41,118,46,133
405/70R24,MO5,118,41,118,46,133
405/70R24,MO5,118,41,118,46,133
405/70R24,MO1,118,41,118,46,133
405/70R24,MO1,118,41,118,46,133
41x14.00-20,MO3,105,36,105,41,120
420/55-17,MO8,90,42,90,47,105
420/55-17,MO8,90,42,90,47,105
420/55-17,MO8,90,42,90,47,105
420/65R20,MO2,106,42,106,47,121
420/65R20,MO3,106,42,106,47,121
420/65R20,MO1,106,42,106,47,121
420/65R24,MO7,116,42,116,47,131
420/65R24,MO7,116,42,116,47,131
420/65R24,MO2,116,42,116,47,131
420/65R24,MO2,116,42,116,47,131
420/65R24,MO2,116,42,116,47,131
420/65R24,MO3,116,42,116,47,131
420/65R24,MO1,116,42,116,47,131
420/65R28,MO2,126,42,126,47,141
420/65R28,MO8,126,42,126,47,141
420/70-24,MO2,120,42,120,47,135
420/70-28,MO2,130,42,130,47,145
420/70-28,MO1,130,42,130,47,145
420/70R24,MO2,120,42,120,47,135
420/70R24,MO2,120,42,120,47,135
420/70R24,MO2,120,42,120,47,135
420/70R24,MO3,120,42,120,47,135
420/70R24,MO3,120,42,120,47,135
420/70R24,MO3,120,42,120,47,135
420/70R24,MO3,120,42,120,47,135
420/70R24,MO3,120,42,120,47,135
420/70R24,MO5,120,42,120,47,135
420/70R24,MO5,120,42,120,47,135
420/70R24,MO5,120,42,120,47,135
420/70R24,MO5,120,42,120,47,135
420/70R24,MO5,120,42,120,47,135
420/70R24,MO5,120,42,120,47,135
420/70R24,MO5,120,42,120,47,135
420/70R24,MO5,120,42,120,47,135
420/70R24,MO5,120,42,120,47,135
420/70R24,MO5,120,42,120,47,135
420/70R24,MO4,120,42,120,47,135
420/70R24,MO4,120,42,120,47,135
420/70R24,MO1,120,42,120,47,135
420/70R24,MO10,120,42,120,47,135
420/70R24,MO10,120,42,120,47,135
420/70R24,MO8,120,42,120,47,135
420/70R28,MO7,130,42,130,47,145
420/70R28,MO2,130,42,130,47,145
420/70R28,MO2,130,42,130,47,145
420/70R28,MO2,130,42,130,47,145
420/70R28,MO2,130,42,130,47,145
420/70R28,MO2,130,42,130,47,145
420/70R28,MO2,130,42,130,47,145
420/70R28,MO3,130,42,130,47,145
420/70R28,MO3,130,42,130,47,145
420/70R28,MO3,130,42,130,47,145
420/70R28,MO3,130,42,130,47,145
420/70R28,MO5,130,42,130,47,145
420/70R28,MO5,130,42,130,47,145
420/70R28,MO5,130,42,130,47,145
420/70R28,MO5,130,42,130,47,145
420/70R28,MO5,130,42,130,47,145
420/70R28,MO5,130,42,130,47,145
420/70R28,MO5,130,42,130,47,145
420/70R28,MO5,130,42,130,47,145
420/70R28,MO5,130,42,130,47,145
420/70R28,MO4,130,42,130,47,145
420/70R28,MO1,130,42,130,47,145
420/70R28,MO1,130,42,130,47,145
420/70R28,MO10,130,42,130,47,145
420/70R28,MO8,130,42,130,47,145
420/70R28,MO8,130,42,130,47,145
420/70R28,MO8,130,42,130,47,145
420/70R30,MO2,135,42,135,47,150
420/70R30,MO3,135,42,135,47,150
420/70R30,MO3,135,42,135,47,150
420/70R30,MO5,135,42,135,47,150
420/70R30,MO5,135,42,135,47,150
420/70R30,MO4,135,42,135,47,150
420/70R30,MO1,135,42,135,47,150
420/70R30,MO10,135,42,135,47,150
420/70R30,MO8,135,42,135,47,150
420/80R46,MO2,185,42,185,47,200
420/80R46,MO3,185,42,185,47,200
420/80R46,MO3,185,42,185,47,200
420/80R46,MO3,185,42,185,47,200
420/80R46,MO1,185,42,185,47,200
420/80R46,MO1,185,42,185,47,200
420/85-28,MO7,143,42,143,47,158
420/85-28,MO8,143,42,143,47,158
420/85-30,MO7,148,42,148,47,163
420/85-30,MO2,148,42,148,47,163
420/85-30,MO2,148,42,148,47,163
420/85-30,MO1,148,42,148,47,163
420/85-34,MO7,158,42,158,47,173
420/85-34,MO1,158,42,158,47,173
420/85-34,MO8,158,42,158,47,173
420/85-34,MO8,158,42,158,47,173
420/85-38,MO7,168,42,168,47,183
420/85-38,MO8,168,42,168,47,183
420/85R24,MO3,133,42,133,47,148
420/85R24,MO3,133,42,133,47,148
420/85R24,MO5,133,42,133,47,148
420/85R24,MO5,133,42,133,47,148
420/85R24,MO5,133,42,133,47,148
420/85R24,MO5,133,42,133,47,148
420/85R24,MO5,133,42,133,47,148
420/85R24,MO5,133,42,133,47,148
420/85R24,MO5,133,42,133,47,148
420/85R24,MO5,133,42,133,47,148
420/85R24,MO1,133,42,133,47,148
420/85R24,MO10,133,42,133,47,148
420/85R24,MO8,133,42,133,47,148
420/85R26,MO1,138,42,138,47,153
420/85R28,MO3,143,42,143,47,158
420/85R28,MO3,143,42,143,47,158
420/85R28,MO3,143,42,143,47,158
420/85R28,MO3,143,42,143,47,158
420/85R28,MO5,143,42,143,47,158
420/85R28,MO5,143,42,143,47,158
420/85R28,MO5,143,42,143,47,158
420/85R28,MO5,143,42,143,47,158
420/85R28,MO5,143,42,143,47,158
420/85R28,MO5,143,42,143,47,158
420/85R28,MO5,143,42,143,47,158
420/85R28,MO1,143,42,143,47,158
420/85R28,MO10,143,42,143,47,158
420/85R28,MO8,143,42,143,47,158
420/85R30,MO3,148,42,148,47,163
420/85R30,MO3,148,42,148,47,163
420/85R30,MO3,148,42,148,47,163
420/85R30,MO3,148,42,148,47,163
420/85R30,MO3,148,42,148,47,163
420/85R30,MO5,148,42,148,47,163
420/85R30,MO5,148,42,148,47,163
420/85R30,MO5,148,42,148,47,163
420/85R30,MO5,148,42,148,47,163
420/85R30,MO5,148,42,148,47,163
420/85R30,MO5,148,42,148,47,163
420/85R30,MO1,148,42,148,47,163
420/85R30,MO1,148,42,148,47,163
420/85R30,MO10,148,42,148,47,163
420/85R30,MO8,148,42,148,47,163
420/85R34,MO3,158,42,158,47,173
420/85R34,MO3,158,42,158,47,173
420/85R34,MO3,158,42,158,47,173
420/85R34,MO3,158,42,158,47,173
420/85R34,MO3,158,42,158,47,173
420/85R34,MO5,158,42,158,47,173
420/85R34,MO5,158,42,158,47,173
420/85R34,MO5,158,42,158,47,173
420/85R34,MO5,158,42,158,47,173
420/85R34,MO5,158,42,158,47,173
420/85R34,MO5,158,42,158,47,173
420/85R34,MO5,158,42,158,47,173
420/85R34,MO5,158,42,158,47,173
420/85R34,MO5,158,42,158,47,173
420/85R34,MO5,158,42,158,47,173
420/85R34,MO4,158,42,158,47,173
420/85R34,MO1,158,42,158,47,173
420/85R34,MO1,158,42,158,47,173
420/85R34,MO1,158,42,158,47,173
420/85R34,MO10,158,42,158,47,173
420/85R34,MO8,158,42,158,47,173
420/85R34,MO8,158,42,158,47,173
420/85R38,MO3,168,42,168,47,183
420/85R38,MO3,168,42,168,47,183
420/85R38,MO3,168,42,168,47,183
420/85R38,MO3,168,42,168,47,183
420/85R38,MO3,168,42,168,47,183
420/85R38,MO5,168,42,168,47,183
420/85R38,MO5,168,42,168,47,183
420/85R38,MO5,168,42,168,47,183
420/85R38,MO5,168,42,168,47,183
420/85R38,MO5,168,42,168,47,183
420/85R38,MO5,168,42,168,47,183
420/85R38,MO1,168,42,168,47,183
420/85R38,MO1,168,42,168,47,183
420/85R38,MO10,168,42,168,47,183
420/85R38,MO8,168,42,168,47,183
420/85R38,MO8,168,42,168,47,183
420/90R30,MO2,152,42,152,47,167
420/90R30,MO3,152,42,152,47,167
420/90R30,MO3,152,42,152,47,167
420/90R30,MO3,152,42,152,47,167
420/90R30,MO1,152,42,152,47,167
420/90R30,MO8,152,42,152,47,167
425/50-18,MO3,89,43,89,48,104
425/55R17,MO2,90,43,90,48,105
425/55R17,MO5,90,43,90,48,105
425/65R22.5,MO2,113,43,113,48,128
425/65R22.5,MO2,113,43,113,48,128
425/65R22.5,MO2,113,43,113,48,128
425/65R22.5,MO5,113,43,113,48,128
425/65R22.5,MO5,113,43,113,48,128
425/65R22.5,MO5,113,43,113,48,128
425/65R22.5,MO4,113,43,113,48,128
425/75R20,MO8,115,43,115,48,130
435/50R19.5,MO2,94,44,94,49,109
435/50R19.5,MO2,94,44,94,49,109
435/50R19.5,MO2,94,44,94,49,109
435/50R19.5,MO2,94,44,94,49,109
435/50R19.5,MO2,94,44,94,49,109
435/50R19.5,MO2,94,44,94,49,109
435/50R19.5,MO2,94,44,94,49,109
435/50R19.5,MO5,94,44,94,49,109
435/50R19.5,MO5,94,44,94,49,109
435/50R19.5,MO5,94,44,94,49,109
435/50R19.5,MO5,94,44,94,49,109
435/50R19.5,MO5,94,44,94,49,109
435/50R19.5,MO5,94,44,94,49,109
435/50R19.5,MO5,94,44,94,49,109
435/50R19.5,MO5,94,44,94,49,109
435/50R19.5,MO5,94,44,94,49,109
435/50R19.5,MO4,94,44,94,49,109
435/50R19.5,MO4,94,44,94,49,109
435/50R19.5,MO4,94,44,94,49,109
435/50R19.5,MO1,94,44,94,49,109
440/65R20,MO3,108,44,108,49,123
440/65R20,MO3,108,44,108,49,123
440/65R24,MO2,119,44,119,49,134
440/65R24,MO3,119,44,119,49,134
440/65R24,MO3,119,44,119,49,134
440/65R24,MO3,119,44,119,49,134
440/65R24,MO3,119,44,119,49,134
440/65R24,MO3,119,44,119,49,134
440/65R24,MO3,119,44,119,49,134
440/65R24,MO3,119,44,119,49,134
440/65R24,MO5,119,44,119,49,134
440/65R24,MO5,119,44,119,49,134
440/65R24,MO5,119,44,119,49,134
440/65R24,MO1,119,44,119,49,134
440/65R24,MO1,119,44,119,49,134
440/65R24,MO10,119,44,119,49,134
440/65R24,MO10,119,44,119,49,134
440/65R24,MO10,119,44,119,49,134
440/65R24,MO8,119,44,119,49,134
440/65R24,MO8,119,44,119,49,134
440/65R28,MO2,129,44,129,49,144
440/65R28,MO2,129,44,129,49,144
440/65R28,MO3,129,44,129,49,144
440/65R28,MO3,129,44,129,49,144
440/65R28,MO3,129,44,129,49,144
440/65R28,MO3,129,44,129,49,144
440/65R28,MO5,129,44,129,49,144
440/65R28,MO5,129,44,129,49,144
440/65R28,MO5,129,44,129,49,144
440/65R28,MO5,129,44,129,49,144
440/65R28,MO1,129,44,129,49,144
440/65R28,MO1,129,44,129,49,144
440/65R28,MO10,129,44,129,49,144
440/65R28,MO8,129,44,129,49,144
440/65R28,MO8,129,44,129,49,144
440/70R28,MO5,133,44,133,49,148
440/80-24,MO3,132,44,132,49,147
440/80-24,MO5,132,44,132,49,147
440/80-24,MO1,132,44,132,49,147
440/80-28,MO3,142,44,142,49,157
440/80-28,MO5,142,44,142,49,157
440/80-28,MO5,142,44,142,49,157
440/80-28,MO4,142,44,142,49,157
440/80-28,MO1,142,44,142,49,157
440/80-28,MO8,142,44,142,49,157
440/80-30,MO2,147,44,147,49,162
440/80R24,MO7,132,44,132,49,147
440/80R24,MO7,132,44,132,49,147
440/80R24,MO3,132,44,132,49,147
440/80R24,MO5,132,44,132,49,147
440/80R24,MO1,132,44,132,49,147
440/80R24,MO8,132,44,132,49,147
440/80R28,MO7,142,44,142,49,157
440/80R28,MO7,142,44,142,49,157
440/80R28,MO2,142,44,142,49,157
440/80R28,MO2,142,44,142,49,157
440/80R28,MO2,142,44,142,49,157
440/80R28,MO3,142,44,142,49,157
440/80R28,MO3,142,44,142,49,157
440/80R28,MO3,142,44,142,49,157
440/80R28,MO3,142,44,142,49,157
440/80R28,MO5,142,44,142,49,157
440/80R28,MO5,142,44,142,49,157
440/80R28,MO5,142,44,142,49,157
440/80R28,MO8,142,44,142,49,157
440/80R30,MO7,147,44,147,49,162
440/80R30,MO7,147,44,147,49,162
440/80R30,MO3,147,44,147,49,162
440/80R34,MO7,157,44,157,49,172
440/80R34,MO7,157,44,157,49,172
440/80R34,MO3,157,44,157,49,172
445/45R19.5,MO2,90,45,90,50,105
445/45R19.5,MO2,90,45,90,50,105
445/45R19.5,MO2,90,45,90,50,105
445/45R19.5,MO2,90,45,90,50,105
445/45R19.5,MO2,90,45,90,50,105
445/45R19.5,MO5,90,45,90,50,105
445/45R19.5,MO5,90,45,90,50,105
445/45R19.5,MO5,90,45,90,50,105
445/45R19.5,MO5,90,45,90,50,105
445/45R19.5,MO5,90,45,90,50,105
445/45R19.5,MO5,90,45,90,50,105
445/45R19.5,MO5,90,45,90,50,105
445/45R19.5,MO5,90,45,90,50,105
445/45R19.5,MO5,90,45,90,50,105
445/45R19.5,MO4,90,45,90,50,105
445/45R19.5,MO4,90,45,90,50,105
445/45R19.5,MO4,90,45,90,50,105
445/45R19.5,MO4,90,45,90,50,105
445/45R19.5,MO1,90,45,90,50,105
445/65R22.5,MO2,115,45,115,50,130
445/65R22.5,MO2,115,45,115,50,130
445/65R22.5,MO2,115,45,115,50,130
445/65R22.5,MO2,115,45,115,50,130
445/65R22.5,MO2,115,45,115,50,130
445/65R22.5,MO2,115,45,115,50,130
445/65R22.5,MO2,115,45,115,50,130
445/65R22.5,MO5,115,45,115,50,130
445/65R22.5,MO5,115,45,115,50,130
445/65R22.5,MO5,115,45,115,50,130
445/65R22.5,MO5,115,45,115,50,130
445/65R22.5,MO5,115,45,115,50,130
445/65R22.5,MO5,115,45,115,50,130
445/65R22.5,MO1,115,45,115,50,130
445/65R22.5,MO8,115,45,115,50,130
445/70R19.5,MO3,112,45,112,50,127
44x18.00-20,MO2,112,46,112,51,127
455/40R22.5,MO5,94,46,94,51,109
460/65R24,MO7,121,46,121,51,136
460/70-24,MO5,126,46,126,51,141
460/70R24,MO7,126,46,126,51,141
460/70R24,MO2,126,46,126,51,141
460/70R24,MO2,126,46,126,51,141
460/70R24,MO2,126,46,126,51,141
460/70R24,MO3,126,46,126,51,141
460/70R24,MO3,126,46,126,51,141
460/70R24,MO3,126,46,126,51,141
460/70R24,MO3,126,46,126,51,141
460/70R24,MO3,126,46,126,51,141
460/70R24,MO3,126,46,126,51,141
460/70R24,MO3,126,46,126,51,141
460/70R24,MO3,126,46,126,51,141
460/70R24,MO3,126,46,126,51,141
460/70R24,MO3,126,46,126,51,141
460/70R24,MO3,126,46,126,51,141
460/70R24,MO5,126,46,126,51,141
460/70R24,MO5,126,46,126,51,141
460/70R24,MO5,126,46,126,51,141
460/70R24,MO5,126,46,126,51,141
460/70R24,MO5,126,46,126,51,141
460/70R24,MO5,126,46,126,51,141
460/70R24,MO5,126,46,126,51,141
460/70R24,MO5,126,46,126,51,141
460/70R24,MO5,126,46,126,51,141
460/70R24,MO5,126,46,126,51,141
460/70R24,MO5,126,46,126,51,141
460/70R24,MO5,126,46,126,51,141
460/70R24,MO5,126,46,126,51,141
460/70R24,MO5,126,46,126,51,141
460/70R24,MO5,126,46,126,51,141
460/70R24,MO5,126,46,126,51,141
460/70R24,MO4,126,46,126,51,141
460/70R24,MO1,126,46,126,51,141
460/70R24,MO1,126,46,126,51,141
460/70R24,MO1,126,46,126,51,141
460/70R24,MO1,126,46,126,51,141
460/70R24,MO1,126,46,126,51,141
460/70R24,MO10,126,46,126,51,141
460/70R24,MO10,126,46,126,51,141
460/70R24,MO10,126,46,126,51,141
460/70R24,MO8,126,46,126,51,141
460/70R24,MO8,126,46,126,51,141
460/85-30,MO2,155,46,155,51,170
460/85-30,MO8,155,46,155,51,170
460/85-34,MO7,165,46,165,51,180
460/85-34,MO8,165,46,165,51,180
460/85-38,MO7,175,46,175,51,190
460/85-38,MO1,175,46,175,51,190
460/85-38,MO8,175,46,175,51,190
460/85R30,MO5,155,46,155,51,170
460/85R30,MO5,155,46,155,51,170
460/85R30,MO5,155,46,155,51,170
460/85R30,MO1,155,46,155,51,170
460/85R30,MO10,155,46,155,51,170
460/85R30,MO10,155,46,155,51,170
460/85R30,MO8,155,46,155,51,170
460/85R34,MO3,165,46,165,51,180
460/85R34,MO3,165,46,165,51,180
460/85R34,MO3,165,46,165,51,180
460/85R34,MO3,165,46,165,51,180
460/85R34,MO3,165,46,165,51,180
460/85R34,MO5,165,46,165,51,180
460/85R34,MO5,165,46,165,51,180
460/85R34,MO5,165,46,165,51,180
460/85R34,MO5,165,46,165,51,180
460/85R34,MO5,165,46,165,51,180
460/85R34,MO1,165,46,165,51,180
460/85R34,MO1,165,46,165,51,180
460/85R34,MO1,165,46,165,51,180
460/85R34,MO10,165,46,165,51,180
460/85R34,MO8,165,46,165,51,180
460/85R38,MO3,175,46,175,51,190
460/85R38,MO3,175,46,175,51,190
460/85R38,MO3,175,46,175,51,190
460/85R38,MO3,175,46,175,51,190
460/85R38,MO3,175,46,175,51,190
460/85R38,MO3,175,46,175,51,190
460/85R38,MO5,175,46,175,51,190
460/85R38,MO5,175,46,175,51,190
460/85R38,MO5,175,46,175,51,190
460/85R38,MO5,175,46,175,51,190
460/85R38,MO5,175,46,175,51,190
460/85R38,MO1,175,46,175,51,190
460/85R38,MO10,175,46,175,51,190
460/85R38,MO8,175,46,175,51,190
460/85R38,MO8,175,46,175,51,190
460/85R42,MO3,185,46,185,51,200
460/85R42,MO3,185,46,185,51,200
475/65-20,MO3,113,48,113,53,128
480/45-17,MO1,87,48,87,53,102
480/45-17,MO1,87,48,87,53,102
480/45-17,MO8,87,48,87,53,102
480/45-17,MO8,87,48,87,53,102
480/60R28,MO8,129,48,129,53,144
480/65-22.5,MO2,120,48,120,53,135
480/65-22.5,MO2,120,48,120,53,135
480/65-22.5,MO5,120,48,120,53,135
480/65-24,MO2,124,48,124,53,139
480/65R24,MO2,124,48,124,53,139
480/65R24,MO2,124,48,124,53,139
480/65R24,MO2,124,48,124,53,139
480/65R24,MO2,124,48,124,53,139
480/65R24,MO3,124,48,124,53,139
480/65R24,MO3,124,48,124,53,139
480/65R24,MO3,124,48,124,53,139
480/65R24,MO5,124,48,124,53,139
480/65R24,MO5,124,48,124,53,139
480/65R24,MO5,124,48,124,53,139
480/65R24,MO5,124,48,124,53,139
480/65R24,MO5,124,48,124,53,139
480/65R24,MO5,124,48,124,53,139
480/65R24,MO5,124,48,124,53,139
480/65R24,MO5,124,48,124,53,139
480/65R24,MO1,124,48,124,53,139
480/65R24,MO1,124,48,124,53,139
480/65R24,MO10,124,48,124,53,139
480/65R24,MO8,124,48,124,53,139
480/65R24,MO8,124,48,124,53,139
480/65R28,MO7,134,48,134,53,149
480/65R28,MO7,134,48,134,53,149
480/65R28,MO7,134,48,134,53,149
480/65R28,MO2,134,48,134,53,149
480/65R28,MO2,134,48,134,53,149
480/65R28,MO2,134,48,134,53,149
480/65R28,MO2,134,48,134,53,149
480/65R28,MO3,134,48,134,53,149
480/65R28,MO3,134,48,134,53,149
480/65R28,MO3,134,48,134,53,149
480/65R28,MO3,134,48,134,53,149
480/65R28,MO3,134,48,134,53,149
480/65R28,MO3,134,48,134,53,149
480/65R28,MO3,134,48,134,53,149
480/65R28,MO5,134,48,134,53,149
480/65R28,MO5,134,48,134,53,149
480/65R28,MO5,134,48,134,53,149
480/65R28,MO5,134,48,134,53,149
480/65R28,MO5,134,48,134,53,149
480/65R28,MO5,134,48,134,53,149
480/65R28,MO1,134,48,134,53,149
480/65R28,MO1,134,48,134,53,149
480/65R28,MO1,134,48,134,53,149
480/65R28,MO1,134,48,134,53,149
480/65R28,MO10,134,48,134,53,149
480/65R28,MO8,134,48,134,53,149
480/65R28,MO8,134,48,134,53,149
480/65R28,MO8,134,48,134,53,149
480/70-28,MO1,139,48,139,53,154
480/70-34,MO2,154,48,154,53,169
480/70-34,MO1,154,48,154,53,169
480/70-38,MO2,164,48,164,53,179
480/70R24,MO2,129,48,129,53,144
480/70R24,MO2,129,48,129,53,144
480/70R24,MO2,129,48,129,53,144
480/70R24,MO2,129,48,129,53,144
480/70R24,MO3,129,48,129,53,144
480/70R24,MO3,129,48,129,53,144
480/70R24,MO3,129,48,129,53,144
480/70R24,MO3,129,48,129,53,144
480/70R24,MO3,129,48,129,53,144
480/70R24,MO5,129,48,129,53,144
480/70R24,MO5,129,48,129,53,144
480/70R24,MO5,129,48,129,53,144
480/70R24,MO1,129,48,129,53,144
480/70R24,MO1,129,48,129,53,144
480/70R24,MO1,129,48,129,53,144
480/70R24,MO10,129,48,129,53,144
480/70R24,MO8,129,48,129,53,144
480/70R26,MO5,134,48,134,53,149
480/70R26,MO8,134,48,134,53,149
480/70R28,MO7,139,48,139,53,154
480/70R28,MO2,139,48,139,53,154
480/70R28,MO2,139,48,139,53,154
480/70R28,MO2,139,48,139,53,154
480/70R28,MO2,139,48,139,53,154
480/70R28,MO2,139,48,139,53,154
480/70R28,MO2,139,48,139,53,154
480/70R28,MO2,139,48,139,53,154
480/70R28,MO3,139,48,139,53,154
480/70R28,MO3,139,48,139,53,154
480/70R28,MO5,139,48,139,53,154
480/70R28,MO5,139,48,139,53,154
480/70R28,MO5,139,48,139,53,154
480/70R28,MO5,139,48,139,53,154
480/70R28,MO5,139,48,139,53,154
480/70R28,MO5,139,48,139,53,154
480/70R28,MO1,139,48,139,53,154
480/70R28,MO1,139,48,139,53,154
480/70R28,MO1,139,48,139,53,154
480/70R28,MO1,139,48,139,53,154
480/70R28,MO10,139,48,139,53,154
480/70R28,MO8,139,48,139,53,154
480/70R28,MO8,139,48,139,53,154
480/70R28,MO8,139,48,139,53,154
480/70R28,MO4,139,48,139,53,154
480/70R30,MO2,144,48,144,53,159
480/70R30,MO2,144,48,144,53,159
480/70R30,MO2,144,48,144,53,159
480/70R30,MO2,144,48,144,53,159
480/70R30,MO3,144,48,144,53,159
480/70R30,MO3,144,48,144,53,159
480/70R30,MO3,144,48,144,53,159
480/70R30,MO5,144,48,144,53,159
480/70R30,MO5,144,48,144,53,159
480/70R30,MO5,144,48,144,53,159
480/70R30,MO5,144,48,144,53,159
480/70R30,MO5,144,48,144,53,159
480/70R30,MO5,144,48,144,53,159
480/70R30,MO1,144,48,144,53,159
480/70R30,MO1,144,48,144,53,159
480/70R30,MO1,144,48,144,53,159
480/70R30,MO1,144,48,144,53,159
480/70R30,MO10,144,48,144,53,159
480/70R30,MO10,144,48,144,53,159
480/70R30,MO8,144,48,144,53,159
480/70R30,MO8,144,48,144,53,159
480/70R30,MO8,144,48,144,53,159
480/70R30,MO8,144,48,144,53,159
480/70R34,MO2,154,48,154,53,169
480/70R34,MO2,154,48,154,53,169
480/70R34,MO2,154,48,154,53,169
480/70R34,MO2,154,48,154,53,169
480/70R34,MO3,154,48,154,53,169
480/70R34,MO3,154,48,154,53,169
480/70R34,MO3,154,48,154,53,169
480/70R34,MO3,154,48,154,53,169
480/70R34,MO3,154,48,154,53,169
480/70R34,MO5,154,48,154,53,169
480/70R34,MO5,154,48,154,53,169
480/70R34,MO5,154,48,154,53,169
480/70R34,MO5,154,48,154,53,169
480/70R34,MO5,154,48,154,53,169
480/70R34,MO5,154,48,154,53,169
480/70R34,MO1,154,48,154,53,169
480/70R34,MO1,154,48,154,53,169
480/70R34,MO1,154,48,154,53,169
480/70R34,MO1,154,48,154,53,169
480/70R34,MO10,154,48,154,53,169
480/70R34,MO8,154,48,154,53,169
480/70R34,MO8,154,48,154,53,169
480/70R34,MO8,154,48,154,53,169
480/70R34,MO8,154,48,154,53,169
480/70R34,MO8,154,48,154,53,169
480/70R38,MO2,164,48,164,53,179
480/70R38,MO2,164,48,164,53,179
480/70R38,MO2,164,48,164,53,179
480/70R38,MO2,164,48,164,53,179
480/70R38,MO3,164,48,164,53,179
480/70R38,MO3,164,48,164,53,179
480/70R38,MO3,164,48,164,53,179
480/70R38,MO5,164,48,164,53,179
480/70R38,MO5,164,48,164,53,179
480/70R38,MO5,164,48,164,53,179
480/70R38,MO5,164,48,164,53,179
480/70R38,MO5,164,48,164,53,179
480/70R38,MO5,164,48,164,53,179
480/70R38,MO1,164,48,164,53,179
480/70R38,MO1,164,48,164,53,179
480/70R38,MO10,164,48,164,53,179
480/70R38,MO8,164,48,164,53,179
480/70R38,MO8,164,48,164,53,179
480/80-26,MO3,143,48,143,53,158
480/80-26,MO3,143,48,143,53,158
480/80-26,MO1,143,48,143,53,158
480/80-26,MO5,143,48,143,53,158
480/80R26,MO2,143,48,143,53,158
480/80R26,MO3,143,48,143,53,158
480/80R26,MO3,143,48,143,53,158
480/80R26,MO1,143,48,143,53,158
480/80R26,MO1,143,48,143,53,158
480/80R26,MO8,143,48,143,53,158
480/80R26,MO8,143,48,143,53,158
480/80R26,MO5,143,48,143,53,158
480/80R26,MO5,143,48,143,53,158
480/80R30,MO7,153,48,153,53,168
480/80R30,MO7,153,48,153,53,168
480/80R30,MO1,153,48,153,53,168
480/80R30,MO10,153,48,153,53,168
480/80R34,MO7,164,48,164,53,179
480/80R34,MO7,164,48,164,53,179
480/80R34,MO3,164,48,164,53,179
480/80R38,MO7,174,48,174,53,189
480/80R38,MO7,174,48,174,53,189
480/80R38,MO5,174,48,174,53,189
480/80R38,MO10,174,48,174,53,189
480/80R38,MO8,174,48,174,53,189
480/80R42,MO3,184,48,184,53,199
480/80R42,MO1,184,48,184,53,199
480/80R42,MO1,184,48,184,53,199
480/80R42,MO1,184,48,184,53,199
480/80R42,MO10,184,48,184,53,199
480/80R42,MO10,184,48,184,53,199
480/80R42,MO10,184,48,184,53,199
480/80R42,MO8,184,48,184,53,199
480/80R46,MO3,194,48,194,53,209
480/80R46,MO1,194,48,194,53,209
480/80R46,MO8,194,48,194,53,209
480/80R46,MO8,194,48,194,53,209
480/80R50,MO2,204,48,204,53,219
480/80R50,MO1,204,48,204,53,219
480/80R50,MO1,204,48,204,53,219
480/80R50,MO10,204,48,204,53,219
480/80R50,MO8,204,48,204,53,219
480/80R50,MO8,204,48,204,53,219
480/80R50,MO8,204,48,204,53,219
480/95R50,MO8,219,48,219,53,234
5-12,MO2,52,13,52,18,67
5-12,MO2,52,13,52,18,67
5-12,MO1,52,13,52,18,67
5.0-10,MO8,47,13,47,18,62
5.0-10,MO8,47,13,47,18,62
5.00-10,MO2,47,13,47,18,62
5.00-10,MO5,47,13,47,18,62
5.00-10,MO4,47,13,47,18,62
5.00-12,MO2,52,13,52,18,67
5.00-12,MO2,52,13,52,18,67
5.00-12,MO5,52,13,52,18,67
5.00-12,MO5,52,13,52,18,67
5.00-12,MO5,52,13,52,18,67
5.00-12,MO4,52,13,52,18,67
5.00-12,MO8,52,13,52,18,67
5.00-14,MO3,57,13,57,18,72
5.00-14,MO8,57,13,57,18,72
5.00-15,MO2,60,13,60,18,75
5.00-15,MO2,60,13,60,18,75
5.00-15,MO2,60,13,60,18,75
5.00-15,MO3,60,13,60,18,75
5.00-15,MO5,60,13,60,18,75
5.00-15,MO5,60,13,60,18,75
5.00-15,MO4,60,13,60,18,75
5.00-15,MO4,60,13,60,18,75
5.00-15,MO8,60,13,60,18,75
5.00-15,MO8,60,13,60,18,75
5.00-16,MO5,62,13,62,18,77
5.00-8,MO2,42,13,42,18,57
5.00-8,MO2,42,13,42,18,57
5.00-8,MO2,42,13,42,18,57
5.00-8,MO2,42,13,42,18,57
5.00-8,MO2,42,13,42,18,57
5.00-8,MO2,42,13,42,18,57
5.00-8,MO2,42,13,42,18,57
5.00-8,MO2,42,13,42,18,57
5.00-8,MO3,42,13,42,18,57
5.00-8,MO1,42,13,42,18,57
5.00-8,MO1,42,13,42,18,57
5.00-8,MO10,42,13,42,18,57
5.00-8,MO10,42,13,42,18,57
5.00-8,MO8,42,13,42,18,57
5.00-9,MO2,44,13,44,18,59
5.00-9,MO5,44,13,44,18,59
5.00-9,MO4,44,13,44,18,59
5.50-12,MO5,54,14,54,19,69
5.50-16,MO3,64,14,64,19,79
5.50-16,MO5,64,14,64,19,79
5.50-16,MO1,64,14,64,19,79
5.50-16,MO1,64,14,64,19,79
5.50-16,MO8,64,14,64,19,79
50/80-12,MO5,234,127,234,132,249
50/80-12,MO5,234,127,234,132,249
50/80-15,MO3,242,127,242,132,257
50/80-15,MO5,242,127,242,132,257
50/80-15,MO5,242,127,242,132,257
50/80-15,MO4,242,127,242,132,257
50/80-15,MO4,242,127,242,132,257
500/45-20,MO5,96,50,96,55,111
500/45-20,MO1,96,50,96,55,111
500/45-20,MO1,96,50,96,55,111
500/45-22.5,MO2,103,50,103,55,118
500/45-22.5,MO2,103,50,103,55,118
500/45-22.5,MO3,103,50,103,55,118
500/45-22.5,MO1,103,50,103,55,118
500/45-22.5,MO1,103,50,103,55,118
500/45-22.5,MO10,103,50,103,55,118
500/45-22.5,MO8,103,50,103,55,118
500/45-22.5,MO8,103,50,103,55,118
500/45R22.5,MO2,103,50,103,55,118
500/50-17,MO2,94,50,94,55,109
500/50-17,MO2,94,50,94,55,109
500/50-17,MO3,94,50,94,55,109
500/50-17,MO5,94,50,94,55,109
500/50-17,MO5,94,50,94,55,109
500/50-17,MO1,94,50,94,55,109
500/50-17,MO1,94,50,94,55,109
500/50-17,MO1,94,50,94,55,109
500/50-17,MO1,94,50,94,55,109
500/50-17,MO10,94,50,94,55,109
500/50-17,MO10,94,50,94,55,109
500/50-17,MO10,94,50,94,55,109
500/50-17,MO8,94,50,94,55,109
500/50R17,MO2,94,50,94,55,109
500/50R17,MO2,94,50,94,55,109
500/50R17,MO2,94,50,94,55,109
500/50R17,MO2,94,50,94,55,109
500/50R17,MO1,94,50,94,55,109
500/50R17,MO1,94,50,94,55,109
500/50R17,MO1,94,50,94,55,109
500/55-20,MO8,106,50,106,55,121
500/60-22.5,MO2,118,50,118,55,133
500/60-22.5,MO2,118,50,118,55,133
500/60-22.5,MO1,118,50,118,55,133
500/60-22.5,MO1,118,50,118,55,133
500/60-22.5,MO1,118,50,118,55,133
500/60-22.5,MO1,118,50,118,55,133
500/60-22.5,MO10,118,50,118,55,133
500/60-22.5,MO8,118,50,118,55,133
500/60-22.5,MO8,118,50,118,55,133
500/60-22.5,MO8,118,50,118,55,133
500/60-26.5,MO1,128,50,128,55,143
500/60R22.5,MO7,118,50,118,55,133
500/60R22.5,MO2,118,50,118,55,133
500/60R22.5,MO2,118,50,118,55,133
500/60R22.5,MO5,118,50,118,55,133
500/60R22.5,MO5,118,50,118,55,133
500/60R22.5,MO5,118,50,118,55,133
500/60R22.5,MO1,118,50,118,55,133
500/60R22.5,MO1,118,50,118,55,133
500/60R22.5,MO10,118,50,118,55,133
500/60R22.5,MO8,118,50,118,55,133
500/65R24,MO7,126,50,126,55,141
500/65R28,MO7,137,50,137,55,152
500/65R28,MO7,137,50,137,55,152
500/70-24,MO3,131,50,131,55,146
500/70-24,MO5,131,50,131,55,146
500/70-24,MO5,131,50,131,55,146
500/70-28,MO7,142,50,142,55,157
500/70R24,MO7,131,50,131,55,146
500/70R24,MO7,131,50,131,55,146
500/70R24,MO2,131,50,131,55,146
500/70R24,MO3,131,50,131,55,146
500/70R24,MO3,131,50,131,55,146
500/70R24,MO3,131,50,131,55,146
500/70R24,MO3,131,50,131,55,146
500/70R24,MO3,131,50,131,55,146
500/70R24,MO3,131,50,131,55,146
500/70R24,MO5,131,50,131,55,146
500/70R24,MO5,131,50,131,55,146
500/70R24,MO5,131,50,131,55,146
500/70R24,MO5,131,50,131,55,146
500/70R24,MO5,131,50,131,55,146
500/70R24,MO1,131,50,131,55,146
500/70R24,MO1,131,50,131,55,146
500/70R24,MO1,131,50,131,55,146
500/70R24,MO10,131,50,131,55,146
500/70R24,MO10,131,50,131,55,146
500/70R24,MO8,131,50,131,55,146
500/70R24,MO8,131,50,131,55,146
500/70R28,MO2,142,50,142,55,157
500/70R28,MO1,142,50,142,55,157
500/85R24,MO2,146,50,146,55,161
500/85R24,MO5,146,50,146,55,161
520/50-17,MO8,96,52,96,57,111
520/60R28,MO8,134,52,134,57,149
520/70-34,MO2,160,52,160,57,175
520/70-34,MO2,160,52,160,57,175
520/70R30,MO8,149,52,149,57,164
520/70R30,MO8,149,52,149,57,164
520/70R34,MO2,160,52,160,57,175
520/70R34,MO2,160,52,160,57,175
520/70R34,MO2,160,52,160,57,175
520/70R34,MO2,160,52,160,57,175
520/70R34,MO3,160,52,160,57,175
520/70R34,MO3,160,52,160,57,175
520/70R34,MO3,160,52,160,57,175
520/70R34,MO3,160,52,160,57,175
520/70R34,MO5,160,52,160,57,175
520/70R34,MO5,160,52,160,57,175
520/70R34,MO5,160,52,160,57,175
520/70R34,MO5,160,52,160,57,175
520/70R34,MO5,160,52,160,57,175
520/70R34,MO5,160,52,160,57,175
520/70R34,MO5,160,52,160,57,175
520/70R34,MO5,160,52,160,57,175
520/70R34,MO5,160,52,160,57,175
520/70R34,MO1,160,52,160,57,175
520/70R34,MO1,160,52,160,57,175
520/70R34,MO1,160,52,160,57,175
520/70R34,MO1,160,52,160,57,175
520/70R34,MO10,160,52,160,57,175
520/70R34,MO8,160,52,160,57,175
520/70R38,MO7,170,52,170,57,185
520/70R38,MO2,170,52,170,57,185
520/70R38,MO2,170,52,170,57,185
520/70R38,MO2,170,52,170,57,185
520/70R38,MO2,170,52,170,57,185
520/70R38,MO3,170,52,170,57,185
520/70R38,MO3,170,52,170,57,185
520/70R38,MO5,170,52,170,57,185
520/70R38,MO5,170,52,170,57,185
520/70R38,MO5,170,52,170,57,185
520/70R38,MO5,170,52,170,57,185
520/70R38,MO5,170,52,170,57,185
520/70R38,MO5,170,52,170,57,185
520/70R38,MO5,170,52,170,57,185
520/70R38,MO5,170,52,170,57,185
520/70R38,MO5,170,52,170,57,185
520/70R38,MO5,170,52,170,57,185
520/70R38,MO5,170,52,170,57,185
520/70R38,MO5,170,52,170,57,185
520/70R38,MO1,170,52,170,57,185
520/70R38,MO1,170,52,170,57,185
520/70R38,MO1,170,52,170,57,185
520/70R38,MO10,170,52,170,57,185
520/70R38,MO8,170,52,170,57,185
520/70R38,MO8,170,52,170,57,185
520/85-38,MO7,185,52,185,57,200
520/85-38,MO8,185,52,185,57,200
520/85R38,MO3,185,52,185,57,200
520/85R38,MO3,185,52,185,57,200
520/85R38,MO3,185,52,185,57,200
520/85R38,MO3,185,52,185,57,200
520/85R38,MO5,185,52,185,57,200
520/85R38,MO5,185,52,185,57,200
520/85R38,MO5,185,52,185,57,200
520/85R38,MO5,185,52,185,57,200
520/85R38,MO5,185,52,185,57,200
520/85R38,MO5,185,52,185,57,200
520/85R38,MO1,185,52,185,57,200
520/85R38,MO1,185,52,185,57,200
520/85R38,MO1,185,52,185,57,200
520/85R38,MO1,185,52,185,57,200
520/85R38,MO10,185,52,185,57,200
520/85R38,MO10,185,52,185,57,200
520/85R38,MO8,185,52,185,57,200
520/85R38,MO8,185,52,185,57,200
520/85R42,MO3,196,52,196,57,211
520/85R42,MO3,196,52,196,57,211
520/85R42,MO3,196,52,196,57,211
520/85R42,MO3,196,52,196,57,211
520/85R42,MO5,196,52,196,57,211
520/85R42,MO5,196,52,196,57,211
520/85R42,MO5,196,52,196,57,211
520/85R42,MO5,196,52,196,57,211
520/85R42,MO5,196,52,196,57,211
520/85R42,MO1,196,52,196,57,211
520/85R42,MO1,196,52,196,57,211
520/85R42,MO10,196,52,196,57,211
520/85R42,MO10,196,52,196,57,211
520/85R42,MO8,196,52,196,57,211
520/85R42,MO8,196,52,196,57,211
520/85R46,MO3,206,52,206,57,221
520/85R46,MO3,206,52,206,57,221
520/85R46,MO3,206,52,206,57,221
520/85R46,MO3,206,52,206,57,221
520/85R46,MO1,206,52,206,57,221
520/85R46,MO1,206,52,206,57,221
520/85R46,MO10,206,52,206,57,221
520/85R46,MO8,206,52,206,57,221
520/85R46,MO8,206,52,206,57,221
520/85R50,MO3,216,52,216,57,231
520/85R50,MO8,216,52,216,57,231
540/65-28,MO2,142,54,142,59,157
540/65-28,MO2,142,54,142,59,157
540/65-28,MO1,142,54,142,59,157
540/65-30,MO2,147,54,147,59,162
540/65R24,MO7,132,54,132,59,147
540/65R24,MO2,132,54,132,59,147
540/65R24,MO2,132,54,132,59,147
540/65R24,MO3,132,54,132,59,147
540/65R24,MO5,132,54,132,59,147
540/65R24,MO5,132,54,132,59,147
540/65R24,MO5,132,54,132,59,147
540/65R24,MO5,132,54,132,59,147
540/65R24,MO5,132,54,132,59,147
540/65R24,MO5,132,54,132,59,147
540/65R24,MO1,132,54,132,59,147
540/65R24,MO1,132,54,132,59,147
540/65R24,MO1,132,54,132,59,147
540/65R24,MO10,132,54,132,59,147
540/65R24,MO8,132,54,132,59,147
540/65R24,MO8,132,54,132,59,147
540/65R26,MO8,137,54,137,59,152
540/65R28,MO7,142,54,142,59,157
540/65R28,MO7,142,54,142,59,157
540/65R28,MO7,142,54,142,59,157
540/65R28,MO7,142,54,142,59,157
540/65R28,MO7,142,54,142,59,157
540/65R28,MO2,142,54,142,59,157
540/65R28,MO2,142,54,142,59,157
540/65R28,MO2,142,54,142,59,157
540/65R28,MO2,142,54,142,59,157
540/65R28,MO3,142,54,142,59,157
540/65R28,MO3,142,54,142,59,157
540/65R28,MO3,142,54,142,59,157
540/65R28,MO3,142,54,142,59,157
540/65R28,MO5,142,54,142,59,157
540/65R28,MO5,142,54,142,59,157
540/65R28,MO5,142,54,142,59,157
540/65R28,MO5,142,54,142,59,157
540/65R28,MO5,142,54,142,59,157
540/65R28,MO5,142,54,142,59,157
540/65R28,MO4,142,54,142,59,157
540/65R28,MO1,142,54,142,59,157
540/65R28,MO10,142,54,142,59,157
540/65R28,MO10,142,54,142,59,157
540/65R28,MO8,142,54,142,59,157
540/65R28,MO8,142,54,142,59,157
540/65R28,MO8,142,54,142,59,157
540/65R30,MO7,147,54,147,59,162
540/65R30,MO7,147,54,147,59,162
540/65R30,MO7,147,54,147,59,162
540/65R30,MO7,147,54,147,59,162
540/65R30,MO7,147,54,147,59,162
540/65R30,MO2,147,54,147,59,162
540/65R30,MO2,147,54,147,59,162
540/65R30,MO2,147,54,147,59,162
540/65R30,MO2,147,54,147,59,162
540/65R30,MO2,147,54,147,59,162
540/65R30,MO2,147,54,147,59,162
540/65R30,MO2,147,54,147,59,162
540/65R30,MO2,147,54,147,59,162
540/65R30,MO2,147,54,147,59,162
540/65R30,MO3,147,54,147,59,162
540/65R30,MO3,147,54,147,59,162
540/65R30,MO3,147,54,147,59,162
540/65R30,MO3,147,54,147,59,162
540/65R30,MO3,147,54,147,59,162
540/65R30,MO5,147,54,147,59,162
540/65R30,MO5,147,54,147,59,162
540/65R30,MO5,147,54,147,59,162
540/65R30,MO5,147,54,147,59,162
540/65R30,MO5,147,54,147,59,162
540/65R30,MO1,147,54,147,59,162
540/65R30,MO1,147,54,147,59,162
540/65R30,MO1,147,54,147,59,162
540/65R30,MO1,147,54,147,59,162
540/65R30,MO10,147,54,147,59,162
540/65R30,MO8,147,54,147,59,162
540/65R30,MO8,147,54,147,59,162
540/65R34,MO2,157,54,157,59,172
540/65R34,MO2,157,54,157,59,172
540/65R34,MO2,157,54,157,59,172
540/65R34,MO2,157,54,157,59,172
540/65R34,MO2,157,54,157,59,172
540/65R34,MO3,157,54,157,59,172
540/65R34,MO3,157,54,157,59,172
540/65R34,MO3,157,54,157,59,172
540/65R34,MO3,157,54,157,59,172
540/65R34,MO3,157,54,157,59,172
540/65R34,MO5,157,54,157,59,172
540/65R34,MO5,157,54,157,59,172
540/65R34,MO5,157,54,157,59,172
540/65R34,MO5,157,54,157,59,172
540/65R34,MO5,157,54,157,59,172
540/65R34,MO5,157,54,157,59,172
540/65R34,MO5,157,54,157,59,172
540/65R34,MO5,157,54,157,59,172
540/65R34,MO5,157,54,157,59,172
540/65R34,MO1,157,54,157,59,172
540/65R34,MO1,157,54,157,59,172
540/65R34,MO10,157,54,157,59,172
540/65R34,MO10,157,54,157,59,172
540/65R34,MO8,157,54,157,59,172
540/65R34,MO8,157,54,157,59,172
540/65R38,MO2,167,54,167,59,182
540/65R38,MO2,167,54,167,59,182
540/65R38,MO2,167,54,167,59,182
540/65R38,MO3,167,54,167,59,182
540/65R38,MO3,167,54,167,59,182
540/65R38,MO3,167,54,167,59,182
540/65R38,MO5,167,54,167,59,182
540/65R38,MO5,167,54,167,59,182
540/65R38,MO5,167,54,167,59,182
540/65R38,MO5,167,54,167,59,182
540/65R38,MO5,167,54,167,59,182
540/65R38,MO5,167,54,167,59,182
540/65R38,MO5,167,54,167,59,182
540/65R38,MO1,167,54,167,59,182
540/65R38,MO1,167,54,167,59,182
540/65R38,MO10,167,54,167,59,182
540/65R38,MO8,167,54,167,59,182
540/65R38,MO8,167,54,167,59,182
540/70-30,MO7,152,54,152,59,167
540/70R24,MO7,137,54,137,59,152
540/70R30,MO7,152,54,152,59,167
540/80R38,MO7,183,54,183,59,198
540/80R38,MO7,183,54,183,59,198
540/80R38,MO2,183,54,183,59,198
540/80R38,MO5,183,54,183,59,198
540/80R38,MO1,183,54,183,59,198
550/45-22.5,MO2,107,55,107,60,122
550/45-22.5,MO2,107,55,107,60,122
550/45-22.5,MO2,107,55,107,60,122
550/45-22.5,MO2,107,55,107,60,122
550/45-22.5,MO3,107,55,107,60,122
550/45-22.5,MO3,107,55,107,60,122
550/45-22.5,MO1,107,55,107,60,122
550/45-22.5,MO1,107,55,107,60,122
550/45-22.5,MO1,107,55,107,60,122
550/45-22.5,MO1,107,55,107,60,122
550/45-22.5,MO1,107,55,107,60,122
550/45-22.5,MO1,107,55,107,60,122
550/45-22.5,MO10,107,55,107,60,122
550/45R22.5,MO2,107,55,107,60,122
550/45R22.5,MO3,107,55,107,60,122
550/60-22.5,MO2,124,55,124,60,139
550/60-22.5,MO2,124,55,124,60,139
550/60-22.5,MO3,124,55,124,60,139
550/60-22.5,MO3,124,55,124,60,139
550/60-22.5,MO5,124,55,124,60,139
550/60-22.5,MO1,124,55,124,60,139
550/60-22.5,MO1,124,55,124,60,139
560/45-22.5,MO8,108,56,108,61,123
560/45R22.5,MO7,108,56,108,61,123
560/45R22.5,MO2,108,56,108,61,123
560/45R22.5,MO5,108,56,108,61,123
560/45R22.5,MO10,108,56,108,61,123
560/60-22.5,MO8,125,56,125,61,140
560/60R22.5,MO7,125,56,125,61,140
560/60R22.5,MO2,125,56,125,61,140
560/60R22.5,MO2,125,56,125,61,140
560/60R22.5,MO3,125,56,125,61,140
560/60R22.5,MO5,125,56,125,61,140
560/60R22.5,MO5,125,56,125,61,140
560/60R22.5,MO5,125,56,125,61,140
560/60R22.5,MO1,125,56,125,61,140
560/60R22.5,MO1,125,56,125,61,140
560/60R22.5,MO1,125,56,125,61,140
560/60R22.5,MO1,125,56,125,61,140
560/60R22.5,MO1,125,56,125,61,140
560/60R22.5,MO1,125,56,125,61,140
560/60R22.5,MO1,125,56,125,61,140
560/60R22.5,MO10,125,56,125,61,140
560/60R22.5,MO10,125,56,125,61,140
560/60R22.5,MO8,125,56,125,61,140
560x140-12,MO5,56,14,56,19,71
560x140-12,MO8,56,14,56,19,71
580/65R22.5,MO7,133,58,133,63,148
580/65R22.5,MO8,133,58,133,63,148
580/70-38,MO2,178,58,178,63,193
580/70R38,MO7,178,58,178,63,193
580/70R38,MO2,178,58,178,63,193
580/70R38,MO2,178,58,178,63,193
580/70R38,MO2,178,58,178,63,193
580/70R38,MO2,178,58,178,63,193
580/70R38,MO2,178,58,178,63,193
580/70R38,MO3,178,58,178,63,193
580/70R38,MO3,178,58,178,63,193
580/70R38,MO3,178,58,178,63,193
580/70R38,MO3,178,58,178,63,193
580/70R38,MO3,178,58,178,63,193
580/70R38,MO5,178,58,178,63,193
580/70R38,MO5,178,58,178,63,193
580/70R38,MO5,178,58,178,63,193
580/70R38,MO5,178,58,178,63,193
580/70R38,MO5,178,58,178,63,193
580/70R38,MO5,178,58,178,63,193
580/70R38,MO5,178,58,178,63,193
580/70R38,MO5,178,58,178,63,193
580/70R38,MO4,178,58,178,63,193
580/70R38,MO1,178,58,178,63,193
580/70R38,MO1,178,58,178,63,193
580/70R38,MO10,178,58,178,63,193
580/70R38,MO8,178,58,178,63,193
580/70R38,MO8,178,58,178,63,193
580/70R42,MO2,188,58,188,63,203
580/70R42,MO2,188,58,188,63,203
580/70R42,MO3,188,58,188,63,203
580/70R42,MO3,188,58,188,63,203
580/70R42,MO5,188,58,188,63,203
580/70R42,MO1,188,58,188,63,203
580/70R42,MO1,188,58,188,63,203
580/70R42,MO8,188,58,188,63,203
580/70R42,MO8,188,58,188,63,203
6-12,MO8,56,16,56,21,71
6-14,MO1,61,16,61,21,76
6.00-12,MO2,56,16,56,21,71
6.00-12,MO2,56,16,56,21,71
6.00-12,MO3,56,16,56,21,71
6.00-12,MO1,56,16,56,21,71
6.00-13,MO5,59,16,59,21,74
6.00-16,MO2,66,16,66,21,81
6.00-16,MO2,66,16,66,21,81
6.00-16,MO2,66,16,66,21,81
6.00-16,MO2,66,16,66,21,81
6.00-16,MO2,66,16,66,21,81
6.00-16,MO2,66,16,66,21,81
6.00-16,MO2,66,16,66,21,81
6.00-16,MO2,66,16,66,21,81
6.00-16,MO2,66,16,66,21,81
6.00-16,MO2,66,16,66,21,81
6.00-16,MO2,66,16,66,21,81
6.00-16,MO3,66,16,66,21,81
6.00-16,MO5,66,16,66,21,81
6.00-16,MO5,66,16,66,21,81
6.00-16,MO5,66,16,66,21,81
6.00-16,MO5,66,16,66,21,81
6.00-16,MO5,66,16,66,21,81
6.00-16,MO5,66,16,66,21,81
6.00-16,MO5,66,16,66,21,81
6.00-16,MO5,66,16,66,21,81
6.00-16,MO5,66,16,66,21,81
6.00-16,MO5,66,16,66,21,81
6.00-16,MO5,66,16,66,21,81
6.00-16,MO5,66,16,66,21,81
6.00-16,MO5,66,16,66,21,81
6.00-16,MO5,66,16,66,21,81
6.00-16,MO5,66,16,66,21,81
6.00-16,MO5,66,16,66,21,81
6.00-16,MO5,66,16,66,21,81
6.00-16,MO4,66,16,66,21,81
6.00-16,MO4,66,16,66,21,81
6.00-16,MO4,66,16,66,21,81
6.00-16,MO4,66,16,66,21,81
6.00-16,MO4,66,16,66,21,81
6.00-16,MO4,66,16,66,21,81
6.00-16,MO4,66,16,66,21,81
6.00-16,MO4,66,16,66,21,81
6.00-16,MO4,66,16,66,21,81
6.00-16,MO4,66,16,66,21,81
6.00-16,MO4,66,16,66,21,81
6.00-16,MO1,66,16,66,21,81
6.00-16,MO1,66,16,66,21,81
6.00-16,MO10,66,16,66,21,81
6.00-16,MO10,66,16,66,21,81
6.00-16,MO8,66,16,66,21,81
6.00-16,MO8,66,16,66,21,81
6.00-18,MO2,72,16,72,21,87
6.00-18,MO2,72,16,72,21,87
6.00-18,MO3,72,16,72,21,87
6.00-18,MO5,72,16,72,21,87
6.00-18,MO5,72,16,72,21,87
6.00-18,MO4,72,16,72,21,87
6.00-18,MO4,72,16,72,21,87
6.00-9,MO2,49,16,49,21,64
6.00-9,MO2,49,16,49,21,64
6.00-9,MO2,49,16,49,21,64
6.00-9,MO2,49,16,49,21,64
6.00-9,MO2,49,16,49,21,64
6.00-9,MO2,49,16,49,21,64
6.00-9,MO2,49,16,49,21,64
6.00-9,MO2,49,16,49,21,64
6.00-9,MO2,49,16,49,21,64
6.00-9,MO2,49,16,49,21,64
6.00-9,MO2,49,16,49,21,64
6.00-9,MO2,49,16,49,21,64
6.00-9,MO3,49,16,49,21,64
6.00-9,MO3,49,16,49,21,64
6.00-9,MO5,49,16,49,21,64
6.00-9,MO5,49,16,49,21,64
6.00-9,MO5,49,16,49,21,64
6.00-9,MO4,49,16,49,21,64
6.00-9,MO4,49,16,49,21,64
6.00-9,MO10,49,16,49,21,64
6.00-9,MO8,49,16,49,21,64
6.00-9,MO8,49,16,49,21,64
6.00-9,MO8,49,16,49,21,64
6.00-9,MO8,49,16,49,21,64
6.00-9,MO8,49,16,49,21,64
6.3-14,MO5,63,16,63,21,78
6.50-10,MO2,53,17,53,22,68
6.50-10,MO2,53,17,53,22,68
6.50-10,MO2,53,17,53,22,68
6.50-10,MO2,53,17,53,22,68
6.50-10,MO2,53,17,53,22,68
6.50-10,MO2,53,17,53,22,68
6.50-10,MO2,53,17,53,22,68
6.50-10,MO2,53,17,53,22,68
6.50-10,MO2,53,17,53,22,68
6.50-10,MO2,53,17,53,22,68
6.50-10,MO2,53,17,53,22,68
6.50-10,MO2,53,17,53,22,68
6.50-10,MO2,53,17,53,22,68
6.50-10,MO2,53,17,53,22,68
6.50-10,MO2,53,17,53,22,68
6.50-10,MO3,53,17,53,22,68
6.50-10,MO10,53,17,53,22,68
6.50-16,MO2,69,17,69,22,84
6.50-16,MO2,69,17,69,22,84
6.50-16,MO2,69,17,69,22,84
6.50-16,MO3,69,17,69,22,84
6.50-16,MO5,69,17,69,22,84
6.50-16,MO5,69,17,69,22,84
6.50-16,MO5,69,17,69,22,84
6.50-16,MO5,69,17,69,22,84
6.50-16,MO5,69,17,69,22,84
6.50-16,MO5,69,17,69,22,84
6.50-16,MO5,69,17,69,22,84
6.50-16,MO4,69,17,69,22,84
6.50-16,MO4,69,17,69,22,84
6.50-16,MO4,69,17,69,22,84
6.50-16,MO4,69,17,69,22,84
6.50-16,MO1,69,17,69,22,84
6.50-16,MO1,69,17,69,22,84
6.50-16,MO1,69,17,69,22,84
6.50-16,MO1,69,17,69,22,84
6.50-16,MO10,69,17,69,22,84
6.50-16,MO8,69,17,69,22,84
6.50-16,MO8,69,17,69,22,84
6.50-20,MO2,79,17,79,22,94
6.50-20,MO2,79,17,79,22,94
6.50-20,MO5,79,17,79,22,94
6.50-20,MO5,79,17,79,22,94
6.50-20,MO5,79,17,79,22,94
6.50-20,MO5,79,17,79,22,94
600/40-22.5,MO7,106,60,106,65,121
600/40-22.5,MO2,106,60,106,65,121
600/40-22.5,MO2,106,60,106,65,121
600/40-22.5,MO5,106,60,106,65,121
600/40-22.5,MO5,106,60,106,65,121
600/40-22.5,MO1,106,60,106,65,121
600/50-22.5,MO7,118,60,118,65,133
600/50-22.5,MO7,118,60,118,65,133
600/50-22.5,MO7,118,60,118,65,133
600/50-22.5,MO7,118,60,118,65,133
600/50-22.5,MO7,118,60,118,65,133
600/50-22.5,MO7,118,60,118,65,133
600/50-22.5,MO2,118,60,118,65,133
600/50-22.5,MO2,118,60,118,65,133
600/50-22.5,MO2,118,60,118,65,133
600/50-22.5,MO2,118,60,118,65,133
600/50-22.5,MO2,118,60,118,65,133
600/50-22.5,MO2,118,60,118,65,133
600/50-22.5,MO5,118,60,118,65,133
600/50-22.5,MO5,118,60,118,65,133
600/50-22.5,MO1,118,60,118,65,133
600/50-22.5,MO10,118,60,118,65,133
600/50-22.5,MO8,118,60,118,65,133
600/50-22.5,MO8,118,60,118,65,133
600/50-22.5,MO8,118,60,118,65,133
600/50-22.5,MO8,118,60,118,65,133
600/50-24.5,MO7,123,60,123,65,138
600/50R22.5,MO7,118,60,118,65,133
600/50R22.5,MO7,118,60,118,65,133
600/50R22.5,MO2,118,60,118,65,133
600/50R22.5,MO2,118,60,118,65,133
600/50R22.5,MO2,118,60,118,65,133
600/50R22.5,MO2,118,60,118,65,133
600/50R22.5,MO2,118,60,118,65,133
600/50R22.5,MO2,118,60,118,65,133
600/50R22.5,MO2,118,60,118,65,133
600/50R22.5,MO5,118,60,118,65,133
600/50R22.5,MO5,118,60,118,65,133
600/50R22.5,MO4,118,60,118,65,133
600/50R22.5,MO4,118,60,118,65,133
600/50R22.5,MO1,118,60,118,65,133
600/50R22.5,MO1,118,60,118,65,133
600/50R22.5,MO1,118,60,118,65,133
600/50R22.5,MO10,118,60,118,65,133
600/50R22.5,MO8,118,60,118,65,133
600/55-22.5,MO1,124,60,124,65,139
600/55-22.5,MO10,124,60,124,65,139
600/55-22.5,MO10,124,60,124,65,139
600/55-26.5,MO7,134,60,134,65,149
600/55-26.5,MO7,134,60,134,65,149
600/55-26.5,MO7,134,60,134,65,149
600/55-26.5,MO7,134,60,134,65,149
600/55-26.5,MO2,134,60,134,65,149
600/55-26.5,MO2,134,60,134,65,149
600/55-26.5,MO2,134,60,134,65,149
600/55-26.5,MO3,134,60,134,65,149
600/55-26.5,MO3,134,60,134,65,149
600/55-26.5,MO1,134,60,134,65,149
600/55-26.5,MO1,134,60,134,65,149
600/55-26.5,MO1,134,60,134,65,149
600/55-26.5,MO8,134,60,134,65,149
600/55-26.5,MO8,134,60,134,65,149
600/55-26.5,MO8,134,60,134,65,149
600/55-26.5,MO8,134,60,134,65,149
600/55-26.5,MO8,134,60,134,65,149
600/55-26.5,MO8,134,60,134,65,149
600/55-30.5,MO8,144,60,144,65,159
600/55R22.5,MO2,124,60,124,65,139
600/55R22.5,MO3,124,60,124,65,139
600/55R26.5,MO7,134,60,134,65,149
600/55R26.5,MO7,134,60,134,65,149
600/55R26.5,MO2,134,60,134,65,149
600/55R26.5,MO2,134,60,134,65,149
600/55R26.5,MO3,134,60,134,65,149
600/55R26.5,MO3,134,60,134,65,149
600/55R26.5,MO5,134,60,134,65,149
600/55R26.5,MO1,134,60,134,65,149
600/55R26.5,MO1,134,60,134,65,149
600/55R26.5,MO1,134,60,134,65,149
600/55R26.5,MO1,134,60,134,65,149
600/55R26.5,MO10,134,60,134,65,149
600/55R26.5,MO8,134,60,134,65,149
600/60-30.5,MO8,150,60,150,65,165
600/60-30.5,MO8,150,60,150,65,165
600/60-30.5,MO8,150,60,150,65,165
600/60R28,MO7,144,60,144,65,159
600/60R28,MO2,144,60,144,65,159
600/60R28,MO1,144,60,144,65,159
600/60R28,MO8,144,60,144,65,159
600/60R30,MO2,149,60,149,65,164
600/60R30,MO1,149,60,149,65,164
600/60R30,MO1,149,60,149,65,164
600/60R30,MO8,149,60,149,65,164
600/60R30.5,MO5,150,60,150,65,165
600/60R38,MO8,169,60,169,65,184
600/65-28,MO2,150,60,150,65,165
600/65-34,MO7,165,60,165,65,180
600/65-34,MO7,165,60,165,65,180
600/65-34,MO2,165,60,165,65,180
600/65-34,MO2,165,60,165,65,180
600/65-34,MO2,165,60,165,65,180
600/65-34,MO8,165,60,165,65,180
600/65-34,MO8,165,60,165,65,180
600/65-38,MO2,175,60,175,65,190
600/65R28,MO7,150,60,150,65,165
600/65R28,MO7,150,60,150,65,165
600/65R28,MO2,150,60,150,65,165
600/65R28,MO2,150,60,150,65,165
600/65R28,MO2,150,60,150,65,165
600/65R28,MO2,150,60,150,65,165
600/65R28,MO2,150,60,150,65,165
600/65R28,MO2,150,60,150,65,165
600/65R28,MO2,150,60,150,65,165
600/65R28,MO2,150,60,150,65,165
600/65R28,MO2,150,60,150,65,165
600/65R28,MO3,150,60,150,65,165
600/65R28,MO3,150,60,150,65,165
600/65R28,MO3,150,60,150,65,165
600/65R28,MO5,150,60,150,65,165
600/65R28,MO5,150,60,150,65,165
600/65R28,MO5,150,60,150,65,165
600/65R28,MO5,150,60,150,65,165
600/65R28,MO5,150,60,150,65,165
600/65R28,MO1,150,60,150,65,165
600/65R28,MO1,150,60,150,65,165
600/65R28,MO10,150,60,150,65,165
600/65R28,MO8,150,60,150,65,165
600/65R28,MO8,150,60,150,65,165
600/65R28,MO8,150,60,150,65,165
600/65R28,MO8,150,60,150,65,165
600/65R28,MO8,150,60,150,65,165
600/65R30,MO2,155,60,155,65,170
600/65R30,MO5,155,60,155,65,170
600/65R30,MO5,155,60,155,65,170
600/65R30,MO1,155,60,155,65,170
600/65R34,MO7,165,60,165,65,180
600/65R34,MO7,165,60,165,65,180
600/65R34,MO7,165,60,165,65,180
600/65R34,MO7,165,60,165,65,180
600/65R34,MO2,165,60,165,65,180
600/65R34,MO2,165,60,165,65,180
600/65R34,MO2,165,60,165,65,180
600/65R34,MO2,165,60,165,65,180
600/65R34,MO3,165,60,165,65,180
600/65R34,MO3,165,60,165,65,180
600/65R34,MO3,165,60,165,65,180
600/65R34,MO5,165,60,165,65,180
600/65R34,MO5,165,60,165,65,180
600/65R34,MO5,165,60,165,65,180
600/65R34,MO5,165,60,165,65,180
600/65R34,MO5,165,60,165,65,180
600/65R34,MO1,165,60,165,65,180
600/65R34,MO1,165,60,165,65,180
600/65R34,MO1,165,60,165,65,180
600/65R34,MO10,165,60,165,65,180
600/65R34,MO8,165,60,165,65,180
600/65R34,MO8,165,60,165,65,180
600/65R38,MO7,175,60,175,65,190
600/65R38,MO7,175,60,175,65,190
600/65R38,MO7,175,60,175,65,190
600/65R38,MO7,175,60,175,65,190
600/65R38,MO2,175,60,175,65,190
600/65R38,MO2,175,60,175,65,190
600/65R38,MO2,175,60,175,65,190
600/65R38,MO2,175,60,175,65,190
600/65R38,MO3,175,60,175,65,190
600/65R38,MO3,175,60,175,65,190
600/65R38,MO3,175,60,175,65,190
600/65R38,MO3,175,60,175,65,190
600/65R38,MO3,175,60,175,65,190
600/65R38,MO3,175,60,175,65,190
600/65R38,MO3,175,60,175,65,190
600/65R38,MO3,175,60,175,65,190
600/65R38,MO5,175,60,175,65,190
600/65R38,MO5,175,60,175,65,190
600/65R38,MO5,175,60,175,65,190
600/65R38,MO5,175,60,175,65,190
600/65R38,MO5,175,60,175,65,190
600/65R38,MO1,175,60,175,65,190
600/65R38,MO10,175,60,175,65,190
600/65R38,MO8,175,60,175,65,190
600/65R38,MO8,175,60,175,65,190
600/65R42,MO8,185,60,185,65,200
600/70R28,MO7,156,60,156,65,171
600/70R28,MO2,156,60,156,65,171
600/70R28,MO2,156,60,156,65,171
600/70R28,MO2,156,60,156,65,171
600/70R28,MO2,156,60,156,65,171
600/70R28,MO3,156,60,156,65,171
600/70R28,MO3,156,60,156,65,171
600/70R28,MO5,156,60,156,65,171
600/70R28,MO1,156,60,156,65,171
600/70R28,MO8,156,60,156,65,171
600/70R28,MO8,156,60,156,65,171
600/70R30,MO7,161,60,161,65,176
600/70R30,MO7,161,60,161,65,176
600/70R30,MO7,161,60,161,65,176
600/70R30,MO7,161,60,161,65,176
600/70R30,MO2,161,60,161,65,176
600/70R30,MO2,161,60,161,65,176
600/70R30,MO2,161,60,161,65,176
600/70R30,MO2,161,60,161,65,176
600/70R30,MO2,161,60,161,65,176
600/70R30,MO3,161,60,161,65,176
600/70R30,MO3,161,60,161,65,176
600/70R30,MO3,161,60,161,65,176
600/70R30,MO3,161,60,161,65,176
600/70R30,MO3,161,60,161,65,176
600/70R30,MO3,161,60,161,65,176
600/70R30,MO5,161,60,161,65,176
600/70R30,MO5,161,60,161,65,176
600/70R30,MO5,161,60,161,65,176
600/70R30,MO5,161,60,161,65,176
600/70R30,MO5,161,60,161,65,176
600/70R30,MO5,161,60,161,65,176
600/70R30,MO1,161,60,161,65,176
600/70R30,MO1,161,60,161,65,176
600/70R30,MO1,161,60,161,65,176
600/70R30,MO1,161,60,161,65,176
600/70R30,MO1,161,60,161,65,176
600/70R30,MO10,161,60,161,65,176
600/70R30,MO10,161,60,161,65,176
600/70R30,MO10,161,60,161,65,176
600/70R30,MO8,161,60,161,65,176
600/70R30,MO8,161,60,161,65,176
600/70R34,MO7,171,60,171,65,186
600/70R34,MO7,171,60,171,65,186
600/70R34,MO7,171,60,171,65,186
600/70R34,MO5,171,60,171,65,186
600/70R34,MO1,171,60,171,65,186
600/70R34,MO8,171,60,171,65,186
600R1,MO5,103,60,103,65,118
600R1,MO5,103,60,103,65,118
600R1,MO4,103,60,103,65,118
601R1,MO5,103,61,103,66,118
610x145-13,MO5,61,15,61,20,76
610x145-13,MO8,61,15,61,20,76
620/40R22.5,MO2,107,62,107,67,122
620/40R22.5,MO1,107,62,107,67,122
620/50B22.5,MO8,120,62,120,67,135
620/50R22.5,MO2,120,62,120,67,135
620/55B26.5,MO8,136,62,136,67,151
620/55R26.5,MO1,136,62,136,67,151
620/60B30,MO7,151,62,151,67,166
620/60B34,MO7,161,62,161,67,176
620/60B34,MO7,161,62,161,67,176
620/60B34,MO8,161,62,161,67,176
620/60R26.5,MO7,142,62,142,67,157
620/70R26,MO8,153,62,153,67,168
620/70R26,MO2,153,62,153,67,168
620/70R30,MO5,163,62,163,67,178
620/70R42,MO2,194,62,194,67,209
620/70R42,MO2,194,62,194,67,209
620/70R42,MO2,194,62,194,67,209
620/70R42,MO3,194,62,194,67,209
620/70R42,MO5,194,62,194,67,209
620/70R42,MO1,194,62,194,67,209
620/70R42,MO1,194,62,194,67,209
620/70R42,MO10,194,62,194,67,209
620/70R42,MO10,194,62,194,67,209
620/70R42,MO10,194,62,194,67,209
620/70R42,MO8,194,62,194,67,209
620/70R42,MO8,194,62,194,67,209
620/75R26,MO2,160,62,160,67,175
620/75R26,MO1,160,62,160,67,175
620/75R26,MO1,160,62,160,67,175
620/75R26,MO8,160,62,160,67,175
620/75R30,MO7,170,62,170,67,185
620/75R30,MO1,170,62,170,67,185
620/75R30,MO8,170,62,170,67,185
620/75R34,MO1,180,62,180,67,195
620/80R42,MO7,206,62,206,67,221
645x160-14,MO5,65,16,65,21,80
645x160-14,MO8,65,16,65,21,80
650/45-22.5,MO7,116,65,116,70,131
650/45-22.5,MO7,116,65,116,70,131
650/45-22.5,MO8,116,65,116,70,131
650/45-22.5,MO8,116,65,116,70,131
650/45B22.5,MO8,116,65,116,70,131
650/50R22.5,MO7,123,65,123,70,138
650/50R22.5,MO2,123,65,123,70,138
650/50R22.5,MO1,123,65,123,70,138
650/55B30.5,MO8,149,65,149,70,164
650/55R26.5,MO2,139,65,139,70,154
650/55R26.5,MO3,139,65,139,70,154
650/55R26.5,MO5,139,65,139,70,154
650/55R26.5,MO1,139,65,139,70,154
650/55R26.5,MO1,139,65,139,70,154
650/55R26.5,MO10,139,65,139,70,154
650/55R26.5,MO10,139,65,139,70,154
650/60-26.5,MO7,146,65,146,70,161
650/60R26.5,MO2,146,65,146,70,161
650/60R34,MO2,165,65,165,70,180
650/60R34,MO3,165,65,165,70,180
650/60R34,MO3,165,65,165,70,180
650/60R34,MO5,165,65,165,70,180
650/60R34,MO5,165,65,165,70,180
650/60R34,MO1,165,65,165,70,180
650/60R34,MO1,165,65,165,70,180
650/60R34,MO8,165,65,165,70,180
650/60R34,MO8,165,65,165,70,180
650/60R38,MO8,175,65,175,70,190
650/60R38,MO8,175,65,175,70,190
650/60R38,MO8,175,65,175,70,190
650/60R42,MO8,185,65,185,70,200
650/65-30.5,MO8,162,65,162,70,177
650/65-38,MO2,182,65,182,70,197
650/65R26.5,MO7,152,65,152,70,167
650/65R26.5,MO7,152,65,152,70,167
650/65R26.5,MO5,152,65,152,70,167
650/65R26.5,MO1,152,65,152,70,167
650/65R30.5,MO7,162,65,162,70,177
650/65R30.5,MO2,162,65,162,70,177
650/65R30.5,MO8,162,65,162,70,177
650/65R34,MO7,171,65,171,70,186
650/65R34,MO2,171,65,171,70,186
650/65R34,MO1,171,65,171,70,186
650/65R34,MO1,171,65,171,70,186
650/65R34,MO8,171,65,171,70,186
650/65R38,MO7,182,65,182,70,197
650/65R38,MO7,182,65,182,70,197
650/65R38,MO7,182,65,182,70,197
650/65R38,MO7,182,65,182,70,197
650/65R38,MO7,182,65,182,70,197
650/65R38,MO2,182,65,182,70,197
650/65R38,MO2,182,65,182,70,197
650/65R38,MO2,182,65,182,70,197
650/65R38,MO2,182,65,182,70,197
650/65R38,MO2,182,65,182,70,197
650/65R38,MO2,182,65,182,70,197
650/65R38,MO2,182,65,182,70,197
650/65R38,MO2,182,65,182,70,197
650/65R38,MO3,182,65,182,70,197
650/65R38,MO3,182,65,182,70,197
650/65R38,MO3,182,65,182,70,197
650/65R38,MO3,182,65,182,70,197
650/65R38,MO3,182,65,182,70,197
650/65R38,MO5,182,65,182,70,197
650/65R38,MO5,182,65,182,70,197
650/65R38,MO5,182,65,182,70,197
650/65R38,MO5,182,65,182,70,197
650/65R38,MO5,182,65,182,70,197
650/65R38,MO5,182,65,182,70,197
650/65R38,MO5,182,65,182,70,197
650/65R38,MO5,182,65,182,70,197
650/65R38,MO5,182,65,182,70,197
650/65R38,MO5,182,65,182,70,197
650/65R38,MO5,182,65,182,70,197
650/65R38,MO4,182,65,182,70,197
650/65R38,MO1,182,65,182,70,197
650/65R38,MO1,182,65,182,70,197
650/65R38,MO1,182,65,182,70,197
650/65R38,MO10,182,65,182,70,197
650/65R38,MO10,182,65,182,70,197
650/65R38,MO10,182,65,182,70,197
650/65R38,MO10,182,65,182,70,197
650/65R38,MO8,182,65,182,70,197
650/65R38,MO8,182,65,182,70,197
650/65R38,MO8,182,65,182,70,197
650/65R38,MO8,182,65,182,70,197
650/65R42,MO7,192,65,192,70,207
650/65R42,MO7,192,65,192,70,207
650/65R42,MO7,192,65,192,70,207
650/65R42,MO7,192,65,192,70,207
650/65R42,MO2,192,65,192,70,207
650/65R42,MO2,192,65,192,70,207
650/65R42,MO2,192,65,192,70,207
650/65R42,MO2,192,65,192,70,207
650/65R42,MO2,192,65,192,70,207
650/65R42,MO2,192,65,192,70,207
650/65R42,MO3,192,65,192,70,207
650/65R42,MO3,192,65,192,70,207
650/65R42,MO3,192,65,192,70,207
650/65R42,MO3,192,65,192,70,207
650/65R42,MO3,192,65,192,70,207
650/65R42,MO3,192,65,192,70,207
650/65R42,MO5,192,65,192,70,207
650/65R42,MO5,192,65,192,70,207
650/65R42,MO5,192,65,192,70,207
650/65R42,MO5,192,65,192,70,207
650/65R42,MO5,192,65,192,70,207
650/65R42,MO5,192,65,192,70,207
650/65R42,MO1,192,65,192,70,207
650/65R42,MO1,192,65,192,70,207
650/65R42,MO1,192,65,192,70,207
650/65R42,MO10,192,65,192,70,207
650/65R42,MO10,192,65,192,70,207
650/65R42,MO8,192,65,192,70,207
650/65R42,MO8,192,65,192,70,207
650/65R42,MO8,192,65,192,70,207
650/75-38,MO7,195,65,195,70,210
650/75R32,MO2,179,65,179,70,194
650/75R32,MO2,179,65,179,70,194
650/75R32,MO3,179,65,179,70,194
650/75R32,MO3,179,65,179,70,194
650/75R32,MO1,179,65,179,70,194
650/75R32,MO8,179,65,179,70,194
650/75R32,MO8,179,65,179,70,194
650/75R38,MO7,195,65,195,70,210
650/75R38,MO2,195,65,195,70,210
650/75R38,MO3,195,65,195,70,210
650/75R38,MO3,195,65,195,70,210
650/75R38,MO3,195,65,195,70,210
650/75R38,MO1,195,65,195,70,210
650/75R38,MO1,195,65,195,70,210
650/75R38,MO8,195,65,195,70,210
650/75R42,MO8,205,65,205,70,220
650/85R38,MO7,208,65,208,70,223
650/85R38,MO7,208,65,208,70,223
650/85R38,MO2,208,65,208,70,223
650/85R38,MO2,208,65,208,70,223
650/85R38,MO3,208,65,208,70,223
650/85R38,MO5,208,65,208,70,223
650/85R38,MO5,208,65,208,70,223
650/85R38,MO1,208,65,208,70,223
650/85R38,MO1,208,65,208,70,223
650/85R38,MO1,208,65,208,70,223
650/85R38,MO10,208,65,208,70,223
650/85R38,MO10,208,65,208,70,223
650/85R38,MO8,208,65,208,70,223
650/85R38,MO8,208,65,208,70,223
650/85R42,MO2,218,65,218,70,233
650/85R42,MO8,218,65,218,70,233
680/55R26.5,MO8,143,68,143,73,158
690x180-15,MO2,69,18,69,23,84
690x180-15,MO5,69,18,69,23,84
690x180-15,MO5,69,18,69,23,84
690x180-15,MO8,69,18,69,23,84
7-14,MO1,66,18,66,23,81
7.00-12,MO2,60,18,60,23,75
7.00-12,MO2,60,18,60,23,75
7.00-12,MO2,60,18,60,23,75
7.00-12,MO2,60,18,60,23,75
7.00-12,MO2,60,18,60,23,75
7.00-12,MO2,60,18,60,23,75
7.00-12,MO2,60,18,60,23,75
7.00-12,MO2,60,18,60,23,75
7.00-12,MO2,60,18,60,23,75
7.00-12,MO2,60,18,60,23,75
7.00-12,MO2,60,18,60,23,75
7.00-12,MO2,60,18,60,23,75
7.00-12,MO2,60,18,60,23,75
7.00-12,MO2,60,18,60,23,75
7.00-12,MO3,60,18,60,23,75
7.00-12,MO5,60,18,60,23,75
7.00-12,MO5,60,18,60,23,75
7.00-12,MO5,60,18,60,23,75
7.00-12,MO4,60,18,60,23,75
7.00-12,MO10,60,18,60,23,75
7.00-12,MO8,60,18,60,23,75
7.00-15,MO10,68,18,68,23,83
7.00-15,MO8,68,18,68,23,83
7.50-10,MO3,58,20,58,25,73
7.50-10,MO8,58,20,58,25,73
7.50-10,MO8,58,20,58,25,73
7.50-15,MO2,70,20,70,25,85
7.50-15,MO5,70,20,70,25,85
7.50-16,MO2,73,20,73,25,88
7.50-16,MO2,73,20,73,25,88
7.50-16,MO2,73,20,73,25,88
7.50-16,MO2,73,20,73,25,88
7.50-16,MO2,73,20,73,25,88
7.50-16,MO2,73,20,73,25,88
7.50-16,MO2,73,20,73,25,88
7.50-16,MO3,73,20,73,25,88
7.50-16,MO3,73,20,73,25,88
7.50-16,MO3,73,20,73,25,88
7.50-16,MO5,73,20,73,25,88
7.50-16,MO5,73,20,73,25,88
7.50-16,MO5,73,20,73,25,88
7.50-16,MO5,73,20,73,25,88
7.50-16,MO5,73,20,73,25,88
7.50-16,MO5,73,20,73,25,88
7.50-16,MO5,73,20,73,25,88
7.50-16,MO5,73,20,73,25,88
7.50-16,MO5,73,20,73,25,88
7.50-16,MO5,73,20,73,25,88
7.50-16,MO5,73,20,73,25,88
7.50-16,MO5,73,20,73,25,88
7.50-16,MO5,73,20,73,25,88
7.50-16,MO5,73,20,73,25,88
7.50-16,MO5,73,20,73,25,88
7.50-16,MO4,73,20,73,25,88
7.50-16,MO4,73,20,73,25,88
7.50-16,MO4,73,20,73,25,88
7.50-16,MO4,73,20,73,25,88
7.50-16,MO4,73,20,73,25,88
7.50-16,MO4,73,20,73,25,88
7.50-16,MO4,73,20,73,25,88
7.50-16,MO4,73,20,73,25,88
7.50-16,MO1,73,20,73,25,88
7.50-16,MO1,73,20,73,25,88
7.50-16,MO1,73,20,73,25,88
7.50-16,MO10,73,20,73,25,88
7.50-16,MO10,73,20,73,25,88
7.50-16,MO8,73,20,73,25,88
7.50-16,MO8,73,20,73,25,88
7.50-16,MO8,73,20,73,25,88
7.50-16,MO8,73,20,73,25,88
7.50-16,MO8,73,20,73,25,88
7.50-18,MO5,78,20,78,25,93
7.50-18,MO5,78,20,78,25,93
7.50-18,MO5,78,20,78,25,93
7.50-18,MO4,78,20,78,25,93
7.50-18,MO1,78,20,78,25,93
7.50-18,MO10,78,20,78,25,93
7.50-18,MO8,78,20,78,25,93
7.50-18,MO8,78,20,78,25,93
7.50-18,MO8,78,20,78,25,93
7.50-20,MO2,83,20,83,25,98
7.50-20,MO2,83,20,83,25,98
7.50-20,MO2,83,20,83,25,98
7.50-20,MO2,83,20,83,25,98
7.50-20,MO2,83,20,83,25,98
7.50-20,MO3,83,20,83,25,98
7.50-20,MO3,83,20,83,25,98
7.50-20,MO5,83,20,83,25,98
7.50-20,MO5,83,20,83,25,98
7.50-20,MO5,83,20,83,25,98
7.50-20,MO5,83,20,83,25,98
7.50-20,MO5,83,20,83,25,98
7.50-20,MO5,83,20,83,25,98
7.50-20,MO5,83,20,83,25,98
7.50-20,MO4,83,20,83,25,98
7.50-20,MO4,83,20,83,25,98
7.50-20,MO1,83,20,83,25,98
7.50-20,MO1,83,20,83,25,98
7.50-20,MO10,83,20,83,25,98
7.5L-15,MO8,70,20,70,25,85
700/40-22.5,MO2,114,70,114,75,129
700/40-22.5,MO3,114,70,114,75,129
700/40-22.5,MO10,114,70,114,75,129
700/50-22.5,MO2,128,70,128,75,143
700/50-22.5,MO2,128,70,128,75,143
700/50-22.5,MO1,128,70,128,75,143
700/50-22.5,MO1,128,70,128,75,143
700/50-22.5,MO10,128,70,128,75,143
700/50-26.5,MO2,138,70,138,75,153
700/50-26.5,MO2,138,70,138,75,153
700/50-26.5,MO1,138,70,138,75,153
700/50-26.5,MO1,138,70,138,75,153
700/50R26.5,MO7,138,70,138,75,153
700/55-34,MO7,164,70,164,75,179
700/70-34,MO7,185,70,185,75,200
710/35R22.5,MO7,107,71,107,76,122
710/40-22.5,MO7,114,71,114,76,129
710/40-22.5,MO7,114,71,114,76,129
710/40-22.5,MO7,114,71,114,76,129
710/40-22.5,MO7,114,71,114,76,129
710/40-22.5,MO7,114,71,114,76,129
710/40-22.5,MO7,114,71,114,76,129
710/40-22.5,MO2,114,71,114,76,129
710/40-22.5,MO2,114,71,114,76,129
710/40-22.5,MO2,114,71,114,76,129
710/40-22.5,MO1,114,71,114,76,129
710/40-22.5,MO8,114,71,114,76,129
710/40-22.5,MO8,114,71,114,76,129
710/40-22.5,MO8,114,71,114,76,129
710/40-24.5,MO7,120,71,120,76,135
710/40-24.5,MO7,120,71,120,76,135
710/40-24.5,MO7,120,71,120,76,135
710/40-24.5,MO2,120,71,120,76,135
710/40-24.5,MO8,120,71,120,76,135
710/40-24.5,MO8,120,71,120,76,135
710/40B22.5,MO8,114,71,114,76,129
710/40R22.5,MO3,114,71,114,76,129
710/40R22.5,MO10,114,71,114,76,129
710/40R22.5,MO10,114,71,114,76,129
710/45-26.5,MO7,132,71,132,76,147
710/45-26.5,MO7,132,71,132,76,147
710/45-26.5,MO7,132,71,132,76,147
710/45-26.5,MO7,132,71,132,76,147
710/45-26.5,MO7,132,71,132,76,147
710/45-26.5,MO7,132,71,132,76,147
710/45-26.5,MO2,132,71,132,76,147
710/45-26.5,MO2,132,71,132,76,147
710/45-26.5,MO2,132,71,132,76,147
710/45-26.5,MO2,132,71,132,76,147
710/45-26.5,MO3,132,71,132,76,147
710/45-26.5,MO3,132,71,132,76,147
710/45-26.5,MO1,132,71,132,76,147
710/45-26.5,MO8,132,71,132,76,147
710/45-26.5,MO8,132,71,132,76,147
710/45-26.5,MO8,132,71,132,76,147
710/45-26.5,MO8,132,71,132,76,147
710/45-26.5,MO8,132,71,132,76,147
710/45R22.5,MO7,122,71,122,76,137
710/45R22.5,MO7,122,71,122,76,137
710/45R22.5,MO2,122,71,122,76,137
710/45R22.5,MO2,122,71,122,76,137
710/45R22.5,MO3,122,71,122,76,137
710/45R22.5,MO5,122,71,122,76,137
710/45R22.5,MO1,122,71,122,76,137
710/45R22.5,MO1,122,71,122,76,137
710/45R22.5,MO10,122,71,122,76,137
710/50-30.5,MO8,149,71,149,76,164
710/50-30.5,MO8,149,71,149,76,164
710/50R26.5,MO7,139,71,139,76,154
710/50R26.5,MO2,139,71,139,76,154
710/50R26.5,MO2,139,71,139,76,154
710/50R26.5,MO2,139,71,139,76,154
710/50R26.5,MO5,139,71,139,76,154
710/50R26.5,MO5,139,71,139,76,154
710/50R26.5,MO5,139,71,139,76,154
710/50R26.5,MO1,139,71,139,76,154
710/50R26.5,MO10,139,71,139,76,154
710/50R26.5,MO8,139,71,139,76,154
710/50R30.5,MO2,149,71,149,76,164
710/50R30.5,MO2,149,71,149,76,164
710/55-26.5,MO7,146,71,146,76,161
710/55-26.5,MO7,146,71,146,76,161
710/55-28.5,MO7,151,71,151,76,166
710/55-28.5,MO7,151,71,151,76,166
710/55-34,MO7,165,71,165,76,180
710/55-34,MO8,165,71,165,76,180
710/55R34,MO7,165,71,165,76,180
710/55R34,MO3,165,71,165,76,180
710/55R34,MO8,165,71,165,76,180
710/60R30,MO8,162,71,162,76,177
710/60R34,MO5,172,71,172,76,187
710/60R34,MO1,172,71,172,76,187
710/60R34,MO1,172,71,172,76,187
710/60R34,MO8,172,71,172,76,187
710/60R34,MO8,172,71,172,76,187
710/60R38,MO2,182,71,182,76,197
710/60R38,MO1,182,71,182,76,197
710/60R38,MO1,182,71,182,76,197
710/60R38,MO8,182,71,182,76,197
710/60R38,MO8,182,71,182,76,197
710/60R42,MO2,192,71,192,76,207
710/60R42,MO1,192,71,192,76,207
710/60R42,MO8,192,71,192,76,207
710/65-38,MO8,189,71,189,76,204
710/65R46,MO8,210,71,210,76,225
710/70-34,MO7,186,71,186,76,201
710/70R38,MO7,196,71,196,76,211
710/70R38,MO7,196,71,196,76,211
710/70R38,MO2,196,71,196,76,211
710/70R38,MO2,196,71,196,76,211
710/70R38,MO2,196,71,196,76,211
710/70R38,MO2,196,71,196,76,211
710/70R38,MO2,196,71,196,76,211
710/70R38,MO2,196,71,196,76,211
710/70R38,MO2,196,71,196,76,211
710/70R38,MO2,196,71,196,76,211
710/70R38,MO3,196,71,196,76,211
710/70R38,MO3,196,71,196,76,211
710/70R38,MO3,196,71,196,76,211
710/70R38,MO5,196,71,196,76,211
710/70R38,MO5,196,71,196,76,211
710/70R38,MO5,196,71,196,76,211
710/70R38,MO5,196,71,196,76,211
710/70R38,MO5,196,71,196,76,211
710/70R38,MO1,196,71,196,76,211
710/70R38,MO1,196,71,196,76,211
710/70R38,MO1,196,71,196,76,211
710/70R38,MO1,196,71,196,76,211
710/70R38,MO10,196,71,196,76,211
710/70R38,MO10,196,71,196,76,211
710/70R38,MO8,196,71,196,76,211
710/70R38,MO8,196,71,196,76,211
710/70R38,MO8,196,71,196,76,211
710/70R38,MO8,196,71,196,76,211
710/70R38,MO8,196,71,196,76,211
710/70R42,MO7,207,71,207,76,222
710/70R42,MO7,207,71,207,76,222
710/70R42,MO7,207,71,207,76,222
710/70R42,MO7,207,71,207,76,222
710/70R42,MO2,207,71,207,76,222
710/70R42,MO2,207,71,207,76,222
710/70R42,MO2,207,71,207,76,222
710/70R42,MO2,207,71,207,76,222
710/70R42,MO2,207,71,207,76,222
710/70R42,MO3,207,71,207,76,222
710/70R42,MO3,207,71,207,76,222
710/70R42,MO3,207,71,207,76,222
710/70R42,MO3,207,71,207,76,222
710/70R42,MO3,207,71,207,76,222
710/70R42,MO5,207,71,207,76,222
710/70R42,MO5,207,71,207,76,222
710/70R42,MO5,207,71,207,76,222
710/70R42,MO5,207,71,207,76,222
710/70R42,MO5,207,71,207,76,222
710/70R42,MO5,207,71,207,76,222
710/70R42,MO5,207,71,207,76,222
710/70R42,MO1,207,71,207,76,222
710/70R42,MO1,207,71,207,76,222
710/70R42,MO1,207,71,207,76,222
710/70R42,MO1,207,71,207,76,222
710/70R42,MO10,207,71,207,76,222
710/70R42,MO10,207,71,207,76,222
710/70R42,MO8,207,71,207,76,222
710/70R42,MO8,207,71,207,76,222
710/70R42,MO8,207,71,207,76,222
710/70R42,MO8,207,71,207,76,222
710/75R32,MO8,188,71,188,76,203
710/75R34,MO2,193,71,193,76,208
710/75R42,MO7,214,71,214,76,229
710/75R42,MO7,214,71,214,76,229
710/75R42,MO3,214,71,214,76,229
710/75R42,MO3,214,71,214,76,229
710/75R42,MO3,214,71,214,76,229
710/75R42,MO3,214,71,214,76,229
710/75R42,MO5,214,71,214,76,229
710/75R42,MO1,214,71,214,76,229
710/75R42,MO10,214,71,214,76,229
710/75R42,MO8,214,71,214,76,229
710/75R42,MO8,214,71,214,76,229
710/85R38,MO2,218,71,218,76,233
710/85R38,MO1,218,71,218,76,233
75-16,MO8,54,8,54,13,69
750/45-30.5,MO8,145,75,145,80,160
750/45R26.5,MO2,135,75,135,80,150
750/50B30.5,MO8,153,75,153,80,168
750/50R26,MO8,142,75,142,80,157
750/55-26.5,MO7,150,75,150,80,165
750/55-26.5,MO7,150,75,150,80,165
750/55-26.5,MO7,150,75,150,80,165
750/55-26.5,MO7,150,75,150,80,165
750/55-26.5,MO2,150,75,150,80,165
750/55-26.5,MO1,150,75,150,80,165
750/55-26.5,MO1,150,75,150,80,165
750/55-26.5,MO8,150,75,150,80,165
750/55-26.5,MO8,150,75,150,80,165
750/55R26.5,MO7,150,75,150,80,165
750/60-30.5,MO8,168,75,168,80,183
750/60R30.5,MO7,168,75,168,80,183
750/60R30.5,MO2,168,75,168,80,183
750/60R30.5,MO2,168,75,168,80,183
750/60R30.5,MO2,168,75,168,80,183
750/60R30.5,MO3,168,75,168,80,183
750/60R30.5,MO1,168,75,168,80,183
750/60R30.5,MO8,168,75,168,80,183
750/60R30.5,MO8,168,75,168,80,183
750/60R46,MO8,207,75,207,80,222
750/65R26,MO2,164,75,164,80,179
750/65R26,MO5,164,75,164,80,179
750/65R26,MO1,164,75,164,80,179
750/65R26,MO8,164,75,164,80,179
750/70R44,MO8,217,75,217,80,232
750/70R44,MO8,217,75,217,80,232
750/75R46,MO8,230,75,230,80,245
780/50-28.5,MO7,151,78,151,83,166
780/50-28.5,MO7,151,78,151,83,166
780/50-28.5,MO2,151,78,151,83,166
780/50-28.5,MO8,151,78,151,83,166
8-16,MO1,75,21,75,26,90
8-28,MO2,105,21,105,26,120
8.00-20,MO1,85,21,85,26,100
8.15-15,MO2,73,21,73,26,88
8.15-15,MO2,73,21,73,26,88
8.15-15,MO2,73,21,73,26,88
8.15-15,MO2,73,21,73,26,88
8.15-15,MO2,73,21,73,26,88
8.15-15,MO2,73,21,73,26,88
8.15-15,MO2,73,21,73,26,88
8.15-15,MO2,73,21,73,26,88
8.15-15,MO10,73,21,73,26,88
8.25-15,MO2,73,21,73,26,88
8.25-15,MO2,73,21,73,26,88
8.25-15,MO2,73,21,73,26,88
8.25-15,MO2,73,21,73,26,88
8.25-15,MO2,73,21,73,26,88
8.25-15,MO2,73,21,73,26,88
8.25-15,MO2,73,21,73,26,88
8.25-15,MO2,73,21,73,26,88
8.25-15,MO2,73,21,73,26,88
8.25-15,MO2,73,21,73,26,88
8.25-15,MO5,73,21,73,26,88
8.25-15,MO4,73,21,73,26,88
8.25-15,MO1,73,21,73,26,88
8.25-15,MO1,73,21,73,26,88
8.25-15,MO10,73,21,73,26,88
8.25-16,MO2,76,21,76,26,91
8.25-16,MO1,76,21,76,26,91
8.25-16,MO8,76,21,76,26,91
8.25-20,MO2,86,21,86,26,101
8.25-20,MO5,86,21,86,26,101
8.25-20,MO5,86,21,86,26,101
8.25-20,MO4,86,21,86,26,101
8.25R15,MO5,73,21,73,26,88
8.25R20,MO2,86,21,86,26,101
8.3-20,MO2,86,22,86,27,101
8.3-20,MO5,86,22,86,27,101
8.3-20,MO5,86,22,86,27,101
8.3-22,MO5,91,22,91,27,106
8.3-24,MO2,96,22,96,27,111
8.3-24,MO5,96,22,96,27,111
8.3-24,MO5,96,22,96,27,111
8.3-24,MO5,96,22,96,27,111
8.3-24,MO1,96,22,96,27,111
8.3-24,MO10,96,22,96,27,111
8.3-24,MO8,96,22,96,27,111
8.3-28,MO2,107,22,107,27,122
8.3-28,MO5,107,22,107,27,122
8.3-32,MO2,117,22,117,27,132
8.3-32,MO5,117,22,117,27,132
8.3R24,MO8,96,22,96,27,111
8.3R32,MO2,117,22,117,27,132
8.3R32,MO2,117,22,117,27,132
8.3R36,MO2,127,22,127,27,142
8.5R17.5,MO5,81,22,81,27,96
8.5R17.5,MO5,81,22,81,27,96
80-12,MO2,44,8,44,13,59
80-12,MO2,44,8,44,13,59
80-12,MO3,44,8,44,13,59
80-12,MO8,44,8,44,13,59
80-15,MO2,52,8,52,13,67
80-15,MO3,52,8,52,13,67
80-15,MO8,52,8,52,13,67
800/40-24.5,MO7,127,80,127,85,142
800/40-24.5,MO7,127,80,127,85,142
800/40-26.5,MO7,132,80,132,85,147
800/40-26.5,MO7,132,80,132,85,147
800/40-26.5,MO2,132,80,132,85,147
800/40-26.5,MO8,132,80,132,85,147
800/40-26.5,MO8,132,80,132,85,147
800/40-26.5,MO8,132,80,132,85,147
800/45-26.5,MO2,140,80,140,85,155
800/45-26.5,MO1,140,80,140,85,155
800/45-30.5,MO8,150,80,150,85,165
800/45-30.5,MO8,150,80,150,85,165
800/45R26.5,MO7,140,80,140,85,155
800/45R30.5,MO2,150,80,150,85,165
800/45R30.5,MO8,150,80,150,85,165
800/50R34,MO7,167,80,167,85,182
800/55-30.5,MO8,166,80,166,85,181
800/60R32,MO8,178,80,178,85,193
800/60R32,MO8,178,80,178,85,193
800/60R34,MO7,183,80,183,85,198
800/65R32,MO2,186,80,186,85,201
800/65R32,MO2,186,80,186,85,201
800/65R32,MO2,186,80,186,85,201
800/65R32,MO3,186,80,186,85,201
800/65R32,MO3,186,80,186,85,201
800/65R32,MO3,186,80,186,85,201
800/65R32,MO5,186,80,186,85,201
800/65R32,MO5,186,80,186,85,201
800/65R32,MO5,186,80,186,85,201
800/65R32,MO1,186,80,186,85,201
800/65R32,MO1,186,80,186,85,201
800/65R32,MO10,186,80,186,85,201
800/65R32,MO10,186,80,186,85,201
800/65R32,MO10,186,80,186,85,201
800/65R32,MO8,186,80,186,85,201
800/65R32,MO8,186,80,186,85,201
800/70R32,MO2,194,80,194,85,209
800/70R32,MO2,194,80,194,85,209
800/70R32,MO3,194,80,194,85,209
800/70R32,MO3,194,80,194,85,209
800/70R32,MO5,194,80,194,85,209
800/70R32,MO1,194,80,194,85,209
800/70R32,MO8,194,80,194,85,209
800/70R38,MO7,209,80,209,85,224
800/70R38,MO2,209,80,209,85,224
800/70R38,MO2,209,80,209,85,224
800/70R38,MO3,209,80,209,85,224
800/70R38,MO1,209,80,209,85,224
800/70R38,MO8,209,80,209,85,224
800/70R38,MO8,209,80,209,85,224
800/70R38,MO8,209,80,209,85,224
800/70R38,MO8,209,80,209,85,224
850/45B30.5,MO8,154,85,154,90,169
850/45R26,MO8,143,85,143,90,158
850/50-30.5,MO8,163,85,163,90,178
850/50-38,MO8,182,85,182,90,197
850/50R30.5,MO7,163,85,163,90,178
850/50R30.5,MO2,163,85,163,90,178
850/50R30.5,MO2,163,85,163,90,178
850/50R30.5,MO3,163,85,163,90,178
850/50R30.5,MO8,163,85,163,90,178
850/50R30.5,MO8,163,85,163,90,178
850/55-42,MO8,201,85,201,90,216
850/60-38,MO8,199,85,199,90,214
8x3.00-4,MO1,21,8,21,13,36
9.00-16,MO2,79,23,79,28,94
9.00-16,MO3,79,23,79,28,94
9.00-16,MO5,79,23,79,28,94
9.00-16,MO5,79,23,79,28,94
9.00-16,MO5,79,23,79,28,94
9.00-16,MO5,79,23,79,28,94
9.00-16,MO5,79,23,79,28,94
9.00-16,MO5,79,23,79,28,94
9.00-16,MO4,79,23,79,28,94
9.00-16,MO8,79,23,79,28,94
9.00-20,MO7,89,23,89,28,104
9.00-20,MO7,89,23,89,28,104
9.00-20,MO2,89,23,89,28,104
9.00-20,MO2,89,23,89,28,104
9.00-20,MO2,89,23,89,28,104
9.00-20,MO5,89,23,89,28,104
9.00-24,MO3,99,23,99,28,114
9.00R20,MO2,89,23,89,28,104
9.5-20,MO2,91,25,91,30,106
9.5-20,MO5,91,25,91,30,106
9.5-20,MO5,91,25,91,30,106
9.5-20,MO5,91,25,91,30,106
9.5-20,MO1,91,25,91,30,106
9.5-22,MO2,96,25,96,30,111
9.5-22,MO2,96,25,96,30,111
9.5-22,MO2,96,25,96,30,111
9.5-24,MO2,102,25,102,30,117
9.5-24,MO2,102,25,102,30,117
9.5-24,MO5,102,25,102,30,117
9.5-24,MO5,102,25,102,30,117
9.5-24,MO5,102,25,102,30,117
9.5-24,MO1,102,25,102,30,117
9.5-24,MO1,102,25,102,30,117
9.5-24,MO10,102,25,102,30,117
9.5-24,MO8,102,25,102,30,117
9.5-32,MO2,122,25,122,30,137
9.5-32,MO2,122,25,122,30,137
9.5-32,MO2,122,25,122,30,137
9.5-32,MO5,122,25,122,30,137
9.5-32,MO5,122,25,122,30,137
9.5-32,MO5,122,25,122,30,137
9.5-32,MO4,122,25,122,30,137
9.5-32,MO1,122,25,122,30,137
9.5-36,MO2,132,25,132,30,147
9.5-36,MO2,132,25,132,30,147
9.5-36,MO5,132,25,132,30,147
9.5-36,MO5,132,25,132,30,147
9.5-36,MO4,132,25,132,30,147
9.5-42,MO2,147,25,147,30,162
9.5-42,MO5,147,25,147,30,162
9.5L-15,MO8,79,25,79,30,94
9.5R17.5,MO2,85,25,85,30,100
9.5R17.5,MO2,85,25,85,30,100
9.5R17.5,MO5,85,25,85,30,100
9.5R17.5,MO5,85,25,85,30,100
9.5R17.5,MO5,85,25,85,30,100
9.5R17.5,MO5,85,25,85,30,100
9.5R17.5,MO5,85,25,85,30,100
9.5R17.5,MO5,85,25,85,30,100
9.5R17.5,MO5,85,25,85,30,100
9.5R17.5,MO5,85,25,85,30,100
9.5R17.5,MO5,85,25,85,30,100
9.5R20,MO5,91,25,91,30,106
9.5R24,MO2,102,25,102,30,117
9.5R24,MO8,102,25,102,30,117
9.5R32,MO2,122,25,122,30,137
9.5R32,MO2,122,25,122,30,137
9.5R32,MO2,122,25,122,30,137
9.5R36,MO2,132,25,132,30,147
9.5R36,MO2,132,25,132,30,147
9.5R42,MO2,147,25,147,30,162
9.5R42,MO2,147,25,147,30,162
9.5R44,MO2,152,25,152,30,167
9.5R44,MO2,152,25,152,30,167
9.5R48,MO2,162,25,162,30,177
9.5R48,MO2,162,25,162,30,177
90-15,MO2,54,9,54,14,69
900/60R32,MO2,190,90,190,95,205
900/60R32,MO2,190,90,190,95,205
900/60R32,MO3,190,90,190,95,205
900/60R32,MO3,190,90,190,95,205
900/60R32,MO5,190,90,190,95,205
900/60R32,MO1,190,90,190,95,205
900/60R32,MO8,190,90,190,95,205
900/60R32,MO8,190,90,190,95,205
900/60R38,MO3,205,90,205,95,220
900/60R38,MO1,205,90,205,95,220
900/60R38,MO8,205,90,205,95,220
900/60R42,MO8,215,90,215,95,230
900/60R42,MO8,215,90,215,95,230
900/65R46,MO2,234,90,234,95,249
900/65R46,MO8,234,90,234,95,249
IF600/70R30,MO10,161,60,161,65,176
IF650/85R38,MO10,208,65,208,70,223
IF650/85R38,MO10,208,65,208,70,223
IF710/70R42,MO10,207,71,207,76,222
VF600/55R26.5,MO7,134,60,134,65,149
VF600/70R28,MO7,156,60,156,65,171
VF600/70R30,MO7,161,60,161,65,176
VF600/70R30,MO10,161,60,161,65,176
VF600/70R34,MO7,171,60,171,65,186
VF620/60R26.5,MO7,142,62,142,67,157
VF650/55R26.5,MO7,139,65,139,70,154
VF650/60R34,MO7,165,65,165,70,180
VF650/65R26.5,MO7,152,65,152,70,167
VF650/65R34,MO7,171,65,171,70,186
VF650/65R38,MO10,182,65,182,70,197
VF650/85R38,MO7,208,65,208,70,223
VF710/50R26.5,MO7,139,71,139,76,154
VF710/55R34,MO7,165,71,165,76,180
VF710/70R42,MO7,207,71,207,76,222
VF710/70R42,MO10,207,71,207,76,222
VF710/75R42,MO7,214,71,214,76,229
VF750/60R30.5,MO7,168,75,168,80,183
VF800/50R34,MO7,167,80,167,85,182
VF800/60R32,MO7,178,80,178,85,193
VF850/50R30.5,MO7,163,85,163,90,178