kod,zastosowanie
MO9_107116,maszyny górnicze
MO9_106993,Koparka
MO9_106992,Ciągnik
MO9_106990,Ciągnik
MO9_106989,Wózek widłowy
MO9_106987,Ładowarka
MO9_106985,Przyczepa
MO9_106665,Ciągnik
MO9_104265,Przyczepa
MO9_104166,Ciągnik
MO9_103636,Wózek widłowy
MO9_103584,Przyczepa
MO9_103393,Przyczepa
MO9_103369,Ciągnik
MO9_103105,Ciągnik
MO9_103038,Ciągnik
MO9_103031,Ciągnik
MO9_102605,maszyny górnicze
MO9_102458,Ciągnik
MO9_102456,Ciągnik
MO9_102383,maszyny górnicze
MO9_102103,Ciągnik
MO9_101998,kosiarka/ogród
MO9_101508,Wózek widłowy
MO9_101507,Wózek widłowy
MO9_99888,maszyny górnicze
MO9_99887,Ciągnik
MO9_99436,Uniwersalne/pozostałe
MO9_99434,Ciągnik
MO9_99398,maszyny górnicze
MO9_99397,Przyczepa
MO9_99356,Ciągnik
MO9_99030,Ciągnik
MO9_98983,Przyczepa
MO9_98968,Ciągnik
MO9_98781,Przyczepa
MO9_98659,kosiarka/ogród
MO9_98657,Ładowarka
MO9_98655,Ciągnik
MO9_98233,Wózek widłowy
MO9_98182,Ładowarka
MO9_98124,Ładowarka
MO9_98020,Kombajn
MO9_69607,Wózek widłowy
MO9_69599,Wózek widłowy
MO9_69596,maszyny górnicze
MO9_69582,Wózek widłowy
MO9_69580,maszyny górnicze
MO9_69565,Wózek widłowy
MO9_69538,Ładowarka
MO9_69528,Wózek widłowy
MO9_69486,Wózek widłowy
MO9_69470,Ładowarka
MO9_69449,Wózek widłowy
MO9_69418,Ładowarka
MO9_69403,Wózek widłowy
MO9_69371,Wózek widłowy
MO9_69205,Ciągnik
MO9_69044,kosiarka/ogród
MO9_69022,Wózek widłowy
MO9_68981,Ciągnik
MO9_68978,Ciągnik
MO9_68976,Ciągnik
MO9_68970,Ciągnik
MO9_68936,Wózek widłowy
MO9_68778,Przyczepa
MO9_68556,Ciągnik
MO9_68172,Ciągnik
MO9_68154,Wózek widłowy
MO9_68134,Ciągnik
MO9_68109,Ciągnik
MO9_68092,Przyczepa
MO9_68018,Ładowarka
MO9_67883,Ciągnik
MO9_67470,Ciągnik
MO9_67269,Ciągnik
MO9_67206,Przyczepa
MO9_67203,Ciągnik
MO9_67057,Ciągnik
MO9_67021,Ładowarka
MO9_66786,Ciągnik
MO9_66781,Ciągnik
MO9_66731,Ładowarka
MO9_66723,Ciągnik
MO9_66701,Ciągnik
MO9_66644,Koparka
MO9_66620,Ciągnik
MO9_66593,Ciągnik
MO9_66526,Wózek widłowy
MO9_66466,Ciągnik
MO9_66415,Koparka
MO9_66351,Ładowarka
MO9_66326,Przyczepa
MO9_66278,Ciągnik
MO9_66275,maszyny górnicze
MO9_66248,Przyczepa
MO9_66203,Wózek widłowy
MO9_66169,Ciągnik
MO9_66140,Koparka
MO9_66113,Ciągnik
MO9_65833,Ciągnik
MO9_65705,Ciągnik
MO9_65695,Ciągnik
MO9_65642,Koparka
MO9_65625,Ładowarka
MO9_65581,Koparka
MO9_65341,Koparka
MO9_65296,Ładowarka
MO9_65100,Ładowarka
MO9_64837,Ciągnik
MO9_64715,Kombajn
MO9_64587,Ciągnik
MO9_64554,Ładowarka
MO9_64363,Ładowarka
MO9_64286,maszyny górnicze
MO9_64279,Ładowarka
MO9_64225,Przyczepa
MO9_64180,Ciągnik
MO9_63997,Wózek widłowy
MO9_63710,Ciągnik
MO9_63619,Ciągnik
MO9_63405,Ciągnik
MO9_63312,Przyczepa
MO9_63262,Ciągnik
MO9_63169,suwnica/dźwig
MO9_63137,Ciągnik
MO9_63118,Przyczepa
MO9_63114,Ciągnik
MO9_63069,Ciągnik
MO9_63058,Ciągnik
MO9_63018,Ciągnik
MO9_62962,Ciągnik
MO9_62846,Przyczepa
MO9_62661,Ciągnik
MO9_62474,Ciągnik
MO9_62271,Kombajn
MO9_62266,Ciągnik
MO9_62208,Ładowarka
MO9_62119,Ciągnik
MO9_62003,Wózek widłowy
MO9_61960,Ciągnik
MO9_61855,Ciągnik
MO9_61755,Wózek widłowy
MO9_61693,Ciągnik
MO9_61591,Wózek widłowy
MO9_61501,Ciągnik
MO9_61319,Ciągnik
MO9_61299,Ciągnik
MO9_61291,Ciągnik
MO9_61255,Ciągnik
MO9_61213,Ciągnik
MO9_61042,Przyczepa
MO9_60732,Ciągnik
MO9_60616,Ciągnik
MO9_60473,Przyczepa
MO9_60338,Koparka
MO9_60317,Ciągnik
MO9_60049,Ładowarka
MO9_60037,maszyny górnicze
MO9_60034,Ładowarka
MO9_59924,Ciągnik
MO9_59906,Wózek widłowy
MO9_59898,Ciągnik
MO9_59842,Przyczepa
MO9_59786,Ładowarka
MO9_59616,Ładowarka
MO9_59529,maszyny górnicze
MO9_59096,Ciągnik
MO9_59070,Ciągnik
MO9_58956,Ciągnik
MO9_58730,Ciągnik
MO9_58507,Koparka
MO9_58281,Ciągnik
MO9_58265,Ciągnik
MO9_58239,Ciągnik
MO9_58181,Przyczepa
MO9_58068,Ładowarka
MO9_57994,Ciągnik
MO9_57788,Przyczepa
MO9_57772,kosiarka/ogród
MO9_57748,Przyczepa
MO9_57557,maszyny górnicze
MO9_57537,Wózek widłowy
MO9_57481,Wózek widłowy
MO9_57424,Wózek widłowy
MO9_57377,Przyczepa
MO9_57321,Ładowarka
MO9_57305,Ładowarka
MO9_57201,Ładowarka
MO9_56911,maszyny górnicze
MO9_56725,Ciągnik
MO9_56612,Ciągnik
MO9_56532,Ciągnik
MO9_56411,Ciągnik
MO9_56138,kosiarka/ogród
MO9_56040,Ładowarka
MO9_56039,Przyczepa
MO9_55825,Ciągnik
MO9_55787,Ładowarka
MO9_55749,Ciągnik
MO9_55669,Wózek widłowy
MO9_55619,Uniwersalne/pozostałe
MO9_55498,Ładowarka
MO9_55491,Przyczepa
MO9_55467,Ciągnik
MO9_55366,Przyczepa
MO9_55205,Ciągnik
MO9_55188,Wózek widłowy
MO9_55169,Przyczepa
MO9_54661,Wózek widłowy
MO9_54389,Ciągnik
MO9_54329,Ciągnik
MO9_54280,Ciągnik
MO9_54043,Ciągnik
MO9_53899,Ciągnik
MO9_53841,Ciągnik
MO9_53780,Przyczepa
MO9_53736,Ładowarka
MO9_53621,Wózek widłowy
MO9_53558,Ładowarka
MO9_53114,Przyczepa
MO9_53113,Przyczepa
MO9_53089,Ładowarka
MO9_52988,Ładowarka
MO9_52943,Ciągnik
MO9_52888,Ciągnik
MO9_52604,Przyczepa
MO9_52552,Ciągnik
MO9_52537,Ciągnik
MO9_52519,maszyny górnicze
MO9_52469,Ciągnik
MO9_52175,Wózek widłowy
MO9_52088,Ciągnik
MO9_51978,kosiarka/ogród
MO9_51923,Przyczepa
MO9_51642,Ciągnik
MO9_51582,Ładowarka
MO9_51530,Przyczepa
MO9_51400,Wózek widłowy
MO9_51392,Ładowarka
MO9_51366,Ładowarka
MO9_51338,Wózek widłowy
MO9_51242,Ciągnik
MO9_51217,Ciągnik
MO9_50938,Ładowarka
MO9_50857,Przyczepa
MO9_50835,Ciągnik
MO9_50683,Ciągnik
MO9_50624,maszyny górnicze
MO9_50620,Ciągnik
MO9_49914,Przyczepa
MO9_49828,Ciągnik
MO9_49725,Wózek widłowy
MO9_49564,Ciągnik
MO9_49561,Ciągnik
MO9_49525,Ciągnik
MO9_49502,Ciągnik
MO9_49441,Wózek widłowy
MO9_49437,Przyczepa
MO9_49280,Przyczepa
MO9_49139,Przyczepa
MO9_49016,Przyczepa
MO9_49004,Wózek widłowy
MO9_48931,kosiarka/ogród
MO9_48690,Przyczepa
MO9_48489,maszyny górnicze
MO9_48466,Przyczepa
MO9_48460,Ciągnik
MO9_48078,Ciągnik
MO9_48029,Ciągnik
MO9_47968,Wózek widłowy
MO9_47909,Ciągnik
MO9_47845,Ładowarka
MO9_47757,Przyczepa
MO9_47746,Ciągnik
MO9_47701,Ciągnik
MO9_47604,Przyczepa
MO9_47570,Ciągnik
MO9_47419,Wózek widłowy
MO9_47417,Ciągnik
MO9_47337,Ciągnik
MO9_47322,Ciągnik
MO9_47285,Ładowarka
MO9_47236,Przyczepa
MO9_47135,Ciągnik
MO9_47068,Ciągnik
MO9_47040,Ładowarka
MO9_47027,Ciągnik
MO9_47020,Ładowarka
MO9_47017,Kombajn
MO9_46705,Ciągnik
MO9_46526,maszyny górnicze
MO9_46495,Uniwersalne/pozostałe
MO9_46430,Wózek widłowy
MO9_46320,Ciągnik
MO9_46098,Ciągnik
MO9_46088,Ciągnik
MO9_46048,Ładowarka
MO9_46004,Ciągnik
MO9_45914,kosiarka/ogród
MO9_45895,Ciągnik
MO9_45894,kosiarka/ogród
MO9_45848,Przyczepa
MO9_45764,Ciągnik
MO9_45755,Ciągnik
MO9_45695,Ładowarka
MO9_45668,Ciągnik
MO9_45636,Ciągnik
MO9_45610,Przyczepa
MO9_45553,Ciągnik
MO9_45486,Ładowarka
MO9_45461,Wózek widłowy
MO9_45351,Ładowarka
MO9_45326,Ciągnik
MO9_45313,Ładowarka
MO9_45300,Ładowarka
MO9_45281,maszyny górnicze
MO9_45148,Ciągnik
MO9_45140,Przyczepa
MO9_45126,kosiarka/ogród
MO9_45077,Ładowarka
MO9_44997,Ciągnik
MO9_44774,Przyczepa
MO9_44559,Ładowarka
MO9_44496,Ciągnik
MO9_44351,Ciągnik
MO9_44337,Ciągnik
MO9_44297,Ciągnik
MO9_43783,Ciągnik
MO9_43761,Ciągnik
MO9_43646,Przyczepa
MO9_43560,Wózek widłowy
MO9_43429,Ciągnik
MO9_43233,Ładowarka
MO9_43031,suwnica/dźwig
MO9_42978,Wózek widłowy
MO9_42968,Ciągnik
MO9_42923,Ciągnik
MO9_42921,Ciągnik
MO9_42859,Przyczepa
MO9_42841,Uniwersalne/pozostałe
MO9_42762,Ciągnik
MO9_42728,kosiarka/ogród
MO9_42614,Przyczepa
MO9_42516,Ciągnik
MO9_42510,Ciągnik
MO9_42277,Przyczepa
MO9_42154,Uniwersalne/pozostałe
MO9_42023,Przyczepa
MO9_41836,Ładowarka
MO9_41679,Ciągnik
MO9_41483,Ładowarka
MO9_41381,Wózek widłowy
MO9_41346,Ciągnik
MO9_41314,Ładowarka
MO9_40970,Ciągnik
MO9_40776,Ciągnik
MO9_40319,Ciągnik
MO9_40292,Ładowarka
MO9_40078,Ciągnik
MO9_39966,Ciągnik
MO9_39872,Ciągnik
MO9_39768,Ładowarka
MO9_39369,Wózek widłowy
MO9_39339,Ciągnik
MO9_39331,Ciągnik
MO9_39200,Ciągnik
MO9_39190,Koparka
MO9_39175,Przyczepa
MO9_39129,Przyczepa
MO9_38951,Ciągnik
MO9_38863,Wózek widłowy
MO9_38728,Ciągnik
MO9_38580,kosiarka/ogród
MO9_38444,Ciągnik
MO9_38369,kosiarka/ogród
MO9_38366,Ciągnik
MO9_38272,Ciągnik
MO9_38155,Przyczepa
MO9_38131,Ładowarka
MO9_38113,Przyczepa
MO9_37974,kosiarka/ogród
MO9_37723,Ładowarka
MO9_37626,Ciągnik
MO9_37513,Ciągnik
MO9_37485,Ciągnik
MO9_37408,Ciągnik
MO9_37266,Przyczepa
MO9_37146,Przyczepa
MO9_37089,Przyczepa
MO9_37078,Przyczepa
MO9_37062,Przyczepa
MO9_36723,Ciągnik
MO9_36703,Ciągnik
MO9_36668,Ciągnik
MO9_36579,Przyczepa
MO9_36502,Ładowarka
MO9_36491,Ciągnik
MO9_36449,Przyczepa
MO9_36309,Ciągnik
MO9_36226,Ciągnik
MO9_36067,Ładowarka
MO9_36021,Ładowarka
MO9_35981,Przyczepa
MO9_35822,Ciągnik
MO9_35627,Ciągnik
MO9_35607,Ładowarka
MO9_35491,Przyczepa
MO9_35446,Przyczepa
MO9_35199,Ciągnik
MO9_35198,maszyny górnicze
MO9_35163,Przyczepa
MO9_35114,Kombajn
MO9_34810,Wózek widłowy
MO9_34771,maszyny górnicze
MO9_34719,Ciągnik
MO9_34671,Ładowarka
MO9_34669,Wózek widłowy
MO9_34461,Ładowarka
MO9_34250,Ciągnik
MO9_34190,Ciągnik
MO9_34172,Ciągnik
MO9_34087,Ciągnik
MO9_34051,maszyny górnicze
MO9_33947,maszyny górnicze
MO9_33890,Przyczepa
MO9_33736,Przyczepa
MO9_33713,Ciągnik
MO9_33568,Przyczepa
MO9_33432,Ciągnik
MO9_33325,Ciągnik
MO9_33267,maszyny górnicze
MO9_32899,Ładowarka
MO9_32529,Wózek widłowy
MO9_32432,Ciągnik
MO9_32299,Kombajn
MO9_31899,Ciągnik
MO9_31896,Ciągnik
MO9_31862,Ładowarka
MO9_31841,Przyczepa
MO9_31837,Przyczepa
MO9_31817,Przyczepa
MO9_31578,Ciągnik
MO9_31466,Ciągnik
MO9_31438,Przyczepa
MO9_31378,Koparka
MO9_31367,Ciągnik
MO9_31296,Przyczepa
MO9_31282,Ciągnik
MO9_30845,Ładowarka
MO9_30843,Przyczepa
MO9_30803,Przyczepa
MO9_30678,Ciągnik
MO9_30604,kosiarka/ogród
MO9_30599,Uniwersalne/pozostałe
MO9_30437,maszyny górnicze
MO9_30319,Ciągnik
MO9_30305,Ładowarka
MO9_30276,maszyny górnicze
MO9_30243,Przyczepa
MO9_30190,Ciągnik
MO9_30183,Ciągnik
MO9_30086,Ciągnik
MO9_29871,Przyczepa
MO9_29808,Ciągnik
MO9_29764,Przyczepa
MO9_29671,Wózek widłowy
MO9_29613,Ładowarka
MO9_29447,Ładowarka
MO9_29405,Ładowarka
MO9_29301,Ciągnik
MO9_29237,Ładowarka
MO9_29230,Przyczepa
MO9_29113,Ładowarka
MO9_28977,Ciągnik
MO9_28945,Ciągnik
MO9_28943,Ciągnik
MO9_28889,Ciągnik
MO9_28879,Ładowarka
MO9_28824,Kombajn
MO9_28808,Przyczepa
MO9_28771,Wózek widłowy
MO9_28612,Ciągnik
MO9_28497,Ciągnik
MO9_28397,Przyczepa
MO9_28151,Wózek widłowy
MO9_27900,Przyczepa
MO9_27809,Ciągnik
MO9_27723,Ciągnik
MO9_27624,Ciągnik
MO9_27582,Ładowarka
MO9_27562,Ciągnik
MO9_27491,Wózek widłowy
MO9_27435,maszyny górnicze
MO9_27416,maszyny górnicze
MO9_27325,Przyczepa
MO9_27304,Ciągnik
MO9_27253,maszyny górnicze
MO9_27196,Uniwersalne/pozostałe
MO9_27152,Ciągnik
MO9_27068,Ciągnik
MO9_27063,Ciągnik
MO9_27054,Przyczepa
MO9_26914,Ciągnik
MO9_26836,Ładowarka
MO9_26807,Wózek widłowy
MO9_26704,Ładowarka
MO9_26641,Ciągnik
MO9_26433,Przyczepa
MO9_26425,Wózek widłowy
MO9_26299,Przyczepa
MO9_26267,Ciągnik
MO9_26264,Przyczepa
MO9_26058,Ładowarka
MO9_25823,kosiarka/ogród
MO9_25651,maszyny górnicze
MO9_25637,Koparka
MO9_25629,Ładowarka
MO9_25559,Ciągnik
MO9_25484,Ciągnik
MO9_25380,Ciągnik
MO9_25365,Przyczepa
MO9_24935,Ciągnik
MO9_24581,Przyczepa
MO9_24469,Ciągnik
MO9_24441,Ciągnik
MO9_24382,Przyczepa
MO9_24322,Ciągnik
MO9_24282,Ciągnik
MO9_24269,Przyczepa
MO9_24259,Ciągnik
MO9_24195,Przyczepa
MO9_24102,Ciągnik
MO9_24024,maszyny górnicze
MO9_23841,Ciągnik
MO9_23814,harwester
MO9_23443,Ciągnik
MO9_23391,Ciągnik
MO9_23238,Ładowarka
MO9_23150,Ciągnik
MO9_23114,Koparka
MO9_23080,Przyczepa
MO9_23068,Przyczepa
MO9_23018,Wózek widłowy
MO9_22997,Ciągnik
MO9_22691,Ciągnik
MO9_22661,Ciągnik
MO9_22579,Ciągnik
MO9_22480,Przyczepa
MO9_22371,Przyczepa
MO9_22343,Ciągnik
MO9_22200,Przyczepa
MO9_22195,Ciągnik
MO9_22180,Ciągnik
MO9_22141,Ciągnik
MO9_22134,Przyczepa
MO9_22128,Koparka
MO9_22126,Ciągnik
MO9_21857,Ciągnik
MO9_21856,suwnica/dźwig
MO9_21832,Ciągnik
MO9_21771,Ciągnik
MO9_21689,Uniwersalne/pozostałe
MO9_21594,Przyczepa
MO9_21576,Ciągnik
MO9_21305,Kombajn
MO9_21174,Przyczepa
MO9_21020,maszyny górnicze
MO9_20965,Ładowarka
MO9_20935,Ładowarka
MO9_20878,Ciągnik
MO9_20788,Przyczepa
MO9_20644,Przyczepa
MO9_20573,Uniwersalne/pozostałe
MO9_20515,Ładowarka
MO9_20480,kosiarka/ogród
MO9_20467,Przyczepa
MO9_20445,Ciągnik
MO9_20425,kosiarka/ogród
MO9_20335,Ładowarka
MO9_20166,Przyczepa
MO9_20020,Ciągnik
MO9_20015,Przyczepa
MO9_19971,Ciągnik
MO9_19912,Ciągnik
MO9_19800,Ładowarka
MO9_19593,Ładowarka
MO9_19539,Przyczepa
MO9_19491,Ciągnik
MO9_19445,Ciągnik
MO9_19216,Ciągnik
MO9_19136,Ciągnik
MO9_19085,Ładowarka
MO9_18915,Przyczepa
MO9_18727,Koparka
MO9_18687,Ciągnik
MO9_18486,Przyczepa
MO9_18459,Ciągnik
MO9_18261,kosiarka/ogród
MO9_18091,Ciągnik
MO9_18043,maszyny górnicze
MO9_18025,Ładowarka
MO9_17897,Przyczepa
MO9_17796,Ciągnik
MO9_17794,Ciągnik
MO9_17681,Ciągnik
MO9_17462,Przyczepa
MO9_17352,Ładowarka
MO9_17324,Ciągnik
MO9_17265,Wózek widłowy
MO9_17255,Przyczepa
MO9_17252,Ciągnik
MO9_17246,Ciągnik
MO9_17167,Ciągnik
MO9_17156,Przyczepa
MO9_17065,Ciągnik
MO9_17033,Ciągnik
MO9_16889,Ciągnik
MO9_16749,Ciągnik
MO9_16565,Ciągnik
MO9_16484,Ciągnik
MO9_16483,kosiarka/ogród
MO9_16308,Ciągnik
MO9_16289,Ciągnik
MO9_15937,Ciągnik
MO9_15793,Ciągnik
MO9_15755,kosiarka/ogród
MO9_15722,Ciągnik
MO9_15710,Ciągnik
MO9_15641,Ciągnik
MO9_15511,suwnica/dźwig
MO9_15237,Wózek widłowy
MO9_15154,Ciągnik
MO9_15098,Koparka
MO9_15050,Koparka
MO9_14957,maszyny górnicze
MO9_14831,Ciągnik
MO9_14787,Przyczepa
MO9_14649,Wózek widłowy
MO9_14612,Przyczepa
MO9_14475,Wózek widłowy
MO9_14338,Ciągnik
MO9_14275,Wózek widłowy
MO9_14028,Ładowarka
MO9_13970,Ciągnik
MO9_13784,Ciągnik
MO9_13772,Przyczepa
MO9_13748,Ciągnik
MO9_13725,Wózek widłowy
MO9_13671,Ciągnik
MO9_13339,Ciągnik
MO9_13320,Ciągnik
MO9_13133,Ciągnik
MO9_13111,Ładowarka
MO9_13090,Wózek widłowy
MO9_12984,Ciągnik
MO9_12973,Przyczepa
MO9_12971,Ciągnik
MO9_12959,Ciągnik
MO9_12889,Ciągnik
MO9_12866,Ciągnik
MO9_12858,Ciągnik
MO9_12840,Ciągnik
MO9_12805,Przyczepa
MO9_12719,Ciągnik
MO9_12525,kosiarka/ogród
MO9_12450,Ciągnik
MO9_12122,Ciągnik
MO9_11884,Ciągnik
MO9_11814,Ciągnik
MO9_11709,maszyny górnicze
MO9_11542,Ciągnik
MO9_11374,Wózek widłowy
MO9_11344,Ładowarka
MO9_11326,Przyczepa
MO9_11295,Ładowarka
MO9_11160,Ładowarka
MO9_11037,Ciągnik
MO9_11019,Ciągnik
MO9_10796,Przyczepa
MO9_10663,Wózek widłowy
MO9_10626,Ładowarka
MO9_10549,Przyczepa
MO9_10516,Ciągnik
MO9_10342,Ładowarka
MO9_10237,Ładowarka
MO9_10199,Przyczepa
MO9_10163,Wózek widłowy
MO9_10020,Ciągnik
MO9_9965,Ciągnik
MO9_9865,Ciągnik
MO9_9746,maszyny górnicze
MO9_9691,Przyczepa
MO9_9562,Ciągnik
MO9_9441,Wózek widłowy
MO9_9412,Ciągnik
MO9_9309,Wózek widłowy
MO9_8939,Ciągnik
MO9_8927,Przyczepa
MO9_8912,Ciągnik
MO9_8663,Ładowarka
MO9_8585,Ciągnik
MO9_8558,Przyczepa
MO9_8435,Ładowarka
MO9_8413,Przyczepa
MO9_8205,Przyczepa
MO9_8081,Przyczepa
MO9_8003,Ciągnik
MO9_7989,maszyny górnicze
MO9_7953,Ciągnik
MO9_7726,Ładowarka
MO9_7696,Ciągnik
MO9_7670,Wózek widłowy
MO9_7632,Wózek widłowy
MO9_7492,Ciągnik
MO9_7459,Ciągnik
MO9_7445,Ładowarka
MO9_7384,Wózek widłowy
MO9_7348,Ciągnik
MO9_7320,harwester
MO9_7297,Ładowarka
MO9_7152,Koparka
MO9_7093,Ciągnik
MO9_7078,Ciągnik
MO9_6959,maszyny górnicze
MO9_6880,kosiarka/ogród
MO9_6823,kosiarka/ogród
MO9_6701,kosiarka/ogród
MO9_6425,Ładowarka
MO9_6264,Ładowarka
MO9_6142,Ciągnik
MO9_5837,Ciągnik
MO9_5646,Ciągnik
MO9_5621,Ciągnik
MO9_5589,Wózek widłowy
MO9_5569,Ciągnik
MO9_5489,Wózek widłowy
MO9_5471,Ciągnik
MO9_5463,Ciągnik
MO9_5404,Ciągnik
MO9_5345,Ciągnik
MO9_5287,Ciągnik
MO9_5229,Ładowarka
MO9_5006,Ciągnik
MO9_4929,Ciągnik
MO9_4695,Ciągnik
MO9_4694,Przyczepa
MO9_4640,Ciągnik
MO9_4578,Uniwersalne/pozostałe
MO9_4559,Ładowarka
MO9_4347,Ciągnik
MO9_4344,Przyczepa
MO9_4238,Koparka
MO9_4181,Ładowarka
MO9_4141,Ciągnik
MO9_4033,Ciągnik
MO9_3901,maszyny górnicze
MO9_3439,Przyczepa
MO9_3422,Ciągnik
MO9_3352,Przyczepa
MO9_3277,Ciągnik
MO9_3239,Wózek widłowy
MO9_3227,Przyczepa
MO9_3201,Ciągnik
MO9_3164,Ładowarka
MO9_3142,Ciągnik
MO9_3003,Przyczepa
MO9_2837,Ciągnik
MO9_2780,Ciągnik
MO9_2779,Ładowarka
MO9_2703,Ciągnik
MO9_2645,Ciągnik
MO9_2393,Wózek widłowy
MO9_2385,Ładowarka
MO9_2361,Ładowarka
MO9_2205,Kombajn
MO9_2165,Ciągnik
MO9_1987,Ładowarka
MO9_1918,Koparka
MO9_1244,Przyczepa
MO9_1034,Przyczepa
MO9_936,Ciągnik
MO9_855,Ładowarka
MO9_742,Kombajn
MO9_697,Ciągnik
MO9_650,Przyczepa
MO9_628,Ładowarka
MO9_613,Ładowarka
MO9_501,Przyczepa
MO9_390,Przyczepa
MO9_389,Ciągnik
MO9_266,Ładowarka
MO9_262,Ciągnik
MO9_151,Ładowarka
MO9_7,maszyny górnicze
MO5_TRRD160360658AW30,Przyczepa
MO5_TRRD160340558AW30,Przyczepa
MO5_TRRD150E70000TCT0,Uniwersalne/pozostałe
MO5_TRRD150E40006TD70,Ciągnik
MO5_TRRD090E600065220,Uniwersalne/pozostałe
MO5_TRRD080191000TDR0,kosiarka/ogród
MO5_TRRD040E40000T992,Uniwersalne/pozostałe
MO5_TRRD040E30005T990,Uniwersalne/pozostałe
MO5_TRRD040114000T7S0,kosiarka/ogród
MO5_TRPR260480808TH40,Ładowarka
MO5_TRPR240440808TH40,Ładowarka
MO5_TRPR240400708TH40,Ładowarka
MO5_TRPD200H00005C8C0,Koparka
MO5_TRPD150291002SK90,Ładowarka
MO5_TRPD150278002SK80,Ładowarka
MO5_TRPD120D85002SK90,Ładowarka
MO5_PPCR22538565KR0S0,Oś kierowana
MO5_PPCR22538565KR0N0,Naczepa/przyczepa
MO5_PPCR22538565KG020,Uniwersalne/pozostałe
MO5_PPCR22538555KR0S0,Oś kierowana
MO5_PPCR22538555KR0N0,Naczepa/przyczepa
MO5_PPCR22531580LR0V1,Oś napędowa
MO5_PPCR22531580LR0V0,Oś napędowa
MO5_PPCR22531580LR0S1,Oś kierowana
MO5_PPCR22531580LR0S0,Oś kierowana
MO5_PPCR22531580KG020,Uniwersalne/pozostałe
MO5_PPCR22531580K02G0,Oś napędowa
MO5_PPCR22531570LR0V0,Oś napędowa
MO5_PPCR22531570LR0S0,Oś kierowana
MO5_PPCR22531560LR0S0,Oś kierowana
MO5_PPCR22529560LR220,Oś napędowa
MO5_PPCR17526570MR0V0,Oś napędowa
MO5_PPCR17526570MR0S0,Oś kierowana
MO5_PPCR17524570MR0V0,Oś napędowa
MO5_PPCR17523575KR0N0,Naczepa/przyczepa
MO5_OZRR500320908ARO0,Ciągnik
MO5_OZRR480340858ARO0,Ciągnik
MO5_OZRR480270958ARO0,Ciągnik
MO5_OZRR480230958ARO0,Ciągnik
MO5_OZRR460300958ARO0,Ciągnik
MO5_OZRR42071070DLOX1,Ciągnik
MO5_OZRR42071070DLOX0,Ciągnik
MO5_OZRR420710708ARO0,Ciągnik
MO5_OZRR42065065DLOX0,Ciągnik
MO5_OZRR420520858LOX2,Ciągnik
MO5_OZRR420520858LOX0,Ciągnik
MO5_OZRR420520858ARO0,Ciągnik
MO5_OZRR420270908ARO0,Ciągnik
MO5_OZRR380710708ARO0,Ciągnik
MO5_OZRR380650858ARO0,Ciągnik
MO5_OZRR380650658ARO1,Ciągnik
MO5_OZRR380650658ARO0,Ciągnik
MO5_OZRR380600658ARO0,Ciągnik
MO5_OZRR38058070DLOX0,Ciągnik
MO5_OZRR380580708ARO0,Ciągnik
MO5_OZRR38054065DLOX0,Ciągnik
MO5_OZRR380520858ARO0,Ciągnik
MO5_OZRR38052070DLOX0,Ciągnik
MO5_OZRR380520708ARO0,Ciągnik
MO5_OZRR380480708ARO0,Ciągnik
MO5_OZRR380460858ARO0,Ciągnik
MO5_OZRR380420858ARO0,Ciągnik
MO5_OZRR380340858ARO0,Ciągnik
MO5_OZRR360340858ARO0,Ciągnik
MO5_OZRR340600658ARO0,Ciągnik
MO5_OZRR340540658LOX0,Ciągnik
MO5_OZRR340540658ARO0,Ciągnik
MO5_OZRR34052070DLOX0,Ciągnik
MO5_OZRR340520708ARO0,Ciągnik
MO5_OZRR340460858ARO0,Ciągnik
MO5_OZRR340420858ARO0,Ciągnik
MO5_OZRR32090060DLOX0,Ciągnik
MO5_OZRR320320858ARO0,Ciągnik
MO5_OZRR320270958ARO0,Ciągnik
MO5_OZRR300600708ARO0,Ciągnik
MO5_OZRR300480708LOX0,Ciągnik
MO5_OZRR300480708ARO3,Ciągnik
MO5_OZRR300480708ARO0,Ciągnik
MO5_OZRR300460858ARO0,Ciągnik
MO5_OZRR300420858ARO0,Ciągnik
MO5_OZRR300420708ARO0,Ciągnik
MO5_OZRR280600658ARO0,Ciągnik
MO5_OZRR280540658ARO0,Ciągnik
MO5_OZRR28048070DLOX0,Ciągnik
MO5_OZRR280480708ARO0,Ciągnik
MO5_OZRR28048065DLOX0,Ciągnik
MO5_OZRR280440658LOX0,Ciągnik
MO5_OZRR280420858ARO0,Ciągnik
MO5_OZRR280420708ARO0,Ciągnik
MO5_OZRR280380858ARO0,Ciągnik
MO5_OZRR280380708LOX0,Ciągnik
MO5_OZRR280380708ARO0,Ciągnik
MO5_OZRR280360708ARO0,Ciągnik
MO5_OZRR280320858ARO0,Ciągnik
MO5_OZRR280280858ARO0,Ciągnik
MO5_OZRR280250858ARO0,Ciągnik
MO5_OZRR240540658ARO0,Ciągnik
MO5_OZRR240480708ARO0,Ciągnik
MO5_OZRR240480658ARO0,Ciągnik
MO5_OZRR240460708ARO1,Ciągnik
MO5_OZRR240420858ARO0,Ciągnik
MO5_OZRR240420708LOX0,Ciągnik
MO5_OZRR240420708ARO0,Ciągnik
MO5_OZRR240380858ARO0,Ciągnik
MO5_OZRR240380708LOX0,Ciągnik
MO5_OZRR240380708ARO0,Ciągnik
MO5_OZRR240360708ARO0,Ciągnik
MO5_OZRR240340858ARO0,Ciągnik
MO5_OZRR240320858ARO0,Ciągnik
MO5_OZRR240320708ARO0,Ciągnik
MO5_OZRR240280858ARO0,Ciągnik
MO5_OZRR200D95008ARO0,Ciągnik
MO5_OZRR200360708ARO0,Ciągnik
MO5_OZRR20034065DARO0,Ciągnik
MO5_OZRR200320858ARO0,Ciągnik
MO5_OZRR200320708LOX0,Ciągnik
MO5_OZRR200320708ARO0,Ciągnik
MO5_OZRR200280858ARO0,Ciągnik
MO5_OZRR200280708ARO0,Ciągnik
MO5_OZRR180280708ARO0,Ciągnik
MO5_OZRR160280708ARO0,Ciągnik
MO5_OZRR160260708ARO0,Ciągnik
MO5_OZRR160240708ARO0,Ciągnik
MO5_OZRD380G84006KNK1,Uniwersalne/pozostałe
MO5_OZRD380G84006KNK0,Uniwersalne/pozostałe
MO5_OZRD380G69006KNK1,Uniwersalne/pozostałe
MO5_OZRD380G69006KNK0,Uniwersalne/pozostałe
MO5_OZRD380G36006KNK0,Uniwersalne/pozostałe
MO5_OZRD380G24006KNK0,Uniwersalne/pozostałe
MO5_OZRD360G36006KNK1,Uniwersalne/pozostałe
MO5_OZRD360G36006KNK0,Uniwersalne/pozostałe
MO5_OZRD360G24006KNK0,Uniwersalne/pozostałe
MO5_OZRD340G84006KNK1,Uniwersalne/pozostałe
MO5_OZRD340G84006KNK0,Uniwersalne/pozostałe
MO5_OZRD340G69006KNK1,Uniwersalne/pozostałe
MO5_OZRD340G69006KNK0,Uniwersalne/pozostałe
MO5_OZRD320G24006KNK0,Uniwersalne/pozostałe
MO5_OZRD320D95006KNK0,Uniwersalne/pozostałe
MO5_OZRD320D83006KNK0,Uniwersalne/pozostałe
MO5_OZRD300G84006KNK1,Uniwersalne/pozostałe
MO5_OZRD300G69006KNK2,Uniwersalne/pozostałe
MO5_OZRD300G69006KNK0,Uniwersalne/pozostałe
MO5_OZRD280G69006KNK0,Uniwersalne/pozostałe
MO5_OZRD280G49006KNK1,Uniwersalne/pozostałe
MO5_OZRD280G49006KNK0,Uniwersalne/pozostałe
MO5_OZRD280G36006KNK0,Uniwersalne/pozostałe
MO5_OZRD280G24006KNK0,Uniwersalne/pozostałe
MO5_OZRD280G12006KNK0,Uniwersalne/pozostałe
MO5_OZRD260L31006KNK0,Uniwersalne/pozostałe
MO5_OZRD260G84006KNK0,Uniwersalne/pozostałe
MO5_OZRD240G69008KNK2,Uniwersalne/pozostałe
MO5_OZRD240G69008KNK1,Uniwersalne/pozostałe
MO5_OZRD240G49006KNK0,Uniwersalne/pozostałe
MO5_OZRD240G24006KNK1,Uniwersalne/pozostałe
MO5_OZRD240G24006KNK0,Uniwersalne/pozostałe
MO5_OZRD240G12006KNK1,Uniwersalne/pozostałe
MO5_OZRD240G12006KNK0,Uniwersalne/pozostałe
MO5_OZRD240D95006KNK1,Uniwersalne/pozostałe
MO5_OZRD240D83006KNK1,Uniwersalne/pozostałe
MO5_OZRD225550608KN60,Uniwersalne/pozostałe
MO5_OZRD200G60702KK31,Uniwersalne/pozostałe
MO5_OZRD200E75006KNK0,Uniwersalne/pozostałe
MO5_OZRD200E65006KN30,Uniwersalne/pozostałe
MO5_OZRD200D95006KNK2,Uniwersalne/pozostałe
MO5_OZRD200D95006KNK0,Uniwersalne/pozostałe
MO5_OZRD200A82006K5N0,Uniwersalne/pozostałe
MO5_OZRD180G25808K430,Uniwersalne/pozostałe
MO5_OZRD180E75006KNK0,Uniwersalne/pozostałe
MO5_OZRD180E75006KN30,Uniwersalne/pozostałe
MO5_OZRD170500508K471,Uniwersalne/pozostałe
MO5_OZRD160E90006KN80,Uniwersalne/pozostałe
MO5_OZRD160E90006K7N1,Uniwersalne/pozostałe
MO5_OZRD160E90006K6N1,Uniwersalne/pozostałe
MO5_OZRD160E90006K6N0,Uniwersalne/pozostałe
MO5_OZRD160E75006KN80,Uniwersalne/pozostałe
MO5_OZRD160E75006KN41,Uniwersalne/pozostałe
MO5_OZRD160E75006KN40,Uniwersalne/pozostałe
MO5_OZRD160E65006KNK1,Uniwersalne/pozostałe
MO5_OZRD160E65006KN42,Uniwersalne/pozostałe
MO5_OZRD160E60006KNX3,Uniwersalne/pozostałe
MO5_OZRD160E60006KNK1,Uniwersalne/pozostałe
MO5_OZRD160E60006KN41,Uniwersalne/pozostałe
MO5_OZRD160E60006KN40,Uniwersalne/pozostałe
MO5_OZRD160E55006KN80,Uniwersalne/pozostałe
MO5_OZRD155400608KN60,Uniwersalne/pozostałe
MO5_OZRD153G10758K520,Uniwersalne/pozostałe
MO5_OZRD153G10758K430,Uniwersalne/pozostałe
MO5_OZRD150E65806KNK0,Uniwersalne/pozostałe
MO5_OZRD150E50006KN00,Uniwersalne/pozostałe
MO5_OZRD120G10808K244,Uniwersalne/pozostałe
MO5_OZRD120E70006K520,Uniwersalne/pozostałe
MO5_OZPR2804408080710,Przyczepa
MO5_OZPR2404607080710,Przyczepa
MO5_OZPD280G69008IN80,Ładowarka
MO5_OZPD260L31008K770,kompaktor
MO5_OZPD260G84008IN80,Ładowarka
MO5_OZPD250G75002KN70,Uniwersalne/pozostałe
MO5_OZPD250G55002KN70,Uniwersalne/pozostałe
MO5_OZPD250G55002IN80,Ładowarka
MO5_OZPD240H30008KN20,Uniwersalne/pozostałe
MO5_OZPD240G60702IN80,Ładowarka
MO5_OZPD200H100028KN1,Uniwersalne/pozostałe
MO5_OZPD200G2500FK120,Uniwersalne/pozostałe
MO5_OZPD180G25808IN80,Ładowarka
MO5_OZPD160E6500LKNW2,Uniwersalne/pozostałe
MO5_OTRR4207107082SR0,Ciągnik
MO5_OTRR3807107082SR0,Ciągnik
MO5_OTRR380650658AGA0,Ciągnik
MO5_OTRR3806506582SR0,Ciągnik
MO5_OTRR3806006582SR0,Ciągnik
MO5_OTRR38058070DAGA0,Ciągnik
MO5_OTRR3805807082SR0,Ciągnik
MO5_OTRR380520858AGA0,Ciągnik
MO5_OTRR38052070DAGA0,Ciągnik
MO5_OTRR3805207082SR0,Ciągnik
MO5_OTRR3804807082SR0,Ciągnik
MO5_OTRR3804608582SR0,Ciągnik
MO5_OTRR340540658AGA0,Ciągnik
MO5_OTRR340520708AGA0,Ciągnik
MO5_OTRR3404608582SR0,Ciągnik
MO5_OTRR3404208582SR0,Ciągnik
MO5_OTRR3203208582SR0,Ciągnik
MO5_OTRR3006007082SR0,Ciągnik
MO5_OTRR3005406582SR0,Ciągnik
MO5_OTRR3004807082SR0,Ciągnik
MO5_OTRR3004208582SR0,Ciągnik
MO5_OTRR3004207082SR0,Ciągnik
MO5_OTRR280540658AGA0,Ciągnik
MO5_OTRR280480708AGA0,Ciągnik
MO5_OTRR280420858AGA0,Ciągnik
MO5_OTRR2804208582SR0,Ciągnik
MO5_OTRR28042070DAGA0,Ciągnik
MO5_OTRR2804207082SR0,Ciągnik
MO5_OTRR2803808582SR0,Ciągnik
MO5_OTRR280380708AGA0,Ciągnik
MO5_OTRR2803807082SR0,Ciągnik
MO5_OTRR2803607082SR0,Ciągnik
MO5_OTRR2803208582SR0,Ciągnik
MO5_OTRR2404807082SR0,Ciągnik
MO5_OTRR2404806582SR0,Ciągnik
MO5_OTRR2404607082SR0,Ciągnik
MO5_OTRR2404207082SR0,Ciągnik
MO5_OTRR240380708AGA0,Ciągnik
MO5_OTRR2403807082SR0,Ciągnik
MO5_OTRR2403607082SR0,Ciągnik
MO5_OTRR2403408582SR0,Ciągnik
MO5_OTRR2403208582SR0,Ciągnik
MO5_OTRR2403207082SR0,Ciągnik
MO5_OTRR2402808582SR0,Ciągnik
MO5_OTRR2003807082SR0,Ciągnik
MO5_OTRR2003607082SR0,Ciągnik
MO5_OTRR2002808582SR0,Ciągnik
MO5_OTRD380G84006SA80,Ciągnik
MO5_OTRD380G69006SA81,Ciągnik
MO5_OTRD380G69006SA80,Ciągnik
MO5_OTRD380G55006SA80,Ciągnik
MO5_OTRD380G36006SA81,Ciągnik
MO5_OTRD380G36006SA80,Ciągnik
MO5_OTRD360G24006SA80,Ciągnik
MO5_OTRD340G84006SA82,Ciągnik
MO5_OTRD340G84006SA80,Ciągnik
MO5_OTRD340G69006SA81,Ciągnik
MO5_OTRD340G69006SA80,Ciągnik
MO5_OTRD320G24006SA80,Ciągnik
MO5_OTRD300G84006SA81,Ciągnik
MO5_OTRD300G69006SA82,Ciągnik
MO5_OTRD300G69006SA81,Ciągnik
MO5_OTRD300G69006SA80,Ciągnik
MO5_OTRD280G69006SA81,Ciągnik
MO5_OTRD280G69006SA80,Ciągnik
MO5_OTRD280G49006SA81,Ciągnik
MO5_OTRD280G49006SA80,Ciągnik
MO5_OTRD280G36006SA80,Ciągnik
MO5_OTRD280G24006SA80,Ciągnik
MO5_OTRD280G12006SA80,Ciągnik
MO5_OTRD260G84006SA81,Ciągnik
MO5_OTRD240G49006SA83,Ciągnik
MO5_OTRD240G49006SA81,Ciągnik
MO5_OTRD240G24006SA82,Ciągnik
MO5_OTRD240G24006SA81,Ciągnik
MO5_OTRD240G12006SA81,Ciągnik
MO5_OTRD240D95006SA81,Ciągnik
MO5_OTRD22555060840B0,Przyczepa
MO5_OTRD200G12006SA80,Ciągnik
MO5_OTRD200E75006SA80,Ciągnik
MO5_OTRD200E75006SA30,Ciągnik
MO5_OTRD200E65006SA30,Ciągnik
MO5_OTRD200A82006TN50,Przyczepa
MO5_OTRD160E75006SA51,Ciągnik
MO5_OTRD160E75006SA50,Ciągnik
MO5_OTRD160E65006SA81,Ciągnik
MO5_OTRD160E65006SA80,Ciągnik
MO5_OTRD160E65006SA50,Ciągnik
MO5_OTRD160E60006SA50,Ciągnik
MO5_OTRD160E60006SA11,Ciągnik
MO5_OTRD160E60006SA10,Ciągnik
MO5_OTRD15540060840B0,Przyczepa
MO5_OTRD153G15808T440,Przyczepa
MO5_OTRD153G10758T440,Przyczepa
MO5_OTRD150E75006SA80,Ciągnik
MO5_OTRD150E65806SA80,Ciągnik
MO5_OTRD150E50006T6B0,Przyczepa
MO5_OTRD120G10808BT80,Przyczepa
MO5_OTRD120E70006T440,Przyczepa
MO5_OTRD120E65806T4B0,Przyczepa
MO5_OTPR240460708R110,Ładowarka
MO5_OTPD300G69008LD00,Ładowarka
MO5_OTPD280G69008LD00,Ładowarka
MO5_OTPD260G84008LD00,Ładowarka
MO5_OTPD250G55008LD00,Ładowarka
MO5_OTPD240G75002LD00,Ładowarka
MO5_OTPD240G69008LD00,Ładowarka
MO5_OTPD240G60708LD00,Ładowarka
MO5_OTPD200G60708LD00,Ładowarka
MO5_OTPD200400702LD00,Ładowarka
MO5_OTPD180G25808DL90,Ładowarka
MO5_MNPR240460708XMC0,Koparka
MO5_MNPD260480808PRM0,Koparka
MO5_MNPD240460708PWC0,Koparka
MO5_MNPD240440808PRM0,Koparka
MO5_MNPD240400808PWC0,Koparka
MO5_MNCR22538565KXLT1,Oś kierowana
MO5_MNCR22538565KXLF0,Oś kierowana
MO5_MNCR22531580LXLZ0,Oś kierowana
MO5_MNCR22531570LXL21,Oś kierowana
MO5_MNCR22531570LXL20,Oś kierowana
MO5_MNCR22531560LZ3E0,Oś kierowana
MO5_MNCR22531560LXLD0,Oś kierowana
MO5_MNCR22529560KXL30,Oś kierowana
MO5_MNCR16025510KXZL0,All position
MO5_MIRR500380908A8M1,Ciągnik
MO5_MIRR480340908A8M0,Ciągnik
MO5_MIRR460380908A8M1,Ciągnik
MO5_MIRR42071075DSFT0,Ciągnik
MO5_MIRR42071070DSFT0,Ciągnik
MO5_MIRR42065065DA6M0,Ciągnik
MO5_MIRR420520858A8M0,Ciągnik
MO5_MIRR38071070BA6M0,Ciągnik
MO5_MIRR38065065DSFT0,Ciągnik
MO5_MIRR38065065DA650,Ciągnik
MO5_MIRR38060065DA6M0,Ciągnik
MO5_MIRR38058070DHC70,Ciągnik
MO5_MIRR380580708A7T0,Ciągnik
MO5_MIRR380540808HCM0,Ciągnik
MO5_MIRR38054065DA6M0,Ciągnik
MO5_MIRR380520858AC80,Ciągnik
MO5_MIRR38052070DHC70,Ciągnik
MO5_MIRR380520708A7T0,Ciągnik
MO5_MIRR380480808HCM0,Ciągnik
MO5_MIRR380480708A7T0,Ciągnik
MO5_MIRR380460858A853,Ciągnik
MO5_MIRR380420858A8M0,Ciągnik
MO5_MIRR380340858A8M0,Ciągnik
MO5_MIRR380320858A8M0,Ciągnik
MO5_MIRR34071060DSFT0,Ciągnik
MO5_MIRR34065060DSFT0,Ciągnik
MO5_MIRR34054065DA6M0,Ciągnik
MO5_MIRR340520708A7T0,Ciągnik
MO5_MIRR34048070DH7M1,Ciągnik
MO5_MIRR340480708A7T0,Ciągnik
MO5_MIRR34046085BA850,Ciągnik
MO5_MIRR340420858A8M0,Ciągnik
MO5_MIRR340420858A850,Ciągnik
MO5_MIRR34032085BA8M0,Ciągnik
MO5_MIRR320800658A7N1,Ciągnik
MO5_MIRR320800658A7N0,Ciągnik
MO5_MIRR320320908A8M0,Ciągnik
MO5_MIRR320320858A8M0,Ciągnik
MO5_MIRR320270808A9M0,Ciągnik
MO5_MIRR30560060DAGU0,Naczepa/przyczepa
MO5_MIRR300620708SFT0,Ciągnik
MO5_MIRR30060070DSFT0,Ciągnik
MO5_MIRR30054065DA6M0,Ciągnik
MO5_MIRR300540658HCM0,Ciągnik
MO5_MIRR300420858A8M0,Ciągnik
MO5_MIRR28060065DA6M0,Ciągnik
MO5_MIRR28054065DA6M0,Ciągnik
MO5_MIRR280480708A7T0,Ciągnik
MO5_MIRR28048065DA6M0,Ciągnik
MO5_MIRR280440808HCM0,Ciągnik
MO5_MIRR280440708A7G0,Ciągnik
MO5_MIRR28044065DA6M0,Ciągnik
MO5_MIRR280420858A8M0,Ciągnik
MO5_MIRR280420708A7T0,Ciągnik
MO5_MIRR280380858A8M0,Ciągnik
MO5_MIRR28038070DHC70,Ciągnik
MO5_MIRR280380708A7T0,Ciągnik
MO5_MIRR280320858A8M0,Ciągnik
MO5_MIRR280280858A8M0,Ciągnik
MO5_MIRR26571050DALA0,Naczepa/przyczepa
MO5_MIRR26565065DALA0,Naczepa/przyczepa
MO5_MIRR26565055DALA0,Naczepa/przyczepa
MO5_MIRR26560055DALA0,Naczepa/przyczepa
MO5_MIRR24054065DA6M1,Ciągnik
MO5_MIRR24054065DA6M0,Ciągnik
MO5_MIRR240500858SFT1,Ciągnik
MO5_MIRR240500708A7G0,Ładowarka
MO5_MIRR24048065DA6M0,Ciągnik
MO5_MIRR240460708A7G0,Ładowarka
MO5_MIRR24044065DA6M0,Ciągnik
MO5_MIRR240420858A8M0,Ciągnik
MO5_MIRR24042070DHC70,Ciągnik
MO5_MIRR240420708A7T0,Ciągnik
MO5_MIRR240380858A8M0,Ciągnik
MO5_MIRR24038070DHC70,Ciągnik
MO5_MIRR240380708A7T0,Ciągnik
MO5_MIRR240360708A7T0,Ciągnik
MO5_MIRR240340858A8M0,Ciągnik
MO5_MIRR24032085RA8M0,Ciągnik
MO5_MIRR240280858A8M0,Ciągnik
MO5_MIRR22571045DAGT0,Naczepa/przyczepa
MO5_MIRR22556060DR020,maszyny górnicze
MO5_MIRR22556060DALA0,Naczepa/przyczepa
MO5_MIRR22544565GA7G0,Ładowarka
MO5_MIRR22544565FR010,Naczepa/przyczepa
MO5_MIRR18035560JAGT0,Uniwersalne/pozostałe
MO5_MIRR17042555GA7G1,Ładowarka
MO5_MIRD340G84006TD20,Ciągnik
MO5_MIRD340G84006TD11,Ciągnik
MO5_MIRD280G4900OTD10,Ciągnik
MO5_MIRD280G24006TD20,Ciągnik
MO5_MIRD280G24006TD1T,Ciągnik
MO5_MIRD260L31008D010,Ciągnik
MO5_MIRD240G49006TD10,Ciągnik
MO5_MIRD240D95006TD28,Ciągnik
MO5_MIRD24012400ATD10,Ciągnik
MO5_MIRD240124008TD10,Ciągnik
MO5_MIRD200E750063TF0,Ciągnik
MO5_MIRD200D83006T130,Ciągnik
MO5_MIRD2006500063TF0,Ciągnik
MO5_MIRD180E600063TF0,Ciągnik
MO5_MIRD170G50558IM44,Przyczepa
MO5_MIRD160E750063TF1,Ciągnik
MO5_MIRD160E750063TF0,Ciągnik
MO5_MIRD160E650063TF0,Ciągnik
MO5_MIRD160E60006T130,Ciągnik
MO5_MIRD160E600063TF0,Ciągnik
MO5_MIRD155400608IM71,Przyczepa
MO5_MIRD153G25808IM40,Przyczepa
MO5_MIRD153G15808IM44,Przyczepa
MO5_MIRD153G10758IM4Y,Przyczepa
MO5_MIRD153G10758IM42,Przyczepa
MO5_MIRD150E50008TS60,kosiarka/ogród
MO5_MIRD150180008TS70,kosiarka/ogród
MO5_MIRD1452006071IM0,Przyczepa
MO5_MIRD120E50000B1S2,kosiarka/ogród
MO5_MIRD120E40000B1S2,kosiarka/ogród
MO5_MIRD120D65808TS66,kosiarka/ogród
MO5_MIRD100E50000B1A1,kosiarka/ogród
MO5_MIRD100E40000B1S3,kosiarka/ogród
MO5_MIRD100E40000B1S2,kosiarka/ogród
MO5_MIRD080F18000B633,kosiarka/ogród
MO5_MIRD080F16000B195,kosiarka/ogród
MO5_MIRD080E40000V551,kosiarka/ogród
MO5_MIRD080E40000V550,kosiarka/ogród
MO5_MIRD080E40000B1S2,kosiarka/ogród
MO5_MIRD080E35000V551,kosiarka/ogród
MO5_MIRD080E35000B1A1,kosiarka/ogród
MO5_MIRD080E35000B151,kosiarka/ogród
MO5_MIRD080E35000B111,kosiarka/ogród
MO5_MIRD060E40000V552,kosiarka/ogród
MO5_MIRD060E40000V551,kosiarka/ogród
MO5_MIRD060E35000B1A1,kosiarka/ogród
MO5_MIRD06013A000B1S1,kosiarka/ogród
MO5_MIRD06013A000B193,kosiarka/ogród
MO5_MIPR260480808TI20,Ładowarka
MO5_MIPR24040570JM210,Ładowarka
MO5_MIPR200H10003CC00,kompaktor
MO5_MIPR200F30803CC00,kompaktor
MO5_MIPR20040570JM210,Ładowarka
MO5_MIPR20040570B01E0,Ładowarka
MO5_MIPR18040570B01E1,Ładowarka
MO5_MIPR18036570B01E0,Ładowarka
MO5_MIPR180340808TI20,Ładowarka
MO5_MIPD280G69008T6L0,Ładowarka
MO5_MIPD280G69006TG10,Ciągnik
MO5_MIPD250G2300BEM20,Ładowarka
MO5_MIPD240G95708GNR0,Ładowarka
MO5_MIPD240G75008TI00,Ładowarka
MO5_MIPD240G69008T4L1,Ładowarka
MO5_MIPD24040570BMT40,Ładowarka
MO5_MIPD24040070DMT40,Ładowarka
MO5_MIPD225600408TIR0,Ładowarka
MO5_MIPD225480658ME60,Uniwersalne/pozostałe
MO5_MIPD200H1000BE220,maszyny górnicze
MO5_MIPD200H1000BB380,Ładowarka
MO5_MIPD200H10005CPS0,kompaktor
MO5_MIPD200H10003CPT0,kompaktor
MO5_MIPD200H0000BE230,maszyny górnicze
MO5_MIPD200H0000BE220,maszyny górnicze
MO5_MIPD200H0000BB380,Ładowarka
MO5_MIPD200F6070GMT54,Ładowarka
MO5_MIPD200E9000BB380,Ładowarka
MO5_MIPD200A8200BB380,Ładowarka
MO5_MIPD200500458TIR0,Ładowarka
MO5_MIPD20040570BMT11,Ładowarka
MO5_MIPD20040570BMT10,Ładowarka
MO5_MIPD20040070DMT40,Ładowarka
MO5_MIPD20036085DMT41,Ładowarka
MO5_MIPD20034080DMT41,Ładowarka
MO5_MIPD2001670014O5L,Ładowarka
MO5_MIPD180G25808BB40,Przyczepa
MO5_MIPD180G2500GMP32,Uniwersalne/pozostałe
MO5_MIPD150311008SK00,Przyczepa
MO5_MIPD140D63005SN00,kosiarka/ogród
MO5_MIPD130E60006SN00,kosiarka/ogród
MO5_MIPD120E55006SN00,kosiarka/ogród
MO5_MIPD120D85004SK20,Przyczepa
MO5_MICD200E6500LB60T,Ładowarka
MO5_MCRR42065065DRD30,Ciągnik
MO5_MCRR420520858RD10,Ciągnik
MO5_MCRR38071070DRD30,Ciągnik
MO5_MCRR380650658RD31,Ciągnik
MO5_MCRR380650658RD30,Ciągnik
MO5_MCRR38060065DRD30,Ciągnik
MO5_MCRR380580708RD20,Ciągnik
MO5_MCRR38054065DRD30,Ciągnik
MO5_MCRR38052085ARD10,Ciągnik
MO5_MCRR38052070ARD20,Ciągnik
MO5_MCRR38048070BRD20,Ciągnik
MO5_MCRR380460858RD10,Ciągnik
MO5_MCRR360340858RD10,Ciągnik
MO5_MCRR34060065DRD30,Ciągnik
MO5_MCRR34052070BRD20,Ciągnik
MO5_MCRR34048070BRD20,Ciągnik
MO5_MCRR340460858RD10,Ciągnik
MO5_MCRR340420858RD10,Ciągnik
MO5_MCRR320320858RD10,Ciągnik
MO5_MCRR30054065DRD30,Ciągnik
MO5_MCRR30048070BRD20,Ciągnik
MO5_MCRR300460858RD10,Ciągnik
MO5_MCRR300420858RD10,Ciągnik
MO5_MCRR28060065DRD30,Ciągnik
MO5_MCRR280540658RD30,Ciągnik
MO5_MCRR28048065DRD30,Ciągnik
MO5_MCRR280440658RD30,Ciągnik
MO5_MCRR280420858RD11,Ciągnik
MO5_MCRR28042070ARD20,Ciągnik
MO5_MCRR280380858RD12,Ciągnik
MO5_MCRR28038070BRD20,Ciągnik
MO5_MCRR280320858RD10,Ciągnik
MO5_MCRR24048065DRD30,Ciągnik
MO5_MCRR240440658RD30,Ciągnik
MO5_MCRR24042085DRD10,Ciągnik
MO5_MCRR240420708RD20,Ciągnik
MO5_MCRR24038085BRD10,Ciągnik
MO5_MCRR24038070BRD20,Ciągnik
MO5_MCRR240360708RD20,Ciągnik
MO5_MCRR240340858RD20,Ciągnik
MO5_MCRR240320858RD20,Ciągnik
MO5_MCRR240320708RD20,Ciągnik
MO5_MCRR240280858RD20,Ciągnik
MO5_MCRD420D95006A100,Ciągnik
MO5_MCRD380G84008A191,Ciągnik
MO5_MCRD380G84008A190,Ciągnik
MO5_MCRD380G36006A130,Ciągnik
MO5_MCRD360G36006A130,Ciągnik
MO5_MCRD360G24006A130,Ciągnik
MO5_MCRD360D95006A101,Ciągnik
MO5_MCRD340G8400AA190,Ciągnik
MO5_MCRD320G2400OA130,Ciągnik
MO5_MCRD320D95006A130,Ciągnik
MO5_MCRD300G69008AA30,Ciągnik
MO5_MCRD280G69008AA31,Ciągnik
MO5_MCRD280G69008AA30,Ciągnik
MO5_MCRD280G49008AS2D,Ciągnik
MO5_MCRD280G36006A190,Ciągnik
MO5_MCRD280G24006A190,Ciągnik
MO5_MCRD280G12008A190,Ciągnik
MO5_MCRD280D83006AA80,Ciągnik
MO5_MCRD260G49006A100,Ciągnik
MO5_MCRD240G49006A190,Ciągnik
MO5_MCRD240D95006A190,Ciągnik
MO5_MCRD200E75008ASO0,Ciągnik
MO5_MCRD160E75008ASI0,Ciągnik
MO5_MCRD160E75006AS80,Ciągnik
MO5_MCRD160E65006AS80,Ciągnik
MO5_MCRD160E60006AS90,Ciągnik
MO5_MCRD160E60006AS70,Ciągnik
MO5_MCRD160E60006AS40,Ciągnik
MO5_MCPD280G69008I2S0,Ładowarka
MO5_MCPD240G69006IN40,Ładowarka
MO5_MACR225F3000KDM50,Oś napędowa
MO5_MACR225F2000LFR21,Oś kierowana
MO5_MACR225F2000LDH12,Oś napędowa
MO5_MACR225F1000LFR21,Oś kierowana
MO5_MACR225F1000LDH12,Oś napędowa
MO5_MACR225F1000KDR12,Oś napędowa
MO5_MACR225F0000LFR21,Oś kierowana
MO5_MACR22538565KMHR0,Oś kierowana
MO5_MACR22538565KFR41,Oś kierowana
MO5_MACR22538555KMHR0,Oś kierowana
MO5_MACR22538555KFR41,Oś kierowana
MO5_MACR22531580LFR42,Oś kierowana
MO5_MACR22531580LDR40,Oś kierowana
MO5_MACR22531580KFM41,Oś kierowana
MO5_MACR22531580KDM50,Oś napędowa
MO5_MACR22531570LDR40,Oś kierowana
MO5_MACR22531570LDHR0,Oś kierowana
MO5_MACR22531560LFRH0,Oś kierowana
MO5_MACR22531560LDR40,Oś kierowana
MO5_MACR22529580MFR41,Oś kierowana
MO5_MACR22529580MDR40,Oś kierowana
MO5_MACR22529560LDR40,Oś kierowana
MO5_MACR22527570LFR22,Oś kierowana
MO5_MACR22527570LDR11,Oś napędowa
MO5_MACR22527570JFU13,Oś kierowana
MO5_MACR22527570JFU11,Oś kierowana
MO5_MACR200H0000KDR12,Oś napędowa
MO5_MACR19544545JMHR0,Oś kierowana
MO5_MACR19528570MFR41,Oś kierowana
MO5_MACR19528570MDR40,Oś kierowana
MO5_MACR19528570KMHR0,Oś kierowana
MO5_MACR19526570MFR41,Oś kierowana
MO5_MACR19526570MDR40,Oś kierowana
MO5_MACR19526570JMHR0,Oś kierowana
MO5_MACR19524570MFR41,Oś kierowana
MO5_MACR19524570MDR41,Oś kierowana
MO5_MACR19524570KMHR0,Oś kierowana
MO5_MACR175D8500LFR40,Oś kierowana
MO5_MACR17524570MFR41,Oś kierowana
MO5_MACR17524570MDR41,Oś kierowana
MO5_MACR17524570LMHR0,Oś kierowana
MO5_MACR17523575MFR40,Oś kierowana
MO5_MACR17523575MDR41,Oś kierowana
MO5_MACR17523575KMHR0,Oś kierowana
MO5_MACR17522575MFR40,Oś kierowana
MO5_MACR17522575MDR40,Oś kierowana
MO5_MACR17521575MFR41,Oś kierowana
MO5_MACR17521575MDR41,Oś kierowana
MO5_MACR17521575KMHR0,Oś kierowana
MO5_MACR17520575MFR40,Oś kierowana
MO5_MACR17520575MDR41,Oś kierowana
MO5_MACR17520575MDR40,Oś kierowana
MO5_LLCR225F3000KKMD1,Oś napędowa
MO5_LLCR225F3000KKMA1,Oś kierowana
MO5_LLCR22544565KKMA0,Oś kierowana
MO5_LLCR22538565KKXA0,Oś kierowana
MO5_LLCR22538565KKTS0,Oś kierowana
MO5_LLCR22538565KETT0,Naczepa/przyczepa
MO5_LLCR22538565JMA90,All position
MO5_LLCR22538565JLL83,Naczepa/przyczepa
MO5_LLCR22538555KKTS0,Oś kierowana
MO5_LLCR22538555JLL82,Naczepa/przyczepa
MO5_LLCR22531580LKTS0,Oś kierowana
MO5_LLCR22531580LETD1,Oś napędowa
MO5_LLCR22531580KKMD1,Oś napędowa
MO5_LLCR22531580KKMA0,Oś kierowana
MO5_LLCR22531570LKTS1,Oś kierowana
MO5_LLCR22531570LKTD1,Oś napędowa
MO5_LLCR22531570LETD1,Oś napędowa
MO5_LLCR22529580MKTS2,Oś kierowana
MO5_LLCR22529580MKTD2,Oś napędowa
MO5_LLCR22529560LKTS0,Oś kierowana
MO5_LLCR19544545JETT0,Naczepa/przyczepa
MO5_LLCR19528570MKLD0,Oś napędowa
MO5_LLCR19526570MKLS1,Oś kierowana
MO5_LLCR19526570MKLD1,Oś napędowa
MO5_LLCR19524570MKLS1,Oś kierowana
MO5_LLCR19524570MKLD1,Oś napędowa
MO5_LLCR17526570MKLS3,Oś kierowana
MO5_LLCR17526570MKLS2,Oś kierowana
MO5_LLCR17526570MKLD2,Oś napędowa
MO5_LLCR17524570MKLS3,Oś kierowana
MO5_LLCR17524570MKLS2,Oś kierowana
MO5_LLCR17524570MKLD2,Oś napędowa
MO5_LLCR17524570JKL21,All position
MO5_LLCR17523575MKLD2,Oś napędowa
MO5_LLCR17523575MKLD1,Oś napędowa
MO5_LLCR17523575JT2L0,All position
MO5_LLCR17523575JKL21,All position
MO5_LLCR17522575MKLS1,Oś kierowana
MO5_LLCR17522575MKLD0,Oś napędowa
MO5_LLCR17521575MKLS0,Oś kierowana
MO5_LLCR17521575MKLD0,Oś napędowa
MO5_LLCR17521575JT2L0,All position
MO5_LLCR17521575JKL21,All position
MO5_LLCR17520565JT2L0,All position
MO5_LLCR17520565JKL20,All position
MO5_KUCZ22538565LWA00,All position
MO5_KUCZ22538555JWA00,All position
MO5_KUCZ22531580MWD00,Oś napędowa
MO5_KUCZ22531570LWD00,Oś napędowa
MO5_KUCZ22531570LWA00,All position
MO5_KUCZ22529580LWD00,Oś napędowa
MO5_KUCR22538565KXA11,Oś kierowana
MO5_KUCR22527570JCA00,All position
MO5_KUCR19528570JKHO1,Naczepa/przyczepa
MO5_KUCR19528570JKHO0,Naczepa/przyczepa
MO5_KUCR19526570JKHO0,Naczepa/przyczepa
MO5_KUCR17523575JKHO0,Naczepa/przyczepa
MO5_KARR38052070DEV70,Ciągnik
MO5_KARR34048070DEV70,Ciągnik
MO5_KARR34042085DEV80,Ciągnik
MO5_KARR28042070DEV70,Ciągnik
MO5_KARR24038070DEV70,Ciągnik
MO5_KARR24034085DEV80,Ciągnik
MO5_KARD380G84006SGQ0,Ciągnik
MO5_KARD380G69008SGQ0,Ciągnik
MO5_KARD380G55004SGQ0,Ciągnik
MO5_KARD360D95006SGQ0,Ciągnik
MO5_KARD340G84006SGQ1,Ciągnik
MO5_KARD340G84006SGQ0,Ciągnik
MO5_KARD340G69008SGQ1,Ciągnik
MO5_KARD340G69008SGQ0,Ciągnik
MO5_KARD320G24006SGQ0,Ciągnik
MO5_KARD320D95006SGQ0,Ciągnik
MO5_KARD300G84006SGQ2,Ciągnik
MO5_KARD300G84006SGQ0,Ciągnik
MO5_KARD300G69006SGQ1,Ciągnik
MO5_KARD300G69006SGQ0,Ciągnik
MO5_KARD280G69006SGQ0,Ciągnik
MO5_KARD280G49856SGP0,Ciągnik
MO5_KARD280G36006SGQ1,Ciągnik
MO5_KARD280G24856SGP0,Ciągnik
MO5_KARD280G12856SGP0,Ciągnik
MO5_KARD240G49006SGQ0,Ciągnik
MO5_KARD240G24006SGQ2,Ciągnik
MO5_KARD240G24006SGQ1,Ciągnik
MO5_KARD240G24006SGQ0,Ciągnik
MO5_KARD240G12006SGQ0,Ciągnik
MO5_KARD240D95006SGQ1,Ciągnik
MO5_KARD200E75006SF40,Ciągnik
MO5_KARD180G30656KAI0,Przyczepa
MO5_KARD180E60008SF40,Ciągnik
MO5_KARD160E90006P091,Przyczepa
MO5_KARD160E75008SRF1,Ciągnik
MO5_KARD160E75008SRF0,Ciągnik
MO5_KARD160E75008SGQ0,Ciągnik
MO5_KARD160E75008SF51,Ciągnik
MO5_KARD160E75008SF50,Ciągnik
MO5_KARD160E75006SGQ0,Ciągnik
MO5_KARD160E60948SRR1,Ciągnik
MO5_KARD160E60008SRR0,Ciągnik
MO5_KARD160E60008SGQ0,Ciągnik
MO5_KARD160E60006SRI2,Ciągnik
MO5_KARD160E60006SRI0,Ciągnik
MO5_KARD160E60006SGQ0,Ciągnik
MO5_KARD155400608IP40,Przyczepa
MO5_KARD155400600SGY0,Ciągnik
MO5_KARD153G15808KAI7,Przyczepa
MO5_KARD153G15808KAI6,Przyczepa
MO5_KARD153G15808KAI4,Przyczepa
MO5_KARD153G15808KAI1,Przyczepa
MO5_KARD153G15808KAI0,Przyczepa
MO5_KARD153G10758KAI0,Przyczepa
MO5_KARD153G10756KAI4,Przyczepa
MO5_KARD153G10756KAI1,Przyczepa
MO5_KARD153G10756KAI0,Przyczepa
MO5_KARD120G10808IP71,Przyczepa
MO5_KARD120G10808IP70,Przyczepa
MO5_KARD120E70008IP70,Przyczepa
MO5_KARD100E40004SGP3,Ciągnik
MO5_KARD100E40004IMK0,Przyczepa
MO5_KARD090E50006KAI0,Przyczepa
MO5_KARD080F16004LWG0,kosiarka/ogród
MO5_KARD080F16004IP60,Przyczepa
MO5_KARD080F160040001,Przyczepa
MO5_KARD080F160040000,kosiarka/ogród
MO5_KARD080E40004IM31,Przyczepa
MO5_KARD080E40004IM30,Przyczepa
MO5_KARD080189004LWG2,kosiarka/ogród
MO5_KARD080189004LWG0,kosiarka/ogród
MO5_KARD080189004IP62,Przyczepa
MO5_KARD080189004IP60,Przyczepa
MO5_KARD060156004LWG1,kosiarka/ogród
MO5_KARD060156004IP62,Przyczepa
MO5_KARD060156004IP60,Przyczepa
MO5_KARD050K30006IP82,Przyczepa
MO5_KARD050K30006IP80,Przyczepa
MO5_KAPD280G69000GE11,Ładowarka
MO5_KAPD280G69000GE10,Ładowarka
MO5_KAPD180340808KGT0,Ładowarka
MO5_KAPD180340808GE10,Ładowarka
MO5_HLRR48034085DRC50,Opryskiwacz
MO5_HLRR42071070D50R0,Ciągnik
MO5_HLRR420710708FM70,Ciągnik
MO5_HLRR42065065DFX63,Ciągnik
MO5_HLRR42065065DFX60,Ciągnik
MO5_HLRR42062070DFM70,Ciągnik
MO5_HLRR42023095DRC00,Opryskiwacz
MO5_HLRR38071070DFM70,Ciągnik
MO5_HLRR380710708FM70,Ciągnik
MO5_HLRR38065065DFX67,Ciągnik
MO5_HLRR38065065DFX60,Ciągnik
MO5_HLRR38060065DFX61,Ciągnik
MO5_HLRR380580708FM70,Ciągnik
MO5_HLRR38054065DFX62,Ciągnik
MO5_HLRR38052085D50R0,Ciągnik
MO5_HLRR380520858FR80,Ciągnik
MO5_HLRR38052070D50R0,Ciągnik
MO5_HLRR38046085D50R0,Ciągnik
MO5_HLRR38042085D50R0,Ciągnik
MO5_HLRR380420858FR80,Ciągnik
MO5_HLRR360270958RC50,Opryskiwacz
MO5_HLRR34060065DFX61,Ciągnik
MO5_HLRR34054065DFX61,Ciągnik
MO5_HLRR34054065DFX60,Ciągnik
MO5_HLRR34042085D50R0,Ciągnik
MO5_HLRR340420858FR80,Ciągnik
MO5_HLRR32032085DFR80,Ciągnik
MO5_HLRR320270958RC50,Opryskiwacz
MO5_HLRR30060065DFX61,Ciągnik
MO5_HLRR30060065DFX60,Ciągnik
MO5_HLRR30054065DFX61,Ciągnik
MO5_HLRR300480708FM70,Ciągnik
MO5_HLRR300420858FR80,Ciągnik
MO5_HLRR28060065D50R0,Ciągnik
MO5_HLRR28054065DFX61,Ciągnik
MO5_HLRR28048065D50R0,Ciągnik
MO5_HLRR28042070DFM70,Ciągnik
MO5_HLRR280420708FM70,Ciągnik
MO5_HLRR28038085D50R0,Ciągnik
MO5_HLRR28038070DFM70,Ciągnik
MO5_HLRR280380708FM70,Ciągnik
MO5_HLRR28036070DFM70,Ciągnik
MO5_HLRR280340858FR80,Ciągnik
MO5_HLRR280320858FR80,Ciągnik
MO5_HLRR280280858FR80,Ciągnik
MO5_HLRR240480708FM70,Ciągnik
MO5_HLRR24048065DFX61,Ciągnik
MO5_HLRR24048065DFX60,Ciągnik
MO5_HLRR24042085D50R0,Ciągnik
MO5_HLRR240420858FR80,Ciągnik
MO5_HLRR240420708FM70,Ciągnik
MO5_HLRR240380858FR80,Ciągnik
MO5_HLRR240380708FM70,Ciągnik
MO5_HLRR24034085D50R0,Ciągnik
MO5_HLRR24032085D50R0,Ciągnik
MO5_HLRR240320708FM71,Ciągnik
MO5_HLRR240280858FR80,Ciągnik
MO5_HLRR200320708FM70,Ciągnik
MO5_HLRR180280708FM70,Ciągnik
MO5_HLRR160280708FM70,Ciągnik
MO5_HLRD380G84008MR23,Ciągnik
MO5_HLRD380G69006MR20,Ciągnik
MO5_HLRD380G55006MR22,Ciągnik
MO5_HLRD360D95006MR20,Ciągnik
MO5_HLRD340G84008MR20,Ciągnik
MO5_HLRD340G69006MR20,Ciągnik
MO5_HLRD320G24006MR20,Ciągnik
MO5_HLRD320D95006MR23,Ciągnik
MO5_HLRD300G69006MR21,Ciągnik
MO5_HLRD280G69006MR20,Ciągnik
MO5_HLRD280G49006MR21,Ciągnik
MO5_HLRD280G49006MR20,Ciągnik
MO5_HLRD280G24006MR22,Ciągnik
MO5_HLRD280G12008MR20,Ciągnik
MO5_HLRD260G84006MR28,Ciągnik
MO5_HLRD260G49006MR21,Ciągnik
MO5_HLRD240G55808MI31,Przyczepa
MO5_HLRD240G36006MR21,Ciągnik
MO5_HLRD240G24006MR21,Ciągnik
MO5_HLRD240G24006MR20,Ciągnik
MO5_HLRD240G12006MR25,Ciągnik
MO5_HLRD240G12006MR21,Ciągnik
MO5_HLRD240D95006MR20,Ciągnik
MO5_HLRD240D83006MR20,Ciągnik
MO5_HLRD220D830083290,Ciągnik
MO5_HLRD200E75006M222,Ciągnik
MO5_HLRD200D95006MR21,Ciągnik
MO5_HLRD200D83006MR23,Ciągnik
MO5_HLRD180G25806MAW1,Przyczepa
MO5_HLRD180E75006MTP0,Ciągnik
MO5_HLRD170G50556M900,Przyczepa
MO5_HLRD160E75006M221,Ciągnik
MO5_HLRD160E65006MI30,Przyczepa
MO5_HLRD160E60006MF20,Ciągnik
MO5_HLRD160E50006MF20,Ciągnik
MO5_HLRD160E40008MI31,Przyczepa
MO5_HLRD160E40008MI30,Przyczepa
MO5_HLRD160C80006MI30,Przyczepa
MO5_HLRD160550006MTP0,Ciągnik
MO5_HLRD160340558MAW2,Przyczepa
MO5_HLRD160340558MAW0,Przyczepa
MO5_HLRD155280608MI31,Przyczepa
MO5_HLRD153G25808MA00,Przyczepa
MO5_HLRD153G25806MAW0,Przyczepa
MO5_HLRD153G15808MA09,Przyczepa
MO5_HLRD153G15808MA08,Przyczepa
MO5_HLRD153G15808MA06,Przyczepa
MO5_HLRD153G15808MA01,Przyczepa
MO5_HLRD153G10758MI33,Przyczepa
MO5_HLRD153G10758MI30,Przyczepa
MO5_HLRD153G10758MA0T,Przyczepa
MO5_HLRD153G10758MA06,Przyczepa
MO5_HLRD153G10758MA04,Przyczepa
MO5_HLRD153G10758MA02,Przyczepa
MO5_HLRD153G10758MA01,Przyczepa
MO5_HLRD153G10758MA00,Przyczepa
MO5_HLRD153G10756MA06,Przyczepa
MO5_HLRD153G10756MA01,Przyczepa
MO5_HLRD150H5500BM600,Uniwersalne/pozostałe
MO5_HLRD150E50006MI30,Przyczepa
MO5_HLRD145200606R7B0,Przyczepa
MO5_HLRD120G10808MA00,Przyczepa
MO5_HLRD120E50006MRT1,Ciągnik
MO5_HLRD120320606MI31,Przyczepa
MO5_HLRD12023X0036TR0,Przyczepa
MO5_HLRD120238006MG50,kosiarka/ogród
MO5_HLRD120212003M600,Przyczepa
MO5_HLRD090E600027MT0,Ładowarka
MO5_HLRD080F16003MG50,kosiarka/ogród
MO5_HLRD080E40006MI30,Przyczepa
MO5_HLPR240460708GTR0,Ciągnik
MO5_HLPR240460708G330,Ciągnik
MO5_HLPD280G69008MTU0,Ładowarka
MO5_HLPD280G69008MTL1,Ładowarka
MO5_HLPD280G69008MTL0,Ładowarka
MO5_HLPD260G84008MTL0,Ładowarka
MO5_HLPD250G7500B4562,maszyny górnicze
MO5_HLPD250G75002MG80,Uniwersalne/pozostałe
MO5_HLPD250G55008MG80,Uniwersalne/pozostałe
MO5_HLPD250G230024562,maszyny górnicze
MO5_HLPD240H40008MGM2,Ładowarka
MO5_HLPD240G95008MTL0,Ładowarka
MO5_HLPD240G75008MTU0,Ładowarka
MO5_HLPD240G69008MTU0,Ładowarka
MO5_HLPD240G69008MTL0,Ładowarka
MO5_HLPD240G55808MTL0,Ładowarka
MO5_HLPD200G60708MTL0,Ładowarka
MO5_HLPD200G2500GM460,Ładowarka
MO5_HLPD200G0500GM460,Ładowarka
MO5_HLPD200405706MI30,Przyczepa
MO5_HLPD180G25808ATU2,Ładowarka
MO5_HLPD180G25808ATU0,Ładowarka
MO5_HLPD180G2500GM460,Ładowarka
MO5_HLPD153G15808MP04,Ładowarka
MO5_HLPD153G10758M460,Ładowarka
MO5_HACZ22538555KAW00,Oś kierowana
MO5_HACR22538565KT150,Naczepa/przyczepa
MO5_HACR22538565KAH30,Oś kierowana
MO5_HACR22538565K31T1,Naczepa/przyczepa
MO5_HACR22538555KAHO0,Oś kierowana
MO5_HACR22538555KAH30,Oś kierowana
MO5_HACR22531580LDHW1,Oś napędowa
MO5_HACR22531580LDHJ0,Oś napędowa
MO5_HACR22531580LAH30,Oś kierowana
MO5_HACR22531570LDHW1,Oś napędowa
MO5_HACR22531570LDHW0,Oś napędowa
MO5_HACR22531570LA2W0,Oś kierowana
MO5_HACR22531560LA2W0,Oś kierowana
MO5_HACR22529580MDHW0,Oś napędowa
MO5_HACR22529580MDHJ1,Oś napędowa
MO5_HACR22529580MDHJ0,Oś napędowa
MO5_HACR22529580MAH36,Oś kierowana
MO5_HACR22529580MAH35,Oś kierowana
MO5_HACR22529580JAU40,Oś kierowana
MO5_HACR22529560KDHJ0,Oś napędowa
MO5_HACR19544545K20L0,Naczepa/przyczepa
MO5_HACR19543550J31T1,Naczepa/przyczepa
MO5_HACR19538555J31T0,Naczepa/przyczepa
MO5_HACR19530570MH352,Oś napędowa
MO5_HACR19526570MAHT1,Oś kierowana
MO5_HACR17526570MH350,Oś napędowa
MO5_HACR17523575MAHT3,Oś kierowana
MO5_HACR17521575MH350,Oś napędowa
MO5_HACR17521575MAHT2,Oś kierowana
MO5_HACR17521575K31T0,Naczepa/przyczepa
MO5_GSCR240H2000KO4S0,Oś napędowa
MO5_GSCR240H2000KO240,Oś napędowa
MO5_GSCR225F3000GOMS1,Oś napędowa
MO5_GSCR225F2000LORJ1,Oś napędowa
MO5_GSCR225F2000KOMS1,Oś napędowa
MO5_GSCR225F2000KAVV1,Oś kierowana
MO5_GSCR22538565KCA50,Naczepa/przyczepa
MO5_GSCR22538565KAV50,Oś kierowana
MO5_GSCR22538555KCR50,Naczepa/przyczepa
MO5_GSCR22531580MOR50,Oś napędowa
MO5_GSCR22531580MAV50,Oś kierowana
MO5_GSCR22531580KAV22,Oś kierowana
MO5_GSCR22531570MOR50,Oś napędowa
MO5_GSCR22531570LAV50,Oś kierowana
MO5_GSCR22531560LOR50,Oś napędowa
MO5_GSCR22531560LAV51,Oś kierowana
MO5_GSCR22531560LAV50,Oś kierowana
MO5_GSCR22529580MOR50,Oś napędowa
MO5_GSCR22529580JCTY0,Oś kierowana
MO5_GSCR22529560KOR50,Oś napędowa
MO5_GSCR22529560KAV50,Oś kierowana
MO5_GSCR22527570JCT41,Oś kierowana
MO5_GSCR22512000LAVA0,Oś kierowana
MO5_GSCR19543550JCA41,Naczepa/przyczepa
MO5_GSCR19528570LORJ2,Oś napędowa
MO5_GSCR19526570MORJ2,Oś napędowa
MO5_GSCR19526570MAVA2,Oś kierowana
MO5_GSCR19526570JCA40,Naczepa/przyczepa
MO5_GSCR19524570MORJ3,Oś napędowa
MO5_GSCR19524570JCA40,Naczepa/przyczepa
MO5_GSCR175H0900MTAM1,Oś napędowa
MO5_GSCR175H0900MCOM0,Oś kierowana
MO5_GSCR175D8500MTAM0,Oś napędowa
MO5_GSCR17523575MOR41,Oś napędowa
MO5_GSCR17523575MAV42,Oś kierowana
MO5_GSCR17523575JCA42,Naczepa/przyczepa
MO5_GSCR17522575MOR41,Oś napędowa
MO5_GSCR17522575MAV42,Oś kierowana
MO5_GSCR17521575MOR41,Oś napędowa
MO5_GSCR17521575MAV42,Oś kierowana
MO5_GSCR17520575MOR41,Oś napędowa
MO5_GSCR17520575MAV42,Oś kierowana
MO5_GNCZ22531580KS460,Oś napędowa
MO5_GNCZ22531580K3620,Oś kierowana
MO5_GNCZ22529580M3620,Oś kierowana
MO5_GNCR225F3000G3820,Oś kierowana
MO5_GNCR22538565KSP81,Oś kierowana
MO5_GNCR22538565K7HL0,Naczepa/przyczepa
MO5_GNCR22538565K4360,Oś kierowana
MO5_GNCR22538565K3621,Oś kierowana
MO5_GNCR22538555KS240,Naczepa/przyczepa
MO5_GNCR22531580M4360,Oś kierowana
MO5_GNCR22531580L4640,Oś napędowa
MO5_GNCR22531580KSP80,Oś kierowana
MO5_GNCR22531580K4821,Oś napędowa
MO5_GNCR22531570L4641,Oś napędowa
MO5_GNCR22531570L4640,Oś napędowa
MO5_GNCR22531570L3640,Oś kierowana
MO5_GNCR22531560L4640,Oś napędowa
MO5_GNCR22531560L3640,Oś kierowana
MO5_GNCR22529580M4360,Oś kierowana
MO5_GNCR22529580LS462,Oś napędowa
MO5_GNCR22529560K4642,Oś napędowa
MO5_GNCR19543550JS240,Naczepa/przyczepa
MO5_GNCR19530570MS441,Oś napędowa
MO5_GNCR19530570M4360,Oś kierowana
MO5_GNCR19528570L4641,Oś napędowa
MO5_GNCR19528570L4361,Oś kierowana
MO5_GNCR19528570J2460,Naczepa/przyczepa
MO5_GNCR19526570MS441,Oś napędowa
MO5_GNCR19526570M4361,Oś kierowana
MO5_GNCR19526570J2460,Naczepa/przyczepa
MO5_GNCR19524570M4361,Oś kierowana
MO5_GNCR19524570J2461,Naczepa/przyczepa
MO5_GNCR19524570J2460,Naczepa/przyczepa
MO5_GNCR17526570MP461,Oś napędowa
MO5_GNCR17526570M4361,Oś kierowana
MO5_GNCR17524570MP460,Oś napędowa
MO5_GNCR17524570M4362,Oś kierowana
MO5_GNCR17524570J2460,Naczepa/przyczepa
MO5_GNCR17523575MP460,Oś napędowa
MO5_GNCR17523575M4360,Oś kierowana
MO5_GNCR17523575J2460,Naczepa/przyczepa
MO5_GNCR17522575MP460,Oś napędowa
MO5_GNCR17521575MP460,Oś napędowa
MO5_GNCR17521575M4360,Oś kierowana
MO5_GNCR17521575J2461,Naczepa/przyczepa
MO5_GNCR17520575MP460,Oś napędowa
MO5_GNCR17520575M4360,Oś kierowana
MO5_GGCZ22538565KUTM1,Oś kierowana
MO5_GGCZ22538565KUMS1,Oś kierowana
MO5_GGCZ22535550KWTS0,Naczepa/przyczepa
MO5_GGCZ22531570LUMS1,Oś kierowana
MO5_GGCZ22531560LUMS0,Oś kierowana
MO5_GGCZ22529580MUCL0,Oś kierowana
MO5_GGCZ22529580LUMS0,Oś kierowana
MO5_GGCR225F2000K0MD0,Oś kierowana
MO5_GGCR22538565KULT0,Oś kierowana
MO5_GGCR22538565KMS52,Oś kierowana
MO5_GGCR22538565KKS30,Oś kierowana
MO5_GGCR22538565KKG30,Oś kierowana
MO5_GGCR22538555KKS30,Oś kierowana
MO5_GGCR22538555KKG30,Oś kierowana
MO5_GGCR22538555KFXF0,Oś kierowana
MO5_GGCR22535550KKSG0,Oś kierowana
MO5_GGCR22531580MFDE0,Oś kierowana
MO5_GGCR22531580LKD30,Oś kierowana
MO5_GGCR22531580KMS60,Oś kierowana
MO5_GGCR22531580KMS50,Oś kierowana
MO5_GGCR22531570LKS30,Oś kierowana
MO5_GGCR22531570LKD31,Oś kierowana
MO5_GGCR22531570LKD30,Oś kierowana
MO5_GGCR22531570LEQT0,Oś kierowana
MO5_GGCR22531570LEQM0,Oś kierowana
MO5_GGCR22531570KMS60,Oś kierowana
MO5_GGCR22530570LKS01,Oś kierowana
MO5_GGCR22530570LKD00,Oś kierowana
MO5_GGCR22529580MKDG1,Oś kierowana
MO5_GGCR22529580MFXD1,Oś kierowana
MO5_GGCR22529580MCHL1,Naczepa/przyczepa
MO5_GGCR22529560KKD03,Oś kierowana
MO5_GGCR22529560KFXD1,Oś kierowana
MO5_GGCR22511000KMSS0,Oś kierowana
MO5_GGCR20012000KMS20,Oś kierowana
MO5_GGCR19543550KKG30,Oś kierowana
MO5_GGCR19528570LKSG0,Oś kierowana
MO5_GGCR19528570LKDG0,Oś kierowana
MO5_GGCR19528570JKT01,Oś kierowana
MO5_GGCR19526570MKSG0,Oś kierowana
MO5_GGCR19526570JKT00,Oś kierowana
MO5_GGCR19524570MKD01,Oś kierowana
MO5_GGCR17524570MKSG0,Oś kierowana
MO5_GGCR17524570MKDG0,Oś kierowana
MO5_GGCR17524570JKT01,Oś kierowana
MO5_GGCR17523575MKS00,Oś kierowana
MO5_GGCR17523575MKD00,Oś kierowana
MO5_GGCR17523575JKT01,Oś kierowana
MO5_GGCR17522575MKS00,Oś kierowana
MO5_GGCR17522575MKD00,Oś kierowana
MO5_GGCR17521575JKT01,Oś kierowana
MO5_GGCR17520575MKD00,Oś kierowana
MO5_GFCZ22538565LWCC0,Oś kierowana
MO5_GFCZ22531580KWRF0,Oś napędowa
MO5_GFCZ22531580KWCC0,Oś kierowana
MO5_GFCZ22531570LWCC0,Oś kierowana
MO5_GFCZ22531570KWFC0,Oś napędowa
MO5_GFCZ22529580LWFC1,Oś napędowa
MO5_GFCZ22529580LWCC0,Oś kierowana
MO5_GFCR22538565KVAR1,Naczepa/przyczepa
MO5_GFCR22538565KRN30,Naczepa/przyczepa
MO5_GFCR22538565KRC30,Oś kierowana
MO5_GFCR22538555KRN30,Naczepa/przyczepa
MO5_GFCR22531580LRG30,Oś napędowa
MO5_GFCR22531580LRC30,Oś kierowana
MO5_GFCR22531580KVRC0,Oś kierowana
MO5_GFCR22531570LRG30,Oś napędowa
MO5_GFCR22531560LRG30,Oś napędowa
MO5_GFCR22531560LRC31,Oś kierowana
MO5_GFCR22531560LRC30,Oś kierowana
MO5_GFCR22531560LE2R0,Oś napędowa
MO5_GFCR22529580MRG30,Oś napędowa
MO5_GFCR22529580MRC31,Oś kierowana
MO5_GFCR22529580MRC30,Oś kierowana
MO5_GFCR22529560KRG30,Oś napędowa
MO5_GFCR22529555KRG30,Oś napędowa
MO5_GFCR22513000LRCL0,Oś kierowana
MO5_GFCR22513000GVR20,Oś kierowana
MO5_GFCR19543550JRN30,Naczepa/przyczepa
MO5_GFCR19528570LRGF3,Oś napędowa
MO5_GFCR19528570LRCL2,Oś kierowana
MO5_GFCR19528570JETN1,Naczepa/przyczepa
MO5_GFCR19528570JETN0,Naczepa/przyczepa
MO5_GFCR19526570MRGF2,Oś napędowa
MO5_GFCR19526570MRCL3,Oś kierowana
MO5_GFCR19526570JECT1,Naczepa/przyczepa
MO5_GFCR19524570MRGF2,Oś napędowa
MO5_GFCR19524570JETL2,Naczepa/przyczepa
MO5_GFCR175D9500METR2,Oś kierowana
MO5_GFCR175D9500MECS1,Uniwersalne/pozostałe
MO5_GFCR175D9500JETN1,Naczepa/przyczepa
MO5_GFCR17524570MRGF2,Oś napędowa
MO5_GFCR17524570JECT0,Naczepa/przyczepa
MO5_GFCR17523575MRGF3,Oś napędowa
MO5_GFCR17523575MRCL1,Oś kierowana
MO5_GFCR17523575JECT0,Naczepa/przyczepa
MO5_GFCR17522575MRGF3,Oś napędowa
MO5_GFCR17522575MRCL1,Oś kierowana
MO5_GFCR17521575MRGF2,Oś napędowa
MO5_GFCR17521575MRCL1,Oś kierowana
MO5_GFCR17521575JETN0,Naczepa/przyczepa
MO5_GFCR17520575MRGF1,Oś napędowa
MO5_GFCR17520575MRCL1,Oś kierowana
MO5_FKCR22538565KI121,Oś kierowana
MO5_FKCR22527570MBI80,Oś napędowa
MO5_FKCR17521575MI151,Oś kierowana
MO5_EGCR225F3000LGMA0,Oś kierowana
MO5_EGCR225F3000LGM01,Oś napędowa
MO5_EGCR22538565KGHT1,Naczepa/przyczepa
MO5_EGCR22538565KGHA0,Oś kierowana
MO5_EGCR22538565K5GM0,Naczepa/przyczepa
MO5_EGCR22538555KGHT0,Naczepa/przyczepa
MO5_EGCR22531580LGMA0,Oś kierowana
MO5_EGCR22531580LGM00,Oś napędowa
MO5_EGCR22531580LGHD0,Oś napędowa
MO5_EGCR22531580LGHA0,Oś kierowana
MO5_EGCR22531570MGHD0,Oś napędowa
MO5_EGCR22531570MGHA0,Oś kierowana
MO5_EGCR22531560LGHD0,Oś napędowa
MO5_EGCR22531560LGHA0,Oś kierowana
MO5_EGCR22529580MGHD0,Oś napędowa
MO5_EGCR22529580MGHA0,Oś kierowana
MO5_EGCR22529560KGHD0,Oś napędowa
MO5_EGCR22529560KGHA0,Oś kierowana
MO5_EGCR19544545JGH20,Naczepa/przyczepa
MO5_EGCR19528570KGHA0,Oś kierowana
MO5_EGCR19524570MGHA1,Oś kierowana
MO5_EGCR19524570MGHA0,Oś kierowana
MO5_EGCR19524570MGH90,Oś napędowa
MO5_EGCR17523575MGH90,Oś napędowa
MO5_EGCR17523575KGHA0,Oś kierowana
MO5_EGCR17521575MGHA0,Oś kierowana
MO5_CUCR22538565KUT50,Naczepa/przyczepa
MO5_CUCR22538555KUH41,Oś kierowana
MO5_CUCR22531580LUH41,Oś kierowana
MO5_CUCR22531580LUD40,Oś napędowa
MO5_CUCR22531580KUM40,Oś kierowana
MO5_CUCR22531570LUD40,Oś napędowa
MO5_CUCR22529580MUH41,Oś kierowana
MO5_CUCR22529580MUD40,Oś napędowa
MO5_CUCR22529560LDH00,Oś napędowa
MO5_CUCR19528570MUH40,Oś kierowana
MO5_CUCR19528570MUD40,Oś napędowa
MO5_CUCR19526570MUH41,Oś kierowana
MO5_CUCR17524570MUH41,Oś kierowana
MO5_CUCR17524570MUD41,Oś napędowa
MO5_CUCR17523575MUH40,Oś kierowana
MO5_CUCR17522575MUH40,Oś kierowana
MO5_CUCR17522575MUD40,Oś napędowa
MO5_CUCR17521575MUD41,Oś napędowa
MO5_CUCR17520575MUH40,Oś kierowana
MO5_CTCR225F3000KDAW0,Oś napędowa
MO5_CTCR225F3000KDAD0,Oś napędowa
MO5_CTCR225F1000JWER0,All position
MO5_CTCR22538565KWET0,All position
MO5_CTCR22538565KWES0,All position
MO5_CTCR22538565KDAW0,Oś napędowa
MO5_CTCR22538555KWET0,All position
MO5_CTCR22531580LWES0,All position
MO5_CTCR22531580LWED0,All position
MO5_CTCR22531580KDAW0,Oś napędowa
MO5_CTCR22531580KDAD0,Oś napędowa
MO5_CTCR22531570LWES0,All position
MO5_CTCR22531570LWED0,All position
MO5_CTCR22531560LWES1,All position
MO5_CTCR22531560LWES0,All position
MO5_CTCR22529580MX3D0,Oś napędowa
MO5_CTCR22529580MWX30,All position
MO5_CTCR22529580KX5D0,Oś napędowa
MO5_CTCR22529560LWED0,All position
MO5_CTCR19524570JEAW0,All position
MO5_CTCR17524570JX3E0,All position
MO5_CTCR17523575KX3E0,All position
MO5_CTCR17523575KX3D0,Oś napędowa
MO5_CTCR17521575KX3E0,All position
MO5_CCPR200G2500JM802,All position
MO5_CCCZ22538565KT3C1,Naczepa/przyczepa
MO5_CCCZ22538565K3SH0,Oś kierowana
MO5_CCCZ22538555K3SH1,Oś kierowana
MO5_CCCZ22531580LUDS0,Oś napędowa
MO5_CCCZ22531570LUDS0,Oś napędowa
MO5_CCCZ22531570L3SH0,Oś kierowana
MO5_CCCZ22531560LHDW0,Oś napędowa
MO5_CCCZ22529580MUDS2,Oś napędowa
MO5_CCCZ22529580MUDS0,Oś napędowa
MO5_CCCZ22529560KHDW0,Oś napędowa
MO5_CCCZ19544545JHTW0,Naczepa/przyczepa
MO5_CCCZ19528570MS3H2,Oś kierowana
MO5_CCCZ19526570MS3H0,Oś kierowana
MO5_CCCZ19526570MH3C0,Oś napędowa
MO5_CCCZ17523575ML3S0,Oś kierowana
MO5_CCCZ17523575MD3C0,Oś napędowa
MO5_CCCZ17523575KT3C0,Przyczepa
MO5_CCCZ17521575ML3S0,Oś kierowana
MO5_CCCZ17521575MD3C0,Oś napędowa
MO5_CCCZ17521575KT3C0,Przyczepa
MO5_CCCR225F1000LHDR1,Oś napędowa
MO5_CCCR225F1000KSC13,Oś kierowana
MO5_CCCR225F0000KRMS1,Oś kierowana
MO5_CCCR22542565KHT22,All position
MO5_CCCR22538565KHTC2,Oś kierowana
MO5_CCCR22538565KHT50,Oś kierowana
MO5_CCCR22538565KEPT0,Naczepa/przyczepa
MO5_CCCR22538565KCTH1,Naczepa/przyczepa
MO5_CCCR22538565KCH50,Oś kierowana
MO5_CCCR22538565K5SH0,Oś kierowana
MO5_CCCR22538555KHTP0,Naczepa/przyczepa
MO5_CCCR22538555KHTC0,Oś kierowana
MO5_CCCR22538555KHT50,Oś kierowana
MO5_CCCR22538555KCH50,Oś kierowana
MO5_CCCR22535550L5SH0,Oś kierowana
MO5_CCCR22531580LH5D0,Oś napędowa
MO5_CCCR22531580LCH50,Oś kierowana
MO5_CCCR22531580L5SH0,Oś kierowana
MO5_CCCR22531570LH5D0,Oś napędowa
MO5_CCCR22531570LCH50,Oś kierowana
MO5_CCCR22531570L5SH1,Oś kierowana
MO5_CCCR22531570L5SH0,Oś kierowana
MO5_CCCR22531570L5HC0,Oś kierowana
MO5_CCCR22531560LH3D1,Oś kierowana
MO5_CCCR22531560L5SH0,Oś kierowana
MO5_CCCR22530570MDMS1,Oś napędowa
MO5_CCCR22530570LHS30,Oś kierowana
MO5_CCCR22529580MH5D0,Oś napędowa
MO5_CCCR22529580MCH50,Oś kierowana
MO5_CCCR22529560LH3D1,Oś kierowana
MO5_CCCR22527570MH5D0,Oś napędowa
MO5_CCCR20036585JHC12,All position
MO5_CCCR19544545JHTC0,Oś kierowana
MO5_CCCR19530570MH3D0,Oś kierowana
MO5_CCCR19528570MH3D0,Oś kierowana
MO5_CCCR19528570KHTC0,Oś kierowana
MO5_CCCR19526570MHSH0,Oś kierowana
MO5_CCCR19526570MH3H2,Oś kierowana
MO5_CCCR19526570MH3D1,Oś kierowana
MO5_CCCR19526570KHTC1,Oś kierowana
MO5_CCCR19524570MHS32,Oś kierowana
MO5_CCCR19524570MH3D0,Oś kierowana
MO5_CCCR19524570KHTC0,Oś kierowana
MO5_CCCR175F0000LLS12,Oś kierowana
MO5_CCCR175F0000LLD11,Oś napędowa
MO5_CCCR175D9500LLD11,Oś napędowa
MO5_CCCR17526570MHD31,Oś napędowa
MO5_CCCR17526570MH3S2,Oś kierowana
MO5_CCCR17524570MHD31,Oś napędowa
MO5_CCCR17524570MH3S2,Oś kierowana
MO5_CCCR17524570LR2C0,All position
MO5_CCCR17523575MHD32,Oś napędowa
MO5_CCCR17523575MH3S4,Oś kierowana
MO5_CCCR17523575KR2C0,All position
MO5_CCCR17522575MH3S2,Oś kierowana
MO5_CCCR17521575MHD31,Oś napędowa
MO5_CCCR17521575MH3S2,Oś kierowana
MO5_CCCR17521575KR2C0,All position
MO5_CCCR17520575MHLS2,Oś kierowana
MO5_CCCR17520565JR2C0,All position
MO5_BRRR38052070DVXR0,Ciągnik
MO5_BRRR34065060DVTT0,Ciągnik
MO5_BRRR34052070DVXR0,Ciągnik
MO5_BRRR320800658VTC1,Kombajn
MO5_BRRR30060070DVXT0,Ciągnik
MO5_BRRR30042085DVXR0,Ciągnik
MO5_BRRR28042085DVXR0,Ciągnik
MO5_BRRR24054065DVXR0,Ciągnik
MO5_BRRR24048065DVXT0,Ciągnik
MO5_BRRR24042085DVXR0,Ciągnik
MO5_BRRR24038085DVXR0,Ciągnik
MO5_BRRR24036070DVXR0,Ciągnik
MO5_BRRR24034085DVXR0,Ciągnik
MO5_BRRR24032085DVXR0,Ciągnik
MO5_BRRR24032070DVXR0,Ciągnik
MO5_BRCR225F3000G3550,Oś napędowa
MO5_BRCR22538565KURT0,Naczepa/przyczepa
MO5_BRCR22538565KSTE0,Oś kierowana
MO5_BRCR22538565KEZ20,Naczepa/przyczepa
MO5_BRCR22538565KEIA0,Naczepa/przyczepa
MO5_BRCR22538565KDU20,Oś kierowana
MO5_BRCR22538565K7482,Oś napędowa
MO5_BRCR22538555KURT1,Naczepa/przyczepa
MO5_BRCR22538555KSTE0,Oś kierowana
MO5_BRCR22538555KEZ20,Naczepa/przyczepa
MO5_BRCR22538555KDU21,Oś kierowana
MO5_BRCR22535550LEH20,Oś kierowana
MO5_BRCR22531580LURD1,Oś napędowa
MO5_BRCR22531580LSTE0,Oś kierowana
MO5_BRCR22531580LEH20,Oś kierowana
MO5_BRCR22531580LDU21,Oś kierowana
MO5_BRCR22531580KMS10,Oś kierowana
MO5_BRCR22531580KMDD0,Oś napędowa
MO5_BRCR22531580K35V3,Oś napędowa
MO5_BRCR22531570LURD0,Oś napędowa
MO5_BRCR22531570LSTE0,Oś kierowana
MO5_BRCR22531570LIVE0,Oś napędowa
MO5_BRCR22531570LDU21,Oś kierowana
MO5_BRCR22531560LURD0,Oś napędowa
MO5_BRCR22531560LSTE0,Oś kierowana
MO5_BRCR22531560LEJ20,Oś napędowa
MO5_BRCR22531560LDU20,Oś kierowana
MO5_BRCR22531560LCOH0,Oś kierowana
MO5_BRCR22529580MURD0,Oś napędowa
MO5_BRCR22529560LURD1,Oś napędowa
MO5_BRCR22529560LURD0,Oś napędowa
MO5_BRCR22529560LOHD0,Oś napędowa
MO5_BRCR22529560LIVE0,Oś napędowa
MO5_BRCR22529560L24E0,Oś kierowana
MO5_BRCR19543550J1663,Naczepa/przyczepa
MO5_BRCR19528570MRS90,Oś kierowana
MO5_BRCR19528570MRDB0,Oś napędowa
MO5_BRCR19526570MRS90,Oś kierowana
MO5_BRCR19526570MRD00,Oś napędowa
MO5_BRCR19526570KRT80,Naczepa/przyczepa
MO5_BRCR17526570MRS90,Oś kierowana
MO5_BRCR17526570MRD00,Oś napędowa
MO5_BRCR17524570MRS90,Oś kierowana
MO5_BRCR17524570MRDB0,Oś napędowa
MO5_BRCR17524570JRT80,Naczepa/przyczepa
MO5_BRCR17523575MRS90,Oś kierowana
MO5_BRCR17523575MRD00,Oś napędowa
MO5_BRCR17523575KRT80,Naczepa/przyczepa
MO5_BRCR17522575MRS90,Oś kierowana
MO5_BRCR17522575MRD00,Oś napędowa
MO5_BRCR17521575KRT81,Naczepa/przyczepa
MO5_BRCR17520575MRDB0,Oś napędowa
MO5_BRCR17520575M2RS0,Oś kierowana
MO5_BRCR17520565JRT81,Naczepa/przyczepa
MO5_BFRR38054065DMX60,Ciągnik
MO5_BFRR38052070DPE70,Ciągnik
MO5_BFRR38042085DPE80,Ciągnik
MO5_BFRR34060065DMX60,Ciągnik
MO5_BFRR34046085DPE80,Ciągnik
MO5_BFRR34042085DPE80,Ciągnik
MO5_BFRR28048070DPE70,Ciągnik
MO5_BFRR28042085DPE80,Ciągnik
MO5_BFRR280420708PE70,Ciągnik
MO5_BFRR28038085DPE80,Ciągnik
MO5_BFRR28038070DPE70,Ciągnik
MO5_BFRR28034085DPE80,Ciągnik
MO5_BFRR28032085DPE80,Ciągnik
MO5_BFRR28028085DPE80,Ciągnik
MO5_BFRR24054065DMX60,Ciągnik
MO5_BFRR24048065DMX60,Ciągnik
MO5_BFRR24044065DMX60,Ciągnik
MO5_BFRR24042085DPE80,Ciągnik
MO5_BFRR24042070DPE70,Ciągnik
MO5_BFRR24038085DPE80,Ciągnik
MO5_BFRR24038070DPE70,Ciągnik
MO5_BFRR24034085DPE80,Ciągnik
MO5_BFRR240340858PX80,Ciągnik
MO5_BFRR24032085DPE83,Ciągnik
MO5_BFRR24032070DPE70,Ciągnik
MO5_BFRR24028085DPE80,Ciągnik
MO5_BFPR250M65000MBT0,Ładowarka
MO5_BFPR250G75000MBT0,Ładowarka
MO5_BFPR250G23000MBT0,Ładowarka
MO5_BFPR250G21000MBT0,Ładowarka
MO5_BFPR240460708R8U1,Ładowarka
MO5_BFPR240460708DUT1,Ładowarka
MO5_BFCR22542565KTSP1,Naczepa/przyczepa
MO5_BFCR22538565KFT41,Naczepa/przyczepa
MO5_BFCR22538565KFT31,Naczepa/przyczepa
MO5_BFCR22538565K24F0,Oś kierowana
MO5_BFCR22538555KFT40,Naczepa/przyczepa
MO5_BFCR22538555K24F0,Oś kierowana
MO5_BFCR22531580LFD20,Oś napędowa
MO5_BFCR22531580L24F0,Oś kierowana
MO5_BFCR22531580KFS31,Oś kierowana
MO5_BFCR22531570LFD20,Oś napędowa
MO5_BFCR22531570L24F0,Oś kierowana
MO5_BFCR22531560LFD20,Oś napędowa
MO5_BFCR22529580MFD20,Oś napędowa
MO5_BFCR22529580M24F0,Oś kierowana
MO5_BFCR22529560LFD20,Oś napędowa
MO5_BFCR19528570MFS10,Oś kierowana
MO5_BFCR19528570JTSP1,Naczepa/przyczepa
MO5_BFCR19526570MFS10,Oś kierowana
MO5_BFCR19526570MFD40,Oś napędowa
MO5_BFCR19524570MFS10,Oś kierowana
MO5_BFCR19524570MFD40,Oś napędowa
MO5_BFCR175D9500MFS41,All position
MO5_BFCR175D9500JTSP1,Naczepa/przyczepa
MO5_BFCR17524570MFS11,Oś kierowana
MO5_BFCR17524570MFD41,Oś napędowa
MO5_BFCR17524570JTSP2,Naczepa/przyczepa
MO5_BFCR17523575MFS10,Oś kierowana
MO5_BFCR17523575MFD41,Oś napędowa
MO5_BFCR17523575JTSP2,Naczepa/przyczepa
MO5_BFCR17522575MFS10,Oś kierowana
MO5_BFCR17522575MFD40,Oś napędowa
MO5_BFCR17521575MFS10,Oś kierowana
MO5_BFCR17521575MFD40,Oś napędowa
MO5_BFCR17520575MFS10,Oś kierowana
MO5_BFCR17520575MFD40,Oś napędowa
MO5_ACRR24036070DAAR0,Ciągnik
MO4_TRRD160340558AW30,Przyczepa
MO4_TRRD150E40006TD70,Ciągnik
MO4_TRRD040E40000T992,Uniwersalne/pozostałe
MO4_TRRD040E30005T990,Uniwersalne/pozostałe
MO4_TRPD200H00005C8C0,Koparka
MO4_TRPD120D85002SK90,Ładowarka
MO4_PPCR22529560LR220,Oś napędowa
MO4_OZRR340420858ARO0,Ciągnik
MO4_OZRR300420708ARO0,Ciągnik
MO4_OZRR280420708ARO0,Ciągnik
MO4_OZRR240460708ARO1,Ciągnik
MO4_OZRR240340858ARO0,Ciągnik
MO4_OZRD380G69006KNK0,Uniwersalne/pozostałe
MO4_OZRD340G84006KNK1,Uniwersalne/pozostałe
MO4_OZRD340G69006KNK1,Uniwersalne/pozostałe
MO4_OZRD320G24006KNK0,Uniwersalne/pozostałe
MO4_OZRD300G69006KNK2,Uniwersalne/pozostałe
MO4_OZRD280G49006KNK1,Uniwersalne/pozostałe
MO4_OZRD280G49006KNK0,Uniwersalne/pozostałe
MO4_OZRD280G36006KNK0,Uniwersalne/pozostałe
MO4_OZRD280G24006KNK0,Uniwersalne/pozostałe
MO4_OZRD240G24006KNK0,Uniwersalne/pozostałe
MO4_OZRD240G12006KNK1,Uniwersalne/pozostałe
MO4_OZRD240G12006KNK0,Uniwersalne/pozostałe
MO4_OZRD200G12006KNK0,Uniwersalne/pozostałe
MO4_OZRD160E75006KN80,Uniwersalne/pozostałe
MO4_OZRD160E65006KN40,Uniwersalne/pozostałe
MO4_OZRD160E60006KNK1,Uniwersalne/pozostałe
MO4_OZRD160E60006KN40,Uniwersalne/pozostałe
MO4_OZRD155400608KN60,Uniwersalne/pozostałe
MO4_OZRD150E65806KNK0,Uniwersalne/pozostałe
MO4_OZRD150E50006KN00,Uniwersalne/pozostałe
MO4_OZPD280G69008IN80,Ładowarka
MO4_OZPD260G84008IN80,Ładowarka
MO4_OZPD240G75008IN80,Ładowarka
MO4_OZPD160E6500LKNW2,Uniwersalne/pozostałe
MO4_OTRD160E75006SA51,Ciągnik
MO4_OTRD150E65806SA80,Ciągnik
MO4_OTRD150E50006T6B0,Przyczepa
MO4_MIRR240340858A8M0,Ciągnik
MO4_MIRD180E600063TF0,Ciągnik
MO4_MIRD160E750063TF1,Ciągnik
MO4_MIRD160E750063TF0,Ciągnik
MO4_MIRD160E600063TF0,Ciągnik
MO4_MIRD153G15808IM44,Przyczepa
MO4_MIRD1452006071IM0,Przyczepa
MO4_MIRD120E40000B1S2,kosiarka/ogród
MO4_MIRD100E50000B1A1,kosiarka/ogród
MO4_MIRD080F18000B633,kosiarka/ogród
MO4_MIRD080F16000B195,kosiarka/ogród
MO4_MIRD080E40000V551,kosiarka/ogród
MO4_MIRD080E40000B1S2,kosiarka/ogród
MO4_MIRD080E35000V551,kosiarka/ogród
MO4_MIRD080E35000B151,kosiarka/ogród
MO4_MIRD060E40000V552,kosiarka/ogród
MO4_MIRD060E40000V551,kosiarka/ogród
MO4_MIRD060E40000B111,kosiarka/ogród
MO4_MIRD06013A000B1S1,kosiarka/ogród
MO4_MIRD06013A000B193,kosiarka/ogród
MO4_MIPD260G84008T6L0,Ładowarka
MO4_MIPD200H0000BE230,maszyny górnicze
MO4_MIPD200H0000BB380,Ładowarka
MO4_MIPD200A8200BB380,Ładowarka
MO4_MCRR380650658RD31,Ciągnik
MO4_MCRR320320858RD10,Ciągnik
MO4_MCRR280380858RD12,Ciągnik
MO4_MCRR240420708RD20,Ciągnik
MO4_MCRD340G8400AA190,Ciągnik
MO4_MCRD300G69008AA30,Ciągnik
MO4_MCRD280G49008AS2D,Ciągnik
MO4_MCRD280G24006A190,Ciągnik
MO4_MCRD200E75008ASO0,Ciągnik
MO4_MCRD200E75006AS80,Ciągnik
MO4_MCRD160E75008ASI0,Ciągnik
MO4_MCRD160E65006AS80,Ciągnik
MO4_MCRD160E60006AS90,Ciągnik
MO4_MACR225F1000LFR21,Oś kierowana
MO4_MACR225F0000LFR21,Oś kierowana
MO4_MACR22538565KTM12,Naczepa/przyczepa
MO4_MACR22538565KMHR0,Oś kierowana
MO4_MACR22538565KFR41,Oś kierowana
MO4_MACR22538555KMHR0,Oś kierowana
MO4_MACR22538555KFR41,Oś kierowana
MO4_MACR22531580LFR42,Oś kierowana
MO4_MACR22531580LDR40,Oś kierowana
MO4_MACR22531580KFM41,Oś kierowana
MO4_MACR22531580KDM50,Oś napędowa
MO4_MACR22531570LDHR0,Oś kierowana
MO4_MACR22531560LFRH0,Oś kierowana
MO4_MACR22531560LDR40,Oś kierowana
MO4_MACR22529580MFR41,Oś kierowana
MO4_MACR22529580MDR40,Oś kierowana
MO4_MACR22529560LDR40,Oś kierowana
MO4_MACR22527570LFR22,Oś kierowana
MO4_MACR22527570LDR11,Oś napędowa
MO4_MACR22527570JFU13,Oś kierowana
MO4_MACR19544545JMHR0,Oś kierowana
MO4_MACR19528570MFR41,Oś kierowana
MO4_MACR19528570MDR40,Oś kierowana
MO4_MACR19526570MFR41,Oś kierowana
MO4_MACR19526570MDR40,Oś kierowana
MO4_MACR19526570JMHR0,Oś kierowana
MO4_MACR17524570MFR41,Oś kierowana
MO4_MACR17524570MDR41,Oś kierowana
MO4_MACR17524570LMHR0,Oś kierowana
MO4_MACR17523575MFR40,Oś kierowana
MO4_MACR17523575MDR41,Oś kierowana
MO4_MACR17523575KMHR0,Oś kierowana
MO4_MACR17522575MFR40,Oś kierowana
MO4_MACR17522575MDR40,Oś kierowana
MO4_MACR17521575MFR41,Oś kierowana
MO4_MACR17521575MDR41,Oś kierowana
MO4_MACR17521575KMHR0,Oś kierowana
MO4_MACR17520575MFR40,Oś kierowana
MO4_MACR17520575MDR41,Oś kierowana
MO4_LLCR225F3000KKMA1,Oś kierowana
MO4_LLCR22538565KKXA0,Oś kierowana
MO4_LLCR22538565KKTS0,Oś kierowana
MO4_LLCR22538565KETT0,Naczepa/przyczepa
MO4_LLCR22538565JLL83,Naczepa/przyczepa
MO4_LLCR22538555KKTS0,Oś kierowana
MO4_LLCR22531580LKTS0,Oś kierowana
MO4_LLCR22531580LKTD2,Oś napędowa
MO4_LLCR22531580KKMD1,Oś napędowa
MO4_LLCR22531580KKMA0,Oś kierowana
MO4_LLCR22531570LKTS1,Oś kierowana
MO4_LLCR22531570LKTD1,Oś napędowa
MO4_LLCR22531570LETD1,Oś napędowa
MO4_LLCR22529580MKTS2,Oś kierowana
MO4_LLCR22529580MKTD2,Oś napędowa
MO4_LLCR19526570MKLS1,Oś kierowana
MO4_LLCR19526570MKLD1,Oś napędowa
MO4_LLCR19524570MKLS1,Oś kierowana
MO4_LLCR17526570MKLS2,Oś kierowana
MO4_LLCR17526570MKLD2,Oś napędowa
MO4_LLCR17524570MKLS2,Oś kierowana
MO4_LLCR17524570MKLD2,Oś napędowa
MO4_LLCR17523575MKLD1,Oś napędowa
MO4_LLCR17523575JT2L0,All position
MO4_LLCR17523575JKL21,All position
MO4_LLCR17521575MKLS0,Oś kierowana
MO4_LLCR17521575MKLD0,Oś napędowa
MO4_LLCR17521575JT2L0,All position
MO4_LLCR17520565JT2L0,All position
MO4_LLCR17520565JKL20,All position
MO4_KUCR22538565KXA11,Oś kierowana
MO4_KARD380G69008SGQ0,Ciągnik
MO4_KARD360D95006SGQ0,Ciągnik
MO4_KARD340G84006SGQ1,Ciągnik
MO4_KARD340G69008SGQ0,Ciągnik
MO4_KARD320G24006SGQ0,Ciągnik
MO4_KARD320D95006SGQ0,Ciągnik
MO4_KARD300G84006SGQ2,Ciągnik
MO4_KARD280G69006SGQ0,Ciągnik
MO4_KARD280G49856SGP0,Ciągnik
MO4_KARD280G36006SGQ1,Ciągnik
MO4_KARD280G24856SGP0,Ciągnik
MO4_KARD280G12856SGP0,Ciągnik
MO4_KARD240G24006SGQ0,Ciągnik
MO4_KARD240G12006SGQ0,Ciągnik
MO4_KARD200E75006SF40,Ciągnik
MO4_KARD180E60008SF40,Ciągnik
MO4_KARD160E90006P091,Przyczepa
MO4_KARD160E75008SRF1,Ciągnik
MO4_KARD160E75008SRF0,Ciągnik
MO4_KARD160E75008SGQ0,Ciągnik
MO4_KARD160E75008SF51,Ciągnik
MO4_KARD160E75006SGQ0,Ciągnik
MO4_KARD160E60948SRR1,Ciągnik
MO4_KARD160E60008SRR0,Ciągnik
MO4_KARD160E60008SGQ0,Ciągnik
MO4_KARD160E60006SRI2,Ciągnik
MO4_KARD160E60006SRI0,Ciągnik
MO4_KARD160E60006SGQ0,Ciągnik
MO4_KARD155400608IP40,Przyczepa
MO4_KARD153G15808KAI7,Przyczepa
MO4_KARD153G15808KAI4,Przyczepa
MO4_KARD153G15808KAI1,Przyczepa
MO4_KARD153G15808KAI0,Przyczepa
MO4_KARD153G10758KAI0,Przyczepa
MO4_KARD153G10756KAI1,Przyczepa
MO4_KARD153G10756KAI0,Przyczepa
MO4_KARD120G10808IP70,Przyczepa
MO4_KARD100E40004SGP3,Ciągnik
MO4_KARD100E40004IMK0,Przyczepa
MO4_KARD090E50006KAI0,Przyczepa
MO4_KARD080F16004LWG0,kosiarka/ogród
MO4_KARD080F160040001,Przyczepa
MO4_KARD080F160040000,kosiarka/ogród
MO4_KARD080E40004IM31,Przyczepa
MO4_KARD080E40004IM30,Przyczepa
MO4_KARD080189004LWG2,kosiarka/ogród
MO4_KARD080189004LWG0,kosiarka/ogród
MO4_KARD060156004LWG1,kosiarka/ogród
MO4_KARD060156004IP62,Przyczepa
MO4_KARD060156004IP60,Przyczepa
MO4_KARD050K30006IP82,Przyczepa
MO4_KARD050K30006IP80,Przyczepa
MO4_KAPD280G69000GE11,Ładowarka
MO4_KAPD180340808KGT0,Ładowarka
MO4_KAPD180340808GE10,Ładowarka
MO4_HLRR380580708FM70,Ciągnik
MO4_HLRR240420708FM70,Ciągnik
MO4_HLRR24032085D50R0,Ciągnik
MO4_HLRD380G69006MR20,Ciągnik
MO4_HLRD380G55006MR22,Ciągnik
MO4_HLRD340G84008MR20,Ciągnik
MO4_HLRD340G69006MR20,Ciągnik
MO4_HLRD320G24006MR20,Ciągnik
MO4_HLRD280G49006MR21,Ciągnik
MO4_HLRD280G24006MR22,Ciągnik
MO4_HLRD280G12008MR20,Ciągnik
MO4_HLRD260231006MR20,Ciągnik
MO4_HLRD240G36006MR21,Ciągnik
MO4_HLRD200E75006M222,Ciągnik
MO4_HLRD180E75006MTP0,Ciągnik
MO4_HLRD170G50556M900,Przyczepa
MO4_HLRD160E60006MTP1,Ciągnik
MO4_HLRD160E50006MF20,Ciągnik
MO4_HLRD160E40008MI31,Przyczepa
MO4_HLRD160E40008MI30,Przyczepa
MO4_HLRD160E40006MF20,Ciągnik
MO4_HLRD153G15808MI30,Przyczepa
MO4_HLRD153G15808MA06,Przyczepa
MO4_HLRD153G15808MA05,Przyczepa
MO4_HLRD153G15808MA01,Przyczepa
MO4_HLRD153G10758MI33,Przyczepa
MO4_HLRD153G10758MI30,Przyczepa
MO4_HLRD153G10758MA0T,Przyczepa
MO4_HLRD153G10758MA04,Przyczepa
MO4_HLRD153G10758MA01,Przyczepa
MO4_HLRD153G10758MA00,Przyczepa
MO4_HLRD153G10756MA06,Przyczepa
MO4_HLRD150H5500BM600,Uniwersalne/pozostałe
MO4_HLRD150E50006MI30,Przyczepa
MO4_HLRD145200606R7B0,Przyczepa
MO4_HLRD120G10808MA00,Przyczepa
MO4_HLRD120E70006MAW0,Przyczepa
MO4_HLRD120E50006MRT1,Ciągnik
MO4_HLRD1202X10036TR0,Przyczepa
MO4_HLRD12023X0036TR0,Przyczepa
MO4_HLRD120238006MG50,kosiarka/ogród
MO4_HLRD090E600027MT0,Ładowarka
MO4_HLRD080F16003MG50,kosiarka/ogród
MO4_HLRD080189003MGC0,kosiarka/ogród
MO4_HLPR240460708G330,Ciągnik
MO4_HLPD280G69008MTL0,Ładowarka
MO4_HLPD200G60708MTL0,Ładowarka
MO4_HLPD200405706MI30,Przyczepa
MO4_HLPD180G25808ATU2,Ładowarka
MO4_HLPD180G25808ATU0,Ładowarka
MO4_HLPD153G15808MP04,Ładowarka
MO4_HLPD153G10758M460,Ładowarka
MO4_HACR22538565KAH30,Oś kierowana
MO4_HACR22538565K31T1,Naczepa/przyczepa
MO4_GSCR22538565KCA50,Naczepa/przyczepa
MO4_GSCR22538565KAV50,Oś kierowana
MO4_GSCR22531580MAV50,Oś kierowana
MO4_GSCR22531570MOR50,Oś napędowa
MO4_GSCR22531570LAV50,Oś kierowana
MO4_GSCR19526570MAVA2,Oś kierowana
MO4_GNCZ22531580KS460,Oś napędowa
MO4_GNCZ22531580K3620,Oś kierowana
MO4_GNCR22538565K7HL0,Naczepa/przyczepa
MO4_GNCR22538565K4360,Oś kierowana
MO4_GNCR22531580M4360,Oś kierowana
MO4_GNCR22531570L4640,Oś napędowa
MO4_GNCR22531570L3640,Oś kierowana
MO4_GNCR17526570MP461,Oś napędowa
MO4_GNCR17526570M4361,Oś kierowana
MO4_GGCR22538565KKS30,Oś kierowana
MO4_GGCR22531580KMS60,Oś kierowana
MO4_GGCR22531580KMS50,Oś kierowana
MO4_GGCR22531570LKD31,Oś kierowana
MO4_GGCR22529560KFXD3,Oś kierowana
MO4_GFCR22538565KRN30,Naczepa/przyczepa
MO4_GFCR22538555KRN30,Naczepa/przyczepa
MO4_GFCR22531570LRG30,Oś napędowa
MO4_GFCR22531570LRC30,Oś kierowana
MO4_GFCR22529580MRC31,Oś kierowana
MO4_GFCR22529560KRG30,Oś napędowa
MO4_GFCR17521575JETN0,Naczepa/przyczepa
MO4_EGCR225F3000LGM01,Oś napędowa
MO4_EGCR22538565KGHT1,Naczepa/przyczepa
MO4_EGCR22538565KGHA0,Oś kierowana
MO4_EGCR22538565K5GM0,Naczepa/przyczepa
MO4_EGCR22538555KGHT0,Naczepa/przyczepa
MO4_EGCR22531580LGMA0,Oś kierowana
MO4_EGCR22531580LGM00,Oś napędowa
MO4_EGCR22531580LGHD0,Oś napędowa
MO4_EGCR22531580LGHA0,Oś kierowana
MO4_EGCR22531570MGHD0,Oś napędowa
MO4_EGCR22531570MGHA0,Oś kierowana
MO4_EGCR22529580MGHD0,Oś napędowa
MO4_EGCR22529580MGHA0,Oś kierowana
MO4_EGCR22529560KGHD0,Oś napędowa
MO4_EGCR19544545JGH20,Naczepa/przyczepa
MO4_EGCR19528570KGHA0,Oś kierowana
MO4_EGCR19524570MGHA1,Oś kierowana
MO4_EGCR17523575MGH90,Oś napędowa
MO4_EGCR17521575MGHA0,Oś kierowana
MO4_CTCR22538565KWET0,All position
MO4_CTCR22531580LWES0,All position
MO4_CTCR22531580LWED0,All position
MO4_CTCR22531570LWES0,All position
MO4_CTCR22531560LWES0,All position
MO4_CTCR22529580MX3D0,Oś napędowa
MO4_CTCR22529560LWED0,All position
MO4_CTCR17521575KX3E0,All position
MO4_CCPR20036580KM811,All position
MO4_CCCR22542565KHT22,All position
MO4_CCCR22538565KHTC2,Oś kierowana
MO4_CCCR22538565KCH50,Oś kierowana
MO4_CCCR22538565K5SH0,Oś kierowana
MO4_CCCR22531580LH5D0,Oś napędowa
MO4_CCCR22531580LCH50,Oś kierowana
MO4_CCCR22531580L5SH0,Oś kierowana
MO4_CCCR22531570LH5D0,Oś napędowa
MO4_CCCR22531570LCH50,Oś kierowana
MO4_CCCR22531570L5SH0,Oś kierowana
MO4_CCCR22529560LH3D1,Oś kierowana
MO4_BRCR22538565KURT0,Naczepa/przyczepa
MO4_BRCR22531580LURD1,Oś napędowa
MO4_BRCR22531570LURD0,Oś napędowa
MO4_BRCR22531560LSTE0,Oś kierowana
MO4_BFRR240340858PX80,Ciągnik
MO4_BFPR250G75000MBT0,Ładowarka
MO4_BFPR250G23000MBT0,Ładowarka
MO4_BFCR22538565KFT41,Naczepa/przyczepa
MO4_BFCR22531570LFD20,Oś napędowa
MO4_BFCR22531570L24F0,Oś kierowana
MO4_BFCR22529580M24F0,Oś kierowana
MO3_6506538MTssfdemo,Ciągnik
MO3_5406528MTdemo,Ciągnik
MO3_60016Kabat8PR,Ciągnik
MO3_3607020BKTdemo,Ciągnik
MO3_3808528FIP85,Ciągnik
MO3_5007024A580,Ładowarka
MO3_2309532CeatFARC,Ciągnik
MO3_4607024A580demo,Ładowarka
MO3_3408548FIP85,Ciągnik
MO3_3009546FIP95,Ciągnik
MO3_5406530Aaii,Ciągnik
MO3_4008024BKTcs,Koparka
MO3_70012BKTpthd,Ładowarka
MO3_3209046BKT,Ciągnik
MO3_2808520Aaii,Ciągnik
MO3_4206520Aaii,Ciągnik
MO3_4408024BKTcs,Koparka
MO3_3206012BKTtt,Ciągnik
MO3_4406524CeatFAR65,Ciągnik
MO3_40060155CeatTR80018P,Przyczepa
MO3_6506034TRdemo,Ciągnik
MO3_4406520BKT,Ciągnik
MO3_31155015BR,kosiarka/ogród
MO3_4806528BRvxr,Ciągnik
MO3_2808524FIP85XL,Ciągnik
MO3_2109532CeatFARC,Ciągnik
MO3_3009546CeatFARC,Ciągnik
MO3_4807034FIP70,Ciągnik
MO3_4808026BKTcs,Koparka
MO3_4208046CeatFAR80,Ciągnik
MO3_3807028mtHCdemo,Ciągnik
MO3_9006032FIMTHarvest,Ciągnik
MO3_55060225CeatFLT422vp,Przyczepa
MO3_4806524FIMT65,Ciągnik
MO3_3807024BKTdemo,Ciągnik
MO3_6006534FIMT65,Ciągnik
MO3_4406524FIMT65,Ciągnik
MO3_5406528FIMT65,Ciągnik
MO3_6506542FIMT65,Ciągnik
MO3_3807020TRdemo,Ciągnik
MO3_4808026FIDU,Koparka
MO3_2309542CeatFARC,Ciągnik
MO3_4806528FIMT65,Ciągnik
MO3_2709538Ceat,Ciągnik
MO3_3009552CeatFARC,Ciągnik
MO3_5406534BRvxr,Ciągnik
MO3_3209042Aaii,Ciągnik
MO3_1904517S,Przyczepa
MO3_6009BKTpthd,Ładowarka
MO3_4406524Aaii,Ciągnik
MO3_4007024BKTcs,Koparka
MO3_2709548FIP95,Ciągnik
MO3_3408020BKTcs,Koparka
MO3_4608542BRVX-T,Ciągnik
MO3_3408536FIP85,Ciągnik
MO3_7107542TR900demo,Ciągnik
MO3_3208536FIP85,Ciągnik
MO3_3809050bkt160,Ciągnik
MO3_6506538FIMT65s,Ciągnik
MO3_4806528Aaii,Ciągnik
MO3_3807024fiP70,Ciągnik
MO3_31155015BKTtr10,Ciągnik
MO3_5406528Aaii,Ciągnik
MO3_2309548CeatFARC,Ciągnik
MO3_3209042Ceat,Ciągnik
MO3_5207034FIP70,Ciągnik
MO3_4208046Aaii,Ciągnik
MO3_3408018BKTcs,Koparka
MO3_3607028FIP70,Ciągnik
MO3_2709532trdemo,Ciągnik
MO3_3208528FIP85,Ciągnik
MO3_4756520BR,kosiarka/ogród
MO3_5406538FIMT65,Ciągnik
MO3_5208538BRvxr,Ciągnik
MO3_5008BKTpthd,Ładowarka
MO3_4208528BRvxr,Ciągnik
MO3_2808524FIP85,Ciągnik
MO3_6006528Aaii,Ciągnik
MO3_4207024FIP70,Ciągnik
MO3_3208524FIP85,Ciągnik
MO3_8006532FIMTHarvest,Ciągnik
MO3_4408028FIDU,Koparka
MO3_4208530FIP85,Ciągnik
MO3_4208534BRvxr,Ciągnik
MO3_4208538BRvxr,Ciągnik
MO3_6506538BRvxr,Ciągnik
MO3_5406528BRvxr,Ciągnik
MO3_4807038BRvxr,Ciągnik
MO3_4406528BRvxr,Ciągnik
MO3_4406524BRvxr,Ciągnik
MO3_5807038BRvxr,Ciągnik
MO3_4208530BRvxr,Ciągnik
MO3_3807024BRvxr,Ciągnik
MO3_4207024BRvxr,Ciągnik
MO3_4208524BRvxr,Ciągnik
MO3_4608538BRvxr,Ciągnik
MO3_6506538Aaii,Ciągnik
MO3_5007024FIDU,Koparka
MO3_4608534BRvxr,Ciągnik
MO3_3808528BRvxr,Ciągnik
MO3_5807042BRVX-T,Ciągnik
MO3_4607024FIR8000U,Ładowarka
MO3_4007020FIDU,Koparka
MO3_6006538FIMT65,Ciągnik
MO3_5406534FIMT65,Ciągnik
MO3_5807042FIP70,Ciągnik
MO3_5807038FIP70,Ciągnik
MO3_4207028FIP70,Ciągnik
MO3_4807024FIP70,Ciągnik
MO3_4207024FIP70XL,Ciągnik
MO3_3207024FIP70,Ciągnik
MO3_4608542FIP85,Ciągnik
MO3_4608538FIP85,Ciągnik
MO3_3408538FIP85,Ciągnik
MO3_4608534FIP85,Ciągnik
MO3_4208528FIP85,Ciągnik
MO3_2808528FIP85,Ciągnik
MO3_4408028BKTcs,Koparka
MO3_3808524FIP85,Ciągnik
MO3_3408524FIP85,Ciągnik
MO3_3208520FIP85,Ciągnik
MO3_6006538BRvxr,Ciągnik
MO3_4807028BRvxr,Ciągnik
MO3_5207038BRvxr,Ciągnik
MO3_5207034BRvxr,Ciągnik
MO3_4806524BRVX-T,Ciągnik
MO3_4208534FIP85,Ciągnik
MO3_3408528FIP85,Ciągnik
MO3_3408524BRvxr,Ciągnik
MO3_3209032FIP90,Ciągnik
MO3_3009552FIP95,Ciągnik
MO3_3009542FIP95,Ciągnik
MO3_4057018FIDU,Koparka
MO3_3358020FIDU,Koparka
MO3_6506542Aaii158,Ciągnik
MO3_2709538FIP95,Ciągnik
MO3_2709532FIP95,Ciągnik
MO3_2709532CeatFARC,Ciągnik
MO3_10075153CeatAWI30514,Przyczepa
MO3_11580153A323tl12,Ładowarka
MO3_4208538FIP85,Ciągnik
MO3_4807024CeatFAR70,Ciągnik
MO3_5208538FIP85,Ciągnik
MO3_6507532FIMTHarvest,Ciągnik
MO3_55045225BKTas509,Przyczepa
MO3_2607016AA-579109A8B,Ciągnik
MO3_6006538MTSST153D156A,Ciągnik
MO3_3209050CeatFarmaxRC1,Ciągnik
MO3_75020ceatfx38,Ciągnik
MO3_5208542BKTAGRIMAXTER,Kombajn
MO3_1658524AA-35812tt,Ładowarka
MO3_6508015AA-324,Ciągnik
MO3_4008024AA-325162A8,Uniwersalne/pozostałe
MO3_40060155AA-320VP143A,Ładowarka
MO3_4208538Afpdemo,Ciągnik
MO3_1885010BKT,Ładowarka
MO3_4208534K,Ciągnik
MO3_2309544KL,Ciągnik
MO3_3808038Aaii,Ciągnik
MO3_7107042Aaii,Ciągnik
MO3_5208546Aaii,Ciągnik
MO3_60055265A885,Przyczepa
MO3_2006516G,Uniwersalne/pozostałe
MO3_5406534MT,Ciągnik
MO3_5207038Aaii,Ciągnik
MO3_7107542TREL,Ciągnik
MO3_4607024TR1,Ładowarka
MO3_2485014BKTLG3064,kosiarka/ogród
MO3_714BKT,Ciągnik
MO3_75016BKTtf8181,Ciągnik
MO3_11580153BKTAW90910,Przyczepa
MO3_45016BKTTF81816,Ciągnik
MO3_20060145TR,Uniwersalne/pozostałe
MO3_55016BKT,Ciągnik
MO3_20060145BKT14,Przyczepa
MO3_6506538MT,Ciągnik
MO3_2808524Aaii,Ciągnik
MO3_50045225BKT55812,Przyczepa
MO3_55045225bkt,Przyczepa
MO3_65016BKTTF81818,Ciągnik
MO3_26120012BKTSPHD12,Ładowarka
MO3_3607024G,Uniwersalne/pozostałe
MO3_7107038Aaii,Ciągnik
MO3_3008542BKT,Ciągnik
MO3_5208550BKT,Ciągnik
MO3_5406534TRdemo,Ciągnik
MO3_2709536KL,Ciągnik
MO3_31155015BKTsphd,Ładowarka
MO3_75016Kab,Ciągnik
MO3_1904517BKTaw22,Przyczepa
MO3_27105015BKTLG30612,kosiarka/ogród
MO3_6007030Aaii,Ciągnik
MO3_658015BKT,Przyczepa
MO3_75060305A885,Przyczepa
MO3_4207024Aaii,Ciągnik
MO3_3808528Aaii,Ciągnik
MO3_26120012BKTtr,Ciągnik
MO3_4406524MTdemo,Ciągnik
MO3_1008012BKT,Przyczepa
MO3_2007016G,Uniwersalne/pozostałe
MO3_11580153B,Przyczepa
MO3_23513TR,Wózek widłowy
MO3_4208534Aaii,Ciągnik
MO3_5807038Aaii,Ciągnik
MO3_3009542K,Ciągnik
MO3_2385012BKTTR3156,Ciągnik
MO3_1505517BKTAS14TL,Ładowarka
MO3_3007020G,Uniwersalne/pozostałe
MO3_7107042BKT2,Ciągnik
MO3_3208520Aaii,Ciągnik
MO3_235Kabat,Przyczepa
MO3_60016BKTas,Ładowarka
MO3_3408538MT,Ciągnik
MO3_1305516BKTAW70218,Przyczepa
MO3_1856515BKT,Przyczepa
MO3_6007028Aaii,Ciągnik
MO3_1306518BKT,Przyczepa
MO3_23105012TR,kosiarka/ogród
MO3_3408524Aaii,Ciągnik
MO3_3807024Aaii,Ciągnik
MO3_3208534BKT,Ciągnik
MO3_2808528MTdemo,Ciągnik
MO3_1505517BKT2,Przyczepa
MO3_75016BKTAS8TL,Ładowarka
MO3_1904517A320,Ładowarka
MO3_658012BKTAS6TT,Ładowarka
MO3_2808528Aaii,Ciągnik
MO3_4807030Ademo,Ciągnik
MO3_2406012G,Uniwersalne/pozostałe
MO3_1507018BKT,Przyczepa
MO3_2709542K,Ciągnik
MO3_5208538Aaii,Ciągnik
MO3_26120012BKTLG30614,kosiarka/ogród
MO3_188508BKTSkidPowerHD,Ładowarka
MO3_6507538BKT,Ciągnik
MO3_4207028Aaii,Ciągnik
MO3_4807034Aaii,Ciągnik
MO3_2309536KL,Ciągnik
MO3_2385012TR,kosiarka/ogród
MO3_3658020N,Uniwersalne/pozostałe
MO3_27105015BKTSkidPower,Ładowarka
MO3_4208530Aaii,Ciągnik
MO3_5807038Aaii3,Ciągnik
MO3_4408028Gdemo,Uniwersalne/pozostałe
MO3_6508538Aaii,Ciągnik
MO3_5207034Aaii,Ciągnik
MO3_4607024contiEM,maszyny górnicze
MO3_2585014BKT,Ładowarka
MO3_50015BKT,Ładowarka
MO3_2807018Aaii,Ciągnik
MO3_3808524Aaii,Ciągnik
MO3_2508524FiP85,Ciągnik
MO3_3208532Aaii,Ciągnik
MO3_6006538TRE,Ciągnik
MO3_75020BKT,Ciągnik
MO3_56060225A885,Przyczepa
MO3_4208538Aaii,Ciągnik
MO3_4807030Aaii,Ciągnik
MO3_3206012TR2,Przyczepa
MO3_4807028Aaii,Ciągnik
MO3_6007030ademo,Ciągnik
MO3_6506542MThcmdemo,Ciągnik
MO3_5406530mthcmdemo,Ciągnik
MO3_38090R54AAIIRC152D14,Ciągnik
MO3_2708032ceat,Ciągnik
MO3_38565225Kabat,Przyczepa
MO3_27095R42AAIIRC140D13,Ciągnik
MO3_4207028mthcdemo,Ciągnik
MO3_34085R46AAIIRC150D14,Ciągnik
MO3_7105534trdemo,Ciągnik
MO3_3809046CeatFRC165A8,Ciągnik
MO3_50014TRim110,Ciągnik
MO3_4207030BKTdemo,Ciągnik
MO3_71045225a388demo,Przyczepa
MO3_6507538Ndemo,Uniwersalne/pozostałe
MO3_4807024trdemo,Ciągnik
MO3_4807030mthcdemo,Ciągnik
MO3_30095R52AAIIRC149D14,Ciągnik
MO3_30095R46AAIIRC148D14,Ciągnik
MO3_27095R32AAIIRC136D13,Ciągnik
MO3_23095R36AAIIRC130D12,Ciągnik
MO3_27095R48AAIIRC142D13,Ciągnik
MO3_32090R46AAIIRC148D14,Ciągnik
MO3_4607024brvh,Ładowarka
MO3_3406518a571,Przyczepa
MO3_31155015a3328,Przyczepa
MO3_23095R28AAIIRC110D10,Ciągnik
MO3_25065145bkt,Przyczepa
MO3_60055265bktfl630sdem,Przyczepa
MO3_7107042trtm900demo,Ciągnik
MO3_6007028trtm900demo,Ciągnik
MO3_3807028Afpdemo,Ciągnik
MO3_34085R48AAIIRC156D15,Ciągnik
MO3_32090R54AAIIRC151D14,Ciągnik
MO3_54065R34AAII145D,Ciągnik
MO3_23095R42AAIIRC133D13,Ciągnik
MO3_4008024MTti05demo,Koparka
MO3_32090R46A350148D151A,Ładowarka
MO3_3009546bktdemo,Ciągnik
MO3_6207042fidemo,Ciągnik
MO3_2109518BKTdemo,Ciągnik
MO3_3408538bktdemo,Ciągnik
MO3_4207030kfdemo,Ciągnik
MO3_2607016trdemo,Ciągnik
MO3_3208524trdemo,Ciągnik
MO3_2708036MIT,Ciągnik
MO3_4408030A,Ciągnik
MO3_44570195M,Uniwersalne/pozostałe
MO3_2808528K,Ciągnik
MO3_4807034K,Ciągnik
MO3_4207024k,Ciągnik
MO3_3808528K,Ciągnik
MO3_4608534K,Ciągnik
MO3_4208538K,Ciągnik
MO3_3808524K,Ciągnik
MO3_3807028K,Ciągnik
MO3_3807024kk,Ciągnik
MO3_3607028K,Ciągnik
MO3_3408528K,Ciągnik
MO3_2808524K,Ciągnik
MO3_2309532KK,Ciągnik
MO3_4208528K,Ciągnik
MO3_4208524K,Ciągnik
MO3_6006538K,Ciągnik
MO3_5406538K,Ciągnik
MO3_5207034K,Ciągnik
MO3_4806528K,Ciągnik
MO3_3408538K,Ciągnik
MO3_3208520K,Ciągnik
MO3_11580153A,Ładowarka
MO3_4607024M,Koparka
MO3_4607024BIB,Koparka
MO3_4008028A,Ciągnik
MO3_5208542tr,Ciągnik
MO3_2309540k,Ciągnik
MO3_2709548BKT,Ciągnik
MO3_3408524KL,Ciągnik
MO3_4007018TR,Ładowarka
MO3_40055175AL,Przyczepa
MO3_2109518BKT,Ciągnik
MO3_6506538K,Ciągnik
MO3_3407520K,Ciągnik
MO3_5208542k,Ciągnik
MO3_6009TR991,Uniwersalne/pozostałe
MO3_4408028M,Koparka
MO3_30080153TREL,Przyczepa
MO3_1607020BKT,Przyczepa
MO3_5007024MMM,Koparka
MO3_4408024MMM,Koparka
MO3_5007024MM,Koparka
MO3_3809046MITA,Ciągnik
MO3_60018BKT,Ciągnik
MO3_4608538Aaii,Ciągnik
MO3_3208536k,Ciągnik
MO3_4007020M,Koparka
MO3_2309542BKT,Ciągnik
MO3_4008024M,Koparka
MO3_2309548KK,Ciągnik
MO3_3408018M,Koparka
MO3_5208538K,Ciągnik
MO3_2709548KK,Ciągnik
MO3_4406528K,Ciągnik
MO3_2709532MIT,Ciągnik
MO3_4007024XMCL,Koparka
MO3_10075153MITA,Przyczepa
MO3_4406524MIT,Ciągnik
MO3_90024Cu,Przyczepa
MO3_3408018MMM,Koparka
MO3_5007024m,Koparka
MO3_2708032mit,Ciągnik
MO3_5406530K,Ciągnik
MO3_4207028K,Ciągnik
MO3_3009552TR,Ciągnik
MO3_6006538MITA,Ciągnik
MO3_3855518a,Kombajn
MO3_5406538MIT,Ciągnik
MO3_4408034A,Ciągnik
MO3_50060225AA-33116,Przyczepa
MO3_3009552BKT,Ciągnik
MO3_4209030TR,Ciągnik
MO3_2709538TR,Ciągnik
MO3_4806528MIT,Ciągnik
MO3_65055265ALLIAN,Przyczepa
MO3_3809050MI,Ciągnik
MO3_3408536k,Ciągnik
MO3_4807024MI,Ładowarka
MO3_3009542mit,Ciągnik
MO3_3009546KK,Ciągnik
MO3_2709532KK,Ciągnik
MO3_3209042BKT,Ciągnik
MO3_2709532BKT,Ciągnik
MO3_3207024BKT,Ciągnik
MO3_55060225A,Przyczepa
MO3_6506542K,Ciągnik
MO3_85050305A,Przyczepa
MO3_2508524BKT,Ciągnik
MO3_2709538BKT,Ciągnik
MO3_55045225A,Przyczepa
MO3_70040225A,Przyczepa
MO3_4608538tr,Ciągnik
MO3_3208524BKT,Ciągnik
MO3_50060225ALLI,Przyczepa
MO3_60055265A1,Przyczepa
MO3_6507532ALL,Kombajn
MO3_3808538BKT,Ciągnik
MO3_2709538KK,Ciągnik
MO3_81515bkt,Wózek widłowy
MO3_4807038K,Ciągnik
MO3_4007020MMM,Koparka
MO3_3208524K,Ciągnik
MO3_3807520M,Koparka
MO3_5807038K,Ciągnik
MO3_3408020MM,Koparka
MO3_8006532A-IN,Kombajn
MO3_4007020MM,Koparka
MO3_4808026MM,Koparka
MO3_2508524K,Ciągnik
MO3_2508528K,Ciągnik
MO3_3608024A,Kombajn
MO3_4807028BKT,Ciągnik
MO3_5208546BKT,Ciągnik
MO3_4208530BKT2,Ciągnik
MO3_3809046A-IN,Ciągnik
MO3_75010TR,Uniwersalne/pozostałe
MO2_WOG385/65R22.5,Przyczepa
MO2_WL0920,Naczepa/przyczepa
MO2_WL0919,Naczepa/przyczepa
MO2_WL0914,Oś napędowa
MO2_WL0913,Oś napędowa
MO2_WL0911,Oś napędowa
MO2_WL0910,Oś kierowana
MO2_WL0799,Oś kierowana
MO2_WL0550,All position
MO2_WL0469,Naczepa/przyczepa
MO2_WL0467,Naczepa/przyczepa
MO2_WL0439,Oś napędowa
MO2_WL0438,Oś napędowa
MO2_WL0437,Oś napędowa
MO2_WL0436,Oś napędowa
MO2_WL0402,Oś kierowana
MO2_WL0391,Naczepa/przyczepa
MO2_WL0390,Oś kierowana
MO2_WL0369,Oś kierowana
MO2_WL0358,Oś napędowa
MO2_WL0286,Oś kierowana
MO2_WL0285,Oś napędowa
MO2_WL0284,Oś napędowa
MO2_WL0257,Oś kierowana
MO2_WL0256,Oś kierowana
MO2_WL0255,Oś napędowa
MO2_WL021,All position
MO2_WL020,Oś kierowana
MO2_WL0181,Oś kierowana
MO2_WL0174,Naczepa/przyczepa
MO2_WL0172,Oś kierowana
MO2_WL0171,Oś napędowa
MO2_WL0169,Oś kierowana
MO2_WL0168,Oś kierowana
MO2_WL0148,Naczepa/przyczepa
MO2_WL0147,Oś napędowa
MO2_WL0122,Oś napędowa
MO2_WL0121,Oś napędowa
MO2_WL0119,Oś kierowana
MO2_WL0118,Oś napędowa
MO2_WL0117,Oś kierowana
MO2_WL0113,Oś napędowa
MO2_WL0112,Oś kierowana
MO2_WL0111,Oś kierowana
MO2_WL0083,Naczepa/przyczepa
MO2_WL0082,Naczepa/przyczepa
MO2_WL0081,Naczepa/przyczepa
MO2_WL0078,Naczepa/przyczepa
MO2_WL00498,Naczepa/przyczepa
MO2_WL0049,Oś kierowana
MO2_WL00485,Oś napędowa
MO2_WL0048,Oś napędowa
MO2_WL0047,Oś kierowana
MO2_WL0046,Oś kierowana
MO2_WL0045,Oś napędowa
MO2_WL0044,Oś kierowana
MO2_WL0043,Oś napędowa
MO2_ULT00009,Wózek widłowy
MO2_ULT00006,Wózek widłowy
MO2_ULT00005,Wózek widłowy
MO2_ULT00001,Wózek widłowy
MO2_T485430,Uniwersalne/pozostałe
MO2_T445622,"Forwarder, harwester"
MO2_T445496,Uniwersalne/pozostałe
MO2_T445415,Uniwersalne/pozostałe
MO2_S10166415223,Wózek widłowy
MO2_S10166415113,Wózek widłowy
MO2_P884208318,Wózek widłowy
MO2_P869208318,Wózek widłowy
MO2_P861208318,Wózek widłowy
MO2_P854168318,Wózek widłowy
MO2_P848168318,Wózek widłowy
MO2_P845168318,Wózek widłowy
MO2_P769188318,Wózek widłowy
MO2_P758168318,Wózek widłowy
MO2_P744168318,Wózek widłowy
MO2_P733148318,Wózek widłowy
MO2_P727128318,Wózek widłowy
MO2_P719108318,Wózek widłowy
MO2_P717108318,Wózek widłowy
MO2_MIWD150315705L080,Wózek widłowy
MO2_KOSR1660082T,Ciągnik
MO2_KOSR1660081T,Ciągnik
MO2_KOSR1660061T,Ciągnik
MO2_KOSG2814981T,Ciągnik
MO2_KOIM950041T,Przyczepa
MO2_KOIM840061T,Przyczepa
MO2_KOIM840041T,Przyczepa
MO2_KOIM81885062T,kosiarka/ogród
MO2_KOIM81885062L,kosiarka/ogród
MO2_KOIM81885061T,Przyczepa
MO2_KOIM81665061L,Przyczepa
MO2_KOIM61560061T,Przyczepa
MO2_KOIM61560061L,Przyczepa
MO2_KOIM1040041T,Przyczepa
MO2_IND00501,Przyczepa
MO2_IND00480,Ciągnik
MO2_IND00408,Ciągnik
MO2_IND00407,Ciągnik
MO2_IND00406,Ciągnik
MO2_IND00405,Przyczepa
MO2_IND00404,Przyczepa
MO2_IND00403,Ciągnik
MO2_IND00401,Ciągnik
MO2_IND00400,Przyczepa
MO2_IND00342,kosiarka/ogród
MO2_IND00341,kosiarka/ogród
MO2_IND00325,kosiarka/ogród
MO2_IND00316,Ciągnik
MO2_IND00302,Koparka
MO2_IND00261,maszyny górnicze
MO2_IND00257,Ciągnik
MO2_IND00255,Przyczepa
MO2_IND00254,maszyny górnicze
MO2_IND00241,Przyczepa
MO2_IND00234,Przyczepa
MO2_IND00229,Przyczepa
MO2_IND00223,Uniwersalne/pozostałe
MO2_IND00214,Ciągnik
MO2_IND00212,Koparka
MO2_IND00210,Ciągnik
MO2_IND00208,Ciągnik
MO2_IND00205,Koparka
MO2_IND00204,Ciągnik
MO2_IND00198,Przyczepa
MO2_IND00185,Przyczepa
MO2_IND00183,Przyczepa
MO2_IND00181,Przyczepa
MO2_IND00178,Ciągnik
MO2_IND00176,Uniwersalne/pozostałe
MO2_IND00174,Ciągnik
MO2_IND00164,Ciągnik
MO2_IND00163,Przyczepa
MO2_IND00156,Ciągnik
MO2_IND00151,Ciągnik
MO2_IND00143,Przyczepa
MO2_IND00136,kosiarka/ogród
MO2_IND00135,kosiarka/ogród
MO2_IND00134,kosiarka/ogród
MO2_IND00133,kosiarka/ogród
MO2_IND00132,Koparka
MO2_IND00125,Ciągnik
MO2_IND00120,Ciągnik
MO2_IND00112,Ciągnik
MO2_IND00109,Koparka
MO2_IND00093,Uniwersalne/pozostałe
MO2_IND00092,maszyny górnicze
MO2_IND00088,Ciągnik
MO2_IND00082,Ciągnik
MO2_IND00036,Ciągnik
MO2_IND000212,Koparka
MO2_IND00019,Ciągnik
MO2_IND00017,Ciągnik
MO2_IND00014,Przyczepa
MO2_IND00008,Przyczepa
MO2_IND00006,Przyczepa
MO2_IND00005,Przyczepa
MO2_IND00003,Przyczepa
MO2_GOL0452,Oś kierowana
MO2_GOL0050,Oś kierowana
MO2_GOL0044,Oś kierowana
MO2_GOL0043,Oś kierowana
MO2_GOL0042,Oś kierowana
MO2_GOL00411,Oś kierowana
MO2_GOL0041,Oś napędowa
MO2_GOL0040,Naczepa/przyczepa
MO2_GOL0039,Oś kierowana
MO2_GOL0038,Oś kierowana
MO2_GOL0037,Naczepa/przyczepa
MO2_GOL0036,Oś kierowana
MO2_GOL0032,Oś kierowana
MO2_GOL0031,Oś kierowana
MO2_GOL0029,Oś napędowa
MO2_GOL0028,Oś napędowa
MO2_GOL0027,Oś kierowana
MO2_GOL0026,Oś napędowa
MO2_GOL0025,Oś kierowana
MO2_GOL0023,Oś kierowana
MO2_GOL0022,Oś napędowa
MO2_GOL0021,Naczepa/przyczepa
MO2_GOL0020,Naczepa/przyczepa
MO2_GOL0019,Oś napędowa
MO2_GOL0018,Oś napędowa
MO2_GOL0016,Oś napędowa
MO2_GOL0014,Naczepa/przyczepa
MO2_GOL0013,Oś napędowa
MO2_GOL0011,Oś kierowana
MO2_GOL0009,Oś kierowana
MO2_GOL0007,Oś kierowana
MO2_GOL0006,Oś napędowa
MO2_GOL0005,Oś kierowana
MO2_GOL0004,Oś napędowa
MO2_GOL0003,Oś kierowana
MO2_GOL0002,Oś kierowana
MO2_GO0026,Oś kierowana
MO2_GLO00180,Wózek widłowy
MO2_GLO00165,Wózek widłowy
MO2_GLO00164,Wózek widłowy
MO2_GLO00163,Wózek widłowy
MO2_GLO00161,Wózek widłowy
MO2_GLO00160,Wózek widłowy
MO2_GLO00159,Wózek widłowy
MO2_GLO00158,Wózek widłowy
MO2_GLO00154,Wózek widłowy
MO2_GLO00152,Wózek widłowy
MO2_GLO00150,Wózek widłowy
MO2_GLO00149,Wózek widłowy
MO2_GLO00148,Wózek widłowy
MO2_GLO00147,Wózek widłowy
MO2_GLO00146,Wózek widłowy
MO2_GLO00144,Wózek widłowy
MO2_GLO00143,Wózek widłowy
MO2_GLO00142,Wózek widłowy
MO2_GLO00141,Wózek widłowy
MO2_GLO00140,Wózek widłowy
MO2_GLO00139,Wózek widłowy
MO2_GLO00131,Wózek widłowy
MO2_GLO00128,Wózek widłowy
MO2_GLO00127,Wózek widłowy
MO2_GLO00126,Wózek widłowy
MO2_GLO00125,Wózek widłowy
MO2_GLO00123,Wózek widłowy
MO2_GLO00122,Wózek widłowy
MO2_GLO00120,Wózek widłowy
MO2_GLO00119,Wózek widłowy
MO2_GLO00118,Wózek widłowy
MO2_GLO00116,Wózek widłowy
MO2_GLO00114,Wózek widłowy
MO2_GLO00113,Wózek widłowy
MO2_GLO00111,Wózek widłowy
MO2_GLO00110,Wózek widłowy
MO2_GLO00109,Wózek widłowy
MO2_GLO00105,Wózek widłowy
MO2_GLO00104,Wózek widłowy
MO2_GLO00103,Wózek widłowy
MO2_GLO00102,Wózek widłowy
MO2_GLO00100,Wózek widłowy
MO2_GLO00099,Wózek widłowy
MO2_GLO00097,Wózek widłowy
MO2_GLO00095,Wózek widłowy
MO2_GLO00088,Wózek widłowy
MO2_GLO00087,Wózek widłowy
MO2_GLO00086,Wózek widłowy
MO2_GLO00085,Wózek widłowy
MO2_GLO00084,Wózek widłowy
MO2_GLO00083,Wózek widłowy
MO2_GLO00082,Wózek widłowy
MO2_GLO00077,Wózek widłowy
MO2_GLO00075,Wózek widłowy
MO2_GLO00074,Wózek widłowy
MO2_GLO00071,Wózek widłowy
MO2_GLO00070,Wózek widłowy
MO2_GLO00069,Wózek widłowy
MO2_GLO00067,Wózek widłowy
MO2_GLO00066,Wózek widłowy
MO2_GLO00065,Wózek widłowy
MO2_GLO00064,Wózek widłowy
MO2_GLO00063,Wózek widłowy
MO2_GLO00062,Wózek widłowy
MO2_GLO00060,Wózek widłowy
MO2_GLO00059,Wózek widłowy
MO2_GLO00058,Wózek widłowy
MO2_GLO00048,Wózek widłowy
MO2_GLO00041,Wózek widłowy
MO2_GLO00011,Wózek widłowy
MO2_GLO00006,Wózek widłowy
MO2_CET0049,Naczepa/przyczepa
MO2_CET0047,Naczepa/przyczepa
MO2_CET0044,Naczepa/przyczepa
MO2_CET0043,Oś napędowa
MO2_CET0041,Oś napędowa
MO2_CET0040,Oś napędowa
MO2_CET0039,Oś kierowana
MO2_CET0038,Oś napędowa
MO2_CET0037,Oś kierowana
MO2_CET0036,Naczepa/przyczepa
MO2_CET0035,Oś napędowa
MO2_CET0034,Oś napędowa
MO2_CET0028,Oś napędowa
MO2_CET0026,Oś kierowana
MO2_CET0025,Oś napędowa
MO2_CET0024,Oś kierowana
MO2_CET0023,Oś napędowa
MO2_CET0019,Oś napędowa
MO2_CET0018,Oś kierowana
MO2_CET0017,Naczepa/przyczepa
MO2_CET0016,Naczepa/przyczepa
MO2_CET0015,Oś napędowa
MO2_CET0014,Oś kierowana
MO2_CET0013,Naczepa/przyczepa
MO2_CET0012,Oś napędowa
MO2_CET0011,Naczepa/przyczepa
MO2_CET0010,Oś napędowa
MO2_CET0009,Oś kierowana
MO2_CET0008,Oś napędowa
MO2_CET0007,Oś napędowa
MO2_CET0005,Oś napędowa
MO2_CET0004,Oś kierowana
MO2_CET0003,Oś kierowana
MO2_CET0002,Oś kierowana
MO2_AM84881685,Wózek widłowy
MO2_999991670,Wózek widłowy
MO2_999991669,Wózek widłowy
MO2_999991152,Naczepa/przyczepa
MO2_954749,Koparka
MO2_948730,Koparka
MO2_900383,Oś kierowana
MO2_8984,Ciągnik
MO2_8980,Ciągnik
MO2_8978,Ciągnik
MO2_8969,Ciągnik
MO2_8965,Ciągnik
MO2_8958,Ciągnik
MO2_8950,Ciągnik
MO2_889899,Oś napędowa
MO2_8887,Ciągnik
MO2_8886,Ciągnik
MO2_88500801AL-IG,Przyczepa
MO2_88500800AL-IN,Przyczepa
MO2_88500710AL-IN,Przyczepa
MO2_88500710AL-IG,Przyczepa
MO2_88500670AL-IG,Przyczepa
MO2_88500645AL-IN,Przyczepa
MO2_88500640AL-IG,Przyczepa
MO2_88500622AL-IN,Przyczepa
MO2_88500612AL-IN,Przyczepa
MO2_88500582AL-IN,Przyczepa
MO2_88200200AL-IN,Przyczepa
MO2_88200020AL-IN,Kombajn
MO2_88200008AL-IN,Przyczepa
MO2_8696,Oś kierowana
MO2_8690,Oś napędowa
MO2_856711,Oś kierowana
MO2_856291,Oś kierowana
MO2_84200310AL-IG,Ciągnik
MO2_83900020AL-IG,maszyny górnicze
MO2_83900010AL-IG,maszyny górnicze
MO2_812967,Naczepa/przyczepa
MO2_793611,Koparka
MO2_744200,Oś napędowa
MO2_729531,Oś napędowa
MO2_728147,Oś napędowa
MO2_719814,Oś kierowana
MO2_716751,Oś napędowa
MO2_70500004AL-IG,maszyny górnicze
MO2_70410001AL-IG,maszyny górnicze
MO2_70310001AL-IG,maszyny górnicze
MO2_6948,Ciągnik
MO2_694767,Koparka
MO2_691745,Oś kierowana
MO2_690253,Oś kierowana
MO2_684989,Oś kierowana
MO2_67000012AL-IN,Ciągnik leśny
MO2_67000010AL-IG,Ciągnik leśny
MO2_67000009AL-IN,Ciągnik leśny
MO2_67000007AL-IN,Ciągnik leśny
MO2_67000006AL-IN,Ciągnik leśny
MO2_67000005AL-IN,Ciągnik leśny
MO2_66900006AAL-IG,Ciągnik
MO2_66900005AL-IN,Ciągnik
MO2_66900004AL-IN,Ciągnik
MO2_66900003AL-IN,Ciągnik
MO2_66900002AL-IN,Ciągnik
MO2_66800018AL-IG,"Forwarder, harwester"
MO2_66800016AL-IG,"Forwarder, harwester"
MO2_66800012AL-IG,"Forwarder, harwester"
MO2_66800011AL-IG,"Forwarder, harwester"
MO2_66800008AL-IG,"Forwarder, harwester"
MO2_66800006AL-IG,"Forwarder, harwester"
MO2_64450052AL-IG,"Forwarder, harwester"
MO2_64450050AL-IG,"Forwarder, harwester"
MO2_64400090AL-IG,"Forwarder, harwester"
MO2_64400071AL-IG,"Forwarder, harwester"
MO2_64400051AL-IG,"Forwarder, harwester"
MO2_64400041AL-IG,"Forwarder, harwester"
MO2_64400036AL,"Forwarder, harwester"
MO2_64400020AL-IG,"Forwarder, harwester"
MO2_64400011AL-IG,"Forwarder, harwester"
MO2_64400010AL-IG,"Forwarder, harwester"
MO2_616569,Oś napędowa
MO2_6144700,Uniwersalne/pozostałe
MO2_610873,Koparka
MO2_60800025AL-IN,Uniwersalne/pozostałe
MO2_60800010AL-IN,Uniwersalne/pozostałe
MO2_6029,Ładowarka
MO2_60100192AL-IN,Uniwersalne/pozostałe
MO2_595771,Oś napędowa
MO2_594495,Oś kierowana
MO2_594494,Oś napędowa
MO2_59000795AL-IG,Przyczepa
MO2_59000292AL-IG,Przyczepa
MO2_59000008AL-AP,Przyczepa
MO2_587148,Naczepa/przyczepa
MO2_586229,Oś kierowana
MO2_583921,Oś kierowana
MO2_582974,Naczepa/przyczepa
MO2_582641,Naczepa/przyczepa
MO2_582546,Oś kierowana
MO2_582534,Oś kierowana
MO2_582514,Oś kierowana
MO2_582392,Oś napędowa
MO2_581328,Oś kierowana
MO2_581326,Oś kierowana
MO2_581003,Oś napędowa
MO2_58024810AL-IN,Ładowarka
MO2_58024530AL-IN,Ładowarka
MO2_58020806AL-IN,Ładowarka
MO2_58010350AL-IG,Ładowarka
MO2_57900004AL-IN,Kombajn
MO2_577430,Oś kierowana
MO2_577419,Oś kierowana
MO2_577414,Oś kierowana
MO2_573974,Oś napędowa
MO2_573247,Oś napędowa
MO2_572844,Oś kierowana
MO2_572203,Naczepa/przyczepa
MO2_572202,Naczepa/przyczepa
MO2_571630,Oś kierowana
MO2_570681,Oś kierowana
MO2_570680,Oś kierowana
MO2_570678,Oś napędowa
MO2_570677,Oś kierowana
MO2_570675,Oś napędowa
MO2_570673,Oś napędowa
MO2_570672,Oś kierowana
MO2_570669,Oś napędowa
MO2_570667,Oś kierowana
MO2_570244,Oś kierowana
MO2_570243,Oś napędowa
MO2_57024008AL-IN,Ciągnik
MO2_57020300AL-IN,Ciągnik
MO2_57020300AL-IG,Ciągnik
MO2_57020150AL-IN,Ciągnik
MO2_570198,Oś kierowana
MO2_568905,Oś kierowana
MO2_5644,Ciągnik
MO2_5642,Ciągnik
MO2_5641,Ciągnik
MO2_5640,Ciągnik
MO2_5639,Ciągnik
MO2_5638,Ciągnik
MO2_5632,Ciągnik
MO2_5631,Ciągnik
MO2_5630,Ciągnik
MO2_5628,Ciągnik
MO2_5625,Ciągnik
MO2_5623,Ciągnik
MO2_5590050,Oś napędowa
MO2_553939,Oś kierowana
MO2_55002610AL-IN,Ciągnik
MO2_55002475,Ciągnik
MO2_55001615AL,Ciągnik
MO2_5465,Ciągnik
MO2_5443,Ciągnik
MO2_5442,Ciągnik
MO2_5439,Ciągnik
MO2_5438,Ciągnik
MO2_5437,Ciągnik
MO2_5435,Ciągnik
MO2_54200107AL-IG,Przyczepa
MO2_534025,Oś napędowa
MO2_53350022AL-IN,Koparka
MO2_53350015AL-IN,Koparka
MO2_53316323AL-IN,Koparka
MO2_53312004AL-IN,Koparka
MO2_53311008AL-IN,Koparka
MO2_53310205AL-IG,Koparka
MO2_53305522AL-IN,Koparka
MO2_53305512AL-IG,Koparka
MO2_5017215580001,Ładowarka
MO2_5017215580000,Ładowarka
MO2_5012615210000,Ciągnik
MO2_5012615150000,Ciągnik
MO2_5012615110000,Ciągnik
MO2_5012615090000,Ciągnik
MO2_5012614820000,Ciągnik
MO2_5011515380000,Ciągnik
MO2_5011514960000,Ciągnik
MO2_5011514950000,Ciągnik
MO2_5002611700000,Ładowarka
MO2_5002611660000,Ładowarka
MO2_5002606760000,Ciągnik
MO2_5002605590000,Przyczepa
MO2_5002604970000,Ciągnik
MO2_5002604150000,Ciągnik
MO2_5002602910000,Ciągnik
MO2_5002601450000,Ciągnik
MO2_5002600430000,Ciągnik
MO2_5001516580000,kosiarka/ogród
MO2_5001516050000,kosiarka/ogród
MO2_5001516020000,Przyczepa
MO2_5001515980000,Przyczepa
MO2_5001515920000,Przyczepa
MO2_5001515770000,Przyczepa
MO2_5001515750000,Przyczepa
MO2_5001515680000,Przyczepa
MO2_5001515240000,Przyczepa
MO2_5001515220000,Przyczepa
MO2_5001514720000,Ciągnik
MO2_5001514320000,Ciągnik
MO2_5001510916000,Ciągnik
MO2_5001510900000,Przyczepa
MO2_5001506800000,Ciągnik
MO2_5001506710000,kosiarka/ogród
MO2_5001506520000,Ciągnik
MO2_5001506510000,Ciągnik
MO2_5001506500000,kosiarka/ogród
MO2_5001506480000,Ciągnik
MO2_5001506370000,Ciągnik
MO2_5001506260000,kosiarka/ogród
MO2_5001506160000,kosiarka/ogród
MO2_5001506110000,kosiarka/ogród
MO2_5001506080000,kosiarka/ogród
MO2_5001505800000,Ciągnik
MO2_5001505790000,Ciągnik
MO2_5001504870000,kosiarka/ogród
MO2_5001504800000,Ciągnik
MO2_5001504700000,Ciągnik
MO2_5001504610000,Ciągnik
MO2_5001504570000,kosiarka/ogród
MO2_5001504550000,Ciągnik
MO2_5001504200000,Ciągnik
MO2_5001503183000,Ciągnik
MO2_5001502878000,Ciągnik
MO2_5001502370000,Ciągnik
MO2_5001501744000,maszyny górnicze
MO2_5001501743000,Ciągnik
MO2_5001501432000,Ciągnik
MO2_5001500214000,Ciągnik
MO2_49000002AL-IG,Ciągnik
MO2_49000001AL-IG,Ciągnik
MO2_48801002AL-IG,Przyczepa
MO2_485710,Oś kierowana
MO2_48504730AL-IG,Ciągnik
MO2_48500361AL-IG,Ciągnik
MO2_48500360AL-IG,Ciągnik
MO2_48500334AL-IG,Ciągnik
MO2_48500325AL-IG,Ciągnik
MO2_48500301AL-IN,Ciągnik
MO2_48500301AL-IG,Ciągnik
MO2_48500300AL-IG,Ciągnik
MO2_48500264AL-IN,Ciągnik
MO2_48500260AL-IG,Ciągnik
MO2_48500200AL-IG,Ciągnik
MO2_48500190AL-IG,Ciągnik
MO2_48500167AL-IG,Ciągnik
MO2_48500165AL-IG,Ciągnik
MO2_48500151AL-IG,Ciągnik
MO2_48500140AL-AP,Ciągnik
MO2_48500130AL-IG,Ciągnik
MO2_48500125AL-IG,Ciągnik
MO2_48500120AL-IG,Ciągnik
MO2_48500110AL-IG,Ciągnik
MO2_48500106AL-IG,Ciągnik
MO2_48500104AL-IG,Ciągnik
MO2_48500103AL-IG,Ciągnik
MO2_48500101AL-IG,Ciągnik
MO2_48500100AL-IG,Ciągnik
MO2_48500070AL-IG,Ciągnik
MO2_48500048AL-IG,Ciągnik
MO2_48500047AL-IG,Ciągnik
MO2_48500046AL-IG,Ciągnik
MO2_48500044AL-IG,Ciągnik
MO2_48500040AL-IG,Ciągnik
MO2_48500038AL-IG,Ciągnik
MO2_48500037AL-IG,Ciągnik
MO2_48500035AL-IG,Ciągnik
MO2_48500033AL-IG,Ciągnik
MO2_48500032AL-IG,Ciągnik
MO2_48500031AL-IG,Ciągnik
MO2_48500026AL-IG,Ciągnik
MO2_48500025AL-IG,Ciągnik
MO2_48500022AL-IG,Ciągnik
MO2_48500021AL-IG,Ciągnik
MO2_48500020AL-IG,Ciągnik
MO2_48500001AL-IG,Ciągnik
MO2_483739,Oś kierowana
MO2_481323,Oś kierowana
MO2_4801894,Naczepa/przyczepa
MO2_4800012,Oś napędowa
MO2_474495,Koparka
MO2_47025034AL-IN,Ciągnik
MO2_47025030AL-IN,Ciągnik
MO2_47002588AL-IN,Ciągnik
MO2_47001541AL-IN,Ciągnik
MO2_47000047AL-IN,Ciągnik
MO2_47000044AL-IG,Ciągnik
MO2_47000043AL-IN,Ciągnik
MO2_47000041AL-IN,Ciągnik
MO2_47000040AL-IN,Ciągnik
MO2_47000038AL-IN,Ciągnik
MO2_47000035AL-IN,Ciągnik
MO2_47000033AL-IN,Ciągnik
MO2_47000032AL-IN,Ciągnik
MO2_47000031AL-IN,Ciągnik
MO2_47000030AL-IN,Ciągnik
MO2_47000029AL-IN,Ciągnik
MO2_47000028AL-IN,Ciągnik
MO2_47000027AL-IN,Ciągnik
MO2_47000026AL-IN,Ciągnik
MO2_47000025AL-IN,Ciągnik
MO2_47000022AL-IN,Ciągnik
MO2_47000018AL-AP,Ciągnik
MO2_47000013AL-IN,Ciągnik
MO2_47000011AL-IN,Ciągnik
MO2_47000009AL-IN,Ciągnik
MO2_47000007AL-IN,Ciągnik
MO2_47000006AL-IN,Ciągnik
MO2_47000005AL-IN,Ciągnik
MO2_47000004AL-IN,Ciągnik
MO2_47000003AL-IN,Ciągnik
MO2_47000002AL-IN,Ciągnik
MO2_47000001AL-IN,Ciągnik
MO2_47000000AL-IN,Ciągnik
MO2_46500027AL-AP,Ciągnik
MO2_46500026AL-AP,Ciągnik
MO2_46500024AL-AP,Ciągnik
MO2_46500021AL-AP,Ciągnik
MO2_46500020AL-AP,Ciągnik
MO2_46500019AL-AP,Ciągnik
MO2_46500018AL-AP,Ciągnik
MO2_46500017AL-AP,Ciągnik
MO2_46500015AL-AP,Ciągnik
MO2_46500014AL-AP,Ciągnik
MO2_46500012AL-AP,Ciągnik
MO2_46500011AL-AP,Ciągnik
MO2_46500010AL-AP,Ciągnik
MO2_46500008AL-AP,Ciągnik
MO2_46500007AL-AP,Ciągnik
MO2_46500006AL-AP,Ciągnik
MO2_46500004AL-AP,Ciągnik
MO2_46500003AL-AP,Ciągnik
MO2_46500002AL-IG,Ciągnik
MO2_45045028AL-IN,Ciągnik
MO2_45045024AL-AP,Ciągnik
MO2_45045023AL-IN,Ciągnik
MO2_45045021AL-AP,Ciągnik
MO2_45045017AL-AP,Ciągnik
MO2_45045016AL-IN,Ciągnik
MO2_45045014AL-IN,Ciągnik
MO2_45045012AL-AP,Ciągnik
MO2_45045009AL-AP,Ciągnik
MO2_45045005AL-IN,Ciągnik
MO2_45045004AL-AP,Ciągnik
MO2_45045001AL-IN,Ciągnik
MO2_434435,Oś kierowana
MO2_42400115AL-IG,Ciągnik
MO2_42400114AL-IG,Ciągnik
MO2_42400111AL-IG,Ciągnik
MO2_42400104AL-IG,Ciągnik
MO2_42400103AL-IN,Ciągnik
MO2_42400097AL-IG,Ciągnik
MO2_42400093AL-IG,Ciągnik
MO2_42400070AL-IN,Ciągnik
MO2_42400061AL-IG,Ciągnik
MO2_42400056AL-IN,Ciągnik
MO2_42400049AL-IG,Ciągnik
MO2_42400038AAL-IN,Ciągnik
MO2_42400033AL-IG,Ciągnik
MO2_42400015AL-IG,Ciągnik
MO2_415829,Koparka
MO2_4125,Ciągnik
MO2_4007112210000,maszyny górnicze
MO2_4007112200000,maszyny górnicze
MO2_4007112160000,maszyny górnicze
MO2_4006343190000,Ciągnik
MO2_4006342030000,Ciągnik
MO2_4006341900000,Ciągnik
MO2_4006341740000,Ciągnik
MO2_4006341720001,Ciągnik
MO2_4006341720000,Ciągnik
MO2_4006341630001,Ciągnik
MO2_4006341630000,Ciągnik
MO2_4006341620000,Ciągnik
MO2_4006341380001,Ciągnik
MO2_4006341270000,Ciągnik
MO2_4006341140000,Ciągnik
MO2_4006341120000,Ciągnik
MO2_4006341110000,Ciągnik
MO2_4006341100000,Ciągnik
MO2_4006341060000,Ciągnik
MO2_4006340840000,Ładowarka
MO2_4006340770000,Ciągnik
MO2_4006340740000,Ciągnik
MO2_4006340730000,Ładowarka
MO2_4006340720000,Ciągnik
MO2_4006340710000,Ciągnik
MO2_4006340700000,Ciągnik
MO2_4006340610000,Ciągnik
MO2_4006340580000,Ciągnik
MO2_4006340560000,Ciągnik
MO2_4006340530000,Ciągnik
MO2_4006340520000,Ciągnik
MO2_4006340440000,Ciągnik
MO2_4006340340000,Ciągnik
MO2_4006340330000,Ciągnik
MO2_4006340320000,Ładowarka
MO2_4006340310000,Ciągnik
MO2_4006340300000,Ciągnik
MO2_4006340290000,Ciągnik
MO2_4006340270000,Ciągnik
MO2_4006340260000,Ciągnik
MO2_4006340210000,Ciągnik
MO2_4006340190000,Ciągnik
MO2_4006340180000,Ciągnik
MO2_4006340140000,Ciągnik
MO2_4006340100000,Ciągnik
MO2_4006340090000,Ciągnik
MO2_4006340080000,Ciągnik
MO2_4006333190000,Ciągnik
MO2_4006333160000,Ciągnik
MO2_4006333140000,Ciągnik
MO2_4006333130000,Ciągnik
MO2_4006333110000,Ciągnik
MO2_4006333070000,Ciągnik
MO2_4006333060000,Ciągnik
MO2_4006333020000,Ciągnik
MO2_4006332980000,Ciągnik
MO2_4006332960000,Ciągnik
MO2_4006332940000,Ciągnik
MO2_4006332910000,Ciągnik
MO2_4006332900000,Ciągnik
MO2_4006332840000,Ciągnik
MO2_4006332810000,Ciągnik
MO2_4006332730000,Ciągnik
MO2_4006310100000,Przyczepa
MO2_4006310090000,Przyczepa
MO2_4006208420000,Ładowarka
MO2_4006204500000,Uniwersalne/pozostałe
MO2_4006204020000,Ładowarka
MO2_4006202150000,Uniwersalne/pozostałe
MO2_4006202000000,Ładowarka
MO2_4006201520000,Przyczepa
MO2_4006201460000,maszyny górnicze
MO2_4006201440000,maszyny górnicze
MO2_4006201420000,Uniwersalne/pozostałe
MO2_4006201400000,maszyny górnicze
MO2_4006201380000,maszyny górnicze
MO2_4006201280000,maszyny górnicze
MO2_4006201200000,maszyny górnicze
MO2_4006201020000,maszyny górnicze
MO2_4006200320000,kompaktor
MO2_390188,Oś napędowa
MO2_38988009AL-IG,Przyczepa
MO2_38988007AL-IG,Przyczepa
MO2_38988005AL-IG,Przyczepa
MO2_38900042AL-AP,Przyczepa
MO2_38505605AL,Kombajn
MO2_38102618AL-IN,Przyczepa
MO2_38102600AL-IN,Przyczepa
MO2_38100007AL,Przyczepa
MO2_38100006AL-IN,Przyczepa
MO2_380331-33,kompaktor
MO2_38030522AL,Przyczepa
MO2_38022999AL,Przyczepa
MO2_38022968AL-IG,Przyczepa
MO2_38022953AL,Przyczepa
MO2_37750006AL-AP,Kombajn
MO2_37555033AL,Kombajn
MO2_37551431,Kombajn
MO2_37551004,Kombajn
MO2_37531150AL,Kombajn
MO2_37530112AL-AP,Kombajn
MO2_37350012AL-AP,Ciągnik
MO2_37350010AL-IG,Ciągnik
MO2_37301018AL-IG,Ciągnik
MO2_37250121AL,Kombajn
MO2_37250111AL-IG,Kombajn
MO2_37250105AL-IG,Kombajn
MO2_37250093AL-AP,Kombajn
MO2_37250005AL-IG,Kombajn
MO2_37201052AL-IN,Kombajn
MO2_37201051AL-IN,Kombajn
MO2_37201050AL-IN,Kombajn
MO2_37200141AL,Kombajn
MO2_37200137AL,Kombajn
MO2_37200104AL,Kombajn
MO2_37200096AL,Kombajn
MO2_37200095AL,Kombajn
MO2_37200025AL-AP,Kombajn
MO2_37200010AL-IG,Kombajn
MO2_37057100AL,Ciągnik
MO2_37052109AL,Ciągnik
MO2_37046511AL,Ciągnik
MO2_37045111AL,Ciągnik
MO2_36550120,Ciągnik
MO2_36518400AL-INATC,Ciągnik
MO2_36516710AL-IN,Ciągnik
MO2_36300042AL-AP,Ciągnik
MO2_362698-36,maszyny górnicze
MO2_362696-36,maszyny górnicze
MO2_361420,Oś napędowa
MO2_36061747AL-IN,Kombajn
MO2_36061533AL,Kombajn
MO2_36035001AL-IN,Kombajn
MO2_36035001AL-IG,Kombajn
MO2_36033498AL-IG,Kombajn
MO2_36020432AL,Kombajn
MO2_36018062AL,Kombajn
MO2_36018032AL-IG,Kombajn
MO2_36017698AL,Kombajn
MO2_36017507AL,Kombajn
MO2_36017501AL,Kombajn
MO2_36016205AL,Kombajn
MO2_356991,Oś kierowana
MO2_35601529AL,Uniwersalne/pozostałe
MO2_35450000AL-IG,Ciągnik
MO2_35400258AL-IG,Ciągnik
MO2_35400036AL,Ciągnik
MO2_352707,Oś kierowana
MO2_351775,Oś kierowana
MO2_35075050AL,Ładowarka
MO2_348418-36,maszyny górnicze
MO2_34710051AL-IN,Ciągnik
MO2_34710014AL-IN,Ciągnik
MO2_34702227AL-IN,Ciągnik
MO2_34702220AL-IN,Ciągnik
MO2_34540020AL-IG,Skidder
MO2_34540000AL-IG,Skidder
MO2_34502875AL,Skidder
MO2_344930,Oś napędowa
MO2_3425,Ciągnik
MO2_3424,Ciągnik
MO2_3423,Ciągnik
MO2_3422,Ciągnik
MO2_3421,Ciągnik
MO2_3418,Ciągnik
MO2_3417,Ciągnik
MO2_3416,Ciągnik
MO2_3414,Ciągnik
MO2_3412,Ciągnik
MO2_3411,Ciągnik
MO2_339802,Oś kierowana
MO2_339795,Oś kierowana
MO2_339794,Oś kierowana
MO2_336875,Oś kierowana
MO2_336807,Oś kierowana
MO2_336786,Oś kierowana
MO2_335781,Oś kierowana
MO2_335778,Oś kierowana
MO2_335674,Oś napędowa
MO2_335670,Oś napędowa
MO2_335667,Oś napędowa
MO2_335665,Oś napędowa
MO2_335664,Oś napędowa
MO2_335662,Oś napędowa
MO2_335661,Oś napędowa
MO2_335336,Oś kierowana
MO2_335334,Oś kierowana
MO2_335296,Oś kierowana
MO2_335295,Oś kierowana
MO2_33303003AL-IN,Ciągnik
MO2_33300285AL-IN,Forwarder
MO2_33300146AL-IN,Ciągnik
MO2_33300138AL-IN,Ciągnik
MO2_33300128AL-IN,Ciągnik
MO2_33300012AL-IN,Ciągnik
MO2_33201400AL-IN,Przyczepa
MO2_33117108AL,Przyczepa
MO2_33020017AL-IN,Uniwersalne/pozostałe
MO2_33020017AL-IG,Uniwersalne/pozostałe
MO2_33005662AL-IN,Uniwersalne/pozostałe
MO2_33005610AL-IN,Uniwersalne/pozostałe
MO2_33005205AL-IN,Uniwersalne/pozostałe
MO2_33005202AL-IN,Uniwersalne/pozostałe
MO2_32905250AL-IN,Uniwersalne/pozostałe
MO2_32905250AL-IG,Uniwersalne/pozostałe
MO2_32897081VP-IG,Przyczepa
MO2_32897021VP-IG,Przyczepa
MO2_32887060VP-IN,Przyczepa
MO2_32887060VP-IG,Przyczepa
MO2_32862024AL-AP,Przyczepa
MO2_32862023AL,Przyczepa
MO2_32853003AL-IG,Przyczepa
MO2_32852215AL,Przyczepa
MO2_32841144,Przyczepa
MO2_32840020AL-IG,Przyczepa
MO2_32835319AL-IN,Przyczepa
MO2_32832520AL-IG,Przyczepa
MO2_32832150VP-IG,Przyczepa
MO2_32828108VP-IG,Przyczepa
MO2_32827420AL,Przyczepa
MO2_32827076AL-IG,harwester
MO2_32827075AL-IN,harwester
MO2_32827054AL-IN,Przyczepa
MO2_32827054AL-IG,Przyczepa
MO2_32827045AL-IN,Przyczepa
MO2_32826825VP-IN,Przyczepa
MO2_32826825VP-IG,Przyczepa
MO2_32822012VP-IN,Przyczepa
MO2_32800028AL-AP,Przyczepa
MO2_32800027AL-AP,Przyczepa
MO2_32800016AL-IN,Przyczepa
MO2_32800011VP-IN,Przyczepa
MO2_32700265AL-IN,Ciągnik
MO2_32700112AL-IN,Ciągnik
MO2_32700050AL-IN,Przyczepa
MO2_32700025AL-IN,Przyczepa
MO2_32610706AL-IN,Ładowarka
MO2_32581,Oś napędowa
MO2_32580,Oś kierowana
MO2_32538,Naczepa/przyczepa
MO2_32470010FP-IN,Ciągnik
MO2_32453011FP-IG,Ciągnik
MO2_32422403AL-IN,Uniwersalne/pozostałe
MO2_32422150FP-IG,Ciągnik
MO2_32421492AL-IN,Uniwersalne/pozostałe
MO2_32414002FP-IG,Ciągnik
MO2_32412860FP-IG,Ciągnik
MO2_32412520FP-IG,Ciągnik
MO2_32411304AL-IN,Uniwersalne/pozostałe
MO2_32406112FP-IG,Ciągnik
MO2_32405808FP-IG,Ciągnik
MO2_32402251AL-IN,Uniwersalne/pozostałe
MO2_32401708AL-IN,Uniwersalne/pozostałe
MO2_32400720FP-IG,Ciągnik
MO2_32122690AL-IG,Ładowarka
MO2_32021701VP-IG,Ładowarka
MO2_32021611AL-IN,Ładowarka
MO2_32017610VP-IG,Ładowarka
MO2_32016450VP-IG,Ładowarka
MO2_32016400VP-IN,Ładowarka
MO2_32016400VP-IG,Ładowarka
MO2_32015010VP-IG,Ładowarka
MO2_32014930VP-IG,Ładowarka
MO2_32014918VP-IG,Ładowarka
MO2_32013120VP-IG,Ładowarka
MO2_32012112VP-IN,Ładowarka
MO2_32012112VP-IG,Ładowarka
MO2_32011957VP-IG,Ładowarka
MO2_32011922VP-IG,Ładowarka
MO2_31714354AL-IN,Uniwersalne/pozostałe
MO2_31701010AL-IN,Uniwersalne/pozostałe
MO2_31119,Oś kierowana
MO2_31117,Oś kierowana
MO2_31114,Oś napędowa
MO2_30910280AL-IG,maszyny górnicze
MO2_30800800AL-IN,maszyny górnicze
MO2_3071380904610009,Ciągnik
MO2_30700050AL-IG,maszyny górnicze
MO2_30700019AL-IG,maszyny górnicze
MO2_30700018AL-IG,maszyny górnicze
MO2_3068180442090400,kosiarka/ogród
MO2_30612809AL-IN,maszyny górnicze
MO2_30610407AL-IN,maszyny górnicze
MO2_304702-36,maszyny górnicze
MO2_30219708AL-IN,Uniwersalne/pozostałe
MO2_30215508AL-IN,Uniwersalne/pozostałe
MO2_3003975,Oś kierowana
MO2_3003942,Oś kierowana
MO2_3003879,Oś kierowana
MO2_3003878,Oś kierowana
MO2_3003876,Oś napędowa
MO2_3003874,Oś napędowa
MO2_3003837,Oś kierowana
MO2_3003835,Oś kierowana
MO2_3003834,Oś napędowa
MO2_3003746,Naczepa/przyczepa
MO2_3003604,Oś kierowana
MO2_3003446,Naczepa/przyczepa
MO2_3003439,Naczepa/przyczepa
MO2_3003423,Oś napędowa
MO2_3003421,Oś kierowana
MO2_3003309,Naczepa/przyczepa
MO2_3003106,Oś napędowa
MO2_3002702,Oś napędowa
MO2_3002653,Oś kierowana
MO2_3002635,Oś kierowana
MO2_3002586,Naczepa/przyczepa
MO2_3002584,Oś kierowana
MO2_3002580,Oś kierowana
MO2_3002454,Oś napędowa
MO2_3001882,Oś napędowa
MO2_2937,Ładowarka
MO2_281778,Koparka
MO2_28174,Ciągnik
MO2_28172,Ciągnik
MO2_28158,Ciągnik
MO2_28146,Ciągnik
MO2_28135,Ciągnik
MO2_28104,Ciągnik
MO2_28100,Ciągnik
MO2_28095,Ciągnik
MO2_28087,Ciągnik
MO2_28049,Ciągnik
MO2_27833,Naczepa/przyczepa
MO2_27830,Naczepa/przyczepa
MO2_27828,Naczepa/przyczepa
MO2_27823,Oś kierowana
MO2_276740,Oś napędowa
MO2_276469-39,Ładowarka
MO2_25970,maszyny górnicze
MO2_25947,Naczepa/przyczepa
MO2_25916,Oś napędowa
MO2_25914,Oś napędowa
MO2_256801-33,Wózek widłowy
MO2_256338-33,Wózek widłowy
MO2_256178,Wózek widłowy
MO2_25597,Naczepa/przyczepa
MO2_250392-36,Wózek widłowy
MO2_25031833,kompaktor
MO2_25029862,maszyny górnicze
MO2_25029588,Ładowarka
MO2_25029531,Koparka
MO2_25029530,Koparka
MO2_25029528,kompaktor
MO2_25029382,maszyny górnicze
MO2_25029093,Ładowarka
MO2_25028196,kompaktor
MO2_25028054,maszyny górnicze
MO2_25028052,kompaktor
MO2_25027655,maszyny górnicze
MO2_25020825,Przyczepa
MO2_25020824,Koparka
MO2_25020823,Przyczepa
MO2_249703,Oś kierowana
MO2_239365,Koparka
MO2_23832,Naczepa/przyczepa
MO2_2373373,Oś napędowa
MO2_23728,Naczepa/przyczepa
MO2_2364603,All position
MO2_2364313,All position
MO2_23435,Oś kierowana
MO2_23080,Oś napędowa
MO2_2243603,All position
MO2_22101404AL-IG,Przyczepa
MO2_21733,Naczepa/przyczepa
MO2_203435-33,Uniwersalne/pozostałe
MO2_201435-33,Koparka
MO2_2009,Ładowarka
MO2_2000061774001,Ciągnik
MO2_2000044370101,maszyny górnicze
MO2_2000044250101,maszyny górnicze
MO2_2000025280101,kosiarka/ogród
MO2_1E41Z820150005GS10,Wózek widłowy
MO2_1E41Z650100005GS20,Wózek widłowy
MO2_1E41Z600090005FS10,Wózek widłowy
MO2_1E41Z280150005GS10,Wózek widłowy
MO2_1E41Z250150005GS20,Wózek widłowy
MO2_1E41Z210090005GS20,Wózek widłowy
MO2_1E3122501400600DX0,Wózek widłowy
MO2_1E3116000901000LT0,Wózek widłowy
MO2_1E151700120165JLT0,Wózek widłowy
MO2_1E112230260166BVC0,kompaktor
MO2_1E1118201501600LT0,Wózek widłowy
MO2_1E1118101501600LT0,Wózek widłowy
MO2_1E1116501001400LT0,Wózek widłowy
MO2_19914,Oś kierowana
MO2_19912,Oś kierowana
MO2_19878,Oś napędowa
MO2_19855,Oś napędowa
MO2_19854,Oś napędowa
MO2_19754,Ciągnik
MO2_19737,Oś napędowa
MO2_19736,Oś napędowa
MO2_19735,Oś napędowa
MO2_19734,Oś napędowa
MO2_19733,Oś kierowana
MO2_19732,Oś kierowana
MO2_19731,Oś kierowana
MO2_19729,Oś kierowana
MO2_19728,Oś kierowana
MO2_19351,All position
MO2_19339,Oś kierowana
MO2_187913,Oś napędowa
MO2_183666,Oś napędowa
MO2_183637,Oś napędowa
MO2_18112230250200V990,maszyny górnicze
MO2_178690,Koparka
MO2_1770,Ładowarka
MO2_175857,Oś napędowa
MO2_1748,Ładowarka
MO2_17049,Naczepa/przyczepa
MO2_17024,Ciągnik
MO2_17009,Oś kierowana
MO2_16953,Oś napędowa
MO2_16952,Oś napędowa
MO2_16950,Oś napędowa
MO2_16947,Oś kierowana
MO2_16944,Oś kierowana
MO2_16943,Oś kierowana
MO2_16940,Oś kierowana
MO2_16939,Oś kierowana
MO2_16937,Oś kierowana
MO2_16926,All position
MO2_16883,Oś napędowa
MO2_165629,Koparka
MO2_165338,Oś napędowa
MO2_161783,Ciągnik
MO2_152.28.812,Ciągnik
MO2_152.28.692,Ciągnik
MO2_152.28.691,Ciągnik
MO2_152.11.646,Przyczepa
MO2_1480700,Przyczepa
MO2_1472500,kosiarka/ogród
MO2_142336,Oś kierowana
MO2_13763920000,Wózek widłowy
MO2_13763910000,Wózek widłowy
MO2_13763860000,Wózek widłowy
MO2_13763840000,Wózek widłowy
MO2_13763830000,Wózek widłowy
MO2_13763730000,Wózek widłowy
MO2_13763700000,Wózek widłowy
MO2_13763660000,Wózek widłowy
MO2_13763640000,Wózek widłowy
MO2_13763610000,Wózek widłowy
MO2_13763600000,Wózek widłowy
MO2_13763540000,Wózek widłowy
MO2_13763530000,Wózek widłowy
MO2_13763510000,Wózek widłowy
MO2_13763490000,Wózek widłowy
MO2_13763480000,Wózek widłowy
MO2_13763450000,Wózek widłowy
MO2_13763160000,Wózek widłowy
MO2_13760930000,Wózek widłowy
MO2_13760920000,Wózek widłowy
MO2_13760880000,Wózek widłowy
MO2_13760860000,Wózek widłowy
MO2_13760840000,Wózek widłowy
MO2_13760760000,Wózek widłowy
MO2_13760750000,Wózek widłowy
MO2_13760740000,Wózek widłowy
MO2_13760690000,Wózek widłowy
MO2_13760680000,Wózek widłowy
MO2_13760580000,Wózek widłowy
MO2_13760560000,Wózek widłowy
MO2_13760540000,Wózek widłowy
MO2_13760530000,Wózek widłowy
MO2_13760520000,Wózek widłowy
MO2_13760500000,Wózek widłowy
MO2_1370,Oś kierowana
MO2_13560,Naczepa/przyczepa
MO2_135433-33,kosiarka/ogród
MO2_13502900,Przyczepa
MO2_13499,Naczepa/przyczepa
MO2_13496,Naczepa/przyczepa
MO2_13491,Oś napędowa
MO2_13488,Oś kierowana
MO2_13484,Oś kierowana
MO2_13482,Oś kierowana
MO2_13481,Oś napędowa
MO2_13480,Oś napędowa
MO2_13469,Oś napędowa
MO2_13467,Oś napędowa
MO2_13463,Oś kierowana
MO2_13454,Naczepa/przyczepa
MO2_13437900,Przyczepa
MO2_13434,Ciągnik
MO2_13432,Ciągnik
MO2_13417800,Przyczepa
MO2_13416600,Przyczepa
MO2_13405,Ciągnik
MO2_13390,Ciągnik
MO2_1327700,Przyczepa
MO2_13261,Oś kierowana
MO2_13219600,Przyczepa
MO2_13219500,Przyczepa
MO2_13219400,Przyczepa
MO2_13219300,Przyczepa
MO2_13219200,maszyny górnicze
MO2_130553,Oś kierowana
MO2_12873900,Ciągnik
MO2_121315,Oś kierowana
MO2_1169800,kosiarka/ogród
MO2_1168500,Uniwersalne/pozostałe
MO2_11606000,kosiarka/ogród
MO2_11605900,kosiarka/ogród
MO2_115223852C020KJTL0,Naczepa/przyczepa
MO2_115223832C020KJTL0,Naczepa/przyczepa
MO2_115221102C016LTH10,Naczepa/przyczepa
MO2_115123182C018KDC30,Oś napędowa
MO2_1147700,Uniwersalne/pozostałe
MO2_11468000,kosiarka/ogród
MO2_11467900,kosiarka/ogród
MO2_1121190020016KDEP0,Oś napędowa
MO2_1121182020016KDEP0,Oś napędowa
MO2_11084,Oś napędowa
MO2_11083,Oś napędowa
MO2_11082,Oś kierowana
MO2_110650,All position
MO2_1103700,Przyczepa
MO2_11000,Oś kierowana
MO2_10862,Naczepa/przyczepa
MO2_10861,Naczepa/przyczepa
MO2_10852,Naczepa/przyczepa
MO2_10850,Naczepa/przyczepa
MO2_1060,Ładowarka
MO2_10474,Ładowarka
MO2_10456,Ciągnik
MO2_10452,Ciągnik
MO2_10386,Naczepa/przyczepa
MO2_10380,Naczepa/przyczepa
MO2_10379,Oś kierowana
MO2_10378,Oś kierowana
MO2_10377,Oś kierowana
MO2_10376,Oś kierowana
MO2_10375,Oś kierowana
MO2_10374,Oś napędowa
MO2_10372,Oś napędowa
MO2_10371,Oś napędowa
MO2_1032400,Ciągnik
MO2_1014309870000,Przyczepa
MO2_1014202690000,maszyny górnicze
MO2_1014113220000,Przyczepa
MO2_1014108140000,Przyczepa
MO2_1013311940000,Przyczepa
MO2_1013311480000,Przyczepa
MO2_1013309710000,Przyczepa
MO2_1013205490000,Ciągnik
MO2_1013201880000,Ciągnik
MO2_1013101720000,Koparka
MO2_1012307230000,maszyny górnicze
MO2_1012305850000,maszyny górnicze
MO2_1012305620000,maszyny górnicze
MO2_1012305040000,maszyny górnicze
MO2_1012201240000,kompaktor
MO2_1012102160000,kompaktor
MO2_1011313680000,maszyny górnicze
MO2_1011313210000,maszyny górnicze
MO2_1011312750000,maszyny górnicze
MO2_1011312300000,maszyny górnicze
MO2_1011304930000,maszyny górnicze
MO2_1011304470000,maszyny górnicze
MO2_1011301780000,Ładowarka
MO2_1011206320000,kompaktor
MO2_1011204690000,maszyny górnicze
MO2_100054,Koparka
MO2_10004368,Kombajn
MO2_10000674,Ciągnik
MO2_07423000000,Wózek widłowy
MO2_07300500000,Wózek widłowy
MO2_07022760000,Wózek widłowy
MO2_07022640000,Wózek widłowy
MO2_07021800000,Wózek widłowy
MO2_07021360000,Wózek widłowy
MO2_07021220000,Wózek widłowy
MO2_07021060000,Wózek widłowy
MO2_07021010000,Wózek widłowy
MO2_07020880000,Wózek widłowy
MO2_07006640000,Wózek widłowy
MO2_07004220000,Wózek widłowy
MO2_07003700000,Wózek widłowy
MO2_07003620000,Wózek widłowy
MO2_06700030000,maszyny górnicze
MO2_05740150000,Uniwersalne/pozostałe
MO2_05322730000,Oś kierowana
MO2_050267,Koparka
MO2_04220740000,Oś napędowa
MO2_04121950000,Oś kierowana
MO2_024095,Ciągnik
MO10_PMB1241,Ładowarka
MO10_PMB1053,Wózek widłowy
MO10_PMB1052,Wózek widłowy
MO10_PMB1030,Wózek widłowy
MO10_PMB1028,Wózek widłowy
MO10_PMB1025,Wózek widłowy
MO10_PMB1024,Wózek widłowy
MO10_PMB1022,Wózek widłowy
MO10_PMB1013,Wózek widłowy
MO10_PMB1012,Wózek widłowy
MO10_PMB1009,Wózek widłowy
MO10_PMB1005,Wózek widłowy
MO10_PMB1003,Wózek widłowy
MO10_PMB1001,Wózek widłowy
MO10_PCR6911,Ładowarka
MO10_PCR6012,Ładowarka
MO10_PCR6011,Ładowarka
MO10_PCR1109,Ładowarka
MO10_PCR1108,Ładowarka
MO10_PCB7102,Ładowarka
MO10_PCB7101,Ładowarka
MO10_PCB4214,Ładowarka
MO10_PCB4213,Ładowarka
MO10_PCB3503,Ładowarka
MO10_PCB3502,Ładowarka
MO10_PCB3501,Ładowarka
MO10_PCB1803,Ładowarka
MO10_PCB1802,Ładowarka
MO10_PCB1801,Ładowarka
MO10_PCB1408,Ładowarka
MO10_PCB1321,Ładowarka
MO10_PCB1307,Ładowarka
MO10_PCB1306,Ładowarka
MO10_PCB1303,Ładowarka
MO10_PCB1301,Ładowarka
MO10_PCB1297,Ładowarka
MO10_PCB1296,kompaktor
MO10_PCB1287,Ładowarka
MO10_PCB1286,Ładowarka
MO10_PCB1285,Ładowarka
MO10_PCB1284,Ładowarka
MO10_PCB1283,Ładowarka
MO10_PCB1281,Ładowarka
MO10_PCB1236,Ładowarka
MO10_PCB1202,Ładowarka
MO10_PCB1041,Koparka
MO10_PCB1001,Koparka
MO10_PAR9030,Ciągnik
MO10_PAR9010,Ciągnik
MO10_PAR7601,Ciągnik
MO10_PAR7515,Ciągnik
MO10_PAR7511,Ciągnik
MO10_PAR7302,Ciągnik
MO10_PAR7106,Ciągnik
MO10_PAR7104,Ciągnik
MO10_PAR7103,Ciągnik
MO10_PAR7102,Ciągnik
MO10_PAR6908,Ciągnik
MO10_PAR6906,Ciągnik
MO10_PAR6905,Ciągnik
MO10_PAR6903,Ciągnik
MO10_PAR6902,Ciągnik
MO10_PAR5614,Ciągnik
MO10_PAR5613,Ciągnik
MO10_PAR5612,Ciągnik
MO10_PAR5611,Ciągnik
MO10_PAR5016,Ciągnik
MO10_PAR5015,Ciągnik
MO10_PAR3056,Ciągnik
MO10_PAR2914,Ciągnik
MO10_PAR2913,Ciągnik
MO10_PAR2912,Ciągnik
MO10_PAR2911,Ciągnik
MO10_PAR2907,Ciągnik
MO10_PAR1415,Ciągnik
MO10_PAR1414,Ciągnik
MO10_PAR1413,Ciągnik
MO10_PAR1412,Ciągnik
MO10_PAR1411,Ciągnik
MO10_PAR1410,Ciągnik
MO10_PAR1409,Ciągnik
MO10_PAR1408,Ciągnik
MO10_PAR1407,Ciągnik
MO10_PAR1406,Ciągnik
MO10_PAR1405,Ciągnik
MO10_PAR1404,Ciągnik
MO10_PAR1402,Ciągnik
MO10_PAR1339,Ciągnik
MO10_PAR1338,Ciągnik
MO10_PAR1337,Ciągnik
MO10_PAR1333,Ciągnik
MO10_PAR1331,Ciągnik
MO10_PAR1330,Ciągnik
MO10_PAR1329,Ciągnik
MO10_PAR1328,Ciągnik
MO10_PAR1325,Ciągnik
MO10_PAR1324,Ciągnik
MO10_PAR1323,Ciągnik
MO10_PAR1322,Ciągnik
MO10_PAR1321,Ciągnik
MO10_PAR1320,Ciągnik
MO10_PAR1319,Ciągnik
MO10_PAR1318,Ciągnik
MO10_PAR1297,Ciągnik
MO10_PAR1295,Ciągnik
MO10_PAR1293,Ciągnik
MO10_PAR1292,Ciągnik
MO10_PAR1290,Ciągnik
MO10_PAR1289,Ciągnik
MO10_PAR1288,Ciągnik
MO10_PAR1285,Ciągnik
MO10_PAR1282,Ciągnik
MO10_PAR1281,Ciągnik
MO10_PAR1280,Ciągnik
MO10_PAR1279,Ciągnik
MO10_PAR1276,Ciągnik
MO10_PAR1273,Ciągnik
MO10_PAR1272,Ciągnik
MO10_PAR1271,Ciągnik
MO10_PAR1270,Ciągnik
MO10_PAR1269,Ciągnik
MO10_PAR1267,Ciągnik
MO10_PAR1266,Ciągnik
MO10_PAR1265,Ciągnik
MO10_PAR1264,Ciągnik
MO10_PAR1263,Ciągnik
MO10_PAR1262,Ciągnik
MO10_PAR1261,Ciągnik
MO10_PAR1260,Ciągnik
MO10_PAR1259,Ciągnik
MO10_PAR1258,Ciągnik
MO10_PAR1257,Ciągnik
MO10_PAR1256,Ciągnik
MO10_PAR1255,Ciągnik
MO10_PAR1254,Ciągnik
MO10_PAR1253,Ciągnik
MO10_PAR1252,Ciągnik
MO10_PAR1251,Ciągnik
MO10_PAR1250,Ciągnik
MO10_PAR1249,Ciągnik
MO10_PAR1248,Ciągnik
MO10_PAR1247,Ciągnik
MO10_PAR1246,Ciągnik
MO10_PAR1245,Ciągnik
MO10_PAR1244,Ciągnik
MO10_PAR1243,Ciągnik
MO10_PAR1241,Ciągnik
MO10_PAR1240,Ciągnik
MO10_PAR1239,Ciągnik
MO10_PAR1238,Ciągnik
MO10_PAR1237,Ciągnik
MO10_PAR1235,Ciągnik
MO10_PAR1226,Ciągnik
MO10_PAR1222,Ciągnik
MO10_PAR1221,Ciągnik
MO10_PAR1009,Ciągnik
MO10_PAR1002,Ciągnik
MO10_PAB5913,Przyczepa
MO10_PAB4713,Przyczepa
MO10_PAB4712,Przyczepa
MO10_PAB1822,Przyczepa
MO10_PAB1354,Przyczepa
MO10_PAB1348,Ciągnik
MO10_PAB1299,Ciągnik
MO10_PAB1292,Przyczepa
MO10_PAB1267,Uniwersalne/pozostałe
MO10_PAB1266,Uniwersalne/pozostałe
MO10_PAB1265,Uniwersalne/pozostałe
MO10_PAB1264,Uniwersalne/pozostałe
MO10_PAB1257,Ciągnik
MO10_PAB1256,Ciągnik
MO10_PAB1255,Ciągnik
MO10_PAB1254,Ciągnik
MO10_PAB1253,Ciągnik
MO10_PAB1248,Ciągnik
MO10_PAB1247,Ciągnik
MO10_PAB1244,Ciągnik
MO10_PAB1243,Ciągnik
MO10_PAB1241,Ciągnik
MO10_PAB1239,Ciągnik
MO10_PAB1238,Ciągnik
MO10_PAB1237,Ciągnik
MO10_PAB1217,Ciągnik
MO10_PAB1215,Ciągnik
MO10_PAB1214,Ciągnik
MO10_PAB1213,Ciągnik
MO10_PAB1212,Ciągnik
MO10_PAB1211,Ciągnik
MO10_PAB1210,Ciągnik
MO10_PAB1209,Ciągnik
MO10_PAB1208,Ciągnik
MO10_PAB1207,Ciągnik
MO10_PAB1206,Ciągnik
MO10_PAB1205,Ciągnik
MO10_PAB1204,Ciągnik
MO10_PAB1203,Ciągnik
MO10_PAB1202,Ciągnik
MO10_PAB1201,Ciągnik
MO10_PAB1112,Uniwersalne/pozostałe
MO10_PAB1111,Uniwersalne/pozostałe
MO10_PAB1110,Uniwersalne/pozostałe
MO10_PAB1109,Przyczepa
MO10_PAB1102,Przyczepa
MO10_PAB1037,Ciągnik
MO10_PAB1035,Ciągnik
MO8_6404800,Uniwersalne/pozostałe
MO8_11146800,Uniwersalne/pozostałe
MO8_6140100,Uniwersalne/pozostałe
MO8_10557200,kosiarka/ogród
MO8_6140200,Uniwersalne/pozostałe
MO8_6140600,kosiarka/ogród
MO8_6140300,Uniwersalne/pozostałe
MO8_10576400,Uniwersalne/pozostałe
MO8_1219100,Uniwersalne/pozostałe
MO8_1217300,Uniwersalne/pozostałe
MO8_6141100,Uniwersalne/pozostałe
MO8_6140400,kosiarka/ogród
MO8_6405000,Uniwersalne/pozostałe
MO8_6140500,kosiarka/ogród
MO8_1473000,Uniwersalne/pozostałe
MO8_1253300,Uniwersalne/pozostałe
MO8_1228200,Uniwersalne/pozostałe
MO8_1239500,Uniwersalne/pozostałe
MO8_6404500,Uniwersalne/pozostałe
MO8_6158600,Uniwersalne/pozostałe
MO8_11233600,kosiarka/ogród
MO8_1148800,kosiarka/ogród
MO8_1472100,kosiarka/ogród
MO8_11221700,kosiarka/ogród
MO8_1472500,kosiarka/ogród
MO8_1444000,kosiarka/ogród
MO8_1150400,kosiarka/ogród
MO8_1150200,kosiarka/ogród
MO8_1443600,kosiarka/ogród
MO8_1443800,kosiarka/ogród
MO8_1149600,kosiarka/ogród
MO8_1194600,kosiarka/ogród
MO8_1443500,kosiarka/ogród
MO8_1442900,Uniwersalne/pozostałe
MO8_6467500,kosiarka/ogród
MO8_6467200,kosiarka/ogród
MO8_1476300,Uniwersalne/pozostałe
MO8_1169900,kosiarka/ogród
MO8_1298800,kosiarka/ogród
MO8_1148200,kosiarka/ogród
MO8_1440200,Przyczepa
MO8_11144300,Przyczepa
MO8_1467500,kosiarka/ogród
MO8_1444600,kosiarka/ogród
MO8_6156300,Uniwersalne/pozostałe
MO8_1155800,Uniwersalne/pozostałe
MO8_1159700,kosiarka/ogród
MO8_1147400,Uniwersalne/pozostałe
MO8_12754500,kosiarka/ogród
MO8_1300000,kosiarka/ogród
MO8_1481700,kosiarka/ogród
MO8_1169800,kosiarka/ogród
MO8_1467800,Uniwersalne/pozostałe
MO8_1443700,kosiarka/ogród
MO8_11789000,kosiarka/ogród
MO8_0214500,Uniwersalne/pozostałe
MO8_1482100,Uniwersalne/pozostałe
MO8_11940000,Uniwersalne/pozostałe
MO8_6144700,Uniwersalne/pozostałe
MO8_1476200,Przyczepa
MO8_1480700,Przyczepa
MO8_1151000,kosiarka/ogród
MO8_6151100,kosiarka/ogród
MO8_1169500,kosiarka/ogród
MO8_1464900,kosiarka/ogród
MO8_1227900,kosiarka/ogród
MO8_1465600,kosiarka/ogród
MO8_6150600,kosiarka/ogród
MO8_6146100,kosiarka/ogród
MO8_1146200,kosiarka/ogród
MO8_1150000,kosiarka/ogród
MO8_10871100,kosiarka/ogród
MO8_1150300,kosiarka/ogród
MO8_6153200,Uniwersalne/pozostałe
MO8_1152900,Uniwersalne/pozostałe
MO8_11093700,Uniwersalne/pozostałe
MO8_0579600,kosiarka/ogród
MO8_1470100,Uniwersalne/pozostałe
MO8_6150100,kosiarka/ogród
MO8_6170400,kosiarka/ogród
MO8_1194700,Uniwersalne/pozostałe
MO8_10576300,Uniwersalne/pozostałe
MO8_1170000,kosiarka/ogród
MO8_1160600,Uniwersalne/pozostałe
MO8_1152700,Uniwersalne/pozostałe
MO8_1160400,Uniwersalne/pozostałe
MO8_1194200,kosiarka/ogród
MO8_1147700,Uniwersalne/pozostałe
MO8_1168500,Uniwersalne/pozostałe
MO8_1152400,Uniwersalne/pozostałe
MO8_1160300,Uniwersalne/pozostałe
MO8_1160700,Uniwersalne/pozostałe
MO8_1152200,Uniwersalne/pozostałe
MO8_1152000,Uniwersalne/pozostałe
MO8_1159900,Uniwersalne/pozostałe
MO8_1140100,Przyczepa
MO8_1106300,Przyczepa
MO8_0449700,Ciągnik
MO8_0449600,Ciągnik
MO8_0448500,Ciągnik
MO8_0448600,Ciągnik
MO8_0449000,Ciągnik
MO8_0450000,Ciągnik
MO8_0305200,Ciągnik
MO8_1468800,Przyczepa
MO8_1323100,Przyczepa
MO8_1298400,Przyczepa
MO8_1327900,Przyczepa
MO8_1327800,Przyczepa
MO8_1327700,Przyczepa
MO8_1326400,Przyczepa
MO8_1327200,Przyczepa
MO8_1326700,Przyczepa
MO8_1326600,Przyczepa
MO8_1328500,Przyczepa
MO8_1326500,Przyczepa
MO8_1326200,Przyczepa
MO8_1326100,Przyczepa
MO8_1469300,Przyczepa
MO8_1130300,Przyczepa
MO8_1469200,Przyczepa
MO8_1106200,Przyczepa
MO8_1109500,Przyczepa
MO8_1102900,Przyczepa
MO8_1106900,Przyczepa
MO8_0209500,Ciągnik
MO8_0208000,Ciągnik
MO8_0199300,Ciągnik
MO8_0198200,Ciągnik
MO8_0199100,Ciągnik
MO8_0197900,Ciągnik
MO8_0207900,Ciągnik
MO8_0198100,Ciągnik
MO8_0202400,Ciągnik
MO8_0207800,Ciągnik
MO8_0199400,Ciągnik
MO8_0199600,Ciągnik
MO8_11259600,Ciągnik
MO8_0207700,Ciągnik
MO8_0200400,Ciągnik
MO8_0198800,Ciągnik
MO8_0199800,Ciągnik
MO8_0199900,Ciągnik
MO8_0197700,Ciągnik
MO8_0199200,Ciągnik
MO8_0198600,Ciągnik
MO8_0200100,Ciągnik
MO8_0200200,Ciągnik
MO8_0207600,Ciągnik
MO8_1105700,Przyczepa
MO8_1105500,Przyczepa
MO8_1105300,Przyczepa
MO8_1105100,Przyczepa
MO8_1105000,Przyczepa
MO8_1104600,Przyczepa
MO8_1104400,Przyczepa
MO8_1104300,Przyczepa
MO8_1104200,Przyczepa
MO8_1104100,Przyczepa
MO8_1103900,Przyczepa
MO8_1103700,Przyczepa
MO8_1103400,Przyczepa
MO8_1103300,Przyczepa
MO8_1473900,Przyczepa
MO8_1103000,Przyczepa
MO8_1103100,Przyczepa
MO8_6134100,Przyczepa
MO8_6134000,Przyczepa
MO8_1473600,Przyczepa
MO8_12015400,Przyczepa
MO8_6134700,Przyczepa
MO8_1470700,Przyczepa
MO8_1468700,Przyczepa
MO8_1137700,Przyczepa
MO8_1143100,Przyczepa
MO8_5017215710000,Ładowarka
MO8_13467600,Ładowarka
MO8_5017215700000,Ładowarka
MO8_5017215720000,Ładowarka
MO8_1110600,Ładowarka
MO8_5017215580000,Ładowarka
MO8_5017215680000,Ładowarka
MO8_5017215670000,Ładowarka
MO8_5017215660000,Ładowarka
MO8_5017215650000,Ładowarka
MO8_12643100,Ładowarka
MO8_5017215640000,Ładowarka
MO8_5017215630000,Ładowarka
MO8_5017215610000,Ładowarka
MO8_13158500,Ciągnik
MO8_1115400,Ciągnik
MO8_1071200,Ciągnik
MO8_1070900,Ciągnik
MO8_0733100,Ciągnik
MO8_0734100,Ciągnik
MO8_0732900,Ciągnik
MO8_0734000,Ciągnik
MO8_1112800,Ciągnik
MO8_12948600,Ciągnik
MO8_1112700,Ciągnik
MO8_11572700,Ciągnik
MO8_0734400,Ciągnik
MO8_5017215950000,Ciągnik
MO8_13537100,Ciągnik
MO8_11572500,Ciągnik
MO8_0733700,Ciągnik
MO8_13526900,Ciągnik
MO8_0734600,Ciągnik
MO8_0732300,Ciągnik
MO8_5017215940000,Ciągnik
MO8_1112100,Ciągnik
MO8_1115100,Ciągnik
MO8_13158700,Ciągnik
MO8_1294800,Ciągnik
MO8_1115300,Ciągnik
MO8_1117600,Ciągnik
MO8_1070700,Ciągnik
MO8_13467400,Ciągnik
MO8_0732200,Ciągnik
MO8_13639500,Ciągnik
MO8_12086100,Ciągnik
MO8_13608700,Ciągnik
MO8_11562600,Ciągnik
MO8_1112000,Ciągnik
MO8_12626100,Ciągnik
MO8_1111900,Ciągnik
MO8_1071000,Ciągnik
MO8_0732000,Ciągnik
MO8_12205400,Ciągnik
MO8_0730300,Ciągnik
MO8_1111800,Ciągnik
MO8_1118900,Ciągnik
MO8_1111700,Ciągnik
MO8_0731800,Ciągnik
MO8_12206900,Ciągnik
MO8_13734800,Ciągnik
MO8_5017216860000,Ciągnik
MO8_1117300,Ciągnik
MO8_1117200,Ciągnik
MO8_1111600,Ciągnik
MO8_5017216850000,Ciągnik
MO8_1117100,Ciągnik
MO8_1111500,Ciągnik
MO8_5017216840000,Ciągnik
MO8_0731500,Ciągnik
MO8_1116900,Ciągnik
MO8_1111400,Ciągnik
MO8_1115800,Ciągnik
MO8_1116800,Ciągnik
MO8_1115700,Ciągnik
MO8_0731200,Ciągnik
MO8_1116600,Ciągnik
MO8_1117400,Ciągnik
MO8_0733600,Ciągnik
MO8_13302300,Ciągnik
MO8_1111300,Ciągnik
MO8_0733500,Ciągnik
MO8_0733400,Ciągnik
MO8_1111200,Ciągnik
MO8_1111100,Ciągnik
MO8_0733300,Ciągnik
MO8_1294000,Ciągnik
MO8_11372800,Ciągnik
MO8_0733200,Ciągnik
MO8_0730900,Ciągnik
MO8_1293900,Ciągnik
MO8_0730700,Ciągnik
MO8_0730600,Ciągnik
MO8_1293800,Ciągnik
MO8_1118600,Ciągnik
MO8_0730800,Ciągnik
MO8_10716600,Ciągnik
MO8_0730500,Ciągnik
MO8_0730400,Ciągnik
MO8_1117900,Ciągnik
MO8_10716500,Ciągnik
MO1_71970103,Ciągnik
MO1_71970074,Wózek widłowy
MO1_71970071,Wózek widłowy
MO1_71970032,Wózek widłowy
MO1_71970021,Wózek widłowy
MO1_19800286,Uniwersalne/pozostałe
MO1_17422750,Uniwersalne/pozostałe
MO1_17421920,Skidder
MO1_15285312,Ładowarka
MO1_15285305,Ładowarka
MO1_15284098,Ciągnik
MO1_15272630,Ładowarka
MO1_15272625,Ładowarka
MO1_15272620,Ładowarka
MO1_15272572,maszyny górnicze
MO1_15272548,maszyny górnicze
MO1_15272542,maszyny górnicze
MO1_15272465,Ładowarka
MO1_15272280,Ładowarka
MO1_15272127,Ładowarka
MO1_15272084,Ładowarka
MO1_15231505,Ładowarka
MO1_15231500,Ładowarka
MO1_15231490,Ładowarka
MO1_15231230,Uniwersalne/pozostałe
MO1_15231210,Uniwersalne/pozostałe
MO1_15231182,Uniwersalne/pozostałe
MO1_15231161,Uniwersalne/pozostałe
MO1_15231153,Uniwersalne/pozostałe
MO1_15231071,Uniwersalne/pozostałe
MO1_15231067,Uniwersalne/pozostałe
MO1_15231047,Uniwersalne/pozostałe
MO1_15231026,Uniwersalne/pozostałe
MO1_15228925,Ciągnik
MO1_15228915,Ciągnik
MO1_15228912,Ciągnik
MO1_15228900,Ciągnik
MO1_15228890,Ciągnik
MO1_15228881,Ciągnik
MO1_15228879,Ciągnik
MO1_15228875,Ciągnik
MO1_15228865,Ciągnik
MO1_15228864,Ciągnik
MO1_15228860,Ciągnik
MO1_15228850,Ciągnik
MO1_15228847,Ciągnik
MO1_15228846,Ciągnik
MO1_15228842,Ciągnik
MO1_15228838,Ciągnik
MO1_15228830,Ciągnik
MO1_15228826,Ciągnik
MO1_15228825,Ciągnik
MO1_15228820,Ciągnik
MO1_15228815,Ciągnik
MO1_15228814,Ciągnik
MO1_15228812,Ciągnik
MO1_15228808,Ciągnik
MO1_15228798,Ciągnik
MO1_15228793,Ciągnik
MO1_15228791,Ciągnik
MO1_15228787,Ciągnik
MO1_15228785,Ciągnik
MO1_15228781,Ciągnik
MO1_15228731,Ciągnik
MO1_15228727,Ciągnik
MO1_15228721,Ciągnik
MO1_15228717,Ciągnik
MO1_15228702,Ciągnik
MO1_15228701,Ciągnik
MO1_15228692,Ciągnik
MO1_15228691,Ciągnik
MO1_15228680,Ciągnik
MO1_15228661,Ciągnik
MO1_15228651,Ciągnik
MO1_15228640,Ciągnik
MO1_15228631,Ciągnik
MO1_15228621,Ciągnik
MO1_15228594,Ciągnik
MO1_15228581,Ciągnik
MO1_15228571,Ciągnik
MO1_15228562,Ciągnik
MO1_15228561,Ciągnik
MO1_15228525,Ciągnik
MO1_15228498,Ciągnik
MO1_15228245,Ciągnik
MO1_15228152,Ciągnik
MO1_15227827,Ciągnik
MO1_15227799,Ciągnik
MO1_15227788,Ciągnik
MO1_15227680,Ciągnik
MO1_15227430,Ciągnik
MO1_15226831,Kombajn
MO1_15226811,Ciągnik
MO1_15226794,Kombajn
MO1_15226767,Kombajn
MO1_15226745,Ciągnik
MO1_15226130,Ładowarka
MO1_15226020,Ciągnik
MO1_15225239,Ciągnik
MO1_15225181,Kombajn
MO1_15225145,Ciągnik
MO1_15225144,Kombajn
MO1_15223350,Uniwersalne/pozostałe
MO1_15223336,Uniwersalne/pozostałe
MO1_15223333,Uniwersalne/pozostałe
MO1_15223320,Uniwersalne/pozostałe
MO1_15223305,Uniwersalne/pozostałe
MO1_15223090,Uniwersalne/pozostałe
MO1_15222804,Ciągnik
MO1_15222802,Ciągnik
MO1_15222733,Ciągnik
MO1_15222730,Uniwersalne/pozostałe
MO1_15222693,Ciągnik
MO1_15222685,Uniwersalne/pozostałe
MO1_15222591,Ciągnik
MO1_15222580,Uniwersalne/pozostałe
MO1_15222574,Ciągnik
MO1_15222531,Ciągnik
MO1_15222481,Ciągnik
MO1_15222435,Ciągnik
MO1_15222372,Ciągnik
MO1_15222330,Uniwersalne/pozostałe
MO1_15222301,Ciągnik
MO1_15222268,Uniwersalne/pozostałe
MO1_15222267,Ciągnik
MO1_15222214,Ciągnik
MO1_15222213,Ciągnik
MO1_15222211,Ciągnik
MO1_15222192,Ciągnik
MO1_15222172,Ciągnik
MO1_15222075,Ciągnik
MO1_15222049,Ciągnik
MO1_15221129,Ciągnik
MO1_15216265,Przyczepa
MO1_15216252,Przyczepa
MO1_15216250,Przyczepa
MO1_15216249,Przyczepa
MO1_15216248,Przyczepa
MO1_15216245,Przyczepa
MO1_15216170,Przyczepa
MO1_15216131,Przyczepa
MO1_15216050,Przyczepa
MO1_15215740,Przyczepa
MO1_15215700,Przyczepa
MO1_15215692,Ładowarka
MO1_15215600,Przyczepa
MO1_15215562,Przyczepa
MO1_15215531,Przyczepa
MO1_15212820,Przyczepa
MO1_15212721,Przyczepa
MO1_15212705,Przyczepa
MO1_15212670,Przyczepa
MO1_15212625,Przyczepa
MO1_15212616,Przyczepa
MO1_15212598,Przyczepa
MO1_15212592,Ciągnik
MO1_15212591,Przyczepa
MO1_15212584,Przyczepa
MO1_15212559,Ciągnik
MO1_15212485,Ładowarka
MO1_15212337,Ładowarka
MO1_15212332,Ładowarka
MO1_15212311,Ładowarka
MO1_15212250,Przyczepa
MO1_15211695,Ciągnik
MO1_15211691,Ładowarka
MO1_15211689,Ładowarka
MO1_15211688,Ładowarka
MO1_15211687,Ładowarka
MO1_15211683,Ciągnik
MO1_15211676,Ciągnik
MO1_15211665,Uniwersalne/pozostałe
MO1_15211664,Ładowarka
MO1_15211659,Uniwersalne/pozostałe
MO1_15211654,Przyczepa
MO1_15211647,Przyczepa
MO1_15211639,Przyczepa
MO1_15211633,Ładowarka
MO1_15211621,Ładowarka
MO1_15185314,Ładowarka
MO1_15185313,Ładowarka
MO1_15172672,maszyny górnicze
MO1_15172581,maszyny górnicze
MO1_15172543,maszyny górnicze
MO1_15131233,Ładowarka
MO1_15131210,Ładowarka
MO1_15131161,Ładowarka
MO1_15131071,Ładowarka
MO1_15128991,Opryskiwacz
MO1_15128950,Opryskiwacz
MO1_15128925,Ciągnik
MO1_15128920,Ciągnik
MO1_15128915,Ciągnik
MO1_15128901,Ciągnik
MO1_15128881,Ciągnik
MO1_15128875,Ciągnik
MO1_15128864,Ciągnik
MO1_15128843,Ciągnik
MO1_15128830,Ciągnik
MO1_15128829,Ciągnik
MO1_15128827,Ciągnik
MO1_15128805,Ciągnik
MO1_15128800,Ciągnik
MO1_15128794,Ciągnik
MO1_15128693,Ciągnik
MO1_15128652,Ciągnik
MO1_15128602,Ciągnik
MO1_15128582,Ciągnik
MO1_15128581,Ciągnik
MO1_15127865,Ciągnik
MO1_15127799,Ciągnik
MO1_15127789,Ciągnik
MO1_15127520,Ciągnik
MO1_15127412,Ciągnik
MO1_15126984,Ciągnik
MO1_15126983,Ciągnik
MO1_15126981,Ciągnik
MO1_15126980,Ciągnik
MO1_15126900,Ciągnik
MO1_15126860,Ciągnik
MO1_15126853,Ciągnik
MO1_15126851,Ciągnik
MO1_15126850,Ciągnik
MO1_15126847,Ciągnik
MO1_15126828,Ciągnik
MO1_15126811,Ciągnik
MO1_15126805,Ciągnik
MO1_15126799,Ciągnik
MO1_15126786,Ciągnik
MO1_15126778,Ciągnik
MO1_15126771,Ciągnik
MO1_15126757,Ciągnik
MO1_15126753,Ciągnik
MO1_15126744,Kombajn
MO1_15126735,Ciągnik
MO1_15126734,Ciągnik
MO1_15126733,Ciągnik
MO1_15126732,Ciągnik
MO1_15126731,Ciągnik
MO1_15126701,Ciągnik
MO1_15126682,Ciągnik
MO1_15126678,Ciągnik
MO1_15126670,Ciągnik
MO1_15126669,Ciągnik
MO1_15126395,Ciągnik
MO1_15126365,Ciągnik
MO1_15126335,Ciągnik
MO1_15126310,Ciągnik
MO1_15126306,Ciągnik
MO1_15126255,Ciągnik
MO1_15126193,Ciągnik
MO1_15126191,Ciągnik
MO1_15126188,Ciągnik
MO1_15126186,Ciągnik
MO1_15126165,Ciągnik
MO1_15126150,Ciągnik
MO1_15126125,Ciągnik
MO1_15126100,Ciągnik
MO1_15126070,Ciągnik
MO1_15125280,Kombajn
MO1_15125107,Ciągnik
MO1_15125106,Ciągnik
MO1_15125013,Ciągnik
MO1_15125010,Ciągnik
MO1_15125000,Ciągnik
MO1_15122805,Ciągnik
MO1_15122803,Ciągnik
MO1_15122802,Ciągnik
MO1_15122785,Ciągnik
MO1_15122733,Ciągnik
MO1_15122591,Ciągnik
MO1_15122574,Ciągnik
MO1_15122531,Ciągnik
MO1_15122458,Ciągnik
MO1_15122435,Ciągnik
MO1_15122415,Ciągnik
MO1_15122367,kompaktor
MO1_15122301,Ciągnik
MO1_15122267,Ciągnik
MO1_15122213,Ciągnik
MO1_15122211,Ciągnik
MO1_15122192,Ciągnik
MO1_15122191,Ciągnik
MO1_15122172,Ciągnik
MO1_15122154,Ciągnik
MO1_15121200,Ciągnik
MO1_15121180,Ciągnik
MO1_15121142,Ciągnik
MO1_15121140,Ciągnik
MO1_15121130,Ciągnik
MO1_15121125,Ciągnik
MO1_15121120,Ciągnik
MO1_15121100,Ciągnik
MO1_15116260,Przyczepa
MO1_15116250,Przyczepa
MO1_15116241,Przyczepa
MO1_15116240,Przyczepa
MO1_15116228,Przyczepa
MO1_15116225,Przyczepa
MO1_15116210,Przyczepa
MO1_15112870,Przyczepa
MO1_15112831,Przyczepa
MO1_15112721,Przyczepa
MO1_15112655,Przyczepa
MO1_15112648,Przyczepa
MO1_15112636,Przyczepa
MO1_15112602,Przyczepa
MO1_15112595,Przyczepa
MO1_15112591,Przyczepa
MO1_15112575,Przyczepa
MO1_15112569,Przyczepa
MO1_15111687,Przyczepa
MO1_15111682,Przyczepa
MO1_15111677,Przyczepa
MO1_15111653,Przyczepa
MO1_15111635,Przyczepa
MO1_15111631,Przyczepa
MO1_11166115,Naczepa/przyczepa
MO1_11166085,Oś napędowa
MO1_10007509,Przyczepa
MO1_10007500,Ciągnik
MO1_10007499,Ciągnik
MO1_10007498,Ciągnik
MO1_10006237,Ciągnik
MO1_10006121,Opryskiwacz
MO1_10005899,Ciągnik
MO1_10005658,Ciągnik
MO1_10005656,Ciągnik
MO1_10005653,Ciągnik
MO1_10005648,Ciągnik
MO1_10005643,Ciągnik
MO1_10005376,Przyczepa
MO1_10005364,Kombajn
MO1_10005362,Opryskiwacz
MO1_10005040,Przyczepa
MO1_10004937,Ciągnik
MO1_10004925,Ciągnik
MO1_10004831,Przyczepa
MO1_10004811,Kombajn
MO1_10004773,Ciągnik
MO1_10004700,Ciągnik
MO1_10004699,Ciągnik
MO1_10004682,Przyczepa
MO1_10004655,kosiarka/ogród
MO1_10004654,kosiarka/ogród
MO1_10004589,Ciągnik
MO1_10004508,Uniwersalne/pozostałe
MO1_10004486,Przyczepa
MO1_10004485,Przyczepa
MO1_10004395,Przyczepa
MO1_10004340,Przyczepa
MO1_10004301,Ciągnik
MO1_10004254,Ciągnik
MO1_10004253,Ciągnik
MO1_10004241,kosiarka/ogród
MO1_10004234,Kombajn
MO1_10004228,kosiarka/ogród
MO1_10004222,kosiarka/ogród
MO1_10004221,kosiarka/ogród
MO1_10004168,Kombajn
MO1_10004148,Uniwersalne/pozostałe
MO1_10004044,Kombajn
MO1_10004041,Przyczepa
MO1_10004030,Ciągnik
MO1_10004001,Przyczepa
MO1_10003996,Ładowarka
MO1_10003948,Uniwersalne/pozostałe
MO1_10003846,Ciągnik
MO1_10003814,Ładowarka
MO1_10003672,maszyny górnicze
MO1_10003623,maszyny górnicze
MO1_10003620,maszyny górnicze
MO1_10003614,Ciągnik
MO1_10003450,Ciągnik
MO1_10003421,Ciągnik
MO1_10003405,Ciągnik
MO1_10003404,Ciągnik
MO1_10003386,maszyny górnicze
MO1_10003381,Kombajn
MO1_10003362,Ciągnik
MO1_10003361,Ciągnik
MO1_10003360,Ciągnik
MO1_10003359,Ciągnik
MO1_10003356,Ciągnik
MO1_10003353,Ciągnik
MO1_10002992,Wózek widłowy
MO1_10002975,Wózek widłowy
MO1_10002904,Ładowarka
MO1_10002903,Ładowarka
MO1_10002902,Ciągnik
MO1_10002898,Ciągnik
MO1_10002693,Ładowarka
MO1_10002672,Przyczepa
MO1_10002671,Przyczepa
MO1_10002670,Ciągnik
MO1_10002620,Ładowarka
MO1_10002567,Ciągnik
MO1_10002566,Ciągnik
MO1_10002565,Ciągnik
MO1_10002564,Ciągnik
MO1_10002563,Ciągnik
MO1_10002560,Ciągnik
MO1_10002559,Ciągnik
MO1_10002558,Ciągnik
MO1_10002557,Ciągnik
MO1_10002554,Ciągnik
MO1_10002553,Ciągnik
MO1_10002552,Ciągnik
MO1_10002551,Ciągnik
MO1_10002081,Ładowarka
MO1_10002057,Ciągnik
MO1_10001857,maszyny górnicze
MO1_10001829,Ciągnik
MO1_10001819,Ciągnik
MO1_10001808,Ciągnik
MO1_10001801,Ciągnik
MO1_10001782,Ciągnik
MO1_10001777,Ciągnik
MO1_10001756,Ciągnik
MO1_10001730,Ciągnik
MO1_10001729,Kombajn
MO1_10001724,Ciągnik
MO1_10001722,Ciągnik
MO1_10001721,Ciągnik
MO1_10001720,Ciągnik
MO1_10001719,Ciągnik
MO1_10001718,Ciągnik
MO1_10001713,Ciągnik
MO1_10001712,Ciągnik
MO1_10001711,Ciągnik
MO1_10001710,Ciągnik
MO1_10001705,Ciągnik
MO1_10001704,Ciągnik
MO1_10001703,Ciągnik
MO1_10001701,Ciągnik
MO1_10001700,Ciągnik
MO1_10001698,Ciągnik
MO1_10001682,Ciągnik
MO1_10001681,Ciągnik
MO1_10001666,Ciągnik
MO1_10001665,Ciągnik
MO1_10001664,Ciągnik
MO1_10001663,Ciągnik
MO1_10001661,Ciągnik
MO1_10001660,Ciągnik
MO1_10001658,Ciągnik
MO1_10001656,Ciągnik
MO1_10001655,Ciągnik
MO1_10001615,Naczepa/przyczepa
MO1_10001614,Naczepa/przyczepa
MO1_10001613,Naczepa/przyczepa
MO1_10001611,maszyny górnicze
MO1_10001521,Ciągnik
MO1_10001314,Ładowarka
MO1_10001268,Ładowarka
MO1_10001266,Ładowarka
MO1_10001202,Kombajn
MO1_10001142,Opryskiwacz
MO1_10001084,Opryskiwacz
MO1_10000985,Ładowarka
MO1_10000984,Ładowarka
MO1_10000967,Przyczepa
MO1_10000953,Przyczepa
MO1_10000946,Przyczepa
MO1_10000907,Oś kierowana
MO1_10000843,Ładowarka
MO1_10000775,Ciągnik
MO1_10000658,Ciągnik
MO1_10000488,Ciągnik
MO1_10000352,Kombajn
MO1_10000345,Ciągnik
MO1_10000326,Kombajn
MO1_10000325,Ciągnik
MO1_10000324,Ładowarka
MO1_10000322,Ciągnik
MO1_10000312,Ciągnik
MO1_10000304,Ciągnik
MO1_10000303,Ciągnik
MO1_10000289,Ciągnik
MO1_10000284,Przyczepa
MO1_10000255,Ładowarka
MO1_10000254,Ładowarka
MO1_10000253,Ładowarka
MO1_10000151,Ciągnik
MO1_10000149,Ciągnik
MO1_10000147,Ciągnik
MO1_10000133,Ciągnik
MO1_10000119,Ciągnik
MO1_10000105,Ciągnik
MO1_10000104,Ciągnik
MO1_10000085,Ciągnik
MO7_T445468,suwnica/dźwig
MO7_T445471,suwnica/dźwig
MO7_T445663,suwnica/dźwig
MO7_T445805,suwnica/dźwig
MO7_T445638,suwnica/dźwig
MO7_T445662,suwnica/dźwig
MO7_T445637,suwnica/dźwig
MO7_T445711,suwnica/dźwig
MO7_T445710,suwnica/dźwig
MO7_T845482,suwnica/dźwig
MO7_T845483,suwnica/dźwig
MO7_T445547,maszyny górnicze
MO7_T445546,maszyny górnicze
MO7_T445545,maszyny górnicze
MO7_T445580,maszyny górnicze
MO7_T445540,maszyny górnicze
MO7_T445544,maszyny górnicze
MO7_T445709,maszyny górnicze
MO7_T445617,maszyny górnicze
MO7_T445712,maszyny górnicze
MO7_T445431,Uniwersalne/pozostałe
MO7_T445651,Uniwersalne/pozostałe
MO7_T445610,Uniwersalne/pozostałe
MO7_T445611,Uniwersalne/pozostałe
MO7_T445600,Uniwersalne/pozostałe
MO7_T445406,Uniwersalne/pozostałe
MO7_T445440,Uniwersalne/pozostałe
MO7_T445404,Uniwersalne/pozostałe
MO7_T445653,Uniwersalne/pozostałe
MO7_T445496,Uniwersalne/pozostałe
MO7_T445542,Uniwersalne/pozostałe
MO7_T445407,Uniwersalne/pozostałe
MO7_T445441,Uniwersalne/pozostałe
MO7_T445405,Uniwersalne/pozostałe
MO7_T445401,Uniwersalne/pozostałe
MO7_T445402,Uniwersalne/pozostałe
MO7_T445453,Uniwersalne/pozostałe
MO7_T445500,Uniwersalne/pozostałe
MO7_T445469,Uniwersalne/pozostałe
MO7_T445470,Uniwersalne/pozostałe
MO7_T445499,Uniwersalne/pozostałe
MO7_T445601,Uniwersalne/pozostałe
MO7_T445641,Uniwersalne/pozostałe
MO7_T445465,Uniwersalne/pozostałe
MO7_T445654,Uniwersalne/pozostałe
MO7_T445659,Uniwersalne/pozostałe
MO7_T445708,Uniwersalne/pozostałe
MO7_T445606,Koparka
MO7_T445605,Koparka
MO7_T445604,Koparka
MO7_T445614,Skidder
MO7_T445620,Skidder
MO7_T445613,Skidder
MO7_T445621,Skidder
MO7_T445615,Skidder
MO7_T445516,"Forwarder, harwester"
MO7_T445616,Skidder
MO7_T445415,Uniwersalne/pozostałe
MO7_T445414,Uniwersalne/pozostałe
MO7_T445413,Uniwersalne/pozostałe
MO7_T445412,Uniwersalne/pozostałe
MO7_T445411,Uniwersalne/pozostałe
MO7_T445410,Uniwersalne/pozostałe
MO7_T445787,Uniwersalne/pozostałe
MO7_T445788,Uniwersalne/pozostałe
MO7_T445793,Uniwersalne/pozostałe
MO7_T445777,Uniwersalne/pozostałe
MO7_T445779,Uniwersalne/pozostałe
MO7_T445786,Uniwersalne/pozostałe
MO7_T445789,Uniwersalne/pozostałe
MO7_T445790,Uniwersalne/pozostałe
MO7_T445785,Uniwersalne/pozostałe
MO7_T445778,Uniwersalne/pozostałe
MO7_T445780,Uniwersalne/pozostałe
MO7_T445784,Uniwersalne/pozostałe
MO7_T445597,"Forwarder, harwester"
MO7_T445565,"Forwarder, harwester"
MO7_T445598,"Forwarder, harwester"
MO7_T445599,"Forwarder, harwester"
MO7_T445625,"Forwarder, harwester"
MO7_T445596,"Forwarder, harwester"
MO7_T445476,"Forwarder, harwester"
MO7_T445475,"Forwarder, harwester"
MO7_T445528,"Forwarder, harwester"
MO7_T445527,"Forwarder, harwester"
MO7_T445541,"Forwarder, harwester"
MO7_T445624,"Forwarder, harwester"
MO7_T445622,"Forwarder, harwester"
MO7_T445716,"Forwarder, harwester"
MO7_T445715,"Forwarder, harwester"
MO7_T445714,"Forwarder, harwester"
MO7_T445537,"Forwarder, harwester"
MO7_T445570,"Forwarder, harwester"
MO7_T445603,"Forwarder, harwester"
MO7_T445574,"Forwarder, harwester"
MO7_T445800,"Forwarder, harwester"
MO7_T445589,"Forwarder, harwester"
MO7_T445571,"Forwarder, harwester"
MO7_T445573,"Forwarder, harwester"
MO7_T445717,"Forwarder, harwester"
MO7_T445572,"Forwarder, harwester"
MO7_T445608,"Forwarder, harwester"
MO7_T445619,"Forwarder, harwester"
MO7_T445581,"Forwarder, harwester"
MO7_T445612,"Forwarder, harwester"
MO7_T445594,"Forwarder, harwester"
MO7_T445602,"Forwarder, harwester"
MO7_T445801,"Forwarder, harwester"
MO7_T445640,"Forwarder, harwester"
MO7_T445566,"Forwarder, harwester"
MO7_T445567,"Forwarder, harwester"
MO7_T445718,"Forwarder, harwester"
MO7_T445568,"Forwarder, harwester"
MO7_T445639,"Forwarder, harwester"
MO7_T445607,"Forwarder, harwester"
MO7_T445618,"Forwarder, harwester"
MO7_T445313,Skidder
MO7_T445314,Skidder
MO7_T445335,Skidder
MO7_T445395,"Forwarder, harwester"
MO7_T445687,Uniwersalne/pozostałe
MO7_T445686,Uniwersalne/pozostałe
MO7_T445740,Uniwersalne/pozostałe
MO7_T445685,Uniwersalne/pozostałe
MO7_T445852,Uniwersalne/pozostałe
MO7_T445741,Uniwersalne/pozostałe
MO7_T445684,Uniwersalne/pozostałe
MO7_T445683,Uniwersalne/pozostałe
MO7_T445682,Uniwersalne/pozostałe
MO7_T445681,Uniwersalne/pozostałe
MO7_T445680,Uniwersalne/pozostałe
MO7_T445679,Uniwersalne/pozostałe
MO7_T445678,Uniwersalne/pozostałe
MO7_T445677,Uniwersalne/pozostałe
MO7_T445676,Uniwersalne/pozostałe
MO7_T445851,Uniwersalne/pozostałe
MO7_T445675,Uniwersalne/pozostałe
MO7_T445674,Uniwersalne/pozostałe
MO7_T445673,Uniwersalne/pozostałe
MO7_T445806,Uniwersalne/pozostałe
MO5_MCRD260L3100TA072,Ciągnik
MO5_MACR19524570MDR40,Oś kierowana
MO5_HLRR340460858FR80,Ciągnik
MO5_HLRD160E40006MF20,Ciągnik
MO2_152.26.948,Ciągnik
MO5_MCRD360D83006A100,Ciągnik
MO3_4406528MTdemo,Ciągnik
MO5_OZRD260G49006KNK1,Uniwersalne/pozostałe
MO5_OTRD160E65006SA10,Ciągnik
MO5_MIRD080F16000B196,kosiarka/ogród
MO5_MIRD060E40000B111,kosiarka/ogród
MO5_MCRD260G84006A100,Ciągnik
MO5_KARD153G10758KAI1,Przyczepa
MO5_HLRD120E70006MAW0,Przyczepa
MO5_HLRD120E60006MRT2,Ciągnik
MO1_15111695,Przyczepa
MO2_WL0084,Naczepa/przyczepa
MO9_336320,Ciągnik
MO9_336319,Ciągnik
MO9_280851,Ciągnik
MO9_107121,Forwarder
MO9_107120,Forwarder
MO9_107114,Forwarder
MO9_106988,Ciągnik
MO9_106986,Ciągnik
MO9_106950,Forwarder
MO9_106949,Forwarder
MO9_104160,Ciągnik
MO9_103587,Ciągnik
MO9_103583,Ciągnik
MO9_102759,Ciągnik
MO9_102758,Ciągnik
MO9_102602,Ciągnik
MO9_102466,Ciągnik
MO9_102454,Ciągnik
MO9_102453,Ciągnik
MO9_102381,Ciągnik
MO9_101513,Ciągnik
MO9_101512,Ciągnik
MO9_101511,Ciągnik
MO9_101509,Ciągnik
MO9_101367,Ciągnik
MO9_101239,Ciągnik
MO9_101175,Ciągnik
MO9_101072,Ciągnik
MO9_101071,Ciągnik
MO9_101059,Ciągnik
MO9_100666,Ciągnik
MO9_100656,Ciągnik
MO9_99396,Ciągnik
MO9_98831,Ciągnik
MO9_98692,Ciągnik
MO9_98251,Ciągnik
MO9_68891,Ciągnik
MO9_68467,Ciągnik
MO9_68411,Ciągnik
MO9_68375,Ciągnik
MO9_68348,Ciągnik
MO9_68262,Ciągnik
MO9_68188,Ciągnik
MO9_67815,Ciągnik
MO9_67814,Ciągnik
MO9_67708,Ciągnik
MO9_67409,Ciągnik
MO9_67003,Ciągnik
MO9_67000,Ciągnik
MO9_66780,Ciągnik
MO9_66753,Ciągnik
MO9_66724,Ciągnik
MO9_66556,Ciągnik
MO9_66550,Ciągnik
MO9_66482,Ciągnik
MO9_66455,Ciągnik
MO9_66440,Ciągnik
MO9_66432,Ciągnik
MO9_66357,Ciągnik
MO9_66298,Ciągnik
MO9_66269,Ciągnik
MO9_66258,Ciągnik
MO9_66200,Ciągnik
MO9_66181,Ciągnik
MO9_66091,Ciągnik
MO9_66009,Ciągnik
MO9_65988,Ciągnik
MO9_65945,Ciągnik
MO9_65937,Ciągnik
MO9_65754,Ciągnik
MO9_65725,Ciągnik
MO9_65676,Ciągnik
MO9_65649,Ciągnik
MO9_65538,Ciągnik
MO9_65479,Ciągnik
MO9_65401,Ciągnik
MO9_65380,Ciągnik
MO9_65279,Ciągnik
MO9_63494,Ciągnik
MO9_63301,Forwarder
MO9_63010,Ciągnik
MO9_62936,Ciągnik
MO9_58220,Ciągnik
MO9_57899,Ciągnik
MO9_56230,Ciągnik
MO9_54530,Ciągnik
MO9_51340,Ciągnik
MO9_49931,Ciągnik
MO9_49837,Ciągnik
MO9_49738,Ciągnik
MO9_49516,Ciągnik
MO9_48102,Ciągnik
MO9_47862,Ciągnik
MO9_47510,Forwarder
MO9_45282,Ciągnik
MO9_40417,Ciągnik
MO9_40250,Forwarder
MO9_38498,Ciągnik
MO9_37875,Ciągnik
MO9_34602,Ciągnik
MO9_30716,Ciągnik
MO9_29937,Ciągnik
MO9_27235,Ciągnik
MO9_26493,Ciągnik
MO9_25122,Ciągnik
MO9_19460,Ciągnik
MO9_18179,Ciągnik
MO9_16429,Ciągnik
MO9_15564,Ciągnik
MO9_14375,Ciągnik
MO9_11049,Ciągnik
MO9_8990,Ciągnik
MO9_8478,Ciągnik
MO9_8190,Ciągnik
MO9_3743,Ciągnik
MO5_VRRR38052070DTX70,Uniwersalne/pozostałe
MO5_VRRR38042085885T0,Uniwersalne/pozostałe
MO5_VRRR34060070DTVX0,Uniwersalne/pozostałe
MO5_VRRR34054065DTV60,Uniwersalne/pozostałe
MO5_VRRR34052070DTX70,Uniwersalne/pozostałe
MO5_VRRR28048065DTV60,Uniwersalne/pozostałe
MO5_VRRR28042070DTV70,Uniwersalne/pozostałe
MO5_VRRR28038085885T0,Uniwersalne/pozostałe
MO5_VRRR28028085885T0,Uniwersalne/pozostałe
MO5_VRRR24042085885T0,Uniwersalne/pozostałe
MO5_VRRR24038070DTX70,Uniwersalne/pozostałe
MO5_VRRR24034085885T0,Uniwersalne/pozostałe
MO5_VRRR240320858TV80,Uniwersalne/pozostałe
MO5_VRRR24028085885T0,Uniwersalne/pozostałe
MO5_VRRR20036070DTX70,Uniwersalne/pozostałe
MO5_VRRR20028085DTV80,Uniwersalne/pozostałe
MO5_VRRR20028070DTX70,Uniwersalne/pozostałe
MO5_VRRR20026070DTX70,Uniwersalne/pozostałe
MO5_VRPR280440808TVE0,Uniwersalne/pozostałe
MO5_VRPR240500708TVE1,Uniwersalne/pozostałe
MO5_VRPR240460708TVE1,Uniwersalne/pozostałe
MO5_VRPR240460708END0,Uniwersalne/pozostałe
MO5_VRPR240400808TVE0,Uniwersalne/pozostałe
MO5_VRPR240400808END0,Uniwersalne/pozostałe
MO5_VRPR240400708TVE0,Uniwersalne/pozostałe
MO5_VRPR240400708END0,Uniwersalne/pozostałe
MO5_VRPR200400708END0,Uniwersalne/pozostałe
MO5_VRPR200340808END0,Uniwersalne/pozostałe
MO5_VRPR180400708END0,Uniwersalne/pozostałe
MO5_TRRD155280608T210,Ciągnik
MO5_TRRD145200600T4X0,Ciągnik
MO5_TRRD14016000452T1,Ciągnik
MO5_TRRD13014500452T1,Ciągnik
MO5_TRRD120320608T211,Ciągnik
MO5_TRRD120320608T210,Ciągnik
MO5_TRRD12014000452T1,Ciągnik
MO5_TRRD090E60000T990,Ciągnik
MO5_TRRD080E35000T510,Ciągnik
MO5_TRRD060E40000T990,Ciągnik
MO5_TRRD060E35006T510,Ciągnik
MO5_TRRD040E41000T391,Ciągnik
MO5_TRRD040E40000T990,Ciągnik
MO5_TRRD040E30000T991,Ciągnik
MO5_TRRD040E30000T990,Ciągnik
MO5_SXPD200G60708SMN0,Uniwersalne/pozostałe
MO5_SXCR22538565KLCW0,All position
MO5_SXCR22538555KLZ30,All position
MO5_SXCR22531570LGH10,All position
MO5_PICR225F3000KTGP1,All position
MO5_PICR22538555KR0N0,Naczepa/przyczepa
MO5_PICR22531580LITD1,All position
MO5_PICR22531580KTG80,All position
MO5_PICR17523575MR0S0,Oś kierowana
MO5_OZRR22550060DAGG0,Uniwersalne/pozostałe
MO5_OZPD200G60702IN7T,Uniwersalne/pozostałe
MO5_OZPD200G4580DIN70,Uniwersalne/pozostałe
MO5_OZPD180G25808ND50,Uniwersalne/pozostałe
MO5_OZPD180340808IN70,Uniwersalne/pozostałe
MO5_OTRD200E90006TN20,Ciągnik
MO5_OTRD160G05658BT70,Ciągnik
MO5_OTPD240H40008GD90,Ciągnik
MO5_OTPD200H00008LD91,Ciągnik
MO5_OTPD200G4580DLD60,Ciągnik
MO5_OTPD200G25008OC10,Ciągnik
MO5_OTPD200405702LD60,Ciągnik
MO5_OTPD18034080DLD60,Ciągnik
MO5_OTPD160E6500LKM40,Ciągnik
MO5_MNCR22538565KXMZ0,Koparka
MO5_MNCR22538565KXMT1,Koparka
MO5_MNCR22538565KXHL0,Koparka
MO5_MNCR22538565KWXT0,Koparka
MO5_MNCR22538565JTE31,Koparka
MO5_MNCR22538555KXM31,Koparka
MO5_MNCR22531580LXD41,Koparka
MO5_MNCR22531570LXMD0,Koparka
MO5_MNCR22531570LXE20,Koparka
MO5_MNCR22531560LXMZ0,Koparka
MO5_MNCR22531560LXMD0,Koparka
MO5_MNCR22529560LXMD0,Koparka
MO5_MNCR17524570JXM31,Koparka
MO5_MNCR17523575JXM31,Koparka
MO5_MIRD180G45808IM30,Ciągnik
MO5_MIRD080189000MG11,Ciągnik
MO5_MIRD06013A000MG11,Ciągnik
MO5_MCRD150A82000AW50,Ciągnik
MO5_LLRR240360708LR70,Oś kierowana
MO5_LLPR250M65002LXL0,Oś kierowana
MO5_LLPR250G75002LXL0,Oś kierowana
MO5_LLPR250G23002LXL0,Oś kierowana
MO5_LLPR250G21002LXL0,Oś kierowana
MO5_LLCZ22531580LWD60,Oś kierowana
MO5_LLCZ22531580LLLW0,Oś kierowana
MO5_LLCZ22531570LWD60,Oś kierowana
MO5_LLCZ22531570LLLW0,Oś kierowana
MO5_LLCZ22529580MWD60,Oś kierowana
MO5_LLCZ22529580MLLW0,Oś kierowana
MO5_LLCR225F3000KMD40,Oś kierowana
MO5_LLCR22542565KLRT0,Oś kierowana
MO5_LLCR22531580KMD70,Oś kierowana
MO5_LLCR22531570LD360,Oś kierowana
MO5_LLCR22531570L30R0,Oś kierowana
MO5_LLCR22531560KRD30,Oś kierowana
MO5_LLCR22529580LRD30,Oś kierowana
MO5_LLCR22529560LRD30,Oś kierowana
MO5_LLCR19538555JLLT0,Oś kierowana
MO5_LLCR17526570MLLD0,Oś kierowana
MO5_LLCR17524570MLLS0,Oś kierowana
MO5_LLCR17524570MLLD0,Oś kierowana
MO5_LLCR17523575MLLS0,Oś kierowana
MO5_LLCR17523575MLLD0,Oś kierowana
MO5_LLCR17522575MLLS0,Oś kierowana
MO5_LLCR17522575MLLD0,Oś kierowana
MO5_LLCR17521575MLLS0,Oś kierowana
MO5_LLCR17521575MLLD0,Oś kierowana
MO5_LLCR17520575MLLS0,Oś kierowana
MO5_LLCR17520575MLLD0,Oś kierowana
MO5_KUCR22538565KLS00,All position
MO5_KUCR22538565KKTL1,All position
MO5_KUCR22538565KKTL0,All position
MO5_KUCR22538555KX310,All position
MO5_KUCR22538555KMHO0,All position
MO5_KUCR22538555KLAK0,All position
MO5_KUCR22538555K23L0,All position
MO5_KUCR22538555K23K0,All position
MO5_KUCR22531580LXS00,All position
MO5_KUCR22531580LKXD0,All position
MO5_KUCR22531580KD510,All position
MO5_KUCR22531570LXS00,All position
MO5_KUCR22531570LX310,All position
MO5_KUCR22531570LLDK0,All position
MO5_KUCR22531570LKXD1,All position
MO5_KUCR22531560LXS01,All position
MO5_KUCR22531560LXS00,All position
MO5_KUCR22529580LXS00,All position
MO5_KUCR22529580LKXD0,All position
MO5_KUCR22529560KKUL0,All position
MO5_KUCR22529560KD500,All position
MO5_KUCR200H2000KKFD0,All position
MO5_KUCR19544545JKTL0,All position
MO5_KUCR19544545J23K0,All position
MO5_KUCR19543550JKTL1,All position
MO5_KUCR19543550JKTL0,All position
MO5_KUCR17523575MKUR0,All position
MO5_KUCR17522575MHRS0,All position
MO5_KUCR17522575LX310,All position
MO5_KUCR17521575MHRS0,All position
MO5_KAPD200H00000G010,Ciągnik
MO5_IMCR225F3000G7680,All position
MO5_IMCR225F3000G7021,All position
MO5_IMCR22538565K0221,All position
MO5_IMCR22531580LMG00,All position
MO5_IMCR22531580L7680,All position
MO5_IMCR22531580L6380,All position
MO5_IMCR22531580L12M1,All position
MO5_IMCR22531570L6380,All position
MO5_IMCR22531570L12M2,All position
MO5_IMCR22529580M6280,All position
MO5_IMCR22529580L12M0,All position
MO5_HLRR26571050DLR30,Ciągnik
MO5_HLRR26571050DFL30,Ciągnik
MO5_HLRR22560050ELR30,Ciągnik
MO5_HLRR22560050DFL30,Ciągnik
MO5_HLRR22556060DFL30,Ciągnik
MO5_HLRR22550060DLR30,Ciągnik
MO5_HLRR22550060DFL30,Ciągnik
MO5_HLRD240G4900633M2,Ciągnik
MO5_HLRD225600508PRC0,Przyczepa
MO5_HLRD225550608PRC0,Przyczepa
MO5_HLRD155400608M971,Przyczepa
MO5_HLRD155400608M970,Przyczepa
MO5_HLRD155400606PRN2,Przyczepa
MO5_HLRD155400606NCE0,Przyczepa
MO5_HLPD200H0000BMEX0,Ciągnik
MO5_HLPD160E6500JRMM0,Ciągnik
MO5_HACR225F3000KH1D0,Oś kierowana
MO5_HACR22538565KAM54,Oś kierowana
MO5_HACR22538565KALJ0,Oś kierowana
MO5_HACR22538555K5AL0,Oś kierowana
MO5_HACR22531580LAL00,Oś kierowana
MO5_HACR22531580KAM92,Oś kierowana
MO5_HACR22531570L51L0,Oś kierowana
MO5_GGCZ22531580MUGC0,Oś kierowana
MO5_GGCZ22531580LUMS0,Oś kierowana
MO5_GGCZ22531580LUMD0,Oś kierowana
MO5_GGCZ22531570LUMD0,Oś kierowana
MO5_GGCZ22531560LUMD0,Oś kierowana
MO5_GGCZ22529580MUMD0,Oś kierowana
MO5_GGCZ22529560KUMS2,Oś kierowana
MO5_GGCZ22529560KUMS1,Oś kierowana
MO5_GGCR225F1000JLHT0,Oś kierowana
MO5_GGCR22545540JLHT1,Oś kierowana
MO5_GGCR22538555KUTM0,Oś kierowana
MO5_DCPR250H4000ERM80,Uniwersalne/pozostałe
MO5_CUCR22538555KUTU0,Oś kierowana
MO5_CUCR17524570LUTU0,Oś kierowana
MO5_CUCR17524570LUT40,Oś kierowana
MO5_CUCR17523575KUTU0,Oś kierowana
MO5_CUCR17521575KUTU0,Oś kierowana
MO5_CCRR38065065DTMA0,Oś kierowana
MO5_CCRR38058070DC700,Oś kierowana
MO5_CCRR38054065DTMA0,Oś kierowana
MO5_CCRR38048070DC700,Oś kierowana
MO5_CCRR380420858C850,Oś kierowana
MO5_CCRR34060065DTMA0,Oś kierowana
MO5_CCRR34052070DC700,Oś kierowana
MO5_CCRR340420858C852,Oś kierowana
MO5_CCRR32090060BCBM0,Oś kierowana
MO5_CCRR32080070BCBM0,Oś kierowana
MO5_CCRR30060070DTMA0,Oś kierowana
MO5_CCRR28060070DTMA0,Oś kierowana
MO5_CCRR280380858C850,Oś kierowana
MO5_CCRR24038070DC700,Oś kierowana
MO5_CCRR24036070DC700,Oś kierowana
MO5_CCPR240460708CME0,Oś kierowana
MO5_CCCZ22535550KHWS1,Oś kierowana
MO5_CCCZ22531580LHWW0,Oś kierowana
MO5_CCCZ22531560LSWS0,Oś kierowana
MO5_CCCZ22529580MH2C2,Oś kierowana
MO5_CCCR225F3000KCD31,Oś kierowana
MO5_CCCR225F0000KT9C0,Oś kierowana
MO5_CCCR22538565K3CS0,Oś kierowana
MO5_CCCR22538565JHDC0,Oś kierowana
MO5_CCCR22531580MHD10,Oś kierowana
MO5_CCCR22531580MCD30,Oś kierowana
MO5_CCCR22531580LHD50,Oś kierowana
MO5_CCCR22531580LEPH0,Oś kierowana
MO5_CCCR22531580K3CS0,Oś kierowana
MO5_CCCR22531570LHD50,Oś kierowana
MO5_CCCR22531560LHD50,Oś kierowana
MO5_CCCR22529580MCRD0,Oś kierowana
MO5_CCCR22529580MCC50,Oś kierowana
MO5_CCCR22529560LEPH0,Oś kierowana
MO5_CCCR22529560LCES2,Oś kierowana
MO5_CCCR22529555KCEH0,Oś kierowana
MO5_CCCR19526570MUHA1,Oś kierowana
MO5_CCCR150A8200GHT90,Oś kierowana
MO5_CBCR225F3000KDMR1,All position
MO5_CBCR22544565KT431,All position
MO5_CBCR22544565JS490,All position
MO5_CBCR22538565KU490,Uniwersalne/pozostałe
MO5_CBCR22538555KF0R0,All position
MO5_CBCR22531580LF0R1,All position
MO5_CBCR22531580LD0R0,All position
MO5_CBCR22531580KDMR1,All position
MO5_CBCR22531570LF0R1,All position
MO5_CBCR22531560LF0R2,All position
MO5_CBCR22531560LD0R0,All position
MO5_CBCR22529580MD0R0,Uniwersalne/pozostałe
MO5_CBCR22529560LD0R0,All position
MO5_CBCR19544545JORB0,All position
MO5_CBCR19526570MD0R0,All position
MO5_CBCR19524570MFRO2,Uniwersalne/pozostałe
MO5_CBCR19524570MDRO2,Uniwersalne/pozostałe
MO5_CBCR19524570MDRO1,Uniwersalne/pozostałe
MO5_CBCR17524570LORB0,Uniwersalne/pozostałe
MO5_CBCR17523575KORB0,Uniwersalne/pozostałe
MO5_CBCR17522575MFRO1,All position
MO5_CBCR17522575MDRO1,All position
MO5_CBCR17521575MFRO2,All position
MO5_CBCR17521575MDRO0,All position
MO5_CBCR17521575KORB0,Uniwersalne/pozostałe
MO5_BRCR225F1000K8401,Ciągnik
MO5_BRCR22538565K68P6,Ciągnik
MO5_BRCR22531570M7491,Ciągnik
MO5_BRCR22527570K8402,Ciągnik
MO5_BRCR22527570JUA21,Ciągnik
MO5_BRCR22513080K8401,Ciągnik
MO5_BRCR175D9500J1682,Ciągnik
MO5_BLCR225F3000KBD80,All position
MO5_BLCR225F3000KBA20,All position
MO5_BFCR22531580KFD81,Ciągnik
MO5_APPR24050070D10R0,Uniwersalne/pozostałe
MO5_APPR24050070D1040,Uniwersalne/pozostałe
MO5_APPR24046070D10R0,Uniwersalne/pozostałe
MO5_APPR24046070D1040,Uniwersalne/pozostałe
MO5_APPR24040570B1040,Uniwersalne/pozostałe
MO5_APPR20040570B1040,Uniwersalne/pozostałe
MO5_APPR20040070D10R0,Uniwersalne/pozostałe
MO5_APPR20034080D10R0,Uniwersalne/pozostałe
MO5_APPD280G690084260,Uniwersalne/pozostałe
MO5_APPD200H0000B71A1,Uniwersalne/pozostałe
MO5_AOPR22544565FP230,All position
MO4_TRRD090E60000T990,Ciągnik
MO4_TRRD080E35000T510,Ciągnik
MO4_TRRD060E40000T990,Ciągnik
MO4_TRRD060E35006T510,Ciągnik
MO4_TRRD040E41000T391,Ciągnik
MO4_TRRD040E40000T990,Ciągnik
MO4_TRRD040E30000T991,Ciągnik
MO4_TRRD040E30000T990,Ciągnik
MO4_MIRD06013A000MG11,Ciągnik
MO4_MCRD150A82000AW50,Ciągnik
MO4_LLCR22531570LRD30,Oś kierowana
MO4_LLCR19538555JLLT0,Oś kierowana
MO4_LLCR17524570MLLS0,Oś kierowana
MO4_LLCR17523575MLLS0,Oś kierowana
MO4_LLCR17523575MLLD0,Oś kierowana
MO4_LLCR17521575MLLS0,Oś kierowana
MO4_LLCR17520575MLLS0,Oś kierowana
MO4_KUCR22538565KLS00,All position
MO4_KUCR22538565KKTL0,All position
MO4_KUCR22531570LLDK0,All position
MO4_KUCR22531560LXS01,All position
MO4_KUCR22531560LXS00,All position
MO4_KUCR22529560KKUL0,All position
MO4_KUCR19544545JKTL0,All position
MO4_KUCR19543550JKTL1,All position
MO4_KUCR19543550JKTL0,All position
MO4_IMCR225F3000G7021,All position
MO4_IMCR22538565K0221,All position
MO4_IMCR22531580LMG00,All position
MO4_IMCR22531580L7680,All position
MO4_IMCR22531580L6380,All position
MO4_IMCR22531580L12M1,All position
MO4_IMCR22531570L6380,All position
MO4_IMCR22531570L12M2,All position
MO4_IMCR22529580M6280,All position
MO4_HLRR22560050ELR30,Ciągnik
MO4_HLRR22560050DFL30,Ciągnik
MO4_GGCZ22529560KUMS1,Oś kierowana
MO4_DCPR250H4000ERM80,Uniwersalne/pozostałe
MO4_CCCZ22531580LHWW0,Oś kierowana
MO4_CCCR22531580MHED0,Oś kierowana
MO4_CCCR22531570LHD50,Oś kierowana
MO4_BRCR22538565K68P6,Ciągnik
MO3_71045265Af644f20tt,Ciągnik
MO3_10075153A32310,Ciągnik
MO3_6506542Mdemo,Koparka
MO3_2385012J,Uniwersalne/pozostałe
MO3_4408024Ndemo,"Forwarder, harwester"
MO3_71045265Af643f20tt,Ciągnik
MO3_4406520Mdemo,Koparka
MO3_3408020A585,Ciągnik
MO3_1558024sat,Uniwersalne/pozostałe
MO3_1657018Fkf9716,Uniwersalne/pozostałe
MO3_29125015Jp332,Uniwersalne/pozostałe
MO3_156006J5086,Uniwersalne/pozostałe
MO3_60055265Af644f20tt,Ciągnik
MO3_4406528Mdemo,Koparka
MO3_71040225vFlProR161,Przyczepa
MO3_4007024vE152,Uniwersalne/pozostałe
MO3_3807020vtr70132,Uniwersalne/pozostałe
MO3_1956515a,Ciągnik
MO3_27105015J3328,Uniwersalne/pozostałe
MO3_26120012Jou3326,Uniwersalne/pozostałe
MO3_31135015Jp332,Uniwersalne/pozostałe
MO3_114005J,Uniwersalne/pozostałe
MO3_23105012J328,Uniwersalne/pozostałe
MO3_2485014Jp332,Uniwersalne/pozostałe
MO3_3408548Asc,Uniwersalne/pozostałe
MO3_166508J3326,Uniwersalne/pozostałe
MO3_41140020J3324,Uniwersalne/pozostałe
MO3_3607020vtr70129,Uniwersalne/pozostałe
MO3_2385012Jh85018,Uniwersalne/pozostałe
MO3_6007030Mdemo,Koparka
MO3_5406530Mdemo,Koparka
MO3_3408528PET,Uniwersalne/pozostałe
MO3_5208538M2,Koparka
MO3_7107042Mdemo,Koparka
MO3_4607024k,Ciągnik
MO3_6007030Mm2,Koparka
MO3_4209030conti,Oś kierowana
MO3_9006038contiTM,Oś kierowana
MO3_4007020Kl,Ciągnik
MO3_5007024Kl,Ciągnik
MO3_4808034Nok,"Forwarder, harwester"
MO3_2607016PET,Uniwersalne/pozostałe
MO3_6007030conti,Oś kierowana
MO3_9006032Mm2,Koparka
MO3_8006532Mm2,Koparka
MO3_6507538conti,Oś kierowana
MO3_4408028No,"Forwarder, harwester"
MO3_3808038M2,Koparka
MO3_3408018N,"Forwarder, harwester"
MO3_4008024Nok,"Forwarder, harwester"
MO3_1258018BKTat603,Ciągnik
MO3_4607024A585,Ciągnik
MO3_4208046M2,Koparka
MO3_6506034Mm,Koparka
MO3_4008024cross,Koparka
MO3_38565225b,Uniwersalne/pozostałe
MO3_3208534M2,Koparka
MO3_8007032conti,Oś kierowana
MO3_7107542Mm,Koparka
MO3_5208546conti,Oś kierowana
MO3_8007032MMEGA,Koparka
MO3_6006534conti,Oś kierowana
MO3_4608534m,Koparka
MO3_10505032Mi,Koparka
MO3_3808528Maximo,Uniwersalne/pozostałe
MO3_4208530Maximo,Uniwersalne/pozostałe
MO3_5406530Maximo,Uniwersalne/pozostałe
MO3_4806528Maximo,Uniwersalne/pozostałe
MO3_4406528Maximo,Uniwersalne/pozostałe
MO3_4208528Maximo,Uniwersalne/pozostałe
MO3_2495014joup3326,Uniwersalne/pozostałe
MO3_3809538ASC,Uniwersalne/pozostałe
MO3_1885010JouH85018,Uniwersalne/pozostałe
MO3_90016PETnt3,Uniwersalne/pozostałe
MO3_60012jouh80398,Uniwersalne/pozostałe
MO3_5005017trdemo,Ciągnik
MO3_4608538Maximo,Uniwersalne/pozostałe
MO3_31560225dd,All position
MO3_166508joup508a10,Uniwersalne/pozostałe
MO3_3208528Maximo,Uniwersalne/pozostałe
MO3_4206524mdemo,Koparka
MO3_188508jh85018,Uniwersalne/pozostałe
MO3_188508jp3284,Uniwersalne/pozostałe
MO3_114004kk5004,Uniwersalne/pozostałe
MO3_3808524Maximo,Uniwersalne/pozostałe
MO3_2109532Ademo,Ciągnik
MO3_4208534VTraxion85II1,Uniwersalne/pozostałe
MO3_4608534ma2demo,Koparka
MO3_1657018fqh63818,Uniwersalne/pozostałe
MO3_3009552A350149,Ciągnik
MO3_3809054mada,Koparka
MO3_22110010joup3286,Uniwersalne/pozostałe
MO3_4607024vedemo,Uniwersalne/pozostałe
MO3_4807034m,Koparka
MO3_3809054A,Ciągnik
MO3_6006528M,Koparka
MO3_7107038T,Uniwersalne/pozostałe
MO3_2309544A-IN,Ciągnik
MO3_4806528M,Koparka
MO3_6006528T,Uniwersalne/pozostałe
MO3_2709538A-IN,Ciągnik
MO3_11232A,Ciągnik
MO3_4406524T,Uniwersalne/pozostałe
MO3_2309548t,Uniwersalne/pozostałe
MO3_2709542T,Uniwersalne/pozostałe
MO3_8007038MIC,Koparka
MO3_3809538M,Koparka
MO3_9544T,Uniwersalne/pozostałe
MO3_26120016J,Uniwersalne/pozostałe
MO3_5208542M,Koparka
MO3_4808046MI,Koparka
MO3_3405516TR,Ciągnik
MO3_4806524MM,Koparka
MO3_2709538TA,Uniwersalne/pozostałe
MO3_6506538M,Koparka
MO3_6007030T,Uniwersalne/pozostałe
MO3_5406524M,Koparka
MO3_2309536A-IN,Ciągnik
MO3_3808530m,Koparka
MO3_4209030m,Koparka
MO3_4255018St,Uniwersalne/pozostałe
MO3_6506542m,Koparka
MO3_5406528M,Koparka
MO3_7107042m,Koparka
MO3_7107038M,Koparka
MO3_6006538MM,Koparka
MO3_2309536t,Uniwersalne/pozostałe
MO3_3408546M,Koparka
MO3_2709532t,Uniwersalne/pozostałe
MO3_3009546TA,Uniwersalne/pozostałe
MO3_2309532T,Uniwersalne/pozostałe
MO2_WL0916,Oś kierowana
MO2_WL0908,Oś napędowa
MO2_WL0758,Oś kierowana
MO2_WL0615,Oś kierowana
MO2_WL0483,Oś kierowana
MO2_WL0476,Oś kierowana
MO2_WL0329,Oś kierowana
MO2_WL0287,Oś napędowa
MO2_WL0173,Oś kierowana
MO2_WL0170,Oś kierowana
MO2_WL0155,Oś kierowana
MO2_WL0120,Oś kierowana
MO2_WL0115,Oś kierowana
MO2_WL0110,Oś napędowa
MO2_WL0109,Oś kierowana
MO2_WL0080,Oś napędowa
MO2_WL0079,Oś kierowana
MO2_T675280,Oś napędowa
MO2_T675267,Naczepa/przyczepa
MO2_T675266,"Forwarder, harwester"
MO2_T675254,Naczepa/przyczepa
MO2_T675220,Oś kierowana
MO2_T675219,Oś kierowana
MO2_T675035,Oś napędowa
MO2_T484420,Forwarder
MO2_T484390,Forwarder
MO2_T445729,"Forwarder, harwester"
MO2_T445725,"Forwarder, harwester"
MO2_T445626,"Forwarder, harwester"
MO2_T445385,"Forwarder, harwester"
MO2_T445372,"Forwarder, harwester"
MO2_T445338,"Forwarder, harwester"
MO2_T445337,"Forwarder, harwester"
MO2_PAR1405,Wózek widłowy
MO2_IND00303,Ciągnik
MO2_IND00260,Ciągnik
MO2_IND00218,Ciągnik
MO2_IND00207,Ciągnik
MO2_IND00170,Ciągnik
MO2_IND00152,Ciągnik
MO2_IND00139,Forwarder
MO2_IND00129,Forwarder
MO2_IND00128,Forwarder
MO2_GOL0030,Oś kierowana
MO2_GOL0017,Oś kierowana
MO2_CET0031,Oś kierowana
MO2_CET0029,Oś kierowana
MO2_999991682,Oś napędowa
MO2_999991630,Wózek widłowy
MO2_999991629,Wózek widłowy
MO2_999991628,Wózek widłowy
MO2_999991627,Wózek widłowy
MO2_999991614,Wózek widłowy
MO2_999991607,Wózek widłowy
MO2_999991606,Wózek widłowy
MO2_999991602,All position
MO2_999991497,Oś napędowa
MO2_999908804,Oś kierowana
MO2_936570,Koparka
MO2_907751,Oś kierowana
MO2_894373,All position
MO2_870944,Oś napędowa
MO2_778211,Koparka
MO2_76800001AL-IN,Ciągnik
MO2_684118,Oś napędowa
MO2_679547,Oś napędowa
MO2_64300045AL-IG,Forwarder
MO2_58510748AL-IG,Ciągnik
MO2_58500035AL-IG,Ciągnik
MO2_58500004AL-IG,Ciągnik
MO2_58500003AL-IG,Ciągnik
MO2_581621,Oś napędowa
MO2_520276,Oś kierowana
MO2_5002614710000,Ciągnik
MO2_5002613430000,Ciągnik
MO2_5002604170000,Ciągnik
MO2_5002604130000,Ciągnik
MO2_5002604060000,Ciągnik
MO2_5002603920000,Ciągnik
MO2_5002602970000,Ciągnik
MO2_5002602730000,Ciągnik
MO2_5002602710000,Ciągnik
MO2_5002602680000,Ciągnik
MO2_5002602460000,Ciągnik
MO2_5002602290000,Ciągnik
MO2_5002602050000,Ciągnik
MO2_5002602010000,Ciągnik
MO2_5002601940000,Ciągnik
MO2_5002601859000,Ciągnik
MO2_5002601820000,Ciągnik
MO2_5001510992000,Ciągnik
MO2_5001510790000,Ciągnik
MO2_5001504520000,Ciągnik
MO2_5001504510000,Ciągnik
MO2_5001504500000,Ciągnik
MO2_480150-33,Wózek widłowy
MO2_429970,Koparka
MO2_4133700,Oś kierowana
MO2_4103500,Oś napędowa
MO2_4103400,Oś kierowana
MO2_4006202250000,Ciągnik
MO2_4006202100000,Ciągnik
MO2_39810020AL,Ciągnik
MO2_39800025AL,Ciągnik
MO2_39022808AL,Ciągnik
MO2_39021040AL,Ciągnik
MO2_3774500,Oś kierowana
MO2_37601069AL-IN,Ciągnik
MO2_37301016AL-AP,Ciągnik
MO2_37301013AL-AP,Ciągnik
MO2_37301010AL-AP,Ciągnik
MO2_37301002AL-AP,Ciągnik
MO2_360188,Oś napędowa
MO2_35400052AL,Ciągnik
MO2_35075255AL,Ciągnik
MO2_35075124AL,Ciągnik
MO2_35067090AL-IG,Ciągnik
MO2_35067085AL,Ciągnik
MO2_35067073AL,Ciągnik
MO2_35055252AL-IN,Ciągnik
MO2_35050033AL-IG,Ciągnik
MO2_35050032AL-IN,Ciągnik
MO2_35050032AL-IG,Ciągnik
MO2_35050030AL-IG,Ciągnik
MO2_35050020AL-IN,Ciągnik
MO2_35050016AL-IN,Ciągnik
MO2_35050010AL-IN,Ciągnik
MO2_35050008AL-IN,Ciągnik
MO2_35050007AL-IN,Ciągnik
MO2_35050003AL-IN,Ciągnik
MO2_35050002AL-IN,Ciągnik
MO2_35045554ALL,Ciągnik
MO2_35025009AL-IN,Ciągnik
MO2_34502989AL,Ciągnik
MO2_34470444,Forwarder
MO2_34435416AL,Ciągnik
MO2_33300276AL-IN,Ciągnik
MO2_33300242AL-IN,Forwarder
MO2_33300149AL-IN,Ciągnik
MO2_33300134AL-IN,Ciągnik
MO2_33300126AL-IN,Ciągnik
MO2_33300118AL-IN,Forwarder
MO2_33300104AL-IN,Ciągnik
MO2_33300054AL-IN,Forwarder
MO2_32301130AL-IN,Ciągnik
MO2_32301022AL-IN,Ciągnik
MO2_32301020AL-IN,Ciągnik
MO2_31373,Ciągnik
MO2_3071230953610000,Ciągnik
MO2_30606,Ciągnik
MO2_3003960,Oś kierowana
MO2_3003958,Oś napędowa
MO2_3003957,Oś napędowa
MO2_3003708,Oś napędowa
MO2_3003707,Oś kierowana
MO2_3002433,Oś kierowana
MO2_282195,Uniwersalne/pozostałe
MO2_282055,Uniwersalne/pozostałe
MO2_28204200,Uniwersalne/pozostałe
MO2_282038,Uniwersalne/pozostałe
MO2_280153,Uniwersalne/pozostałe
MO2_280025,Uniwersalne/pozostałe
MO2_28001500,Uniwersalne/pozostałe
MO2_27028400,Uniwersalne/pozostałe
MO2_270251,Uniwersalne/pozostałe
MO2_270239,Uniwersalne/pozostałe
MO2_260439,Uniwersalne/pozostałe
MO2_26041900,Uniwersalne/pozostałe
MO2_25920,Ciągnik
MO2_25917,Ciągnik
MO2_25029381,Ciągnik
MO2_25028056,Ciągnik
MO2_25020821,Ciągnik
MO2_24865900,Oś kierowana
MO2_24846800,Oś napędowa
MO2_24846200,Oś kierowana
MO2_248398,Oś napędowa
MO2_24838200,Oś kierowana
MO2_24836800,Oś napędowa
MO2_2373233,Oś kierowana
MO2_2373183,All position
MO2_2371293,All position
MO2_2362153,Oś napędowa
MO2_2362113,Oś kierowana
MO2_2362093,Oś kierowana
MO2_2361073,All position
MO2_2327543,All position
MO2_2311793,Oś napędowa
MO2_2306153,All position
MO2_2303153,All position
MO2_2302223,Oś kierowana
MO2_2289843,Oś napędowa
MO2_2272553,Oś napędowa
MO2_2267683,Oś napędowa
MO2_2263623,Oś kierowana
MO2_2261583,Oś napędowa
MO2_2261563,All position
MO2_2246103,Oś napędowa
MO2_2246083,Oś kierowana
MO2_2234563,All position
MO2_2218383,Oś napędowa
MO2_2204943,Oś napędowa
MO2_2204723,Oś kierowana
MO2_2171253,Oś kierowana
MO2_2138183,Oś kierowana
MO2_2138173,Oś kierowana
MO2_2116463,All position
MO2_1G3321181K0148IMP0,Wózek widłowy
MO2_1G3321071K0148IMP0,Wózek widłowy
MO2_1E3124082401600V20,Wózek widłowy
MO2_1E3123101500800T20,Wózek widłowy
MO2_1E3121602801200V20,Wózek widłowy
MO2_1E3121401H01400T20,Wózek widłowy
MO2_1E3121001G01200TU0,Wózek widłowy
MO2_1E1121802601200V20,Wózek widłowy
MO2_1E1121602801400BP0,Wózek widłowy
MO2_19540,Ciągnik
MO2_19539,Ciągnik
MO2_16816,Ciągnik
MO2_16321750200086S3R0,Wózek widłowy
MO2_163216001600600F90,Wózek widłowy
MO2_1629813,Oś kierowana
MO2_162527,Koparka
MO2_16152500150060SON0,Oś kierowana
MO2_16151600160080SHR0,Oś kierowana
MO2_16121750160080SHR0,Oś kierowana
MO2_1551242934142BA85J,Wózek widłowy
MO2_1551242930140BA85J,Wózek widłowy
MO2_1551242628133BA70J,Wózek widłowy
MO2_1551238624125BA70J,Wózek widłowy
MO2_1551232624116BA70J,Wózek widłowy
MO2_1551232620123BA70J,Wózek widłowy
MO2_1551228618114BA70J,Wózek widłowy
MO2_153129502200800J50,Wózek widłowy
MO2_15312600120080TRM0,Wózek widłowy
MO2_15312600120060TRM0,Wózek widłowy
MO2_15312230260146TRM0,Wózek widłowy
MO2_153121803001200J50,Wózek widłowy
MO2_15311200380168TRM0,Wózek widłowy
MO2_153111803801200J50,Wózek widłowy
MO2_153111803401000J50,Wózek widłowy
MO2_153111503801000J50,Wózek widłowy
MO2_153111402801200J50,Wózek widłowy
MO2_153111402800800J50,Wózek widłowy
MO2_153111202800800J50,Wózek widłowy
MO2_153111202400800J50,Wózek widłowy
MO2_153111102800800J50,Wózek widłowy
MO2_152.26.205,Ciągnik
MO2_152.26.100,Ciągnik
MO2_15151830200080SO10,Wózek widłowy
MO2_15151050120040TRM0,Wózek widłowy
MO2_146722,Oś napędowa
MO2_125222461H018KUH50,Wózek widłowy
MO2_115323852C020KUCD0,Wózek widłowy
MO2_115323182C018LUC40,Oś kierowana
MO2_115223852C020KUH60,Wózek widłowy
MO2_115223852C020KTH2U,All position
MO2_115223182C018LUL40,Oś kierowana
MO2_115223182C018LUH2U,Oś kierowana
MO2_115223162C018LUL40,Oś kierowana
MO2_115223162C018LUH2U,Oś kierowana
MO2_115222982C016MUL30,Oś kierowana
MO2_115221102C016LUL30,Wózek widłowy
MO2_115123182C018LL4PU,Oś napędowa
MO2_115123182C018LDL30,Oś napędowa
MO2_115123182C018KDC1U,Oś napędowa
MO2_115123162C018LL4PU,Oś napędowa
MO2_115123162C018LDL30,Oś napędowa
MO2_115123142C020LDL30,Oś napędowa
MO2_115122942C018LDL30,Oś napędowa
MO2_11467600,Ciągnik
MO2_10336,Oś kierowana
MO2_1014503680000,Ciągnik
MO2_1014101010000,Ciągnik
MO2_1013102640000,Ciągnik
MO2_1012308450000,Ciągnik
MO2_1012308390000,Ciągnik
MO2_1012304140000,Ciągnik
MO2_1012303550000,Ciągnik
MO2_10001929,Forwarder
MO2_06202050000,Oś kierowana
MO2_05225280000,Oś napędowa
MO2_05211850000,Oś napędowa
MO2_05153350000,Oś kierowana
MO2_05128730000,Oś kierowana
MO2_05128600000,Oś kierowana
MO2_05124690000,Oś kierowana
MO2_003-01-01-06-08-0001,Uniwersalne/pozostałe
MO10_PAB4715,Ciągnik
MO10_PAB2726,Ciągnik
MO10_PAB2725,Ciągnik
MO10_PAB2723,Ciągnik
MO10_PAB2722,Ciągnik
MO10_PAB2720,Ciągnik
MO10_PAB2713,Ciągnik
MO10_PAB2712,Ciągnik
MO10_PAB1010,Ciągnik
MO10_PAB1004,Ciągnik
MO10_PAB1001,Ciągnik
MO8_11681000,Ciągnik
MO8_11271200,Ciągnik
MO8_11680900,Ciągnik
MO8_6404600,Ciągnik
MO8_10607200,Ciągnik
MO8_1158900,Ciągnik
MO8_1158800,Ciągnik
MO8_1158700,Ciągnik
MO8_1467900,Ciągnik
MO8_1147100,Ciągnik
MO8_1195400,Ciągnik
MO8_1159100,Ciągnik
MO8_1440300,Ciągnik
MO8_1466500,Ciągnik
MO8_1466400,Ciągnik
MO8_1467400,Ciągnik
MO8_1466700,Ciągnik
MO8_1466600,Ciągnik
MO8_1465800,Ciągnik
MO8_1481200,Ciągnik
MO8_1444500,Ciągnik
MO8_1155000,Ciągnik
MO8_1444400,Ciągnik
MO8_1159200,Ciągnik
MO8_1444300,Ciągnik
MO8_1470800,Ciągnik
MO8_1470600,Ciągnik
MO8_1444200,Ciągnik
MO8_1444100,Ciągnik
MO8_1467600,Ciągnik
MO8_6150500,Ciągnik
MO8_1440600,Ciągnik
MO8_1440500,Ciągnik
MO8_1159500,Ciągnik
MO8_1440400,Ciągnik
MO8_1470500,Ciągnik
MO8_6150300,Ciągnik
MO8_1467300,Ciągnik
MO8_1466100,Ciągnik
MO8_1460300,Ciągnik
MO8_1144600,Ciągnik
MO8_1443100,Ciągnik
MO8_6156400,Ciągnik
MO8_6155500,Ciągnik
MO8_6155600,Ciągnik
MO8_11664200,Ciągnik
MO8_11231200,Ciągnik
MO8_11454700,Ciągnik
MO8_1155400,Ciągnik
MO8_1154900,Ciągnik
MO8_1155200,Ciągnik
MO8_11515800,Ciągnik
MO8_1151400,Ciągnik
MO8_1154800,Ciągnik
MO8_11233800,Ciągnik
MO8_5007217040000,Ciągnik
MO8_1282900,Ciągnik
MO8_5007217050000,Ciągnik
MO8_1282800,Ciągnik
MO8_1282300,Ciągnik
MO8_5007217000000,Ciągnik
MO8_1118800,Ciągnik
MO8_1282700,Ciągnik
MO8_1282200,Ciągnik
MO8_1299900,Ciągnik
MO8_1299800,Ciągnik
MO8_1299700,Ciągnik
MO8_1299600,Ciągnik
MO8_10717100,Ciągnik
MO8_1299500,Ciągnik
MO8_1299400,Ciągnik
MO8_1299200,Ciągnik
MO8_1299100,Ciągnik
MO8_10717000,Ciągnik
MO8_1299000,Ciągnik
MO8_1298900,Ciągnik
MO8_10709400,Ciągnik
MO8_10716300,Ciągnik
MO8_1102400,Ciągnik
MO8_1106500,Ciągnik
MO8_0736500,Ciągnik
MO8_10709200,Ciągnik
MO8_10716000,Ciągnik
MO8_0736400,Ciągnik
MO8_11102000,Ciągnik
MO8_0736300,Ciągnik
MO8_0734300,Ciągnik
MO8_5007207080000,Ciągnik
MO8_0736200,Ciągnik
MO8_5007207060000,Ciągnik
MO8_0736000,Ciągnik
MO8_0735900,Ciągnik
MO8_10716200,Ciągnik
MO8_1101900,Ciągnik
MO8_10716100,Ciągnik
MO8_0447700,Ciągnik
MO8_0448200,Ciągnik
MO8_1110900,Ciągnik
MO8_0447200,Ciągnik
MO8_1115200,Ciągnik
MO8_1111000,Ciągnik
MO8_1109300,Ciągnik
MO8_1109200,Ciągnik
MO8_1109100,Ciągnik
MO8_1108900,Ciągnik
MO8_1108600,Ciągnik
MO8_1108300,Ciągnik
MO8_1108200,Ciągnik
MO8_1108100,Ciągnik
MO8_1297000,Ciągnik
MO8_10795700,Ciągnik
MO8_10796400,Ciągnik
MO8_12149300,Ciągnik
MO8_1123300,Ciągnik
MO8_10708500,Ciągnik
MO8_10796700,Ciągnik
MO8_1123200,Ciągnik
MO8_10796900,Ciągnik
MO8_1123100,Ciągnik
MO8_1123000,Ciągnik
MO8_10797100,Ciągnik
MO8_1122900,Ciągnik
MO8_1122800,Ciągnik
MO8_1122700,Ciągnik
MO8_1123600,Ciągnik
MO8_10796300,Ciągnik
MO8_1122600,Ciągnik
MO8_10796100,Ciągnik
MO8_1122500,Ciągnik
MO8_10841500,Ciągnik
MO8_1122400,Ciągnik
MO8_10795800,Ciągnik
MO8_1122200,Ciągnik
MO8_1123700,Ciągnik
MO8_10795500,Ciągnik
MO8_1122100,Ciągnik
MO8_1121900,Ciągnik
MO8_1121800,Ciągnik
MO8_1121700,Ciągnik
MO8_12174500,Ciągnik
MO8_1323200,Ciągnik
MO8_1323000,Ciągnik
MO8_12174800,Ciągnik
MO8_12174700,Ciągnik
MO8_10716800,Ciągnik
MO8_1327600,Ciągnik
MO8_1327500,Ciągnik
MO8_1327400,Ciągnik
MO8_1327300,Ciągnik
MO8_1327100,Ciągnik
MO8_1327000,Ciągnik
MO8_1107100,Ciągnik
MO8_1102700,Ciągnik
MO8_1107000,Ciągnik
MO8_1106800,Ciągnik
MO8_1102600,Ciągnik
MO8_1106700,Ciągnik
MO8_0210500,Ciągnik
MO8_1105600,Ciągnik
MO8_1105200,Ciągnik
MO8_1104500,Ciągnik
MO8_1103600,Ciągnik
MO8_1219000,Ciągnik
MO8_1480300,Ciągnik
MO8_1473500,Ciągnik
MO8_1107600,Ciągnik
MO8_10717200,Ciągnik
MO8_10717300,Ciągnik
MO8_1116100,Ciągnik
MO8_1116000,Ciągnik
MO8_1120000,Ciągnik
MO8_1120200,Ciągnik
MO8_1120100,Ciągnik
MO8_4007102020000,Ciągnik
MO8_13447500,Ciągnik
MO8_4007102100000,Ciągnik
MO8_1324900,Ciągnik
MO8_13108200,Ciągnik
MO8_4007102010000,Ciągnik
MO8_4007102080000,Ciągnik
MO8_4007102070000,Ciągnik
MO8_4007102060000,Ciągnik
MO8_4007102050000,Ciągnik
MO8_4007102040000,Ciągnik
MO8_1116400,Ciągnik
MO8_1324200,Ciągnik
MO8_1324100,Ciągnik
MO8_1324000,Ciągnik
MO8_13448300,Ciągnik
MO8_1330900,Ciągnik
MO8_1328300,Ciągnik
MO8_12982600,Ciągnik
MO8_1329400,Ciągnik
MO8_1326800,Ciągnik
MO8_1329500,Ciągnik
MO8_1328400,Ciągnik
MO8_1325400,Ciągnik
MO8_1331000,Ciągnik
MO8_6007000010000,Ciągnik
MO8_13759500,Ciągnik
MO8_13020300,Ciągnik
MO8_11373000,Ciągnik
MO8_6007000020000,Ciągnik
MO8_1325200,Ciągnik
MO8_1330400,Ciągnik
MO8_6007000030000,Ciągnik
MO8_4007103200000,Ciągnik
MO8_4007103330000,Ciągnik
MO8_4007103190000,Ciągnik
MO8_4007103320000,Ciągnik
MO8_4007103310000,Ciągnik
MO8_4007103160000,Ciągnik
MO8_4007103300000,Ciągnik
MO8_4007103290000,Ciągnik
MO8_4007103150000,Ciągnik
MO8_4007103140000,Ciągnik
MO8_4007103270000,Ciągnik
MO8_4007103280000,Ciągnik
MO8_13447600,Ciągnik
MO8_13447300,Ciągnik
MO8_4007103100000,Ciągnik
MO8_4007103090000,Ciągnik
MO8_4007103080000,Ciągnik
MO8_4007103070000,Ciągnik
MO8_0558100,Ciągnik
MO8_4007103040000,Ciągnik
MO8_4007103020000,Ciągnik
MO8_4007103010000,Ciągnik
MO8_4007100010000,Ciągnik
MO8_4007100040000,Ciągnik
MO8_4007100060000,Ciągnik
MO8_4007100030000,Ciągnik
MO8_4007100020000,Ciągnik
MO8_4007100050000,Ciągnik
MO8_13103200,Ciągnik
MO8_13098700,Ciągnik
MO8_13101100,Ciągnik
MO8_1330800,Ciągnik
MO8_13103000,Ciągnik
MO8_10716400,Ciągnik
MO8_12869000,Ciągnik
MO8_1296400,Ciągnik
MO8_13098100,Ciągnik
MO8_13365400,Ciągnik
MO8_13102200,Ciągnik
MO8_1296800,Ciągnik
MO8_11156600,Ciągnik
MO8_13365800,Ciągnik
MO8_13098300,Ciągnik
MO8_0735800,Ciągnik
MO8_13103300,Ciągnik
MO8_13102000,Ciągnik
MO8_13151000,Ciągnik
MO8_13577700,Ciągnik
MO8_13577500,Ciągnik
MO8_13153700,Ciągnik
MO8_1034900,Ciągnik
MO8_1296600,Ciągnik
MO8_1293100,Ciągnik
MO8_13554600,Ciągnik
MO8_13154700,Ciągnik
MO8_12934700,Ciągnik
MO8_1035500,Ciągnik
MO8_13150800,Ciągnik
MO8_13504600,Ciągnik
MO8_13099100,Ciągnik
MO8_0735300,Ciągnik
MO8_13099700,Ciągnik
MO8_13365200,Ciągnik
MO8_13102300,Ciągnik
MO8_1295000,Ciągnik
MO8_1035100,Ciągnik
MO8_13504200,Ciągnik
MO8_13075300,Ciągnik
MO8_13101800,Ciągnik
MO8_12866600,Ciągnik
MO8_12150100,Ciągnik
MO8_0735600,Ciągnik
MO8_13151900,Ciągnik
MO8_13099500,Ciągnik
MO8_11372600,Ciągnik
MO8_12205000,Ciągnik
MO8_1032800,Ciągnik
MO8_1112600,Ciągnik
MO8_1112500,Ciągnik
MO8_1112400,Ciągnik
MO8_0209800,Ciągnik
MO8_13102100,Ciągnik
MO8_1296500,Ciągnik
MO8_13230200,Ciągnik
MO8_13101600,Ciągnik
MO8_13365000,Ciągnik
MO8_13101500,Ciągnik
MO8_1296200,Ciągnik
MO8_1034400,Ciągnik
MO8_1032900,Ciągnik
MO8_11562200,Ciągnik
MO8_1032600,Ciągnik
MO8_13313000,Ciągnik
MO8_1296700,Ciągnik
MO8_13307100,Ciągnik
MO8_13365600,Ciągnik
MO8_13098500,Ciągnik
MO8_0735500,Ciągnik
MO8_13102400,Ciągnik
MO8_13577100,Ciągnik
MO8_0685000,Ciągnik
MO8_4007103250000,Ciągnik
MO8_0684700,Ciągnik
MO8_13366000,Ciągnik
MO8_13230600,Ciągnik
MO8_13504400,Ciągnik
MO8_13152100,Ciągnik
MO8_13099300,Ciągnik
MO8_1034200,Ciągnik
MO8_1032500,Ciągnik
MO8_0735400,Ciągnik
MO8_13504800,Ciągnik
MO8_13075500,Ciągnik
MO8_1035200,Ciągnik
MO8_0735700,Ciągnik
MO8_13151600,Ciągnik
MO8_13098900,Ciągnik
MO8_12634000,Ciągnik
MO8_13237300,Ciągnik
MO8_11624100,Ciągnik
MO8_13153500,Ciągnik
MO8_1033700,Ciągnik
MO8_13576800,Ciągnik
MO8_13576400,Ciągnik
MO8_5017217270000,Ciągnik
MO8_13016800,Ciągnik
MO8_13237100,Ciągnik
MO8_11562400,Ciągnik
MO8_4007103230000,Ciągnik
MO8_1116500,Ciągnik
MO8_4007103260000,Ciągnik
MO8_0209900,Ciągnik
MO8_0210200,Ciągnik
MO8_4007104030000,Ciągnik
MO8_4007104020000,Ciągnik
MO8_4007104010000,Ciągnik
MO8_13236900,Ciągnik
MO8_1114800,Ciągnik
MO8_1114700,Ciągnik
MO8_13237500,Ciągnik
MO8_13237700,Ciągnik
MO8_4007103240000,Ciągnik
MO1_19981689,Uniwersalne/pozostałe
MO1_19800433,Uniwersalne/pozostałe
MO1_19271099,Uniwersalne/pozostałe
MO1_19211335,Uniwersalne/pozostałe
MO1_19211334,Uniwersalne/pozostałe
MO1_19211329,Uniwersalne/pozostałe
MO1_19211309,Uniwersalne/pozostałe
MO1_19211277,Uniwersalne/pozostałe
MO1_19211276,Uniwersalne/pozostałe
MO1_19211233,Uniwersalne/pozostałe
MO1_19211226,Uniwersalne/pozostałe
MO1_19211215,Uniwersalne/pozostałe
MO1_19211205,Uniwersalne/pozostałe
MO1_19211201,Uniwersalne/pozostałe
MO1_19211190,Uniwersalne/pozostałe
MO1_19211111,Uniwersalne/pozostałe
MO1_19211087,Uniwersalne/pozostałe
MO1_19172460,Uniwersalne/pozostałe
MO1_19111103,Uniwersalne/pozostałe
MO1_19111100,Uniwersalne/pozostałe
MO1_19110121,Uniwersalne/pozostałe
MO1_19110117,Uniwersalne/pozostałe
MO1_19110112,Uniwersalne/pozostałe
MO1_19110097,Uniwersalne/pozostałe
MO1_19110081,Uniwersalne/pozostałe
MO1_19110065,Uniwersalne/pozostałe
MO1_18366370,Uniwersalne/pozostałe
MO1_18345403,Uniwersalne/pozostałe
MO1_18345285,Uniwersalne/pozostałe
MO1_18345276,Uniwersalne/pozostałe
MO1_15285410,Ciągnik
MO1_15235238,Ciągnik
MO1_15235226,Ciągnik
MO1_15227070,Oś napędowa
MO1_15226762,Ciągnik
MO1_15226306,Ciągnik
MO1_15226255,Ciągnik
MO1_15226185,Ciągnik
MO1_15226165,Ciągnik
MO1_15226100,Ciągnik
MO1_15226070,Ciągnik
MO1_15222593,Forwarder
MO1_15215825,Ciągnik
MO1_15215530,Ciągnik
MO1_15212849,Forwarder
MO1_15212843,Forwarder
MO1_15212758,Forwarder
MO1_15212659,Forwarder
MO1_15185312,Ciągnik
MO1_15172541,Ciągnik
MO1_15172450,Ciągnik
MO1_15172442,Ciągnik
MO1_15122214,Ciągnik
MO1_15122190,Ciągnik
MO1_12500701,Uniwersalne/pozostałe
MO1_10714890,Przyczepa
MO1_10485122,Uniwersalne/pozostałe
MO1_10485106,Uniwersalne/pozostałe
MO1_10436000,Uniwersalne/pozostałe
MO1_10007529,Ciągnik
MO1_10005932,Oś kierowana
MO1_10005931,Oś napędowa
MO1_10004967,Naczepa/przyczepa
MO1_10004966,Naczepa/przyczepa
MO1_10004964,All position
MO1_10004961,Oś kierowana
MO1_10004960,Oś napędowa
MO1_10004959,Oś napędowa
MO1_10004958,All position
MO1_10004957,Oś kierowana
MO1_10004956,Oś napędowa
MO1_10004952,Oś kierowana
MO1_10004950,Oś napędowa
MO1_10004949,Oś kierowana
MO1_10004946,Oś napędowa
MO1_10004779,Uniwersalne/pozostałe
MO1_10004304,Przyczepa
MO1_10004294,Przyczepa
MO1_10004288,Przyczepa
MO1_10004281,Przyczepa
MO1_10004278,Przyczepa
MO1_10003901,Ciągnik
MO1_10003819,Forwarder
MO1_10003613,Forwarder
MO1_10003506,Ciągnik
MO1_10003463,Uniwersalne/pozostałe
MO1_10003307,Forwarder
MO1_10002767,Uniwersalne/pozostałe
MO1_10001733,Ciągnik
MO1_10000978,Ciągnik
MO1_10000829,Ciągnik
MO1_10000825,Ciągnik
MO7_T445796,"Forwarder, harwester"
MO7_T445592,"Forwarder, harwester"
MO7_T445591,"Forwarder, harwester"
MO7_T445590,"Forwarder, harwester"
MO7_T445691,"Forwarder, harwester"
MO7_T445223,"Forwarder, harwester"
MO7_T445171,"Forwarder, harwester"
MO7_T445255,"Forwarder, harwester"
MO7_T445463,"Forwarder, harwester"
MO7_T445221,"Forwarder, harwester"
MO7_T445522,"Forwarder, harwester"
MO7_T445836,"Forwarder, harwester"
MO7_T445650,"Forwarder, harwester"
MO7_T445649,"Forwarder, harwester"
MO7_T445770,"Forwarder, harwester"
MO7_T445459,"Forwarder, harwester"
MO7_T445562,"Forwarder, harwester"
MO7_T445688,"Forwarder, harwester"
MO7_T445668,"Forwarder, harwester"
MO7_T445802,"Forwarder, harwester"
MO7_T445799,"Forwarder, harwester"
MO7_T445664,"Forwarder, harwester"
MO7_T445798,"Forwarder, harwester"
MO7_T445828,"Forwarder, harwester"
MO7_T445623,Forwarder
MO7_T445820,"Forwarder, harwester"
MO7_T445818,"Forwarder, harwester"
MO7_T445819,"Forwarder, harwester"
MO7_T445821,"Forwarder, harwester"
MO7_T445739,"Forwarder, harwester"
MO7_T445822,"Forwarder, harwester"
MO7_T445826,"Forwarder, harwester"
MO7_T445823,"Forwarder, harwester"
MO7_T445825,"Forwarder, harwester"
MO7_T445824,"Forwarder, harwester"
MO7_T445759,"Forwarder, harwester"
MO7_T445768,"Forwarder, harwester"
MO7_T445808,"Forwarder, harwester"
MO7_T445830,"Forwarder, harwester"
MO7_T445815,"Forwarder, harwester"
MO7_T445760,"Forwarder, harwester"
MO7_T445769,"Forwarder, harwester"
MO7_T445813,"Forwarder, harwester"
MO7_T445672,"Forwarder, harwester"
MO7_T445671,"Forwarder, harwester"
MO7_T445669,"Forwarder, harwester"
MO7_T445587,"Forwarder, harwester"
MO7_T445636,"Forwarder, harwester"
MO7_T445666,"Forwarder, harwester"
MO7_T445832,"Forwarder, harwester"
MO7_T445667,"Forwarder, harwester"
MO7_T445665,"Forwarder, harwester"
MO7_T445847,"Forwarder, harwester"
MO7_T445595,"Forwarder, harwester"
MO7_T445773,"Forwarder, harwester"
MO7_T445564,"Forwarder, harwester"
MO7_T445585,"Forwarder, harwester"
MO7_T445700,"Forwarder, harwester"
MO7_T445583,"Forwarder, harwester"
MO7_T445588,"Forwarder, harwester"
MO7_T445848,"Forwarder, harwester"
MO7_T445736,"Forwarder, harwester"
MO7_T445609,"Forwarder, harwester"
MO7_T445754,"Forwarder, harwester"
MO7_T445758,"Forwarder, harwester"
MO7_T445772,"Forwarder, harwester"
MO7_T445563,"Forwarder, harwester"
MO7_T445584,"Forwarder, harwester"
MO7_T445752,"Forwarder, harwester"
MO7_T445634,"Forwarder, harwester"
MO7_T445586,"Forwarder, harwester"
MO7_T445582,"Forwarder, harwester"
MO7_T445753,"Forwarder, harwester"
MO7_T445757,"Forwarder, harwester"
MO7_T445756,"Forwarder, harwester"
MO7_T845541,"Forwarder, harwester"
MO7_T845540,"Forwarder, harwester"
MO7_T445655,"Forwarder, harwester"
MO7_T445390,"Forwarder, harwester"
MO7_T445518,"Forwarder, harwester"
MO7_T445443,"Forwarder, harwester"
MO7_T445445,"Forwarder, harwester"
MO7_T445338,"Forwarder, harwester"
MO7_T445377,"Forwarder, harwester"
MO7_T445656,"Forwarder, harwester"
MO7_T445370,"Forwarder, harwester"
MO7_T445369,"Forwarder, harwester"
MO7_T445657,"Forwarder, harwester"
MO7_T445371,"Forwarder, harwester"
MO7_T445386,"Forwarder, harwester"
MO7_T445384,"Forwarder, harwester"
MO7_T445442,"Forwarder, harwester"
MO7_T445444,"Forwarder, harwester"
MO7_T445337,"Forwarder, harwester"
MO7_T445383,"Forwarder, harwester"
MO7_T445579,"Forwarder, harwester"
MO7_T445550,"Forwarder, harwester"
MO7_T445420,"Forwarder, harwester"
MO7_T445467,"Forwarder, harwester"
MO7_T445393,"Forwarder, harwester"
MO7_T445385,"Forwarder, harwester"
MO7_T445392,"Forwarder, harwester"
MO7_T445372,"Forwarder, harwester"
MO7_T445378,"Forwarder, harwester"
MO7_T445376,"Forwarder, harwester"
MO7_T445419,"Forwarder, harwester"
MO7_T445389,"Forwarder, harwester"
MO7_T445569,"Forwarder, harwester"
MO7_T445391,"Forwarder, harwester"
MO7_T845495,"Forwarder, harwester"
MO7_T845539,"Forwarder, harwester"
MO7_T445722,"Forwarder, harwester"
MO7_T445725,"Forwarder, harwester"
MO7_T445727,"Forwarder, harwester"
MO7_T445744,"Forwarder, harwester"
MO7_T445743,"Forwarder, harwester"
MO7_T445738,"Forwarder, harwester"
MO7_T445765,"Forwarder, harwester"
MO7_T445734,"Forwarder, harwester"
MO7_T445732,"Forwarder, harwester"
MO7_T445731,"Forwarder, harwester"
MO7_T445730,"Forwarder, harwester"
MO7_T445729,"Forwarder, harwester"
MO7_T445726,"Forwarder, harwester"
MO7_T445728,"Forwarder, harwester"
MO7_T445763,"Forwarder, harwester"
MO7_T445762,"Forwarder, harwester"
MO7_T445737,"Forwarder, harwester"
MO7_T445764,"Forwarder, harwester"
MO7_T445735,"Forwarder, harwester"
MO7_T445733,"Forwarder, harwester"
MO5_VRRR28048070DTX70,Uniwersalne/pozostałe
MO2_28003500,Uniwersalne/pozostałe
MO5_OTRD180G25808BT70,Ciągnik
MO5_EGCR22538565KGTL0,Naczepa/przyczepa
MO5_CCRR28054065DTMA0,Oś kierowana
MO5_CBCR19526570MF0R1,All position
MO1_10006070,Oś kierowana
MO1_10005930,Oś kierowana
MO1_10005928,Oś napędowa
MO1_10004963,Naczepa/przyczepa
