kod;marka;model;nazwa;kategoria;zastosowanie;pewnosc;stare_zastosowanie
MO5_AOPR22544565FP230;Aeolus;AGP23;445/65R22.5 Aeolus AGP23 169F TL;ciężarowe;All position;WZORZEC;Oś kierowana
MO2_907751;BFGoodrich;ROUTE CONTROL S;11R22.5 BFGoodrich ROUTE CONTROL S 148/145L FRONT;ciężarowe;All position;WZORZEC;Oś kierowana
MO2_520276;BFGoodrich;ROUTE CONTROL S;265/70R19.5 BFGoodrich ROUTE CONTROL S 140/138M M+S FRONT;ciężarowe;All position;WZORZEC;Oś kierowana
MO5_CBCR225F3000KDMR1;Barum;BD200M;13R22.5 Barum BD200M 156/150K 18PR TL M+S 3PMSF;ciężarowe;All position;WZORZEC;Oś kierowana
MO5_CBCR22544565KT431;Barum;BT43;445/65R22.5 Barum BT43 169K 20PR TL M+S;ciężarowe;All position;WZORZEC;Oś kierowana
MO5_CBCR22544565JS490;Barum;BS49;445/65R22.5 Barum BS49 169J 20PR TL M+S;ciężarowe;All position;WZORZEC;Oś kierowana
MO5_CBCR22538555KF0R0;Barum;BF200R;385/55R22.5 Barum BF200R 160K 20PR TL M+S 3PMSF;ciężarowe;All position;WZORZEC;Oś kierowana
MO5_CBCR22531580LF0R1;Barum;BF200R;315/80R22.5 Barum BF200R 156/150L 20PR TL M+S 3PMSF;ciężarowe;All position;WZORZEC;Oś kierowana
MO5_CBCR22531580LD0R0;Barum;BD200R;315/80R22.5 Barum BD200R 156/151L 20PR TL M+S 3PMSF;ciężarowe;All position;WZORZEC;Oś kierowana
MO5_CBCR22531580KDMR1;Barum;BD200M napęd;315/80R22.5 Barum BD200M napęd 156/150K 18PR TL M+S 3PMSF;ciężarowe;All position;WZORZEC;Oś kierowana
MO5_CBCR22531570LF0R1;Barum;BF200R;315/70R22.5 Barum BF200R 156/150L 20PR TL M+S 3PMSF;ciężarowe;All position;WZORZEC;Oś kierowana
MO5_CBCR22531560LF0R2;Barum;BF200R+;315/60R22.5 Barum BF200R+ 154/148L 20PR TL M+S 3PMSF;ciężarowe;All position;WZORZEC;Oś kierowana
MO5_CBCR22531560LD0R0;Barum;BD200R;315/60R22.5 Barum BD200R 152/148L 20PR TL M+S 3PMSF;ciężarowe;All position;WZORZEC;Oś kierowana
MO5_CBCR22529560LD0R0;Barum;BD200R;295/60R22.5 Barum BD200R 150/147L 18PR TL M+S 3PMSF;ciężarowe;All position;WZORZEC;Oś kierowana
MO5_CBCR19544545JORB0;Barum;BT300R;445/45R19.5 Barum BT300R 160J 22PR TL M+S 3PMSF;ciężarowe;All position;WZORZEC;Oś kierowana
MO5_CBCR19526570MD0R0;Barum;BD200R;265/70R19.5 Barum BD200R 140/138M 14PR TL M+S 3PMSF;ciężarowe;All position;WZORZEC;Oś kierowana
MO5_CBCR17522575MFRO1;Barum;BF200R;225/75R17.5 Barum BF200R 129/127M 12PR TL M+S 3PMSF;ciężarowe;All position;WZORZEC;Oś kierowana
MO5_CBCR17522575MDRO1;Barum;BD200R;225/75R17.5 Barum BD200R 129/127M 12PR TL M+S 3PMSF;ciężarowe;All position;WZORZEC;Oś kierowana
MO5_CBCR17521575MFRO2;Barum;BF200R LRF;215/75R17.5 Barum BF200R LRF 126/124M 12PR TL M+S 3PMSF;ciężarowe;All position;WZORZEC;Oś kierowana
MO5_CBCR17521575MDRO0;Barum;BD200R;215/75R17.5 Barum BD200R 126/124M 12PR TL M+S 3PMSF;ciężarowe;All position;WZORZEC;Oś kierowana
MO2_05124690000;Barum;BF 200;385/65R22.5 Barum BF 200 160K/158L 3PMSF M+S FRONT;ciężarowe;All position;WZORZEC;Oś kierowana
MO5_CBCR19526570MF0R1;Barum;BF200R;265/70R19.5 Barum BF200R 140/138M 14PR TL M+S 3PMSF;ciezarowe;All position;WZORZEC;Oś kierowana
MO5_BLCR225F3000KBD80;BlackLion;BD280;13R22.5 BlackLion BD280 156/150K 20PR TL M+S 3PMSF;ciężarowe;All position;WZORZEC;Oś kierowana
MO5_BLCR225F3000KBA20;BlackLion;BA220;13R22.5 BlackLion BA220 156/150K 20PR TL M+S 3PMSF;ciężarowe;All position;WZORZEC;Oś kierowana
MO5_BRCR22538565KSTE0;Bridgestone;ECOPIA STEER;385/65R22.5 Bridgestone ECOPIA STEER 160K TL M+S 3PMSF;ciężarowe;All position;PEWNE;Oś kierowana
MO5_BRCR22538565KDU20;Bridgestone;DURS2;385/65R22.5 Bridgestone DURS2 160K TL M+S 3PMSF;ciężarowe;All position;PEWNE;Oś kierowana
MO5_BRCR22538555KSTE0;Bridgestone;ECOPIA STEER;385/55R22.5 Bridgestone ECOPIA STEER 160K TL M+S 3PMSF;ciężarowe;All position;PEWNE;Oś kierowana
MO5_BRCR22538555KDU21;Bridgestone;DURS2;385/55R22.5 Bridgestone DURS2 160K TL M+S 3PMSF;ciężarowe;All position;PEWNE;Oś kierowana
MO5_BRCR22535550LEH20;Bridgestone;ECOPIA -STEER 002;355/50R22.5 Bridgestone ECOPIA -STEER 002 156L TL M+S 3PMSF;ciężarowe;All position;PEWNE;Oś kierowana
MO5_BRCR22531580LSTE0;Bridgestone;ECOPIA STEER;315/80R22.5 Bridgestone ECOPIA STEER 156/150L TL M+S 3PMSF;ciężarowe;All position;PEWNE;Oś kierowana
MO5_BRCR22531580LEH20;Bridgestone;ECOPIA -STEER 002;315/80R22.5 Bridgestone ECOPIA -STEER 002 156/150L TL M+S 3PMSF;ciężarowe;All position;PEWNE;Oś kierowana
MO5_BRCR22531580LDU21;Bridgestone;DURS2;315/80R22.5 Bridgestone DURS2 156/150L TL M+S 3PMSF;ciężarowe;All position;PEWNE;Oś kierowana
MO5_BRCR22531580KMS10;Bridgestone;STEER 001;315/80R22.5 Bridgestone -STEER 001 156/150K TL M+S 3PMSF;ciężarowe;All position;PEWNE;Oś kierowana
MO5_BRCR22531570LSTE0;Bridgestone;ECOPIA STEER;315/70R22.5 Bridgestone ECOPIA STEER 156/150L TL M+S 3PMSF;ciężarowe;All position;PEWNE;Oś kierowana
MO5_BRCR22531570LDU21;Bridgestone;DURS2;315/70R22.5 Bridgestone DURS2 156/150L TL M+S 3PMSF;ciężarowe;All position;PEWNE;Oś kierowana
MO5_BRCR22531560LSTE0;Bridgestone;ECOPIA STEER;315/60R22.5 Bridgestone ECOPIA STEER 154/148L TL M+S 3PMSF;ciężarowe;All position;PEWNE;Oś kierowana
MO5_BRCR22531560LDU20;Bridgestone;DURS2;315/60R22.5 Bridgestone DURS2 154/148L TL M+S 3PMSF;ciężarowe;All position;PEWNE;Oś kierowana
MO5_BRCR22531560LCOH0;Bridgestone;ECOPIA -STEER 002;315/60R22.5 Bridgestone ECOPIA -STEER 002 154/148L TL M+S 3PMSF;ciężarowe;All position;PEWNE;Oś kierowana
MO5_BRCR22529560L24E0;Bridgestone;R249 ECO;295/60R22.5 Bridgestone R249 ECO 150/147L TL M+S 3PMSF;ciężarowe;All position;PEWNE;Oś kierowana
MO5_BRCR19528570MRS90;Bridgestone;STEER 002;285/70R19.5 Bridgestone -STEER 002 146/144M TL M+S 3PMSF;ciężarowe;All position;PEWNE;Oś kierowana
MO5_BRCR19526570MRS90;Bridgestone;STEER 002;265/70R19.5 Bridgestone -STEER 002 140/138M TL M+S 3PMSF;ciężarowe;All position;PEWNE;Oś kierowana
MO5_BRCR17526570MRS90;Bridgestone;STEER 002;265/70R17.5 Bridgestone -STEER 002 138M TL M+S 3PMSF;ciężarowe;All position;PEWNE;Oś kierowana
MO5_BRCR17524570MRS90;Bridgestone;STEER 002;245/70R17.5 Bridgestone -STEER 002 136/134M TL M+S 3PMSF;ciężarowe;All position;PEWNE;Oś kierowana
MO5_BRCR17523575MRS90;Bridgestone;STEER 002;235/75R17.5 Bridgestone -STEER 002 132M TL M+S 3PMSF;ciężarowe;All position;PEWNE;Oś kierowana
MO5_BRCR17522575MRS90;Bridgestone;STEER 002;225/75R17.5 Bridgestone -STEER 002 129/127M TL M+S 3PMSF;ciężarowe;All position;PEWNE;Oś kierowana
MO5_BRCR17520575M2RS0;Bridgestone;RS2;205/75R17.5 Bridgestone RS2 124M TL M+S 3PMSF;ciężarowe;All position;PEWNE;Oś kierowana
MO4_BRCR22531560LSTE0;Bridgestone;ECOPIA STEER;315/60R22.5 Bridgestone ECOPIA STEER 154/148L TL M+S 3PMSF;ciężarowe;All position;PEWNE;Oś kierowana
MO2_8696;Bridgestone;MS1;13R22.5 Bridgestone MS1 156K FRONT;ciężarowe;All position;PEWNE;Oś kierowana
MO2_32580;Bridgestone;RS2 SEVERE DUTY DURAVIS;315/80R22.5 Bridgestone RS2 SEVERE DUTY DURAVIS 156L/154M 3PMSF FRONT;ciężarowe;All position;PEWNE;Oś kierowana
MO2_19914;Bridgestone;ECOPIA STEER;385/55R22.5 Bridgestone ECOPIA STEER 160K/158L 3PMSF M+S FRONT;ciężarowe;All position;PEWNE;Oś kierowana
MO2_19912;Bridgestone;ECOPIA STEER;315/80R22.5 Bridgestone ECOPIA STEER 156L/154M 3PMSF FRONT;ciężarowe;All position;PEWNE;Oś kierowana
MO2_19339;Bridgestone;R249 ECO;295/60R22.5 Bridgestone R249 ECO 150L/147L 3PMSF FRONT;ciężarowe;All position;PEWNE;Oś kierowana
MO2_17009;Bridgestone;HS2 ECO;355/50R22.5 Bridgestone HS2 ECO 156L 3PMSF M+S FRONT;ciężarowe;All position;PEWNE;Oś kierowana
MO2_16947;Bridgestone;RS2 DURAVIS;315/80R22.5 Bridgestone RS2 DURAVIS 156L/154M 3PMSF FRONT;ciężarowe;All position;PEWNE;Oś kierowana
MO2_16944;Bridgestone;RS2 DURAVIS;315/70R22.5 Bridgestone RS2 DURAVIS 156L/154M 3PMSF FRONT;ciężarowe;All position;PEWNE;Oś kierowana
MO2_16943;Bridgestone;RS2 DURAVIS;295/80R22.5 Bridgestone RS2 DURAVIS 154M/149M 3PMSF FRONT;ciężarowe;All position;PEWNE;Oś kierowana
MO2_16940;Bridgestone;RS2 DURAVIS;385/55R22.5 Bridgestone RS2 DURAVIS 160K/158L FRONT;ciężarowe;All position;PEWNE;Oś kierowana
MO2_16939;Bridgestone;RS2 DURAVIS;385/65R22.5 Bridgestone RS2 DURAVIS 160K/158L FRONT;ciężarowe;All position;PEWNE;Oś kierowana
MO2_16937;Bridgestone;RS2 DURAVIS;315/60R22.5 Bridgestone RS2 DURAVIS 154L/148L 3PMSF FRONT;ciężarowe;All position;PEWNE;Oś kierowana
MO2_13463;Bridgestone;RS2;265/70R17.5 Bridgestone RS2 138M/136M 3PMSF FRONT;ciężarowe;All position;PEWNE;Oś kierowana
MO2_13261;Bridgestone;RS2;235/75R17.5 Bridgestone RS2 132M/130M FRONT;ciężarowe;All position;PEWNE;Oś kierowana
MO2_10379;Bridgestone;RS2;265/70R19.5 Bridgestone RS2 140M/138M FRONT;ciężarowe;All position;PEWNE;Oś kierowana
MO2_10378;Bridgestone;RS2;215/75R17.5 Bridgestone RS2 128M/126M FRONT;ciężarowe;All position;PEWNE;Oś kierowana
MO2_10377;Bridgestone;RS2;225/75R17.5 Bridgestone RS2 129M/127M 3PMSF FRONT;ciężarowe;All position;PEWNE;Oś kierowana
MO2_10376;Bridgestone;RS2;245/70R17.5 Bridgestone RS2 136M/134M FRONT;ciężarowe;All position;PEWNE;Oś kierowana
MO2_10375;Bridgestone;RS2;285/70R19.5 Bridgestone RS2 146M/144M 3PMSF FRONT;ciężarowe;All position;PEWNE;Oś kierowana
MO2_115223852C020KTH2U;Celestis;CTH2;385/65R22.5 Celestis CTH2 164K 3PMSF M+S;ciężarowe;All position;WZORZEC;Oś kierowana
MO2_115223182C018LUH2U;Celestis;CUH2;315/80R22.5 Celestis CUH2 156/150L 3PMSF M+S FRONT;ciężarowe;All position;WZORZEC;Oś kierowana
MO2_115223162C018LUH2U;Celestis;CUH2;315/70R22.5 Celestis CUH2 156/150L 3PMSF M+S FRONT;ciężarowe;All position;WZORZEC;Oś kierowana
MO2_CET0039;Cetroc;GHA20;315/60R22.5 Cetroc GHA20 154/148L 3PMSF M+S FRONT;ciężarowe;All position;PEWNE;Oś kierowana
MO2_CET0037;Cetroc;GHA20;245/70R17.5 Cetroc GHA20 143K/141K 3PMSF M+S FRONT;ciężarowe;All position;PEWNE;Oś kierowana
MO2_CET0026;Cetroc;GHA20;235/75R17.5 Cetroc GHA20 143/141K 3PMSF M+S FRONT;ciężarowe;All position;PEWNE;Oś kierowana
MO2_CET0024;Cetroc;GHA20;215/75R17.5 Cetroc GHA20 135/133K 3PMSF M+S FRONT;ciężarowe;All position;PEWNE;Oś kierowana
MO2_CET0018;Cetroc;GHA20;285/70R19.5 Cetroc GHA20 150/148K 3PMSF M+S FRONT;ciężarowe;All position;PEWNE;Oś kierowana
MO2_CET0014;Cetroc;GHA20;295/60R22.5 Cetroc GHA20 150/147K 3PMSF M+S FRONT;ciężarowe;All position;PEWNE;Oś kierowana
MO2_CET0009;Cetroc;GMA30;315/80R22.5 Cetroc GMA30 157/154L 3PMSF M+S FRONT;ciężarowe;All position;PEWNE;Oś kierowana
MO2_CET0004;Cetroc;GHA20;315/70R22.5 Cetroc GHA20 154/151M 3PMSF M+S FRONT;ciężarowe;All position;PEWNE;Oś kierowana
MO2_CET0003;Cetroc;GHA20;295/80R22.5 Cetroc GHA20 154/149M 3PMSF M+S FRONT;ciężarowe;All position;PEWNE;Oś kierowana
MO2_CET0002;Cetroc;GMA30;13R22.5 Cetroc GMA30 156/153L 3PMSF M+S FRONT;ciężarowe;All position;PEWNE;Oś kierowana
MO2_CET0031;Cetroc;LINE A30;385/65R22.5 Cetroc LINE A30 164K 3PMSF M+S FRONT;ciężarowe;All position;WZORZEC;Oś kierowana
MO2_CET0029;Cetroc;LINE A50;385/65R22.5 Cetroc LINE A50 160K 3PMSF M+S FRONT;ciężarowe;All position;WZORZEC;Oś kierowana
MO5_CCCZ22538565K3SH0;Continental;CONTI SCANDINAVIA HS3;385/65R22.5 Continental CONTI SCANDINAVIA HS3 160K 20PR TL M+S 3PMSF;ciężarowe;All position;PEWNE;Oś kierowana
MO5_CCCZ22538555K3SH1;Continental;CONTI SCANDINAVIA HS3 ED;385/55R22.5 Continental CONTI SCANDINAVIA HS3 ED 160K 20PR TL M+S 3PMS;ciężarowe;All position;PEWNE;Oś kierowana
MO5_CCCZ22531570L3SH0;Continental;CONTI SCANDINAVIA HS3;315/70R22.5 Continental CONTI SCANDINAVIA HS3 156/150L 20PR TL M+S 3PM;ciężarowe;All position;PEWNE;Oś kierowana
MO5_CCCZ19528570MS3H2;Continental;CONTI SCANDINAVIA HS3;285/70R19.5 Continental CONTI SCANDINAVIA HS3 146/144M 16PR TL M+S 3PM;przemysłowe;All position;PEWNE;Oś kierowana
MO5_CCCZ19526570MS3H0;Continental;CONTI SCANDINAVIA HS3;265/70R19.5 Continental CONTI SCANDINAVIA HS3 140/138M 16PR TL M+S 3PM;przemysłowe;All position;PEWNE;Oś kierowana
MO5_CCCZ17523575ML3S0;Continental;CONTI SCANDINAVIA 3;235/75R17.5 Continental CONTI SCANDINAVIA LS3 132/130M 12PR TL M+S 3PM;ciężarowe;All position;PEWNE;Oś kierowana
MO5_CCCZ17521575ML3S0;Continental;CONTI SCANDINAVIA 3;215/75R17.5 Continental CONTI SCANDINAVIA LS3 126/124M 12PR TL M+S 3PM;ciężarowe;All position;PEWNE;Oś kierowana
MO5_CCCR225F0000KRMS1;Continental;RMS;10R22.5 Continental RMS 144/142K 14PR TL M+S 3PMSF;ciężarowe;All position;PEWNE;Oś kierowana
MO5_CCCR22538565KHTC2;Continental;CONTI HYBRID HT3+;385/65R22.5 Continental CONTI HYBRID HT3+ 164K 20PR TL M+S 3PMSF;ciężarowe;All position;PEWNE;Oś kierowana
MO5_CCCR22538565KHT50;Continental;CONTI HYBRID HT5 HL;385/65R22.5 Continental CONTI HYBRID HT5 HL 164K 20PR TL M+S 3PMSF;ciężarowe;All position;PEWNE;Oś kierowana
MO5_CCCR22538565KCH50;Continental;CONTI HYBRID HS5;385/65R22.5 Continental CONTI HYBRID HS5 164K 20PR TL M+S 3PMSF;ciężarowe;All position;PEWNE;Oś kierowana
MO5_CCCR22538565K5SH0;Continental;CONTI ECO HS5;385/65R22.5 Continental CONTI ECO HS5 164K 20PR TL M+S 3PMSF;ciężarowe;All position;PEWNE;Oś kierowana
MO5_CCCR22538555KHTC0;Continental;CONTI HYBRID HT3+;385/55R22.5 Continental CONTI HYBRID HT3+ 160K 20PR TL M+S 3PMSF;ciężarowe;All position;PEWNE;Oś kierowana
MO5_CCCR22538555KHT50;Continental;CONTI HYBRID HT5;385/55R22.5 Continental CONTI HYBRID HT5 160K 20PR TL M+S 3PMSF;ciężarowe;All position;PEWNE;Oś kierowana
MO5_CCCR22538555KCH50;Continental;CONTI HYBRID HS5;385/55R22.5 Continental CONTI HYBRID HS5 160K 20PR TL M+S 3PMSF;ciężarowe;All position;PEWNE;Oś kierowana
MO5_CCCR22535550L5SH0;Continental;CONTI ECO HS5;355/50R22.5 Continental CONTI ECO HS5 158L 18PR TL M+S 3PMSF;ciężarowe;All position;PEWNE;Oś kierowana
MO5_CCCR22531580LCH50;Continental;CONTI HYBRID HS5;315/80R22.5 Continental CONTI HYBRID HS5 156/150L 18PR TL M+S 3PMSF;ciężarowe;All position;PEWNE;Oś kierowana
MO5_CCCR22531580L5SH0;Continental;CONTI ECO HS5;315/80R22.5 Continental CONTI ECO HS5 156/150L 18PR TL M+S 3PMSF;ciężarowe;All position;PEWNE;Oś kierowana
MO5_CCCR22531570LCH50;Continental;CONTI HYBRID HS5;315/70R22.5 Continental CONTI HYBRID HS5 156/150L 20PR TL M+S 3PMSF;ciężarowe;All position;PEWNE;Oś kierowana
MO5_CCCR22531570L5SH1;Continental;CONTI ECO HS5;315/70R22.5 Continental CONTI ECO HS5 158/150L 20PR TL M+S 3PMSF;ciężarowe;All position;PEWNE;Oś kierowana
MO5_CCCR22531570L5SH0;Continental;CONTI ECO HS5;315/70R22.5 Continental CONTI ECO HS5 156/150L 20PR TL M+S 3PMSF;ciężarowe;All position;PEWNE;Oś kierowana
MO5_CCCR22531570L5HC0;Continental;Conti EfficientPro HS5;315/70R22.5 Continental Conti EfficientPro HS5 158/150L 18PR TL M+S 3P;ciężarowe;All position;PEWNE;Oś kierowana
MO5_CCCR22531560LH3D1;Continental;CONTI HYBRID HD3;315/60R22.5 Continental CONTI HYBRID HD3 152/148L 20PR TL M+S 3PMSF;ciężarowe;All position;PEWNE;Oś kierowana
MO5_CCCR22531560L5SH0;Continental;CONTI ECO HS5;315/60R22.5 Continental CONTI ECO HS5 154/150L 20PR TL M+S 3PMSF;ciężarowe;All position;PEWNE;Oś kierowana
MO5_CCCR22530570LHS30;Continental;HSR1;305/70R22.5 Continental HSR1 152/148L 18PR TL;ciężarowe;All position;PEWNE;Oś kierowana
MO5_CCCR22529580MCH50;Continental;CONTI HYBRID HS5;295/80R22.5 Continental CONTI HYBRID HS5 154/149M 16PR TL M+S 3PMSF;przemysłowe;All position;PEWNE;Oś kierowana
MO5_CCCR22529560LH3D1;Continental;CONTI HYBRID HD3;295/60R22.5 Continental CONTI HYBRID HD3 150/147L 18PR TL M+S 3PMSF;ciężarowe;All position;PEWNE;Oś kierowana
MO5_CCCR19544545JHTC0;Continental;CONTI HYBRID HT3+;445/45R19.5 Continental CONTI HYBRID HT3+ 160J 22PR TL M+S 3PMSF;ciężarowe;All position;PEWNE;Oś kierowana
MO5_CCCR19530570MH3D0;Continental;CONTI HYBRID HD3;305/70R19.5 Continental CONTI HYBRID HD3 148/145M 18PR TL M+S 3PMSF;ciężarowe;All position;PEWNE;Oś kierowana
MO5_CCCR19528570MH3D0;Continental;CONTI HYBRID HD3;285/70R19.5 Continental CONTI HYBRID HD3 146/144M 16PR TL M+S 3PMSF;przemysłowe;All position;PEWNE;Oś kierowana
MO5_CCCR19528570KHTC0;Continental;CONTI HYBRID HT3+;285/70R19.5 Continental CONTI HYBRID HT3+ 150/148K 18PR TL M+S 3PMSF;ciężarowe;All position;PEWNE;Oś kierowana
MO5_CCCR19526570MHSH0;Continental;CONTI HYBRID HS3+;265/70R19.5 Continental CONTI HYBRID HS3+ 140/138M 14PR TL M+S 3PMSF;ciężarowe;All position;PEWNE;Oś kierowana
MO5_CCCR19526570MH3H2;Continental;CONTI HYBRID HD3+;265/70R19.5 Continental CONTI HYBRID HD3+ 140/138M 14PR TL M+S 3PMSF;ciężarowe;All position;PEWNE;Oś kierowana
MO5_CCCR19526570MH3D1;Continental;CONTI HYBRID HD3;265/70R19.5 Continental CONTI HYBRID HD3 140/138M 14PR TL M+S 3PMSF;ciężarowe;All position;PEWNE;Oś kierowana
MO5_CCCR19526570KHTC1;Continental;CONTI HYBRID HT3+;265/70R19.5 Continental CONTI HYBRID HT3+ 143/141K 16PR TL M+S 3PMSF;przemysłowe;All position;PEWNE;Oś kierowana
MO5_CCCR19524570MHS32;Continental;CONTI HYBRID HS3;245/70R19.5 Continental CONTI HYBRID HS3 136/134M 16PR TL M+S 3PMSF;przemysłowe;All position;PEWNE;Oś kierowana
MO5_CCCR19524570MH3D0;Continental;CONTI HYBRID HD3;245/70R19.5 Continental CONTI HYBRID HD3 136/134M 16PR TL M+S 3PMSF;przemysłowe;All position;PEWNE;Oś kierowana
MO5_CCCR19524570KHTC0;Continental;CONTI HYBRID HT3+;245/70R19.5 Continental CONTI HYBRID HT3+ 141/140K 16PR TL M+S 3PMSF;przemysłowe;All position;PEWNE;Oś kierowana
MO5_CCCR175F0000LLS12;Continental;LSR1;10R17.5 Continental LSR1 134/132L 16PR TL;przemysłowe;All position;PEWNE;Oś kierowana
MO5_CCCR17526570MH3S2;Continental;CONTI HYBRID 3;265/70R17.5 Continental CONTI HYBRID LS3 139/136M 14PR TL M+S 3PMSF;ciężarowe;All position;PEWNE;Oś kierowana
MO5_CCCR17524570MH3S2;Continental;CONTI HYBRID 3;245/70R17.5 Continental CONTI HYBRID LS3 136/134M 14PR TL M+S 3PMSF;ciężarowe;All position;PEWNE;Oś kierowana
MO5_CCCR17523575MH3S4;Continental;CONTI HYBRID 3;235/75R17.5 Continental CONTI HYBRID LS3 132/130M 12PR TL M+S 3PMSF;ciężarowe;All position;PEWNE;Oś kierowana
MO5_CCCR17522575MH3S2;Continental;CONTI HYBRID 3;225/75R17.5 Continental CONTI HYBRID LS3 129/127M 12PR TL M+S 3PMSF;ciężarowe;All position;PEWNE;Oś kierowana
MO5_CCCR17521575MH3S2;Continental;CONTI HYBRID 3;215/75R17.5 Continental CONTI HYBRID LS3 126/124M 12PR TL M+S 3PMSF;ciężarowe;All position;PEWNE;Oś kierowana
MO5_CCCR17520575MHLS2;Continental;CONTI HYBRID 3;205/75R17.5 Continental CONTI HYBRID LS3 124/122M 12PR TL M+S 3PMSF;ciężarowe;All position;PEWNE;Oś kierowana
MO4_CCCR22538565KHTC2;Continental;CONTI HYBRID HT3+;385/65R22.5 Continental CONTI HYBRID HT3+ 164K 20PR TL M+S 3PMSF;ciężarowe;All position;PEWNE;Oś kierowana
MO4_CCCR22538565KCH50;Continental;CONTI HYBRID HS5;385/65R22.5 Continental CONTI HYBRID HS5 164K 20PR TL M+S 3PMSF;ciężarowe;All position;PEWNE;Oś kierowana
MO4_CCCR22538565K5SH0;Continental;CONTI ECO HS5;385/65R22.5 Continental CONTI ECO HS5 164K 20PR TL M+S 3PMSF;ciężarowe;All position;PEWNE;Oś kierowana
MO4_CCCR22531580LCH50;Continental;CONTI HYBRID HS5;315/80R22.5 Continental CONTI HYBRID HS5 156/150L 18PR TL M+S 3PMSF;ciężarowe;All position;PEWNE;Oś kierowana
MO4_CCCR22531580L5SH0;Continental;CONTI ECO HS5;315/80R22.5 Continental CONTI ECO HS5 156/150L 18PR TL M+S 3PMSF;ciężarowe;All position;PEWNE;Oś kierowana
MO4_CCCR22531570LCH50;Continental;CONTI HYBRID HS5;315/70R22.5 Continental CONTI HYBRID HS5 156/150L 20PR TL M+S 3PMSF;ciężarowe;All position;PEWNE;Oś kierowana
MO4_CCCR22531570L5SH0;Continental;CONTI ECO HS5;315/70R22.5 Continental CONTI ECO HS5 156/150L 20PR TL M+S 3PMSF;ciężarowe;All position;PEWNE;Oś kierowana
MO4_CCCR22529560LH3D1;Continental;CONTI HYBRID HD3;295/60R22.5 Continental CONTI HYBRID HD3 150/147L 18PR TL M+S 3PMSF;ciężarowe;All position;PEWNE;Oś kierowana
MO2_05322730000;Continental;CONTI HYBRID HT5;385/65R22.5 Continental CONTI HYBRID HT5 164K 3PMSF M+S;ciężarowe;All position;PEWNE;Oś kierowana
MO2_04121950000;Continental;LSR1;10R17.5 Continental LSR1 134/132L FRONT;ciężarowe;All position;PEWNE;Oś kierowana
MO5_CCRR38065065DTMA0;Continental;TRACTOR MASTER;650/65R38 Continental TRACTOR MASTER 157D/160A8 TL;rolnicze;All position;WZORZEC;Oś kierowana
MO5_CCRR38058070DC700;Continental;TRACTOR 70;580/70R38 Continental TRACTOR 70 155D/158A8 TL;rolnicze;All position;WZORZEC;Oś kierowana
MO5_CCRR38054065DTMA0;Continental;TRACTOR MASTER;540/65R38 Continental TRACTOR MASTER 147D/150A8 TL;rolnicze;All position;WZORZEC;Oś kierowana
MO5_CCRR38048070DC700;Continental;TRACTOR 70;480/70R38 Continental TRACTOR 70 145D/148A8 TL;rolnicze;All position;WZORZEC;Oś kierowana
MO5_CCRR380420858C850;Continental;TRACTOR 85;420/85R38 Continental TRACTOR 85 144A8/144B TL;rolnicze;All position;WZORZEC;Oś kierowana
MO5_CCRR34060065DTMA0;Continental;TRACTOR MASTER;600/65R34 Continental TRACTOR MASTER 151D/154A8 TL;rolnicze;All position;WZORZEC;Oś kierowana
MO5_CCRR34052070DC700;Continental;TRACTOR 70;520/70R34 Continental TRACTOR 70 148D/151A8 TL;rolnicze;All position;WZORZEC;Oś kierowana
MO5_CCRR340420858C852;Continental;TRACTOR 85;420/85R34 Continental TRACTOR 85 147A8/147B TL;rolnicze;All position;WZORZEC;Oś kierowana
MO5_CCRR32090060BCBM0;Continental;COMBINE MASTER CHO;900/60R32 Continental COMBINE MASTER CHO 181B/181A8 TL;rolnicze;All position;WZORZEC;Oś kierowana
MO5_CCRR32080070BCBM0;Continental;COMBINE MASTER CHO;800/70R32 Continental COMBINE MASTER CHO 181B/181A8 TL;rolnicze;All position;WZORZEC;Oś kierowana
MO5_CCRR30060070DTMA0;Continental;TRACTOR MASTER;600/70R30 Continental TRACTOR MASTER 152D/155A8 TL;rolnicze;All position;WZORZEC;Oś kierowana
MO5_CCRR28060070DTMA0;Continental;TRACTOR MASTER;600/70R28 Continental TRACTOR MASTER 157D/160A8 TL;rolnicze;All position;WZORZEC;Oś kierowana
MO5_CCRR280380858C850;Continental;TRACTOR 85;380/85R28 Continental TRACTOR 85 133A8/130B TL;rolnicze;All position;WZORZEC;Oś kierowana
MO5_CCRR24038070DC700;Continental;TRACTOR 70;380/70R24 Continental TRACTOR 70 125D/128A8 TL;rolnicze;All position;WZORZEC;Oś kierowana
MO5_CCRR24036070DC700;Continental;TRACTOR 70;360/70R24 Continental TRACTOR 70 122D/125A8 TL;rolnicze;All position;WZORZEC;Oś kierowana
MO5_CCPR240460708CME0;Continental;COMPACT MASTER EM;460/70R24 Continental COMPACT MASTER EM 159A8/159B TL;rolnicze;All position;WZORZEC;Oś kierowana
MO5_CCCZ22535550KHWS1;Continental;HSW2 SCANDINAVIA;355/50R22.5 Continental HSW2 SCANDINAVIA 156K 20PR TL M+S 3PMSF;ciężarowe;All position;WZORZEC;Oś kierowana
MO5_CCCZ22531580LHWW0;Continental;HSW2+ COACH;315/80R22.5 Continental HSW2+ COACH 156/150L 18PR TL M+S 3PMSF;ciężarowe;All position;WZORZEC;Oś kierowana
MO5_CCCZ22531560LSWS0;Continental;HSW2 SCANDINAVIA XL;315/60R22.5 Continental HSW2 SCANDINAVIA XL 154/150L 20PR TL M+S 3PMSF;ciężarowe;All position;WZORZEC;Oś kierowana
MO5_CCCZ22529580MH2C2;Continental;HDW2 COACH;295/80R22.5 Continental HDW2 COACH 154/149M 16PR TL M+S 3PMSF;przemysłowe;All position;WZORZEC;Oś kierowana
MO5_CCCR225F3000KCD31;Continental;Conti CrossTrac HD3;13R22.5 Continental Conti CrossTrac HD3 156/150K 18PR TL M+S 3PMSF;ciężarowe;All position;WZORZEC;Oś kierowana
MO5_CCCR225F0000KT9C0;Continental;;10R22.5 Continental 140/138K 14PR TL M+S;ciężarowe;All position;WZORZEC;Oś kierowana
MO5_CCCR22538565K3CS0;Continental;Conti CrossTrac HS3;385/65R22.5 Continental Conti CrossTrac HS3 160K/158L 20PR M+S 3PMSF;ciężarowe;All position;WZORZEC;Oś kierowana
MO5_CCCR22538565JHDC0;Continental;HDC;385/65R22.5 Continental HDC 164J 20PR TL M+S 3PMSF;ciężarowe;All position;WZORZEC;Oś kierowana
MO5_CCCR22531580MHD10;Continental;HDC1 napęd;315/80R22.5 Continental HDC1 napęd 156/150M 18PR TL M+S 3PMSF;ciężarowe;All position;WZORZEC;Oś kierowana
MO5_CCCR22531580MCD30;Continental;Conti CrossTrac HD3 napęd;315/80R22.5 Continental Conti CrossTrac HD3 napęd 156/150M 20PR TL M+S;ciężarowe;All position;WZORZEC;Oś kierowana
MO5_CCCR22531580LHD50;Continental;CONTI ECO HD5;315/80R22.5 Continental CONTI ECO HD5 156/150L 18PR TL M+S 3PMSF;ciężarowe;All position;WZORZEC;Oś kierowana
MO5_CCCR22531580LEPH0;Continental;CONTI ECOPLUS HD3+;315/80R22.5 Continental CONTI ECOPLUS HD3+ 156/150L 20PR TL M+S 3PMSF;ciężarowe;All position;WZORZEC;Oś kierowana
MO5_CCCR22531580K3CS0;Continental;CONTI CROSS TRAC HS3;315/80R22.5 Continental CONTI CROSS TRAC HS3 156/150K 20PR TL M+S 3PMS;ciężarowe;All position;WZORZEC;Oś kierowana
MO5_CCCR22531570LHD50;Continental;CONTI ECO HD5;315/70R22.5 Continental CONTI ECO HD5 154/150L 18PR TL M+S 3PMSF;ciężarowe;All position;WZORZEC;Oś kierowana
MO5_CCCR22531560LHD50;Continental;CONTI ECO HD5;315/60R22.5 Continental CONTI ECO HD5 152/148L 20PR TL M+S 3PMSF;ciężarowe;All position;WZORZEC;Oś kierowana
MO5_CCCR22529580MCRD0;Continental;CONTI ECOREGIONAL HD3;295/80R22.5 Continental CONTI ECOREGIONAL HD3 152/148M 16PR TL M+S 3PM;przemysłowe;All position;WZORZEC;Oś kierowana
MO5_CCCR22529580MCC50;Continental;CONTI COACHREGIO HA3;295/80R22.5 Continental CONTI COACHREGIO HA3 154/149M 16PR TL M+S 3PMS;przemysłowe;All position;WZORZEC;Oś kierowana
MO5_CCCR22529560LEPH0;Continental;CONTI ECOPLUS HD3+;295/60R22.5 Continental CONTI ECOPLUS HD3+ 150/147L 18PR TL M+S 3PMSF;ciężarowe;All position;WZORZEC;Oś kierowana
MO5_CCCR22529560LCES2;Continental;CONTI ECOPLUS HS3;295/60R22.5 Continental CONTI ECOPLUS HS3 150/147L 18PR TL M+S 3PMSF;ciężarowe;All position;WZORZEC;Oś kierowana
MO5_CCCR22529555KCEH0;Continental;CONTI ECOPLUS HD3+;295/55R22.5 Continental CONTI ECOPLUS HD3+ 147/145K 16PR TL M+S 3PMSF;przemysłowe;All position;WZORZEC;Oś kierowana
MO5_CCCR19526570MUHA1;Continental;CONTI URBAN HA3;265/70R19.5 Continental CONTI URBAN HA3 140/138M 16PR TL M+S 3PMSF;przemysłowe;All position;WZORZEC;Oś kierowana
MO5_CCCR150A8200GHT90;Continental;HTR+;8.25R15 Continental HTR+ 143/141G 18PR TT M+S 3PMSF;ciężarowe;All position;WZORZEC;Oś kierowana
MO4_CCCZ22531580LHWW0;Continental;HSW2+ COACH;315/80R22.5 Continental HSW2+ COACH 156/150L 18PR TL M+S 3PMSF;ciężarowe;All position;WZORZEC;Oś kierowana
MO4_CCCR22531580MHED0;Continental;HDC1 ED;315/80R22.5 Continental HDC1 ED 156/150M 18PR TL M+S 3PMSF;ciężarowe;All position;WZORZEC;Oś kierowana
MO4_CCCR22531570LHD50;Continental;CONTI ECO HD5;315/70R22.5 Continental CONTI ECO HD5 154/150L 18PR TL M+S 3PMSF;ciężarowe;All position;WZORZEC;Oś kierowana
MO3_4209030conti;Continental;Tractor 85;420/90R30 Continental Tractor 85 147A8/147B TL;rolnicze;All position;WZORZEC;Oś kierowana
MO3_9006038contiTM;Continental;TractorMaster;900/60R38 Continental 178D/181A8 TL;rolnicze;All position;WZORZEC;Oś kierowana
MO3_6007030conti;Continental;TractorMaster;600/70R30 Continental 152D/155A8 TL;rolnicze;All position;WZORZEC;Oś kierowana
MO3_6507538conti;Continental;TractorMaster;650/75R38 Continental 169D/172A8 TL;rolnicze;All position;WZORZEC;Oś kierowana
MO3_8007032conti;Continental;CombineMaster;800/70R32 Continental 181A8/181B TL;rolnicze;All position;WZORZEC;Oś kierowana
MO3_5208546conti;Continental;Tractor 85;520/85R46 Continental Tractor 85 158A8/158B TL;rolnicze;All position;WZORZEC;Oś kierowana
MO3_6006534conti;Continental;TractorMaster;600/65R34 Continental 151D/154A8 TL;rolnicze;All position;WZORZEC;Oś kierowana
MO2_06202050000;Continental;TRACTOR MASTER;600/65R28 Continental TRACTOR MASTER 154D/157A8 TL;rolnicze;All position;WZORZEC;Oś kierowana
MO2_05153350000;Continental;Conti CrossTrac HS3;385/65R22.5 Continental Conti CrossTrac HS3 164K 20PR 3PMSF M+S FRONT;ciężarowe;All position;WZORZEC;Oś kierowana
MO2_05128730000;Continental;CONTI ECO HS 5;315/60R22.5 Continental CONTI ECO HS 5 154/150L 3PMSF M+S FRONT;ciężarowe;All position;WZORZEC;Oś kierowana
MO2_05128600000;Continental;CONTI ECO HS 5;385/65R22.5 Continental CONTI ECO HS 5 164K 3PMSF M+S FRONT;ciężarowe;All position;WZORZEC;Oś kierowana
MO5_CCRR28054065DTMA0;Continental;TRACTOR MASTER;540/65R28 Continental TRACTOR MASTER 142D/145A8 TL;rolnicze;All position;WZORZEC;Oś kierowana
MO2_10336;Dayton;D800M;315/80R22.5 Dayton D800M 156K/150K FRONT;ciężarowe;All position;WZORZEC;Oś kierowana
MO3_31560225dd;Delcora;TRA-6;315/60R22.5 Delcora TRA-6 155D TL demo;ciężarowe;All position;WZORZEC;Oś kierowana
MO5_GNCZ22531580K3620;Dunlop;SP362 prowadząca;315/80R22.5 Dunlop SP362 prowadząca 156K/154L TL M+S 3PMSF;ciężarowe;All position;PEWNE;Oś kierowana
MO5_GNCZ22529580M3620;Dunlop;SP362 prowadząca;295/80R22.5 Dunlop SP362 prowadząca 152/148M TL M+S 3PMSF;ciężarowe;All position;PEWNE;Oś kierowana
MO5_GNCR225F3000G3820;Dunlop;SP382;13R22.5 Dunlop SP382 156G/154K TL M+S;ciężarowe;All position;PEWNE;Oś kierowana
MO5_GNCR22538565KSP81;Dunlop;SP382;385/65R22.5 Dunlop SP382 160K/158L TL M+S;ciężarowe;All position;PEWNE;Oś kierowana
MO5_GNCR22538565K4360;Dunlop;SP346;385/65R22.5 Dunlop SP346 160K/158L TL M+S 3PMSF;ciężarowe;All position;PEWNE;Oś kierowana
MO5_GNCR22538565K3621;Dunlop;SP362;385/65R22.5 Dunlop SP362 160K/158L TL M+S 3PMSF;ciężarowe;All position;PEWNE;Oś kierowana
MO5_GNCR22531580M4360;Dunlop;SP346;315/80R22.5 Dunlop SP346 156L/154M TL M+S 3PMSF;ciężarowe;All position;PEWNE;Oś kierowana
MO5_GNCR22531580KSP80;Dunlop;SP382;315/80R22.5 Dunlop SP382 156/150K TL M+S;ciężarowe;All position;PEWNE;Oś kierowana
MO5_GNCR22531570L3640;Dunlop;SP346+ HL;315/70R22.5 Dunlop SP346+ HL 156/150L TL M+S 3PMSF;ciężarowe;All position;PEWNE;Oś kierowana
MO5_GNCR22531560L3640;Dunlop;SP346+ HL;315/60R22.5 Dunlop SP346+ HL 154/148L TL M+S 3PMSF;ciężarowe;All position;PEWNE;Oś kierowana
MO5_GNCR22529580M4360;Dunlop;SP346 HL;295/80R22.5 Dunlop SP346 HL 154/149M TL M+S 3PMSF;ciężarowe;All position;PEWNE;Oś kierowana
MO5_GNCR19530570M4360;Dunlop;SP346;305/70R19.5 Dunlop SP346 148/145M TL M+S 3PMSF;ciężarowe;All position;PEWNE;Oś kierowana
MO5_GNCR19528570L4361;Dunlop;SP346;285/70R19.5 Dunlop SP346 146L/144M TL M+S 3PMSF;ciężarowe;All position;PEWNE;Oś kierowana
MO5_GNCR19526570M4361;Dunlop;SP346;265/70R19.5 Dunlop SP346 140/138M TL M+S 3PMSF;ciężarowe;All position;PEWNE;Oś kierowana
MO5_GNCR19524570M4361;Dunlop;SP346;245/70R19.5 Dunlop SP346 136/134M TL M+S 3PMSF;ciężarowe;All position;PEWNE;Oś kierowana
MO5_GNCR17526570M4361;Dunlop;SP346;265/70R17.5 Dunlop SP346 139/136M TL M+S 3PMSF;ciężarowe;All position;PEWNE;Oś kierowana
MO5_GNCR17524570M4362;Dunlop;SP346;245/70R17.5 Dunlop SP346 136/134M TL M+S 3PMSF;ciężarowe;All position;PEWNE;Oś kierowana
MO5_GNCR17523575M4360;Dunlop;SP346;235/75R17.5 Dunlop SP346 132/130M TL M+S 3PMSF;ciężarowe;All position;PEWNE;Oś kierowana
MO5_GNCR17521575M4360;Dunlop;SP346;215/75R17.5 Dunlop SP346 126/124M TL M+S 3PMSF;ciężarowe;All position;PEWNE;Oś kierowana
MO5_GNCR17520575M4360;Dunlop;SP346;205/75R17.5 Dunlop SP346 124/122M TL M+S 3PMSF;ciężarowe;All position;PEWNE;Oś kierowana
MO4_GNCZ22531580K3620;Dunlop;SP362 prowadząca;315/80R22.5 Dunlop SP362 prowadząca 156K/154L TL M+S 3PMSF;ciężarowe;All position;PEWNE;Oś kierowana
MO4_GNCR22538565K4360;Dunlop;SP346;385/65R22.5 Dunlop SP346 160K/158L TL M+S 3PMSF;ciężarowe;All position;PEWNE;Oś kierowana
MO4_GNCR22531580M4360;Dunlop;SP346;315/80R22.5 Dunlop SP346 156L/154M TL M+S 3PMSF;ciężarowe;All position;PEWNE;Oś kierowana
MO4_GNCR22531570L3640;Dunlop;SP346+ HL;315/70R22.5 Dunlop SP346+ HL 156/150L TL M+S 3PMSF;ciężarowe;All position;PEWNE;Oś kierowana
MO4_GNCR17526570M4361;Dunlop;SP346;265/70R17.5 Dunlop SP346 139/136M TL M+S 3PMSF;ciężarowe;All position;PEWNE;Oś kierowana
MO2_594495;Dunlop;SP346;265/70R17.5 Dunlop SP346 139/136M 3PMSF M+S FRONT;ciężarowe;All position;PEWNE;Oś kierowana
MO2_581328;Dunlop;SP346+ HL;315/70R22.5 Dunlop SP346+ HL 156/150L 3PMSF FRONT;ciężarowe;All position;PEWNE;Oś kierowana
MO2_581326;Dunlop;SP346+ HL;315/60R22.5 Dunlop SP346+ HL 154/148L 3PMSF M+S FRONT;ciężarowe;All position;PEWNE;Oś kierowana
MO2_568905;Dunlop;SP346;385/65R22.5 Dunlop SP346 160K/158L 3PMSF M+S FRONT;ciężarowe;All position;PEWNE;Oś kierowana
MO5_FKCR22538565KI121;Falken;RI128 HL FRT;385/65R22.5 Falken RI128 HL FRT 164K TL M+S 3PMSF;ciężarowe;All position;PEWNE;Oś kierowana
MO5_FKCR17521575MI151;Falken;RI151 HL;215/75R17.5 Falken RI151 HL 128/126M TL M+S 3PMSF;ciężarowe;All position;PEWNE;Oś kierowana
MO2_356991;Falken;RI151A;315/70R22.5 Falken RI151A 150L/150M 3PMSF M+S;ciężarowe;All position;PEWNE;Oś kierowana
MO2_352707;Falken;RI151;315/80R22.5 Falken RI151 156/150L FRONT;ciężarowe;All position;PEWNE;Oś kierowana
MO2_351775;Falken;RI128;385/55R22.5 Falken RI128 160K/158L M+S;ciężarowe;All position;PEWNE;Oś kierowana
MO2_339802;Falken;GI378;445/65R22.5 Falken GI378 169K 3PMSF M+S FRONT;ciężarowe;All position;PEWNE;Oś kierowana
MO2_339795;Falken;RI151;265/70R17.5 Falken RI151 140/138M M+S FRONT;ciężarowe;All position;PEWNE;Oś kierowana
MO2_339794;Falken;RI151;385/65R22.5 Falken RI151 164K 3PMSF M+S;ciężarowe;All position;PEWNE;Oś kierowana
MO2_336875;Falken;RI151;205/75R17.5 Falken RI151 124M/122M 3PMSF M+S;ciężarowe;All position;PEWNE;Oś kierowana
MO2_336807;Falken;RI128;385/65R22.5 Falken RI128 160K/158L M+S;ciężarowe;All position;PEWNE;Oś kierowana
MO2_336786;Falken;RI151;245/70R17.5 Falken RI151 136/134M 3PMSF M+S FRONT;ciężarowe;All position;PEWNE;Oś kierowana
MO2_335781;Falken;RI151;315/60R22.5 Falken RI151 154/148L 3PMSF M+S;ciężarowe;All position;PEWNE;Oś kierowana
MO2_335778;Falken;RI151;295/80R22.5 Falken RI151 154M/149M M+S FRONT;ciężarowe;All position;PEWNE;Oś kierowana
MO2_335336;Falken;RI151;265/70R19.5 Falken RI151 140/138M M+S FRONT;ciężarowe;All position;PEWNE;Oś kierowana
MO2_335334;Falken;RI151;285/70R19.5 Falken RI151 146/144M M+S FRONT;ciężarowe;All position;PEWNE;Oś kierowana
MO2_335296;Falken;RI151;385/55R22.5 Falken RI151 160K/158L M+S;ciężarowe;All position;PEWNE;Oś kierowana
MO2_335295;Falken;RI151;385/65R22.5 Falken RI151 160K/158L M+S;ciężarowe;All position;PEWNE;Oś kierowana
MO2_1370;Falken;RI151;205/75R17.5 Falken RI151 124/122M 3PMSF M+S;ciężarowe;All position;PEWNE;Oś kierowana
MO5_BFCR22538565K24F0;Firestone;FS424;385/65R22.5 Firestone FS424 160K TL M+S 3PMSF;ciężarowe;All position;PEWNE;Oś kierowana
MO5_BFCR22538555K24F0;Firestone;FS424;385/55R22.5 Firestone FS424 160K TL M+S 3PMSF;ciężarowe;All position;PEWNE;Oś kierowana
MO5_BFCR22531580L24F0;Firestone;FS424;315/80R22.5 Firestone FS424 156/150L TL M+S 3PMSF;ciężarowe;All position;PEWNE;Oś kierowana
MO5_BFCR22531580KFS31;Firestone;FS833;315/80R22.5 Firestone FS833 156/150K TL M+S 3PMSF;ciężarowe;All position;PEWNE;Oś kierowana
MO5_BFCR22531570L24F0;Firestone;FS424;315/70R22.5 Firestone FS424 154/150L TL M+S 3PMSF;ciężarowe;All position;PEWNE;Oś kierowana
MO5_BFCR22529580M24F0;Firestone;FS424;295/80R22.5 Firestone FS424 152/148M TL M+S 3PMSF;ciężarowe;All position;PEWNE;Oś kierowana
MO5_BFCR19528570MFS10;Firestone;FS411;285/70R19.5 Firestone FS411 145/143M TL M+S 3PMSF;ciężarowe;All position;PEWNE;Oś kierowana
MO5_BFCR19526570MFS10;Firestone;FS411;265/70R19.5 Firestone FS411 140M TL M+S 3PMSF;ciężarowe;All position;PEWNE;Oś kierowana
MO5_BFCR19524570MFS10;Firestone;FS411;245/70R19.5 Firestone FS411 136/134M TL M+S 3PMSF;ciężarowe;All position;PEWNE;Oś kierowana
MO5_BFCR17524570MFS11;Firestone;FS411;245/70R17.5 Firestone FS411 136/134M TL M+S 3PMSF;ciężarowe;All position;PEWNE;Oś kierowana
MO5_BFCR17523575MFS10;Firestone;FS411;235/75R17.5 Firestone FS411 132/130M TL M+S 3PMSF;ciężarowe;All position;PEWNE;Oś kierowana
MO5_BFCR17522575MFS10;Firestone;FS411;225/75R17.5 Firestone FS411 129/127M TL M+S 3PMSF;ciężarowe;All position;PEWNE;Oś kierowana
MO5_BFCR17521575MFS10;Firestone;FS411;215/75R17.5 Firestone FS411 126/124M TL M+S 3PMSF;ciężarowe;All position;PEWNE;Oś kierowana
MO5_BFCR17520575MFS10;Firestone;FS411;205/75R17.5 Firestone FS411 124/122M TL M+S 3PMSF;ciężarowe;All position;PEWNE;Oś kierowana
MO4_BFCR22531570L24F0;Firestone;FS424;315/70R22.5 Firestone FS424 154/150L TL M+S 3PMSF;ciężarowe;All position;PEWNE;Oś kierowana
MO4_BFCR22529580M24F0;Firestone;FS424;295/80R22.5 Firestone FS424 152/148M TL M+S 3PMSF;ciężarowe;All position;PEWNE;Oś kierowana
MO2_31119;Firestone;FS411;245/70R17.5 Firestone FS411 136M/134M 3PMSF M+S FRONT;ciężarowe;All position;PEWNE;Oś kierowana
MO2_31117;Firestone;FS411;235/75R17.5 Firestone FS411 132M/130M 3PMSF M+S FRONT;ciężarowe;All position;PEWNE;Oś kierowana
MO2_27823;Firestone;FS424 EVO;385/65R22.5 Firestone FS424 EVO 164K 3PMSF M+S;ciężarowe;All position;PEWNE;Oś kierowana
MO2_23435;Firestone;FS424 EVO;315/70R22.5 Firestone FS424 EVO 156L/150L M+S FRONT;ciężarowe;All position;PEWNE;Oś kierowana
MO2_19733;Firestone;FS424;385/65R22.5 Firestone FS424 160K 3PMSF M+S FRONT;ciężarowe;All position;PEWNE;Oś kierowana
MO2_19732;Firestone;FS424;315/70R22.5 Firestone FS424 154L/150L 3PMSF M+S FRONT;ciężarowe;All position;PEWNE;Oś kierowana
MO2_19731;Firestone;FS424;315/80R22.5 Firestone FS424 156L/150L 3PMSF M+S FRONT;ciężarowe;All position;PEWNE;Oś kierowana
MO2_19729;Firestone;FS424;385/55R22.5 Firestone FS424 160K/158L 3PMSF M+S FRONT;ciężarowe;All position;PEWNE;Oś kierowana
MO2_19728;Firestone;FS424;295/80R22.5 Firestone FS424 152/148M 3PMSF M+S FRONT;ciężarowe;All position;PEWNE;Oś kierowana
MO2_13488;Firestone;FS411;245/70R19.5 Firestone FS411 136M/134M 3PMSF FRONT;ciężarowe;All position;PEWNE;Oś kierowana
MO2_13484;Firestone;FS411;285/70R19.5 Firestone FS411 145M/146M FRONT;ciężarowe;All position;PEWNE;Oś kierowana
MO2_13482;Firestone;FS411;205/75R17.5 Firestone FS411 124/122M 3PMSF FRONT;ciężarowe;All position;PEWNE;Oś kierowana
MO2_11082;Firestone;FS411;265/70R19.5 Firestone FS411 140M/138M 3PMSF FRONT;ciężarowe;All position;PEWNE;Oś kierowana
MO2_11000;Firestone;FS411;215/75R17.5 Firestone FS411 126M/124M 3PMSF FRONT;ciężarowe;All position;PEWNE;Oś kierowana
MO5_GFCZ22538565LWCC0;Fulda;WINTERCONTROL prowadząca;385/65R22.5 Fulda WINTERCONTROL prowadząca 160K1/58L TL M+S 3PMSF;ciężarowe;All position;PEWNE;Oś kierowana
MO5_GFCZ22531580KWCC0;Fulda;WINTERCONTROL prowadzaca;315/80R22.5 Fulda WINTERCONTROL prowadzaca 156K/154L TL M+S 3PMSF;ciężarowe;All position;PEWNE;Oś kierowana
MO5_GFCZ22531570LWCC0;Fulda;WINTERCONTROL prowadząca;315/70R22.5 Fulda WINTERCONTROL prowadząca 154K1/52L TL M+S 3PMSF;ciężarowe;All position;PEWNE;Oś kierowana
MO5_GFCZ22529580LWCC0;Fulda;WINTERCONTROL prowadząca;295/80R22.5 Fulda WINTERCONTROL prowadząca 152/148L TL M+S 3PMSF;ciężarowe;All position;PEWNE;Oś kierowana
MO5_GFCR22538565KRC30;Fulda;REGIOCONTROL 3;385/65R22.5 Fulda REGIOCONTROL 3 160K/158L TL M+S 3PMSF;ciężarowe;All position;PEWNE;Oś kierowana
MO5_GFCR22531580LRC30;Fulda;REGIOCONTROL 3;315/80R22.5 Fulda REGIOCONTROL 3 156L/154M TL M+S 3PMSF;ciężarowe;All position;PEWNE;Oś kierowana
MO5_GFCR22531580KVRC0;Fulda;VARIOCONTROL;315/80R22.5 Fulda VARIOCONTROL 156/150K TL M+S;ciężarowe;All position;PEWNE;Oś kierowana
MO5_GFCR22531560LRC31;Fulda;REGIOCONTROL 3;315/60R22.5 Fulda REGIOCONTROL 3 152/148L TL M+S 3PMSF;ciężarowe;All position;PEWNE;Oś kierowana
MO5_GFCR22531560LRC30;Fulda;REGIOCONTROL 3 HL;315/60R22.5 Fulda REGIOCONTROL 3 HL 152/148L TL M+S 3PMSF;ciężarowe;All position;PEWNE;Oś kierowana
MO5_GFCR22529580MRC31;Fulda;REGIOCONTROL 3 HL;295/80R22.5 Fulda REGIOCONTROL 3 HL 154/149M TL M+S 3PMSF;ciężarowe;All position;PEWNE;Oś kierowana
MO5_GFCR22529580MRC30;Fulda;REGIOCONTROL 3 HL;295/80R22.5 Fulda REGIOCONTROL 3 HL 154/149M TL M+S 3PMSF;ciężarowe;All position;PEWNE;Oś kierowana
MO5_GFCR22513000LRCL0;Fulda;REGIOCONTROL;13R22.5 Fulda REGIOCONTROL 156/150L TL;ciężarowe;All position;PEWNE;Oś kierowana
MO5_GFCR22513000GVR20;Fulda;VARIOCONTROL 2;13R22.5 Fulda VARIOCONTROL 2 156/150G TL M+S 3PMSF;ciężarowe;All position;PEWNE;Oś kierowana
MO5_GFCR19528570LRCL2;Fulda;REGIOCONTROL*;285/70R19.5 Fulda REGIOCONTROL* 146L/140M TL M+S 3PMSF;ciężarowe;All position;PEWNE;Oś kierowana
MO5_GFCR19526570MRCL3;Fulda;REGIOCONTROL*;265/70R19.5 Fulda REGIOCONTROL* 140/138M TL M+S 3PMSF;ciężarowe;All position;PEWNE;Oś kierowana
MO5_GFCR175D9500METR2;Fulda;ECOTRANS;9.5R17.5 Fulda ECOTRANS 129/127M TL M+S 3PMSF;ciężarowe;All position;PEWNE;Oś kierowana
MO5_GFCR17523575MRCL1;Fulda;REGIOCONTROL;235/75R17.5 Fulda REGIOCONTROL 132/130M TL M+S 3PMSF;ciężarowe;All position;PEWNE;Oś kierowana
MO5_GFCR17522575MRCL1;Fulda;REGIOCONTROL;225/75R17.5 Fulda REGIOCONTROL 129/127M TL M+S 3PMSF;ciężarowe;All position;PEWNE;Oś kierowana
MO5_GFCR17521575MRCL1;Fulda;REGIOCONTROL;215/75R17.5 Fulda REGIOCONTROL 126/124M TL M+S 3PMSF;ciężarowe;All position;PEWNE;Oś kierowana
MO5_GFCR17520575MRCL1;Fulda;REGIOCONTROL;205/75R17.5 Fulda REGIOCONTROL 124/122M TL M+S 3PMSF;ciężarowe;All position;PEWNE;Oś kierowana
MO4_GFCR22531570LRC30;Fulda;REGIOCONTROL 3 HL;315/70R22.5 Fulda REGIOCONTROL 3 HL 156/150L TL M+S 3PMSF;ciężarowe;All position;PEWNE;Oś kierowana
MO4_GFCR22529580MRC31;Fulda;REGIOCONTROL 3 HL;295/80R22.5 Fulda REGIOCONTROL 3 HL 154/149M TL M+S 3PMSF;ciężarowe;All position;PEWNE;Oś kierowana
MO2_570198;Fulda;REGIOCONTROL 3;315/80R22.5 Fulda REGIOCONTROL 3 156L/154M 3PMSF M+S FRONT;ciężarowe;All position;PEWNE;Oś kierowana
MO5_EGCR225F3000LGMA0;GOODTRIP;GMA30 ON-OFF ROAD;13R22.5 GOODTRIP GMA30 ON-OFF ROAD 156/153L 20PR TL M+S 3PMSF;ciężarowe;All position;PEWNE;Oś kierowana
MO5_EGCR22538565KGHA0;GOODTRIP;GHA20;385/65R22.5 GOODTRIP GHA20 164K 24PR TL M+S 3PMSF;ciężarowe;All position;PEWNE;Oś kierowana
MO5_EGCR22531580LGMA0;GOODTRIP;GMA30 ON-OFF ROAD;315/80R22.5 GOODTRIP GMA30 ON-OFF ROAD 157/154L 20PR TL M+S 3PMSF;ciężarowe;All position;PEWNE;Oś kierowana
MO5_EGCR22531580LGHA0;GOODTRIP;GHA20;315/80R22.5 GOODTRIP GHA20 157/154L 20PR TL M+S 3PMSF;ciężarowe;All position;PEWNE;Oś kierowana
MO5_EGCR22531570MGHA0;GOODTRIP;GHA20;315/70R22.5 GOODTRIP GHA20 154/151M 20PR TL M+S 3PMSF;ciężarowe;All position;PEWNE;Oś kierowana
MO5_EGCR22531560LGHA0;GOODTRIP;GHA20;315/60R22.5 GOODTRIP GHA20 154/148L 20PR TL M+S 3PMSF;ciężarowe;All position;PEWNE;Oś kierowana
MO5_EGCR22529580MGHA0;GOODTRIP;GHA20;295/80R22.5 GOODTRIP GHA20 154/149M 18PR TL M+S 3PMSF;ciężarowe;All position;PEWNE;Oś kierowana
MO5_EGCR22529560KGHA0;GOODTRIP;GHA20;295/60R22.5 GOODTRIP GHA20 150/147K 18PR TL M+S 3PMSF;ciężarowe;All position;PEWNE;Oś kierowana
MO5_EGCR19528570KGHA0;GOODTRIP;GHA20;285/70R19.5 GOODTRIP GHA20 150/148K 18PR TL M+S 3PMSF;ciężarowe;All position;PEWNE;Oś kierowana
MO5_EGCR19524570MGHA1;GOODTRIP;GHA20;245/70R19.5 GOODTRIP GHA20 141/140M 18PR TL M+S 3PMSF;ciężarowe;All position;PEWNE;Oś kierowana
MO5_EGCR19524570MGHA0;GOODTRIP;GHA20;245/70R19.5 GOODTRIP GHA20 136/134M 16PR TL M+S 3PMSF;przemysłowe;All position;PEWNE;Oś kierowana
MO5_EGCR17523575KGHA0;GOODTRIP;GHA20;235/75R17.5 GOODTRIP GHA20 143/141K 16PR TL M+S 3PMSF;przemysłowe;All position;PEWNE;Oś kierowana
MO5_EGCR17521575MGHA0;GOODTRIP;GHA20;215/75R17.5 GOODTRIP GHA20 128/126M 14PR TL M+S 3PMSF;ciężarowe;All position;PEWNE;Oś kierowana
MO4_EGCR22538565KGHA0;GOODTRIP;GHA20;385/65R22.5 GOODTRIP GHA20 164K 24PR TL M+S 3PMSF;ciężarowe;All position;PEWNE;Oś kierowana
MO4_EGCR22531580LGMA0;GOODTRIP;GMA30 ON-OFF ROAD;315/80R22.5 GOODTRIP GMA30 ON-OFF ROAD 157/154L 20PR TL M+S 3PMSF;ciężarowe;All position;PEWNE;Oś kierowana
MO4_EGCR22531580LGHA0;GOODTRIP;GHA20;315/80R22.5 GOODTRIP GHA20 157/154L 20PR TL M+S 3PMSF;ciężarowe;All position;PEWNE;Oś kierowana
MO4_EGCR22531570MGHA0;GOODTRIP;GHA20;315/70R22.5 GOODTRIP GHA20 154/151M 20PR TL M+S 3PMSF;ciężarowe;All position;PEWNE;Oś kierowana
MO4_EGCR22529580MGHA0;GOODTRIP;GHA20;295/80R22.5 GOODTRIP GHA20 154/149M 18PR TL M+S 3PMSF;ciężarowe;All position;PEWNE;Oś kierowana
MO4_EGCR19528570KGHA0;GOODTRIP;GHA20;285/70R19.5 GOODTRIP GHA20 150/148K 18PR TL M+S 3PMSF;ciężarowe;All position;PEWNE;Oś kierowana
MO4_EGCR19524570MGHA1;GOODTRIP;GHA20;245/70R19.5 GOODTRIP GHA20 141/140M 18PR TL M+S 3PMSF;ciężarowe;All position;PEWNE;Oś kierowana
MO4_EGCR17521575MGHA0;GOODTRIP;GHA20;215/75R17.5 GOODTRIP GHA20 128/126M 14PR TL M+S 3PMSF;ciężarowe;All position;PEWNE;Oś kierowana
MO2_GOL0452;Goldencrown;AS121;295/60R22.5 Goldencrown AS121 150/147L 3PMSF M+S FRONT;ciężarowe;All position;PEWNE;Oś kierowana
MO2_GOL0050;Goldencrown;AZ170;215/75R17.5 Goldencrown AZ170 128/126M M+S FRONT;ciężarowe;All position;PEWNE;Oś kierowana
MO2_GOL0044;Goldencrown;AZ170;265/70R19.5 Goldencrown AZ170 143/141J M+S FRONT;ciężarowe;All position;PEWNE;Oś kierowana
MO2_GOL0043;Goldencrown;AS121;315/60R22.5 Goldencrown AS121 154L/150M/148L 3PMSF M+S FRONT;ciężarowe;All position;PEWNE;Oś kierowana
MO2_GOL0042;Goldencrown;AZ170;235/75R17.5 Goldencrown AZ170 143/141J M+S FRONT;ciężarowe;All position;PEWNE;Oś kierowana
MO2_GOL00411;Goldencrown;AZ170;225/75R17.5 Goldencrown AZ170 129/127M M+S;ciężarowe;All position;PEWNE;Oś kierowana
MO2_GOL0039;Goldencrown;CR960A;235/75R17.5 Goldencrown CR960A 143/141J M+S FRONT;ciężarowe;All position;PEWNE;Oś kierowana
MO2_GOL0038;Goldencrown;AZ170;315/80R22.5 Goldencrown AZ170 156/153L 3PMSF FRONT;ciężarowe;All position;PEWNE;Oś kierowana
MO2_GOL0036;Goldencrown;AZ170;295/80R22.5 Goldencrown AZ170 154/149M 3PMSF M+S FRONT;ciężarowe;All position;PEWNE;Oś kierowana
MO2_GOL0032;Goldencrown;AZ170;315/70R22.5 Goldencrown AZ170 156/150L 3PMSF M+S FRONT;ciężarowe;All position;PEWNE;Oś kierowana
MO2_GOL0031;Goldencrown;AZ170;385/55R22.5 Goldencrown AZ170 160K/158L 3PMSF M+S;ciężarowe;All position;PEWNE;Oś kierowana
MO2_GOL0027;Goldencrown;AZ170;385/65R22.5 Goldencrown AZ170 160K 3PMSF M+S;ciężarowe;All position;PEWNE;Oś kierowana
MO2_GOL0025;Goldencrown;CR966;295/60R22.5 Goldencrown CR966 150/147L FRONT;ciężarowe;All position;PEWNE;Oś kierowana
MO2_GOL0023;Goldencrown;CR966;315/60R22.5 Goldencrown CR966 152/148M M+S FRONT;ciężarowe;All position;PEWNE;Oś kierowana
MO2_GOL0011;Goldencrown;CR976A;275/70R22.5 Goldencrown CR976A 148/145M M+S FRONT;ciężarowe;All position;PEWNE;Oś kierowana
MO2_GOL0009;Goldencrown;CR976A;385/65R22.5 Goldencrown CR976A 158L/160K M+S;ciężarowe;All position;PEWNE;Oś kierowana
MO2_GOL0007;Goldencrown;CR966;385/55R22.5 Goldencrown CR966 160K M+S;ciężarowe;All position;PEWNE;Oś kierowana
MO2_GOL0005;Goldencrown;CR960A;315/80R22.5 Goldencrown CR960A 154/151M M+S FRONT;ciężarowe;All position;PEWNE;Oś kierowana
MO2_GOL0003;Goldencrown;CR960A;315/70R22.5 Goldencrown CR960A 156/150L M+S FRONT;ciężarowe;All position;PEWNE;Oś kierowana
MO2_GOL0002;Goldencrown;CR976A;295/80R22.5 Goldencrown CR976A 154/149M M+S FRONT;ciężarowe;All position;PEWNE;Oś kierowana
MO2_GO0026;Goldencrown;CR976A;255/70R22.5 Goldencrown CR976A 140/137M FRONT;ciężarowe;All position;PEWNE;Oś kierowana
MO2_GOL0030;Goldencrown;CR926B;315/80R22.5 Goldencrown CR926B 154/151M FRONT;ciężarowe;All position;WZORZEC;Oś kierowana
MO2_GOL0017;Goldencrown;CR926 ON/OFF;13R22.5 Goldencrown CR926 ON/OFF 156/151K FRONT;ciężarowe;All position;WZORZEC;Oś kierowana
MO1_10000907;GoodTrip;GHA20;315/80R22.5 GoodTrip GHA20 154L 20PR TL;ciężarowe;All position;PEWNE;Oś kierowana
MO2_999991602;Goodride;WTX1;245/70R17.5 Goodride WTX1 143/141J 3PMSF M+S;ciężarowe;All position;WZORZEC;Oś kierowana
MO5_GGCR225F2000K0MD0;Goodyear;OMN HD;12R22.5 Goodyear OMN HD 152/148K TL M+S 3PMSF;ciężarowe;All position;PEWNE;Oś kierowana
MO5_GGCR22538565KMS52;Goodyear;OMNITRAC HL;385/65R22.5 Goodyear OMNITRAC HL 164K/158L TL M+S 3PMSF;ciężarowe;All position;PEWNE;Oś kierowana
MO5_GGCR22538565KKS30;Goodyear;KMAX;385/65R22.5 Goodyear KMAX 164K/158L TL M+S 3PMSF;ciężarowe;All position;PEWNE;Oś kierowana
MO5_GGCR22538565KKG30;Goodyear;KMAX;385/65R22.5 Goodyear KMAX 164K/158L TL M+S 3PMSF;ciężarowe;All position;PEWNE;Oś kierowana
MO5_GGCR22538555KKS30;Goodyear;KMAX;385/55R22.5 Goodyear KMAX 162K/158L TL M+S 3PMSF;ciężarowe;All position;PEWNE;Oś kierowana
MO5_GGCR22538555KKG30;Goodyear;KMAX;385/55R22.5 Goodyear KMAX 160K/158L TL M+S 3PMSF;ciężarowe;All position;PEWNE;Oś kierowana
MO5_GGCR22538555KFXF0;Goodyear;FUELMAX PERFORMANCE;385/55R22.5 Goodyear FUELMAX PERFORMANCE 160K/158L TL M+S 3PMSF;ciężarowe;All position;PEWNE;Oś kierowana
MO5_GGCR22535550KKSG0;Goodyear;KMAX HL;355/50R22.5 Goodyear KMAX HL 156K TL M+S 3PMSF;ciężarowe;All position;PEWNE;Oś kierowana
MO5_GGCR22531580MFDE0;Goodyear;FUELMAX END;315/80R22.5 Goodyear FUELMAX END 156L/154M TL M+S 3PMSF;ciężarowe;All position;PEWNE;Oś kierowana
MO5_GGCR22531580LKD30;Goodyear;KMAX;315/80R22.5 Goodyear KMAX 156L/154M TL M+S 3PMSF;ciężarowe;All position;PEWNE;Oś kierowana
MO5_GGCR22531580KMS60;Goodyear;OMNITRAC;315/80R22.5 Goodyear OMNITRAC 156/150K TL M+S 3PMSF;ciężarowe;All position;PEWNE;Oś kierowana
MO5_GGCR22531580KMS50;Goodyear;OMNITRAC;315/80R22.5 Goodyear OMNITRAC 156/150K TL M+S 3PMSF;ciężarowe;All position;PEWNE;Oś kierowana
MO5_GGCR22531570LKS30;Goodyear;KMAX HL;315/70R22.5 Goodyear KMAX HL 156/150L TL M+S 3PMSF;ciężarowe;All position;PEWNE;Oś kierowana
MO5_GGCR22531570LKD31;Goodyear;KMAX;315/70R22.5 Goodyear KMAX 154L/152M TL M+S 3PMSF;ciężarowe;All position;PEWNE;Oś kierowana
MO5_GGCR22531570LKD30;Goodyear;KMAX;315/70R22.5 Goodyear KMAX 154L/152M TL M+S 3PMSF;ciężarowe;All position;PEWNE;Oś kierowana
MO5_GGCR22531570KMS60;Goodyear;OMNITRAC;315/70R22.5 Goodyear OMNITRAC 154K/152M TL M+S 3PMSF;ciężarowe;All position;PEWNE;Oś kierowana
MO5_GGCR22530570LKS01;Goodyear;KMAX;305/70R22.5 Goodyear KMAX 153L/150M TL M+S 3PMSF;ciężarowe;All position;PEWNE;Oś kierowana
MO5_GGCR22530570LKD00;Goodyear;KMAX;305/70R22.5 Goodyear KMAX 153L/150M TL M+S 3PMSF;ciężarowe;All position;PEWNE;Oś kierowana
MO5_GGCR22529580MKDG1;Goodyear;KMAX;295/80R22.5 Goodyear KMAX 152/148M TL M+S 3PMSF;ciężarowe;All position;PEWNE;Oś kierowana
MO5_GGCR22529580MFXD1;Goodyear;FUELMAX;295/80R22.5 Goodyear FUELMAX 152/148M TL M+S 3PMSF;ciężarowe;All position;PEWNE;Oś kierowana
MO5_GGCR22529560KKD03;Goodyear;KMAX;295/60R22.5 Goodyear KMAX 150K/149L TL M+S 3PMSF;ciężarowe;All position;PEWNE;Oś kierowana
MO5_GGCR22529560KFXD1;Goodyear;FUELMAX;295/60R22.5 Goodyear FUELMAX 150K/149L TL M+S 3PMSF;ciężarowe;All position;PEWNE;Oś kierowana
MO5_GGCR22511000KMSS0;Goodyear;OMNITRAC MSS;11R22.5 Goodyear OMNITRAC MSS 148/145K TL M+S;ciężarowe;All position;PEWNE;Oś kierowana
MO5_GGCR20012000KMS20;Goodyear;MSS II;12.00R20 Goodyear MSS II 154/150K TT M+S;ciężarowe;All position;PEWNE;Oś kierowana
MO5_GGCR19543550KKG30;Goodyear;KMAX;435/50R19.5 Goodyear KMAX 160K TL M+S 3PMSF;ciężarowe;All position;PEWNE;Oś kierowana
MO5_GGCR19528570LKSG0;Goodyear;KMAX;285/70R19.5 Goodyear KMAX 146L/144M TL M+S 3PMSF;ciężarowe;All position;PEWNE;Oś kierowana
MO5_GGCR19528570LKDG0;Goodyear;KMAX;285/70R19.5 Goodyear KMAX 146L/144M TL M+S 3PMSF;ciężarowe;All position;PEWNE;Oś kierowana
MO5_GGCR19528570JKT01;Goodyear;KMAX;285/70R19.5 Goodyear KMAX 150/148J TL M+S 3PMSF;ciężarowe;All position;PEWNE;Oś kierowana
MO5_GGCR19526570MKSG0;Goodyear;KMAX;265/70R19.5 Goodyear KMAX 140/138M TL M+S 3PMSF;ciężarowe;All position;PEWNE;Oś kierowana
MO5_GGCR19526570JKT00;Goodyear;KMAX;265/70R19.5 Goodyear KMAX 143/141J TL M+S 3PMSF;ciężarowe;All position;PEWNE;Oś kierowana
MO5_GGCR19524570MKD01;Goodyear;KMAX;245/70R19.5 Goodyear KMAX 136/134M TL M+S 3PMSF;ciężarowe;All position;PEWNE;Oś kierowana
MO5_GGCR17524570MKSG0;Goodyear;KMAX;245/70R17.5 Goodyear KMAX 136/134M TL M+S 3PMSF;ciężarowe;All position;PEWNE;Oś kierowana
MO5_GGCR17524570MKDG0;Goodyear;KMAX;245/70R17.5 Goodyear KMAX 136/134M TL M+S 3PMSF;ciężarowe;All position;PEWNE;Oś kierowana
MO5_GGCR17524570JKT01;Goodyear;KMAX;245/70R17.5 Goodyear KMAX 143J/146F TL M+S 3PMSF;ciężarowe;All position;PEWNE;Oś kierowana
MO5_GGCR17523575MKS00;Goodyear;KMAX;235/75R17.5 Goodyear KMAX 132/130M TL M+S 3PMSF;ciężarowe;All position;PEWNE;Oś kierowana
MO5_GGCR17523575MKD00;Goodyear;KMAX;235/75R17.5 Goodyear KMAX 132/130M TL M+S 3PMSF;ciężarowe;All position;PEWNE;Oś kierowana
MO5_GGCR17523575JKT01;Goodyear;KMAX;235/75R17.5 Goodyear KMAX 143J/144F TL M+S 3PMSF;ciężarowe;All position;PEWNE;Oś kierowana
MO5_GGCR17522575MKS00;Goodyear;KMAX;225/75R17.5 Goodyear KMAX 129/127M TL M+S 3PMSF;ciężarowe;All position;PEWNE;Oś kierowana
MO5_GGCR17522575MKD00;Goodyear;KMAX;225/75R17.5 Goodyear KMAX 129/127M TL M+S 3PMSF;ciężarowe;All position;PEWNE;Oś kierowana
MO5_GGCR17521575JKT01;Goodyear;KMAX;215/75R17.5 Goodyear KMAX 135/133J TL M+S 3PMSF;ciężarowe;All position;PEWNE;Oś kierowana
MO5_GGCR17520575MKD00;Goodyear;KMAX;205/75R17.5 Goodyear KMAX 124M/126G TL M+S 3PMSF;ciężarowe;All position;PEWNE;Oś kierowana
MO4_GGCR22538565KKS30;Goodyear;KMAX;385/65R22.5 Goodyear KMAX 164K/158L TL M+S 3PMSF;ciężarowe;All position;PEWNE;Oś kierowana
MO4_GGCR22531580KMS60;Goodyear;OMNITRAC;315/80R22.5 Goodyear OMNITRAC 156/150K TL M+S 3PMSF;ciężarowe;All position;PEWNE;Oś kierowana
MO4_GGCR22531580KMS50;Goodyear;OMNITRAC;315/80R22.5 Goodyear OMNITRAC 156/150K TL M+S 3PMSF;ciężarowe;All position;PEWNE;Oś kierowana
MO4_GGCR22531570LKD31;Goodyear;KMAX;315/70R22.5 Goodyear KMAX 154L/152M TL M+S 3PMSF;ciężarowe;All position;PEWNE;Oś kierowana
MO4_GGCR22529560KFXD3;Goodyear;FUELMAX DEMO;295/60R22.5 Goodyear FUELMAX DEMO 150K/149L TL M+S 3PMSF;ciężarowe;All position;PEWNE;Oś kierowana
MO2_582514;Goodyear;KMAX S G3 HL;315/70R22.5 Goodyear KMAX S G3 HL 156L/150L 3PMSF M+S FRONT;ciężarowe;All position;PEWNE;Oś kierowana
MO2_572844;Goodyear;KMAX S G2 HL;355/50R22.5 Goodyear KMAX S G2 HL 156K 3PMSF M+S FRONT;ciężarowe;All position;PEWNE;Oś kierowana
MO5_GGCZ22531580MUGC0;Goodyear;UG COACH;315/80R22.5 Goodyear UG COACH 156L/154M TL M+S 3PMSF;ciężarowe;All position;WZORZEC;Oś kierowana
MO5_GGCZ22531580LUMS0;Goodyear;ULTRAGRIP MAX;315/80R22.5 Goodyear ULTRAGRIP MAX 156L/154M TL M+S 3PMSF;ciężarowe;All position;WZORZEC;Oś kierowana
MO5_GGCZ22531580LUMD0;Goodyear;ULTRAGRIP MAX;315/80R22.5 Goodyear ULTRAGRIP MAX 156L/154M TL M+S 3PMSF;ciężarowe;All position;WZORZEC;Oś kierowana
MO5_GGCZ22531570LUMD0;Goodyear;ULTRAGRIP MAX;315/70R22.5 Goodyear ULTRAGRIP MAX 154L/152M TL M+S 3PMSF;ciężarowe;All position;WZORZEC;Oś kierowana
MO5_GGCZ22531560LUMD0;Goodyear;ULTRAGRIP MAX;315/60R22.5 Goodyear ULTRAGRIP MAX 152/148L TL M+S 3PMSF;ciężarowe;All position;WZORZEC;Oś kierowana
MO5_GGCZ22529580MUMD0;Goodyear;ULTRAGRIP MAX;295/80R22.5 Goodyear ULTRAGRIP MAX 152/148M TL M+S 3PMSF;ciężarowe;All position;WZORZEC;Oś kierowana
MO5_GGCZ22529560KUMS2;Goodyear;ULTRAGRIP MAX;295/60R22.5 Goodyear ULTRAGRIP MAX 150K/149L TL M+S 3PMSF;ciężarowe;All position;WZORZEC;Oś kierowana
MO5_GGCZ22529560KUMS1;Goodyear;ULTRAGRIP MAX;295/60R22.5 Goodyear ULTRAGRIP MAX 150K/149L TL M+S 3PMSF;ciężarowe;All position;WZORZEC;Oś kierowana
MO5_GGCR225F1000JLHT0;Goodyear;MARATHON LHT;11R22.5 Goodyear MARATHON LHT 148/145J TL;ciężarowe;All position;WZORZEC;Oś kierowana
MO5_GGCR22545540JLHT1;Goodyear;MARATHON LHT+;455/40R22.5 Goodyear MARATHON LHT+ 160J TL;ciężarowe;All position;WZORZEC;Oś kierowana
MO5_GGCR22538555KUTM0;Goodyear;UG MAX;385/55R22.5 Goodyear UG MAX 160K/158L TL M+S 3PMSF;ciężarowe;All position;WZORZEC;Oś kierowana
MO4_GGCZ22529560KUMS1;Goodyear;ULTRAGRIP MAX;295/60R22.5 Goodyear ULTRAGRIP MAX 150K/149L TL M+S 3PMSF;ciężarowe;All position;WZORZEC;Oś kierowana
MO5_HACZ22538555KAW00;Hankook;AW02;385/55R22.5 Hankook AW02 160K M+S 3PMSF;ciężarowe;All position;PEWNE;Oś kierowana
MO5_HACR22538565KAH30;Hankook;AH31;385/65R22.5 Hankook AH31 160K M+S 3PMSF;ciężarowe;All position;PEWNE;Oś kierowana
MO5_HACR22538555KAHO0;Hankook;AH51;385/55R22.5 Hankook AH51 160K M+S 3PMSF;ciężarowe;All position;PEWNE;Oś kierowana
MO5_HACR22538555KAH30;Hankook;AH31;385/55R22.5 Hankook AH31 160K M+S 3PMSF;ciężarowe;All position;PEWNE;Oś kierowana
MO5_HACR22531580LAH30;Hankook;AH31;315/80R22.5 Hankook AH31 156/150L M+S 3PMSF;ciężarowe;All position;PEWNE;Oś kierowana
MO5_HACR22531570LA2W0;Hankook;AL20W;315/70R22.5 Hankook AL20W 156/150L M+S 3PMSF;ciężarowe;All position;PEWNE;Oś kierowana
MO5_HACR22531560LA2W0;Hankook;AL20W;315/60R22.5 Hankook AL20W 154/148L M+S 3PMSF;ciężarowe;All position;PEWNE;Oś kierowana
MO5_HACR22529580MAH36;Hankook;AH31;295/80R22.5 Hankook AH31 154/149M M+S 3PMSF;ciężarowe;All position;PEWNE;Oś kierowana
MO5_HACR22529580MAH35;Hankook;AH31;295/80R22.5 Hankook AH31 154/149M M+S 3PMSF;ciężarowe;All position;PEWNE;Oś kierowana
MO5_HACR22529580JAU40;Hankook;AU04;295/80R22.5 Hankook AU04 152/148J M+S 3PMSF;ciężarowe;All position;PEWNE;Oś kierowana
MO5_HACR19526570MAHT1;Hankook;AH35;265/70R19.5 Hankook AH35 140/138M M+S 3PMSF;ciężarowe;All position;PEWNE;Oś kierowana
MO5_HACR17523575MAHT3;Hankook;AH35;235/75R17.5 Hankook AH35 132/130M M+S 3PMSF;ciężarowe;All position;PEWNE;Oś kierowana
MO5_HACR17521575MAHT2;Hankook;AH35;215/75R17.5 Hankook AH35 126/128M M+S 3PMSF;ciężarowe;All position;PEWNE;Oś kierowana
MO4_HACR22538565KAH30;Hankook;AH31;385/65R22.5 Hankook AH31 160K M+S 3PMSF;ciężarowe;All position;PEWNE;Oś kierowana
MO2_3003975;Hankook;SMART FLEX AL51;385/65R22.5 Hankook SMART FLEX AL51 160K 3PMSF M+S FRONT;ciężarowe;All position;PEWNE;Oś kierowana
MO2_3003942;Hankook;AL50 SMART LINE;315/70R22.5 Hankook AL50 SMART LINE 156/150L 3PMSF M+S FRONT;ciężarowe;All position;PEWNE;Oś kierowana
MO2_3003879;Hankook;SMART FLEX AH51;315/60R22.5 Hankook SMART FLEX AH51 154/148L 3PMSF M+S FRONT;ciężarowe;All position;PEWNE;Oś kierowana
MO2_3003878;Hankook;AH51;385/55R22.5 Hankook AH51 160K 3PMSF M+S FRONT;ciężarowe;All position;PEWNE;Oś kierowana
MO2_3003837;Hankook;SMART FLEX AH51;385/65R22.5 Hankook SMART FLEX AH51 164K 3PMSF M+S FRONT;ciężarowe;All position;PEWNE;Oś kierowana
MO2_3003835;Hankook;SMART FLEX AH51;315/80R22.5 Hankook SMART FLEX AH51 156/150L 3PMSF M+S FRONT;ciężarowe;All position;PEWNE;Oś kierowana
MO2_3003604;Hankook;SMART TOURING AL22;295/80R22.5 Hankook SMART TOURING AL22 154/149M M+S FRONT;ciężarowe;All position;PEWNE;Oś kierowana
MO2_3003421;Hankook;SMART FLEX AH51;315/70R22.5 Hankook SMART FLEX AH51 156/150L 3PMSF M+S FRONT;ciężarowe;All position;PEWNE;Oś kierowana
MO2_3002653;Hankook;AL20;385/55R22.5 Hankook AL20 160K 3PMSF M+S FRONT;ciężarowe;All position;PEWNE;Oś kierowana
MO2_3002635;Hankook;AH35;265/70R19.5 Hankook AH35 140/138M 3PMSF M+S FRONT;ciężarowe;All position;PEWNE;Oś kierowana
MO2_3002584;Hankook;AH35;245/70R17.5 Hankook AH35 136/134M FRONT;ciężarowe;All position;PEWNE;Oś kierowana
MO2_3002580;Hankook;AH35;205/75R17.5 Hankook AH35 124/122M FRONT;ciężarowe;All position;PEWNE;Oś kierowana
MO5_HACR225F3000KH1D0;Hankook;DM11;13R22.5 Hankook DM11 156/150K M+S 3PMSF;ciężarowe;All position;WZORZEC;Oś kierowana
MO5_HACR22538565KAM54;Hankook;AM15+;385/65R22.5 Hankook AM15+ 164K M+S 3PMSF;ciężarowe;All position;WZORZEC;Oś kierowana
MO5_HACR22538565KALJ0;Hankook;AL10+;385/65R22.5 Hankook AL10+ 160K M+S 3PMSF;ciężarowe;All position;WZORZEC;Oś kierowana
MO5_HACR22538555K5AL0;Hankook;AL50;385/55R22.5 Hankook AL50 160K M+S 3PMSF;ciężarowe;All position;WZORZEC;Oś kierowana
MO5_HACR22531580LAL00;Hankook;AL22;315/80R22.5 Hankook AL22 156/150L M+S;ciężarowe;All position;WZORZEC;Oś kierowana
MO5_HACR22531580KAM92;Hankook;AM09;315/80R22.5 Hankook AM09 156/150K M+S;ciężarowe;All position;WZORZEC;Oś kierowana
MO5_HACR22531570L51L0;Hankook;DL51;315/70R22.5 Hankook DL51 154/150L M+S 3PMSF;ciężarowe;All position;WZORZEC;Oś kierowana
MO2_3003960;Hankook;AL50;355/50R22.5 Hankook AL50 156L 3PMSF M+S FRONT;ciężarowe;All position;WZORZEC;Oś kierowana
MO2_3003707;Hankook;AL51;315/70R22.5 Hankook AL51 156/150L 3PMSF M+S FRONT;ciężarowe;All position;WZORZEC;Oś kierowana
MO2_3002433;Hankook;AM09;315/80R22.5 Hankook AM09 156/150K FRONT;ciężarowe;All position;WZORZEC;Oś kierowana
MO2_16152500150060SON0;JK Tyre;SONA TRACTOR FRONT;5.00-15 JK Tyre SONA TRACTOR FRONT 82A8 6PR TL FRONT;rolnicze;All position;WZORZEC;Oś kierowana
MO2_16151600160080SHR0;JK Tyre;SHRESTH TRACTOR FRONT;6.00-16 JK Tyre SHRESTH TRACTOR FRONT 94A6 8PR TT FRONT;rolnicze;All position;WZORZEC;Oś kierowana
MO2_16121750160080SHR0;JK Tyre;SHRESTH TRACTOR FRONT;7.50-16 JK Tyre SHRESTH TRACTOR FRONT 103A6 8PR TT FRONT;rolnicze;All position;WZORZEC;Oś kierowana
MO2_115323182C018LUC40;JK Tyre;JETWAY JUC4;315/80R22.5 JK Tyre JETWAY JUC4 156/150L 3PMSF M+S FRONT;ciężarowe;All position;WZORZEC;Oś kierowana
MO2_115223182C018LUL40;JK Tyre;JETWAY JUL4;315/80R22.5 JK Tyre JETWAY JUL4 156L/150J 3PMSF M+S FRONT;ciężarowe;All position;WZORZEC;Oś kierowana
MO2_115223162C018LUL40;JK Tyre;JETWAY JUL4;315/70R22.5 JK Tyre JETWAY JUL4 156L/150J 3PMSF M+S FRONT;ciężarowe;All position;WZORZEC;Oś kierowana
MO2_115222982C016MUL30;JK Tyre;JETWAY JUL3;295/80R22.5 JK Tyre JETWAY JUL3 152M/148H 3PMSF M+S FRONT;ciężarowe;All position;WZORZEC;Oś kierowana
MO5_KUCR22538565KXA11;Kumho;KXA11 uniwersalna;385/65R22.5 Kumho KXA11 uniwersalna 164K 24PR TL 3PMSF;ciężarowe;All position;PEWNE;Oś kierowana
MO4_KUCR22538565KXA11;Kumho;KXA11 uniwersalna;385/65R22.5 Kumho KXA11 uniwersalna 164K 24PR TL 3PMSF;ciężarowe;All position;PEWNE;Oś kierowana
MO2_2373233;Kumho;XS10;315/60R22.5 Kumho XS10 154/148L 3PMSF FRONT;ciężarowe;All position;WZORZEC;Oś kierowana
MO2_2362113;Kumho;KXA31;385/65R22.5 Kumho KXA31 164K 3PMSF M+S FRONT;ciężarowe;All position;WZORZEC;Oś kierowana
MO2_2362093;Kumho;KXA31;315/70R22.5 Kumho KXA31 156L/150L FRONT;ciężarowe;All position;WZORZEC;Oś kierowana
MO2_2302223;Kumho;XS10;355/50R22.5 Kumho XS10 156K 3PMSF FRONT;ciężarowe;All position;WZORZEC;Oś kierowana
MO2_2263623;Kumho;XA10;285/70R19.5 Kumho XA10 146/144M 3PMSF FRONT;ciężarowe;All position;WZORZEC;Oś kierowana
MO2_2204723;Kumho;XS10;315/80R22.5 Kumho XS10 156L/150L 3PMSF M+S FRONT;ciężarowe;All position;WZORZEC;Oś kierowana
MO2_2171253;Kumho;03;385/65R22.5 Kumho LS03 164K 3PMSF FRONT;ciężarowe;All position;WZORZEC;Oś kierowana
MO2_2138173;Kumho;MA11;13R22.5 Kumho MA11 156/150K 3PMSF M+S FRONT;ciężarowe;All position;WZORZEC;Oś kierowana
MO2_1629813;Kumho;KRS03;305/70R19.5 Kumho KRS03 148/145M FRONT;ciężarowe;All position;WZORZEC;Oś kierowana
MO2_24865900;Lassa;MAXIWAYS 100S;245/70R17.5 Lassa MAXIWAYS 100S 136/134M 3PMSF M+S FRONT;ciężarowe;All position;WZORZEC;Oś kierowana
MO2_24846200;Lassa;MAXIWAYS 100S;225/75R17.5 Lassa MAXIWAYS 100S 129/127M FRONT;ciężarowe;All position;WZORZEC;Oś kierowana
MO2_24838200;Lassa;MAXIWAYS 100S;235/75R17.5 Lassa MAXIWAYS 100S 132/130M M+S FRONT;ciężarowe;All position;WZORZEC;Oś kierowana
MO5_LLCR22538565KKXA0;LingLong;KXA400;385/65R22.5 LingLong KXA400 164K 24PR TL M+S;ciężarowe;All position;PEWNE;Oś kierowana
MO5_LLCR22538565KKTS0;LingLong;KTS300;385/65R22.5 LingLong KTS300 164K/158L 24PR TL M+S 3PMSF;ciężarowe;All position;PEWNE;Oś kierowana
MO5_LLCR22538555KKTS0;LingLong;KTS300;385/55R22.5 LingLong KTS300 160K/158L 20PR TL M+S 3PMSF;ciężarowe;All position;PEWNE;Oś kierowana
MO5_LLCR22531580LKTS0;LingLong;KTS300;315/80R22.5 LingLong KTS300 156L/154M 22PR TL M+S 3PMSF;ciężarowe;All position;PEWNE;Oś kierowana
MO5_LLCR22531570LKTS1;LingLong;KTS300;315/70R22.5 LingLong KTS300 156L/154M 18PR TL M+S 3PMSF;ciężarowe;All position;PEWNE;Oś kierowana
MO5_LLCR22529580MKTS2;LingLong;KTS300;295/80R22.5 LingLong KTS300 154/149M 18PR TL M+S 3PMSF;ciężarowe;All position;PEWNE;Oś kierowana
MO5_LLCR22529560LKTS0;LingLong;KTS300;295/60R22.5 LingLong KTS300 150/147L 16PR TL M+S 3PMSF;przemysłowe;All position;PEWNE;Oś kierowana
MO4_LLCR22538565KKXA0;LingLong;KXA400;385/65R22.5 LingLong KXA400 164K 24PR TL M+S;ciężarowe;All position;PEWNE;Oś kierowana
MO4_LLCR22538565KKTS0;LingLong;KTS300;385/65R22.5 LingLong KTS300 164K/158L 24PR TL M+S 3PMSF;ciężarowe;All position;PEWNE;Oś kierowana
MO4_LLCR22538555KKTS0;LingLong;KTS300;385/55R22.5 LingLong KTS300 160K/158L 20PR TL M+S 3PMSF;ciężarowe;All position;PEWNE;Oś kierowana
MO4_LLCR22531580LKTS0;LingLong;KTS300;315/80R22.5 LingLong KTS300 156L/154M 22PR TL M+S 3PMSF;ciężarowe;All position;PEWNE;Oś kierowana
MO4_LLCR22531570LKTS1;LingLong;KTS300;315/70R22.5 LingLong KTS300 156L/154M 18PR TL M+S 3PMSF;ciężarowe;All position;PEWNE;Oś kierowana
MO4_LLCR22529580MKTS2;LingLong;KTS300;295/80R22.5 LingLong KTS300 154/149M 18PR TL M+S 3PMSF;ciężarowe;All position;PEWNE;Oś kierowana
MO2_2246083;Marshal;RS50;265/70R19.5 Marshal RS50 140M 3PMSF M+S FRONT;ciężarowe;All position;WZORZEC;Oś kierowana
MO2_2138183;Marshal;MA11;13R22.5 Marshal MA11 156/150K 3PMSF M+S FRONT;ciężarowe;All position;WZORZEC;Oś kierowana
MO5_MACR22538565KMHR0;Matador;HR 5;385/65R22.5 Matador HR 5 164K 20PR TL M+S 3PMSF;ciężarowe;All position;PEWNE;Oś kierowana
MO5_MACR22538565KFR41;Matador;HR 4;385/65R22.5 Matador HR 4 160K 20PR TL M+S 3PMSF;ciężarowe;All position;PEWNE;Oś kierowana
MO5_MACR22538555KMHR0;Matador;HR 5;385/55R22.5 Matador HR 5 160K 20PR TL M+S 3PMSF;ciężarowe;All position;PEWNE;Oś kierowana
MO5_MACR22538555KFR41;Matador;HR 4;385/55R22.5 Matador HR 4 160K 20PR TL M+S 3PMSF;ciężarowe;All position;PEWNE;Oś kierowana
MO5_MACR22531580LFR42;Matador;HR 4;315/80R22.5 Matador HR 4 156/150L 18PR TL M+S 3PMSF;ciężarowe;All position;PEWNE;Oś kierowana
MO5_MACR22531580LDR40;Matador;HR 4;315/80R22.5 Matador HR 4 156/150L 20PR TL M+S 3PMSF;ciężarowe;All position;PEWNE;Oś kierowana
MO5_MACR22531580KFM41;Matador;FM 4;315/80R22.5 Matador FM 4 156/150K 20PR TL M+S 3PMSF;ciężarowe;All position;PEWNE;Oś kierowana
MO5_MACR22531570LDR40;Matador;HR 4;315/70R22.5 Matador HR 4 154/150L 20PR TL M+S 3PMSF;ciężarowe;All position;PEWNE;Oś kierowana
MO5_MACR22531570LDHR0;Matador;HR 5;315/70R22.5 Matador HR 5 154/150L 20PR TL M+S 3PMSF;ciężarowe;All position;PEWNE;Oś kierowana
MO5_MACR22531560LFRH0;Matador;HR 4+;315/60R22.5 Matador HR 4+ 154/148L 20PR TL M+S 3PMSF;ciężarowe;All position;PEWNE;Oś kierowana
MO5_MACR22531560LDR40;Matador;HR 4;315/60R22.5 Matador HR 4 152/148L 20PR TL M+S 3PMSF;ciężarowe;All position;PEWNE;Oś kierowana
MO5_MACR22529580MFR41;Matador;HR 4;295/80R22.5 Matador HR 4 154/149M 16PR TL M+S 3PMSF;przemysłowe;All position;PEWNE;Oś kierowana
MO5_MACR22529580MDR40;Matador;HR 4;295/80R22.5 Matador HR 4 152/148M 16PR TL M+S 3PMSF;przemysłowe;All position;PEWNE;Oś kierowana
MO5_MACR22529560LDR40;Matador;HR 4;295/60R22.5 Matador HR 4 150/147L 18PR TL M+S 3PMSF;ciężarowe;All position;PEWNE;Oś kierowana
MO5_MACR22527570JFU13;Matador;FU 1 CITY;275/70R22.5 Matador FU 1 CITY 148/145J 18PR TL M+S 3PMSF;ciężarowe;All position;PEWNE;Oś kierowana
MO5_MACR22527570JFU11;Matador;FU 1 CITY;275/70R22.5 Matador FU 1 CITY 148/145J 16PR TL M+S 3PMSF;przemysłowe;All position;PEWNE;Oś kierowana
MO5_MACR19544545JMHR0;Matador;HR 5;445/45R19.5 Matador HR 5 160J 22PR TL M+S 3PMSF;ciężarowe;All position;PEWNE;Oś kierowana
MO5_MACR19528570MFR41;Matador;HR 4;285/70R19.5 Matador HR 4 146/144M 16PR TL M+S 3PMSF;przemysłowe;All position;PEWNE;Oś kierowana
MO5_MACR19528570MDR40;Matador;HR 4;285/70R19.5 Matador HR 4 146/144M 16PR TL M+S 3PMSF;przemysłowe;All position;PEWNE;Oś kierowana
MO5_MACR19528570KMHR0;Matador;HR 5;285/70R19.5 Matador HR 5 150/148K 18PR TL M+S 3PMSF;ciężarowe;All position;PEWNE;Oś kierowana
MO5_MACR19526570MFR41;Matador;HR 4;265/70R19.5 Matador HR 4 140/138M 14PR TL M+S 3PMSF;ciężarowe;All position;PEWNE;Oś kierowana
MO5_MACR19526570MDR40;Matador;HR 4;265/70R19.5 Matador HR 4 140/138M 14PR TL M+S 3PMSF;ciężarowe;All position;PEWNE;Oś kierowana
MO5_MACR19526570JMHR0;Matador;HR 5;265/70R19.5 Matador HR 5 143/141J 16PR TL M+S 3PMSF;przemysłowe;All position;PEWNE;Oś kierowana
MO5_MACR19524570MFR41;Matador;HR 4;245/70R19.5 Matador HR 4 136/134M 16PR TL M+S 3PMSF;przemysłowe;All position;PEWNE;Oś kierowana
MO5_MACR19524570MDR41;Matador;HR 4;245/70R19.5 Matador HR 4 136/134M 16PR TL M+S 3PMSF;przemysłowe;All position;PEWNE;Oś kierowana
MO5_MACR19524570KMHR0;Matador;HR 5;245/70R19.5 Matador HR 5 141/140K 16PR TL M+S 3PMSF;przemysłowe;All position;PEWNE;Oś kierowana
MO5_MACR175D8500LFR40;Matador;HR 4;8.5R17.5 Matador HR 4 121/120L 10PR TL M+S 3PMSF;ciężarowe;All position;PEWNE;Oś kierowana
MO5_MACR17524570MFR41;Matador;HR 4;245/70R17.5 Matador HR 4 136/134M 14PR TL M+S 3PMSF;ciężarowe;All position;PEWNE;Oś kierowana
MO5_MACR17524570MDR41;Matador;HR 4;245/70R17.5 Matador HR 4 136/134M 14PR TL M+S 3PMSF;ciężarowe;All position;PEWNE;Oś kierowana
MO5_MACR17524570LMHR0;Matador;HR 5;245/70R17.5 Matador HR 5 143/141L 16PR TL M+S 3PMSF;przemysłowe;All position;PEWNE;Oś kierowana
MO5_MACR17523575MFR40;Matador;HR 4;235/75R17.5 Matador HR 4 132/130M 12PR TL M+S 3PMSF;ciężarowe;All position;PEWNE;Oś kierowana
MO5_MACR17523575MDR41;Matador;HR 4;235/75R17.5 Matador HR 4 132/130M 12PR TL M+S 3PMSF;ciężarowe;All position;PEWNE;Oś kierowana
MO5_MACR17523575KMHR0;Matador;HR 5;235/75R17.5 Matador HR 5 143/141K 16PR TL M+S 3PMSF;przemysłowe;All position;PEWNE;Oś kierowana
MO5_MACR17522575MFR40;Matador;HR 4;225/75R17.5 Matador HR 4 129/127M 12PR TL M+S 3PMSF;ciężarowe;All position;PEWNE;Oś kierowana
MO5_MACR17522575MDR40;Matador;HR 4;225/75R17.5 Matador HR 4 129/127M 12PR TL M+S 3PMSF;ciężarowe;All position;PEWNE;Oś kierowana
MO5_MACR17521575MFR41;Matador;HR 4;215/75R17.5 Matador HR 4 126/124M 12PR TL M+S 3PMSF;ciężarowe;All position;PEWNE;Oś kierowana
MO5_MACR17521575MDR41;Matador;HR 4;215/75R17.5 Matador HR 4 126/124M 12PR TL M+S 3PMSF;ciężarowe;All position;PEWNE;Oś kierowana
MO5_MACR17521575KMHR0;Matador;HR 5;215/75R17.5 Matador HR 5 135/133K 16PR TL M+S 3PMSF;przemysłowe;All position;PEWNE;Oś kierowana
MO5_MACR17520575MFR40;Matador;HR 4;205/75R17.5 Matador HR 4 124/122M 12PR TL M+S 3PMSF;ciężarowe;All position;PEWNE;Oś kierowana
MO5_MACR17520575MDR41;Matador;HR 4;205/75R17.5 Matador HR 4 124/122M TL M+S 3PMSF;ciężarowe;All position;PEWNE;Oś kierowana
MO5_MACR17520575MDR40;Matador;HR 4;205/75R17.5 Matador HR 4 124/122M TL M+S 3PMSF;ciężarowe;All position;PEWNE;Oś kierowana
MO4_MACR22538565KMHR0;Matador;HR 5;385/65R22.5 Matador HR 5 164K 20PR TL M+S 3PMSF;ciężarowe;All position;PEWNE;Oś kierowana
MO4_MACR22538565KFR41;Matador;HR 4;385/65R22.5 Matador HR 4 160K 20PR TL M+S 3PMSF;ciężarowe;All position;PEWNE;Oś kierowana
MO4_MACR22538555KMHR0;Matador;HR 5;385/55R22.5 Matador HR 5 160K 20PR TL M+S 3PMSF;ciężarowe;All position;PEWNE;Oś kierowana
MO4_MACR22538555KFR41;Matador;HR 4;385/55R22.5 Matador HR 4 160K 20PR TL M+S 3PMSF;ciężarowe;All position;PEWNE;Oś kierowana
MO4_MACR22531580LFR42;Matador;HR 4;315/80R22.5 Matador HR 4 156/150L 18PR TL M+S 3PMSF;ciężarowe;All position;PEWNE;Oś kierowana
MO4_MACR22531580LDR40;Matador;HR 4;315/80R22.5 Matador HR 4 156/150L 20PR TL M+S 3PMSF;ciężarowe;All position;PEWNE;Oś kierowana
MO4_MACR22531580KFM41;Matador;FM 4;315/80R22.5 Matador FM 4 156/150K 20PR TL M+S 3PMSF;ciężarowe;All position;PEWNE;Oś kierowana
MO4_MACR22531570LDHR0;Matador;HR 5;315/70R22.5 Matador HR 5 154/150L 20PR TL M+S 3PMSF;ciężarowe;All position;PEWNE;Oś kierowana
MO4_MACR22531560LFRH0;Matador;HR 4+;315/60R22.5 Matador HR 4+ 154/148L 20PR TL M+S 3PMSF;ciężarowe;All position;PEWNE;Oś kierowana
MO4_MACR22531560LDR40;Matador;HR 4;315/60R22.5 Matador HR 4 152/148L 20PR TL M+S 3PMSF;ciężarowe;All position;PEWNE;Oś kierowana
MO4_MACR22529580MFR41;Matador;HR 4;295/80R22.5 Matador HR 4 154/149M 16PR TL M+S 3PMSF;przemysłowe;All position;PEWNE;Oś kierowana
MO4_MACR22529580MDR40;Matador;HR 4;295/80R22.5 Matador HR 4 152/148M 16PR TL M+S 3PMSF;przemysłowe;All position;PEWNE;Oś kierowana
MO4_MACR22529560LDR40;Matador;HR 4;295/60R22.5 Matador HR 4 150/147L 18PR TL M+S 3PMSF;ciężarowe;All position;PEWNE;Oś kierowana
MO4_MACR22527570JFU13;Matador;FU 1 CITY;275/70R22.5 Matador FU 1 CITY 148/145J 18PR TL M+S 3PMSF;ciężarowe;All position;PEWNE;Oś kierowana
MO4_MACR19544545JMHR0;Matador;HR 5;445/45R19.5 Matador HR 5 160J 22PR TL M+S 3PMSF;ciężarowe;All position;PEWNE;Oś kierowana
MO4_MACR19528570MFR41;Matador;HR 4;285/70R19.5 Matador HR 4 146/144M 16PR TL M+S 3PMSF;przemysłowe;All position;PEWNE;Oś kierowana
MO4_MACR19528570MDR40;Matador;HR 4;285/70R19.5 Matador HR 4 146/144M 16PR TL M+S 3PMSF;przemysłowe;All position;PEWNE;Oś kierowana
MO4_MACR19526570MFR41;Matador;HR 4;265/70R19.5 Matador HR 4 140/138M 14PR TL M+S 3PMSF;ciężarowe;All position;PEWNE;Oś kierowana
MO4_MACR19526570MDR40;Matador;HR 4;265/70R19.5 Matador HR 4 140/138M 14PR TL M+S 3PMSF;ciężarowe;All position;PEWNE;Oś kierowana
MO4_MACR19526570JMHR0;Matador;HR 5;265/70R19.5 Matador HR 5 143/141J 16PR TL M+S 3PMSF;przemysłowe;All position;PEWNE;Oś kierowana
MO4_MACR17524570MFR41;Matador;HR 4;245/70R17.5 Matador HR 4 136/134M 14PR TL M+S 3PMSF;ciężarowe;All position;PEWNE;Oś kierowana
MO4_MACR17524570MDR41;Matador;HR 4;245/70R17.5 Matador HR 4 136/134M 14PR TL M+S 3PMSF;ciężarowe;All position;PEWNE;Oś kierowana
MO4_MACR17524570LMHR0;Matador;HR 5;245/70R17.5 Matador HR 5 143/141L 16PR TL M+S 3PMSF;przemysłowe;All position;PEWNE;Oś kierowana
MO4_MACR17523575MFR40;Matador;HR 4;235/75R17.5 Matador HR 4 132/130M 12PR TL M+S 3PMSF;ciężarowe;All position;PEWNE;Oś kierowana
MO4_MACR17523575MDR41;Matador;HR 4;235/75R17.5 Matador HR 4 132/130M 12PR TL M+S 3PMSF;ciężarowe;All position;PEWNE;Oś kierowana
MO4_MACR17523575KMHR0;Matador;HR 5;235/75R17.5 Matador HR 5 143/141K 16PR TL M+S 3PMSF;przemysłowe;All position;PEWNE;Oś kierowana
MO4_MACR17522575MFR40;Matador;HR 4;225/75R17.5 Matador HR 4 129/127M 12PR TL M+S 3PMSF;ciężarowe;All position;PEWNE;Oś kierowana
MO4_MACR17522575MDR40;Matador;HR 4;225/75R17.5 Matador HR 4 129/127M 12PR TL M+S 3PMSF;ciężarowe;All position;PEWNE;Oś kierowana
MO4_MACR17521575MFR41;Matador;HR 4;215/75R17.5 Matador HR 4 126/124M 12PR TL M+S 3PMSF;ciężarowe;All position;PEWNE;Oś kierowana
MO4_MACR17521575MDR41;Matador;HR 4;215/75R17.5 Matador HR 4 126/124M 12PR TL M+S 3PMSF;ciężarowe;All position;PEWNE;Oś kierowana
MO4_MACR17521575KMHR0;Matador;HR 5;215/75R17.5 Matador HR 5 135/133K 16PR TL M+S 3PMSF;przemysłowe;All position;PEWNE;Oś kierowana
MO4_MACR17520575MFR40;Matador;HR 4;205/75R17.5 Matador HR 4 124/122M 12PR TL M+S 3PMSF;ciężarowe;All position;PEWNE;Oś kierowana
MO4_MACR17520575MDR41;Matador;HR 4;205/75R17.5 Matador HR 4 124/122M TL M+S 3PMSF;ciężarowe;All position;PEWNE;Oś kierowana
MO5_MACR19524570MDR40;Matador;HR 4;245/70R19.5 Matador HR 4 136/134M 16PR TL M+S 3PMSF;przemyslowe;All position;PEWNE;Oś kierowana
MO5_MNCR22538565KXLT1;Michelin;LINE ENERGY;385/65R22.5 Michelin LINE ENERGY 160K TL M+S 3PMSF;ciężarowe;All position;PEWNE;Oś kierowana
MO5_MNCR22538565KXLF0;Michelin;LINE ENERGY ANTISPLASH;385/65R22.5 Michelin LINE ENERGY ANTISPLASH 160K TL;ciężarowe;All position;PEWNE;Oś kierowana
MO5_MNCR22531580LXLZ0;Michelin;LINE ENERGY;315/80R22.5 Michelin LINE ENERGY 156/150L TL;ciężarowe;All position;PEWNE;Oś kierowana
MO5_MNCR22531570LXL21;Michelin;LINE ENERGY;315/70R22.5 Michelin LINE ENERGY 156/150L TL M+S 3PMSF;ciężarowe;All position;PEWNE;Oś kierowana
MO5_MNCR22531570LXL20;Michelin;LINE ENERGY;315/70R22.5 Michelin LINE ENERGY 154/150L TL M+S 3PMSF;ciężarowe;All position;PEWNE;Oś kierowana
MO5_MNCR22531560LZ3E0;Michelin;LINE ENERGY;315/60R22.5 Michelin LINE ENERGY 154/148L TL M+S 3PMSF;ciężarowe;All position;PEWNE;Oś kierowana
MO5_MNCR22531560LXLD0;Michelin;LINE ENERGY;315/60R22.5 Michelin LINE ENERGY 152/148L TL M+S 3PMSF;ciężarowe;All position;PEWNE;Oś kierowana
MO5_MNCR22529560KXL30;Michelin;LINE ENERGY;295/60R22.5 Michelin LINE ENERGY 150/147K TL M+S 3PMSF;ciężarowe;All position;PEWNE;Oś kierowana
MO2_856711;Michelin;X MULTI Z;245/70R19.5 Michelin X MULTI Z 135/134M 3PMSF;ciężarowe;All position;PEWNE;Oś kierowana
MO2_856291;Michelin;X COACH Z;295/80R22.5 Michelin X COACH Z 154/150M 3PMSF M+S;ciężarowe;All position;PEWNE;Oś kierowana
MO2_719814;Michelin;X MULTI Z;315/70R22.5 Michelin X MULTI Z 156/150L 3PMSF M+S;ciężarowe;All position;PEWNE;Oś kierowana
MO2_691745;Michelin;X MULTI T2;235/75R17.5 Michelin X MULTI T2 143/141J 3PMSF M+S;ciężarowe;All position;PEWNE;Oś kierowana
MO2_690253;Michelin;X MULTI ENERGY Z;315/80R22.5 Michelin X MULTI ENERGY Z 156L 3PMSF M+S FRONT;ciężarowe;All position;PEWNE;Oś kierowana
MO2_684989;Michelin;X LINE ENERGY Z 3;315/60R22.5 Michelin X LINE ENERGY Z 3 154L/148L 3PMSF M+S;ciężarowe;All position;PEWNE;Oś kierowana
MO2_553939;Michelin;X LINE ENERGY Z2;315/70R22.5 Michelin X LINE ENERGY Z2 156/150L 3PMSF FRONT;ciężarowe;All position;PEWNE;Oś kierowana
MO2_485710;Michelin;X MULTI Z;315/80R22.5 Michelin X MULTI Z 156/150L 3PMSF M+S;ciężarowe;All position;PEWNE;Oś kierowana
MO2_483739;Michelin;X MULTI F;385/55R22.5 Michelin X MULTI F 160K 3PMSF FRONT;ciężarowe;All position;PEWNE;Oś kierowana
MO2_481323;Michelin;X LINE ENERGY F;385/55R22.5 Michelin X LINE ENERGY F 160K 3PMSF FRONT;ciężarowe;All position;PEWNE;Oś kierowana
MO2_434435;Michelin;X MULTI Z+ AS;385/65R22.5 Michelin X MULTI Z+ AS 160K 3PMSF M+S;ciężarowe;All position;PEWNE;Oś kierowana
MO2_249703;Michelin;X LINE ENERGY Z;295/60R22.5 Michelin X LINE ENERGY Z 150/147L 3PMSF FRONT;ciężarowe;All position;PEWNE;Oś kierowana
MO2_142336;Michelin;X LINE ENERGY Z 3;355/50R22.5 Michelin X LINE ENERGY Z 3 158K 3PMSF M+S FRONT;ciężarowe;All position;PEWNE;Oś kierowana
MO2_130553;Michelin;X LINE ENERGY F;385/65R22.5 Michelin X LINE ENERGY F 160K 3PMSF FRONT;ciężarowe;All position;PEWNE;Oś kierowana
MO2_121315;Michelin;X MULTI ENERGY Z2;315/70R22.5 Michelin X MULTI ENERGY Z2 158/150L 3PMSF M+S FRONT;ciężarowe;All position;PEWNE;Oś kierowana
MO5_IMCR225F3000G7680;Mirage;MG768 napęd;13R22.5 Mirage MG768 napęd 156/152G 20PR M+S;ciężarowe;All position;WZORZEC;Oś kierowana
MO5_IMCR225F3000G7021;Mirage;MG702 prowadząca;13R22.5 Mirage MG702 prowadząca 156/152G 20PR M+S;ciężarowe;All position;WZORZEC;Oś kierowana
MO5_IMCR22538565K0221;Mirage;MG022 /naczepa;385/65R22.5 Mirage MG022 /naczepa 164K/158L 24PR M+S 3PMSF;ciężarowe;All position;WZORZEC;Oś kierowana
MO5_IMCR22531580LMG00;Mirage;MG011 prowadząca;315/80R22.5 Mirage MG011 prowadząca 156/152L 20PR M+S;ciężarowe;All position;WZORZEC;Oś kierowana
MO5_IMCR22531580L7680;Mirage;MG768 napęd;315/80R22.5 Mirage MG768 napęd 156/152L 20PR M+S;ciężarowe;All position;WZORZEC;Oś kierowana
MO5_IMCR22531580L6380;Mirage;MG638 156/152L napęd;315/80R22.5 Mirage MG638 156/152L napęd 20PR M+S 3PMSF;ciężarowe;All position;WZORZEC;Oś kierowana
MO5_IMCR22531580L12M1;Mirage;MG121 158/150L prowadząca;315/80R22.5 Mirage MG121 158/150L prowadząca 20PR M+S 3PMSF;ciężarowe;All position;WZORZEC;Oś kierowana
MO5_IMCR22531570L6380;Mirage;MG638 napęd;315/70R22.5 Mirage MG638 napęd 154/150L 20PR M+S 3PMSF;ciężarowe;All position;WZORZEC;Oś kierowana
MO5_IMCR22531570L12M2;Mirage;MG121 prowadząca;315/70R22.5 Mirage MG121 prowadząca 156/150L 20PR M+S;ciężarowe;All position;WZORZEC;Oś kierowana
MO5_IMCR22529580M6280;Mirage;MG628 napęd;295/80R22.5 Mirage MG628 napęd 152/149M 18PR M+S 3PMSF;ciężarowe;All position;WZORZEC;Oś kierowana
MO5_IMCR22529580L12M0;Mirage;MG121 prowadząca;295/80R22.5 Mirage MG121 prowadząca 154/149L 20PR M+S 3PMSF;ciężarowe;All position;WZORZEC;Oś kierowana
MO4_IMCR225F3000G7021;Mirage;MG702 prowadząca;13R22.5 Mirage MG702 prowadząca 156/152G 20PR M+S;ciężarowe;All position;WZORZEC;Oś kierowana
MO4_IMCR22538565K0221;Mirage;MG022 /naczepa;385/65R22.5 Mirage MG022 /naczepa 164K/158L 24PR M+S 3PMSF;ciężarowe;All position;WZORZEC;Oś kierowana
MO4_IMCR22531580LMG00;Mirage;MG011 prowadząca;315/80R22.5 Mirage MG011 prowadząca 156/152L 20PR M+S;ciężarowe;All position;WZORZEC;Oś kierowana
MO4_IMCR22531580L7680;Mirage;MG768 napęd;315/80R22.5 Mirage MG768 napęd 156/152L 20PR M+S;ciężarowe;All position;WZORZEC;Oś kierowana
MO4_IMCR22531580L6380;Mirage;MG638 156/152L napęd;315/80R22.5 Mirage MG638 156/152L napęd 20PR M+S 3PMSF;ciężarowe;All position;WZORZEC;Oś kierowana
MO4_IMCR22531580L12M1;Mirage;MG121 158/150L prowadząca;315/80R22.5 Mirage MG121 158/150L prowadząca 20PR M+S 3PMSF;ciężarowe;All position;WZORZEC;Oś kierowana
MO4_IMCR22531570L6380;Mirage;MG638 napęd;315/70R22.5 Mirage MG638 napęd 154/150L 20PR M+S 3PMSF;ciężarowe;All position;WZORZEC;Oś kierowana
MO4_IMCR22531570L12M2;Mirage;MG121 prowadząca;315/70R22.5 Mirage MG121 prowadząca 156/150L 20PR M+S;ciężarowe;All position;WZORZEC;Oś kierowana
MO4_IMCR22529580M6280;Mirage;MG628 napęd;295/80R22.5 Mirage MG628 napęd 152/149M 18PR M+S 3PMSF;ciężarowe;All position;WZORZEC;Oś kierowana
MO2_T675220;Nokian;HAKKA TRUCK STEER;315/70R22.5 Nokian HAKKA TRUCK STEER 156/150L 3PMSF M+S FRONT;ciężarowe;All position;WZORZEC;Oś kierowana
MO2_T675219;Nokian;E-TRUCK STEER;315/80R22.5 Nokian E-TRUCK STEER 156/150L 3PMSF M+S FRONT;ciężarowe;All position;WZORZEC;Oś kierowana
MO5_PPCR22538565KR0S0;PROMETEON;R02 PROFUEL STEER HL;385/65R22.5 PROMETEON R02 PROFUEL STEER HL 164K/158L TL M+S 3PMSF;ciężarowe;All position;PEWNE;Oś kierowana
MO5_PPCR22538555KR0S0;PROMETEON;R02 PROFUEL STEER;385/55R22.5 PROMETEON R02 PROFUEL STEER 162K/158L TL M+S 3PMSF;ciężarowe;All position;PEWNE;Oś kierowana
MO5_PPCR22531580LR0S1;PROMETEON;R02 PROFUEL STEER;315/80R22.5 PROMETEON R02 PROFUEL STEER 158/150L TL M+S 3PMSF;ciężarowe;All position;PEWNE;Oś kierowana
MO5_PPCR22531580LR0S0;PROMETEON;R02 PROWAY STEER;315/80R22.5 PROMETEON R02 PROWAY STEER 158/150L TL M+S 3PMSF;ciężarowe;All position;PEWNE;Oś kierowana
MO5_PPCR22531570LR0S0;PROMETEON;R02 PROWAY STEER;315/70R22.5 PROMETEON R02 PROWAY STEER 158/150L TL M+S 3PMSF;ciężarowe;All position;PEWNE;Oś kierowana
MO5_PPCR22531560LR0S0;PROMETEON;R02 PROWAY STEER;315/60R22.5 PROMETEON R02 PROWAY STEER 154/148L TL M+S 3PMSF;ciężarowe;All position;PEWNE;Oś kierowana
MO5_PPCR17526570MR0S0;PROMETEON;R02 PROFUEL STEER;265/70R17.5 PROMETEON R02 PROFUEL STEER 140/138M TL M+S 3PMSF;ciężarowe;All position;PEWNE;Oś kierowana
MO5_PICR225F3000KTGP1;Pirelli;TG:01s;13R22.5 Pirelli TG:01s 156/150K TL M+S 3PMSF;ciężarowe;All position;WZORZEC;Oś kierowana
MO5_PICR22531580LITD1;Pirelli;IT-D90;315/80R22.5 Pirelli IT-D90 156/150L TL M+S 3PMSF;ciężarowe;All position;WZORZEC;Oś kierowana
MO5_PICR22531580KTG80;Pirelli;TG88;315/80R22.5 Pirelli TG88 156/150K TL M+S 3PMSF;ciężarowe;All position;WZORZEC;Oś kierowana
MO5_PICR17523575MR0S0;Pirelli;R02 PROFUEL STEER;235/75R17.5 Pirelli R02 PROFUEL STEER 132/130M TL M+S 3PMSF;ciężarowe;All position;WZORZEC;Oś kierowana
MO2_4133700;Pirelli;R02 PROFUEL STEER;265/70R19.5 Pirelli R02 PROFUEL STEER 140/138M FRONT;ciężarowe;All position;WZORZEC;Oś kierowana
MO2_4103400;Pirelli;R02 PROFUEL STEER;265/70R17.5 Pirelli R02 PROFUEL STEER 140/138M M+S FRONT;ciężarowe;All position;WZORZEC;Oś kierowana
MO2_3774500;Pirelli;FH:01;295/60R22.5 Pirelli FH:01 150/147L FRONT;ciężarowe;All position;WZORZEC;Oś kierowana
MO1_10005932;Rovelo;Steer R1;315/70R22.5 Rovelo Steer R1 150L/148M 18PR TL;ciężarowe;All position;WZORZEC;Oś kierowana
MO1_10004964;Rovelo;All Position M2;385/65R22.5 Rovelo All Position M2 160K/158L 20PR TL;ciężarowe;All position;WZORZEC;Oś kierowana
MO1_10004961;Rovelo;Steer R2;315/80R22.5 Rovelo Steer R2 153L 20PR TL;ciężarowe;All position;WZORZEC;Oś kierowana
MO1_10004958;Rovelo;All Position M1;315/80R22.5 Rovelo All Position M1 150L/150M 18PR TL;ciężarowe;All position;WZORZEC;Oś kierowana
MO1_10004957;Rovelo;Steer R1;265/70R19.5 Rovelo Steer R1 141J 18PR TL;ciężarowe;All position;WZORZEC;Oś kierowana
MO1_10004952;Rovelo;Steer R1;235/75R17.5 Rovelo Steer R1 141L 18PR TL;ciężarowe;All position;WZORZEC;Oś kierowana
MO1_10004949;Rovelo;Steer R1;215/75R17.5 Rovelo Steer R1 133L 16PR TL;ciężarowe;All position;WZORZEC;Oś kierowana
MO1_10006070;Rovelo;Steer R1;315/80R22.5 Rovelo Steer R1 150L/150M 18PR TL;ciężarowe;All position;WZORZEC;Oś kierowana
MO1_10005930;Rovelo;Steer R1;315/60R22.5 Rovelo Steer R1 148L 18PR TL;ciężarowe;All position;WZORZEC;Oś kierowana
MO5_GSCR225F2000KAVV1;Sava;AVANT MS 2 PLUS;12R22.5 Sava AVANT MS 2 PLUS 152/148K TL M+S;ciężarowe;All position;PEWNE;Oś kierowana
MO5_GSCR22538565KAV50;Sava;AVANT 5;385/65R22.5 Sava AVANT 5 160K/158L TL M+S 3PMSF;ciężarowe;All position;PEWNE;Oś kierowana
MO5_GSCR22531580MAV50;Sava;AVANT 5;315/80R22.5 Sava AVANT 5 156L/154M TL M+S 3PMSF;ciężarowe;All position;PEWNE;Oś kierowana
MO5_GSCR22531580KAV22;Sava;AVANT MS 2;315/80R22.5 Sava AVANT MS 2 156/150K TL M+S 3PMSF;ciężarowe;All position;PEWNE;Oś kierowana
MO5_GSCR22531570LAV50;Sava;AVANT 5 HL;315/70R22.5 Sava AVANT 5 HL 156/150L TL M+S 3PMSF;ciężarowe;All position;PEWNE;Oś kierowana
MO5_GSCR22531560LAV51;Sava;AVANT 5 HL;315/60R22.5 Sava AVANT 5 HL 154/148L TL M+S 3PMSF;ciężarowe;All position;PEWNE;Oś kierowana
MO5_GSCR22531560LAV50;Sava;AVANT 5;315/60R22.5 Sava AVANT 5 152/148L TL M+S 3PMSF;ciężarowe;All position;PEWNE;Oś kierowana
MO5_GSCR22529580JCTY0;Sava;CITY;295/80R22.5 Sava CITY 152/148J TL M+S;ciężarowe;All position;PEWNE;Oś kierowana
MO5_GSCR22529560KAV50;Sava;AVANT 5;295/60R22.5 Sava AVANT 5 150K TL M+S 3PMSF;ciężarowe;All position;PEWNE;Oś kierowana
MO5_GSCR22527570JCT41;Sava;CITY;275/70R22.5 Sava CITY 148J/152E TL M+S 3PMSF;ciężarowe;All position;PEWNE;Oś kierowana
MO5_GSCR22512000LAVA0;Sava;AVANT PLUS;12R22.5 Sava AVANT PLUS 152/148L TL;ciężarowe;All position;PEWNE;Oś kierowana
MO5_GSCR19526570MAVA2;Sava;AVANT;265/70R19.5 Sava AVANT 140/138M TL M+S 3PMSF;ciężarowe;All position;PEWNE;Oś kierowana
MO5_GSCR175H0900MCOM0;Sava;COMET PLUS;9.5R17.5 Sava COMET PLUS 129/127M TL M+S 3PMSF;ciężarowe;All position;PEWNE;Oś kierowana
MO5_GSCR17523575MAV42;Sava;AVANT 4;235/75R17.5 Sava AVANT 4 132/130M TL M+S 3PMSF;ciężarowe;All position;PEWNE;Oś kierowana
MO5_GSCR17522575MAV42;Sava;AVANT 4;225/75R17.5 Sava AVANT 4 129/127M TL M+S 3PMSF;ciężarowe;All position;PEWNE;Oś kierowana
MO5_GSCR17521575MAV42;Sava;AVANT 4;215/75R17.5 Sava AVANT 4 126/124M TL M+S 3PMSF;ciężarowe;All position;PEWNE;Oś kierowana
MO5_GSCR17520575MAV42;Sava;AVANT 4;205/75R17.5 Sava AVANT 4 124/122M TL M+S 3PMSF;ciężarowe;All position;PEWNE;Oś kierowana
MO4_GSCR22538565KAV50;Sava;AVANT 5;385/65R22.5 Sava AVANT 5 160K/158L TL M+S 3PMSF;ciężarowe;All position;PEWNE;Oś kierowana
MO4_GSCR22531580MAV50;Sava;AVANT 5;315/80R22.5 Sava AVANT 5 156L/154M TL M+S 3PMSF;ciężarowe;All position;PEWNE;Oś kierowana
MO4_GSCR22531570LAV50;Sava;AVANT 5 HL;315/70R22.5 Sava AVANT 5 HL 156/150L TL M+S 3PMSF;ciężarowe;All position;PEWNE;Oś kierowana
MO4_GSCR19526570MAVA2;Sava;AVANT;265/70R19.5 Sava AVANT 140/138M TL M+S 3PMSF;ciężarowe;All position;PEWNE;Oś kierowana
MO2_586229;Sava;AVANT MSS 2;315/80R22.5 Sava AVANT MSS 2 156/150K 3PMSF M+S;ciężarowe;All position;PEWNE;Oś kierowana
MO2_577430;Sava;AVANT A3;285/70R19.5 Sava AVANT A3 146L/140M FRONT;ciężarowe;All position;PEWNE;Oś kierowana
MO2_577419;Sava;AVANT A3;265/70R19.5 Sava AVANT A3 140/138M 3PMSF FRONT;ciężarowe;All position;PEWNE;Oś kierowana
MO2_577414;Sava;AVANT 4;205/75R17.5 Sava AVANT 4 124/122M 3PMSF FRONT;ciężarowe;All position;PEWNE;Oś kierowana
MO2_571630;Sava;COMET PLUS;9.5R17.5 Sava COMET PLUS 129/127M 3PMSF FRONT;ciężarowe;All position;PEWNE;Oś kierowana
MO2_570681;Sava;AVANT 5 HL;295/80R22.5 Sava AVANT 5 HL 154/149M 3PMSF FRONT;ciężarowe;All position;PEWNE;Oś kierowana
MO2_570680;Sava;AVANT 5;385/65R22.5 Sava AVANT 5 160K/158L 3PMSF FRONT;ciężarowe;All position;PEWNE;Oś kierowana
MO2_570677;Sava;AVANT 5;385/55R22.5 Sava AVANT 5 160K/158L 3PMSF M+S FRONT;ciężarowe;All position;PEWNE;Oś kierowana
MO2_570672;Sava;AVANT 5 HL;315/70R22.5 Sava AVANT 5 HL 156/150L 3PMSF FRONT;ciężarowe;All position;PEWNE;Oś kierowana
MO2_570667;Sava;AVANT 5;315/60R22.5 Sava AVANT 5 152/148L 3PMSF M+S FRONT;ciężarowe;All position;PEWNE;Oś kierowana
MO2_570244;Sava;AVANT 5;315/80R22.5 Sava AVANT 5 156L/154M 3PMSF FRONT;ciężarowe;All position;PEWNE;Oś kierowana
MO5_SXCR22538565KLCW0;Starmaxx;LCW710;385/65R22.5 Starmaxx LCW710 160K 18PR TL M+S 3PMSF;ciężarowe;All position;WZORZEC;Oś kierowana
MO5_SXCR22538555KLZ30;Starmaxx;LZ300;385/55R22.5 Starmaxx LZ300 160K 20PR TL M+S 3PMSF;ciężarowe;All position;WZORZEC;Oś kierowana
MO5_SXCR22531570LGH10;Starmaxx;GH110;315/70R22.5 Starmaxx GH110 156/145L 20PR TL M+S 3PMSF;ciężarowe;All position;WZORZEC;Oś kierowana
MO2_894373;Treadmax;FUELMAX T;385/55R22.5 Treadmax FUELMAX T 160K;ciężarowe;All position;WZORZEC;Oś kierowana
MO5_CUCR22538555KUH41;Uniroyal;FH40;385/55R22.5 Uniroyal FH40 160K TL M+S 3PMSF;ciężarowe;All position;PEWNE;Oś kierowana
MO5_CUCR22531580LUH41;Uniroyal;FH40;315/80R22.5 Uniroyal FH40 156/150L TL M+S 3PMSF;ciężarowe;All position;PEWNE;Oś kierowana
MO5_CUCR22531580KUM40;Uniroyal;FM40 prowadząca;315/80R22.5 Uniroyal FM40 prowadząca 156/150K TL M+S 3PMSF;ciężarowe;All position;PEWNE;Oś kierowana
MO5_CUCR22529580MUH41;Uniroyal;FH40;295/80R22.5 Uniroyal FH40 154/149M TL M+S 3PMSF;ciężarowe;All position;PEWNE;Oś kierowana
MO5_CUCR19528570MUH40;Uniroyal;FH40;285/70R19.5 Uniroyal FH40 146/144M 16PR TL M+S 3PMSF;przemysłowe;All position;PEWNE;Oś kierowana
MO5_CUCR19526570MUH41;Uniroyal;FH40;265/70R19.5 Uniroyal FH40 140/138M 14PR TL M+S 3PMSF;ciężarowe;All position;PEWNE;Oś kierowana
MO5_CUCR17524570MUH41;Uniroyal;FH40;245/70R17.5 Uniroyal FH40 136/134M 14PR TL M+S 3PMSF;ciężarowe;All position;PEWNE;Oś kierowana
MO5_CUCR17523575MUH40;Uniroyal;FH40;235/75R17.5 Uniroyal FH40 132/130M 12PR TL M+S 3PMSF;ciężarowe;All position;PEWNE;Oś kierowana
MO5_CUCR17522575MUH40;Uniroyal;FH40;225/75R17.5 Uniroyal FH40 129/127M 12PR TL M+S 3PMSF;ciężarowe;All position;PEWNE;Oś kierowana
MO5_CUCR17520575MUH40;Uniroyal;FH40;205/75R17.5 Uniroyal FH40 124/122M 12PR TL M+S 3PMSF;ciężarowe;All position;PEWNE;Oś kierowana
MO5_CUCR22538555KUTU0;Uniroyal;TH50;385/55R22.5 Uniroyal TH50 160K 20PR TL M+S 3PMSF;ciężarowe;All position;WZORZEC;Oś kierowana
MO5_CUCR17524570LUTU0;Uniroyal;TH50;245/70R17.5 Uniroyal TH50 143/141L 16PR TL M+S 3PMSF;przemysłowe;All position;WZORZEC;Oś kierowana
MO5_CUCR17524570LUT40;Uniroyal;TH40;245/70R17.5 Uniroyal TH40 143/141L TL M+S;ciężarowe;All position;WZORZEC;Oś kierowana
MO5_CUCR17523575KUTU0;Uniroyal;TH50;235/75R17.5 Uniroyal TH50 143/141K 16PR TL M+S 3PMSF;przemysłowe;All position;WZORZEC;Oś kierowana
MO5_CUCR17521575KUTU0;Uniroyal;TH50;215/75R17.5 Uniroyal TH50 135/133K 16PR TL M+S 3PMSF;przemysłowe;All position;WZORZEC;Oś kierowana
MO2_WL0910;West Lake;WSM2;13R22.5 West Lake WSM2 156/151K 3PMSF M+S FRONT;ciężarowe;All position;PEWNE;Oś kierowana
MO2_WL0799;West Lake;WSA2;385/65R22.5 West Lake WSA2 164K 3PMSF M+S FRONT;ciężarowe;All position;PEWNE;Oś kierowana
MO2_WL0402;West Lake;WSR+1;245/70R19.5 West Lake WSR+1 136/134M 3PMSF M+S FRONT;ciężarowe;All position;PEWNE;Oś kierowana
MO2_WL0390;West Lake;WSA2;225/75R17.5 West Lake WSA2 129/127M 3PMSF M+S FRONT;ciężarowe;All position;PEWNE;Oś kierowana
MO2_WL0369;West Lake;WSR+1;285/70R19.5 West Lake WSR+1 146/144M 3PMSF M+S FRONT;ciężarowe;All position;PEWNE;Oś kierowana
MO2_WL0286;West Lake;WSA2;215/75R17.5 West Lake WSA2 128/126M 3PMSF M+S FRONT;ciężarowe;All position;PEWNE;Oś kierowana
MO2_WL0257;West Lake;WSM2;315/80R22.5 West Lake WSM2 156/153K 3PMSF M+S FRONT;ciężarowe;All position;PEWNE;Oś kierowana
MO2_WL0256;West Lake;WSA2;265/70R19.5 West Lake WSA2 140/138M 3PMSF M+S FRONT;ciężarowe;All position;PEWNE;Oś kierowana
MO2_WL020;West Lake;WSR+1;245/70R17.5 West Lake WSR+1 136/134M 3PMSF M+S FRONT;ciężarowe;All position;PEWNE;Oś kierowana
MO2_WL0181;West Lake;WSA2;235/75R17.5 West Lake WSA2 132/130M 3PMSF M+S FRONT;ciężarowe;All position;PEWNE;Oś kierowana
MO2_WL0172;West Lake;WSA2;385/55R22.5 West Lake WSA2 160K 3PMSF M+S FRONT;ciężarowe;All position;PEWNE;Oś kierowana
MO2_WL0169;West Lake;WSA2;315/80R22.5 West Lake WSA2 156/153L 3PMSF M+S FRONT;ciężarowe;All position;PEWNE;Oś kierowana
MO2_WL0168;West Lake;WSA2;315/70R22.5 West Lake WSA2 156/150L 3PMSF M+S FRONT;ciężarowe;All position;PEWNE;Oś kierowana
MO2_WL0119;West Lake;WSR+1;235/75R17.5 West Lake WSR+1 132/130M 3PMSF M+S FRONT;ciężarowe;All position;PEWNE;Oś kierowana
MO2_WL0117;West Lake;WSR+1;225/75R17.5 West Lake WSR+1 129/127M 3PMSF M+S FRONT;ciężarowe;All position;PEWNE;Oś kierowana
MO2_WL0112;West Lake;WSR+1;265/70R19.5 West Lake WSR+1 140/138M 3PMSF M+S FRONT;ciężarowe;All position;PEWNE;Oś kierowana
MO2_WL0111;West Lake;WSR+1;205/75R17.5 West Lake WSR+1 124/122M 3PMSF M+S FRONT;ciężarowe;All position;PEWNE;Oś kierowana
MO2_WL0049;West Lake;WSR1;385/65R22.5 West Lake WSR1 160K 3PMSF M+S FRONT;ciężarowe;All position;PEWNE;Oś kierowana
MO2_WL0047;West Lake;WSR1;315/80R22.5 West Lake WSR1 154/151M 3PMSF M+S FRONT;ciężarowe;All position;PEWNE;Oś kierowana
MO2_WL0046;West Lake;WSR1;315/70R22.5 West Lake WSR1 156/150L 3PMSF M+S FRONT;ciężarowe;All position;PEWNE;Oś kierowana
MO2_WL0044;West Lake;WSR1;295/80R22.5 West Lake WSR1 154/149M 3PMSF M+S FRONT;ciężarowe;All position;PEWNE;Oś kierowana
MO2_900383;West Lake;CR976A;275/80R22.5 West Lake CR976A 149/146M 3PMSF M+S FRONT;ciężarowe;All position;PEWNE;Oś kierowana
MO2_WL0916;West Lake;WSL2;315/60R22.5 West Lake WSL2 154L/150L 3PMSF M+S FRONT;ciężarowe;All position;WZORZEC;Oś kierowana
MO2_WL0758;West Lake;WTR PRO;385/65R22.5 West Lake WTR PRO 164K 3PMSF M+S;ciężarowe;All position;WZORZEC;Oś kierowana
MO2_WL0615;West Lake;WSL1;385/55R22.5 West Lake WSL1 158L/160K 3PMSF M+S FRONT;ciężarowe;All position;WZORZEC;Oś kierowana
MO2_WL0483;West Lake;WTX2;245/70R17.5 West Lake WTX2 143/141J 3PMSF M+S;ciężarowe;All position;WZORZEC;Oś kierowana
MO2_WL0476;West Lake;WTX2;265/70R19.5 West Lake WTX2 143/141J;ciężarowe;All position;WZORZEC;Oś kierowana
MO2_WL0329;West Lake;WTX1;245/70R17.5 West Lake WTX1 143/141J 3PMSF M+S;ciężarowe;All position;WZORZEC;Oś kierowana
MO2_WL0173;West Lake;WSL1;355/50R22.5 West Lake WSL1 156K 3PMSF M+S FRONT;ciężarowe;All position;WZORZEC;Oś kierowana
MO2_WL0170;West Lake;WTX1;265/70R19.5 West Lake WTX1 143/141J 3PMSF M+S;ciężarowe;All position;WZORZEC;Oś kierowana
MO2_WL0155;West Lake;WSL1;295/60R22.5 West Lake WSL1 150/147K 3PMSF M+S FRONT;ciężarowe;All position;WZORZEC;Oś kierowana
MO2_WL0120;West Lake;WTX1;205/65R17.5 West Lake WTX1 129/127J 3PMSF M+S;ciężarowe;All position;WZORZEC;Oś kierowana
MO2_WL0115;West Lake;WSL1;315/60R22.5 West Lake WSL1 154/150L 3PMSF M+S FRONT;ciężarowe;All position;WZORZEC;Oś kierowana
MO2_WL0109;West Lake;WTX1;215/75R17.5 West Lake WTX1 135/133J 3PMSF M+S;ciężarowe;All position;WZORZEC;Oś kierowana
MO2_WL0079;West Lake;WTX1;235/75R17.5 West Lake WTX1 143/141J 3PMSF M+S;ciężarowe;All position;WZORZEC;Oś kierowana
MO2_999908804;West Lake;WTX1;285/70R19.5 West Lake WTX1 150/148J 3PMSF M+S;ciężarowe;All position;WZORZEC;Oś kierowana
MO5_ACRR24036070DAAR0;Alliance;AGRISTAR II;360/70R24 Alliance AGRISTAR II 122D TL;rolnicze;Ciągnik;PEWNE;Ciągnik
MO3_5406530Aaii;Alliance;AGRISTAR II;540/65R30 Alliance AGRISTAR II 150D TL;rolnicze;Ciągnik;PEWNE;Ciągnik
MO3_2808520Aaii;Alliance;AGRISTAR II 85;280/85R20 Alliance AGRISTAR II 85 112D TL;rolnicze;Ciągnik;PEWNE;Ciągnik
MO3_4206520Aaii;Alliance;Agristar II;420/65R20 Alliance Agristar II 135D TL;rolnicze;Ciągnik;PEWNE;Ciągnik
MO3_3209042Aaii;Alliance;AGRISTAR II;320/90R42 Alliance AGRISTAR II 147D TL;rolnicze;Ciągnik;PEWNE;Ciągnik
MO3_4406524Aaii;Alliance;AGRISTAR II;440/65R24 Alliance AGRISTAR II 135D TL;rolnicze;Ciągnik;PEWNE;Ciągnik
MO3_4806528Aaii;Alliance;AGRISTAR II;480/65R28 Alliance AGRISTAR II 142D TL;rolnicze;Ciągnik;PEWNE;Ciągnik
MO3_5406528Aaii;Alliance;AGRISTAR II;540/65R28 Alliance AGRISTAR II 149D TL;rolnicze;Ciągnik;PEWNE;Ciągnik
MO3_4208046Aaii;Alliance;AGRISTAR II;420/80R46 Alliance AGRISTAR II 159D TL;rolnicze;Ciągnik;PEWNE;Ciągnik
MO3_6006528Aaii;Alliance;AGRISTAR II;600/65R28 Alliance AGRISTAR II 154D TL;rolnicze;Ciągnik;PEWNE;Ciągnik
MO3_6506538Aaii;Alliance;AGRISTAR II;650/65R38 Alliance AGRISTAR II 171D TL;rolnicze;Ciągnik;PEWNE;Ciągnik
MO3_6506542Aaii158;Alliance;AGRISTAR II;650/65R42 Alliance AGRISTAR II 158D TL;rolnicze;Ciągnik;PEWNE;Ciągnik
MO3_2607016AA-579109A8B;Alliance;A-579;260/70R16 Alliance A-579 109A8/106B TL;rolnicze;Ciągnik;PEWNE;Ciągnik
MO3_6508015AA-324;Alliance;6. A-324;50/80-15 Alliance 6. A-324 6PR TT;rolnicze;Ciągnik;PEWNE;Ciągnik
MO3_4208538Afpdemo;Alliance;FarmPro;420/85R38 Alliance FarmPro 144A8 TL demo;rolnicze;Ciągnik;PEWNE;Ciągnik
MO3_3808038Aaii;Alliance;AGRISTAR II 85;380/80R38 Alliance AGRISTAR II 85 142D TL;rolnicze;Ciągnik;PEWNE;Ciągnik
MO3_7107042Aaii;Alliance;AGRISTAR II 70;710/70R42 Alliance AGRISTAR II 70 173D TL;rolnicze;Ciągnik;PEWNE;Ciągnik
MO3_5208546Aaii;Alliance;AGRISTAR II 85;520/85R46 Alliance AGRISTAR II 85 158D TL;rolnicze;Ciągnik;PEWNE;Ciągnik
MO3_5207038Aaii;Alliance;AGRISTAR II 70;520/70R38 Alliance AGRISTAR II 70 150D TL;rolnicze;Ciągnik;PEWNE;Ciągnik
MO3_2808524Aaii;Alliance;AGRISTAR II 85;280/85R24 Alliance AGRISTAR II 85 115D TL;rolnicze;Ciągnik;PEWNE;Ciągnik
MO3_7107038Aaii;Alliance;AGRISTAR II 70;710/70R38 Alliance AGRISTAR II 70 172D TL;rolnicze;Ciągnik;PEWNE;Ciągnik
MO3_6007030Aaii;Alliance;AGRISTAR II 70;600/70R30 Alliance AGRISTAR II 70 152D TL;rolnicze;Ciągnik;PEWNE;Ciągnik
MO3_4207024Aaii;Alliance;AGRISTAR II 70;420/70R24 Alliance AGRISTAR II 70 130D TL;rolnicze;Ciągnik;PEWNE;Ciągnik
MO3_3808528Aaii;Alliance;AGRISTAR II 85;380/85R28 Alliance AGRISTAR II 85 133D TL;rolnicze;Ciągnik;PEWNE;Ciągnik
MO3_4208534Aaii;Alliance;AGRISTAR II 85;420/85R34 Alliance AGRISTAR II 85 142D TL;rolnicze;Ciągnik;PEWNE;Ciągnik
MO3_5807038Aaii;Alliance;AGRISTAR II 70;580/70R38 Alliance AGRISTAR II 70 155D TL;rolnicze;Ciągnik;PEWNE;Ciągnik
MO3_3208520Aaii;Alliance;AGRISTAR II 85;320/85R20 Alliance AGRISTAR II 85 119D TL;rolnicze;Ciągnik;PEWNE;Ciągnik
MO3_6007028Aaii;Alliance;AGRISTAR II 70;600/70R28 Alliance AGRISTAR II 70 161D TL;rolnicze;Ciągnik;PEWNE;Ciągnik
MO3_3408524Aaii;Alliance;AGRISTAR II 85;340/85R24 Alliance AGRISTAR II 85 125D TL;rolnicze;Ciągnik;PEWNE;Ciągnik
MO3_3807024Aaii;Alliance;AGRISTAR II 70;380/70R24 Alliance AGRISTAR II 70 125D TL;rolnicze;Ciągnik;PEWNE;Ciągnik
MO3_2808528Aaii;Alliance;AGRISTAR II 85;280/85R28 Alliance AGRISTAR II 85 118D TL;rolnicze;Ciągnik;PEWNE;Ciągnik
MO3_4807030Ademo;Alliance;FarmPro;480/70R30 Alliance FarmPro 141A8/141B TL demo;rolnicze;Ciągnik;PEWNE;Ciągnik
MO3_5208538Aaii;Alliance;AGRISTAR II 85;520/85R38 Alliance AGRISTAR II 85 155D TL;rolnicze;Ciągnik;PEWNE;Ciągnik
MO3_4207028Aaii;Alliance;AGRISTAR II 70;420/70R28 Alliance AGRISTAR II 70 133D TL;rolnicze;Ciągnik;PEWNE;Ciągnik
MO3_4807034Aaii;Alliance;AGRISTAR II 70;480/70R34 Alliance AGRISTAR II 70 143D TL;rolnicze;Ciągnik;PEWNE;Ciągnik
MO3_4208530Aaii;Alliance;AGRISTAR II 85;420/85R30 Alliance AGRISTAR II 85 140D TL;rolnicze;Ciągnik;PEWNE;Ciągnik
MO3_5807038Aaii3;Alliance;AGRISTAR II 70;580/70R38 Alliance AGRISTAR II 70 180D TL;rolnicze;Ciągnik;PEWNE;Ciągnik
MO3_6508538Aaii;Alliance;AGRISTAR II 85;650/85R38 Alliance AGRISTAR II 85 173D TL;rolnicze;Ciągnik;PEWNE;Ciągnik
MO3_5207034Aaii;Alliance;AGRISTAR II 70;520/70R34 Alliance AGRISTAR II 70 148D TL;rolnicze;Ciągnik;PEWNE;Ciągnik
MO3_2807018Aaii;Alliance;AGRISTAR II 70;280/70R18 Alliance AGRISTAR II 70 114D TL;rolnicze;Ciągnik;PEWNE;Ciągnik
MO3_3808524Aaii;Alliance;AGRISTAR II 85;380/85R24 Alliance AGRISTAR II 85 131D TL;rolnicze;Ciągnik;PEWNE;Ciągnik
MO3_3208532Aaii;Alliance;AGRISTAR II 85;320/85R32 Alliance AGRISTAR II 85 126D TL;rolnicze;Ciągnik;PEWNE;Ciągnik
MO3_4208538Aaii;Alliance;AGRISTAR II 85;420/85R38 Alliance AGRISTAR II 85 144D TL;rolnicze;Ciągnik;PEWNE;Ciągnik
MO3_4807030Aaii;Alliance;AGRISTAR II 70;480/70R30 Alliance AGRISTAR II 70 141D TL;rolnicze;Ciągnik;PEWNE;Ciągnik
MO3_4807028Aaii;Alliance;AGRISTAR II 70;480/70R28 Alliance AGRISTAR II 70 140D TL;rolnicze;Ciągnik;PEWNE;Ciągnik
MO3_6007030ademo;Alliance;AGRISTAR II 70;600/70R30 Alliance AGRISTAR II 70 152D TL;rolnicze;Ciągnik;PEWNE;Ciągnik
MO3_38090R54AAIIRC152D14;Alliance;AGRISTAR II RC;380/90R54 Alliance AGRISTAR II RC 152D/149E TL;rolnicze;Ciągnik;PEWNE;Ciągnik
MO3_27095R42AAIIRC140D13;Alliance;AGRISTAR II RC;270/95R42 Alliance AGRISTAR II RC 140D/137E TL;rolnicze;Ciągnik;PEWNE;Ciągnik
MO3_34085R46AAIIRC150D14;Alliance;AGRISTAR II RC;340/85R46 Alliance AGRISTAR II RC 150D/147E TL;rolnicze;Ciągnik;PEWNE;Ciągnik
MO3_30095R52AAIIRC149D14;Alliance;AGRISTAR II RC;300/95R52 Alliance AGRISTAR II RC 149D/146E TL;rolnicze;Ciągnik;PEWNE;Ciągnik
MO3_30095R46AAIIRC148D14;Alliance;AGRISTAR II RC;300/95R46 Alliance AGRISTAR II RC 148D/145E TL;rolnicze;Ciągnik;PEWNE;Ciągnik
MO3_27095R32AAIIRC136D13;Alliance;AGRISTAR II RC;270/95R32 Alliance AGRISTAR II RC 136D/133E TL;rolnicze;Ciągnik;PEWNE;Ciągnik
MO3_23095R36AAIIRC130D12;Alliance;AGRISTAR II RC;230/95R36 Alliance AGRISTAR II RC 130D/127E TL;rolnicze;Ciągnik;PEWNE;Ciągnik
MO3_27095R48AAIIRC142D13;Alliance;AGRISTAR II RC;270/95R48 Alliance AGRISTAR II RC 142D/139E TL;rolnicze;Ciągnik;PEWNE;Ciągnik
MO3_32090R46AAIIRC148D14;Alliance;AGRISTAR II RC;320/90R46 Alliance AGRISTAR II RC 148D/145E TL;rolnicze;Ciągnik;PEWNE;Ciągnik
MO3_23095R28AAIIRC110D10;Alliance;AGRISTAR II RC;230/95R28 Alliance AGRISTAR II RC 110D/107E TL;rolnicze;Ciągnik;PEWNE;Ciągnik
MO3_3807028Afpdemo;Alliance;FarmPro;380/70R28 Alliance FarmPro 127A8/127B TL demo;rolnicze;Ciągnik;PEWNE;Ciągnik
MO3_34085R48AAIIRC156D15;Alliance;AGRISTAR II RC;340/85R48 Alliance AGRISTAR II RC 156D/153E TL;rolnicze;Ciągnik;PEWNE;Ciągnik
MO3_32090R54AAIIRC151D14;Alliance;AGRISTAR II RC;320/90R54 Alliance AGRISTAR II RC 151D/148E TL;rolnicze;Ciągnik;PEWNE;Ciągnik
MO3_54065R34AAII145D;Alliance;Agristar II;540/65R34 Alliance Agristar II 145D TL;rolnicze;Ciągnik;PEWNE;Ciągnik
MO3_23095R42AAIIRC133D13;Alliance;AGRISTAR II RC;230/95R42 Alliance AGRISTAR II RC 133D/130E TL;rolnicze;Ciągnik;PEWNE;Ciągnik
MO3_4408030A;Alliance;I-550;440/80R30 Alliance I-550 157A8/153D TL;przemysłowe;Ciągnik;PEWNE;Ciągnik
MO3_4008028A;Alliance;I-550;400/80R28 Alliance I-550 151A8/146D TL;przemysłowe;Ciągnik;PEWNE;Ciągnik
MO3_4608538Aaii;Alliance;AGRISTAR II 85;460/85R38 Alliance AGRISTAR II 85 149D TL;rolnicze;Ciągnik;PEWNE;Ciągnik
MO3_4408034A;Alliance;I-550;440/80R34 Alliance I-550 159A8/155D TL;przemysłowe;Ciągnik;PEWNE;Ciągnik
MO3_3809046A-IN;Alliance;FarmPro;380/90R46 Alliance FarmPro 165A8/165B TL;rolnicze;Ciągnik;PEWNE;Ciągnik
MO2_84200310AL-IG;Alliance;FARM PRO RADIAL 90;14.9R46 Alliance FARM PRO RADIAL 90 165A8 TL;rolnicze;Ciągnik;PEWNE;Ciągnik
MO2_66900006AAL-IG;Alliance;AF 669;540/65-28 Alliance AF 669 155A8/152A8 TL;leśne;Ciągnik;PEWNE;Ciągnik
MO2_66900005AL-IN;Alliance;AF 669;650/65-38 Alliance AF 669 171A8/168B TL;leśne;Ciągnik;PEWNE;Ciągnik
MO2_66900004AL-IN;Alliance;AF 669;600/65-38 Alliance AF 669 159A8/156B;leśne;Ciągnik;PEWNE;Ciągnik
MO2_66900003AL-IN;Alliance;AF 669;600/65-34 Alliance AF 669 160A8/157B TL;leśne;Ciągnik;PEWNE;Ciągnik
MO2_66900002AL-IN;Alliance;AF 669;600/65-34 Alliance AF 669 157A8/154B TL;leśne;Ciągnik;PEWNE;Ciągnik
MO2_57024008AL-IN;Alliance;570;19.5R24 Alliance 570 156A8/153B TL;przemysłowe;Ciągnik;PEWNE;Ciągnik
MO2_57020300AL-IN;Alliance;570;17.5-24 Alliance 570 12PR TL;rolnicze;Ciągnik;PEWNE;Ciągnik
MO2_57020300AL-IG;Alliance;570;17.5-24 Alliance 570 12PR TL;przemysłowe;Ciągnik;PEWNE;Ciągnik
MO2_57020150AL-IN;Alliance;570;17.5R24 Alliance 570 159A8/159B TL;rolnicze;Ciągnik;PEWNE;Ciągnik
MO2_55002610AL-IN;Alliance;550 MULTIUSE;440/80R28 Alliance 550 MULTIUSE 156A8/151D TL;przemysłowe;Ciągnik;PEWNE;Ciągnik
MO2_55002475;Alliance;550;420/65R24 Alliance 550 151A8/146D TL;rolnicze;Ciągnik;PEWNE;Ciągnik
MO2_55001615AL;Alliance;550;340/80R24 Alliance 550 140A8/135D TL;rolnicze;Ciągnik;PEWNE;Ciągnik
MO2_49000002AL-IG;Alliance;AGRISTAR II;420/90R30 Alliance AGRISTAR II 147D TL;rolnicze;Ciągnik;PEWNE;Ciągnik
MO2_49000001AL-IG;Alliance;AGRISTAR II;12.4R42 Alliance AGRISTAR II 147D TL;rolnicze;Ciągnik;PEWNE;Ciągnik
MO2_48504730AL-IG;Alliance;AGRISTAR II;16.9R34 Alliance AGRISTAR II 147D TL;rolnicze;Ciągnik;PEWNE;Ciągnik
MO2_48500361AL-IG;Alliance;AGRISTAR II;20.8R46 Alliance AGRISTAR II 169D/173A8 TL;rolnicze;Ciągnik;PEWNE;Ciągnik
MO2_48500360AL-IG;Alliance;AGRISTAR II;20.8R46 Alliance AGRISTAR II 158D TL;rolnicze;Ciągnik;PEWNE;Ciągnik
MO2_48500334AL-IG;Alliance;AGRISTAR II;20.8R42 Alliance AGRISTAR II 169D TL;rolnicze;Ciągnik;PEWNE;Ciągnik
MO2_48500325AL-IG;Alliance;AGRISTAR II;18.4R42 Alliance AGRISTAR II 151D TL;rolnicze;Ciągnik;PEWNE;Ciągnik
MO2_48500301AL-IN;Alliance;AGRISTAR II;20.8R38 Alliance AGRISTAR II 169D TL;rolnicze;Ciągnik;PEWNE;Ciągnik
MO2_48500301AL-IG;Alliance;AGRISTAR II;20.8R38 Alliance AGRISTAR II 169D TL;rolnicze;Ciągnik;PEWNE;Ciągnik
MO2_48500300AL-IG;Alliance;AGRISTAR II;20.8R38 Alliance AGRISTAR II 155D TL;rolnicze;Ciągnik;PEWNE;Ciągnik
MO2_48500264AL-IN;Alliance;AGRISTAR II;480/80R50 Alliance AGRISTAR II 159D TL;rolnicze;Ciągnik;PEWNE;Ciągnik
MO2_48500260AL-IG;Alliance;AGRISTAR II;18.4R46 Alliance AGRISTAR II 158D TL;rolnicze;Ciągnik;PEWNE;Ciągnik
MO2_48500200AL-IG;Alliance;AGRISTAR II;16.9R30 Alliance AGRISTAR II 140D TL;rolnicze;Ciągnik;PEWNE;Ciągnik
MO2_48500190AL-IG;Alliance;AGRISTAR II;16.9R28 Alliance AGRISTAR II 139D TL;rolnicze;Ciągnik;PEWNE;Ciągnik
MO2_48500167AL-IG;Alliance;AGRISTAR II;18.4R38 Alliance AGRISTAR II 167D TL;rolnicze;Ciągnik;PEWNE;Ciągnik
MO2_48500165AL-IG;Alliance;AGRISTAR II;16.9R24 Alliance AGRISTAR II 137D TL;rolnicze;Ciągnik;PEWNE;Ciągnik
MO2_48500151AL-IG;Alliance;AGRISTAR II;18.4R34 Alliance AGRISTAR II 157D TL;rolnicze;Ciągnik;PEWNE;Ciągnik
MO2_48500140AL-AP;Alliance;AGRISTAR II;18.4R30 Alliance AGRISTAR II 145D TL;rolnicze;Ciągnik;PEWNE;Ciągnik
MO2_48500130AL-IG;Alliance;AGRISTAR II;16.9R38 Alliance AGRISTAR II 144D TL;rolnicze;Ciągnik;PEWNE;Ciągnik
MO2_48500125AL-IG;Alliance;AGRISTAR II;650/85R38 Alliance AGRISTAR II 173D TL;rolnicze;Ciągnik;PEWNE;Ciągnik
MO2_48500120AL-IG;Alliance;AGRISTAR II;380/80R38 Alliance AGRISTAR II 142D TL;rolnicze;Ciągnik;PEWNE;Ciągnik
MO2_48500110AL-IG;Alliance;AGRISTAR II;20.8R42 Alliance AGRISTAR II 157D TL;rolnicze;Ciągnik;PEWNE;Ciągnik
MO2_48500106AL-IG;Alliance;AGRISTAR II;11.2R20 Alliance AGRISTAR II 112D TL;rolnicze;Ciągnik;PEWNE;Ciągnik
MO2_48500104AL-IG;Alliance;AGRISTAR II;16.9R46 Alliance AGRISTAR II 159D TL;rolnicze;Ciągnik;PEWNE;Ciągnik
MO2_48500103AL-IG;Alliance;AGRISTAR II;320/85R34 Alliance AGRISTAR II 133D TL;rolnicze;Ciągnik;PEWNE;Ciągnik
MO2_48500101AL-IG;Alliance;AGRISTAR II;12.4R24 Alliance AGRISTAR II 142D TL;rolnicze;Ciągnik;PEWNE;Ciągnik
MO2_48500100AL-IG;Alliance;AGRISTAR II;16.9R34 Alliance AGRISTAR II 142D TL;rolnicze;Ciągnik;PEWNE;Ciągnik
MO2_48500070AL-IG;Alliance;AGRISTAR II;14.9R28 Alliance AGRISTAR II 133D TL;rolnicze;Ciągnik;PEWNE;Ciągnik
MO2_48500048AL-IG;Alliance;AGRISTAR II;13.6R38 Alliance AGRISTAR II 151D TL;rolnicze;Ciągnik;PEWNE;Ciągnik
MO2_48500047AL-IG;Alliance;AGRISTAR II;14.9R24 Alliance AGRISTAR II 131D TL;rolnicze;Ciągnik;PEWNE;Ciągnik
MO2_48500046AL-IG;Alliance;AGRISTAR II;13.6R38 Alliance AGRISTAR II 133D TL;rolnicze;Ciągnik;PEWNE;Ciągnik
MO2_48500044AL-IG;Alliance;AGRISTAR II;13.6R36 Alliance AGRISTAR II 132D TL;rolnicze;Ciągnik;PEWNE;Ciągnik
MO2_48500040AL-IG;Alliance;AGRISTAR II;13.6R28 Alliance AGRISTAR II 127D TL;rolnicze;Ciągnik;PEWNE;Ciągnik
MO2_48500038AL-IG;Alliance;AGRISTAR II;9.5R24 Alliance AGRISTAR II 109D TL;rolnicze;Ciągnik;PEWNE;Ciągnik
MO2_48500037AL-IG;Alliance;AGRISTAR II;14.9R34 Alliance AGRISTAR II 137D TL;rolnicze;Ciągnik;PEWNE;Ciągnik
MO2_48500035AL-IG;Alliance;AGRISTAR II;13.6R24 Alliance AGRISTAR II 125D TL;rolnicze;Ciągnik;PEWNE;Ciągnik
MO2_48500033AL-IG;Alliance;AGRISTAR II;12.4R36 Alliance AGRISTAR II 128D TL;rolnicze;Ciągnik;PEWNE;Ciągnik
MO2_48500032AL-IG;Alliance;AGRISTAR II;12.4R32 Alliance AGRISTAR II 126D TL;rolnicze;Ciągnik;PEWNE;Ciągnik
MO2_48500031AL-IG;Alliance;AGRISTAR II;12.4R38 Alliance AGRISTAR II 143D TL;rolnicze;Ciągnik;PEWNE;Ciągnik
MO2_48500026AL-IG;Alliance;AGRISTAR II;12.4R28 Alliance AGRISTAR II 124D TL;rolnicze;Ciągnik;PEWNE;Ciągnik
MO2_48500025AL-IG;Alliance;AGRISTAR II;12.4R24 Alliance AGRISTAR II 122D TL;rolnicze;Ciągnik;PEWNE;Ciągnik
MO2_48500022AL-IG;Alliance;AGRISTAR II;12.4R20 Alliance AGRISTAR II 119D TL;rolnicze;Ciągnik;PEWNE;Ciągnik
MO2_48500021AL-IG;Alliance;AGRISTAR II;11.2R28 Alliance AGRISTAR II 118D TL;rolnicze;Ciągnik;PEWNE;Ciągnik
MO2_48500020AL-IG;Alliance;AGRISTAR II;11.2R24 Alliance AGRISTAR II 115D TL;rolnicze;Ciągnik;PEWNE;Ciągnik
MO2_48500001AL-IG;Alliance;AGRISTAR II;12.4R36 Alliance AGRISTAR II 147D TL;rolnicze;Ciągnik;PEWNE;Ciągnik
MO2_47025034AL-IN;Alliance;AGRISTAR II;520/70R34 Alliance AGRISTAR II 168D TL;rolnicze;Ciągnik;PEWNE;Ciągnik
MO2_47025030AL-IN;Alliance;AGRISTAR II;480/70R30 Alliance AGRISTAR II 150D TL;rolnicze;Ciągnik;PEWNE;Ciągnik
MO2_47002588AL-IN;Alliance;AGRISTAR II;710/70R38 Alliance AGRISTAR II 178D TL;rolnicze;Ciągnik;PEWNE;Ciągnik
MO2_47001541AL-IN;Alliance;AGRISTAR II;480/70R34 Alliance AGRISTAR II 155D TL;rolnicze;Ciągnik;PEWNE;Ciągnik
MO2_47000047AL-IN;Alliance;AGRISTAR II;240/70R16 Alliance AGRISTAR II 104D TL;rolnicze;Ciągnik;PEWNE;Ciągnik
MO2_47000044AL-IG;Alliance;AGRISTAR II;800/70R38 Alliance AGRISTAR II 173D TL;rolnicze;Ciągnik;PEWNE;Ciągnik
MO2_47000043AL-IN;Alliance;AGRISTAR II;360/70R28 Alliance AGRISTAR II 125D TL;rolnicze;Ciągnik;PEWNE;Ciągnik
MO2_47000041AL-IN;Alliance;AGRISTAR II;520/70R34 Alliance AGRISTAR II 148D TL;rolnicze;Ciągnik;PEWNE;Ciągnik
MO2_47000040AL-IN;Alliance;AGRISTAR II;710/70R38 Alliance AGRISTAR II 172D TL;rolnicze;Ciągnik;PEWNE;Ciągnik
MO2_47000038AL-IN;Alliance;AGRISTAR II;480/70R38 Alliance AGRISTAR II 145D TL;rolnicze;Ciągnik;PEWNE;Ciągnik
MO2_47000035AL-IN;Alliance;AGRISTAR II;360/70R20 Alliance AGRISTAR II 129D TL;rolnicze;Ciągnik;PEWNE;Ciągnik
MO2_47000033AL-IN;Alliance;AGRISTAR II;280/70R20 Alliance AGRISTAR II 116D TL;rolnicze;Ciągnik;PEWNE;Ciągnik
MO2_47000032AL-IN;Alliance;AGRISTAR II;480/70R30 Alliance AGRISTAR II 141D TL;rolnicze;Ciągnik;PEWNE;Ciągnik
MO2_47000031AL-IN;Alliance;AGRISTAR II;580/70R38 Alliance AGRISTAR II 155D TL;rolnicze;Ciągnik;PEWNE;Ciągnik
MO2_47000030AL-IN;Alliance;AGRISTAR II;380/70R28 Alliance AGRISTAR II 127D TL;rolnicze;Ciągnik;PEWNE;Ciągnik
MO2_47000029AL-IN;Alliance;AGRISTAR II;480/70R28 Alliance AGRISTAR II 140D TL;rolnicze;Ciągnik;PEWNE;Ciągnik
MO2_47000028AL-IN;Alliance;AGRISTAR II;480/70R34 Alliance AGRISTAR II 143D TL;rolnicze;Ciągnik;PEWNE;Ciągnik
MO2_47000027AL-IN;Alliance;AGRISTAR II;300/70R20 Alliance AGRISTAR II 120D TL;rolnicze;Ciągnik;PEWNE;Ciągnik
MO2_47000026AL-IN;Alliance;AGRISTAR II;360/70R24 Alliance AGRISTAR II 122D TL;rolnicze;Ciągnik;PEWNE;Ciągnik
MO2_47000025AL-IN;Alliance;AGRISTAR II;480/70R28 Alliance AGRISTAR II 151D TL;rolnicze;Ciągnik;PEWNE;Ciągnik
MO2_47000022AL-IN;Alliance;AGRISTAR II;600/70R28 Alliance AGRISTAR II 161D TL;rolnicze;Ciągnik;PEWNE;Ciągnik
MO2_47000018AL-AP;Alliance;AGRISTAR II;480/70R30 Alliance AGRISTAR II 156D TL;rolnicze;Ciągnik;PEWNE;Ciągnik
MO2_47000013AL-IN;Alliance;AGRISTAR II;480/70R24 Alliance AGRISTAR II 138D TL;rolnicze;Ciągnik;PEWNE;Ciągnik
MO2_47000011AL-IN;Alliance;AGRISTAR II;580/70R38 Alliance AGRISTAR II 180D TL;rolnicze;Ciągnik;PEWNE;Ciągnik
MO2_47000009AL-IN;Alliance;AGRISTAR II;420/70R30 Alliance AGRISTAR II 134D TL;rolnicze;Ciągnik;PEWNE;Ciągnik
MO2_47000007AL-IN;Alliance;AGRISTAR II;600/70R30 Alliance AGRISTAR II 152D TL;rolnicze;Ciągnik;PEWNE;Ciągnik
MO2_47000006AL-IN;Alliance;AGRISTAR II;710/70R42 Alliance AGRISTAR II 173D TL;rolnicze;Ciągnik;PEWNE;Ciągnik
MO2_47000005AL-IN;Alliance;AGRISTAR II;420/70R24 Alliance AGRISTAR II 130D TL;rolnicze;Ciągnik;PEWNE;Ciągnik
MO2_47000004AL-IN;Alliance;AGRISTAR II;520/70R38 Alliance AGRISTAR II 150D TL;rolnicze;Ciągnik;PEWNE;Ciągnik
MO2_47000003AL-IN;Alliance;AGRISTAR II;280/70R16 Alliance AGRISTAR II 112D TL;rolnicze;Ciągnik;PEWNE;Ciągnik
MO2_47000002AL-IN;Alliance;AGRISTAR II;420/70R28 Alliance AGRISTAR II 133D TL;rolnicze;Ciągnik;PEWNE;Ciągnik
MO2_47000001AL-IN;Alliance;AGRISTAR II;380/70R24 Alliance AGRISTAR II 125D TL;rolnicze;Ciągnik;PEWNE;Ciągnik
MO2_47000000AL-IN;Alliance;AGRISTAR II;280/70R18 Alliance AGRISTAR II 114D TL;rolnicze;Ciągnik;PEWNE;Ciągnik
MO2_46500027AL-AP;Alliance;AGRISTAR II;650/65R38 Alliance AGRISTAR II 157D TL;rolnicze;Ciągnik;PEWNE;Ciągnik
MO2_46500026AL-AP;Alliance;AGRISTAR II;540/65R30 Alliance AGRISTAR II 150D TL;rolnicze;Ciągnik;PEWNE;Ciągnik
MO2_46500024AL-AP;Alliance;AGRISTAR II;320/65R16 Alliance AGRISTAR II 117D TL;rolnicze;Ciągnik;PEWNE;Ciągnik
MO2_46500021AL-AP;Alliance;AGRISTAR II;600/65R38 Alliance AGRISTAR II 159D TL;rolnicze;Ciągnik;PEWNE;Ciągnik
MO2_46500020AL-AP;Alliance;AGRISTAR II;420/65R20 Alliance AGRISTAR II 135D TL;rolnicze;Ciągnik;PEWNE;Ciągnik
MO2_46500019AL-AP;Alliance;AGRISTAR II;420/65R24 Alliance AGRISTAR II 138D TL;rolnicze;Ciągnik;PEWNE;Ciągnik
MO2_46500018AL-AP;Alliance;AGRISTAR II;600/65R34 Alliance AGRISTAR II 157D TL;rolnicze;Ciągnik;PEWNE;Ciągnik
MO2_46500017AL-AP;Alliance;AGRISTAR II;440/65R24 Alliance AGRISTAR II 135D TL;rolnicze;Ciągnik;PEWNE;Ciągnik
MO2_46500015AL-AP;Alliance;AGRISTAR II;540/65R34 Alliance AGRISTAR II 145D TL;rolnicze;Ciągnik;PEWNE;Ciągnik
MO2_46500014AL-AP;Alliance;AGRISTAR II;480/65R24 Alliance AGRISTAR II 140D TL;rolnicze;Ciągnik;PEWNE;Ciągnik
MO2_46500012AL-AP;Alliance;AGRISTAR II;480/65R28 Alliance AGRISTAR II 142D TL;rolnicze;Ciągnik;PEWNE;Ciągnik
MO2_46500011AL-AP;Alliance;AGRISTAR II;540/65R24 Alliance AGRISTAR II 146D TL;rolnicze;Ciągnik;PEWNE;Ciągnik
MO2_46500010AL-AP;Alliance;AGRISTAR II;650/65R42 Alliance AGRISTAR II 158D TL;rolnicze;Ciągnik;PEWNE;Ciągnik
MO2_46500008AL-AP;Alliance;AGRISTAR II;540/65R34 Alliance AGRISTAR II 152D TL;rolnicze;Ciągnik;PEWNE;Ciągnik
MO2_46500007AL-AP;Alliance;AGRISTAR II;540/65R38 Alliance AGRISTAR II 153D TL;rolnicze;Ciągnik;PEWNE;Ciągnik
MO2_46500006AL-AP;Alliance;AGRISTAR II;600/65R28 Alliance AGRISTAR II 154D TL;rolnicze;Ciągnik;PEWNE;Ciągnik
MO2_46500004AL-AP;Alliance;AGRISTAR II;650/65R38 Alliance AGRISTAR II 171D TL;rolnicze;Ciągnik;PEWNE;Ciągnik
MO2_46500003AL-AP;Alliance;AGRISTAR II;650/65R42 Alliance AGRISTAR II 170D TL;rolnicze;Ciągnik;PEWNE;Ciągnik
MO2_46500002AL-IG;Alliance;AGRISTAR II;540/65R28 Alliance AGRISTAR II 149D TL;rolnicze;Ciągnik;PEWNE;Ciągnik
MO2_45045028AL-IN;Alliance;AGRISTAR II RC;9.5R42 Alliance AGRISTAR II RC 133D/130E TL;rolnicze;Ciągnik;PEWNE;Ciągnik
MO2_45045024AL-AP;Alliance;AGRISTAR II RC;380/105R50 Alliance AGRISTAR II RC 168D/165E TL;rolnicze;Ciągnik;PEWNE;Ciągnik
MO2_45045023AL-IN;Alliance;AGRISTAR II RC;8.3R32 Alliance AGRISTAR II RC 117D/114E TL;rolnicze;Ciągnik;PEWNE;Ciągnik
MO2_45045021AL-AP;Alliance;AGRISTAR II RC;11.2R36 Alliance AGRISTAR II RC 139D/136E TL;rolnicze;Ciągnik;PEWNE;Ciągnik
MO2_45045017AL-AP;Alliance;AGRISTAR II RC;13.6R46 Alliance AGRISTAR II RC 150D/147E TL;rolnicze;Ciągnik;PEWNE;Ciągnik
MO2_45045016AL-IN;Alliance;AGRISTAR II RC;11.2R44 Alliance AGRISTAR II RC 142D/139E TL;rolnicze;Ciągnik;PEWNE;Ciągnik
MO2_45045014AL-IN;Alliance;AGRISTAR II RC;230/95R48 Alliance AGRISTAR II RC 136D/133E TL;rolnicze;Ciągnik;PEWNE;Ciągnik
MO2_45045012AL-AP;Alliance;AGRISTAR II RC;11.2R42 Alliance AGRISTAR II RC 140D/137E TL;rolnicze;Ciągnik;PEWNE;Ciągnik
MO2_45045009AL-AP;Alliance;AGRISTAR II RC;13.6R48 Alliance AGRISTAR II RC 156D/153E TL;rolnicze;Ciągnik;PEWNE;Ciągnik
MO2_45045005AL-IN;Alliance;AGRISTAR II RC;9.5R44 Alliance AGRISTAR II RC 134D/131E TL;rolnicze;Ciągnik;PEWNE;Ciągnik
MO2_45045004AL-AP;Alliance;AGRISTAR II RC;11.2R32 Alliance AGRISTAR II RC 136D/133E TL;rolnicze;Ciągnik;PEWNE;Ciągnik
MO2_45045001AL-IN;Alliance;AGRISTAR II RC;9.5R32 Alliance AGRISTAR II RC 128D/125E TL;rolnicze;Ciągnik;PEWNE;Ciągnik
MO2_42400115AL-IG;Alliance;AGRI NOVA;15.5/80-24 Alliance AGRI NOVA 157A8 12PR TL;przemysłowe;Ciągnik;PEWNE;Ciągnik
MO2_42400114AL-IG;Alliance;AGRI NOVA;15.5/80-24 Alliance AGRI NOVA 163A8 16PR TL;przemysłowe;Ciągnik;PEWNE;Ciągnik
MO2_42400111AL-IG;Alliance;AGRI NOVA;13.6-24 Alliance AGRI NOVA 123A8 8PR TT;rolnicze;Ciągnik;PEWNE;Ciągnik
MO2_42400104AL-IG;Alliance;AGRI NOVA;8.3-24 Alliance AGRI NOVA 105A8 8PR TT;rolnicze;Ciągnik;PEWNE;Ciągnik
MO2_42400103AL-IN;Alliance;AGRI NOVA;14.9-28 Alliance AGRI NOVA 130A8 TL;rolnicze;Ciągnik;PEWNE;Ciągnik
MO2_42400097AL-IG;Alliance;AGRI NOVA;18.4-34 Alliance AGRI NOVA 142A8 8PR TT;rolnicze;Ciągnik;PEWNE;Ciągnik
MO2_42400093AL-IG;Alliance;AGRI NOVA;18.4-34 Alliance AGRI NOVA 153A8 14PR TT;rolnicze;Ciągnik;PEWNE;Ciągnik
MO2_42400070AL-IN;Alliance;AGRI NOVA;5.00-12 Alliance AGRI NOVA 72A6 6PR TT;rolnicze;Ciągnik;PEWNE;Ciągnik
MO2_42400061AL-IG;Alliance;AGRI NOVA;9.5-22 Alliance AGRI NOVA 8PPR/106A8 TL;rolnicze;Ciągnik;PEWNE;Ciągnik
MO2_42400056AL-IN;Alliance;AGRI NOVA;80-15 Alliance AGRI NOVA 98A6 6PR TT;rolnicze;Ciągnik;PEWNE;Ciągnik
MO2_42400049AL-IG;Alliance;AGRI NOVA;8.25-16 Alliance AGRI NOVA 98A6 6PR TT;rolnicze;Ciągnik;PEWNE;Ciągnik
MO2_42400038AAL-IN;Alliance;AGRI NOVA;16.9-28 Alliance AGRI NOVA 135A8 8PR TT;rolnicze;Ciągnik;PEWNE;Ciągnik
MO2_42400033AL-IG;Alliance;AGRI NOVA;13.6-24 Alliance AGRI NOVA 130A8 12PR TT;rolnicze;Ciągnik;PEWNE;Ciągnik
MO2_42400015AL-IG;Alliance;AGRI NOVA;15.5-38 Alliance AGRI NOVA 141A8 12PR TT;rolnicze;Ciągnik;PEWNE;Ciągnik
MO2_37350012AL-AP;Alliance;Agriflex 373 + STUBBLE GUARD;VF710/70R42 Alliance Agriflex 373 + STUBBLE GUARD 188D TL;rolnicze;Ciągnik;PEWNE;Ciągnik
MO2_37350010AL-IG;Alliance;Agriflex 373 + STUBBLE GUARD;VF480/70R28 Alliance Agriflex 373 + STUBBLE GUARD 160D TL;rolnicze;Ciągnik;PEWNE;Ciągnik
MO2_37301018AL-IG;Alliance;373 VIBROFARM;420/70R24 Alliance 373 VIBROFARM 146D TL;rolnicze;Ciągnik;PEWNE;Ciągnik
MO2_37057100AL;Alliance;370;580/70R42 Alliance 370 158A8/158B TL;rolnicze;Ciągnik;PEWNE;Ciągnik
MO2_37052109AL;Alliance;370;520/70-34 Alliance 370 154A8/151B;leśne;Ciągnik;PEWNE;Ciągnik
MO2_37046511AL;Alliance;370;420/70-28 Alliance 370 140A8 14PR TL;leśne;Ciągnik;PEWNE;Ciągnik
MO2_37045111AL;Alliance;370;380/70-28 Alliance 370 138A8/134B;leśne;Ciągnik;PEWNE;Ciągnik
MO2_36550120;Alliance;365 AGRISTAR;600/65R30 Alliance 365 AGRISTAR 149D TL;rolnicze;Ciągnik;PEWNE;Ciągnik
MO2_36518400AL-INATC;Alliance;365 AGRISTAR;540/65R30 Alliance 365 AGRISTAR 150D/153A8 TL;rolnicze;Ciągnik;PEWNE;Ciągnik
MO2_36516710AL-IN;Alliance;365 AGRISTAR;440/65R28 Alliance 365 AGRISTAR 138D/141A8 TL;rolnicze;Ciągnik;PEWNE;Ciągnik
MO2_36300042AL-AP;Alliance;Agriflex 363 + XT;VF320/90R50 Alliance Agriflex 363 + XT 166D TL;rolnicze;Ciągnik;PEWNE;Ciągnik
MO2_35450000AL-IG;Alliance;Agriflex 354 +;VF420/80R46 Alliance Agriflex 354 + 172D TL;rolnicze;Ciągnik;PEWNE;Ciągnik
MO2_35400258AL-IG;Alliance;Agriflex 354 +;IF380/85R46 Alliance Agriflex 354 + 162D TL;rolnicze;Ciągnik;PEWNE;Ciągnik
MO2_35400036AL;Alliance;Agriflex 354 +;VF320/90R54 Alliance Agriflex 354 + 168D TL;rolnicze;Ciągnik;PEWNE;Ciągnik
MO2_34710051AL-IN;Alliance;347;20.8-38 Alliance 347 14PR TT;rolnicze;Ciągnik;PEWNE;Ciągnik
MO2_34710014AL-IN;Alliance;347;18.4-38 Alliance 347 14PR TT;rolnicze;Ciągnik;PEWNE;Ciągnik
MO2_34702227AL-IN;Alliance;347;23.1-26 Alliance 347 16PR TL;rolnicze;Ciągnik;PEWNE;Ciągnik
MO2_34702220AL-IN;Alliance;347;23.1-26 Alliance 347 16PR TT;rolnicze;Ciągnik;PEWNE;Ciągnik
MO2_33303003AL-IN;Alliance;AF 333;13.6-24 Alliance AF 333 128A8/125B TL;rolnicze;Ciągnik;PEWNE;Ciągnik
MO2_33300146AL-IN;Alliance;AF-333;16.9-34 Alliance AF-333 147A8 TL;leśne;Ciągnik;PEWNE;Ciągnik
MO2_33300138AL-IN;Alliance;AF-333;18.4R30 Alliance AF-333 155A8/152B TL;rolnicze;Ciągnik;PEWNE;Ciągnik
MO2_33300128AL-IN;Alliance;AF 333;420/85-30 Alliance AF 333 150A8/147B TL;leśne;Ciągnik;PEWNE;Ciągnik
MO2_33300012AL-IN;Alliance;AF-333;12.4-24 Alliance AF-333 14PR TL;leśne;Ciągnik;PEWNE;Ciągnik
MO2_32700265AL-IN;Alliance;327 FARMPRO IMPLEMENT;19.0/45-17 Alliance 327 FARMPRO IMPLEMENT 149A8/136A8 TL;rolnicze;Ciągnik;PEWNE;Ciągnik
MO2_32700112AL-IN;Alliance;327 FARMPRO IMPLEMENT;12.5/80-18 Alliance 327 FARMPRO IMPLEMENT 12PR TL;rolnicze;Ciągnik;PEWNE;Ciągnik
MO2_32470010FP-IN;Alliance;324 FARM PRO;18.4-26 Alliance 324 FARM PRO 12PR TL;rolnicze;Ciągnik;PEWNE;Ciągnik
MO2_32453011FP-IG;Alliance;324 FARM PRO;15.5-38 Alliance 324 FARM PRO 12PR TT;rolnicze;Ciągnik;PEWNE;Ciągnik
MO2_32422150FP-IG;Alliance;324 FARM PRO;18.4-38 Alliance 324 FARM PRO 143A8 TT;rolnicze;Ciągnik;PEWNE;Ciągnik
MO2_32414002FP-IG;Alliance;324 FARM PRO;14.9-28 Alliance 324 FARM PRO 8PR TT;rolnicze;Ciągnik;PEWNE;Ciągnik
MO2_32412860FP-IG;Alliance;324 FARM PRO;13.6-36 Alliance 324 FARM PRO 8PR TL;rolnicze;Ciągnik;PEWNE;Ciągnik
MO2_32412520FP-IG;Alliance;324 FARM PRO;12.4-28 Alliance 324 FARM PRO 8PR TT;rolnicze;Ciągnik;PEWNE;Ciągnik
MO2_32406112FP-IG;Alliance;324 FARM PRO;13.6-24 Alliance 324 FARM PRO 8PR TT;rolnicze;Ciągnik;PEWNE;Ciągnik
MO2_32405808FP-IG;Alliance;324 FARM PRO;9.5-24 Alliance 324 FARM PRO 8PR TT;rolnicze;Ciągnik;PEWNE;Ciągnik
MO2_32400720FP-IG;Alliance;324 FARM PRO;16.9-38 Alliance 324 FARM PRO 8PR TL;rolnicze;Ciągnik;PEWNE;Ciągnik
MO2_3071380904610009;Alliance;AGRISTAR II RC;14.9R46 Alliance AGRISTAR II RC 173D/170E TL;rolnicze;Ciągnik;PEWNE;Ciągnik
MO2_152.28.812;Alliance;AGRISTAR II;280/70R20 Alliance AGRISTAR II 116D TL;rolnicze;Ciągnik;PEWNE;Ciągnik
MO2_152.28.692;Alliance;AGRISTAR II;16.9R34 Alliance AGRISTAR II 147D TL;rolnicze;Ciągnik;PEWNE;Ciągnik
MO2_152.28.691;Alliance;AGRISTAR II;16.9R34 Alliance AGRISTAR II 142D TL;rolnicze;Ciągnik;PEWNE;Ciągnik
MO2_10000674;Alliance;AGRISTAR II;210/95R16 Alliance AGRISTAR II 106D TL;rolnicze;Ciągnik;PEWNE;Ciągnik
MO1_71970103;Alliance;FARMPRO 303;6.50-16 Alliance FARMPRO 303 6PR TT;rolnicze;Ciągnik;PEWNE;Ciągnik
MO1_15284098;Alliance;Multiuse 550;480/80R30 Alliance Multiuse 550 162A8/157D SB TL;rolnicze;Ciągnik;PEWNE;Ciągnik
MO1_15228925;Alliance;Agri Star II;710/70R42 Alliance Agri Star II 173D Stubble Guard TL;rolnicze;Ciągnik;PEWNE;Ciągnik
MO1_15228915;Alliance;Agri Star II;710/70R38 Alliance Agri Star II 172D Stubble Guard TL;rolnicze;Ciągnik;PEWNE;Ciągnik
MO1_15228912;Alliance;Agri Star II;580/70R38 Alliance Agri Star II 180D Stubble Guard TL;rolnicze;Ciągnik;PEWNE;Ciągnik
MO1_15228900;Alliance;Agri Star II;520/70R38 Alliance Agri Star II 150D Stubble Guard TL;rolnicze;Ciągnik;PEWNE;Ciągnik
MO1_15228890;Alliance;Agri Star II;480/70R38 Alliance Agri Star II 145D Stubble Guard TL;rolnicze;Ciągnik;PEWNE;Ciągnik
MO1_15228881;Alliance;Agri Star II;520/70R34 Alliance Agri Star II 148D Stubble Guard TL;rolnicze;Ciągnik;PEWNE;Ciągnik
MO1_15228879;Alliance;Agri Star II;480/70R34 Alliance Agri Star II 143D Stubble Guard TL;rolnicze;Ciągnik;PEWNE;Ciągnik
MO1_15228875;Alliance;Agri Star II;600/70R30 Alliance Agri Star II 152D Stubble Guard TL;rolnicze;Ciągnik;PEWNE;Ciągnik
MO1_15228865;Alliance;Agri Star II;480/70R30 Alliance Agri Star II 156D TL;rolnicze;Ciągnik;PEWNE;Ciągnik
MO1_15228864;Alliance;Agri Star II;480/70R30 Alliance Agri Star II 141D TL;rolnicze;Ciągnik;PEWNE;Ciągnik
MO1_15228860;Alliance;Agri Star II;420/70R30 Alliance Agri Star II 134D Stubble Guard TL;rolnicze;Ciągnik;PEWNE;Ciągnik
MO1_15228850;Alliance;Agri Star II;600/70R28 Alliance Agri Star II 161D Stubble Guard TL;rolnicze;Ciągnik;PEWNE;Ciągnik
MO1_15228847;Alliance;Agri Star II;480/70R28 Alliance Agri Star II 151D TL;rolnicze;Ciągnik;PEWNE;Ciągnik
MO1_15228846;Alliance;Agri Star II;480/70R28 Alliance Agri Star II 140D TL;rolnicze;Ciągnik;PEWNE;Ciągnik
MO1_15228842;Alliance;Agri Star II;420/70R28 Alliance Agri Star II 133D Stubble Guard TL;rolnicze;Ciągnik;PEWNE;Ciągnik
MO1_15228838;Alliance;Agri Star II;380/70R28 Alliance Agri Star II 127D Stubble Guard TL;rolnicze;Ciągnik;PEWNE;Ciągnik
MO1_15228830;Alliance;Agri Star II;480/70R24 Alliance Agri Star II 138D Stubble Guard TL;rolnicze;Ciągnik;PEWNE;Ciągnik
MO1_15228826;Alliance;Agri Star II;380/70R24 Alliance Agri Star II 125D Stubble Guard TL;rolnicze;Ciągnik;PEWNE;Ciągnik
MO1_15228825;Alliance;Agri Star II;360/70R24 Alliance Agri Star II 122D Stubble Guard TL;rolnicze;Ciągnik;PEWNE;Ciągnik
MO1_15228820;Alliance;Agri Star II;320/70R24 Alliance Agri Star II 116D Stubble Guard TL;rolnicze;Ciągnik;PEWNE;Ciągnik
MO1_15228815;Alliance;Agri Star II;380/70R20 Alliance Agri Star II 122D Stubble Guard TL;rolnicze;Ciągnik;PEWNE;Ciągnik
MO1_15228814;Alliance;Agri Star II;300/70R20 Alliance Agri Star II 120D Stubble Guard TL;rolnicze;Ciągnik;PEWNE;Ciągnik
MO1_15228812;Alliance;Agri Star II;280/70R20 Alliance Agri Star II 116D Stubble Guard TL;rolnicze;Ciągnik;PEWNE;Ciągnik
MO1_15228808;Alliance;Agri Star II;280/70R18 Alliance Agri Star II 114D Stubble Guard TL;rolnicze;Ciągnik;PEWNE;Ciągnik
MO1_15228798;Alliance;Agri Star II;520/85R46 Alliance Agri Star II 158D Stubble Guard TL;rolnicze;Ciągnik;PEWNE;Ciągnik
MO1_15228793;Alliance;Agri Star II;520/85R42 Alliance Agri Star II 157D Stubble Guard TL;rolnicze;Ciągnik;PEWNE;Ciągnik
MO1_15228791;Alliance;Agri Star II;480/80R42 Alliance Agri Star II 151D Stubble Guard TL;rolnicze;Ciągnik;PEWNE;Ciągnik
MO1_15228787;Alliance;Agri Star II;480/80R42 Alliance Agri Star II 169D Stubble Guard TL;rolnicze;Ciągnik;PEWNE;Ciągnik
MO1_15228785;Alliance;Agri Star II;520/85R38 Alliance Agri Star II 169D Stubble Guard TL;rolnicze;Ciągnik;PEWNE;Ciągnik
MO1_15228781;Alliance;Agri Star II;520/85R38 Alliance Agri Star II 155D Stubble Guard TL;rolnicze;Ciągnik;PEWNE;Ciągnik
MO1_15228731;Alliance;Agri Star II;420/85R38 Alliance Agri Star II 144D Stubble Guard TL;rolnicze;Ciągnik;PEWNE;Ciągnik
MO1_15228727;Alliance;Agri Star II;380/80R38 Alliance Agri Star II 152D Stubble Guard TL;rolnicze;Ciągnik;PEWNE;Ciągnik
MO1_15228721;Alliance;Agri Star II;340/85R38 Alliance Agri Star II 151D Stubble Guard TL;rolnicze;Ciągnik;PEWNE;Ciągnik
MO1_15228717;Alliance;Agri Star II;320/85R38 Alliance Agri Star II 143D Stubble Guard TL;rolnicze;Ciągnik;PEWNE;Ciągnik
MO1_15228702;Alliance;Agri Star II;460/85R34 Alliance Agri Star II 157D Stubble Guard TL;rolnicze;Ciągnik;PEWNE;Ciągnik
MO1_15228701;Alliance;Agri Star II;460/85R34 Alliance Agri Star II 147D Stubble Guard TL;rolnicze;Ciągnik;PEWNE;Ciągnik
MO1_15228692;Alliance;Agri Star II;420/85R34 Alliance Agri Star II 147D Stubble Guard TL;rolnicze;Ciągnik;PEWNE;Ciągnik
MO1_15228691;Alliance;Agri Star II;420/85R34 Alliance Agri Star II 142D Stubble Guard TL;rolnicze;Ciągnik;PEWNE;Ciągnik
MO1_15228680;Alliance;Agri Star II;380/85R34 Alliance Agri Star II 137D Stubble Guard TL;rolnicze;Ciągnik;PEWNE;Ciągnik
MO1_15228661;Alliance;Agri Star II;460/85R30 Alliance Agri Star II 145D Stubble Guard TL;rolnicze;Ciągnik;PEWNE;Ciągnik
MO1_15228651;Alliance;Agri Star II;420/85R30 Alliance Agri Star II 140D Stubble Guard TL;rolnicze;Ciągnik;PEWNE;Ciągnik
MO1_15228640;Alliance;Agri Star II;380/85R30 Alliance Agri Star II 135D Stubble Guard TL;rolnicze;Ciągnik;PEWNE;Ciągnik
MO1_15228631;Alliance;Agri Star II;420/85R28 Alliance Agri Star II 139D Stubble Guard TL;rolnicze;Ciągnik;PEWNE;Ciągnik
MO1_15228621;Alliance;Agri Star II;380/85R28 Alliance Agri Star II 133D Stubble Guard TL;rolnicze;Ciągnik;PEWNE;Ciągnik
MO1_15228594;Alliance;Agri Star II;420/85R24 Alliance Agri Star II 137D Stubble Guard TL;rolnicze;Ciągnik;PEWNE;Ciągnik
MO1_15228581;Alliance;Agri Star II;380/85R24 Alliance Agri Star II 131D Stubble Guard TL;rolnicze;Ciągnik;PEWNE;Ciągnik
MO1_15228571;Alliance;Agri Star II;340/85R24 Alliance Agri Star II 125D Stubble Guard TL;rolnicze;Ciągnik;PEWNE;Ciągnik
MO1_15228562;Alliance;Agri Star II;320/85R24 Alliance Agri Star II 142D Stubble Guard TL;rolnicze;Ciągnik;PEWNE;Ciągnik
MO1_15228561;Alliance;Agri Star II;320/85R24 Alliance Agri Star II 122D Stubble Guard TL;rolnicze;Ciągnik;PEWNE;Ciągnik
MO1_15228525;Alliance;Agri Star II;320/85R20 Alliance Agri Star II 119D Stubble Guard TL;rolnicze;Ciągnik;PEWNE;Ciągnik
MO1_15228498;Alliance;Agri Star II;480/80R50 Alliance Agri Star II 159D Stubble Guard TL;rolnicze;Ciągnik;PEWNE;Ciągnik
MO1_15228245;Alliance;Agri Star II;710/70R38 Alliance Agri Star II 178D Stubble Guard TL;rolnicze;Ciągnik;PEWNE;Ciągnik
MO1_15228152;Alliance;Agri Star II;480/70R34 Alliance Agri Star II 155D Stubble Guard TL;rolnicze;Ciągnik;PEWNE;Ciągnik
MO1_15227827;Alliance;FarmPRO II;400/75R38 Alliance FarmPRO II 134A8/134B TL;rolnicze;Ciągnik;PEWNE;Ciągnik
MO1_15227799;Alliance;FarmPRO Radial 90;380/90R46 Alliance FarmPRO Radial 90 165A8/165B TL;rolnicze;Ciągnik;PEWNE;Ciągnik
MO1_15227788;Alliance;FarmPRO Radial 80;320/80R42 Alliance FarmPRO Radial 80 141A8/141B TL;rolnicze;Ciągnik;PEWNE;Ciągnik
MO1_15227680;Alliance;FarmPRO II;380/85R34 Alliance FarmPRO II 137A8/137B TL;rolnicze;Ciągnik;PEWNE;Ciągnik
MO1_15227430;Alliance;Agristar 375;520/85R46 Alliance Agristar 375 173A8/169D TL;rolnicze;Ciągnik;PEWNE;Ciągnik
MO1_15226811;Alliance;Agristar 365;600/65R34 Alliance Agristar 365 160A8/157D TL;rolnicze;Ciągnik;PEWNE;Ciągnik
MO1_15226745;Alliance;Agristar 375;620/75R26 Alliance Agristar 375 166A8/166B SB TL;rolnicze;Ciągnik;PEWNE;Ciągnik
MO1_15226020;Alliance;570;19.5L-24 Alliance 570 156A8/153B SB TL;rolnicze;Ciągnik;PEWNE;Ciągnik
MO1_15225239;Alliance;Agristar 378 XL;650/75R38 Alliance Agristar 378 XL 169D TL;rolnicze;Ciągnik;PEWNE;Ciągnik
MO1_15225145;Alliance;370;600/70R30 Alliance 370 152A8/152B TL;rolnicze;Ciągnik;PEWNE;Ciągnik
MO1_15222804;Alliance;FarmPRO 324;18.4-38 Alliance FarmPRO 324 143A8 8PR TT;rolnicze;Ciągnik;PEWNE;Ciągnik
MO1_15222802;Alliance;FarmPRO 324;16.9-38 Alliance FarmPRO 324 141A8 8PR TT;rolnicze;Ciągnik;PEWNE;Ciągnik
MO1_15222733;Alliance;FarmPRO 324;18.4-34 Alliance FarmPRO 324 142A8 8PR TT;rolnicze;Ciągnik;PEWNE;Ciągnik
MO1_15222693;Alliance;Deep Lug 337;12.4-32 Alliance Deep Lug 337 124A6 8PR TT;rolnicze;Ciągnik;PEWNE;Ciągnik
MO1_15222591;Alliance;FarmPRO 324;18.4-30 Alliance FarmPRO 324 139A8 8PR TT;rolnicze;Ciągnik;PEWNE;Ciągnik
MO1_15222574;Alliance;FarmPRO 324;16.9-30 Alliance FarmPRO 324 137A8 8PR TT;rolnicze;Ciągnik;PEWNE;Ciągnik
MO1_15222531;Alliance;FarmPRO 324;16.9-28 Alliance FarmPRO 324 135A8 8PR TT;rolnicze;Ciągnik;PEWNE;Ciągnik
MO1_15222481;Alliance;FarmPRO 324;14.9-28 Alliance FarmPRO 324 130A8 8PR TT;rolnicze;Ciągnik;PEWNE;Ciągnik
MO1_15222435;Alliance;FarmPRO 324;12.4-28 Alliance FarmPRO 324 123A8 8PR TT;rolnicze;Ciągnik;PEWNE;Ciągnik
MO1_15222372;Alliance;347;23.1-26 Alliance 347 159A8 16PR TT;rolnicze;Ciągnik;PEWNE;Ciągnik
MO1_15222301;Alliance;FarmPRO 324;18.4-26 Alliance FarmPRO 324 146A8 12PR TL;rolnicze;Ciągnik;PEWNE;Ciągnik
MO1_15222267;Alliance;FarmPRO 324;16.9-24 Alliance FarmPRO 324 133A8 8PR TT;rolnicze;Ciągnik;PEWNE;Ciągnik
MO1_15222214;Alliance;FarmPRO 324;14.9-24 Alliance FarmPRO 324 136A8 12PR TT;rolnicze;Ciągnik;PEWNE;Ciągnik
MO1_15222213;Alliance;FarmPRO 324;14.9-24 Alliance FarmPRO 324 128A8 8PR TT;rolnicze;Ciągnik;PEWNE;Ciągnik
MO1_15222211;Alliance;FarmPRO 324;13.6-24 Alliance FarmPRO 324 123A8 8PR TT;rolnicze;Ciągnik;PEWNE;Ciągnik
MO1_15222192;Alliance;FarmPRO 324;12.4-24 Alliance FarmPRO 324 121A8 8PR TT;rolnicze;Ciągnik;PEWNE;Ciągnik
MO1_15222172;Alliance;FarmPRO 324;9.5-24 Alliance FarmPRO 324 112A8 8PR TT;rolnicze;Ciągnik;PEWNE;Ciągnik
MO1_15222075;Alliance;FarmPRO 324;8.00-20 Alliance FarmPRO 324 111A6 8PR TT;rolnicze;Ciągnik;PEWNE;Ciągnik
MO1_15222049;Alliance;FarmPRO 324;6.50-16 Alliance FarmPRO 324 98A6 8PR TT;rolnicze;Ciągnik;PEWNE;Ciągnik
MO1_15221129;Alliance;FarmPRO 303;6.00-16 Alliance FarmPRO 303 88A6/80A8 6PR TT;rolnicze;Ciągnik;PEWNE;Ciągnik
MO1_15212592;Alliance;Forestry 331;550/45-22.5 Alliance Forestry 331 147A2/140A8 12PR TL;leśne;Ciągnik;PEWNE;Ciągnik
MO1_15212559;Alliance;FarmPRO 327;500/55-20 Alliance FarmPRO 327 143A8/155A8 12PR TL;rolnicze;Ciągnik;PEWNE;Ciągnik
MO1_15211695;Alliance;FarmPRO 327;500/50-17 Alliance FarmPRO 327 141A8 18PR TL;rolnicze;Ciągnik;PEWNE;Ciągnik
MO1_15211683;Alliance;FarmPRO 327;380/55-17 Alliance FarmPRO 327 125A8/138A8 12PR TL;rolnicze;Ciągnik;PEWNE;Ciągnik
MO1_15211676;Alliance;FarmPRO 327;480/45-17 Alliance FarmPRO 327 134A8/146A8 14PR TL;rolnicze;Ciągnik;PEWNE;Ciągnik
MO1_10006237;Alliance;Agri Nova;18.4-34 Alliance Agri Nova 142A8 8PR TT;rolnicze;Ciągnik;PEWNE;Ciągnik
MO1_10005658;Alliance;Agristar II Row Crop;320/90R46 Alliance Agristar II Row Crop 148D/145E TL;rolnicze;Ciągnik;PEWNE;Ciągnik
MO1_10005656;Alliance;Agristar II Row Crop;300/95R46 Alliance Agristar II Row Crop 148D/145E TL;rolnicze;Ciągnik;PEWNE;Ciągnik
MO1_10005653;Alliance;Agristar II Row Crop;230/95R44 Alliance Agristar II Row Crop 134D/131E TL;rolnicze;Ciągnik;PEWNE;Ciągnik
MO1_10005648;Alliance;Agristar II Row Crop;230/95R36 Alliance Agristar II Row Crop 130D/127E TL;rolnicze;Ciągnik;PEWNE;Ciągnik
MO1_10005643;Alliance;Agristar II Row Crop;230/95R28 Alliance Agristar II Row Crop 110D/107E TL;rolnicze;Ciągnik;PEWNE;Ciągnik
MO1_10004030;Alliance;Agri Star II;520/70R34 Alliance Agri Star II 168D SB TL;rolnicze;Ciągnik;PEWNE;Ciągnik
MO1_10003614;Alliance;601, M+S;15.5/55R18 Alliance 601, M+S 140A8/140B SB TL;rolnicze;Ciągnik;PEWNE;Ciągnik
MO1_10003421;Alliance;Agriflex 363 + XT;VF300/95R52 Alliance Agriflex 363 + XT 160D SB TL;rolnicze;Ciągnik;PEWNE;Ciągnik
MO1_10002567;Alliance;Agri Star II;650/65R38 Alliance Agri Star II 171D Stubble Guard TL;rolnicze;Ciągnik;PEWNE;Ciągnik
MO1_10002566;Alliance;Agri Star II;600/65R38 Alliance Agri Star II 159D Stubble Guard TL;rolnicze;Ciągnik;PEWNE;Ciągnik
MO1_10002565;Alliance;Agri Star II;540/65R38 Alliance Agri Star II 153D Stubble Guard TL;rolnicze;Ciągnik;PEWNE;Ciągnik
MO1_10002564;Alliance;Agri Star II;600/65R34 Alliance Agri Star II 157D Stubble Guard TL;rolnicze;Ciągnik;PEWNE;Ciągnik
MO1_10002563;Alliance;Agri Star II;540/65R34 Alliance Agri Star II 152D Stubble Guard TL;rolnicze;Ciągnik;PEWNE;Ciągnik
MO1_10002560;Alliance;Agri Star II;540/65R28 Alliance Agri Star II 149D Stubble Guard TL;rolnicze;Ciągnik;PEWNE;Ciągnik
MO1_10002559;Alliance;Agri Star II;480/65R28 Alliance Agri Star II 142D Stubble Guard TL;rolnicze;Ciągnik;PEWNE;Ciągnik
MO1_10002558;Alliance;Agri Star II;440/65R28 Alliance Agri Star II 138D Stubble Guard TL;rolnicze;Ciągnik;PEWNE;Ciągnik
MO1_10002557;Alliance;Agri Star II;540/65R24 Alliance Agri Star II 146D Stubble Guard TL;rolnicze;Ciągnik;PEWNE;Ciągnik
MO1_10002554;Alliance;Agri Star II;420/65R20 Alliance Agri Star II 135D Stubble Guard TL;rolnicze;Ciągnik;PEWNE;Ciągnik
MO1_10002553;Alliance;Agri Star II;420/65R24 Alliance Agri Star II 138D Stubble Guard TL;rolnicze;Ciągnik;PEWNE;Ciągnik
MO1_10002552;Alliance;Agri Star II;480/65R24 Alliance Agri Star II 140D Stubble Guard TL;rolnicze;Ciągnik;PEWNE;Ciągnik
MO1_10002551;Alliance;Agri Star II;650/65R42 Alliance Agri Star II 170D Stubble Guard TL;rolnicze;Ciągnik;PEWNE;Ciągnik
MO1_10000151;Alliance;Agri Star II;420/80R46 Alliance Agri Star II 159D Stubble Guard TL;rolnicze;Ciągnik;PEWNE;Ciągnik
MO1_10000149;Alliance;Agri Star II;260/70R20 Alliance Agri Star II 113D Stubble Guard TL;rolnicze;Ciągnik;PEWNE;Ciągnik
MO1_10000147;Alliance;Agri Star II;580/70R42 Alliance Agri Star II 158D Stubble Guard TL;rolnicze;Ciągnik;PEWNE;Ciągnik
MO1_10000133;Alliance;Agri Star II;320/85R34 Alliance Agri Star II 133D Stubble Guard TL;rolnicze;Ciągnik;PEWNE;Ciągnik
MO1_10000105;Alliance;Agri Star II;250/85R24 Alliance Agri Star II 109D Stubble Guard TL;rolnicze;Ciągnik;PEWNE;Ciągnik
MO1_10000104;Alliance;Agri Star II;360/70R28 Alliance Agri Star II 125D Stubble Guard TL;rolnicze;Ciągnik;PEWNE;Ciągnik
MO2_152.26.948;Alliance;579;240/70R16 Alliance 579 104A8/104B;rolnicze;Ciągnik;PEWNE;Ciągnik
MO3_71045265Af644f20tt;Alliance;F-644;710/45-26.5 Alliance F-644 20PR TT;leśne;Ciągnik;WZORZEC;Ciągnik
MO3_10075153A32310;Alliance;323;10.0/75-15.3 Alliance 323 10PR TL;rolnicze;Ciągnik;WZORZEC;Ciągnik
MO3_71045265Af643f20tt;Alliance;F-643;710/45-26.5 Alliance F-643 20PR TT;leśne;Ciągnik;WZORZEC;Ciągnik
MO3_3408020A585;Alliance;585;340/80R20 Alliance 585 144A8/144B TL;przemysłowe;Ciągnik;WZORZEC;Ciągnik
MO3_60055265Af644f20tt;Alliance;F-644;600/55-26.5 Alliance F-644 20PR TT;leśne;Ciągnik;WZORZEC;Ciągnik
MO3_1956515a;Alliance;768;195/65-15 Alliance 768 8PR TL;rolnicze;Ciągnik;WZORZEC;Ciągnik
MO3_4607024A585;Alliance;585 (17.5R24);460/70R24 Alliance 585 (17.5R24) 159A8/159B TL;przemysłowe;Ciągnik;WZORZEC;Ciągnik
MO3_2109532Ademo;Alliance;350;210/95R32 Alliance 350 116D/116A8 TL demo;rolnicze;Ciągnik;WZORZEC;Ciągnik
MO3_3009552A350149;Alliance;350;300/95R52 Alliance 350 149D/152A8 TL;rolnicze;Ciągnik;WZORZEC;Ciągnik
MO3_3809054A;Alliance;350;380/90R54 Alliance 350 152D/155A8 TL;rolnicze;Ciągnik;WZORZEC;Ciągnik
MO3_2309544A-IN;Alliance;350;230/95R44 Alliance 350 134D/137A8 TL;rolnicze;Ciągnik;WZORZEC;Ciągnik
MO3_2709538A-IN;Alliance;350;270/95R38 Alliance 350 137D/140A8 TL;rolnicze;Ciągnik;WZORZEC;Ciągnik
MO3_11232A;Alliance;350;270/95R32 Alliance 350 132D/135A8 TL;rolnicze;Ciągnik;WZORZEC;Ciągnik
MO3_2309536A-IN;Alliance;350;230/95R36 Alliance 350 130D/133A8 TL;rolnicze;Ciągnik;WZORZEC;Ciągnik
MO2_76800001AL-IN;Alliance;768;195/65-15 Alliance 768 8PR TL;rolnicze;Ciągnik;WZORZEC;Ciągnik
MO2_58510748AL-IG;Alliance;585;400/70R20 Alliance 585 149A8/B 20PR TL;leśne;Ciągnik;WZORZEC;Ciągnik
MO2_58500035AL-IG;Alliance;585;12.5R18 Alliance 585 143A8 TL;rolnicze;Ciągnik;WZORZEC;Ciągnik
MO2_58500004AL-IG;Alliance;585;480/80R26 Alliance 585 167A8 TL;rolnicze;Ciągnik;WZORZEC;Ciągnik
MO2_58500003AL-IG;Alliance;585;440/80R28 Alliance 585 163A8/163B TL;przemysłowe;Ciągnik;WZORZEC;Ciągnik
MO2_39810020AL;Alliance;398 MPT;600/50R22.5 Alliance 398 MPT 164J TL;rolnicze;Ciągnik;WZORZEC;Ciągnik
MO2_39800025AL;Alliance;398 MPT;445/65R22.5 Alliance 398 MPT 160J TL;rolnicze;Ciągnik;WZORZEC;Ciągnik
MO2_39022808AL;Alliance;390;600/50R22.5 Alliance 390 162D/159E TL;rolnicze;Ciągnik;WZORZEC;Ciągnik
MO2_39021040AL;Alliance;390;500/45R22.5 Alliance 390 154F TL;rolnicze;Ciągnik;WZORZEC;Ciągnik
MO2_37601069AL-IN;Alliance;376 MULTISTAR;900/60R32 Alliance 376 MULTISTAR 191D TL;rolnicze;Ciągnik;WZORZEC;Ciągnik
MO2_37301016AL-AP;Alliance;Agriflex 373 +;VF600/70R30 Alliance Agriflex 373 + 174D TL;leśne;Ciągnik;WZORZEC;Ciągnik
MO2_37301013AL-AP;Alliance;Agriflex 373 +;VF540/65R28 Alliance Agriflex 373 + 163D TL;rolnicze;Ciągnik;WZORZEC;Ciągnik
MO2_37301010AL-AP;Alliance;Agriflex 373 +;VF600/65R38 Alliance Agriflex 373 + 174D TL;rolnicze;Ciągnik;WZORZEC;Ciągnik
MO2_37301002AL-AP;Alliance;Agriflex 373 +;VF650/65R34 Alliance Agriflex 373 + 176D TL;rolnicze;Ciągnik;WZORZEC;Ciągnik
MO2_35400052AL;Alliance;354;IF320/105R46 Alliance 354 166D TL;rolnicze;Ciągnik;WZORZEC;Ciągnik
MO2_35075255AL;Alliance;350;14.9R50 Alliance 350 161A8/158D TL;rolnicze;Ciągnik;WZORZEC;Ciągnik
MO2_35075124AL;Alliance;350;12.4R54 Alliance 350 151D/154A8 TL;rolnicze;Ciągnik;WZORZEC;Ciągnik
MO2_35067090AL-IG;Alliance;350;300/95R52 Alliance 350 149D/152A8 TL;rolnicze;Ciągnik;WZORZEC;Ciągnik
MO2_35067085AL;Alliance;350;12.4R52 Alliance 350 159A8/156D TL;rolnicze;Ciągnik;WZORZEC;Ciągnik
MO2_35067073AL;Alliance;350;12.4R52 Alliance 350 148D/151A8 TL;rolnicze;Ciągnik;WZORZEC;Ciągnik
MO2_35055252AL-IN;Alliance;350;11.2R46 Alliance 350 144A8/141D TL;rolnicze;Ciągnik;WZORZEC;Ciągnik
MO2_35050033AL-IG;Alliance;350;13.6R48 Alliance 350 156D/159A8 TL;rolnicze;Ciągnik;WZORZEC;Ciągnik
MO2_35050032AL-IN;Alliance;350;13.6R48 Alliance 350 151D/154A8 TL;rolnicze;Ciągnik;WZORZEC;Ciągnik
MO2_35050032AL-IG;Alliance;350;13.6R48 Alliance 350 151D/154A8 TL;rolnicze;Ciągnik;WZORZEC;Ciągnik
MO2_35050030AL-IG;Alliance;350;9.5R48 Alliance 350 136D/139A8 TL;rolnicze;Ciągnik;WZORZEC;Ciągnik
MO2_35050020AL-IN;Alliance;350;12.4R46 Alliance 350 148D/151A8 TL;rolnicze;Ciągnik;WZORZEC;Ciągnik
MO2_35050016AL-IN;Alliance;350;8.3R36 Alliance 350 118D TL;rolnicze;Ciągnik;WZORZEC;Ciągnik
MO2_35050010AL-IN;Alliance;350;9.5R44 Alliance 350 137A8/134D TL;rolnicze;Ciągnik;WZORZEC;Ciągnik
MO2_35050008AL-IN;Alliance;350;8.3R32 Alliance 350 116D/116A8 TL;rolnicze;Ciągnik;WZORZEC;Ciągnik
MO2_35050007AL-IN;Alliance;350;9.5R36 Alliance 350 130D/133A8 TL;rolnicze;Ciągnik;WZORZEC;Ciągnik
MO2_35050003AL-IN;Alliance;350;11.2R38 Alliance 350 137D/140A8 TL;rolnicze;Ciągnik;WZORZEC;Ciągnik
MO2_35050002AL-IN;Alliance;350;11.2R36 Alliance 350 136D/139A8 TL;rolnicze;Ciągnik;WZORZEC;Ciągnik
MO2_35045554ALL;Alliance;350;12.4R46 Alliance 350 148D/151A8 TL;rolnicze;Ciągnik;WZORZEC;Ciągnik
MO2_35025009AL-IN;Alliance;350;11.2R44 Alliance 350 145A8/142D TL;rolnicze;Ciągnik;WZORZEC;Ciągnik
MO2_34502989AL;Alliance;345;28L-26 Alliance 345 20PR;leśne;Ciągnik;WZORZEC;Ciągnik
MO2_34435416AL;Alliance;344;710/40-22.5 Alliance 344 16PR TL;leśne;Ciągnik;WZORZEC;Ciągnik
MO2_33300276AL-IN;Alliance;333;20.8-38 Alliance 333 164A8/160B TL;leśne;Ciągnik;WZORZEC;Ciągnik
MO2_33300149AL-IN;Alliance;333;16.9R38 Alliance 333 149A8/146B TL;leśne;Ciągnik;WZORZEC;Ciągnik
MO2_33300134AL-IN;Alliance;333;460/85-30 Alliance 333 150A8/147B TL;leśne;Ciągnik;WZORZEC;Ciągnik
MO2_33300126AL-IN;Alliance;333;420/85-30 Alliance 333 145A8/142B TL;leśne;Ciągnik;WZORZEC;Ciągnik
MO2_33300104AL-IN;Alliance;333;14.9-28 Alliance 333 139A8/136B TL;leśne;Ciągnik;WZORZEC;Ciągnik
MO2_32301130AL-IN;Alliance;323;405/70-24 Alliance 323 14PR TL;rolnicze;Ciągnik;WZORZEC;Ciągnik
MO2_32301022AL-IN;Alliance;323;405/70-20 Alliance 323 16PR TL;rolnicze;Ciągnik;WZORZEC;Ciągnik
MO2_32301020AL-IN;Alliance;323;405/70-20 Alliance 323 14PR TL;rolnicze;Ciągnik;WZORZEC;Ciągnik
MO2_3071230953610000;Alliance;350;230/95R36 Alliance 350 133A8/130D TL;rolnicze;Ciągnik;WZORZEC;Ciągnik
MO2_152.26.205;Alliance;350;9.5R42 Alliance 350 133D TL;rolnicze;Ciągnik;WZORZEC;Ciągnik
MO2_152.26.100;Alliance;350;9.5R32 Alliance 350 131A8/128D TL;rolnicze;Ciągnik;WZORZEC;Ciągnik
MO1_15285410;Alliance;585;340/80R18 Alliance 585 143A8/143B SB TL;rolnicze;Ciągnik;WZORZEC;Ciągnik
MO1_15235238;Alliance;585;500/70R24 Alliance 585 164A8/164B SB TL;rolnicze;Ciągnik;WZORZEC;Ciągnik
MO1_15235226;Alliance;585;460/70R24 Alliance 585 159A8/159B SB TL;rolnicze;Ciągnik;WZORZEC;Ciągnik
MO1_15226762;Alliance;Multistar 376;680/85R32 Alliance Multistar 376 178A8 TL;rolnicze;Ciągnik;WZORZEC;Ciągnik
MO1_15226306;Alliance;350;300/95R46 Alliance 350 151A8/148D TL;rolnicze;Ciągnik;WZORZEC;Ciągnik
MO1_15226255;Alliance;350;230/95R44 Alliance 350 137A8/134D TL;rolnicze;Ciągnik;WZORZEC;Ciągnik
MO1_15226185;Alliance;350;270/95R38 Alliance 350 140A8/137D TL;rolnicze;Ciągnik;WZORZEC;Ciągnik
MO1_15226165;Alliance;350;270/95R36 Alliance 350 139A8/136D TL;rolnicze;Ciągnik;WZORZEC;Ciągnik
MO1_15226100;Alliance;350;230/95R32 Alliance 350 131A8/128D TL;rolnicze;Ciągnik;WZORZEC;Ciągnik
MO1_15226070;Alliance;350;210/95R32 Alliance 350 119A8/116D TL;rolnicze;Ciągnik;WZORZEC;Ciągnik
MO1_15215825;Alliance;390;28L-26 Alliance 390 176A8/173B SB TL;rolnicze;Ciągnik;WZORZEC;Ciągnik
MO1_15215530;Alliance;390;560/60R22.5 Alliance 390 164D SB TL;rolnicze;Ciągnik;WZORZEC;Ciągnik
MO1_10003901;Alliance;Agriflex 373 +;VF520/70R38 Alliance Agriflex 373 + 170D SB TL;rolnicze;Ciągnik;WZORZEC;Ciągnik
MO1_10003506;Alliance;350;300/95R52 Alliance 350 159A8/156D SB TL;rolnicze;Ciągnik;WZORZEC;Ciągnik
MO1_10001733;Alliance;350;380/90R50 Alliance 350 161A8/158D TL;rolnicze;Ciągnik;WZORZEC;Ciągnik
MO1_10000978;Alliance;585;480/80R26 Alliance 585 167A8/167B SB TL;rolnicze;Ciągnik;WZORZEC;Ciągnik
MO9_106992;BKT;AGRIMAX RT 657;600/65R30 BKT AGRIMAX RT 657 155D TL;rolnicze;Ciągnik;PEWNE;Ciągnik
MO9_106990;BKT;Agrimax Spargo E;380/95R38 BKT Agrimax Spargo SB E 165D;rolnicze;Ciągnik;PEWNE;Ciągnik
MO9_106665;BKT;AGRIMAX SPARGO E;380/90R50 BKT AGRIMAX SPARGO E 175D TL;rolnicze;Ciągnik;PEWNE;Ciągnik
MO9_104166;BKT;AGRIMAX RT955 E131A8 B;270/80R32 BKT AGRIMAX RT955 E131A8 B TL;rolnicze;Ciągnik;PEWNE;Ciągnik
MO9_103369;BKT;TR 135;14.9x28 BKT TR 135 14PR TT;rolnicze;Ciągnik;PEWNE;Ciągnik
MO9_103105;BKT;TR 135;13.6x24 BKT TR 135 12PR TT;rolnicze;Ciągnik;PEWNE;Ciągnik
MO9_103038;BKT;TR 135;14.9x24 BKT TR 135 12PR TT;rolnicze;Ciągnik;PEWNE;Ciągnik
MO9_103031;BKT;TR 135;12.4x24 BKT TR 135 12PR TT;rolnicze;Ciągnik;PEWNE;Ciągnik
MO9_102458;BKT;Agrimax RT 855;210/95R16 BKT Agrimax RT 855 116A8/B TL;rolnicze;Ciągnik;PEWNE;Ciągnik
MO9_102456;BKT;AGRIMAX RT 945;320/90R50 BKT AGRIMAX RT 945 150A8/B TL;rolnicze;Ciągnik;PEWNE;Ciągnik
MO9_102103;BKT;AGRIMAX RT 855;420/85R34 BKT AGRIMAX RT 855 147A8/B TL;rolnicze;Ciągnik;PEWNE;Ciągnik
MO9_99887;BKT;AGRIMAX FORCE;380/80R38 BKT AGRIMAX FORCE 149D;rolnicze;Ciągnik;PEWNE;Ciągnik
MO9_99434;BKT;AGRIMAX RT 855;420/80R46 BKT AGRIMAX RT 855 151D/162A2 TL;rolnicze;Ciągnik;PEWNE;Ciągnik
MO9_99356;BKT;TR 135;12.4x16 BKT TR 135 4PR TT;rolnicze;Ciągnik;PEWNE;Ciągnik
MO9_99030;BKT;Ridemax IT 696;360/80R20 BKT Ridemax IT 696 147A8/143D TL;rolnicze;Ciągnik;PEWNE;Ciągnik
MO9_98968;BKT;AGRIMAX RT 855;520/85R42 BKT AGRIMAX RT 855 167A8/B TL;rolnicze;Ciągnik;PEWNE;Ciągnik
MO9_98655;BKT;Agrimax FORCE;710/55R30 BKT Agrimax FORCE 166D;rolnicze;Ciągnik;PEWNE;Ciągnik
MO9_69205;BKT;TR 135;11.2x24 BKT TR 135 8PR TT;rolnicze;Ciągnik;PEWNE;Ciągnik
MO9_68981;BKT;TR 135;23.1x26 BKT TR 135 153A6 12PR TL;rolnicze;Ciągnik;PEWNE;Ciągnik
MO9_68978;BKT;TR 135;16.9x34 BKT TR 135 8PR TT;rolnicze;Ciągnik;PEWNE;Ciągnik
MO9_68976;BKT;TR 135;18.4x38 BKT TR 135 12PR TT;rolnicze;Ciągnik;PEWNE;Ciągnik
MO9_68970;BKT;TR 135;9.5x24 BKT TR 135 8PR TT;rolnicze;Ciągnik;PEWNE;Ciągnik
MO9_68556;BKT;TF 8181;4.00x16 BKT TF 8181 4PR TT;rolnicze;Ciągnik;PEWNE;Ciągnik
MO9_68172;BKT;RIDEMAX IT 696;540/80R38 BKT RIDEMAX IT 696 172A8/167D TL;rolnicze;Ciągnik;PEWNE;Ciągnik
MO9_68134;BKT;AGRIMAX RT 945;380/90R50 BKT AGRIMAX RT 945 160A8/B TL;rolnicze;Ciągnik;PEWNE;Ciągnik
MO9_68109;BKT;TR 135;7.2x30 BKT TR 135 6PR TT;rolnicze;Ciągnik;PEWNE;Ciągnik
MO9_67883;BKT;RT 747;17.5L-24 BKT RT 747 159A8/156B TL;rolnicze;Ciągnik;PEWNE;Ciągnik
MO9_67470;BKT;TR 135;16.9x30 BKT TR 135 14PR TT;rolnicze;Ciągnik;PEWNE;Ciągnik
MO9_67269;BKT;TF 8181;6.00x16 BKT TF 8181 8PR TT;rolnicze;Ciągnik;PEWNE;Ciągnik
MO9_67203;BKT;AGRIMAX FORCE;420/85R38 BKT AGRIMAX FORCE 155D TL;rolnicze;Ciągnik;PEWNE;Ciągnik
MO9_67057;BKT;AGRIMAX FACTOR;380/70R28 BKT AGRIMAX FACTOR 127D/130A8 TL;rolnicze;Ciągnik;PEWNE;Ciągnik
MO9_66786;BKT;TR 675;500/60x22.5 BKT TR 675 16PR TL;przemysłowe;Ciągnik;PEWNE;Ciągnik
MO9_66781;BKT;TR 171;12.4x32 BKT TR 171 8PR TT;rolnicze;Ciągnik;PEWNE;Ciągnik
MO9_66723;BKT;TR 678 FRS CLSSBT E;710/55x34 BKT TR 678 FRS CLSSBT E 14PR TL;leśne;Ciągnik;PEWNE;Ciągnik
MO9_66701;BKT;AGRIMAX FORCE;900/50R42 BKT AGRIMAX FORCE 180D TL;rolnicze;Ciągnik;PEWNE;Ciągnik
MO9_66620;BKT;AGRIMAX RT 600;900/60R32 BKT AGRIMAX RT 600 181A8/178B TL;rolnicze;Ciągnik;PEWNE;Ciągnik
MO9_66593;BKT;RIDEMAX IT 696;480/80R38 BKT RIDEMAX IT 696 166A8/161D TL;przemysłowe;Ciągnik;PEWNE;Ciągnik
MO9_66466;BKT;AGRIMAX RT 855;460/85R34 BKT AGRIMAX RT 855 147A8/B TL;rolnicze;Ciągnik;PEWNE;Ciągnik
MO9_66278;BKT;AGRIMAX RT 657;320/65R16 BKT AGRIMAX RT 657 120A8/117D TL;rolnicze;Ciągnik;PEWNE;Ciągnik
MO9_66169;BKT;Agrimax FORCE;710/55R34 BKT Agrimax FORCE 170D TL;rolnicze;Ciągnik;PEWNE;Ciągnik
MO9_66113;BKT;AGRIMAX RT 855;180/95R16 BKT AGRIMAX RT 855 105A8/105B TL;rolnicze;Ciągnik;PEWNE;Ciągnik
MO9_65833;BKT;AGRIMAX FACTOR E;380/70R24 BKT AGRIMAX FACTOR E 125D/128A8 TL;rolnicze;Ciągnik;PEWNE;Ciągnik
MO9_65705;BKT;AGRIMAX RT 855;520/85R46 BKT AGRIMAX RT 855 173A8/B TL;rolnicze;Ciągnik;PEWNE;Ciągnik
MO9_65695;BKT;AGRIMAX FORCE E;650/75R38 BKT AGRIMAX FORCE E 175D;rolnicze;Ciągnik;PEWNE;Ciągnik
MO9_64837;BKT;TR 315;31x15.5-15 BKT TR 315 10PR TL;rolnicze;Ciągnik;PEWNE;Ciągnik
MO9_64587;BKT;TR 678 E;320/60x12 BKT TR 678 E 132A8 TT;rolnicze;Ciągnik;PEWNE;Ciągnik
MO9_64180;BKT;TR 270;23.1x26 BKT TR 270 10PR TT;rolnicze;Ciągnik;PEWNE;Ciągnik
MO9_63710;BKT;TR 173 E;8x18 BKT TR 173 E 6PR TT;rolnicze;Ciągnik;PEWNE;Ciągnik
MO9_63619;BKT;AGRIMAX FORCE;710/75R34 BKT AGRIMAX FORCE 178D TL;rolnicze;Ciągnik;PEWNE;Ciągnik
MO9_63405;BKT;TR 117;11.2x24 BKT TR 117 6PR TT;rolnicze;Ciągnik;PEWNE;Ciągnik
MO9_63262;BKT;TR 173 E;8.3x20 BKT TR 173 E 6PR TT;rolnicze;Ciągnik;PEWNE;Ciągnik
MO9_63137;BKT;TR 173 E;9.5x22 BKT TR 173 E 6PR TT;rolnicze;Ciągnik;PEWNE;Ciągnik
MO9_63114;BKT;TR 173 E;8.3x22 BKT TR 173 E 6PR TT;rolnicze;Ciągnik;PEWNE;Ciągnik
MO9_63069;BKT;AGRIMAX RT 600 E 1;250/50R32 BKT AGRIMAX RT 600 E 1 201B;rolnicze;Ciągnik;PEWNE;Ciągnik
MO9_63058;BKT;TR 173 E;8.3x24 BKT TR 173 E 6PR TT;rolnicze;Ciągnik;PEWNE;Ciągnik
MO9_63018;BKT;TR 173 E;9.5x24 BKT TR 173 E 6PR TT;rolnicze;Ciągnik;PEWNE;Ciągnik
MO9_62962;BKT;AGRIMAX RT 851;14.9L-20 BKT AGRIMAX RT 851 119A8/119B TL;rolnicze;Ciągnik;PEWNE;Ciągnik
MO9_62661;BKT;AGRIMAX SIRIO HIGH SPEED;540/65R30 BKT AGRIMAX SIRIO HIGH SPEED 150D/147E TL;rolnicze;Ciągnik;PEWNE;Ciągnik
MO9_62474;BKT;AGRIMAX RT 600;800/65R32 BKT AGRIMAX RT 600 176A8/173B TL;rolnicze;Ciągnik;PEWNE;Ciągnik
MO9_62266;BKT;TR 882;400/60x15.5 BKT TR 882 18PR TL;rolnicze;Ciągnik;PEWNE;Ciągnik
MO9_62119;BKT;TR 459;18.4x26 BKT TR 459 12PR TL;przemysłowe;Ciągnik;PEWNE;Ciągnik
MO9_61960;BKT;TR 135;9.5x20 BKT TR 135 6PR TT;rolnicze;Ciągnik;PEWNE;Ciągnik
MO9_61855;BKT;AGRIMAX FORTIS;650/85R38 BKT AGRIMAX FORTIS 173D/176A8 TL;rolnicze;Ciągnik;PEWNE;Ciągnik
MO9_61693;BKT;TR 135;14.9x24 BKT TR 135 8PR TT;rolnicze;Ciągnik;PEWNE;Ciągnik
MO9_61501;BKT;AGRIMAX RT 955;230/95R44 BKT AGRIMAX RT 955 134A8/B TL;rolnicze;Ciągnik;PEWNE;Ciągnik
MO9_61319;BKT;TF 8181;6.00x16 BKT TF 8181 6PR TT;rolnicze;Ciągnik;PEWNE;Ciągnik
MO9_61299;BKT;AGRIMAX RT 855;380/85R30 BKT AGRIMAX RT 855 135A8/B TL;rolnicze;Ciągnik;PEWNE;Ciągnik
MO9_61291;BKT;AGRIMAX RT 765 STBT E;580/70R38 BKT AGRIMAX RT 765 STBT E 180D TL;rolnicze;Ciągnik;PEWNE;Ciągnik
MO9_61255;BKT;AGRIMAX RT 955;300/95R46 BKT AGRIMAX RT 955 148A8/B TL;rolnicze;Ciągnik;PEWNE;Ciągnik
MO9_61213;BKT;TR 171 E;8x18 BKT TR 171 E 4PR TT;rolnicze;Ciągnik;PEWNE;Ciągnik
MO9_60732;BKT;TR 171;13.6x24 BKT TR 171 6PR TT;rolnicze;Ciągnik;PEWNE;Ciągnik
MO9_60616;BKT;TF 9090;9.00x16 BKT TF 9090 10PR TT;rolnicze;Ciągnik;PEWNE;Ciągnik
MO9_60317;BKT;AGRIMAX RT 765 E;480/70R30 BKT AGRIMAX RT 765 E 141D TL;rolnicze;Ciągnik;PEWNE;Ciągnik
MO9_59924;BKT;AGRIMAX RT 765;710/70R38 BKT AGRIMAX RT 765 166D TL;rolnicze;Ciągnik;PEWNE;Ciągnik
MO9_59898;BKT;TR 391;14.9x24 BKT TR 391 128A6 8PR TL;przemysłowe;Ciągnik;PEWNE;Ciągnik
MO9_59096;BKT;AGRIMAX RT 657;650/65R42 BKT AGRIMAX RT 657 165D/168A8 TL;rolnicze;Ciągnik;PEWNE;Ciągnik
MO9_59070;BKT;AGRIMAX RT 955;230/95R42 BKT AGRIMAX RT 955 133A8/B TL;rolnicze;Ciągnik;PEWNE;Ciągnik
MO9_58956;BKT;AGRIMAX RT 855;280/85R24 BKT AGRIMAX RT 855 115A8/B TL;rolnicze;Ciągnik;PEWNE;Ciągnik
MO9_58730;BKT;AGRIMAX RT 855;340/85R38 BKT AGRIMAX RT 855 133A8/B TL;rolnicze;Ciągnik;PEWNE;Ciągnik
MO9_58281;BKT;AGRIMAX RT 855;420/80R46 BKT AGRIMAX RT 855 159D/170A2 TL;rolnicze;Ciągnik;PEWNE;Ciągnik
MO9_58265;BKT;AGRIMAX RT 765;620/70R38 BKT AGRIMAX RT 765 170D TL;rolnicze;Ciągnik;PEWNE;Ciągnik
MO9_58239;BKT;AGRIMAX RT 657;600/65R38 BKT AGRIMAX RT 657 159D/162A8 TL;rolnicze;Ciągnik;PEWNE;Ciągnik
MO9_57994;BKT;TR 135;13.6x24 BKT TR 135 8PR TT;rolnicze;Ciągnik;PEWNE;Ciągnik
MO9_56725;BKT;AGRIMAX RT 855;320/85R34 BKT AGRIMAX RT 855 141A8/B TL;rolnicze;Ciągnik;PEWNE;Ciągnik
MO9_56612;BKT;TR 128;6.00x12 BKT TR 128 6PR TT;rolnicze;Ciągnik;PEWNE;Ciągnik
MO9_56532;BKT;TR 171;6.00x12 BKT TR 171 6PR TT;rolnicze;Ciągnik;PEWNE;Ciągnik
MO9_56411;BKT;AGRIMAX SIRIO;600/70R30 BKT AGRIMAX SIRIO 165D/162E TL;rolnicze;Ciągnik;PEWNE;Ciągnik
MO9_55825;BKT;TF 8181;6.00x19 BKT TF 8181 6PR TT;rolnicze;Ciągnik;PEWNE;Ciągnik
MO9_55749;BKT;Agrimax RT 855;250/85R20 BKT Agrimax RT 855 116A8/B TL;rolnicze;Ciągnik;PEWNE;Ciągnik
MO9_55467;BKT;TR 387;23.1x26 BKT TR 387 153A6 12PR TL;rolnicze;Ciągnik;PEWNE;Ciągnik
MO9_55205;BKT;AGRIMAX RT 765 E;320/70R24 BKT AGRIMAX RT 765 E 116D TL;rolnicze;Ciągnik;PEWNE;Ciągnik
MO9_54389;BKT;TR 171;13.6x26 BKT TR 171 8PR TT;rolnicze;Ciągnik;PEWNE;Ciągnik
MO9_54329;BKT;AGRIMAX RT 945;380/90R50 BKT AGRIMAX RT 945 151A8/151B TL;rolnicze;Ciągnik;PEWNE;Ciągnik
MO9_54280;BKT;TF 8181;5.50x16 BKT TF 8181 6PR TT;rolnicze;Ciągnik;PEWNE;Ciągnik
MO9_54043;BKT;TR 135;13.6x28 BKT TR 135 8PR TT;rolnicze;Ciągnik;PEWNE;Ciągnik
MO9_53899;BKT;AGRIMAX FORTIS;800/70R38 BKT AGRIMAX FORTIS 178D/181A8 TL;rolnicze;Ciągnik;PEWNE;Ciągnik
MO9_53841;BKT;AGRIMAX RT 945;380/90R46 BKT AGRIMAX RT 945 159A8/B TL;rolnicze;Ciągnik;PEWNE;Ciągnik
MO9_52943;BKT;FARM 2000;250/80x18 BKT FARM 2000 127A8 8PR TT;rolnicze;Ciągnik;PEWNE;Ciągnik
MO9_52888;BKT;TF 9090 E;4.00x12 BKT TF 9090 E 4PR TT;rolnicze;Ciągnik;PEWNE;Ciągnik
MO9_52552;BKT;AGRIMAX RT 955;300/95R52 BKT AGRIMAX RT 955 151A8/B TL;rolnicze;Ciągnik;PEWNE;Ciągnik
MO9_52537;BKT;TR 459;18.4x24 BKT TR 459 12PR TL;przemysłowe;Ciągnik;PEWNE;Ciągnik
MO9_52469;BKT;AGRIMAX RT 855;420/85R38 BKT AGRIMAX RT 855 144A8/B TL;rolnicze;Ciągnik;PEWNE;Ciągnik
MO9_52088;BKT;AGRIMAX RT 765;620/70R42 BKT AGRIMAX RT 765 160D TL;rolnicze;Ciągnik;PEWNE;Ciągnik
MO9_51642;BKT;TR 135;18.4x30 BKT TR 135 12PR TT;rolnicze;Ciągnik;PEWNE;Ciągnik
MO9_51242;BKT;TR 171;13.6x28 BKT TR 171 6PR TT;rolnicze;Ciągnik;PEWNE;Ciągnik
MO9_51217;BKT;AGRIMAX RT 657;600/65R28 BKT AGRIMAX RT 657 154D/157A8 TL;rolnicze;Ciągnik;PEWNE;Ciągnik
MO9_50835;BKT;TR 135;9.5x30 BKT TR 135 8PR TT;rolnicze;Ciągnik;PEWNE;Ciągnik
MO9_50683;BKT;AGRIMAX RT 657;320/65R18 BKT AGRIMAX RT 657 109A8/B TL;rolnicze;Ciągnik;PEWNE;Ciągnik
MO9_50620;BKT;RT 747;17.5L-24 BKT RT 747 152A8/149B TL;rolnicze;Ciągnik;PEWNE;Ciągnik
MO9_49828;BKT;RIDEMAX IT 696;440/80R28 BKT RIDEMAX IT 696 156A/151D TL;rolnicze;Ciągnik;PEWNE;Ciągnik
MO9_49564;BKT;TR 171;13.6x26 BKT TR 171 6PR TT;rolnicze;Ciągnik;PEWNE;Ciągnik
MO9_49561;BKT;TR 678;280/60x15.5 BKT TR 678 115A8 TL;rolnicze;Ciągnik;PEWNE;Ciągnik
MO9_49525;BKT;AGRIMAX RT 765;650/75R38 BKT AGRIMAX RT 765 169D TL;rolnicze;Ciągnik;PEWNE;Ciągnik
MO9_49502;BKT;AGRIMAX RT 855;380/85R34 BKT AGRIMAX RT 855 137A8/B TL;rolnicze;Ciągnik;PEWNE;Ciągnik
MO9_48460;BKT;TR 675;500/60x22.5 BKT TR 675 12PR TL;rolnicze;Ciągnik;PEWNE;Ciągnik
MO9_48078;BKT;AGRIMAX SPARGO E;380/85R38 BKT AGRIMAX SPARGO E 161D;rolnicze;Ciągnik;PEWNE;Ciągnik
MO9_48029;BKT;FARM 2000;250/80x16 BKT FARM 2000 125A8 8PR TT;rolnicze;Ciągnik;PEWNE;Ciągnik
MO9_47909;BKT;TR 315 Zam. Zam.;26x12-12 BKT TR 315 Zam. Zam. 8PR TL;rolnicze;Ciągnik;PEWNE;Ciągnik
MO9_47746;BKT;AGRIMAX RT 855;480/80R46 BKT AGRIMAX RT 855 158A8/B TL;rolnicze;Ciągnik;PEWNE;Ciągnik
MO9_47701;BKT;TR 459;18.4x28 BKT TR 459 12PR TL;przemysłowe;Ciągnik;PEWNE;Ciągnik
MO9_47570;BKT;AGRIMAX RT 955;270/95R32 BKT AGRIMAX RT 955 136A8/B TL;rolnicze;Ciągnik;PEWNE;Ciągnik
MO9_47417;BKT;AGRIMAX RT 765 E;480/70R34 BKT AGRIMAX RT 765 E 149D TL;rolnicze;Ciągnik;PEWNE;Ciągnik
MO9_47337;BKT;AGRIMAX FORCE;800/70R38 BKT AGRIMAX FORCE 184D TL;rolnicze;Ciągnik;PEWNE;Ciągnik
MO9_47322;BKT;TF 9090;6.00x16 BKT TF 9090 8PR TT;rolnicze;Ciągnik;PEWNE;Ciągnik
MO9_47135;BKT;TR 135;20.8x38 BKT TR 135 12PR TT;rolnicze;Ciągnik;PEWNE;Ciągnik
MO9_47068;BKT;TR 315;16x6.50-8 BKT TR 315 6PR TL;rolnicze;Ciągnik;PEWNE;Ciągnik
MO9_47027;BKT;TR 135;9.5x36 BKT TR 135 10PR TT;rolnicze;Ciągnik;PEWNE;Ciągnik
MO9_46705;BKT;TR 135;11.2x20 BKT TR 135 8PR TT;rolnicze;Ciągnik;PEWNE;Ciągnik
MO9_46320;BKT;TR 135;23.1x30 BKT TR 135 12PR TT;rolnicze;Ciągnik;PEWNE;Ciągnik
MO9_46098;BKT;TR 137;24.5x32 BKT TR 137 14PR TL;rolnicze;Ciągnik;PEWNE;Ciągnik
MO9_46088;BKT;AGRIMAX RT 765 E;280/70R16 BKT AGRIMAX RT 765 E 112A8/B TL;rolnicze;Ciągnik;PEWNE;Ciągnik
MO9_46004;BKT;TR 171 E;12.4x24 BKT TR 171 E 8PR TT;rolnicze;Ciągnik;PEWNE;Ciągnik
MO9_45895;BKT;TR 387;23.1x26 BKT TR 387 145A6 8PR TL;przemysłowe;Ciągnik;PEWNE;Ciągnik
MO9_45764;BKT;TR 315;23x8.5-12 BKT TR 315 6PR TL;rolnicze;Ciągnik;PEWNE;Ciągnik
MO9_45755;BKT;AGRIMAX RT 765 E;480/70R24 BKT AGRIMAX RT 765 E 138D TL;rolnicze;Ciągnik;PEWNE;Ciągnik
MO9_45668;BKT;AGRIMAX RT 600 E;540/65R28 BKT AGRIMAX RT 600 E 142D/145A8;rolnicze;Ciągnik;PEWNE;Ciągnik
MO9_45636;BKT;TR 135;12.4x32 BKT TR 135 8PR TT;rolnicze;Ciągnik;PEWNE;Ciągnik
MO9_45553;BKT;AGRIMAX FORCE;650/65R34 BKT AGRIMAX FORCE 161D TL;rolnicze;Ciągnik;PEWNE;Ciągnik
MO9_45326;BKT;AGRIMAX RT 855;250/85R24 BKT AGRIMAX RT 855 109A8/B TL;rolnicze;Ciągnik;PEWNE;Ciągnik
MO9_45148;BKT;TR 135;9.5x28 BKT TR 135 8PR TT;rolnicze;Ciągnik;PEWNE;Ciągnik
MO9_44997;BKT;TR 360;18x7-8 BKT TR 360 6PR TL;rolnicze;Ciągnik;PEWNE;Ciągnik
MO9_44496;BKT;TR 171;8.3x24 BKT TR 171 6PR TT;rolnicze;Ciągnik;PEWNE;Ciągnik
MO9_44351;BKT;AGRIMAX RT 765 E;420/70R28 BKT AGRIMAX RT 765 E 133D TL;rolnicze;Ciągnik;PEWNE;Ciągnik
MO9_44337;BKT;AGRIMAX RT 765 E;520/70R38 BKT AGRIMAX RT 765 E 150D TL;rolnicze;Ciągnik;PEWNE;Ciągnik
MO9_44297;BKT;AGRIMAX RT 855;210/95R20 BKT AGRIMAX RT 855 110A8 TL;rolnicze;Ciągnik;PEWNE;Ciągnik
MO9_43783;BKT;TR 171;9.5x18 BKT TR 171 8PR TT;rolnicze;Ciągnik;PEWNE;Ciągnik
MO9_43761;BKT;AGRIMAX RT 955;340/85R46 BKT AGRIMAX RT 955 150A8/B TL;rolnicze;Ciągnik;PEWNE;Ciągnik
MO9_43429;BKT;TF 9090;4.00x12 BKT TF 9090 60A8 6PR TT;rolnicze;Ciągnik;PEWNE;Ciągnik
MO9_42968;BKT;AGRIMAX RT 765;260/70R16 BKT AGRIMAX RT 765 109A8/109B TL;rolnicze;Ciągnik;PEWNE;Ciągnik
MO9_42923;BKT;TR 135;12.4x36 BKT TR 135 8PR TT;rolnicze;Ciągnik;PEWNE;Ciągnik
MO9_42921;BKT;AGRIMAX FORTIS;600/70R30 BKT AGRIMAX FORTIS 158D/161A8 TL;rolnicze;Ciągnik;PEWNE;Ciągnik
MO9_42762;BKT;AGRIMAX RT 765;240/70R16 BKT AGRIMAX RT 765 104A8/104B TL;rolnicze;Ciągnik;PEWNE;Ciągnik
MO9_42516;BKT;AGRIMAX FORCE;650/85R38 BKT AGRIMAX FORCE 179D TL;rolnicze;Ciągnik;PEWNE;Ciągnik
MO9_42510;BKT;AGRIMAX RT 855;460/85R30 BKT AGRIMAX RT 855 145A8/B TL;rolnicze;Ciągnik;PEWNE;Ciągnik
MO9_41679;BKT;TR 171;9.5x22 BKT TR 171 8PR TT;rolnicze;Ciągnik;PEWNE;Ciągnik
MO9_41346;BKT;TF 9090;6.00x19 BKT TF 9090 6PR TT;rolnicze;Ciągnik;PEWNE;Ciągnik
MO9_40970;BKT;AGRIMAX RT 657;540/65R30 BKT AGRIMAX RT 657 150D/153A8 TL;rolnicze;Ciągnik;PEWNE;Ciągnik
MO9_40776;BKT;TR 135;13.6x36 BKT TR 135 8PR TT;rolnicze;Ciągnik;PEWNE;Ciągnik
MO9_40319;BKT;AGRIMAX RT 765;260/70R20 BKT AGRIMAX RT 765 113A8/B TL;rolnicze;Ciągnik;PEWNE;Ciągnik
MO9_40078;BKT;TR 135;16.9x24 BKT TR 135 8PR TT;rolnicze;Ciągnik;PEWNE;Ciągnik
MO9_39966;BKT;AGRIMAX FORTIS;710/75R42 BKT AGRIMAX FORTIS 175D/172E TL;rolnicze;Ciągnik;PEWNE;Ciągnik
MO9_39872;BKT;AGRIMAX RT 765 E;480/70R38 BKT AGRIMAX RT 765 E 145D TL;rolnicze;Ciągnik;PEWNE;Ciągnik
MO9_39339;BKT;AGRIMAX RT 855;520/85R38 BKT AGRIMAX RT 855 155A8/B TL;rolnicze;Ciągnik;PEWNE;Ciągnik
MO9_39331;BKT;TF 8181;4.50x16 BKT TF 8181 4PR TT;rolnicze;Ciągnik;PEWNE;Ciągnik
MO9_39200;BKT;TR 678;280/60x15.5 BKT TR 678 128A8 TL;rolnicze;Ciągnik;PEWNE;Ciągnik
MO9_38951;BKT;TR 135;8.3x24 BKT TR 135 6PR TT;rolnicze;Ciągnik;PEWNE;Ciągnik
MO9_38728;BKT;AGRIMAX RT 765;200/70R16 BKT AGRIMAX RT 765 94A8/B TL;rolnicze;Ciągnik;PEWNE;Ciągnik
MO9_38444;BKT;AGRIMAX RT 855;320/85R24 BKT AGRIMAX RT 855 122A8/B TL;rolnicze;Ciągnik;PEWNE;Ciągnik
MO9_38366;BKT;AGRIMAX RT 855;320/85R36 BKT AGRIMAX RT 855 128A8/B TL;rolnicze;Ciągnik;PEWNE;Ciągnik
MO9_38272;BKT;AGRIMAX RT 855;420/85R28 BKT AGRIMAX RT 855 139A8/B TL;rolnicze;Ciągnik;PEWNE;Ciągnik
MO9_37626;BKT;TR 144;9.5x16 BKT TR 144 6PR TT;rolnicze;Ciągnik;PEWNE;Ciągnik
MO9_37513;BKT;TR 270 DOT;20.8x38 BKT TR 270 DOT 8PR TT;rolnicze;Ciągnik;PEWNE;Ciągnik
MO9_37485;BKT;AGRIMAX RT 955;270/95R36 BKT AGRIMAX RT 955 139A8/B TL;rolnicze;Ciągnik;PEWNE;Ciągnik
MO9_37408;BKT;AGRIMAX RT 955;230/95R40 BKT AGRIMAX RT 955 132A8/132B TL;rolnicze;Ciągnik;PEWNE;Ciągnik
MO9_36723;BKT;AGRIMAX RT 657;440/65R24 BKT AGRIMAX RT 657 135D/138A8 TL;rolnicze;Ciągnik;PEWNE;Ciągnik
MO9_36703;BKT;AGRIMAX RT 855;210/95R16 BKT AGRIMAX RT 855 106A8 TL;rolnicze;Ciągnik;PEWNE;Ciągnik
MO9_36668;BKT;TF 9090;4.00x19 BKT TF 9090 4PR TT;rolnicze;Ciągnik;PEWNE;Ciągnik
MO9_36491;BKT;TR 135;13.6x38 BKT TR 135 8PR TT;rolnicze;Ciągnik;PEWNE;Ciągnik
MO9_36309;BKT;TR 387;23.1x26 BKT TR 387 159A6 16PR TL;przemysłowe;Ciągnik;PEWNE;Ciągnik
MO9_36226;BKT;TR 135;16.9x30 BKT TR 135 8PR TT;rolnicze;Ciągnik;PEWNE;Ciągnik
MO9_35822;BKT;AGRIMAX RT 955;230/95R32 BKT AGRIMAX RT 955 128A8/B TL;rolnicze;Ciągnik;PEWNE;Ciągnik
MO9_35627;BKT;AGRIMAX RT 765 E;360/70R28 BKT AGRIMAX RT 765 E 125D TL;rolnicze;Ciągnik;PEWNE;Ciągnik
MO9_35199;BKT;TR 135;14.9x26 BKT TR 135 8PR TT;rolnicze;Ciągnik;PEWNE;Ciągnik
MO9_34719;BKT;AGRIMAX FORCE;710/75R42 BKT AGRIMAX FORCE 181D TL;rolnicze;Ciągnik;PEWNE;Ciągnik
MO9_34250;BKT;TR 135;12.4x38 BKT TR 135 8PR TT;rolnicze;Ciągnik;PEWNE;Ciągnik
MO9_34190;BKT;TR 675;550/60x22.5 BKT TR 675 16PR TL;rolnicze;Ciągnik;PEWNE;Ciągnik
MO9_34172;BKT;TR 135;8.3x28 BKT TR 135 6PR TT;rolnicze;Ciągnik;PEWNE;Ciągnik
MO9_34087;BKT;AGRIMAX SIRIO high speed;710/70R38 BKT AGRIMAX SIRIO high speed 171D/168E TL;rolnicze;Ciągnik;PEWNE;Ciągnik
MO9_33713;BKT;TR 144;9.5x22 BKT TR 144 6PR TT;rolnicze;Ciągnik;PEWNE;Ciągnik
MO9_33432;BKT;AGRIMAX RT 765 E;710/70R42 BKT AGRIMAX RT 765 E 176D/179A8 TL;rolnicze;Ciągnik;PEWNE;Ciągnik
MO9_33325;BKT;TR 171 E;5.00x12 BKT TR 171 E 4PR TT;rolnicze;Ciągnik;PEWNE;Ciągnik
MO9_32432;BKT;Ridemax IT 696 E;480/80R34 BKT Ridemax IT 696 E 164A8/159D;rolnicze;Ciągnik;PEWNE;Ciągnik
MO9_31899;BKT;AGRIMAX RT 600 E;800/65R32 BKT AGRIMAX RT 600 E 181A8/178B TL;rolnicze;Ciągnik;PEWNE;Ciągnik
MO9_31896;BKT;AGRIMAX RT 955;270/95R38 BKT AGRIMAX RT 955 140A8/B TL;rolnicze;Ciągnik;PEWNE;Ciągnik
MO9_31578;BKT;AGRIMAX RT 765 E;620/70R46 BKT AGRIMAX RT 765 E 162D TL;rolnicze;Ciągnik;PEWNE;Ciągnik
MO9_31466;BKT;TR 459;14.9x24 BKT TR 459 12PR TL;przemysłowe;Ciągnik;PEWNE;Ciągnik
MO9_31367;BKT;AGRIMAX RT 955;230/95R36 BKT AGRIMAX RT 955 130A8/B TL;rolnicze;Ciągnik;PEWNE;Ciągnik
MO9_31282;BKT;TF 9090;7.50x20 BKT TF 9090 8PR TT;rolnicze;Ciągnik;PEWNE;Ciągnik
MO9_30678;BKT;Agrimax RT 855;480/80R50 BKT Agrimax RT 855 159A8/B TL;rolnicze;Ciągnik;PEWNE;Ciągnik
MO9_30319;BKT;AGRIMAX RT 657;340/65R18 BKT AGRIMAX RT 657 113A8/113B TL;rolnicze;Ciągnik;PEWNE;Ciągnik
MO9_30190;BKT;AGRIMAX RT 945;380/90R54 BKT AGRIMAX RT 945 158A8/B TL;rolnicze;Ciągnik;PEWNE;Ciągnik
MO9_30183;BKT;AGRIMAX RT 955;210/90R24 BKT AGRIMAX RT 955 107A8/107B TL;rolnicze;Ciągnik;PEWNE;Ciągnik
MO9_30086;BKT;AGRIMAX RT 600;620/75R26 BKT AGRIMAX RT 600 167A8/B TL;rolnicze;Ciągnik;PEWNE;Ciągnik
MO9_29808;BKT;AGRIMAX RT 657;420/65R24 BKT AGRIMAX RT 657 141A8/138D TL;rolnicze;Ciągnik;PEWNE;Ciągnik
MO9_29301;BKT;TR 135;8.3x36 BKT TR 135 6PR TT;rolnicze;Ciągnik;PEWNE;Ciągnik
MO9_28977;BKT;AGRIMAX RT 855;420/85R30 BKT AGRIMAX RT 855 140A8/B TL;rolnicze;Ciągnik;PEWNE;Ciągnik
MO9_28945;BKT;TR 171;12.4x28 BKT TR 171 6PR TT;rolnicze;Ciągnik;PEWNE;Ciągnik
MO9_28943;BKT;AGRIMAX RT 855;210/95R18 BKT AGRIMAX RT 855 108A8/B TL;rolnicze;Ciągnik;PEWNE;Ciągnik
MO9_28889;BKT;TF 9090;6.00x16 BKT TF 9090 6PR TT;rolnicze;Ciągnik;PEWNE;Ciągnik
MO9_28612;BKT;AGRIMAX FORCE E;600/70R28 BKT AGRIMAX FORCE E 164D TL;rolnicze;Ciągnik;PEWNE;Ciągnik
MO9_28497;BKT;TF 8181;7.50x20 BKT TF 8181 6PR TT;rolnicze;Ciągnik;PEWNE;Ciągnik
MO9_27809;BKT;AGRIMAX FORCE;710/60R34 BKT AGRIMAX FORCE 170D TL;rolnicze;Ciągnik;PEWNE;Ciągnik
MO9_27723;BKT;RT 747;19.5L-24 BKT RT 747 157A8/154B TL;rolnicze;Ciągnik;PEWNE;Ciągnik
MO9_27624;BKT;AGRIMAX RT 855;320/85R32 BKT AGRIMAX RT 855 126A8/B TL;rolnicze;Ciągnik;PEWNE;Ciągnik
MO9_27562;BKT;TR 678 FRS SPL STBT;600/65x34 BKT TR 678 FRS SPL STBT 14PR TL;leśne;Ciągnik;PEWNE;Ciągnik
MO9_27304;BKT;AGRIMAX RT 600 1 E;050/50R32 BKT AGRIMAX RT 600 1 E 184A8/181B TL;rolnicze;Ciągnik;PEWNE;Ciągnik
MO9_27152;BKT;TR 171;9.5x16 BKT TR 171 6PR TT;rolnicze;Ciągnik;PEWNE;Ciągnik
MO9_27068;BKT;TR 135;12.4x28 BKT TR 135 8PR TT;rolnicze;Ciągnik;PEWNE;Ciągnik
MO9_27063;BKT;AGRIMAX RT 765;380/70R20 BKT AGRIMAX RT 765 132A8/B TL;rolnicze;Ciągnik;PEWNE;Ciągnik
MO9_26914;BKT;RIDEMAX IT-696;400/80R28 BKT RIDEMAX IT-696 151A8/146D TL;przemysłowe;Ciągnik;PEWNE;Ciągnik
MO9_26641;BKT;TR 270;23.1x30 BKT TR 270 10PR TT;rolnicze;Ciągnik;PEWNE;Ciągnik
MO9_26267;BKT;AGRIMAX RT 657;480/65R28 BKT AGRIMAX RT 657 142D/145A8 TL;rolnicze;Ciągnik;PEWNE;Ciągnik
MO9_25559;BKT;AGRIMAX RT 855;340/85R28 BKT AGRIMAX RT 855 127A8/B TL;rolnicze;Ciągnik;PEWNE;Ciągnik
MO9_25484;BKT;TR 135;9.5x24 BKT TR 135 6PR TT;rolnicze;Ciągnik;PEWNE;Ciągnik
MO9_25380;BKT;TR 678 DUAL BEAD;600/40x22.5 BKT TR 678 DUAL BEAD 169A8 20PR TL;rolnicze;Ciągnik;PEWNE;Ciągnik
MO9_24935;BKT;RIDEMAX IT 696;340/80R24 BKT RIDEMAX IT 696 140A8/135D TL;rolnicze;Ciągnik;PEWNE;Ciągnik
MO9_24469;BKT;AGRIMAX RT 765 E;360/70R24 BKT AGRIMAX RT 765 E 122D TL;rolnicze;Ciągnik;PEWNE;Ciągnik
MO9_24441;BKT;TF 9090;5.50x16 BKT TF 9090 6PR TT;rolnicze;Ciągnik;PEWNE;Ciągnik
MO9_24322;BKT;AGRIMAX RT 657;440/65R20 BKT AGRIMAX RT 657 141A8/138D TL;rolnicze;Ciągnik;PEWNE;Ciągnik
MO9_24282;BKT;TR 313;31x15.5-15 BKT TR 313 8PR TL;rolnicze;Ciągnik;PEWNE;Ciągnik
MO9_24259;BKT;AGRIMAX FORCE;800/70R42 BKT AGRIMAX FORCE 186D TL;rolnicze;Ciągnik;PEWNE;Ciągnik
MO9_24102;BKT;TR 315;23x10.50-12 BKT TR 315 6PR TL;rolnicze;Ciągnik;PEWNE;Ciągnik
MO9_23841;BKT;TF 8181 sz.;7.50x16 BKT TF 8181 sz. 6PR TT;rolnicze;Ciągnik;PEWNE;Ciągnik
MO9_23443;BKT;AGRIMAX RT 765 E;420/70R24 BKT AGRIMAX RT 765 E 134D TL;rolnicze;Ciągnik;PEWNE;Ciągnik
MO9_23391;BKT;TR 144;8.3x20 BKT TR 144 6PR TT;rolnicze;Ciągnik;PEWNE;Ciągnik
MO9_23150;BKT;TF 8181;6.50x20 BKT TF 8181 6PR TT;rolnicze;Ciągnik;PEWNE;Ciągnik
MO9_22997;BKT;AGRIMAX RT 855;380/85R24 BKT AGRIMAX RT 855 131A8/B TL;rolnicze;Ciągnik;PEWNE;Ciągnik
MO9_22691;BKT;RIDEMAX IT 696 E;400/80R24 BKT RIDEMAX IT 696 E 149A8/144D;rolnicze;Ciągnik;PEWNE;Ciągnik
MO9_22661;BKT;TR 387;18.4x30 BKT TR 387 8PR TL;przemysłowe;Ciągnik;PEWNE;Ciągnik
MO9_22579;BKT;AGRIMAX RT 600;650/65R38 BKT AGRIMAX RT 600 157D/160A8;rolnicze;Ciągnik;PEWNE;Ciągnik
MO9_22343;BKT;TR 171;11.2x24 BKT TR 171 6PR TT;rolnicze;Ciągnik;PEWNE;Ciągnik
MO9_22195;BKT;AGRIMAX RT 955;210/95R28 BKT AGRIMAX RT 955 116A8/B TL;rolnicze;Ciągnik;PEWNE;Ciągnik
MO9_22180;BKT;AGRIMAX RT 855;320/85R28 BKT AGRIMAX RT 855 124A8/B TL;rolnicze;Ciągnik;PEWNE;Ciągnik
MO9_22141;BKT;AGRIMAX RT 765;280/70R20 BKT AGRIMAX RT 765 116A8/B TL;rolnicze;Ciągnik;PEWNE;Ciągnik
MO9_22126;BKT;AGRIMAX RT 855;520/85R46 BKT AGRIMAX RT 855 158A8/B TL;rolnicze;Ciągnik;PEWNE;Ciągnik
MO9_21857;BKT;AGRIMAX RT 657;540/65R24 BKT AGRIMAX RT 657 146D/149A8 TL;rolnicze;Ciągnik;PEWNE;Ciągnik
MO9_21832;BKT;AGRIMAX RT 600;710/70R38 BKT AGRIMAX RT 600 178D/181A TL;rolnicze;Ciągnik;PEWNE;Ciągnik
MO9_21771;BKT;AGRIMAX RT 855;280/85R20 BKT AGRIMAX RT 855 112A8/B TL;rolnicze;Ciągnik;PEWNE;Ciągnik
MO9_21576;BKT;AGRIMAX RT 657;480/65R24 BKT AGRIMAX RT 657 140D/143A8 TL;rolnicze;Ciągnik;PEWNE;Ciągnik
MO9_20878;BKT;AGRIMAX RT 765;280/70R18 BKT AGRIMAX RT 765 114A8/B TL;rolnicze;Ciągnik;PEWNE;Ciągnik
MO9_20445;BKT;TR 135;18.4x34 BKT TR 135 10PR TT;rolnicze;Ciągnik;PEWNE;Ciągnik
MO9_20020;BKT;AGRIMAX RT 955;340/85R48 BKT AGRIMAX RT 955 152A8/B TL;rolnicze;Ciągnik;PEWNE;Ciągnik
MO9_19971;BKT;AGRIMAX RT 855;520/85R42 BKT AGRIMAX RT 855 157A8/B TL;rolnicze;Ciągnik;PEWNE;Ciągnik
MO9_19912;BKT;TR 171 E;9.5x24 BKT TR 171 E 6PR TT;rolnicze;Ciągnik;PEWNE;Ciągnik
MO9_19491;BKT;TR 171;11.2x26 BKT TR 171 8PR TT;rolnicze;Ciągnik;PEWNE;Ciągnik
MO9_19445;BKT;AGRIMAX RT 855;480/80R42 BKT AGRIMAX RT 855 151A8/B TL;rolnicze;Ciągnik;PEWNE;Ciągnik
MO9_19216;BKT;AGRIMAX RT 855;250/85R28 BKT AGRIMAX RT 855 112A8/B TL;rolnicze;Ciągnik;PEWNE;Ciągnik
MO9_19136;BKT;TF 9090;7.50x18 BKT TF 9090 8PR TT;rolnicze;Ciągnik;PEWNE;Ciągnik
MO9_18687;BKT;TR 135;12.4x20 BKT TR 135 8PR TT;rolnicze;Ciągnik;PEWNE;Ciągnik
MO9_18459;BKT;AGRIMAX RT955 E;300/85R42 BKT AGRIMAX RT955 E 144A8/B TL;rolnicze;Ciągnik;PEWNE;Ciągnik
MO9_18091;BKT;AGRIMAX RT 765 E;380/70R28 BKT AGRIMAX RT 765 E 127D TL;rolnicze;Ciągnik;PEWNE;Ciągnik
MO9_17796;BKT;TR 387;18.4x26 BKT TR 387 12PR TL;przemysłowe;Ciągnik;PEWNE;Ciągnik
MO9_17794;BKT;AGRIMAX RT 955;270/95R44 BKT AGRIMAX RT 955 142A8/B TL;rolnicze;Ciągnik;PEWNE;Ciągnik
MO9_17681;BKT;AGRIMAX RT 945;320/90R42 BKT AGRIMAX RT 945 139A8/B TL;rolnicze;Ciągnik;PEWNE;Ciągnik
MO9_17324;BKT;AGRIMAX RT 765 E;710/70R42 BKT AGRIMAX RT 765 E 173D TL;rolnicze;Ciągnik;PEWNE;Ciągnik
MO9_17252;BKT;AGRIMAX RT 657;420/65R20 BKT AGRIMAX RT 657 138A8/135D TL;rolnicze;Ciągnik;PEWNE;Ciągnik
MO9_17246;BKT;AGRIMAX RT 855;280/85R28 BKT AGRIMAX RT 855 118A8/B TL;rolnicze;Ciągnik;PEWNE;Ciągnik
MO9_17167;BKT;TF 8181;6.00x18 BKT TF 8181 8PR TT;rolnicze;Ciągnik;PEWNE;Ciągnik
MO9_17065;BKT;TR 459;16.9x24 BKT TR 459 12PR TL;przemysłowe;Ciągnik;PEWNE;Ciągnik
MO9_17033;BKT;TR 459;16.9x28 BKT TR 459 152A8 12PR TL;przemysłowe;Ciągnik;PEWNE;Ciągnik
MO9_16889;BKT;AGRIMAX FORCE;600/70R30 BKT AGRIMAX FORCE 165D TL;rolnicze;Ciągnik;PEWNE;Ciągnik
MO9_16749;BKT;AGRIMAX FORCE;650/85R42 BKT AGRIMAX FORCE 180D TL;rolnicze;Ciągnik;PEWNE;Ciągnik
MO9_16565;BKT;TR 128;5x12 BKT TR 128 4PR TT;rolnicze;Ciągnik;PEWNE;Ciągnik
MO9_16484;BKT;TR 126;7x14 BKT TR 126 4PR TT;rolnicze;Ciągnik;PEWNE;Ciągnik
MO9_16308;BKT;AGRIMAX RT 765 E;420/70R30 BKT AGRIMAX RT 765 E 134D TL;rolnicze;Ciągnik;PEWNE;Ciągnik
MO9_16289;BKT;TR 387;16.9x30 BKT TR 387 8PR TL;przemysłowe;Ciągnik;PEWNE;Ciągnik
MO9_15937;BKT;Ridemax IT 696;440/80R30 BKT Ridemax IT 696 157A8/153D TL;rolnicze;Ciągnik;PEWNE;Ciągnik
MO9_15793;BKT;TR 882;400/60x15.5 BKT TR 882 14PR TL;rolnicze;Ciągnik;PEWNE;Ciągnik
MO9_15722;BKT;AGRIMAX FORCE E;900/60R38 BKT AGRIMAX FORCE E 184D;rolnicze;Ciągnik;PEWNE;Ciągnik
MO9_15710;BKT;AGRIMAX RT 855;420/85R24 BKT AGRIMAX RT 855 137A8/B TL;rolnicze;Ciągnik;PEWNE;Ciągnik
MO9_15641;BKT;AGRIMAX RT 855;380/85R38 BKT AGRIMAX RT 855 139A8/B TL;rolnicze;Ciągnik;PEWNE;Ciągnik
MO9_15154;BKT;AGRIMAX RT 855;460/85R38 BKT AGRIMAX RT 855 149A8/B TL;rolnicze;Ciągnik;PEWNE;Ciągnik
MO9_14831;BKT;TF 8181;7.50x18 BKT TF 8181 8PR TT;rolnicze;Ciągnik;PEWNE;Ciągnik
MO9_14338;BKT;AGRIMAX RT 657;540/65R38 BKT AGRIMAX RT 657 153D/156A8 TL;rolnicze;Ciągnik;PEWNE;Ciągnik
MO9_13970;BKT;TR 135;9.5x42 BKT TR 135 10PR TT;rolnicze;Ciągnik;PEWNE;Ciągnik
MO9_13784;BKT;AGRIMAX RT 855;340/85R36 BKT AGRIMAX RT 855 132A8/B TL;rolnicze;Ciągnik;PEWNE;Ciągnik
MO9_13748;BKT;AGRIMAX RT 765 E;580/70R38 BKT AGRIMAX RT 765 E 155D TL;rolnicze;Ciągnik;PEWNE;Ciągnik
MO9_13671;BKT;TF 9090;10.00x16 BKT TF 9090 8PR TT;rolnicze;Ciągnik;PEWNE;Ciągnik
MO9_13339;BKT;TF 8181;4.00x15 BKT TF 8181 4PR TT;rolnicze;Ciągnik;PEWNE;Ciągnik
MO9_13320;BKT;AGRIMAX RT 657;600/65R34 BKT AGRIMAX RT 657 157D/160A8 TL;rolnicze;Ciągnik;PEWNE;Ciągnik
MO9_13133;BKT;Ridemax IT 696;300/80R24 BKT Ridemax IT 696 133A8/128D TL;przemysłowe;Ciągnik;PEWNE;Ciągnik
MO9_12984;BKT;AGRIMAX RT 657;440/65R28 BKT AGRIMAX RT 657 138D/141A8 TL;rolnicze;Ciągnik;PEWNE;Ciągnik
MO9_12971;BKT;TF 8181;5.00x15 BKT TF 8181 6PR TT;rolnicze;Ciągnik;PEWNE;Ciągnik
MO9_12959;BKT;AGRIMAX RT 955;270/95R48 BKT AGRIMAX RT 955 144A8/B TL;rolnicze;Ciągnik;PEWNE;Ciągnik
MO9_12889;BKT;TR 171;8.3x20 BKT TR 171 8PR TT;rolnicze;Ciągnik;PEWNE;Ciągnik
MO9_12866;BKT;TR 387;16.9x28 BKT TR 387 8PR TL;przemysłowe;Ciągnik;PEWNE;Ciągnik
MO9_12858;BKT;AGRIMAX RT 657;650/65R38 BKT AGRIMAX RT 657 163D/166A8 TL;rolnicze;Ciągnik;PEWNE;Ciągnik
MO9_12840;BKT;TR 144;7x16 BKT TR 144 4PR TT;rolnicze;Ciągnik;PEWNE;Ciągnik
MO9_12719;BKT;TF 8181;5.00x16 BKT TF 8181 6PR TT;rolnicze;Ciągnik;PEWNE;Ciągnik
MO9_12450;BKT;AGRIMAX RT 765 E;420/70R24 BKT AGRIMAX RT 765 E 130D TL;rolnicze;Ciągnik;PEWNE;Ciągnik
MO9_12122;BKT;RIDEMAX IT 696;440/80R34 BKT RIDEMAX IT 696 159A8/155D TL;przemysłowe;Ciągnik;PEWNE;Ciągnik
MO9_11884;BKT;AGRIMAX RT 855;320/85R36 BKT AGRIMAX RT 855 147D/150A8 TL;rolnicze;Ciągnik;PEWNE;Ciągnik
MO9_11814;BKT;AGRIMAX RT 855;320/85R20 BKT AGRIMAX RT 855 119A8/B TL;rolnicze;Ciągnik;PEWNE;Ciągnik
MO9_11542;BKT;AGRIMAX RT 855;340/85R24 BKT AGRIMAX RT 855 125A8/B TL;rolnicze;Ciągnik;PEWNE;Ciągnik
MO9_11037;BKT;TR 171;12.4x26 BKT TR 171 8PR TT;rolnicze;Ciągnik;PEWNE;Ciągnik
MO9_11019;BKT;AGRIMAX RT 765;220/70R16 BKT AGRIMAX RT 765 99A8/B TL;rolnicze;Ciągnik;PEWNE;Ciągnik
MO9_10516;BKT;TR 135;16.9x38 BKT TR 135 8PR TT;rolnicze;Ciągnik;PEWNE;Ciągnik
MO9_10020;BKT;AGRIMAX RT 657;540/65R34 BKT AGRIMAX RT 657 152D/155A8 TL;rolnicze;Ciągnik;PEWNE;Ciągnik
MO9_9965;BKT;TF 9090;6.50x16 BKT TF 9090 6PR TT;rolnicze;Ciągnik;PEWNE;Ciągnik
MO9_9865;BKT;AGRIMAX RT 955;210/95R32 BKT AGRIMAX RT 955 120A8/B TL;rolnicze;Ciągnik;PEWNE;Ciągnik
MO9_9562;BKT;AGRIMAX RT 765 E;380/70R24 BKT AGRIMAX RT 765 E 125D TL;rolnicze;Ciągnik;PEWNE;Ciągnik
MO9_9412;BKT;AGRIMAX RT 765 E;600/70R30 BKT AGRIMAX RT 765 E 152D TL;rolnicze;Ciągnik;PEWNE;Ciągnik
MO9_8939;BKT;AGRIMAX RT 765 E;480/70R28 BKT AGRIMAX RT 765 E 140D TL;rolnicze;Ciągnik;PEWNE;Ciągnik
MO9_8912;BKT;AGRIMAX RT 855;320/85R38 BKT AGRIMAX RT 855 143A8/B TL;rolnicze;Ciągnik;PEWNE;Ciągnik
MO9_8585;BKT;AGRIMAX RT 657;540/65R28 BKT AGRIMAX RT 657 149D/152A8 TL;rolnicze;Ciągnik;PEWNE;Ciągnik
MO9_8003;BKT;AGRIMAX SIRIO;540/65R34 BKT AGRIMAX SIRIO 152D/149E TL;rolnicze;Ciągnik;PEWNE;Ciągnik
MO9_7953;BKT;AGRIMAX RT 765 E;520/70R34 BKT AGRIMAX RT 765 E 148D TL;rolnicze;Ciągnik;PEWNE;Ciągnik
MO9_7696;BKT;AGRIMAX FORCE;710/60R30 BKT AGRIMAX FORCE 168D TL;rolnicze;Ciągnik;PEWNE;Ciągnik
MO9_7492;BKT;TF 9090;5.00x15 BKT TF 9090 4PR TT;rolnicze;Ciągnik;PEWNE;Ciągnik
MO9_7459;BKT;TR 135 E;23.1x26 BKT TR 135 E 14PR TL;rolnicze;Ciągnik;PEWNE;Ciągnik
MO9_7348;BKT;AGRIMAX SPARGO E;380/90R46 BKT AGRIMAX SPARGO E 173D;rolnicze;Ciągnik;PEWNE;Ciągnik
MO9_7093;BKT;AGRIMAX FORCE;600/70R34 BKT AGRIMAX FORCE 167D TL;rolnicze;Ciągnik;PEWNE;Ciągnik
MO9_7078;BKT;TR 135;11.2x28 BKT TR 135 8PR TT;rolnicze;Ciągnik;PEWNE;Ciągnik
MO9_6142;BKT;AGRIMAX FORTIS;600/70R34 BKT AGRIMAX FORTIS 160D/163A8 TL;rolnicze;Ciągnik;PEWNE;Ciągnik
MO9_5837;BKT;AGRIMAX RT 765;320/70R20 BKT AGRIMAX RT 765 123A8/B TL;rolnicze;Ciągnik;PEWNE;Ciągnik
MO9_5646;BKT;TR 135;14.9x28 BKT TR 135 8PR TT;rolnicze;Ciągnik;PEWNE;Ciągnik
MO9_5621;BKT;AGRIMAX FORCE;710/70R42 BKT AGRIMAX FORCE 179D;rolnicze;Ciągnik;PEWNE;Ciągnik
MO9_5569;BKT;TR 135;15.5x38 BKT TR 135 8PR TT;rolnicze;Ciągnik;PEWNE;Ciągnik
MO9_5471;BKT;AGRIMAX RT 765;300/70R20 BKT AGRIMAX RT 765 120A8/B TL;rolnicze;Ciągnik;PEWNE;Ciągnik
MO9_5463;BKT;RIDEMAX IT 696;480/80R30 BKT RIDEMAX IT 696 162A8/157D TL;rolnicze;Ciągnik;PEWNE;Ciągnik
MO9_5404;BKT;AGRIMAX RT 765;650/75R42 BKT AGRIMAX RT 765 170D TL;rolnicze;Ciągnik;PEWNE;Ciągnik
MO9_5345;BKT;TF 9090;11.00x16 BKT TF 9090 8PR TT;rolnicze;Ciągnik;PEWNE;Ciągnik
MO9_5287;BKT;AGRIMAX RT 855;460/85R34 BKT AGRIMAX RT 855 158A8/B TL;rolnicze;Ciągnik;PEWNE;Ciągnik
MO9_5006;BKT;AGRIMAX RT 955;270/95R46 BKT AGRIMAX RT 955 143A8/B TL;rolnicze;Ciągnik;PEWNE;Ciągnik
MO9_4929;BKT;TR 135;12.4x24 BKT TR 135 8PR TT;rolnicze;Ciągnik;PEWNE;Ciągnik
MO9_4695;BKT;AGRIMAX RT 955;230/95R48 BKT AGRIMAX RT 955 136A8/B TL;rolnicze;Ciągnik;PEWNE;Ciągnik
MO9_4640;BKT;AGRIMAX RT 855;380/85R28 BKT AGRIMAX RT 855 133A8/B TL;rolnicze;Ciągnik;PEWNE;Ciągnik
MO9_4347;BKT;AGRIMAX RT 855;420/85R34 BKT AGRIMAX RT 855 142A8/B TL;rolnicze;Ciągnik;PEWNE;Ciągnik
MO9_4141;BKT;TR 315;31x15.5-15 BKT TR 315 8PR TL;rolnicze;Ciągnik;PEWNE;Ciągnik
MO9_4033;BKT;TR 144;8x18 BKT TR 144 6PR TT;rolnicze;Ciągnik;PEWNE;Ciągnik
MO9_3422;BKT;TR 144;8x16 BKT TR 144 6PR TT;rolnicze;Ciągnik;PEWNE;Ciągnik
MO9_3277;BKT;TR 126;6x14 BKT TR 126 4PR TT;rolnicze;Ciągnik;PEWNE;Ciągnik
MO9_3201;BKT;AGRIMAX RT 765;360/70R20 BKT AGRIMAX RT 765 129A8/B TL;rolnicze;Ciągnik;PEWNE;Ciągnik
MO9_3142;BKT;AGRIMAX FORCE E;900/60R42 BKT AGRIMAX FORCE E 186D;rolnicze;Ciągnik;PEWNE;Ciągnik
MO9_2837;BKT;TR 135;8.3x32 BKT TR 135 6PR TT;rolnicze;Ciągnik;PEWNE;Ciągnik
MO9_2780;BKT;TR 135;9.5x32 BKT TR 135 6PR TT;rolnicze;Ciągnik;PEWNE;Ciągnik
MO9_2703;BKT;TR 135;16.9x26 BKT TR 135 10PR TT;rolnicze;Ciągnik;PEWNE;Ciągnik
MO9_2645;BKT;TR 171;8.3x22 BKT TR 171 8PR TT;rolnicze;Ciągnik;PEWNE;Ciągnik
MO9_2165;BKT;AGRIMAX RT 945 E;320/90R54 BKT AGRIMAX RT 945 E 156A8/B TL;rolnicze;Ciągnik;PEWNE;Ciągnik
MO9_936;BKT;AGRIMAX RT 855 E;520/85R38 BKT AGRIMAX RT 855 E 170A8/B TL;rolnicze;Ciągnik;PEWNE;Ciągnik
MO9_697;BKT;AGRIMAX RT 955;270/95R54 BKT AGRIMAX RT 955 146A8/B TL;rolnicze;Ciągnik;PEWNE;Ciągnik
MO9_389;BKT;TF 8181;6.50x16 BKT TF 8181 6PR TT;rolnicze;Ciągnik;PEWNE;Ciągnik
MO9_262;BKT;TF 9090;7.50x16 BKT TF 9090 6PR TT;rolnicze;Ciągnik;PEWNE;Ciągnik
MO3_3607020BKTdemo;BKT;Agrimax RT 765;360/70R20 BKT Agrimax RT 765 129A8/129B TL demo;rolnicze;Ciągnik;PEWNE;Ciągnik
MO3_3209046BKT;BKT;Agrimax RT 945;320/90R46 BKT Agrimax RT 945 148D/151A8 TL;rolnicze;Ciągnik;PEWNE;Ciągnik
MO3_3206012BKTtt;BKT;TR 678;320/60-12 BKT TR 678 132A8 TT;rolnicze;Ciągnik;PEWNE;Ciągnik
MO3_4406520BKT;BKT;Agrimax RT 657;440/65R20 BKT Agrimax RT 657 141A8/138D TL;rolnicze;Ciągnik;PEWNE;Ciągnik
MO3_3807024BKTdemo;BKT;Agrimax RT 765;380/70R24 BKT Agrimax RT 765 125D TL demo;rolnicze;Ciągnik;PEWNE;Ciągnik
MO3_3809050bkt160;BKT;Agrimax RT 945;380/90R50 BKT Agrimax RT 945 160A8/160B TL;rolnicze;Ciągnik;PEWNE;Ciągnik
MO3_31155015BKTtr10;BKT;TR 315;31x15.50-15 BKT TR 315 10PR TL;rolnicze;Ciągnik;PEWNE;Ciągnik
MO3_714BKT;BKT;TR 126 ( );180/95-14 BKT TR 126 ( ) 4PR TT;rolnicze;Ciągnik;PEWNE;Ciągnik
MO3_75016BKTtf8181;BKT;TF 8181;7.50-16 BKT TF 8181 6PR TT;rolnicze;Ciągnik;PEWNE;Ciągnik
MO3_45016BKTTF81816;BKT;TF 8181;4.50-16 BKT TF 8181 4PR TT;rolnicze;Ciągnik;PEWNE;Ciągnik
MO3_55016BKT;BKT;TF 8181;5.50-16 BKT TF 8181 6PR TT;rolnicze;Ciągnik;PEWNE;Ciągnik
MO3_65016BKTTF81818;BKT;TF 8181;6.50-16 BKT TF 8181 6PR TT;rolnicze;Ciągnik;PEWNE;Ciągnik
MO3_3008542BKT;BKT;Agrimax RT 955;300/85R42 BKT Agrimax RT 955 144A8/141B TL;rolnicze;Ciągnik;PEWNE;Ciągnik
MO3_5208550BKT;BKT;Agrimax RT 855;520/85R50 BKT Agrimax RT 855 165A8/165B TL;rolnicze;Ciągnik;PEWNE;Ciągnik
MO3_26120012BKTtr;BKT;TR 315;26x12.00-12 BKT TR 315 12PR TL;rolnicze;Ciągnik;PEWNE;Ciągnik
MO3_2385012BKTTR3156;BKT;TR 315;23x8.50-12 BKT TR 315 6PR TL;rolnicze;Ciągnik;PEWNE;Ciągnik
MO3_7107042BKT2;BKT;Agrimax RT 765;710/70R42 BKT Agrimax RT 765 173D TL;rolnicze;Ciągnik;PEWNE;Ciągnik
MO3_3208534BKT;BKT;Agrimax RT 855;320/85R34 BKT Agrimax RT 855 141A8 TL;rolnicze;Ciągnik;PEWNE;Ciągnik
MO3_6507538BKT;BKT;Agrimax RT 765;650/75R38 BKT Agrimax RT 765 169D TL;rolnicze;Ciągnik;PEWNE;Ciągnik
MO3_75020BKT;BKT;TF 8181;7.50-20 BKT TF 8181 6PR TT;rolnicze;Ciągnik;PEWNE;Ciągnik
MO3_4207030BKTdemo;BKT;Agrimax RT 765;420/70R30 BKT Agrimax RT 765 134D TL demo;rolnicze;Ciągnik;PEWNE;Ciągnik
MO3_3009546bktdemo;BKT;Agrimax RT 955;300/95R46 BKT Agrimax RT 955 148A8/148B TL demo;rolnicze;Ciągnik;PEWNE;Ciągnik
MO3_2109518BKTdemo;BKT;Agrimax RT 855;210/95R18 BKT Agrimax RT 855 108A8/108B TL demo;rolnicze;Ciągnik;PEWNE;Ciągnik
MO3_3408538bktdemo;BKT;Agrimax RT 855;340/85R38 BKT Agrimax RT 855 133A8/133B TL demo;rolnicze;Ciągnik;PEWNE;Ciągnik
MO3_2709548BKT;BKT;Agrimax RT 955;270/95R48 BKT Agrimax RT 955 144A8/144B TL;rolnicze;Ciągnik;PEWNE;Ciągnik
MO3_2109518BKT;BKT;Agrimax RT 855;210/95R18 BKT Agrimax RT 855 108A8/108B TL;rolnicze;Ciągnik;PEWNE;Ciągnik
MO3_60018BKT;BKT;TF 8181;6.00-18 BKT TF 8181 8PR TT;rolnicze;Ciągnik;PEWNE;Ciągnik
MO3_2309542BKT;BKT;Agrimax RT 955;230/95R42 BKT Agrimax RT 955 133A8/133B TL;rolnicze;Ciągnik;PEWNE;Ciągnik
MO3_3009552BKT;BKT;Agrimax RT 955;300/95R52 BKT Agrimax RT 955 151A8/151B TL;rolnicze;Ciągnik;PEWNE;Ciągnik
MO3_3209042BKT;BKT;Agrimax RT 945;320/90R42 BKT Agrimax RT 945 139A8/139B TL;rolnicze;Ciągnik;PEWNE;Ciągnik
MO3_2709532BKT;BKT;Agrimax RT 955;270/95R32 BKT Agrimax RT 955 136A8/136B TL;rolnicze;Ciągnik;PEWNE;Ciągnik
MO3_3207024BKT;BKT;Agrimax RT 765;320/70R24 BKT Agrimax RT 765 116D TL;rolnicze;Ciągnik;PEWNE;Ciągnik
MO3_2508524BKT;BKT;Agrimax RT 855;250/85R24 BKT Agrimax RT 855 109A8/109B TL;rolnicze;Ciągnik;PEWNE;Ciągnik
MO3_2709538BKT;BKT;Agrimax RT 955;270/95R38 BKT Agrimax RT 955 140A8/140B TL;rolnicze;Ciągnik;PEWNE;Ciągnik
MO3_3208524BKT;BKT;Agrimax RT 855;320/85R24 BKT Agrimax RT 855 122A8/122B TL;rolnicze;Ciągnik;PEWNE;Ciągnik
MO3_3808538BKT;BKT;Agrimax RT 855;380/85R38 BKT Agrimax RT 855 139A8/139B TL;rolnicze;Ciągnik;PEWNE;Ciągnik
MO3_4807028BKT;BKT;Agrimax RT 765;480/70R28 BKT Agrimax RT 765 140D TL;rolnicze;Ciągnik;PEWNE;Ciągnik
MO3_5208546BKT;BKT;Agrimax RT 855;520/85R46 BKT Agrimax RT 855 158A8/158B TL;rolnicze;Ciągnik;PEWNE;Ciągnik
MO3_4208530BKT2;BKT;Agrimax RT 855;420/85R30 BKT Agrimax RT 855 140A8/140B TL;rolnicze;Ciągnik;PEWNE;Ciągnik
MO9_336320;BKT;AGRIMAX FACTOR;620/70R42 BKT AGRIMAX FACTOR 166D/169A8 TL;rolnicze;Ciągnik;WZORZEC;Ciągnik
MO9_336319;BKT;RIDEMAX IT696;240/70R16 BKT RIDEMAX IT696 107A8/107B TL;rolnicze;Ciągnik;WZORZEC;Ciągnik
MO9_280851;BKT;TR135 E;8.00x20 BKT TR135 E 8PR TT;rolnicze;Ciągnik;WZORZEC;Ciągnik
MO9_106988;BKT;AGRIMAX V-Flecto E SPL;650/85R42 BKT AGRIMAX V-Flecto E SPL 183D TL;rolnicze;Ciągnik;WZORZEC;Ciągnik
MO9_106986;BKT;AS504 E;425/50x18 BKT AS504 E 152A8/140A8 TL;rolnicze;Ciągnik;WZORZEC;Ciągnik
MO9_104160;BKT;EARTHMAX SR331 E;24R21 BKT EARTHMAX SR331 E 176G;przemysłowe;Ciągnik;WZORZEC;Ciągnik
MO9_103587;BKT;AGRIMAX PROHARVEST E;800/70R32 BKT AGRIMAX PROHARVEST SB E 187D;rolnicze;Ciągnik;WZORZEC;Ciągnik
MO9_103583;BKT;EARTHMAX SR53 L-5** CR;23.5R25 BKT EARTHMAX SR53 L-5** CR;przemysłowe;Ciągnik;WZORZEC;Ciągnik
MO9_102759;BKT;EARTHMAX SR53 L-5** CR;29.5R25 BKT EARTHMAX SR53 L-5** CR;przemysłowe;Ciągnik;WZORZEC;Ciągnik
MO9_102758;BKT;EARTHMAX SR50 L-5** CR;29.5R25 BKT EARTHMAX SR50 L-5** CR;przemysłowe;Ciągnik;WZORZEC;Ciągnik
MO9_102602;BKT;RIDEMAX IT697 E;540/70R24 BKT RIDEMAX IT697 E 170D/175A8 TL;przemysłowe;Ciągnik;WZORZEC;Ciągnik
MO9_102466;BKT;AGRIMAX V-FLECTO E 173D;520/85R46 BKT AGRIMAX V-FLECTO E 173D 173D;rolnicze;Ciągnik;WZORZEC;Ciągnik
MO9_102454;BKT;V-FLEXA;710/50R30.5 BKT V-FLEXA 178D TL;rolnicze;Ciągnik;WZORZEC;Ciągnik
MO9_102453;BKT;EARTHMAX SR47 H2 E-4** CR;24.00R35 BKT EARTHMAX SR47 H2 E-4** CR;przemysłowe;Ciągnik;WZORZEC;Ciągnik
MO9_102381;BKT;EARTHMAX SR53 L-5** CR;26.5R25 BKT EARTHMAX SR53 L-5** CR;przemysłowe;Ciągnik;WZORZEC;Ciągnik
MO9_101513;BKT;AGRIMAX V-FLECTO E;800/70R38 BKT AGRIMAX V-FLECTO E 187D;rolnicze;Ciągnik;WZORZEC;Ciągnik
MO9_101512;BKT;AGRIMAX V-FLECTO E;650/65R34 BKT AGRIMAX V-FLECTO E 170D;rolnicze;Ciągnik;WZORZEC;Ciągnik
MO9_101511;BKT;AGRIMAX V-FLECTO E;600/70R34 BKT AGRIMAX V-FLECTO E 170D;rolnicze;Ciągnik;WZORZEC;Ciągnik
MO9_101509;BKT;TR678;650/45x22.5 BKT TR678 166B 20PR TL;rolnicze;Ciągnik;WZORZEC;Ciągnik
MO9_101367;BKT;AGRIMAX PROCROP E;270/95R32 BKT AGRIMAX PROCROP E 148D TL;rolnicze;Ciągnik;WZORZEC;Ciągnik
MO9_101239;BKT;AGRIMAX FACTOR E;580/70R42 BKT AGRIMAX FACTOR E 158D/161A8 TL;rolnicze;Ciągnik;WZORZEC;Ciągnik
MO9_101175;BKT;AGRIMAX V-FLECTO;900/65R46 BKT AGRIMAX V-FLECTO 193D TL;rolnicze;Ciągnik;WZORZEC;Ciągnik
MO9_101072;BKT;AGRIMAX PROCROP E;270/95R48 BKT AGRIMAX PROCROP E 155D TL;rolnicze;Ciągnik;WZORZEC;Ciągnik
MO9_101071;BKT;TR678 FRS CLSSB E;710/45x26.5 BKT TR678 FRS CLSSB E 24PR TL;leśne;Ciągnik;WZORZEC;Ciągnik
MO9_101059;BKT;AGRIMAX RT855 STBT E;420/80R50 BKT AGRIMAX RT855 STBT E 165A8/B TL;rolnicze;Ciągnik;WZORZEC;Ciągnik
MO9_100666;BKT;AGRIMAX V-FLECTO E;650/65R38 BKT AGRIMAX V-FLECTO E 169D TL;rolnicze;Ciągnik;WZORZEC;Ciągnik
MO9_100656;BKT;AGRIMAX V-FLECTO E;710/75R42 BKT AGRIMAX V-FLECTO E 184D TL;rolnicze;Ciągnik;WZORZEC;Ciągnik
MO9_99396;BKT;RM500 STBT E;500/70R24 BKT RM500 STBT E 167A8/155A8 TL;rolnicze;Ciągnik;WZORZEC;Ciągnik
MO9_98831;BKT;FL630 SUPER;600/55R26.5 BKT FL630 SUPER 177D TL;rolnicze;Ciągnik;WZORZEC;Ciągnik
MO9_98692;BKT;AGRIMAX FACTOR E;710/70R38 BKT AGRIMAX FACTOR E 166D/169A8;rolnicze;Ciągnik;WZORZEC;Ciągnik
MO9_98251;BKT;AGRIMAX V-FLECTO;750/70R44 BKT AGRIMAX V-FLECTO 186D TL;rolnicze;Ciągnik;WZORZEC;Ciągnik
MO9_68891;BKT;AGRIMAX FACTOR;420/70R24 BKT AGRIMAX FACTOR 130D/133A8 TL;rolnicze;Ciągnik;WZORZEC;Ciągnik
MO9_68467;BKT;AGRIMAXFORCE E;620/75R30 BKT AGRIMAXFORCE E 169D;rolnicze;Ciągnik;WZORZEC;Ciągnik
MO9_68411;BKT;AGRIMAX V-FLECTO E;600/70R30 BKT AGRIMAX V-FLECTO E 168D;rolnicze;Ciągnik;WZORZEC;Ciągnik
MO9_68375;BKT;AGRIMAX FACTOR E;480/70R34 BKT AGRIMAX FACTOR E 155D/158A8 TL;rolnicze;Ciągnik;WZORZEC;Ciągnik
MO9_68348;BKT;EM933 zam.;10.00-20 BKT EM933 zam. 152B/168A2 18PR;przemysłowe;Ciągnik;WZORZEC;Ciągnik
MO9_68262;BKT;AGRIMAX FACTOR E;420/70R28 BKT AGRIMAX FACTOR E 133D/136A8 TL;rolnicze;Ciągnik;WZORZEC;Ciągnik
MO9_68188;BKT;AGRIMAX FACTOR E;480/70R34 BKT AGRIMAX FACTOR E 149D/152A8 TL;rolnicze;Ciągnik;WZORZEC;Ciągnik
MO9_67815;BKT;AW711 IMP;15R19.5 BKT AW711 IMP 139D;rolnicze;Ciągnik;WZORZEC;Ciągnik
MO9_67814;BKT;AGRIMAX V-FLECTO;710/75R38 BKT AGRIMAX V-FLECTO 183D TL;rolnicze;Ciągnik;WZORZEC;Ciągnik
MO9_67708;BKT;BANDENMARK KARGO RADIAL 184;600/65R23 BKT BANDENMARK KARGO RADIAL 184 180D TL;rolnicze;Ciągnik;WZORZEC;Ciągnik
MO9_67409;BKT;AGRIMAX V-FLECTO E;520/85R42 BKT AGRIMAX V-FLECTO E 180D TL;rolnicze;Ciągnik;WZORZEC;Ciągnik
MO9_67003;BKT;AGRIMAX FACTOR;620/70R42 BKT AGRIMAX FACTOR 173D/176A8 TL;rolnicze;Ciągnik;WZORZEC;Ciągnik
MO9_67000;BKT;AGRIMAX V-FLECTO;600/60R34 BKT AGRIMAX V-FLECTO 160D;rolnicze;Ciągnik;WZORZEC;Ciągnik
MO9_66780;BKT;AGRIMAX V-FLECTO E;540/65R28 BKT AGRIMAX V-FLECTO E 154D TL;rolnicze;Ciągnik;WZORZEC;Ciągnik
MO9_66753;BKT;PAC MASTER;90x15 BKT PAC MASTER 6PR TL;przemysłowe;Ciągnik;WZORZEC;Ciągnik
MO9_66724;BKT;PAC MASTER E;10.5/80x16 BKT PAC MASTER E 6PR TL;przemysłowe;Ciągnik;WZORZEC;Ciągnik
MO9_66556;BKT;AS504 E;26x12-12 BKT AS504 E 8PR TL;rolnicze;Ciągnik;WZORZEC;Ciągnik
MO9_66550;BKT;SAND KING;7.50x16 BKT SAND KING 8PR TT;rolnicze;Ciągnik;WZORZEC;Ciągnik
MO9_66482;BKT;AGRIMAX V-FLECTO E;580/85R42 BKT AGRIMAX V-FLECTO E 183D;rolnicze;Ciągnik;WZORZEC;Ciągnik
MO9_66455;BKT;TR135 E;15.5x38 BKT TR135 E 10PR TT;rolnicze;Ciągnik;WZORZEC;Ciągnik
MO9_66440;BKT;AGRIMAX FACTOR E;480/70R28 BKT AGRIMAX FACTOR E 140D/143A8 TL;rolnicze;Ciągnik;WZORZEC;Ciągnik
MO9_66432;BKT;AGRIMAX FACTOR E;580/70R38 BKT AGRIMAX FACTOR E 155D/158A8 TL;rolnicze;Ciągnik;WZORZEC;Ciągnik
MO9_66357;BKT;AGRIMAX V-FLECTO E;710/70R38 BKT AGRIMAX V-FLECTO E 181D;rolnicze;Ciągnik;WZORZEC;Ciągnik
MO9_66298;BKT;RIDEMAX IT696 E;340/80R18 BKT RIDEMAX IT696 E 138D/143A8;rolnicze;Ciągnik;WZORZEC;Ciągnik
MO9_66269;BKT;AGRIMAX V-FLECTO E;600/65R28 BKT AGRIMAX V-FLECTO E 163D;rolnicze;Ciągnik;WZORZEC;Ciągnik
MO9_66258;BKT;AGRIMAX RT945 E;420/90R30 BKT AGRIMAX RT945 E 147A8/147B;rolnicze;Ciągnik;WZORZEC;Ciągnik
MO9_66200;BKT;MP567 IMP;12.0/75x18 BKT MP567 IMP 12PR TL;przemysłowe;Ciągnik;WZORZEC;Ciągnik
MO9_66181;BKT;PAC MASTER SMOOTH;65x15 BKT PAC MASTER SMOOTH 6PR TT;przemysłowe;Ciągnik;WZORZEC;Ciągnik
MO9_66091;BKT;AGRIMAX FACTOR E;480/70R38 BKT AGRIMAX FACTOR E 145D/148A8 TL;rolnicze;Ciągnik;WZORZEC;Ciągnik
MO9_66009;BKT;EARTHMAX SR33;365/80R20 BKT EARTHMAX SR33 152K TL;przemysłowe;Ciągnik;WZORZEC;Ciągnik
MO9_65988;BKT;RIDEMAX IT696 E;360/80R24 BKT RIDEMAX IT696 E 138D/143A8;rolnicze;Ciągnik;WZORZEC;Ciągnik
MO9_65945;BKT;EARTHMAX SR33;395/85R20 BKT EARTHMAX SR33 168J TL;przemysłowe;Ciągnik;WZORZEC;Ciągnik
MO9_65937;BKT;AGRIMAX FACTOR Nowość E;710/70R42 BKT AGRIMAX FACTOR Nowość E 173D/176A8;rolnicze;Ciągnik;WZORZEC;Ciągnik
MO9_65754;BKT;AGRIMAX V-FLECTO E;900/60R42 BKT AGRIMAX V-FLECTO E 189D;rolnicze;Ciągnik;WZORZEC;Ciągnik
MO9_65725;BKT;AGRIMAX V-FLECTO E;650/60R34 BKT AGRIMAX V-FLECTO E 168D;rolnicze;Ciągnik;WZORZEC;Ciągnik
MO9_65676;BKT;AGRIMAX FACTOR Nowość E;600/70R30 BKT AGRIMAX FACTOR Nowość E 152D/155A8;rolnicze;Ciągnik;WZORZEC;Ciągnik
MO9_65649;BKT;AGRIMAX FACTOR E;710/70R42 BKT AGRIMAX FACTOR E 176D/179A8;rolnicze;Ciągnik;WZORZEC;Ciągnik
MO9_65538;BKT;AGRIMAX V-FLECTO E;540/65R30 BKT AGRIMAX V-FLECTO E 158D;rolnicze;Ciągnik;WZORZEC;Ciągnik
MO9_65479;BKT;AGRIMAX V-FLECTO E;650/65R42 BKT AGRIMAX V-FLECTO E 174D;rolnicze;Ciągnik;WZORZEC;Ciągnik
MO9_65401;BKT;AGRIMAX V-FLECTO E;710/60R34 BKT AGRIMAX V-FLECTO E 173D;rolnicze;Ciągnik;WZORZEC;Ciągnik
MO9_65380;BKT;AGRIMAX FACTOR E;520/70R38 BKT AGRIMAX FACTOR E 150D/153A8 TL;rolnicze;Ciągnik;WZORZEC;Ciągnik
MO9_65279;BKT;AGRIMAX V-FLECTO E;710/70R42 BKT AGRIMAX V-FLECTO E 185D;rolnicze;Ciągnik;WZORZEC;Ciągnik
MO9_63494;BKT;FL635;650/55R22.5 BKT FL635 167D;rolnicze;Ciągnik;WZORZEC;Ciągnik
MO9_63010;BKT;AGRIMAX RT855 E;520/85R50 BKT AGRIMAX RT855 E 165A8/B;rolnicze;Ciągnik;WZORZEC;Ciągnik
MO9_62936;BKT;BK308M;6.50x20 BKT BK308M 10PR TT;rolnicze;Ciągnik;WZORZEC;Ciągnik
MO9_58220;BKT;AGRIMAX V-FLECTO E;710/60R38 BKT AGRIMAX V-FLECTO E 171D;rolnicze;Ciągnik;WZORZEC;Ciągnik
MO9_57899;BKT;AGRIMAX V-FLECTO E;600/60R30 BKT AGRIMAX V-FLECTO E 158D TL;rolnicze;Ciągnik;WZORZEC;Ciągnik
MO9_56230;BKT;AW708;520/50x17 BKT AW708 162A8 TL;rolnicze;Ciągnik;WZORZEC;Ciągnik
MO9_54530;BKT;SP SK;12x16.5 BKT SP SK 12PR TL;przemysłowe;Ciągnik;WZORZEC;Ciągnik
MO9_51340;BKT;AGRIMAX V-FLECTO E;600/60R28 BKT AGRIMAX V-FLECTO E 157D TL;rolnicze;Ciągnik;WZORZEC;Ciągnik
MO9_49931;BKT;FARM HIGWAY TOUGH;10.00x15 BKT FARM HIGWAY TOUGH 128J 8PR;rolnicze;Ciągnik;WZORZEC;Ciągnik
MO9_49837;BKT;AGRIMAX V-FLECTO;650/60R38 BKT AGRIMAX V-FLECTO 173D;rolnicze;Ciągnik;WZORZEC;Ciągnik
MO9_49738;BKT;PACMSTR;9.00x20 BKT PACMSTR 12PR TT;przemysłowe;Ciągnik;WZORZEC;Ciągnik
MO9_49516;BKT;GIANT TRAX;10x16.5 BKT GIANT TRAX 12PR TL;przemysłowe;Ciągnik;WZORZEC;Ciągnik
MO9_48102;BKT;MULTIMAX MP522;400/80R24 BKT MULTIMAX MP522 162A8/B TL;rolnicze;Ciągnik;WZORZEC;Ciągnik
MO9_47862;BKT;V-FLEXA STEEL BELTED NOWOŚĆ;650/55R26.5 BKT V-FLEXA STEEL BELTED NOWOŚĆ 171D TL;rolnicze;Ciągnik;WZORZEC;Ciągnik
MO9_45282;BKT;PAC MASTER;205/60x15 BKT PAC MASTER 6PR TL;przemysłowe;Ciągnik;WZORZEC;Ciągnik
MO9_40417;BKT;AT 603;10.5/80x18 BKT AT 603 10PR TL;przemysłowe;Ciągnik;WZORZEC;Ciągnik
MO9_38498;BKT;AS504 E;400/50x15 BKT AS504 E 121A8/109A8 TL;rolnicze;Ciągnik;WZORZEC;Ciągnik
MO9_37875;BKT;AGRIMAX RT945 E;320/90R46 BKT AGRIMAX RT945 E 148D/151A8;rolnicze;Ciągnik;WZORZEC;Ciągnik
MO9_34602;BKT;PACMASTER;11.00x20 BKT PACMASTER 16PR TT;przemysłowe;Ciągnik;WZORZEC;Ciągnik
MO9_30716;BKT;AT 603;12.5/80x18 BKT AT 603 12PR TL;przemysłowe;Ciągnik;WZORZEC;Ciągnik
MO9_29937;BKT;AGRIMAX V-FLECTO;600/60R38 BKT AGRIMAX V-FLECTO 166D TL;rolnicze;Ciągnik;WZORZEC;Ciągnik
MO9_27235;BKT;MULTIMAX MP522 E;12.5R20 BKT MULTIMAX MP522 E 144A8/B;przemysłowe;Ciągnik;WZORZEC;Ciągnik
MO9_26493;BKT;AGRIMAX RT600;680/85R32 BKT AGRIMAX RT600 179D;rolnicze;Ciągnik;WZORZEC;Ciągnik
MO9_25122;BKT;LIFT MAX LM81 NOWOŚĆ 146A5;7.50R15 BKT LIFT MAX LM81 NOWOŚĆ 146A5 146A5 TL;przemysłowe;Ciągnik;WZORZEC;Ciągnik
MO9_19460;BKT;MULTIMAX MP527 E;16.0/70R20 BKT MULTIMAX MP527 E 149A8/B;przemysłowe;Ciągnik;WZORZEC;Ciągnik
MO9_18179;BKT;PACMASTER;11.00x20 BKT PACMASTER 18PR TT;przemysłowe;Ciągnik;WZORZEC;Ciągnik
MO9_16429;BKT;AGRIMAX V-FLECTO E;650/60R38 BKT AGRIMAX V-FLECTO E 166D TL;rolnicze;Ciągnik;WZORZEC;Ciągnik
MO9_15564;BKT;GIANT TRAX;12x16.5 BKT GIANT TRAX 14PR TL;przemysłowe;Ciągnik;WZORZEC;Ciągnik
MO9_14375;BKT;EARTHMAX SR35 CR E-3** L-3*;750/65R25 BKT EARTHMAX SR35 CR E-3** L-3* TL;przemysłowe;Ciągnik;WZORZEC;Ciągnik
MO9_11049;BKT;AGRIMAX V-FLECTO E;520/60R28 BKT AGRIMAX V-FLECTO E 149D TL;rolnicze;Ciągnik;WZORZEC;Ciągnik
MO9_8990;BKT;AGRIMAX V-FLECTO E;710/60R42 BKT AGRIMAX V-FLECTO E 173D TL;rolnicze;Ciągnik;WZORZEC;Ciągnik
MO9_8478;BKT;MULTIMAX MP527 E;12.5R20 BKT MULTIMAX MP527 E 144A8/B;przemysłowe;Ciągnik;WZORZEC;Ciągnik
MO9_8190;BKT;AGRIMAXFORCE E;650/60R34 BKT AGRIMAXFORCE E 165D;rolnicze;Ciągnik;WZORZEC;Ciągnik
MO9_3743;BKT;SP SK;10x16.5 BKT SP SK 10PR TL;przemysłowe;Ciągnik;WZORZEC;Ciągnik
MO3_1258018BKTat603;BKT;AT 603;12.5/80-18 BKT AT 603 12PR TL;przemysłowe;Ciągnik;WZORZEC;Ciągnik
MO5_BRRR38052070DVXR0;Bridgestone;VX- TRACTOR;520/70R38 Bridgestone VX- TRACTOR 150D/147E TL;rolnicze;Ciągnik;PEWNE;Ciągnik
MO5_BRRR34065060DVTT0;Bridgestone;VT-TRACTOR;650/60R34 Bridgestone VT-TRACTOR 165D/162E TL;rolnicze;Ciągnik;PEWNE;Ciągnik
MO5_BRRR34052070DVXR0;Bridgestone;VX- TRACTOR;520/70R34 Bridgestone VX- TRACTOR 148D/145E TL;rolnicze;Ciągnik;PEWNE;Ciągnik
MO5_BRRR30060070DVXT0;Bridgestone;VX-TRACTOR;600/70R30 Bridgestone VX-TRACTOR 158D/155E TL;rolnicze;Ciągnik;PEWNE;Ciągnik
MO5_BRRR30042085DVXR0;Bridgestone;VX- TRACTOR;420/85R30 Bridgestone VX- TRACTOR 140D/137E TL;rolnicze;Ciągnik;PEWNE;Ciągnik
MO5_BRRR28042085DVXR0;Bridgestone;VX- TRACTOR;420/85R28 Bridgestone VX- TRACTOR 139D/136E TL;rolnicze;Ciągnik;PEWNE;Ciągnik
MO5_BRRR24054065DVXR0;Bridgestone;VX- TRACTOR;540/65R24 Bridgestone VX- TRACTOR 140D/137E TL;rolnicze;Ciągnik;PEWNE;Ciągnik
MO5_BRRR24048065DVXT0;Bridgestone;VX-TRACTOR;480/65R24 Bridgestone VX-TRACTOR 140D/137E TL;rolnicze;Ciągnik;PEWNE;Ciągnik
MO5_BRRR24042085DVXR0;Bridgestone;VX- TRACTOR;420/85R24 Bridgestone VX- TRACTOR 137D/134E TL;rolnicze;Ciągnik;PEWNE;Ciągnik
MO5_BRRR24038085DVXR0;Bridgestone;VX- TRACTOR;380/85R24 Bridgestone VX- TRACTOR 131D/128E TL;rolnicze;Ciągnik;PEWNE;Ciągnik
MO5_BRRR24036070DVXR0;Bridgestone;VX- TRACTOR;360/70R24 Bridgestone VX- TRACTOR 122D/119E TL;rolnicze;Ciągnik;PEWNE;Ciągnik
MO5_BRRR24034085DVXR0;Bridgestone;VX- TRACTOR;340/85R24 Bridgestone VX- TRACTOR 125D/122E TL;rolnicze;Ciągnik;PEWNE;Ciągnik
MO5_BRRR24032085DVXR0;Bridgestone;VX- TRACTOR;320/85R24 Bridgestone VX- TRACTOR 122D/119E TL;rolnicze;Ciągnik;PEWNE;Ciągnik
MO5_BRRR24032070DVXR0;Bridgestone;VX- TRACTOR;320/70R24 Bridgestone VX- TRACTOR 116D/113E TL;rolnicze;Ciągnik;PEWNE;Ciągnik
MO3_4806528BRvxr;Bridgestone;VX Tractor;480/65R28 Bridgestone VX Tractor 136D TL;rolnicze;Ciągnik;PEWNE;Ciągnik
MO3_5406534BRvxr;Bridgestone;VX Tractor;540/65R34 Bridgestone VX Tractor 145D/142E TL;rolnicze;Ciągnik;PEWNE;Ciągnik
MO3_4608542BRVX-T;Bridgestone;VX Tractor;460/85R42 Bridgestone VX Tractor 156D/153E TL;rolnicze;Ciągnik;PEWNE;Ciągnik
MO3_5208538BRvxr;Bridgestone;VX Tractor;520/85R38 Bridgestone VX Tractor 155D/152E TL;rolnicze;Ciągnik;PEWNE;Ciągnik
MO3_4208528BRvxr;Bridgestone;VX Tractor;420/85R28 Bridgestone VX Tractor 139D/136E TL;rolnicze;Ciągnik;PEWNE;Ciągnik
MO3_4208534BRvxr;Bridgestone;VX Tractor;420/85R34 Bridgestone VX Tractor 142D/139E TL;rolnicze;Ciągnik;PEWNE;Ciągnik
MO3_4208538BRvxr;Bridgestone;VX Tractor;420/85R38 Bridgestone VX Tractor 144D/141E TL;rolnicze;Ciągnik;PEWNE;Ciągnik
MO3_6506538BRvxr;Bridgestone;VX Tractor;650/65R38 Bridgestone VX Tractor 157D/154E TL;rolnicze;Ciągnik;PEWNE;Ciągnik
MO3_5406528BRvxr;Bridgestone;VX Tractor;540/65R28 Bridgestone VX Tractor 142D/139E TL;rolnicze;Ciągnik;PEWNE;Ciągnik
MO3_4807038BRvxr;Bridgestone;VX Tractor;480/70R38 Bridgestone VX Tractor 145D/142E TL;rolnicze;Ciągnik;PEWNE;Ciągnik
MO3_4406528BRvxr;Bridgestone;VX Tractor;440/65R28 Bridgestone VX Tractor 131D/128E TL;rolnicze;Ciągnik;PEWNE;Ciągnik
MO3_4406524BRvxr;Bridgestone;VX Tractor;440/65R24 Bridgestone VX Tractor 128D/125E TL;rolnicze;Ciągnik;PEWNE;Ciągnik
MO3_5807038BRvxr;Bridgestone;VX Tractor;580/70R38 Bridgestone VX Tractor 155D/152E TL;rolnicze;Ciągnik;PEWNE;Ciągnik
MO3_4208530BRvxr;Bridgestone;VX Tractor;420/85R30 Bridgestone VX Tractor 140D/137E TL;rolnicze;Ciągnik;PEWNE;Ciągnik
MO3_3807024BRvxr;Bridgestone;VX Tractor;380/70R24 Bridgestone VX Tractor 125D/122E TL;rolnicze;Ciągnik;PEWNE;Ciągnik
MO3_4207024BRvxr;Bridgestone;VX Tractor;420/70R24 Bridgestone VX Tractor 130D/127E TL;rolnicze;Ciągnik;PEWNE;Ciągnik
MO3_4208524BRvxr;Bridgestone;VX Tractor;420/85R24 Bridgestone VX Tractor 137D/134E TL;rolnicze;Ciągnik;PEWNE;Ciągnik
MO3_4608538BRvxr;Bridgestone;VX Tractor;460/85R38 Bridgestone VX Tractor 149D/146E TL;rolnicze;Ciągnik;PEWNE;Ciągnik
MO3_4608534BRvxr;Bridgestone;VX Tractor;460/85R34 Bridgestone VX Tractor 147D/144E TL;rolnicze;Ciągnik;PEWNE;Ciągnik
MO3_3808528BRvxr;Bridgestone;VX Tractor;380/85R28 Bridgestone VX Tractor 133D/130E TL;rolnicze;Ciągnik;PEWNE;Ciągnik
MO3_5807042BRVX-T;Bridgestone;VX Tractor;580/70R42 Bridgestone VX Tractor 162D/159E TL;rolnicze;Ciągnik;PEWNE;Ciągnik
MO3_6006538BRvxr;Bridgestone;VX Tractor;600/65R38 Bridgestone VX Tractor 153D/150E TL;rolnicze;Ciągnik;PEWNE;Ciągnik
MO3_4807028BRvxr;Bridgestone;VX Tractor;480/70R28 Bridgestone VX Tractor 140D/137E TL;rolnicze;Ciągnik;PEWNE;Ciągnik
MO3_5207038BRvxr;Bridgestone;VX Tractor;520/70R38 Bridgestone VX Tractor 150D/147E TL;rolnicze;Ciągnik;PEWNE;Ciągnik
MO3_5207034BRvxr;Bridgestone;VX Tractor;520/70R34 Bridgestone VX Tractor 148D/145E TL;rolnicze;Ciągnik;PEWNE;Ciągnik
MO3_4806524BRVX-T;Bridgestone;VX Tractor;480/65R24 Bridgestone VX Tractor 140D/137E TL;rolnicze;Ciągnik;PEWNE;Ciągnik
MO3_3408524BRvxr;Bridgestone;VX Tractor;340/85R24 Bridgestone VX Tractor 125D/122E TL;rolnicze;Ciągnik;PEWNE;Ciągnik
MO2_6948;Bridgestone;VT-TRACTOR;480/65R28 Bridgestone VT-TRACTOR 148D/145E TL;rolnicze;Ciągnik;PEWNE;Ciągnik
MO2_28174;Bridgestone;VX-R TRACTOR;600/65R38 Bridgestone VX-R TRACTOR 153D/150E TL;rolnicze;Ciągnik;PEWNE;Ciągnik
MO2_28172;Bridgestone;VX-R TRACTOR;600/65R34 Bridgestone VX-R TRACTOR 151D/148E TL;rolnicze;Ciągnik;PEWNE;Ciągnik
MO2_28158;Bridgestone;VX-R TRACTOR;480/65R24 Bridgestone VX-R TRACTOR 133D/130E TL;rolnicze;Ciągnik;PEWNE;Ciągnik
MO2_28146;Bridgestone;VX-R TRACTOR;520/70R34 Bridgestone VX-R TRACTOR 148D/145E TL;rolnicze;Ciągnik;PEWNE;Ciągnik
MO2_28135;Bridgestone;VX-R TRACTOR;420/70R28 Bridgestone VX-R TRACTOR 133D/130E TL;rolnicze;Ciągnik;PEWNE;Ciągnik
MO2_28104;Bridgestone;VX-R TRACTOR;380/85R28 Bridgestone VX-R TRACTOR 133D/130E TL;rolnicze;Ciągnik;PEWNE;Ciągnik
MO2_28100;Bridgestone;VX-R TRACTOR;380/70R24 Bridgestone VX-R TRACTOR 125D/122E TL;rolnicze;Ciągnik;PEWNE;Ciągnik
MO2_28095;Bridgestone;VX-R TRACTOR;360/70R24 Bridgestone VX-R TRACTOR 122D/119E TL;rolnicze;Ciągnik;PEWNE;Ciągnik
MO2_28087;Bridgestone;VX-TRACTOR;13.6R24 Bridgestone VX-TRACTOR 125D/122E TL;rolnicze;Ciągnik;PEWNE;Ciągnik
MO2_28049;Bridgestone;VT TRACTOR;900/65R46 Bridgestone VT TRACTOR 193D/190E TL;rolnicze;Ciągnik;PEWNE;Ciągnik
MO2_19754;Bridgestone;VX-TRACTOR;480/70R24 Bridgestone VX-TRACTOR 143D/140E TL;rolnicze;Ciągnik;PEWNE;Ciągnik
MO2_17024;Bridgestone;VX-TRACTOR;380/70R24 Bridgestone VX-TRACTOR 130D/127E TL;rolnicze;Ciągnik;PEWNE;Ciągnik
MO2_13434;Bridgestone;VX-TRACTOR;14.9R24 Bridgestone VX-TRACTOR 137D/134E TL;rolnicze;Ciągnik;PEWNE;Ciągnik
MO2_13432;Bridgestone;VX-TRACTOR;580/70R38 Bridgestone VX-TRACTOR 160D/157E TL;rolnicze;Ciągnik;PEWNE;Ciągnik
MO2_13405;Bridgestone;VX-TRACTOR;480/70R28 Bridgestone VX-TRACTOR 145D/142E TL;rolnicze;Ciągnik;PEWNE;Ciągnik
MO2_13390;Bridgestone;VX-TRACTOR;540/65R38 Bridgestone VX-TRACTOR 153D/150E TL;rolnicze;Ciągnik;PEWNE;Ciągnik
MO2_10456;Bridgestone;VT-TRACTOR;600/70R30 Bridgestone VT-TRACTOR 165D/161E TL;rolnicze;Ciągnik;PEWNE;Ciągnik
MO2_10452;Bridgestone;VT-TRACTOR;VF600/65R28 Bridgestone VT-TRACTOR 159D/156E TL;rolnicze;Ciągnik;PEWNE;Ciągnik
MO5_BRCR225F1000K8401;Bridgestone;M840;11R22.5 Bridgestone M840 148/145K TL M+S 3PMSF;ciężarowe;Ciągnik;WZORZEC;Ciągnik
MO5_BRCR22538565K68P6;Bridgestone;R168+;385/65R22.5 Bridgestone R168+ 160K TL M+S 3PMSF;ciężarowe;Ciągnik;WZORZEC;Ciągnik
MO5_BRCR22531570M7491;Bridgestone;STEEL M749;315/70R22.5 Bridgestone -STEEL M749 152/148M TL M+S 3PMSF;ciężarowe;Ciągnik;WZORZEC;Ciągnik
MO5_BRCR22527570K8402;Bridgestone;M840;275/70R22.5 Bridgestone M840 148/145K M+S 3PMSF;ciężarowe;Ciągnik;WZORZEC;Ciągnik
MO5_BRCR22527570JUA21;Bridgestone;AP2;275/70R22.5 Bridgestone -AP2 152/149J TL M+S 3PMSF;ciężarowe;Ciągnik;WZORZEC;Ciągnik
MO5_BRCR22513080K8401;Bridgestone;M840 EVO;13R22.5 Bridgestone M840 EVO 158/156K TL M+S 3PMSF;ciężarowe;Ciągnik;WZORZEC;Ciągnik
MO5_BRCR175D9500J1682;Bridgestone;R168;9.5R17.5 Bridgestone R168 143/141J TL;ciężarowe;Ciągnik;WZORZEC;Ciągnik
MO4_BRCR22538565K68P6;Bridgestone;R168+;385/65R22.5 Bridgestone R168+ 160K TL M+S 3PMSF;ciężarowe;Ciągnik;WZORZEC;Ciągnik
MO2_31373;Bridgestone;R168+;385/65R22.5 Bridgestone R168+ 160K/158L 3PMSF M+S;ciężarowe;Ciągnik;WZORZEC;Ciągnik
MO2_30606;Bridgestone;U-AP002;275/70R22.5 Bridgestone U-AP002 152J/150K 3PMSF M+S;ciężarowe;Ciągnik;WZORZEC;Ciągnik
MO2_25920;Bridgestone;V-STEEL MIX M840;275/70R22.5 Bridgestone V-STEEL MIX M840 148/145K 3PMSF M+S;ciężarowe;Ciągnik;WZORZEC;Ciągnik
MO2_25917;Bridgestone;M840;11R22.5 Bridgestone M840 148K/145L 3PMSF;ciężarowe;Ciągnik;WZORZEC;Ciągnik
MO2_19540;Bridgestone;M840;10R22.5 Bridgestone M840 144/142K;ciężarowe;Ciągnik;WZORZEC;Ciągnik
MO2_19539;Bridgestone;M840;10R17.5 Bridgestone M840 143/141J 3PMSF M+S;ciężarowe;Ciągnik;WZORZEC;Ciągnik
MO2_16816;Bridgestone;U-AP002;245/70R19.5 Bridgestone U-AP002 136L 3PMSF;ciężarowe;Ciągnik;WZORZEC;Ciągnik
MO1_15128925;CEAT;Farmax R70;710/70R42 CEAT Farmax R70 176A8/173D TL;rolnicze;Ciągnik;PEWNE;Ciągnik
MO1_15128920;CEAT;Farmax R70;580/70R42 CEAT Farmax R70 161A8/158D TL;rolnicze;Ciągnik;PEWNE;Ciągnik
MO1_15128915;CEAT;Farmax R70;710/70R38 CEAT Farmax R70 172A8/172B TL;rolnicze;Ciągnik;PEWNE;Ciągnik
MO1_15128901;CEAT;Farmax R70;520/70R38 CEAT Farmax R70 153A8/150D TL;rolnicze;Ciągnik;PEWNE;Ciągnik
MO1_15128881;CEAT;Farmax R70;520/70R34 CEAT Farmax R70 148A8/148B TL;rolnicze;Ciągnik;PEWNE;Ciągnik
MO1_15128875;CEAT;Farmax R70;600/70R30 CEAT Farmax R70 152A8/152B TL;rolnicze;Ciągnik;PEWNE;Ciągnik
MO1_15128864;CEAT;Farmax R70;480/70R30 CEAT Farmax R70 141A8/141B TL;rolnicze;Ciągnik;PEWNE;Ciągnik
MO1_15128843;CEAT;Farmax R70;420/70R28 CEAT Farmax R70 136A8/133D TL;rolnicze;Ciągnik;PEWNE;Ciągnik
MO1_15128830;CEAT;Farmax R70;480/70R24 CEAT Farmax R70 138A8/138B TL;rolnicze;Ciągnik;PEWNE;Ciągnik
MO1_15128829;CEAT;Farmax R70;420/70R24 CEAT Farmax R70 133A8/130D TL;rolnicze;Ciągnik;PEWNE;Ciągnik
MO1_15128827;CEAT;Farmax R70;380/70R24 CEAT Farmax R70 128A8/125D TL;rolnicze;Ciągnik;PEWNE;Ciągnik
MO1_15128805;CEAT;Farmax HPT;650/85R38 CEAT Farmax HPT 176A8/173D TL;rolnicze;Ciągnik;PEWNE;Ciągnik
MO1_15128800;CEAT;Farmax R70;280/70R16 CEAT Farmax R70 112A8/112B TL;rolnicze;Ciągnik;PEWNE;Ciągnik
MO1_15128794;CEAT;Farmax R85;520/85R42 CEAT Farmax R85 172A8/169D TL;rolnicze;Ciągnik;PEWNE;Ciągnik
MO1_15128693;CEAT;Farmax R85;420/85R34 CEAT Farmax R85 145A8/142D TL;rolnicze;Ciągnik;PEWNE;Ciągnik
MO1_15128652;CEAT;Farmax R85;420/85R30 CEAT Farmax R85 143A8/140D TL;rolnicze;Ciągnik;PEWNE;Ciągnik
MO1_15128602;CEAT;Farmax R85;380/85R28 CEAT Farmax R85 136A8/133D TL;rolnicze;Ciągnik;PEWNE;Ciągnik
MO1_15128582;CEAT;Farmax R85;380/85R24 CEAT Farmax R85 134A8/131D TL;rolnicze;Ciągnik;PEWNE;Ciągnik
MO1_15128581;CEAT;Farmax R85;380/85R24 CEAT Farmax R85 131A8/131B TL;rolnicze;Ciągnik;PEWNE;Ciągnik
MO1_15127865;CEAT;Farmax R70;480/70R30 CEAT Farmax R70 147D/150A8 TL;rolnicze;Ciągnik;PEWNE;Ciągnik
MO1_15127799;CEAT;Farmax RC;380/90R46 CEAT Farmax RC 165A8/165B TL;rolnicze;Ciągnik;PEWNE;Ciągnik
MO1_15127789;CEAT;Farmax RC;320/90R42 CEAT Farmax RC 147A8/144D TL;rolnicze;Ciągnik;PEWNE;Ciągnik
MO1_15127520;CEAT;Farmax R85;280/85R20 CEAT Farmax R85 112A8/112B TL;rolnicze;Ciągnik;PEWNE;Ciągnik
MO1_15127412;CEAT;Farmax R80;420/80R46 CEAT Farmax R80 162A8/159D TL;rolnicze;Ciągnik;PEWNE;Ciągnik
MO1_15126984;CEAT;Torquemax;VF710/75R42 CEAT Torquemax 184D SB TL;rolnicze;Ciągnik;PEWNE;Ciągnik
MO1_15126983;CEAT;Torquemax;VF710/70R42 CEAT Torquemax 185D SB TL;rolnicze;Ciągnik;PEWNE;Ciągnik
MO1_15126981;CEAT;Torquemax;VF710/70R42 CEAT Torquemax 185D TL;rolnicze;Ciągnik;PEWNE;Ciągnik
MO1_15126980;CEAT;Torquemax;IF710/70R42 CEAT Torquemax 179D TL;rolnicze;Ciągnik;PEWNE;Ciągnik
MO1_15126900;CEAT;Torquemax;IF520/85R38 CEAT Torquemax 167D TL;rolnicze;Ciągnik;PEWNE;Ciągnik
MO1_15126860;CEAT;Torquemax;VF650/65R34 CEAT Torquemax 167D SB TL;rolnicze;Ciągnik;PEWNE;Ciągnik
MO1_15126853;CEAT;Torquemax;IF600/70R34 CEAT Torquemax 167D TL;rolnicze;Ciągnik;PEWNE;Ciągnik
MO1_15126851;CEAT;Torquemax;VF650/60R34 CEAT Torquemax 168D TL;rolnicze;Ciągnik;PEWNE;Ciągnik
MO1_15126850;CEAT;Torquemax;VF650/60R34 CEAT Torquemax 168D SB TL;rolnicze;Ciągnik;PEWNE;Ciągnik
MO1_15126847;CEAT;Torquemax;VF600/70R30 CEAT Torquemax 170D SB TL;rolnicze;Ciągnik;PEWNE;Ciągnik
MO1_15126828;CEAT;Farmax R65;650/65R42 CEAT Farmax R65 158D TL;rolnicze;Ciągnik;PEWNE;Ciągnik
MO1_15126811;CEAT;Farmax R65;600/65R34 CEAT Farmax R65 157D TL;rolnicze;Ciągnik;PEWNE;Ciągnik
MO1_15126805;CEAT;Farmax HPT;650/85R38 CEAT Farmax HPT 173A8/170D TL;rolnicze;Ciągnik;PEWNE;Ciągnik
MO1_15126799;CEAT;Farmax R65;540/65R38 CEAT Farmax R65 153D TL;rolnicze;Ciągnik;PEWNE;Ciągnik
MO1_15126786;CEAT;Farmax R65;540/65R34 CEAT Farmax R65 152D TL;rolnicze;Ciągnik;PEWNE;Ciągnik
MO1_15126778;CEAT;Farmax R65;600/65R30 CEAT Farmax R65 155D TL;rolnicze;Ciągnik;PEWNE;Ciągnik
MO1_15126771;CEAT;Farmax R65;540/65R30 CEAT Farmax R65 150D TL;rolnicze;Ciągnik;PEWNE;Ciągnik
MO1_15126757;CEAT;Farmax R65;440/65R28 CEAT Farmax R65 138D TL;rolnicze;Ciągnik;PEWNE;Ciągnik
MO1_15126753;CEAT;Farmax R65;600/65R28 CEAT Farmax R65 154D TL;rolnicze;Ciągnik;PEWNE;Ciągnik
MO1_15126735;CEAT;Farmax R65;440/65R24 CEAT Farmax R65 128D TL;rolnicze;Ciągnik;PEWNE;Ciągnik
MO1_15126734;CEAT;Farmax R65;440/65R24 CEAT Farmax R65 138A8/135D TL;rolnicze;Ciągnik;PEWNE;Ciągnik
MO1_15126733;CEAT;Farmax R65;540/65R24 CEAT Farmax R65 146D TL;rolnicze;Ciągnik;PEWNE;Ciągnik
MO1_15126732;CEAT;Farmax R65;480/65R24 CEAT Farmax R65 143A8/140D TL;rolnicze;Ciągnik;PEWNE;Ciągnik
MO1_15126731;CEAT;Farmax R65;540/65R24 CEAT Farmax R65 140D TL;rolnicze;Ciągnik;PEWNE;Ciągnik
MO1_15126701;CEAT;Farmax RC;320/90R54 CEAT Farmax RC 156A8/153D TL;rolnicze;Ciągnik;PEWNE;Ciągnik
MO1_15126682;CEAT;Farmax RC;300/95R52 CEAT Farmax RC 152A8/149D TL;rolnicze;Ciągnik;PEWNE;Ciągnik
MO1_15126678;CEAT;Farmax RC;320/90R50 CEAT Farmax RC 153A8/150D TL;rolnicze;Ciągnik;PEWNE;Ciągnik
MO1_15126670;CEAT;Farmax RC;270/95R46 CEAT Farmax RC 144A8/141D TL;rolnicze;Ciągnik;PEWNE;Ciągnik
MO1_15126669;CEAT;Farmax RC;270/95R44 CEAT Farmax RC 145A8/142D TL;rolnicze;Ciągnik;PEWNE;Ciągnik
MO1_15126395;CEAT;Farmax RC;340/85R48 CEAT Farmax RC 151A8/148D TL;rolnicze;Ciągnik;PEWNE;Ciągnik
MO1_15126365;CEAT;Farmax RC;270/95R48 CEAT Farmax RC 145A8/142D TL;rolnicze;Ciągnik;PEWNE;Ciągnik
MO1_15126335;CEAT;Farmax RC;230/95R48 CEAT Farmax RC 139A8/136D TL;rolnicze;Ciągnik;PEWNE;Ciągnik
MO1_15126310;CEAT;Farmax RC;340/85R46 CEAT Farmax RC 153A8/150D TL;rolnicze;Ciągnik;PEWNE;Ciągnik
MO1_15126306;CEAT;Farmax RC;300/95R46 CEAT Farmax RC 151A8/148D TL;rolnicze;Ciągnik;PEWNE;Ciągnik
MO1_15126255;CEAT;Farmax RC;230/95R44 CEAT Farmax RC 137A8/134D TL;rolnicze;Ciągnik;PEWNE;Ciągnik
MO1_15126193;CEAT;Farmax RC;270/95R42 CEAT Farmax RC 142A8/139D TL;rolnicze;Ciągnik;PEWNE;Ciągnik
MO1_15126191;CEAT;Farmax RC;230/95R42 CEAT Farmax RC 136A8/133D TL;rolnicze;Ciągnik;PEWNE;Ciągnik
MO1_15126188;CEAT;Farmax RC;230/95R40 CEAT Farmax RC 135A8/132D TL;rolnicze;Ciągnik;PEWNE;Ciągnik
MO1_15126186;CEAT;Farmax RC;270/95R38 CEAT Farmax RC 143A8/140D TL;rolnicze;Ciągnik;PEWNE;Ciągnik
MO1_15126165;CEAT;Farmax RC;270/95R36 CEAT Farmax RC 139A8/136D TL;rolnicze;Ciągnik;PEWNE;Ciągnik
MO1_15126150;CEAT;Farmax RC;230/95R36 CEAT Farmax RC 130A8/130D TL;rolnicze;Ciągnik;PEWNE;Ciągnik
MO1_15126125;CEAT;Farmax RC;270/95R32 CEAT Farmax RC 136A8/133D TL;rolnicze;Ciągnik;PEWNE;Ciągnik
MO1_15126100;CEAT;Farmax RC;230/95R32 CEAT Farmax RC 131A8/128D TL;rolnicze;Ciągnik;PEWNE;Ciągnik
MO1_15126070;CEAT;Farmax RC;210/95R32 CEAT Farmax RC 120A8/117D TL;rolnicze;Ciągnik;PEWNE;Ciągnik
MO1_15125107;CEAT;Farmax R65;480/65R28 CEAT Farmax R65 136D TL;rolnicze;Ciągnik;PEWNE;Ciągnik
MO1_15125106;CEAT;Farmax R65;480/65R28 CEAT Farmax R65 142D TL;rolnicze;Ciągnik;PEWNE;Ciągnik
MO1_15125013;CEAT;Farmax R65;340/65R18 CEAT Farmax R65 122D TL;rolnicze;Ciągnik;PEWNE;Ciągnik
MO1_15125010;CEAT;Farmax R65;320/65R18 CEAT Farmax R65 109D TL;rolnicze;Ciągnik;PEWNE;Ciągnik
MO1_15125000;CEAT;Farmax R65;320/65R16 CEAT Farmax R65 117D TL;rolnicze;Ciągnik;PEWNE;Ciągnik
MO1_15122805;CEAT;Farmax;18.4-38 CEAT Farmax 152A8 12PR TT;rolnicze;Ciągnik;PEWNE;Ciągnik
MO1_15122803;CEAT;Farmax;16.9-38 CEAT Farmax 143A8 10PR TT;rolnicze;Ciągnik;PEWNE;Ciągnik
MO1_15122802;CEAT;Farmax;16.9-38 CEAT Farmax 141A8 8PR TT;rolnicze;Ciągnik;PEWNE;Ciągnik
MO1_15122785;CEAT;Farmax;15.5-38 CEAT Farmax 137A8 10PR TT;rolnicze;Ciągnik;PEWNE;Ciągnik
MO1_15122733;CEAT;Farmax;18.4-34 CEAT Farmax 142A8 8PR TT;rolnicze;Ciągnik;PEWNE;Ciągnik
MO1_15122591;CEAT;Farmax;18.4-30 CEAT Farmax 149A8 12PR TT;rolnicze;Ciągnik;PEWNE;Ciągnik
MO1_15122574;CEAT;Farmax;16.9-30 CEAT Farmax 140A8 10PR TT;rolnicze;Ciągnik;PEWNE;Ciągnik
MO1_15122531;CEAT;Farmax;16.9-28 CEAT Farmax 143A8 12PR TT;rolnicze;Ciągnik;PEWNE;Ciągnik
MO1_15122458;CEAT;Farmax;13.6-28 CEAT Farmax 125A8 8PR TT;rolnicze;Ciągnik;PEWNE;Ciągnik
MO1_15122435;CEAT;Farmax;12.4-28 CEAT Farmax 123A8 8PR TT;rolnicze;Ciągnik;PEWNE;Ciągnik
MO1_15122415;CEAT;Farmax;11.2-28 CEAT Farmax 118A8 8PR TT;rolnicze;Ciągnik;PEWNE;Ciągnik
MO1_15122301;CEAT;Farmax;18.4-26 CEAT Farmax 146A8 12PR TT;rolnicze;Ciągnik;PEWNE;Ciągnik
MO1_15122267;CEAT;Farmax;16.9-24 CEAT Farmax 133A8 8PR TT;rolnicze;Ciągnik;PEWNE;Ciągnik
MO1_15122213;CEAT;Farmax;14.9-24 CEAT Farmax 128A8 8PR TT;rolnicze;Ciągnik;PEWNE;Ciągnik
MO1_15122211;CEAT;Farmax;13.6-24 CEAT Farmax 122A8 8PR TT;rolnicze;Ciągnik;PEWNE;Ciągnik
MO1_15122192;CEAT;Farmax;12.4-24 CEAT Farmax 121A8 8PR TT;rolnicze;Ciągnik;PEWNE;Ciągnik
MO1_15122191;CEAT;Farmax;11.2-24 CEAT Farmax 116A8 8PR TT;rolnicze;Ciągnik;PEWNE;Ciągnik
MO1_15122172;CEAT;Farmax;9.5-24 CEAT Farmax 112A8 8PR TT;rolnicze;Ciągnik;PEWNE;Ciągnik
MO1_15122154;CEAT;Farmax;8.3-24 CEAT Farmax 105A8 8PR TT;rolnicze;Ciągnik;PEWNE;Ciągnik
MO1_15121200;CEAT;Farmax F2;7.50-20 CEAT Farmax F2 108A6 8PR TT;rolnicze;Ciągnik;PEWNE;Ciągnik
MO1_15121180;CEAT;Farmax F2;7.50-18 CEAT Farmax F2 106A6/98A8 8PR TT;rolnicze;Ciągnik;PEWNE;Ciągnik
MO1_15121142;CEAT;Farmax F2;10.00-16 CEAT Farmax F2 115A6 8PR TT;rolnicze;Ciągnik;PEWNE;Ciągnik
MO1_15121140;CEAT;Farmax F2M;10.00-16 CEAT Farmax F2M 110A8 8PR TT;rolnicze;Ciągnik;PEWNE;Ciągnik
MO1_15121130;CEAT;Farmax F2;7.50-16 CEAT Farmax F2 103A6/96A8 8PR TT;rolnicze;Ciągnik;PEWNE;Ciągnik
MO1_15121125;CEAT;Farmax F2;6.50-16 CEAT Farmax F2 91A6 6PR TT;rolnicze;Ciągnik;PEWNE;Ciągnik
MO1_15121120;CEAT;Farmax F2;6.00-16 CEAT Farmax F2 88A6 6PR TT;rolnicze;Ciągnik;PEWNE;Ciągnik
MO1_15121100;CEAT;Farmax F2;5.50-16 CEAT Farmax F2 86A6/78A8 6PR TT;rolnicze;Ciągnik;PEWNE;Ciągnik
MO1_10007500;CEAT;Farmax R1;12.4-36 CEAT Farmax R1 135A8 12PR TT;rolnicze;Ciągnik;PEWNE;Ciągnik
MO1_10007499;CEAT;Farmax R1;18.4-26 CEAT Farmax R1 144A8 10PR TT;rolnicze;Ciągnik;PEWNE;Ciągnik
MO1_10007498;CEAT;Farmax R1;9.5-22 CEAT Farmax R1 106A8 8PR TT;rolnicze;Ciągnik;PEWNE;Ciągnik
MO1_10005899;CEAT;Farmax R65 X3;480/65R28 CEAT Farmax R65 X3 142D TL;rolnicze;Ciągnik;PEWNE;Ciągnik
MO1_10004937;CEAT;Farmax R70;380/70R24 CEAT Farmax R70 128A8/125D TL;rolnicze;Ciągnik;PEWNE;Ciągnik
MO1_10004925;CEAT;Farmax R80;480/80R46 CEAT Farmax R80 161A8/158D TL;rolnicze;Ciągnik;PEWNE;Ciągnik
MO1_10004773;CEAT;Farmax R65 X3;650/65R42 CEAT Farmax R65 X3 170D TL;rolnicze;Ciągnik;PEWNE;Ciągnik
MO1_10004700;CEAT;Farmax R65 X3;540/65R30 CEAT Farmax R65 X3 150D TL;rolnicze;Ciągnik;PEWNE;Ciągnik
MO1_10004699;CEAT;Farmax R65 X3;540/65R28 CEAT Farmax R65 X3 149D TL;rolnicze;Ciągnik;PEWNE;Ciągnik
MO1_10004589;CEAT;Torquemax;VF520/85R42 CEAT Torquemax 177A8/174D SB TL;rolnicze;Ciągnik;PEWNE;Ciągnik
MO1_10004301;CEAT;Torquemax;VF750/65R26 CFO CEAT Torquemax 180D SB TL;rolnicze;Ciągnik;PEWNE;Ciągnik
MO1_10004254;CEAT;MULTILOADMAX;440/80R24 CEAT MULTILOADMAX 161A8/156D SB TL;rolnicze;Ciągnik;PEWNE;Ciągnik
MO1_10004253;CEAT;MULTILOADMAX;540/80R38 CEAT MULTILOADMAX 172A8/167D SB TL;rolnicze;Ciągnik;PEWNE;Ciągnik
MO1_10003846;CEAT;MULTILOADMAX;250/80R16 CEAT MULTILOADMAX 127A8/123D SB TL;rolnicze;Ciągnik;PEWNE;Ciągnik
MO1_10003450;CEAT;MULTILOADMAX;480/80R34 CEAT MULTILOADMAX 164A8/159D SB TL;rolnicze;Ciągnik;PEWNE;Ciągnik
MO1_10003405;CEAT;Torquemax;VF650/65R38 NRO CEAT Torquemax 175D SB TL;rolnicze;Ciągnik;PEWNE;Ciągnik
MO1_10003404;CEAT;Farmax R85;420/85R34 CEAT Farmax R85 150A8/147D TL;rolnicze;Ciągnik;PEWNE;Ciągnik
MO1_10003362;CEAT;Torquemax;VF650/60R38 CEAT Torquemax 173D SB TL;rolnicze;Ciągnik;PEWNE;Ciągnik
MO1_10003361;CEAT;Torquemax;VF710/60R34 NRO CEAT Torquemax 173D SB TL;rolnicze;Ciągnik;PEWNE;Ciągnik
MO1_10003360;CEAT;MULTILOADMAX;360/80R28 CEAT MULTILOADMAX 146A8/142D SB TL;rolnicze;Ciągnik;PEWNE;Ciągnik
MO1_10003359;CEAT;MULTILOADMAX;360/80R24 CEAT MULTILOADMAX 150A8/145D SB TL;rolnicze;Ciągnik;PEWNE;Ciągnik
MO1_10003356;CEAT;MULTILOADMAX;360/70R20 CEAT MULTILOADMAX 136A8/131D SB TL;rolnicze;Ciągnik;PEWNE;Ciągnik
MO1_10003353;CEAT;MULTILOADMAX;265/70R16.5 CEAT MULTILOADMAX 130A2/123A8 SB TL;rolnicze;Ciągnik;PEWNE;Ciągnik
MO1_10002902;CEAT;Torquemax;VF650/85R38 CEAT Torquemax 182D SB TL;rolnicze;Ciągnik;PEWNE;Ciągnik
MO1_10002898;CEAT;Torquemax;VF600/60R30 NRO CEAT Torquemax 162D SB TL;rolnicze;Ciągnik;PEWNE;Ciągnik
MO1_10002670;CEAT;Torquemax;VF710/60R42 NRO CEAT Torquemax 173D SB TL;rolnicze;Ciągnik;PEWNE;Ciągnik
MO1_10002057;CEAT;Farmax R70;580/70R38 CEAT Farmax R70 183A8/180D TL;rolnicze;Ciągnik;PEWNE;Ciągnik
MO1_10001829;CEAT;Farmax R70;360/70R28 CEAT Farmax R70 128A8/125D TL;rolnicze;Ciągnik;PEWNE;Ciągnik
MO1_10001819;CEAT;Farmax R70;520/70R34 CEAT Farmax R70 151A8/148D TL;rolnicze;Ciągnik;PEWNE;Ciągnik
MO1_10001808;CEAT;Farmax R70;520/70R30 CEAT Farmax R70 148A8/145D TL;rolnicze;Ciągnik;PEWNE;Ciągnik
MO1_10001801;CEAT;Farmax R85;340/85R38 CEAT Farmax R85 136A8/133D TL;rolnicze;Ciągnik;PEWNE;Ciągnik
MO1_10001782;CEAT;Farmax R70;480/70R34 CEAT Farmax R70 152A8/149D TL;rolnicze;Ciągnik;PEWNE;Ciągnik
MO1_10001777;CEAT;Farmax R70;480/70R28 CEAT Farmax R70 154A8/151D TL;rolnicze;Ciągnik;PEWNE;Ciągnik
MO1_10001756;CEAT;Farmax R85;520/85R38 CEAT Farmax R85 172A8/169D TL;rolnicze;Ciągnik;PEWNE;Ciągnik
MO1_10001730;CEAT;Farmax R85;250/85R28 CEAT Farmax R85 115A8/112D TL;rolnicze;Ciągnik;PEWNE;Ciągnik
MO1_10001724;CEAT;Farmax R70;710/70R38 CEAT Farmax R70 175A8/172D TL;rolnicze;Ciągnik;PEWNE;Ciągnik
MO1_10001722;CEAT;Farmax R85;420/85R38 CEAT Farmax R85 147A8/144D TL;rolnicze;Ciągnik;PEWNE;Ciągnik
MO1_10001721;CEAT;Farmax R85;380/85R34 CEAT Farmax R85 140A8/137D TL;rolnicze;Ciągnik;PEWNE;Ciągnik
MO1_10001720;CEAT;Farmax R85;340/85R28 CEAT Farmax R85 130A8/127D TL;rolnicze;Ciągnik;PEWNE;Ciągnik
MO1_10001719;CEAT;Farmax R85;320/85R28 CEAT Farmax R85 127A8/124D TL;rolnicze;Ciągnik;PEWNE;Ciągnik
MO1_10001718;CEAT;Farmax R85;280/85R28 CEAT Farmax R85 121A8/118D TL;rolnicze;Ciągnik;PEWNE;Ciągnik
MO1_10001713;CEAT;Farmax R85;520/85R38 CEAT Farmax R85 158A8/155D TL;rolnicze;Ciągnik;PEWNE;Ciągnik
MO1_10001712;CEAT;Farmax R70;320/70R24 CEAT Farmax R70 119A8/116D TL;rolnicze;Ciągnik;PEWNE;Ciągnik
MO1_10001711;CEAT;Farmax R85;320/85R38 CEAT Farmax R85 146A8/143D TL;rolnicze;Ciągnik;PEWNE;Ciągnik
MO1_10001710;CEAT;Farmax R85;460/85R38 CEAT Farmax R85 152A8/149D TL;rolnicze;Ciągnik;PEWNE;Ciągnik
MO1_10001705;CEAT;Farmax R70;480/70R30 CEAT Farmax R70 144A8/141D TL;rolnicze;Ciągnik;PEWNE;Ciągnik
MO1_10001704;CEAT;Farmax R70;320/70R20 CEAT Farmax R70 126A8/123D TL;rolnicze;Ciągnik;PEWNE;Ciągnik
MO1_10001703;CEAT;Farmax R70;480/70R24 CEAT Farmax R70 141A8/138D TL;rolnicze;Ciągnik;PEWNE;Ciągnik
MO1_10001701;CEAT;Farmax R70;280/70R18 CEAT Farmax R70 117A8/114D TL;rolnicze;Ciągnik;PEWNE;Ciągnik
MO1_10001700;CEAT;Farmax R85;420/85R28 CEAT Farmax R85 142A8/139D TL;rolnicze;Ciągnik;PEWNE;Ciągnik
MO1_10001698;CEAT;Farmax R70;480/70R38 CEAT Farmax R70 148A8/145D TL;rolnicze;Ciągnik;PEWNE;Ciągnik
MO1_10001682;CEAT;Farmax R70;360/70R24 CEAT Farmax R70 125A8/122D TL;rolnicze;Ciągnik;PEWNE;Ciągnik
MO1_10001681;CEAT;Farmax R70;580/70R38 CEAT Farmax R70 158A8/155D TL;rolnicze;Ciągnik;PEWNE;Ciągnik
MO1_10001666;CEAT;Farmax R70;380/70R28 CEAT Farmax R70 130A8/127D TL;rolnicze;Ciągnik;PEWNE;Ciągnik
MO1_10001665;CEAT;Farmax R70;480/70R34 CEAT Farmax R70 146A8/143D TL;rolnicze;Ciągnik;PEWNE;Ciągnik
MO1_10001664;CEAT;Farmax R70;620/70R42 CEAT Farmax R70 176A8/173D TL;rolnicze;Ciągnik;PEWNE;Ciągnik
MO1_10001663;CEAT;Farmax R85;340/85R38 CEAT Farmax R85 151A8/148D TL;rolnicze;Ciągnik;PEWNE;Ciągnik
MO1_10001661;CEAT;Farmax R85;250/85R20 CEAT Farmax R85 119A8/116D TL;rolnicze;Ciągnik;PEWNE;Ciągnik
MO1_10001660;CEAT;Farmax R75;400/75R38 CEAT Farmax R75 141A8/138D TL;rolnicze;Ciągnik;PEWNE;Ciągnik
MO1_10001658;CEAT;Farmax R85;460/85R34 CEAT Farmax R85 150A8/147D TL;rolnicze;Ciągnik;PEWNE;Ciągnik
MO1_10001656;CEAT;Farmax R85;320/85R34 CEAT Farmax R85 144A8/141D TL;rolnicze;Ciągnik;PEWNE;Ciągnik
MO1_10001655;CEAT;Farmax R70;480/70R28 CEAT Farmax R70 143A8/140D TL;rolnicze;Ciągnik;PEWNE;Ciągnik
MO1_10001521;CEAT;Torquemax;VF900/60R38 NRO CEAT Torquemax 193D SB TL;rolnicze;Ciągnik;PEWNE;Ciągnik
MO1_10000775;CEAT;Farmax HPT;650/75R38 CEAT Farmax HPT 169D TL;rolnicze;Ciągnik;PEWNE;Ciągnik
MO1_10000658;CEAT;Torquemax;VF710/60R38 NRO CEAT Torquemax 171D SB TL;rolnicze;Ciągnik;PEWNE;Ciągnik
MO1_10000488;CEAT;Torquemax;VF600/60R28 NRO CEAT Torquemax 157D SB TL;rolnicze;Ciągnik;PEWNE;Ciągnik
MO1_10000345;CEAT;Farmax X3 TF;6.50-16 CEAT Farmax X3 TF 98A6 8PR TT;rolnicze;Ciągnik;PEWNE;Ciągnik
MO1_10000325;CEAT;Torquemax;VF540/65R30 NRO CEAT Torquemax 158D SB TL;rolnicze;Ciągnik;PEWNE;Ciągnik
MO1_10000322;CEAT;Farmax X3 TF;7.50-20 CEAT Farmax X3 TF 109A6 8PR TT;rolnicze;Ciągnik;PEWNE;Ciągnik
MO1_10000312;CEAT;Torquemax;VF800/70R38 CEAT Torquemax 187D SB TL;rolnicze;Ciągnik;PEWNE;Ciągnik
MO1_10000304;CEAT;Farmax RC;210/95R36 CEAT Farmax RC 121A8/118D TL;rolnicze;Ciągnik;PEWNE;Ciągnik
MO1_10000303;CEAT;Farmax RC;210/95R44 CEAT Farmax RC 123A8/120D TL;rolnicze;Ciągnik;PEWNE;Ciągnik
MO1_10000289;CEAT;Farmax RC;320/90R46 CEAT Farmax RC 149A8/146D TL;rolnicze;Ciągnik;PEWNE;Ciągnik
MO1_10000119;CEAT;Torquemax;VF650/65R34 CEAT Torquemax 170D SB TL;rolnicze;Ciągnik;PEWNE;Ciągnik
MO1_10000085;CEAT;Torquemax;VF650/65R42 NRO CEAT Torquemax 174D SB TL;rolnicze;Ciągnik;PEWNE;Ciągnik
MO1_15185312;CEAT;Lift Pro;460/70R24 CEAT Lift Pro 159A8/159B TL;przemysłowe;Ciągnik;WZORZEC;Ciągnik
MO1_15172541;CEAT;Grader XL;13.00-24 CEAT Grader XL 12PR TL;przemysłowe;Ciągnik;WZORZEC;Ciągnik
MO1_15172450;CEAT;Tyrock Super;16.9-28 CEAT Tyrock Super 152A8 12PR TL;rolnicze;Ciągnik;WZORZEC;Ciągnik
MO1_15172442;CEAT;Tyrock;18.4-26 CEAT Tyrock 156A8 12PR TL;rolnicze;Ciągnik;WZORZEC;Ciągnik
MO1_15122367;CEAT;C305;23.1-26 CEAT C305 159A8 16PR TL;rolnicze;Ciągnik;WZORZEC;Ciągnik
MO1_15122214;CEAT;IRR-O-GATOR;14.9-24 CEAT IRR-O-GATOR 123A6 8PR TT;rolnicze;Ciągnik;WZORZEC;Ciągnik
MO1_15122190;CEAT;IRR-O-GATOR;11.2-24 CEAT IRR-O-GATOR 110A6 4PR TT;rolnicze;Ciągnik;WZORZEC;Ciągnik
MO1_10007529;CEAT;Eleveta X3;250-15 CEAT Eleveta X3 16PR TT;rolnicze;Ciągnik;WZORZEC;Ciągnik
MO1_10000829;CEAT;Tyrock Super;16.9-28 CEAT Tyrock Super 155A8 14PR TL;rolnicze;Ciągnik;WZORZEC;Ciągnik
MO1_10000825;CEAT;Eleveta;8.25-15 CEAT Eleveta 152A5 16PR TT;przemysłowe;Ciągnik;WZORZEC;Ciągnik
MO3_2309532CeatFARC;Ceat;FARMAX RC;230/95R32 Ceat FARMAX RC 128D/131A8 TL;rolnicze;Ciągnik;PEWNE;Ciągnik
MO3_4406524CeatFAR65;Ceat;FARMAX R65;440/65R24 Ceat FARMAX R65 135D/138A8 TL;rolnicze;Ciągnik;PEWNE;Ciągnik
MO3_2109532CeatFARC;Ceat;FARMAX RC;210/95R32 Ceat FARMAX RC 117D/120A8 TL;rolnicze;Ciągnik;PEWNE;Ciągnik
MO3_3009546CeatFARC;Ceat;FARMAX RC;300/95R46 Ceat FARMAX RC 148D/151A8 TL;rolnicze;Ciągnik;PEWNE;Ciągnik
MO3_4208046CeatFAR80;Ceat;FARMAX R80;420/80R46 Ceat FARMAX R80 159D/162A8 TL;rolnicze;Ciągnik;PEWNE;Ciągnik
MO3_2309542CeatFARC;Ceat;FARMAX RC;230/95R42 Ceat FARMAX RC 133D/136A8 TL;rolnicze;Ciągnik;PEWNE;Ciągnik
MO3_2709538Ceat;Ceat;FARMAX RC;270/95R38 Ceat FARMAX RC 140D/143A8 TL;rolnicze;Ciągnik;PEWNE;Ciągnik
MO3_3009552CeatFARC;Ceat;FARMAX RC;300/95R52 Ceat FARMAX RC 149D/152A8 TL;rolnicze;Ciągnik;PEWNE;Ciągnik
MO3_2309548CeatFARC;Ceat;FARMAX RC;230/95R48 Ceat FARMAX RC 136D/139A8 TL;rolnicze;Ciągnik;PEWNE;Ciągnik
MO3_3209042Ceat;Ceat;Farmax RC;320/90R42 Ceat Farmax RC 144D TL;rolnicze;Ciągnik;PEWNE;Ciągnik
MO3_2709532CeatFARC;Ceat;FARMAX RC;270/95R32 Ceat FARMAX RC 133D/136A8 TL;rolnicze;Ciągnik;PEWNE;Ciągnik
MO3_4807024CeatFAR70;Ceat;FARMAX R70;480/70R24 Ceat FARMAX R70 138A8/138B TL;rolnicze;Ciągnik;PEWNE;Ciągnik
MO3_3209050CeatFarmaxRC1;Ceat;Farmax RC;320/90R50 Ceat Farmax RC 153A8/150B TL;rolnicze;Ciągnik;PEWNE;Ciągnik
MO3_75020ceatfx38;Ceat;Farmax X3 TF;7.50-20 Ceat Farmax X3 TF 109A6 8PR TT;rolnicze;Ciągnik;PEWNE;Ciągnik
MO3_2708032ceat;Ceat;Farmax RC;270/80R32 Ceat Farmax RC 131D/134A8 TL;rolnicze;Ciągnik;PEWNE;Ciągnik
MO3_3809046CeatFRC165A8;Ceat;FARMAX RC;380/90R46 Ceat FARMAX RC 165A8/165B TL;rolnicze;Ciągnik;PEWNE;Ciągnik
MO5_MCRR42065065DRD30;Cultor;RD-03;650/65R42 Cultor RD-03 165D/168A8 TL;rolnicze;Ciągnik;PEWNE;Ciągnik
MO5_MCRR420520858RD10;Cultor;RD-01;520/85R42 Cultor RD-01 162B TL;rolnicze;Ciągnik;PEWNE;Ciągnik
MO5_MCRR38071070DRD30;Cultor;RD-03;710/70R38 Cultor RD-03 153D/156A8 TL;rolnicze;Ciągnik;PEWNE;Ciągnik
MO5_MCRR380650658RD31;Cultor;RD-03;650/65R38 Cultor RD-03 157A8/160B TL;rolnicze;Ciągnik;PEWNE;Ciągnik
MO5_MCRR380650658RD30;Cultor;RD-03;650/65R38 Cultor RD-03 166D/169A8 TL;rolnicze;Ciągnik;PEWNE;Ciągnik
MO5_MCRR38060065DRD30;Cultor;RD-03;600/65R38 Cultor RD-03 153D/156A8 TL;rolnicze;Ciągnik;PEWNE;Ciągnik
MO5_MCRR380580708RD20;Cultor;RD-02;580/70R38 Cultor RD-02 155A8/155B TL;rolnicze;Ciągnik;PEWNE;Ciągnik
MO5_MCRR38054065DRD30;Cultor;RD-03;540/65R38 Cultor RD-03 147D/150A8 TL;rolnicze;Ciągnik;PEWNE;Ciągnik
MO5_MCRR38052085ARD10;Cultor;RD-01;520/85R38 Cultor RD-01 155A8/152B TL;rolnicze;Ciągnik;PEWNE;Ciągnik
MO5_MCRR38052070ARD20;Cultor;RD-02;520/70R38 Cultor RD-02 150A8/150B TL;rolnicze;Ciągnik;PEWNE;Ciągnik
MO5_MCRR38048070BRD20;Cultor;RD-02;480/70R38 Cultor RD-02 145A8/145B TL;rolnicze;Ciągnik;PEWNE;Ciągnik
MO5_MCRR380460858RD10;Cultor;RD-01;460/85R38 Cultor RD-01 149A8/146B TL;rolnicze;Ciągnik;PEWNE;Ciągnik
MO5_MCRR360340858RD10;Cultor;RD-01;340/85R36 Cultor RD-01 13.66A8 TL;rolnicze;Ciągnik;PEWNE;Ciągnik
MO5_MCRR34060065DRD30;Cultor;RD-03;600/65R34 Cultor RD-03 151D/154A8 TL;rolnicze;Ciągnik;PEWNE;Ciągnik
MO5_MCRR34052070BRD20;Cultor;RD-02;520/70R34 Cultor RD-02 148A8/148B TL;rolnicze;Ciągnik;PEWNE;Ciągnik
MO5_MCRR34048070BRD20;Cultor;RD-02;480/70R34 Cultor RD-02 143A8/143B TL;rolnicze;Ciągnik;PEWNE;Ciągnik
MO5_MCRR340460858RD10;Cultor;RD-01;460/85R34 Cultor RD-01 147A8/144B TL;rolnicze;Ciągnik;PEWNE;Ciągnik
MO5_MCRR340420858RD10;Cultor;RD-01;420/85R34 Cultor RD-01 147A8/144B TL;rolnicze;Ciągnik;PEWNE;Ciągnik
MO5_MCRR320320858RD10;Cultor;RD-01;320/85R32 Cultor RD-01 142A8/142B TL;rolnicze;Ciągnik;PEWNE;Ciągnik
MO5_MCRR30054065DRD30;Cultor;RD-03;540/65R30 Cultor RD-03 150D/153A8 TL;rolnicze;Ciągnik;PEWNE;Ciągnik
MO5_MCRR30048070BRD20;Cultor;RD-02;480/70R30 Cultor RD-02 141A8/141B TL;rolnicze;Ciągnik;PEWNE;Ciągnik
MO5_MCRR300460858RD10;Cultor;RD-01;460/85R30 Cultor RD-01 145A8/145B TL;rolnicze;Ciągnik;PEWNE;Ciągnik
MO5_MCRR300420858RD10;Cultor;RD-01;420/85R30 Cultor RD-01 140A8 TL;rolnicze;Ciągnik;PEWNE;Ciągnik
MO5_MCRR28060065DRD30;Cultor;RD-03;600/65R28 Cultor RD-03 147D/150A8 TL;rolnicze;Ciągnik;PEWNE;Ciągnik
MO5_MCRR280540658RD30;Cultor;RD-03;540/65R28 Cultor RD-03 142A8/142B TL;rolnicze;Ciągnik;PEWNE;Ciągnik
MO5_MCRR28048065DRD30;Cultor;RD-03;480/65R28 Cultor RD-03 136D/139A8 TL;rolnicze;Ciągnik;PEWNE;Ciągnik
MO5_MCRR280440658RD30;Cultor;RD-03;440/65R28 Cultor RD-03 131A8/131D TL;rolnicze;Ciągnik;PEWNE;Ciągnik
MO5_MCRR280420858RD11;Cultor;RD-01;420/85R28 Cultor RD-01 139A8/136B TL;rolnicze;Ciągnik;PEWNE;Ciągnik
MO5_MCRR28042070ARD20;Cultor;RD-02;420/70R28 Cultor RD-02 133A8/133B TL;rolnicze;Ciągnik;PEWNE;Ciągnik
MO5_MCRR280380858RD12;Cultor;RD-01;380/85R28 Cultor RD-01 133A8/130B TL;rolnicze;Ciągnik;PEWNE;Ciągnik
MO5_MCRR28038070BRD20;Cultor;RD-02;380/70R28 Cultor RD-02 127A8/127B TL;rolnicze;Ciągnik;PEWNE;Ciągnik
MO5_MCRR280320858RD10;Cultor;RD-01;320/85R28 Cultor RD-01 124A8/121B TL;rolnicze;Ciągnik;PEWNE;Ciągnik
MO5_MCRR24048065DRD30;Cultor;RD-03;480/65R24 Cultor RD-03 133D/136A8 TL;rolnicze;Ciągnik;PEWNE;Ciągnik
MO5_MCRR240440658RD30;Cultor;RD-03;440/65R24 Cultor RD-03 128A8/128B TL;rolnicze;Ciągnik;PEWNE;Ciągnik
MO5_MCRR24042085DRD10;Cultor;RD-01;420/85R24 Cultor RD-01 137A8/137B TL;rolnicze;Ciągnik;PEWNE;Ciągnik
MO5_MCRR240420708RD20;Cultor;RD-02;420/70R24 Cultor RD-02 130A8/130B TL;rolnicze;Ciągnik;PEWNE;Ciągnik
MO5_MCRR24038085BRD10;Cultor;RD-01;380/85R24 Cultor RD-01 131A8/128B TL;rolnicze;Ciągnik;PEWNE;Ciągnik
MO5_MCRR24038070BRD20;Cultor;RD-02;380/70R24 Cultor RD-02 125A8/125B TL;rolnicze;Ciągnik;PEWNE;Ciągnik
MO5_MCRR240360708RD20;Cultor;RD-02;360/70R24 Cultor RD-02 122A8/122B TL;rolnicze;Ciągnik;PEWNE;Ciągnik
MO5_MCRR240340858RD20;Cultor;RD-01;340/85R24 Cultor RD-01 125A8/122B TL;rolnicze;Ciągnik;PEWNE;Ciągnik
MO5_MCRR240320858RD20;Cultor;RD-01;320/85R24 Cultor RD-01 122A8/119B TL;rolnicze;Ciągnik;PEWNE;Ciągnik
MO5_MCRR240320708RD20;Cultor;RD-02;320/70R24 Cultor RD-02 116A8/116B TL;rolnicze;Ciągnik;PEWNE;Ciągnik
MO5_MCRR240280858RD20;Cultor;RD-01;280/85R24 Cultor RD-01 115A8/112B TL;rolnicze;Ciągnik;PEWNE;Ciągnik
MO5_MCRD420D95006A100;Cultor;AS AGRI 10;9.5-42 Cultor AS AGRI 10 124A6 10PR TT;rolnicze;Ciągnik;PEWNE;Ciągnik
MO5_MCRD380G84008A191;Cultor;AS AGRI 19;18.4-38 Cultor AS AGRI 19 155A6 14PR TT;rolnicze;Ciągnik;PEWNE;Ciągnik
MO5_MCRD380G84008A190;Cultor;AS AGRI 19;18.4-38 Cultor AS AGRI 19 148A6 10PR TT;rolnicze;Ciągnik;PEWNE;Ciągnik
MO5_MCRD380G36006A130;Cultor;AS AGRI 13;13.6-38 Cultor AS AGRI 13 131A6 8PR TT;rolnicze;Ciągnik;PEWNE;Ciągnik
MO5_MCRD360G36006A130;Cultor;AS AGRI 13;13.6-36 Cultor AS AGRI 13 125A6 6PR TT;rolnicze;Ciągnik;PEWNE;Ciągnik
MO5_MCRD360G24006A130;Cultor;AS AGRI 13;12.4-36 Cultor AS AGRI 13 121A6 6PR TT;rolnicze;Ciągnik;PEWNE;Ciągnik
MO5_MCRD360D95006A101;Cultor;AS AGRI 10;9.5-36 Cultor AS AGRI 10 122A8 10PR TT;rolnicze;Ciągnik;PEWNE;Ciągnik
MO5_MCRD340G8400AA190;Cultor;AS AGRI 19;18.4-34 Cultor AS AGRI 19 146A6 10PR TT;rolnicze;Ciągnik;PEWNE;Ciągnik
MO5_MCRD320G2400OA130;Cultor;AS AGRI 13;12.4-32 Cultor AS AGRI 13 111A8 6PR TT;rolnicze;Ciągnik;PEWNE;Ciągnik
MO5_MCRD320D95006A130;Cultor;AS AGRI 13;9.5-32 Cultor AS AGRI 13 110A6 6PR TT;rolnicze;Ciągnik;PEWNE;Ciągnik
MO5_MCRD300G69008AA30;Cultor;AS AGRI 13;16.9-30 Cultor AS AGRI 13 137A8 14PR TT;rolnicze;Ciągnik;PEWNE;Ciągnik
MO5_MCRD280G69008AA31;Cultor;AS AGRI 13;16.9-28 Cultor AS AGRI 13 131A8 10PR TT;rolnicze;Ciągnik;PEWNE;Ciągnik
MO5_MCRD280G69008AA30;Cultor;AS AGRI 13;16.9-28 Cultor AS AGRI 13 135A8 12PR TT;rolnicze;Ciągnik;PEWNE;Ciągnik
MO5_MCRD280G49008AS2D;Cultor;AS AGRI 20;14.9-28 Cultor AS AGRI 20 8PR TT;rolnicze;Ciągnik;PEWNE;Ciągnik
MO5_MCRD280G36006A190;Cultor;AS AGRI 19;13.6-28 Cultor AS AGRI 19 118A8 8PR TT;rolnicze;Ciągnik;PEWNE;Ciągnik
MO5_MCRD280G24006A190;Cultor;AS AGRI 19;12.4-28 Cultor AS AGRI 19 123A6/116A8 8PR TT;rolnicze;Ciągnik;PEWNE;Ciągnik
MO5_MCRD280G12008A190;Cultor;AS AGRI 19;11.2-28 Cultor AS AGRI 19 118A6 8PR TT;rolnicze;Ciągnik;PEWNE;Ciągnik
MO5_MCRD280D83006AA80;Cultor;AS AGRI 10;8.3-28 Cultor AS AGRI 10 107A6 8PR TT;rolnicze;Ciągnik;PEWNE;Ciągnik
MO5_MCRD260G49006A100;Cultor;AS AGRI 10;14.9-26 Cultor AS AGRI 10 128A6 8PR TT;rolnicze;Ciągnik;PEWNE;Ciągnik
MO5_MCRD240G49006A190;Cultor;AS AGRI 19;14.9-24 Cultor AS AGRI 19 128A6/121A8 8PR TT;rolnicze;Ciągnik;PEWNE;Ciągnik
MO5_MCRD240D95006A190;Cultor;AS AGRI 19;9.5-24 Cultor AS AGRI 19 112A6/104A8 8PR TT;rolnicze;Ciągnik;PEWNE;Ciągnik
MO5_MCRD200E75008ASO0;Cultor;AS FRONT10;7.50-20 Cultor AS FRONT10 109A6/101A8 8PR TL;rolnicze;Ciągnik;PEWNE;Ciągnik
MO5_MCRD160E75008ASI0;Cultor;AS FRONT 13;7.50-16 Cultor AS FRONT 13 90A8 8PR TT;rolnicze;Ciągnik;PEWNE;Ciągnik
MO5_MCRD160E75006AS80;Cultor;AS FRONT 08;7.50-16 Cultor AS FRONT 08 108A6/95A8 8PR TT;rolnicze;Ciągnik;PEWNE;Ciągnik
MO5_MCRD160E65006AS80;Cultor;AS FRONT 08;6.50-16 Cultor AS FRONT 08 97A6/89A8 8PR TT;rolnicze;Ciągnik;PEWNE;Ciągnik
MO5_MCRD160E60006AS90;Cultor;AS FRONT 09;6.00-16 Cultor AS FRONT 09 94A6/86A8 8PR TT;rolnicze;Ciągnik;PEWNE;Ciągnik
MO5_MCRD160E60006AS70;Cultor;AS FRONT 07;6.00-16 Cultor AS FRONT 07 86A8 8PR TT;rolnicze;Ciągnik;PEWNE;Ciągnik
MO5_MCRD160E60006AS40;Cultor;AS FRONT 04;6.00-16 Cultor AS FRONT 04 88A6/80A8 8PR TT;rolnicze;Ciągnik;PEWNE;Ciągnik
MO4_MCRR380650658RD31;Cultor;RD-03;650/65R38 Cultor RD-03 157A8/160B TL;rolnicze;Ciągnik;PEWNE;Ciągnik
MO4_MCRR320320858RD10;Cultor;RD-01;320/85R32 Cultor RD-01 142A8/142B TL;rolnicze;Ciągnik;PEWNE;Ciągnik
MO4_MCRR280380858RD12;Cultor;RD-01;380/85R28 Cultor RD-01 133A8/130B TL;rolnicze;Ciągnik;PEWNE;Ciągnik
MO4_MCRR240420708RD20;Cultor;RD-02;420/70R24 Cultor RD-02 130A8/130B TL;rolnicze;Ciągnik;PEWNE;Ciągnik
MO4_MCRD340G8400AA190;Cultor;AS AGRI 19;18.4-34 Cultor AS AGRI 19 146A6 10PR TT;rolnicze;Ciągnik;PEWNE;Ciągnik
MO4_MCRD300G69008AA30;Cultor;AS AGRI 13;16.9-30 Cultor AS AGRI 13 137A8 14PR TT;rolnicze;Ciągnik;PEWNE;Ciągnik
MO4_MCRD280G49008AS2D;Cultor;AS AGRI 20;14.9-28 Cultor AS AGRI 20 8PR TT;rolnicze;Ciągnik;PEWNE;Ciągnik
MO4_MCRD280G24006A190;Cultor;AS AGRI 19;12.4-28 Cultor AS AGRI 19 123A6/116A8 8PR TT;rolnicze;Ciągnik;PEWNE;Ciągnik
MO4_MCRD200E75008ASO0;Cultor;AS FRONT10;7.50-20 Cultor AS FRONT10 109A6/101A8 8PR TL;rolnicze;Ciągnik;PEWNE;Ciągnik
MO4_MCRD200E75006AS80;Cultor;AS FRONT 08;7.50-20 Cultor AS FRONT 08 109A6/101A8 8PR TT;rolnicze;Ciągnik;PEWNE;Ciągnik
MO4_MCRD160E75008ASI0;Cultor;AS FRONT 13;7.50-16 Cultor AS FRONT 13 90A8 8PR TT;rolnicze;Ciągnik;PEWNE;Ciągnik
MO4_MCRD160E65006AS80;Cultor;AS FRONT 08;6.50-16 Cultor AS FRONT 08 97A6/89A8 8PR TT;rolnicze;Ciągnik;PEWNE;Ciągnik
MO4_MCRD160E60006AS90;Cultor;AS FRONT 09;6.00-16 Cultor AS FRONT 09 94A6/86A8 8PR TT;rolnicze;Ciągnik;PEWNE;Ciągnik
MO2_5012615210000;Cultor;RD01;20.8R38 Cultor RD01 155A8/152B TL;rolnicze;Ciągnik;PEWNE;Ciągnik
MO2_5012615150000;Cultor;RD01;16.9R30 Cultor RD01 140A8/137B TL;rolnicze;Ciągnik;PEWNE;Ciągnik
MO2_5012615110000;Cultor;RD01;13.6R24 Cultor RD01 125A8/122B TL;rolnicze;Ciągnik;PEWNE;Ciągnik
MO2_5012615090000;Cultor;RD01;11.2R24 Cultor RD01 115A8/112B TL;rolnicze;Ciągnik;PEWNE;Ciągnik
MO2_5012614820000;Cultor;RD01;20.8R42 Cultor RD01 162B TL;rolnicze;Ciągnik;PEWNE;Ciągnik
MO2_5002606760000;Cultor;AS-FRONT 08;6.50-16 Cultor AS-FRONT 08 8PR TT FRONT;rolnicze;Ciągnik;PEWNE;Ciągnik
MO2_5002604970000;Cultor;AS-AGRI 10;9.5-42 Cultor AS-AGRI 10 10PR TT;rolnicze;Ciągnik;PEWNE;Ciągnik
MO2_5002604150000;Cultor;AS-AGRI 13;16.9-30 Cultor AS-AGRI 13 14PR TT;rolnicze;Ciągnik;PEWNE;Ciągnik
MO2_5002602910000;Cultor;AS-AGRI 10;9.5-36 Cultor AS-AGRI 10 6PR TT;rolnicze;Ciągnik;PEWNE;Ciągnik
MO2_5002601450000;Cultor;AS-AGRI13;13.6-24 Cultor AS-AGRI13 8PR TT;rolnicze;Ciągnik;PEWNE;Ciągnik
MO2_5002600430000;Cultor;AS-FRONT 04;6.00-16 Cultor AS-FRONT 04 8PR TT FRONT;rolnicze;Ciągnik;PEWNE;Ciągnik
MO2_4006333190000;Cultor;RD03;600/65R38 Cultor RD03 153D/156A8 TL;rolnicze;Ciągnik;PEWNE;Ciągnik
MO2_4006333160000;Cultor;RD03;540/65R34 Cultor RD03 145D/148A8 TL;rolnicze;Ciągnik;PEWNE;Ciągnik
MO2_4006333140000;Cultor;RD03;600/65R28 Cultor RD03 147D/150A8 TL;rolnicze;Ciągnik;PEWNE;Ciągnik
MO2_4006333130000;Cultor;RD03;540/65R28 Cultor RD03 142D8/145A8 TL;rolnicze;Ciągnik;PEWNE;Ciągnik
MO2_4006333110000;Cultor;RD03;440/65R28 Cultor RD03 131D/134A8 TL;rolnicze;Ciągnik;PEWNE;Ciągnik
MO2_4006333070000;Cultor;RD03;420/65R24 Cultor RD03 126D/129A8 TL;rolnicze;Ciągnik;PEWNE;Ciągnik
MO2_4006333060000;Cultor;RD-02;580/70R38 Cultor RD-02 155A8 TL;rolnicze;Ciągnik;PEWNE;Ciągnik
MO2_4006333020000;Cultor;RD-02;320/70R24 Cultor RD-02 116A8 TL;rolnicze;Ciągnik;PEWNE;Ciągnik
MO2_4006332980000;Cultor;RD-02;480/70R38 Cultor RD-02 145A8/145B TL;rolnicze;Ciągnik;PEWNE;Ciągnik
MO2_4006332960000;Cultor;RD-02;480/70R30 Cultor RD-02 141A8/141B TL;rolnicze;Ciągnik;PEWNE;Ciągnik
MO2_4006332940000;Cultor;RD-02;420/70R28 Cultor RD-02 133A8/133B TL;rolnicze;Ciągnik;PEWNE;Ciągnik
MO2_4006332910000;Cultor;RD-02;380/70R28 Cultor RD-02 127A8/127B TL;rolnicze;Ciągnik;PEWNE;Ciągnik
MO2_4006332900000;Cultor;RD-02;380/70R24 Cultor RD-02 125A8/125B TL;rolnicze;Ciągnik;PEWNE;Ciągnik
MO2_4006332840000;Cultor;RD01;18.4R34 Cultor RD01 147A8/144B TL;rolnicze;Ciągnik;PEWNE;Ciągnik
MO2_4006332810000;Cultor;RD01;12.4R32 Cultor RD01 142A8/142B TL;rolnicze;Ciągnik;PEWNE;Ciągnik
MO2_4006332730000;Cultor;RD01;11.2R28 Cultor RD01 118A8/115B TL;rolnicze;Ciągnik;PEWNE;Ciągnik
MO2_2000061774001;Cultor;AS-AGRI 10;4.00-16 Cultor AS-AGRI 10 2PR TL;rolnicze;Ciągnik;PEWNE;Ciągnik
MO2_12873900;Cultor;RD-02;480/70R28 Cultor RD-02 140A8/140B TL;rolnicze;Ciągnik;PEWNE;Ciągnik
MO5_MCRD260L3100TA072;Cultor;AS AGRI 07;23.1-26 Cultor AS AGRI 07 152A8 18PR TT;rolnicze;Ciągnik;PEWNE;Ciągnik
MO5_MCRD360D83006A100;Cultor;AS AGRI 10;8.3-36 Cultor AS AGRI 10 98A6 6PR TT;rolnicze;Ciągnik;PEWNE;Ciągnik
MO5_MCRD260G84006A100;Cultor;AS AGRI 10;16.9-26 Cultor AS AGRI 10 142A6 10PR TT;rolnicze;Ciągnik;PEWNE;Ciągnik
MO5_MCRD150A82000AW50;Cultor;AW-IMPL 12;8.25-15 Cultor AW-IMPL 12 141A8 16PR TT;przemysłowe;Ciągnik;WZORZEC;Ciągnik
MO4_MCRD150A82000AW50;Cultor;AW-IMPL 12;8.25-15 Cultor AW-IMPL 12 141A8 16PR TT;przemysłowe;Ciągnik;WZORZEC;Ciągnik
MO2_5002614710000;Cultor;AS-AGRI19;12.4-24 Cultor AS-AGRI19 8PR TL;rolnicze;Ciągnik;WZORZEC;Ciągnik
MO2_5002613430000;Cultor;AS-AGRI07;23.1-26 Cultor AS-AGRI07 18PR TL;rolnicze;Ciągnik;WZORZEC;Ciągnik
MO2_5002604170000;Cultor;AS-AGRI19;18.4-38 Cultor AS-AGRI19 10PR TT;rolnicze;Ciągnik;WZORZEC;Ciągnik
MO2_5002604130000;Cultor;AS-AGRI13;16.9-28 Cultor AS-AGRI13 12PR TT;rolnicze;Ciągnik;WZORZEC;Ciągnik
MO2_5002604060000;Cultor;AS-AGRI19;14.9-24 Cultor AS-AGRI19 8PR TT;rolnicze;Ciągnik;WZORZEC;Ciągnik
MO2_5002603920000;Cultor;AS-AGRI19;12.4-28 Cultor AS-AGRI19 8PR TT;rolnicze;Ciągnik;WZORZEC;Ciągnik
MO2_5002602970000;Cultor;AS-AGRI13;12.4-36 Cultor AS-AGRI13 6PR TT;rolnicze;Ciągnik;WZORZEC;Ciągnik
MO2_5002602730000;Cultor;AS-AGRI13;12.4-32 Cultor AS-AGRI13 6PR TT;rolnicze;Ciągnik;WZORZEC;Ciągnik
MO2_5002602710000;Cultor;AS-AGRI13;9.5-32 Cultor AS-AGRI13 6PR TT;rolnicze;Ciągnik;WZORZEC;Ciągnik
MO2_5002602680000;Cultor;AS-AGRI10;8.3-32 Cultor AS-AGRI10 6PR TT;rolnicze;Ciągnik;WZORZEC;Ciągnik
MO2_5002602460000;Cultor;AS-AGRI10;14.9-30 Cultor AS-AGRI10 6PR TT;rolnicze;Ciągnik;WZORZEC;Ciągnik
MO2_5002602290000;Cultor;AS-AGRI20;14.9-28 Cultor AS-AGRI20 8PR TT;rolnicze;Ciągnik;WZORZEC;Ciągnik
MO2_5002602050000;Cultor;AS-AGRI10;11.2-28 Cultor AS-AGRI10 8PR TT;rolnicze;Ciągnik;WZORZEC;Ciągnik
MO2_5002602010000;Cultor;AS-AGRI10;8.3-28 Cultor AS-AGRI10 8PR TT;rolnicze;Ciągnik;WZORZEC;Ciągnik
MO2_5002601940000;Cultor;AS-AGRI07;23.1-26 Cultor AS-AGRI07 18PR TT;rolnicze;Ciągnik;WZORZEC;Ciągnik
MO2_5002601859000;Cultor;AS-AGRI10;16.9-26 Cultor AS-AGRI10 10PR TT;rolnicze;Ciągnik;WZORZEC;Ciągnik
MO2_5002601820000;Cultor;AS-AGRI10;14.9-26 Cultor AS-AGRI10 8PR TT;rolnicze;Ciągnik;WZORZEC;Ciągnik
MO5_BFRR38054065DMX60;Firestone;MAXITRACTION 65;540/65R38 Firestone MAXITRACTION 65 147D/144E TL;rolnicze;Ciągnik;PEWNE;Ciągnik
MO5_BFRR38052070DPE70;Firestone;PERFORMER 70;520/70R38 Firestone PERFORMER 70 150D/147E TL;rolnicze;Ciągnik;PEWNE;Ciągnik
MO5_BFRR38042085DPE80;Firestone;PERFORMER 85;420/85R38 Firestone PERFORMER 85 144D/141E TL;rolnicze;Ciągnik;PEWNE;Ciągnik
MO5_BFRR34060065DMX60;Firestone;MAXITRACTION 65;600/65R34 Firestone MAXITRACTION 65 151D/148E TL;rolnicze;Ciągnik;PEWNE;Ciągnik
MO5_BFRR34046085DPE80;Firestone;PERFORMER 85;460/85R34 Firestone PERFORMER 85 147D/144E TL;rolnicze;Ciągnik;PEWNE;Ciągnik
MO5_BFRR34042085DPE80;Firestone;PERFORMER 85;420/85R34 Firestone PERFORMER 85 142D/139E TL;rolnicze;Ciągnik;PEWNE;Ciągnik
MO5_BFRR28048070DPE70;Firestone;PERFORMER 70;480/70R28 Firestone PERFORMER 70 140D/137E TL;rolnicze;Ciągnik;PEWNE;Ciągnik
MO5_BFRR28042085DPE80;Firestone;PERFORMER 85;420/85R28 Firestone PERFORMER 85 139D/136E TL;rolnicze;Ciągnik;PEWNE;Ciągnik
MO5_BFRR280420708PE70;Firestone;PERFORMER 70;420/70R28 Firestone PERFORMER 70 133D/130E TL;rolnicze;Ciągnik;PEWNE;Ciągnik
MO5_BFRR28038085DPE80;Firestone;PERFORMER 85;380/85R28 Firestone PERFORMER 85 133D/130E TL;rolnicze;Ciągnik;PEWNE;Ciągnik
MO5_BFRR28038070DPE70;Firestone;PERFORMER 70;380/70R28 Firestone PERFORMER 70 127D/124E TL;rolnicze;Ciągnik;PEWNE;Ciągnik
MO5_BFRR28034085DPE80;Firestone;PERFORMER 85;340/85R28 Firestone PERFORMER 85 127D/124E TL;rolnicze;Ciągnik;PEWNE;Ciągnik
MO5_BFRR28032085DPE80;Firestone;PERFORMER 85;320/85R28 Firestone PERFORMER 85 124D/121E TL;rolnicze;Ciągnik;PEWNE;Ciągnik
MO5_BFRR28028085DPE80;Firestone;PERFORMER 85;280/85R28 Firestone PERFORMER 85 118D/115E TL;rolnicze;Ciągnik;PEWNE;Ciągnik
MO5_BFRR24054065DMX60;Firestone;MAXITRACTION 65;540/65R24 Firestone MAXITRACTION 65 140D/137E TL;rolnicze;Ciągnik;PEWNE;Ciągnik
MO5_BFRR24048065DMX60;Firestone;MAXITRACTION 65;480/65R24 Firestone MAXITRACTION 65 133D/130E TL;rolnicze;Ciągnik;PEWNE;Ciągnik
MO5_BFRR24044065DMX60;Firestone;MAXITRACTION 65;440/65R24 Firestone MAXITRACTION 65 128D/125E TL;rolnicze;Ciągnik;PEWNE;Ciągnik
MO5_BFRR24042085DPE80;Firestone;PERFORMER 85;420/85R24 Firestone PERFORMER 85 137D/134E TL;rolnicze;Ciągnik;PEWNE;Ciągnik
MO5_BFRR24042070DPE70;Firestone;PERFORMER 70;420/70R24 Firestone PERFORMER 70 130D/127E TL;rolnicze;Ciągnik;PEWNE;Ciągnik
MO5_BFRR24038085DPE80;Firestone;PERFORMER 85;380/85R24 Firestone PERFORMER 85 131D/128E TL;rolnicze;Ciągnik;PEWNE;Ciągnik
MO5_BFRR24038070DPE70;Firestone;PERFORMER 70;380/70R24 Firestone PERFORMER 70 125D/122E TL;rolnicze;Ciągnik;PEWNE;Ciągnik
MO5_BFRR24034085DPE80;Firestone;PERFORMER 85;340/85R24 Firestone PERFORMER 85 125D/122E TL;rolnicze;Ciągnik;PEWNE;Ciągnik
MO5_BFRR240340858PX80;Firestone;PERFORMER 85 XL;340/85R24 Firestone PERFORMER 85 XL 136A8/136B TL;rolnicze;Ciągnik;PEWNE;Ciągnik
MO5_BFRR24032085DPE83;Firestone;PERFORMER 85;320/85R24 Firestone PERFORMER 85 122D/119E TL;rolnicze;Ciągnik;PEWNE;Ciągnik
MO5_BFRR24032070DPE70;Firestone;PERFORMER 70;320/70R24 Firestone PERFORMER 70 116D/113E TL;rolnicze;Ciągnik;PEWNE;Ciągnik
MO5_BFRR24028085DPE80;Firestone;PERFORMER 85;280/85R24 Firestone PERFORMER 85 115D/112E TL;rolnicze;Ciągnik;PEWNE;Ciągnik
MO4_BFRR240340858PX80;Firestone;PERFORMER 85 XL;340/85R24 Firestone PERFORMER 85 XL 136A8/136B TL;rolnicze;Ciągnik;PEWNE;Ciągnik
MO3_3808528FIP85;Firestone;Performer 85;380/85R28 Firestone Performer 85 133D/130E TL;rolnicze;Ciągnik;PEWNE;Ciągnik
MO3_3408548FIP85;Firestone;Performer 85;340/85R48 Firestone Performer 85 151D TL;rolnicze;Ciągnik;PEWNE;Ciągnik
MO3_3009546FIP95;Firestone;Performer 95;300/95R46 Firestone Performer 95 148D TL;rolnicze;Ciągnik;PEWNE;Ciągnik
MO3_2808524FIP85XL;Firestone;Performer 85;280/85R24 Firestone Performer 85 130A8/130B TL;rolnicze;Ciągnik;PEWNE;Ciągnik
MO3_4807034FIP70;Firestone;Performer 70;480/70R34 Firestone Performer 70 143D/140E TL;rolnicze;Ciągnik;PEWNE;Ciągnik
MO3_9006032FIMTHarvest;Firestone;Maxi Traction;900/60R32 Firestone Maxi Traction 181A8/181B TL;rolnicze;Ciągnik;PEWNE;Ciągnik
MO3_4806524FIMT65;Firestone;Maxi Traction;480/65R24 Firestone Maxi Traction 133D/130E TL;rolnicze;Ciągnik;PEWNE;Ciągnik
MO3_6006534FIMT65;Firestone;Maxi Traction;600/65R34 Firestone Maxi Traction 151D/148E TL;rolnicze;Ciągnik;PEWNE;Ciągnik
MO3_4406524FIMT65;Firestone;Maxi Traction;440/65R24 Firestone Maxi Traction 128D/125E TL;rolnicze;Ciągnik;PEWNE;Ciągnik
MO3_5406528FIMT65;Firestone;Maxi Traction;540/65R28 Firestone Maxi Traction 142D/139E TL;rolnicze;Ciągnik;PEWNE;Ciągnik
MO3_6506542FIMT65;Firestone;Maxi Traction;650/65R42 Firestone Maxi Traction 158D/155E TL;rolnicze;Ciągnik;PEWNE;Ciągnik
MO3_4806528FIMT65;Firestone;Maxi Traction;480/65R28 Firestone Maxi Traction 136D/133E TL;rolnicze;Ciągnik;PEWNE;Ciągnik
MO3_2709548FIP95;Firestone;Performer 95;270/95R48 Firestone Performer 95 144D TL;rolnicze;Ciągnik;PEWNE;Ciągnik
MO3_3408536FIP85;Firestone;Performer 85;340/85R36 Firestone Performer 85 132D/129E TL;rolnicze;Ciągnik;PEWNE;Ciągnik
MO3_3208536FIP85;Firestone;Performer 85;320/85R36 Firestone Performer 85 128D/125E TL;rolnicze;Ciągnik;PEWNE;Ciągnik
MO3_6506538FIMT65s;Firestone;Maxi Traction;650/65R38 Firestone Maxi Traction 157D/154E TL;rolnicze;Ciągnik;PEWNE;Ciągnik
MO3_3807024fiP70;Firestone;Performer 70;380/70R24 Firestone Performer 70 125D/122E TL;rolnicze;Ciągnik;PEWNE;Ciągnik
MO3_5207034FIP70;Firestone;Performer 70;520/70R34 Firestone Performer 70 148D/145E TL;rolnicze;Ciągnik;PEWNE;Ciągnik
MO3_3607028FIP70;Firestone;Performer 70;360/70R28 Firestone Performer 70 125D/122E TL;rolnicze;Ciągnik;PEWNE;Ciągnik
MO3_3208528FIP85;Firestone;Performer 85;320/85R28 Firestone Performer 85 124D/121E TL;rolnicze;Ciągnik;PEWNE;Ciągnik
MO3_5406538FIMT65;Firestone;Maxi Traction;540/65R38 Firestone Maxi Traction 147D/144E TL;rolnicze;Ciągnik;PEWNE;Ciągnik
MO3_2808524FIP85;Firestone;Performer 85;280/85R24 Firestone Performer 85 115D/112E TL;rolnicze;Ciągnik;PEWNE;Ciągnik
MO3_4207024FIP70;Firestone;Performer 70;420/70R24 Firestone Performer 70 130D/127E TL;rolnicze;Ciągnik;PEWNE;Ciągnik
MO3_3208524FIP85;Firestone;Performer 85;320/85R24 Firestone Performer 85 122D/119E TL;rolnicze;Ciągnik;PEWNE;Ciągnik
MO3_8006532FIMTHarvest;Firestone;Maxi Traction;800/65R32 Firestone Maxi Traction 178A8/178B TL;rolnicze;Ciągnik;PEWNE;Ciągnik
MO3_4208530FIP85;Firestone;Performer 85;420/85R30 Firestone Performer 85 140D/137E TL;rolnicze;Ciągnik;PEWNE;Ciągnik
MO3_6006538FIMT65;Firestone;Maxi Traction;600/65R38 Firestone Maxi Traction 153D/150E TL;rolnicze;Ciągnik;PEWNE;Ciągnik
MO3_5406534FIMT65;Firestone;Maxi Traction;540/65R34 Firestone Maxi Traction 145D/142E TL;rolnicze;Ciągnik;PEWNE;Ciągnik
MO3_5807042FIP70;Firestone;Performer 70;580/70R42 Firestone Performer 70 158D/155E TL;rolnicze;Ciągnik;PEWNE;Ciągnik
MO3_5807038FIP70;Firestone;Performer 70;580/70R38 Firestone Performer 70 155D/152E TL;rolnicze;Ciągnik;PEWNE;Ciągnik
MO3_4207028FIP70;Firestone;Performer 70;420/70R28 Firestone Performer 70 133D/130E TL;rolnicze;Ciągnik;PEWNE;Ciągnik
MO3_4807024FIP70;Firestone;Performer 70;480/70R24 Firestone Performer 70 138D/135E TL;rolnicze;Ciągnik;PEWNE;Ciągnik
MO3_4207024FIP70XL;Firestone;Performer 70;420/70R24 Firestone Performer 70 136A8/136B TL;rolnicze;Ciągnik;PEWNE;Ciągnik
MO3_3207024FIP70;Firestone;Performer 70;320/70R24 Firestone Performer 70 116D/113E TL;rolnicze;Ciągnik;PEWNE;Ciągnik
MO3_4608542FIP85;Firestone;Performer 85;460/85R42 Firestone Performer 85 150D/147E TL;rolnicze;Ciągnik;PEWNE;Ciągnik
MO3_4608538FIP85;Firestone;Performer 85;460/85R38 Firestone Performer 85 149D/146E TL;rolnicze;Ciągnik;PEWNE;Ciągnik
MO3_3408538FIP85;Firestone;Performer 85;340/85R38 Firestone Performer 85 133D/130E TL;rolnicze;Ciągnik;PEWNE;Ciągnik
MO3_4608534FIP85;Firestone;Performer 85;460/85R34 Firestone Performer 85 147D/144E TL;rolnicze;Ciągnik;PEWNE;Ciągnik
MO3_4208528FIP85;Firestone;Performer 85;420/85R28 Firestone Performer 85 139D/136E TL;rolnicze;Ciągnik;PEWNE;Ciągnik
MO3_2808528FIP85;Firestone;Performer 85;280/85R28 Firestone Performer 85 118D/115E TL;rolnicze;Ciągnik;PEWNE;Ciągnik
MO3_3808524FIP85;Firestone;Performer 85;380/85R24 Firestone Performer 85 131D/128E TL;rolnicze;Ciągnik;PEWNE;Ciągnik
MO3_3408524FIP85;Firestone;Performer 85;340/85R24 Firestone Performer 85 125D/122E TL;rolnicze;Ciągnik;PEWNE;Ciągnik
MO3_3208520FIP85;Firestone;Performer 85;320/85R20 Firestone Performer 85 119D/116E TL;rolnicze;Ciągnik;PEWNE;Ciągnik
MO3_4208534FIP85;Firestone;Performer 85;420/85R34 Firestone Performer 85 142D/139E TL;rolnicze;Ciągnik;PEWNE;Ciągnik
MO3_3408528FIP85;Firestone;Performer 85;340/85R28 Firestone Performer 85 127D/124E TL;rolnicze;Ciągnik;PEWNE;Ciągnik
MO3_3209032FIP90;Firestone;Performer 90;320/90R32 Firestone Performer 90 134D TL;rolnicze;Ciągnik;PEWNE;Ciągnik
MO3_3009552FIP95;Firestone;Performer 95;300/95R52 Firestone Performer 95 151D TL;rolnicze;Ciągnik;PEWNE;Ciągnik
MO3_3009542FIP95;Firestone;Performer 95;300/95R42 Firestone Performer 95 147D TL;rolnicze;Ciągnik;PEWNE;Ciągnik
MO3_2709538FIP95;Firestone;Performer 95;270/95R38 Firestone Performer 95 140D TL;rolnicze;Ciągnik;PEWNE;Ciągnik
MO3_2709532FIP95;Firestone;Performer 95;270/95R32 Firestone Performer 95 136D TL;rolnicze;Ciągnik;PEWNE;Ciągnik
MO3_4208538FIP85;Firestone;Performer 85;420/85R38 Firestone Performer 85 144D/141E TL;rolnicze;Ciągnik;PEWNE;Ciągnik
MO3_5208538FIP85;Firestone;Performer 85;520/85R38 Firestone Performer 85 155D/152E TL;rolnicze;Ciągnik;PEWNE;Ciągnik
MO3_6507532FIMTHarvest;Firestone;Maxi Traction;650/75R32 Firestone Maxi Traction 172A8/172B TL;rolnicze;Ciągnik;PEWNE;Ciągnik
MO3_2508524FiP85;Firestone;Performer 85;250/85R24 Firestone Performer 85 109D/106E TL;rolnicze;Ciągnik;PEWNE;Ciągnik
MO3_6207042fidemo;Firestone;Maxi Traction;620/70R42 Firestone Maxi Traction 166D/163E TL;rolnicze;Ciągnik;PEWNE;Ciągnik
MO2_8984;Firestone;MAXI TRACTION 65;650/65R38 Firestone MAXI TRACTION 65 157D/154E TL;rolnicze;Ciągnik;PEWNE;Ciągnik
MO2_8980;Firestone;MAXI TRACTION 65;600/65R38 Firestone MAXI TRACTION 65 153D/150E TL;rolnicze;Ciągnik;PEWNE;Ciągnik
MO2_8978;Firestone;MAXI TRACTION 65;600/65R34 Firestone MAXI TRACTION 65 151D/148E TL;rolnicze;Ciągnik;PEWNE;Ciągnik
MO2_8969;Firestone;MAXI TRACTION 65;540/65R34 Firestone MAXI TRACTION 65 145D/142E TL;rolnicze;Ciągnik;PEWNE;Ciągnik
MO2_8965;Firestone;MAXI TRACTION 65;540/65R30 Firestone MAXI TRACTION 65 150D/147E TL;rolnicze;Ciągnik;PEWNE;Ciągnik
MO2_8958;Firestone;MAXI TRACTION 65;540/65R24 Firestone MAXI TRACTION 65 140D/137E TL;rolnicze;Ciągnik;PEWNE;Ciągnik
MO2_8950;Firestone;MAXI TRACTION 65;480/65R24 Firestone MAXI TRACTION 65 133D/130E TL;rolnicze;Ciągnik;PEWNE;Ciągnik
MO2_8887;Firestone;MAXI TRACTION 65;650/65R42 Firestone MAXI TRACTION 65 158D/155E TL;rolnicze;Ciągnik;PEWNE;Ciągnik
MO2_8886;Firestone;MAXI TRACTION 65;540/65R30 Firestone MAXI TRACTION 65 143D/140E TL;rolnicze;Ciągnik;PEWNE;Ciągnik
MO2_5644;Firestone;PERFORMER 70;580/70R42 Firestone PERFORMER 70 158D/155E TL;rolnicze;Ciągnik;PEWNE;Ciągnik
MO2_5642;Firestone;PERFORMER 85;20.8R38 Firestone PERFORMER 85 155D/152E TL;rolnicze;Ciągnik;PEWNE;Ciągnik
MO2_5641;Firestone;PERFORMER 85;18.4R38 Firestone PERFORMER 85 149D/146E TL;rolnicze;Ciągnik;PEWNE;Ciągnik
MO2_5640;Firestone;PERFORMER 85;16.9R38 Firestone PERFORMER 85 144D/141E TL;rolnicze;Ciągnik;PEWNE;Ciągnik
MO2_5639;Firestone;PERFORMER 85;13.6R38 Firestone PERFORMER 85 133D/130E TL;rolnicze;Ciągnik;PEWNE;Ciągnik
MO2_5638;Firestone;PERFORMER 85;13.6R36 Firestone PERFORMER 85 132D/129E TL;rolnicze;Ciągnik;PEWNE;Ciągnik
MO2_5632;Firestone;PERFORMER 85;16.9R28 Firestone PERFORMER 85 139D/136E TL;rolnicze;Ciągnik;PEWNE;Ciągnik
MO2_5631;Firestone;PERFORMER 85;14.9R28 Firestone PERFORMER 85 133D/130E TL;rolnicze;Ciągnik;PEWNE;Ciągnik
MO2_5630;Firestone;PERFORMER 85;13.6R28 Firestone PERFORMER 85 127D/124E TL;rolnicze;Ciągnik;PEWNE;Ciągnik
MO2_5628;Firestone;PERFORMER 85;280/85R28 Firestone PERFORMER 85 118D/115E TL;rolnicze;Ciągnik;PEWNE;Ciągnik
MO2_5625;Firestone;PERFORMER 85;14.9R24 Firestone PERFORMER 85 131D/128E TL;rolnicze;Ciągnik;PEWNE;Ciągnik
MO2_5623;Firestone;PERFORMER 85;12.4R24 Firestone PERFORMER 85 122D/119E TL;rolnicze;Ciągnik;PEWNE;Ciągnik
MO2_5465;Firestone;MAXI TRACTION;710/70R42 Firestone MAXI TRACTION 179D/176E TL;rolnicze;Ciągnik;PEWNE;Ciągnik
MO2_5443;Firestone;MAXI TRACTION;710/70R38 Firestone MAXI TRACTION 171D/168E TL;rolnicze;Ciągnik;PEWNE;Ciągnik
MO2_5442;Firestone;MAXI TRACTION;650/85R38 Firestone MAXI TRACTION 173D/170E TL;rolnicze;Ciągnik;PEWNE;Ciągnik
MO2_5439;Firestone;MAXI TRACTION;620/70R42 Firestone MAXI TRACTION 166D/163E TL;rolnicze;Ciągnik;PEWNE;Ciągnik
MO2_5438;Firestone;MAXI TRACTION;600/70R30 Firestone MAXI TRACTION 158D/155E TL;rolnicze;Ciągnik;PEWNE;Ciągnik
MO2_5437;Firestone;MAXTRAC;600/70R28 Firestone MAXTRAC 157D/154E;rolnicze;Ciągnik;PEWNE;Ciągnik
MO2_5435;Firestone;MAXI TRACTION;600/65R28 Firestone MAXI TRACTION 154D/151E TL;rolnicze;Ciągnik;PEWNE;Ciągnik
MO2_4125;Firestone;PERFORMER 85;16.9R24 Firestone PERFORMER 85 142A8/142B TL;rolnicze;Ciągnik;PEWNE;Ciągnik
MO2_3425;Firestone;PERFORMER 70;580/70R38 Firestone PERFORMER 70 155D/152E;rolnicze;Ciągnik;PEWNE;Ciągnik
MO2_3424;Firestone;PERFORMER 70;520/70R38 Firestone PERFORMER 70 150D/147E TL;rolnicze;Ciągnik;PEWNE;Ciągnik
MO2_3423;Firestone;PERFORMER 70;480/70R38 Firestone PERFORMER 70 145/142D TL;rolnicze;Ciągnik;PEWNE;Ciągnik
MO2_3422;Firestone;PERFORMER 70;520/70R34 Firestone PERFORMER 70 148D TL;rolnicze;Ciągnik;PEWNE;Ciągnik
MO2_3421;Firestone;PERFORMER 70;480/70R34 Firestone PERFORMER 70 143D TL;rolnicze;Ciągnik;PEWNE;Ciągnik
MO2_3418;Firestone;PERFORMER 70;480/70R28 Firestone PERFORMER 70 140D/137E TL;rolnicze;Ciągnik;PEWNE;Ciągnik
MO2_3417;Firestone;PERFORMER 70;420/70R28 Firestone PERFORMER 70 133D/130E TL;rolnicze;Ciągnik;PEWNE;Ciągnik
MO2_3416;Firestone;PERFORMER 70;380/70R28 Firestone PERFORMER 70 127D TL;rolnicze;Ciągnik;PEWNE;Ciągnik
MO2_3414;Firestone;PERFORMER 70;480/70R24 Firestone PERFORMER 70 138D/135E TL;rolnicze;Ciągnik;PEWNE;Ciągnik
MO2_3412;Firestone;PERFORMER 70;380/70R24 Firestone PERFORMER 70 125D/122E TL;rolnicze;Ciągnik;PEWNE;Ciągnik
MO2_3411;Firestone;PERFORMER 70;360/70R24 Firestone PERFORMER 70 122D/119E TL;rolnicze;Ciągnik;PEWNE;Ciągnik
MO5_BFCR22531580KFD81;Firestone;FD833;315/80R22.5 Firestone FD833 156/150K TL M+S 3PMSF;ciężarowe;Ciągnik;WZORZEC;Ciągnik
MO10_PAR9030;GRI;GREEN XLR EARTH 65+;440/65R24 GRI GREEN XLR EARTH 65+ 135D/138A8 R-1W TL;rolnicze;Ciągnik;PEWNE;Ciągnik
MO10_PAR9010;GRI;GREEN XLR 65+;440/65R24 GRI GREEN XLR 65+ 135D/138A8 R-1W TL;rolnicze;Ciągnik;PEWNE;Ciągnik
MO10_PAR7601;GRI;GREEN XLR 65 SR;800/65R32 GRI GREEN XLR 65 SR 172D/169E R-1W TL;rolnicze;Ciągnik;PEWNE;Ciągnik
MO10_PAR7515;GRI;GREEN XLR vFLEX 70;VF710/70R42 GRI GREEN XLR vFLEX 70 182D/179E R-1W TL;rolnicze;Ciągnik;PEWNE;Ciągnik
MO10_PAR7511;GRI;GREEN XLR vFLEX 65;VF650/65R38 GRI GREEN XLR vFLEX 65 169D R-1W TL;rolnicze;Ciągnik;PEWNE;Ciągnik
MO10_PAR7302;GRI;GREEN XLR 70;280/70R20 GRI GREEN XLR 70 116D/113E R-1 TL;rolnicze;Ciągnik;PEWNE;Ciągnik
MO10_PAR7106;GRI;GREEN XLR F88;710/50R26.5 GRI GREEN XLR F88 172D/169E I-3 TL;przemysłowe;Ciągnik;PEWNE;Ciągnik
MO10_PAR7104;GRI;GREEN XLR F88;650/55R26.5 GRI GREEN XLR F88 177D I-3 TL;przemysłowe;Ciągnik;PEWNE;Ciągnik
MO10_PAR7103;GRI;GREEN XLR F88;650/55R26.5 GRI GREEN XLR F88 170D/167E I-3 TL;przemysłowe;Ciągnik;PEWNE;Ciągnik
MO10_PAR7102;GRI;GREEN XLR F88;600/55R26.5 GRI GREEN XLR F88 173D I-3 TL;przemysłowe;Ciągnik;PEWNE;Ciągnik
MO10_PAR6908;GRI;GREEN XLR EARTH 70;710/70R42 GRI GREEN XLR EARTH 70 173D/176A8 R-1W TL;rolnicze;Ciągnik;PEWNE;Ciągnik
MO10_PAR6906;GRI;GREEN XLR EARTH 70;600/70R30 GRI GREEN XLR EARTH 70 152D/155A8 R-1W TL;rolnicze;Ciągnik;PEWNE;Ciągnik
MO10_PAR6905;GRI;GREEN XLR EARTH 85;650/85R38 GRI GREEN XLR EARTH 85 173D/176A8 R-1W TL;rolnicze;Ciągnik;PEWNE;Ciągnik
MO10_PAR6903;GRI;GREEN XLR EARTH 85;380/80R38 GRI GREEN XLR EARTH 85 152A8/149D R-1W TL;rolnicze;Ciągnik;PEWNE;Ciągnik
MO10_PAR6902;GRI;GREEN XLR EARTH 65;650/65R38 GRI GREEN XLR EARTH 65 168D/171A8 R-1W TL;rolnicze;Ciągnik;PEWNE;Ciągnik
MO10_PAR5614;GRI;GREEN XLR iFLEX 85;IF650/85R38 GRI GREEN XLR iFLEX 85 170D R-1W TL;rolnicze;Ciągnik;PEWNE;Ciągnik
MO10_PAR5613;GRI;GREEN XLR iFLEX 70;IF710/70R42 GRI GREEN XLR iFLEX 70 179D R-1W TL;rolnicze;Ciągnik;PEWNE;Ciągnik
MO10_PAR5612;GRI;GREEN XLR iFLEX 85;IF650/85R38 GRI GREEN XLR iFLEX 85 179D R-1W TL;rolnicze;Ciągnik;PEWNE;Ciągnik
MO10_PAR5611;GRI;GREEN XLR iFLEX 70;IF600/70R30 GRI GREEN XLR iFLEX 70 165D R-1W TL;rolnicze;Ciągnik;PEWNE;Ciągnik
MO10_PAR5016;GRI;GREEN XLR 70;480/70R28 GRI GREEN XLR 70 145D R-1W TL;rolnicze;Ciągnik;PEWNE;Ciągnik
MO10_PAR5015;GRI;GREEN XLR 70;420/70R24 GRI GREEN XLR 70 136D R-1W TL;rolnicze;Ciągnik;PEWNE;Ciągnik
MO10_PAR3056;GRI;GREEN XLR EARTH 65;540/65R34 GRI GREEN XLR EARTH 65 152D/155A8 R-1W TL;rolnicze;Ciągnik;PEWNE;Ciągnik
MO10_PAR2914;GRI;GREEN XLR F77;710/40R22.5 GRI GREEN XLR F77 168D I-3 TL;przemysłowe;Ciągnik;PEWNE;Ciągnik
MO10_PAR2913;GRI;GREEN XLR F77;710/45R22.5 GRI GREEN XLR F77 165D I-3 TL;przemysłowe;Ciągnik;PEWNE;Ciągnik
MO10_PAR2912;GRI;GREEN XLR F77;710/40R22.5 GRI GREEN XLR F77 161D I-3 TL;przemysłowe;Ciągnik;PEWNE;Ciągnik
MO10_PAR2911;GRI;GREEN XLR F77;600/50R22.5 GRI GREEN XLR F77 168D I-3 TL;przemysłowe;Ciągnik;PEWNE;Ciągnik
MO10_PAR2907;GRI;GREEN XLR F77;560/45R22.5 GRI GREEN XLR F77 152D I-3 TL;przemysłowe;Ciągnik;PEWNE;Ciągnik
MO10_PAR1415;GRI;GREEN XLR 65;540/65R24 GRI GREEN XLR 65 146D/149A8 R-1W TL;rolnicze;Ciągnik;PEWNE;Ciągnik
MO10_PAR1414;GRI;GREEN XLR 65;540/65R38 GRI GREEN XLR 65 153D/156A8 R-1W TL;rolnicze;Ciągnik;PEWNE;Ciągnik
MO10_PAR1413;GRI;GREEN XLR 65;440/65R28 GRI GREEN XLR 65 138D/141A8 R-1W TL;rolnicze;Ciągnik;PEWNE;Ciągnik
MO10_PAR1412;GRI;GREEN XLR 65;600/65R34 GRI GREEN XLR 65 157D/160A8 R-1W TL;rolnicze;Ciągnik;PEWNE;Ciągnik
MO10_PAR1411;GRI;GREEN XLR 65;650/65R38 GRI GREEN XLR 65 168D/171A8 R-1W TL;rolnicze;Ciągnik;PEWNE;Ciągnik
MO10_PAR1410;GRI;GREEN XLR 65;480/65R24 GRI GREEN XLR 65 140D/143A8 R-1W TL;rolnicze;Ciągnik;PEWNE;Ciągnik
MO10_PAR1409;GRI;GREEN XLR 65;480/65R28 GRI GREEN XLR 65 142D/145A8 R-1W TL;rolnicze;Ciągnik;PEWNE;Ciągnik
MO10_PAR1408;GRI;GREEN XLR 65;440/65R24 GRI GREEN XLR 65 135D/138A8 R-1W TL;rolnicze;Ciągnik;PEWNE;Ciągnik
MO10_PAR1407;GRI;GREEN XLR 65;650/65R38 GRI GREEN XLR 65 163D/166A8 R-1W TL;rolnicze;Ciągnik;PEWNE;Ciągnik
MO10_PAR1406;GRI;GREEN XLR 65;600/65R38 GRI GREEN XLR 65 159D/162A8 R-1W TL;rolnicze;Ciągnik;PEWNE;Ciągnik
MO10_PAR1405;GRI;GREEN XLR 65;600/65R28 GRI GREEN XLR 65 154D/157A8 R-1W TL;rolnicze;Ciągnik;PEWNE;Ciągnik
MO10_PAR1404;GRI;GREEN XLR 65;650/65R42 GRI GREEN XLR 65 165D/168A8 R-1W TL;rolnicze;Ciągnik;PEWNE;Ciągnik
MO10_PAR1402;GRI;GREEN XLR 65;540/65R34 GRI GREEN XLR 65 152D/155A8 R-1W TL;rolnicze;Ciągnik;PEWNE;Ciągnik
MO10_PAR1339;GRI;GREEN XLR 70;600/70R28 GRI GREEN XLR 70 157D/160A8 R-1W TL;rolnicze;Ciągnik;PEWNE;Ciągnik
MO10_PAR1338;GRI;GREEN XLR 75;710/75R42 GRI GREEN XLR 75 175D/172E R-1W TL;rolnicze;Ciągnik;PEWNE;Ciągnik
MO10_PAR1337;GRI;GREEN XLR 85;520/85R42 GRI GREEN XLR 85 162D R-1W TL;rolnicze;Ciągnik;PEWNE;Ciągnik
MO10_PAR1333;GRI;GREEN XLR 65;650/65R42 GRI GREEN XLR 65 170D R-1W TL;rolnicze;Ciągnik;PEWNE;Ciągnik
MO10_PAR1331;GRI;GREEN XLR 70;620/70R42 GRI GREEN XLR 70 173D R-1W TL;rolnicze;Ciągnik;PEWNE;Ciągnik
MO10_PAR1330;GRI;GREEN XLR 70;620/70R42 GRI GREEN XLR 70 166D R-1W TL;rolnicze;Ciągnik;PEWNE;Ciągnik
MO10_PAR1329;GRI;GREEN XLR 70;600/70R30 GRI GREEN XLR 70 165D R-1W TL;rolnicze;Ciągnik;PEWNE;Ciągnik
MO10_PAR1328;GRI;GREEN XLR 95;230/95R36 GRI GREEN XLR 95 130D/133A8 R-1W TL;rolnicze;Ciągnik;PEWNE;Ciągnik
MO10_PAR1325;GRI;GREEN XLR 85;480/80R42 GRI GREEN XLR 85 151D R-1W TL;rolnicze;Ciągnik;PEWNE;Ciągnik
MO10_PAR1324;GRI;GREEN XLR 85;460/85R30 GRI GREEN XLR 85 150D R-1W TL;rolnicze;Ciągnik;PEWNE;Ciągnik
MO10_PAR1323;GRI;GREEN XLR 95;380/90R46 GRI GREEN XLR 95 168D/171A8 R-1W TL;rolnicze;Ciągnik;PEWNE;Ciągnik
MO10_PAR1322;GRI;GREEN XLR 70;710/70R38 GRI GREEN XLR 70 171D/174A8 R-1W TL;rolnicze;Ciągnik;PEWNE;Ciągnik
MO10_PAR1321;GRI;GREEN XLR 70;600/70R30 GRI GREEN XLR 70 152D/155A8 R-1W TL;rolnicze;Ciągnik;PEWNE;Ciągnik
MO10_PAR1320;GRI;GREEN XLR 70;620/70R42 GRI GREEN XLR 70 160D/163A8 R-1W TL;rolnicze;Ciągnik;PEWNE;Ciągnik
MO10_PAR1319;GRI;GREEN XLR 70;710/70R42 GRI GREEN XLR 70 173D/176A8 R-1W TL;rolnicze;Ciągnik;PEWNE;Ciągnik
MO10_PAR1318;GRI;GREEN XLR 70;480/70R34 GRI GREEN XLR 70 155D R-1W TL;rolnicze;Ciągnik;PEWNE;Ciągnik
MO10_PAR1297;GRI;GREEN XLR 85;280/85R24 GRI GREEN XLR 85 131D R-1W TL;rolnicze;Ciągnik;PEWNE;Ciągnik
MO10_PAR1295;GRI;GREEN XLR 85;520/85R38 GRI GREEN XLR 85 169D R-1W TL;rolnicze;Ciągnik;PEWNE;Ciągnik
MO10_PAR1293;GRI;GREEN XLR 95;230/95R32 GRI GREEN XLR 95 128D R-1 TL;rolnicze;Ciągnik;PEWNE;Ciągnik
MO10_PAR1292;GRI;GREEN XLR 95;340/85R48 GRI GREEN XLR 95 152D R-1 TL;rolnicze;Ciągnik;PEWNE;Ciągnik
MO10_PAR1290;GRI;GREEN XLR 95;230/95R48 GRI GREEN XLR 95 136D R-1 TL;rolnicze;Ciągnik;PEWNE;Ciągnik
MO10_PAR1289;GRI;GREEN XLR 95;380/90R46 GRI GREEN XLR 95 155D R-1W TL;rolnicze;Ciągnik;PEWNE;Ciągnik
MO10_PAR1288;GRI;GREEN XLR 95;300/95R46 GRI GREEN XLR 95 151D/154A8 R-1 TL;rolnicze;Ciągnik;PEWNE;Ciągnik
MO10_PAR1285;GRI;GREEN XLR 85;520/85R46 GRI GREEN XLR 85 173D R-1W TL;rolnicze;Ciągnik;PEWNE;Ciągnik
MO10_PAR1282;GRI;GREEN XLR 85;480/80R42 GRI GREEN XLR 85 166D R-1W TL;rolnicze;Ciągnik;PEWNE;Ciągnik
MO10_PAR1281;GRI;GREEN XLR 85;480/80R38 GRI GREEN XLR 85 149D R-1W TL;rolnicze;Ciągnik;PEWNE;Ciągnik
MO10_PAR1280;GRI;GREEN XLR 85;460/85R38 GRI GREEN XLR 85 154D R-1W TL;rolnicze;Ciągnik;PEWNE;Ciągnik
MO10_PAR1279;GRI;GREEN XLR 85;480/80R30 GRI GREEN XLR 85 145D R-1W TL;rolnicze;Ciągnik;PEWNE;Ciągnik
MO10_PAR1276;GRI;GREEN XLR 70;710/70R38 GRI GREEN XLR 70 166D R-1W TL;rolnicze;Ciągnik;PEWNE;Ciągnik
MO10_PAR1273;GRI;GREEN XLR 70;480/70R30 GRI GREEN XLR 70 152D R-1W TL;rolnicze;Ciągnik;PEWNE;Ciągnik
MO10_PAR1272;GRI;GREEN XLR 70;420/70R30 GRI GREEN XLR 70 134D R-1W TL;rolnicze;Ciągnik;PEWNE;Ciągnik
MO10_PAR1271;GRI;GREEN XLR70;480/70R28 GRI GREEN XLR70 140D/143A8 R-1W TL;rolnicze;Ciągnik;PEWNE;Ciągnik
MO10_PAR1270;GRI;GREEN XLR 70;420/70R24 GRI GREEN XLR 70 130D R-1W TL;rolnicze;Ciągnik;PEWNE;Ciągnik
MO10_PAR1269;GRI;GREEN XLR 95;270/95R32 GRI GREEN XLR 95 132D R-1W TL;rolnicze;Ciągnik;PEWNE;Ciągnik
MO10_PAR1267;GRI;GREEN XLR 85;520/85R38 GRI GREEN XLR 85 155D R-1W TL;rolnicze;Ciągnik;PEWNE;Ciągnik
MO10_PAR1266;GRI;GREEN XLR 85;460/85R38 GRI GREEN XLR 85 149D R-1W TL;rolnicze;Ciągnik;PEWNE;Ciągnik
MO10_PAR1265;GRI;GREEN XLR 85;420/85R38 GRI GREEN XLR 85 144D R-1W TL;rolnicze;Ciągnik;PEWNE;Ciągnik
MO10_PAR1264;GRI;GREEN XLR 85;340/85R38 GRI GREEN XLR 85 133D R-1W TL;rolnicze;Ciągnik;PEWNE;Ciągnik
MO10_PAR1263;GRI;GREEN XLR 85;460/85R34 GRI GREEN XLR 85 147D R-1W TL;rolnicze;Ciągnik;PEWNE;Ciągnik
MO10_PAR1262;GRI;GREEN XLR 85;420/85R34 GRI GREEN XLR 85 142D R-1W TL;rolnicze;Ciągnik;PEWNE;Ciągnik
MO10_PAR1261;GRI;GREEN XLR 85;380/85R34 GRI GREEN XLR 85 137D R-1W TL;rolnicze;Ciągnik;PEWNE;Ciągnik
MO10_PAR1260;GRI;GREEN XLR 85;460/85R30 GRI GREEN XLR 85 145D R-1W TL;rolnicze;Ciągnik;PEWNE;Ciągnik
MO10_PAR1259;GRI;GREEN XLR 85;420/85R30 GRI GREEN XLR 85 140D R-1W TL;rolnicze;Ciągnik;PEWNE;Ciągnik
MO10_PAR1258;GRI;GREEN XLR 85;380/85R30 GRI GREEN XLR 85 135D R-1W TL;rolnicze;Ciągnik;PEWNE;Ciągnik
MO10_PAR1257;GRI;GREEN XLR 85;420/85R28 GRI GREEN XLR 85 139D R-1W TL;rolnicze;Ciągnik;PEWNE;Ciągnik
MO10_PAR1256;GRI;GREEN XLR 85;380/85R28 GRI GREEN XLR 85 133D R-1W TL;rolnicze;Ciągnik;PEWNE;Ciągnik
MO10_PAR1255;GRI;GREEN XLR 85;340/85R28 GRI GREEN XLR 85 127D R-1W TL;rolnicze;Ciągnik;PEWNE;Ciągnik
MO10_PAR1254;GRI;GREEN XLR 85;320/85R28 GRI GREEN XLR 85 124D R-1W TL;rolnicze;Ciągnik;PEWNE;Ciągnik
MO10_PAR1253;GRI;GREEN XLR 85;280/85R28 GRI GREEN XLR 85 118D R-1W TL;rolnicze;Ciągnik;PEWNE;Ciągnik
MO10_PAR1252;GRI;GREEN XLR 85;420/85R24 GRI GREEN XLR 85 137D R-1W TL;rolnicze;Ciągnik;PEWNE;Ciągnik
MO10_PAR1251;GRI;GREEN XLR 85;380/85R24 GRI GREEN XLR 85 131D R-1W TL;rolnicze;Ciągnik;PEWNE;Ciągnik
MO10_PAR1250;GRI;GREEN XLR 85;340/85R24 GRI GREEN XLR 85 125D R-1W TL;rolnicze;Ciągnik;PEWNE;Ciągnik
MO10_PAR1249;GRI;GREEN XLR 85;320/85R24 GRI GREEN XLR 85 122D R-1W TL;rolnicze;Ciągnik;PEWNE;Ciągnik
MO10_PAR1248;GRI;GREEN XLR 85;280/85R24 GRI GREEN XLR 85 115D R-1W TL;rolnicze;Ciągnik;PEWNE;Ciągnik
MO10_PAR1247;GRI;GREEN XLR 70;580/70R38 GRI GREEN XLR 70 155D R-1W TL;rolnicze;Ciągnik;PEWNE;Ciągnik
MO10_PAR1246;GRI;GREEN XLR 70;520/70R38 GRI GREEN XLR 70 150D R-1W TL;rolnicze;Ciągnik;PEWNE;Ciągnik
MO10_PAR1245;GRI;GREEN XLR 70;480/70R38 GRI GREEN XLR 70 145D R-1W TL;rolnicze;Ciągnik;PEWNE;Ciągnik
MO10_PAR1244;GRI;GREEN XLR 70;520/70R34 GRI GREEN XLR 70 148D R-1W TL;rolnicze;Ciągnik;PEWNE;Ciągnik
MO10_PAR1243;GRI;GREEN XLR 70;480/70R30 GRI GREEN XLR 70 141D R-1W TL;rolnicze;Ciągnik;PEWNE;Ciągnik
MO10_PAR1241;GRI;GREEN XLR70;380/70R28 GRI GREEN XLR70 127D R-1W TL;rolnicze;Ciągnik;PEWNE;Ciągnik
MO10_PAR1240;GRI;GREEN XLR 70;360/70R28 GRI GREEN XLR 70 125D R-1W TL;rolnicze;Ciągnik;PEWNE;Ciągnik
MO10_PAR1239;GRI;GREEN XLR 70;480/70R24 GRI GREEN XLR 70 138D R-1W TL;rolnicze;Ciągnik;PEWNE;Ciągnik
MO10_PAR1238;GRI;GREEN XLR 70;380/70R24 GRI GREEN XLR 70 125D R-1W TL;rolnicze;Ciągnik;PEWNE;Ciągnik
MO10_PAR1237;GRI;GREEN XLR70;360/70R24 GRI GREEN XLR70 122D R-1W TL;rolnicze;Ciągnik;PEWNE;Ciągnik
MO10_PAR1235;GRI;GREEN XLR 85;520/85R42 GRI GREEN XLR 85 168D R-1W TL;rolnicze;Ciągnik;PEWNE;Ciągnik
MO10_PAR1226;GRI;GREEN XLR 85;380/80R38 GRI GREEN XLR 85 152A8/149D R-1W TL;rolnicze;Ciągnik;PEWNE;Ciągnik
MO10_PAR1222;GRI;GREEN XLR 85;480/80R42 GRI GREEN XLR 85 151A8 R-1W TL;rolnicze;Ciągnik;PEWNE;Ciągnik
MO10_PAR1221;GRI;GREEN XLR 85;650/85R38 GRI GREEN XLR 85 173D/176A8 R-1W TL;rolnicze;Ciągnik;PEWNE;Ciągnik
MO10_PAR1009;GRI;GREEN XLR F77;560/60R22.5 GRI GREEN XLR F77 165D/176A8 I-3 TL;przemysłowe;Ciągnik;PEWNE;Ciągnik
MO10_PAR1002;GRI;GREEN XLR F77;560/60R22.5 GRI GREEN XLR F77 161D/172A8 I-3 TL;przemysłowe;Ciągnik;PEWNE;Ciągnik
MO10_PAB1348;GRI;GREEN EX RT100;16.9-30 GRI GREEN EX RT100 12PR R-1 TT;rolnicze;Ciągnik;PEWNE;Ciągnik
MO10_PAB1299;GRI;GREEN EX RT100;14.9-28 GRI GREEN EX RT100 12PR R-1 TT;rolnicze;Ciągnik;PEWNE;Ciągnik
MO10_PAB1257;GRI;GREEN EX RT100;15.5-38 GRI GREEN EX RT100 8PR R-1 TT;rolnicze;Ciągnik;PEWNE;Ciągnik
MO10_PAB1256;GRI;GREEN EX RT100;11.2-28 GRI GREEN EX RT100 8PR R-1 TT;rolnicze;Ciągnik;PEWNE;Ciągnik
MO10_PAB1255;GRI;GREEN EX RT100;18.4-38 GRI GREEN EX RT100 12PR R-1 TT;rolnicze;Ciągnik;PEWNE;Ciągnik
MO10_PAB1254;GRI;GREEN EX RT100;18.4-38 GRI GREEN EX RT100 8PR R-1 TT;rolnicze;Ciągnik;PEWNE;Ciągnik
MO10_PAB1253;GRI;GREEN EX RT100;12.4-32 GRI GREEN EX RT100 8PR R-1 TT;rolnicze;Ciągnik;PEWNE;Ciągnik
MO10_PAB1248;GRI;GREEN EX RT100;11.2-24 GRI GREEN EX RT100 8PR R-1 TT;rolnicze;Ciągnik;PEWNE;Ciągnik
MO10_PAB1247;GRI;GREEN EX RT100;14.9-28 GRI GREEN EX RT100 8PR R-1 TT;rolnicze;Ciągnik;PEWNE;Ciągnik
MO10_PAB1244;GRI;GREEN EX RT100;9.5-24 GRI GREEN EX RT100 8PR R-1 TT;rolnicze;Ciągnik;PEWNE;Ciągnik
MO10_PAB1243;GRI;GREEN EX RT100;8.3-24 GRI GREEN EX RT100 8PR R-1 TT;rolnicze;Ciągnik;PEWNE;Ciągnik
MO10_PAB1241;GRI;GREEN EX RT100;16.9-30 GRI GREEN EX RT100 8PR R-1 TT;rolnicze;Ciągnik;PEWNE;Ciągnik
MO10_PAB1239;GRI;GREEN EX RT100;18.4-26 GRI GREEN EX RT100 12PR R-1 TT;rolnicze;Ciągnik;PEWNE;Ciągnik
MO10_PAB1238;GRI;GREEN EX RT100;16.9-34 GRI GREEN EX RT100 8PR R-1 TT;rolnicze;Ciągnik;PEWNE;Ciągnik
MO10_PAB1237;GRI;GREEN EX RT100;16.9-30 GRI GREEN EX RT100 10PR R-1 TT;rolnicze;Ciągnik;PEWNE;Ciągnik
MO10_PAB1217;GRI;GREEN EX RT100;14.9-24 GRI GREEN EX RT100 12PR R-1 TT;rolnicze;Ciągnik;PEWNE;Ciągnik
MO10_PAB1215;GRI;GREEN EX RT100;12.4-28 GRI GREEN EX RT100 12PR R-1 TT;rolnicze;Ciągnik;PEWNE;Ciągnik
MO10_PAB1214;GRI;GREEN EX RT100;12.4-24 GRI GREEN EX RT100 12PR R-1 TT;rolnicze;Ciągnik;PEWNE;Ciągnik
MO10_PAB1213;GRI;GREEN EX RT100;18.4-34 GRI GREEN EX RT100 12PR R-1 TT;rolnicze;Ciągnik;PEWNE;Ciągnik
MO10_PAB1212;GRI;GREEN EX RT100;18.4-34 GRI GREEN EX RT100 10PR R-1 TT;rolnicze;Ciągnik;PEWNE;Ciągnik
MO10_PAB1211;GRI;GREEN EX RT100;18.4-34 GRI GREEN EX RT100 8PR R-1 TT;rolnicze;Ciągnik;PEWNE;Ciągnik
MO10_PAB1210;GRI;GREEN EX RT100;18.4-30 GRI GREEN EX RT100 14PR R-1 TT;rolnicze;Ciągnik;PEWNE;Ciągnik
MO10_PAB1209;GRI;GREEN EX RT100;18.4-30 GRI GREEN EX RT100 12PR R-1 TT;rolnicze;Ciągnik;PEWNE;Ciągnik
MO10_PAB1208;GRI;GREEN EX RT100;18.4-30 GRI GREEN EX RT100 8PR R-1 TT;rolnicze;Ciągnik;PEWNE;Ciągnik
MO10_PAB1207;GRI;GREEN EX RT100;16.9-28 GRI GREEN EX RT100 12PR R-1 TT;rolnicze;Ciągnik;PEWNE;Ciągnik
MO10_PAB1206;GRI;GREEN EX RT100;16.9-28 GRI GREEN EX RT100 8PR R-1 TT;rolnicze;Ciągnik;PEWNE;Ciągnik
MO10_PAB1205;GRI;GREEN EX RT100;14.9-24 GRI GREEN EX RT100 8PR R-1 TT;rolnicze;Ciągnik;PEWNE;Ciągnik
MO10_PAB1204;GRI;GREEN EX RT100;13.6-28 GRI GREEN EX RT100 8PR R-1 TT;rolnicze;Ciągnik;PEWNE;Ciągnik
MO10_PAB1203;GRI;GREEN EX RT100;13.6-24 GRI GREEN EX RT100 8PR R-1 TT;rolnicze;Ciągnik;PEWNE;Ciągnik
MO10_PAB1202;GRI;GREEN EX RT100;12.4-28 GRI GREEN EX RT100 8PR R-1 TT;rolnicze;Ciągnik;PEWNE;Ciągnik
MO10_PAB1201;GRI;GREEN EX RT100;12.4-24 GRI GREEN EX RT100 8PR R-1 TT;rolnicze;Ciągnik;PEWNE;Ciągnik
MO10_PAB1037;GRI;GREEN EX RT100;23.1-26 GRI GREEN EX RT100 18PR R-1 TL;rolnicze;Ciągnik;PEWNE;Ciągnik
MO10_PAB1035;GRI;GREEN EX RT100;23.1-26 GRI GREEN EX RT100 12PR R-1 TL;rolnicze;Ciągnik;PEWNE;Ciągnik
MO10_PAB4715;GRI;GREEN EX FL700;500/50-17 GRI GREEN EX FL700 18PR I-3 TL;przemysłowe;Ciągnik;WZORZEC;Ciągnik
MO10_PAB2726;GRI;GREEN EX FL700 SR;700/40-22.5 GRI GREEN EX FL700 SR 18PR I-3 TL;przemysłowe;Ciągnik;WZORZEC;Ciągnik
MO10_PAB2725;GRI;GREEN EX FL700 SR;700/50-22.5 GRI GREEN EX FL700 SR 16PR I-3 TL;przemysłowe;Ciągnik;WZORZEC;Ciągnik
MO10_PAB2723;GRI;GREEN EX FL700 SR;600/55-22.5 GRI GREEN EX FL700 SR 16PR I-3 TL;przemysłowe;Ciągnik;WZORZEC;Ciągnik
MO10_PAB2722;GRI;GREEN EX FL700 SR;550/60-22.5 GRI GREEN EX FL700 SR 16PR I-3 TL;przemysłowe;Ciągnik;WZORZEC;Ciągnik
MO10_PAB2720;GRI;GREEN EX FL700 SR;500/60-22.5 GRI GREEN EX FL700 SR 16PR I-3 TL;przemysłowe;Ciągnik;WZORZEC;Ciągnik
MO10_PAB2713;GRI;GREEN EX FL700;600/50-22.5 GRI GREEN EX FL700 16PR I-3 TL;przemysłowe;Ciągnik;WZORZEC;Ciągnik
MO10_PAB2712;GRI;GREEN EX FL700 SR;550/45-22.5 GRI GREEN EX FL700 SR 16PR I-3 TL;przemysłowe;Ciągnik;WZORZEC;Ciągnik
MO10_PAB1010;GRI;GREEN EX FL700;500/45-22.5 GRI GREEN EX FL700 16PR I-3 TL;przemysłowe;Ciągnik;WZORZEC;Ciągnik
MO10_PAB1004;GRI;GREEN EX FL700;600/55-22.5 GRI GREEN EX FL700 16PR I-3 TL;przemysłowe;Ciągnik;WZORZEC;Ciągnik
MO10_PAB1001;GRI;GREEN EX FL700;400/60-15.5 GRI GREEN EX FL700 18PR I-3 TL;przemysłowe;Ciągnik;WZORZEC;Ciągnik
MO5_OTRR4207107082SR0;GTK;RS200;710/70R42 GTK RS200 176A8/173D TL;rolnicze;Ciągnik;PEWNE;Ciągnik
MO5_OTRR3807107082SR0;GTK;RS200;710/70R38 GTK RS200 174A8/171D TL;rolnicze;Ciągnik;PEWNE;Ciągnik
MO5_OTRR380650658AGA0;GTK;AGR ALFA;650/65R38 GTK AGR ALFA 166A8/163D TL;rolnicze;Ciągnik;PEWNE;Ciągnik
MO5_OTRR3806506582SR0;GTK;RS200;650/65R38 GTK RS200 166A8/163D TL;rolnicze;Ciągnik;PEWNE;Ciągnik
MO5_OTRR3806006582SR0;GTK;RS200;600/65R38 GTK RS200 162A8/159D TL;rolnicze;Ciągnik;PEWNE;Ciągnik
MO5_OTRR38058070DAGA0;GTK;AGR ALFA;580/70R38 GTK AGR ALFA 155D TL;rolnicze;Ciągnik;PEWNE;Ciągnik
MO5_OTRR3805807082SR0;GTK;RS200;580/70R38 GTK RS200 155A8/152B TL;rolnicze;Ciągnik;PEWNE;Ciągnik
MO5_OTRR380520858AGA0;GTK;AGR ALFA;520/85R38 GTK AGR ALFA 155A8/155B TL;rolnicze;Ciągnik;PEWNE;Ciągnik
MO5_OTRR38052070DAGA0;GTK;AGR ALFA;520/70R38 GTK AGR ALFA 150D TL;rolnicze;Ciągnik;PEWNE;Ciągnik
MO5_OTRR3805207082SR0;GTK;RS200;520/70R38 GTK RS200 150A8/147B TL;rolnicze;Ciągnik;PEWNE;Ciągnik
MO5_OTRR3804807082SR0;GTK;RS200;480/70R38 GTK RS200 145A8/142B TL;rolnicze;Ciągnik;PEWNE;Ciągnik
MO5_OTRR3804608582SR0;GTK;RS200;460/85R38 GTK RS200 149A8/146B TL;rolnicze;Ciągnik;PEWNE;Ciągnik
MO5_OTRR340540658AGA0;GTK;AGR ALFA;540/65R34 GTK AGR ALFA 155A8/152D TL;rolnicze;Ciągnik;PEWNE;Ciągnik
MO5_OTRR340520708AGA0;GTK;AGR ALFA;520/70R34 GTK AGR ALFA 151A8/148D TL;rolnicze;Ciągnik;PEWNE;Ciągnik
MO5_OTRR3404608582SR0;GTK;RS200;460/85R34 GTK RS200 147A8/144B TL;rolnicze;Ciągnik;PEWNE;Ciągnik
MO5_OTRR3404208582SR0;GTK;RS200;420/85R34 GTK RS200 142A8/139B TL;rolnicze;Ciągnik;PEWNE;Ciągnik
MO5_OTRR3203208582SR0;GTK;RS200;320/85R32 GTK RS200 126A8/126B TL;rolnicze;Ciągnik;PEWNE;Ciągnik
MO5_OTRR3006007082SR0;GTK;RS200;600/70R30 GTK RS200 158A8/156B TL;rolnicze;Ciągnik;PEWNE;Ciągnik
MO5_OTRR3005406582SR0;GTK;RS200;540/65R30 GTK RS200 153A8/150D TL;rolnicze;Ciągnik;PEWNE;Ciągnik
MO5_OTRR3004807082SR0;GTK;RS200;480/70R30 GTK RS200 141A8/138B TL;rolnicze;Ciągnik;PEWNE;Ciągnik
MO5_OTRR3004208582SR0;GTK;RS200;420/85R30 GTK RS200 140A8/137B TL;rolnicze;Ciągnik;PEWNE;Ciągnik
MO5_OTRR3004207082SR0;GTK;RS200;420/70R30 GTK RS200 134A8/131B TL;rolnicze;Ciągnik;PEWNE;Ciągnik
MO5_OTRR280540658AGA0;GTK;AGR ALFA;540/65R28 GTK AGR ALFA 152A8/149D TL;rolnicze;Ciągnik;PEWNE;Ciągnik
MO5_OTRR280480708AGA0;GTK;AGR ALFA;480/70R28 GTK AGR ALFA 143A8/140D TL;rolnicze;Ciągnik;PEWNE;Ciągnik
MO5_OTRR280420858AGA0;GTK;AGR ALFA;420/85R28 GTK AGR ALFA 139A8/139B TL;rolnicze;Ciągnik;PEWNE;Ciągnik
MO5_OTRR2804208582SR0;GTK;RS200;420/85R28 GTK RS200 139A8/136B TL;rolnicze;Ciągnik;PEWNE;Ciągnik
MO5_OTRR28042070DAGA0;GTK;AGR ALFA;420/70R28 GTK AGR ALFA 133D/136A8 TL;rolnicze;Ciągnik;PEWNE;Ciągnik
MO5_OTRR2804207082SR0;GTK;RS200;420/70R28 GTK RS200 133A8/133B TL;rolnicze;Ciągnik;PEWNE;Ciągnik
MO5_OTRR2803808582SR0;GTK;RS200;380/85R28 GTK RS200 133A8/130B TL;rolnicze;Ciągnik;PEWNE;Ciągnik
MO5_OTRR280380708AGA0;GTK;AGR ALFA;380/70R28 GTK AGR ALFA 130A8/127D TL;rolnicze;Ciągnik;PEWNE;Ciągnik
MO5_OTRR2803807082SR0;GTK;RS200;380/70R28 GTK RS200 127A8/127B TL;rolnicze;Ciągnik;PEWNE;Ciągnik
MO5_OTRR2803607082SR0;GTK;RS200;360/70R28 GTK RS200 125A8/125B TL;rolnicze;Ciągnik;PEWNE;Ciągnik
MO5_OTRR2803208582SR0;GTK;RS200;320/85R28 GTK RS200 124A8/121B TL;rolnicze;Ciągnik;PEWNE;Ciągnik
MO5_OTRR2404807082SR0;GTK;RS200;480/70R24 GTK RS200 138A8/135B TL;rolnicze;Ciągnik;PEWNE;Ciągnik
MO5_OTRR2404806582SR0;GTK;RS200;480/65R24 GTK RS200 136A8/133D TL;rolnicze;Ciągnik;PEWNE;Ciągnik
MO5_OTRR2404607082SR0;GTK;RS200;460/70R24 GTK RS200 159A8 TL;rolnicze;Ciągnik;PEWNE;Ciągnik
MO5_OTRR2404207082SR0;GTK;RS200;420/70R24 GTK RS200 130A8/130B TL;rolnicze;Ciągnik;PEWNE;Ciągnik
MO5_OTRR240380708AGA0;GTK;AGR ALFA;380/70R24 GTK AGR ALFA 128A8/125D TL;rolnicze;Ciągnik;PEWNE;Ciągnik
MO5_OTRR2403807082SR0;GTK;RS200;380/70R24 GTK RS200 125A8/125B TL;rolnicze;Ciągnik;PEWNE;Ciągnik
MO5_OTRR2403607082SR0;GTK;RS200;360/70R24 GTK RS200 122A8/122B TL;rolnicze;Ciągnik;PEWNE;Ciągnik
MO5_OTRR2403408582SR0;GTK;RS200;340/85R24 GTK RS200 125A8/122B TL;rolnicze;Ciągnik;PEWNE;Ciągnik
MO5_OTRR2403208582SR0;GTK;RS200;320/85R24 GTK RS200 122A8/119B TL;rolnicze;Ciągnik;PEWNE;Ciągnik
MO5_OTRR2403207082SR0;GTK;RS200;320/70R24 GTK RS200 116A8/116B TL;rolnicze;Ciągnik;PEWNE;Ciągnik
MO5_OTRR2402808582SR0;GTK;RS200;280/85R24 GTK RS200 115A8/112B TL;rolnicze;Ciągnik;PEWNE;Ciągnik
MO5_OTRR2003807082SR0;GTK;RS200;380/70R20 GTK RS200 122A8/122B TL;rolnicze;Ciągnik;PEWNE;Ciągnik
MO5_OTRR2003607082SR0;GTK;RS200;360/70R20 GTK RS200 129A8/129B TL;rolnicze;Ciągnik;PEWNE;Ciągnik
MO5_OTRR2002808582SR0;GTK;RS200;280/85R20 GTK RS200 112A8/109B TL;rolnicze;Ciągnik;PEWNE;Ciągnik
MO5_OTRD380G84006SA80;GTK;AS100;18.4-38 GTK AS100 154A6 14PR TT;rolnicze;Ciągnik;PEWNE;Ciągnik
MO5_OTRD380G69006SA81;GTK;AS100;16.9-38 GTK AS100 145A6 10PR TT;rolnicze;Ciągnik;PEWNE;Ciągnik
MO5_OTRD380G69006SA80;GTK;AS100;16.9-38 GTK AS100 152A6 14PR TT;rolnicze;Ciągnik;PEWNE;Ciągnik
MO5_OTRD380G55006SA80;GTK;AS100;15.5-38 GTK AS100 141A6 12PR TT;rolnicze;Ciągnik;PEWNE;Ciągnik
MO5_OTRD380G36006SA81;GTK;AS100;13.6-38 GTK AS100 131A6 8PR TT;rolnicze;Ciągnik;PEWNE;Ciągnik
MO5_OTRD380G36006SA80;GTK;AS100;13.6-38 GTK AS100 135A6 10PR TT;rolnicze;Ciągnik;PEWNE;Ciągnik
MO5_OTRD360G24006SA80;GTK;AS100;12.4-36 GTK AS100 126A6 8PR TT;rolnicze;Ciągnik;PEWNE;Ciągnik
MO5_OTRD340G84006SA82;GTK;AS100;18.4-34 GTK AS100 146A6 10PR TT;rolnicze;Ciągnik;PEWNE;Ciągnik
MO5_OTRD340G84006SA80;GTK;AS100;18.4-34 GTK AS100 153A6 14PR TT;rolnicze;Ciągnik;PEWNE;Ciągnik
MO5_OTRD340G69006SA81;GTK;AS100;16.9-34 GTK AS100 142A6 10PR TT;rolnicze;Ciągnik;PEWNE;Ciągnik
MO5_OTRD340G69006SA80;GTK;AS100;16.9-34 GTK AS100 148A6 14PR TT;rolnicze;Ciągnik;PEWNE;Ciągnik
MO5_OTRD320G24006SA80;GTK;AS100;12.4-32 GTK AS100 125A6 8PR TT;rolnicze;Ciągnik;PEWNE;Ciągnik
MO5_OTRD300G84006SA81;GTK;AS100;18.4-30 GTK AS100 158A6 16PR TT;przemysłowe;Ciągnik;PEWNE;Ciągnik
MO5_OTRD300G69006SA82;GTK;AS100;16.9-30 GTK AS100 144A6 10PR TT;rolnicze;Ciągnik;PEWNE;Ciągnik
MO5_OTRD300G69006SA81;GTK;AS100;16.9-30 GTK AS100 137A6 8PR TT;rolnicze;Ciągnik;PEWNE;Ciągnik
MO5_OTRD300G69006SA80;GTK;AS100;16.9-30 GTK AS100 150A6 14PR TT;rolnicze;Ciągnik;PEWNE;Ciągnik
MO5_OTRD280G69006SA81;GTK;AS100;16.9-28 GTK AS100 139A6 10PR TT;rolnicze;Ciągnik;PEWNE;Ciągnik
MO5_OTRD280G69006SA80;GTK;AS100;16.9-28 GTK AS100 143A6 14PR TT;rolnicze;Ciągnik;PEWNE;Ciągnik
MO5_OTRD280G49006SA81;GTK;AS100;14.9-28 GTK AS100 130A6 8PR TT;rolnicze;Ciągnik;PEWNE;Ciągnik
MO5_OTRD280G49006SA80;GTK;AS100;14.9-28 GTK AS100 143A6 14PR TT;rolnicze;Ciągnik;PEWNE;Ciągnik
MO5_OTRD280G36006SA80;GTK;AS100;13.6-28 GTK AS100 125A6 8PR TT;rolnicze;Ciągnik;PEWNE;Ciągnik
MO5_OTRD280G24006SA80;GTK;AS100;12.4-28 GTK AS100 125A6 8PR TT;rolnicze;Ciągnik;PEWNE;Ciągnik
MO5_OTRD280G12006SA80;GTK;AS100;11.2-28 GTK AS100 118A6 8PR TT;rolnicze;Ciągnik;PEWNE;Ciągnik
MO5_OTRD260G84006SA81;GTK;AS100;18.4-26 GTK AS100 150A6 16PR TT;przemysłowe;Ciągnik;PEWNE;Ciągnik
MO5_OTRD240G49006SA83;GTK;AS100;14.9-24 GTK AS100 137A6 14PR TT;rolnicze;Ciągnik;PEWNE;Ciągnik
MO5_OTRD240G49006SA81;GTK;AS100;14.9-24 GTK AS100 128A6 8PR TT;rolnicze;Ciągnik;PEWNE;Ciągnik
MO5_OTRD240G24006SA82;GTK;AS100;12.4-24 GTK AS100 124A6 12PR TT;rolnicze;Ciągnik;PEWNE;Ciągnik
MO5_OTRD240G24006SA81;GTK;AS100;12.4-24 GTK AS100 118A6 8PR TT;rolnicze;Ciągnik;PEWNE;Ciągnik
MO5_OTRD240G12006SA81;GTK;AS100;11.2-24 GTK AS100 122A6 12PR TT;rolnicze;Ciągnik;PEWNE;Ciągnik
MO5_OTRD240D95006SA81;GTK;AS100;9.5-24 GTK AS100 110A6 6PR TT;rolnicze;Ciągnik;PEWNE;Ciągnik
MO5_OTRD200G12006SA80;GTK;AS100;11.2-20 GTK AS100 113A6 8PR TT;rolnicze;Ciągnik;PEWNE;Ciągnik
MO5_OTRD200E75006SA80;GTK;AS100;7.50-20 GTK AS100 108A6 8PR TT;rolnicze;Ciągnik;PEWNE;Ciągnik
MO5_OTRD200E75006SA30;GTK;AS12;7.50-20 GTK AS12 108A6 8PR TT;rolnicze;Ciągnik;PEWNE;Ciągnik
MO5_OTRD200E65006SA30;GTK;AS12;6.50-20 GTK AS12 102A6 8PR TT;rolnicze;Ciągnik;PEWNE;Ciągnik
MO5_OTRD160E75006SA51;GTK;AS14;7.50-16 GTK AS14 103A6 8PR TT;rolnicze;Ciągnik;PEWNE;Ciągnik
MO5_OTRD160E75006SA50;GTK;AS14;7.50-16 GTK AS14 98A6 6PR TT;rolnicze;Ciągnik;PEWNE;Ciągnik
MO5_OTRD160E65006SA81;GTK;AS100;6.50-16 GTK AS100 91A6 6PR TT;rolnicze;Ciągnik;PEWNE;Ciągnik
MO5_OTRD160E65006SA80;GTK;AS100;6.50-16 GTK AS100 97A6 8PR TT;rolnicze;Ciągnik;PEWNE;Ciągnik
MO5_OTRD160E65006SA50;GTK;AS14;6.50-16 GTK AS14 97A6 8PR TT;rolnicze;Ciągnik;PEWNE;Ciągnik
MO5_OTRD160E60006SA50;GTK;AS14;6.00-16 GTK AS14 88A6 6PR TT;rolnicze;Ciągnik;PEWNE;Ciągnik
MO5_OTRD160E60006SA11;GTK;AS10;6.00-16 GTK AS10 93A6 8PR TT;rolnicze;Ciągnik;PEWNE;Ciągnik
MO5_OTRD160E60006SA10;GTK;AS10;6.00-16 GTK AS10 88A6 6PR TT;rolnicze;Ciągnik;PEWNE;Ciągnik
MO5_OTRD150E75006SA80;GTK;AS100;7.50-15 GTK AS100 99A6 8PR TT;rolnicze;Ciągnik;PEWNE;Ciągnik
MO5_OTRD150E65806SA80;GTK;AS100;50/80-15 GTK AS100 86A6 6PR TT;rolnicze;Ciągnik;PEWNE;Ciągnik
MO4_OTRD160E75006SA51;GTK;AS14;7.50-16 GTK AS14 103A6 8PR TT;rolnicze;Ciągnik;PEWNE;Ciągnik
MO4_OTRD150E65806SA80;GTK;AS100;50/80-15 GTK AS100 86A6 6PR TT;rolnicze;Ciągnik;PEWNE;Ciągnik
MO5_OTRD160E65006SA10;GTK;AS10;6.50-16 GTK AS10 91A6 6PR TT;rolnicze;Ciągnik;PEWNE;Ciągnik
MO5_OTRD200E90006TN20;GTK;TN52;9.00-20 GTK TN52 133A6 14PR TT;rolnicze;Ciągnik;WZORZEC;Ciągnik
MO5_OTRD160G05658BT70;GTK;BT20;10.5/65-16 GTK BT20 126A8 12PR TT;rolnicze;Ciągnik;WZORZEC;Ciągnik
MO5_OTPD240H40008GD90;GTK;GD90;14.00-24 GTK GD90 G-2 153A8 16PR TL;przemysłowe;Ciągnik;WZORZEC;Ciągnik
MO5_OTPD200H00008LD91;GTK;LD94;10.00-20 GTK LD94 146A8/143A8 16PR TT;przemysłowe;Ciągnik;WZORZEC;Ciągnik
MO5_OTPD200G4580DLD60;GTK;LD96;14.5-20 GTK LD96 143D 14PR TL;rolnicze;Ciągnik;WZORZEC;Ciągnik
MO5_OTPD200G25008OC10;GTK;OC10;12.5-20 GTK OC10 137A8 14PR TL;rolnicze;Ciągnik;WZORZEC;Ciągnik
MO5_OTPD200405702LD60;GTK;LD96;16.0/70-20 GTK LD96 166A2 16PR TL;przemysłowe;Ciągnik;WZORZEC;Ciągnik
MO5_OTPD18034080DLD60;GTK;LD96;340/80-18 GTK LD96 R-4 146A8 14PR TL;rolnicze;Ciągnik;WZORZEC;Ciągnik
MO5_OTPD160E6500LKM40;GTK;KM400;6.50-16 GTK KM400 108/107L 10PR TT;rolnicze;Ciągnik;WZORZEC;Ciągnik
MO5_OTRD180G25808BT70;GTK;BT20;12.5/80-18 GTK BT20 144A8 14PR TT;rolnicze;Ciągnik;WZORZEC;Ciągnik
MO5_KARR38052070DEV70;Kabat;EVOLUTION 70;520/70R38 Kabat EVOLUTION 70 150D TL;rolnicze;Ciągnik;PEWNE;Ciągnik
MO5_KARR34048070DEV70;Kabat;EVOLUTION 70;480/70R34 Kabat EVOLUTION 70 143D TL;rolnicze;Ciągnik;PEWNE;Ciągnik
MO5_KARR34042085DEV80;Kabat;EVOLUTION 85;420/85R34 Kabat EVOLUTION 85 142D TL;rolnicze;Ciągnik;PEWNE;Ciągnik
MO5_KARR28042070DEV70;Kabat;EVOLUTION 70;420/70R28 Kabat EVOLUTION 70 133D TL;rolnicze;Ciągnik;PEWNE;Ciągnik
MO5_KARR24038070DEV70;Kabat;EVOLUTION 70;380/70R24 Kabat EVOLUTION 70 125D TL;rolnicze;Ciągnik;PEWNE;Ciągnik
MO5_KARR24034085DEV80;Kabat;EVOLUTION 85;340/85R24 Kabat EVOLUTION 85 125D TL;rolnicze;Ciągnik;PEWNE;Ciągnik
MO5_KARD380G84006SGQ0;Kabat;SGP-04;18.4-38 Kabat SGP-04 154A6 14PR TT;rolnicze;Ciągnik;PEWNE;Ciągnik
MO5_KARD380G69008SGQ0;Kabat;SGP-04;16.9-38 Kabat SGP-04 14PR TT;rolnicze;Ciągnik;PEWNE;Ciągnik
MO5_KARD380G55004SGQ0;Kabat;SGP-04;15.5-38 Kabat SGP-04 138A6 10PR TT;rolnicze;Ciągnik;PEWNE;Ciągnik
MO5_KARD360D95006SGQ0;Kabat;SGP-04;9.5-36 Kabat SGP-04 123A6 10PR TT;rolnicze;Ciągnik;PEWNE;Ciągnik
MO5_KARD340G84006SGQ1;Kabat;SGP-04;18.4-34 Kabat SGP-04 154A6 14PR TT;rolnicze;Ciągnik;PEWNE;Ciągnik
MO5_KARD340G84006SGQ0;Kabat;SGP-04;18.4-34 Kabat SGP-04 151A6 12PR TT;rolnicze;Ciągnik;PEWNE;Ciągnik
MO5_KARD340G69008SGQ1;Kabat;SGP-04;16.9-34 Kabat SGP-04 148A8 14PR TT;rolnicze;Ciągnik;PEWNE;Ciągnik
MO5_KARD340G69008SGQ0;Kabat;SGP-04;16.9-34 Kabat SGP-04 135A8 12PR TT;rolnicze;Ciągnik;PEWNE;Ciągnik
MO5_KARD320G24006SGQ0;Kabat;SGP-04;12.4-32 Kabat SGP-04 125A6 8PR TT;rolnicze;Ciągnik;PEWNE;Ciągnik
MO5_KARD320D95006SGQ0;Kabat;SGP-04;9.5-32 Kabat SGP-04 115A6 8PR TT;rolnicze;Ciągnik;PEWNE;Ciągnik
MO5_KARD300G84006SGQ2;Kabat;SGP-04;18.4-30 Kabat SGP-04 149A6 12PR TT;rolnicze;Ciągnik;PEWNE;Ciągnik
MO5_KARD300G84006SGQ0;Kabat;SGP-04;18.4-30 Kabat SGP-04 154A6 14PR TT;rolnicze;Ciągnik;PEWNE;Ciągnik
MO5_KARD300G69006SGQ1;Kabat;SGP-04;16.9-30 Kabat SGP-04 150A6 14PR TT;rolnicze;Ciągnik;PEWNE;Ciągnik
MO5_KARD300G69006SGQ0;Kabat;SGP-04;16.9-30 Kabat SGP-04 135A8 12PR TT;rolnicze;Ciągnik;PEWNE;Ciągnik
MO5_KARD280G69006SGQ0;Kabat;SGP-04;16.9-28 Kabat SGP-04 139A6 10PR TT;rolnicze;Ciągnik;PEWNE;Ciągnik
MO5_KARD280G49856SGP0;Kabat;SGP-03;14.9-28 Kabat SGP-03 130A6 8PR TT;rolnicze;Ciągnik;PEWNE;Ciągnik
MO5_KARD280G36006SGQ1;Kabat;SGP-04;13.6-28 Kabat SGP-04 125A6 8PR TT;rolnicze;Ciągnik;PEWNE;Ciągnik
MO5_KARD280G24856SGP0;Kabat;SGP-02;12.4-28 Kabat SGP-02 123A6 8PR TT;rolnicze;Ciągnik;PEWNE;Ciągnik
MO5_KARD280G12856SGP0;Kabat;SGP-02;11.2-28 Kabat SGP-02 118A6 8PR TT;rolnicze;Ciągnik;PEWNE;Ciągnik
MO5_KARD240G49006SGQ0;Kabat;SGP-04;14.9-24 Kabat SGP-04 128A6 8PR TT;rolnicze;Ciągnik;PEWNE;Ciągnik
MO5_KARD240G24006SGQ2;Kabat;SGP-04;12.4-24 Kabat SGP-04 123A6 10PR TT;rolnicze;Ciągnik;PEWNE;Ciągnik
MO5_KARD240G24006SGQ1;Kabat;SGP-04;12.4-24 Kabat SGP-04 120A6 8PR TT;rolnicze;Ciągnik;PEWNE;Ciągnik
MO5_KARD240G24006SGQ0;Kabat;SGP-04;12.4-24 Kabat SGP-04 128A6 12PR TT;rolnicze;Ciągnik;PEWNE;Ciągnik
MO5_KARD240G12006SGQ0;Kabat;SGP-04;11.2-24 Kabat SGP-04 116A6 8PR TT;rolnicze;Ciągnik;PEWNE;Ciągnik
MO5_KARD240D95006SGQ1;Kabat;SGP-04;9.5-24 Kabat SGP-04 112A6 8PR TT;rolnicze;Ciągnik;PEWNE;Ciągnik
MO5_KARD200E75006SF40;Kabat;SRF-04;7.50-20 Kabat SRF-04 108A6 8PR TT;rolnicze;Ciągnik;PEWNE;Ciągnik
MO5_KARD180E60008SF40;Kabat;SRF-02;6.00-18 Kabat SRF-02 88A8 6PR TT;rolnicze;Ciągnik;PEWNE;Ciągnik
MO5_KARD160E75008SRF1;Kabat;SRF-02;7.50-16 Kabat SRF-02 103A8 8PR TT;rolnicze;Ciągnik;PEWNE;Ciągnik
MO5_KARD160E75008SRF0;Kabat;SRF-02;7.50-16 Kabat SRF-02 98A8 6PR TT;rolnicze;Ciągnik;PEWNE;Ciągnik
MO5_KARD160E75008SGQ0;Kabat;SGP-04;7.50-16 Kabat SGP-04 103A8 8PR TT;rolnicze;Ciągnik;PEWNE;Ciągnik
MO5_KARD160E75008SF51;Kabat;SRF-05;7.50-16 Kabat SRF-05 103A8 8PR TT;rolnicze;Ciągnik;PEWNE;Ciągnik
MO5_KARD160E75008SF50;Kabat;SRF-05;7.50-16 Kabat SRF-05 98A8 6PR TT;rolnicze;Ciągnik;PEWNE;Ciągnik
MO5_KARD160E75006SGQ0;Kabat;SGP-04;7.50-16 Kabat SGP-04 98A6 6PR TT;rolnicze;Ciągnik;PEWNE;Ciągnik
MO5_KARD160E60948SRR1;Kabat;SRF-03;6.00-16 Kabat SRF-03 94A8 8PR TT;rolnicze;Ciągnik;PEWNE;Ciągnik
MO5_KARD160E60008SRR0;Kabat;SRF-03;6.00-16 Kabat SRF-03 88A8 6PR TT;rolnicze;Ciągnik;PEWNE;Ciągnik
MO5_KARD160E60008SGQ0;Kabat;SGP-04;6.00-16 Kabat SGP-04 88A8 6PR TT;rolnicze;Ciągnik;PEWNE;Ciągnik
MO5_KARD160E60006SRI2;Kabat;SRF-01;6.00-16 Kabat SRF-01 94A8 8PR TT;rolnicze;Ciągnik;PEWNE;Ciągnik
MO5_KARD160E60006SRI0;Kabat;SRF-01;6.00-16 Kabat SRF-01 88A8 6PR TT;rolnicze;Ciągnik;PEWNE;Ciągnik
MO5_KARD160E60006SGQ0;Kabat;SGP-04;6.00-16 Kabat SGP-04 94A6 8PR TT;rolnicze;Ciągnik;PEWNE;Ciągnik
MO5_KARD155400600SGY0;Kabat;SGP-05;400/60-15.5 Kabat SGP-05 145A8/132A8 14PR TL;rolnicze;Ciągnik;PEWNE;Ciągnik
MO5_KARD100E40004SGP3;Kabat;SGP-02;4.00-10 Kabat SGP-02 49A4 4PR TT;rolnicze;Ciągnik;PEWNE;Ciągnik
MO4_KARD380G69008SGQ0;Kabat;SGP-04;16.9-38 Kabat SGP-04 14PR TT;rolnicze;Ciągnik;PEWNE;Ciągnik
MO4_KARD360D95006SGQ0;Kabat;SGP-04;9.5-36 Kabat SGP-04 123A6 10PR TT;rolnicze;Ciągnik;PEWNE;Ciągnik
MO4_KARD340G84006SGQ1;Kabat;SGP-04;18.4-34 Kabat SGP-04 154A6 14PR TT;rolnicze;Ciągnik;PEWNE;Ciągnik
MO4_KARD340G69008SGQ0;Kabat;SGP-04;16.9-34 Kabat SGP-04 135A8 12PR TT;rolnicze;Ciągnik;PEWNE;Ciągnik
MO4_KARD320G24006SGQ0;Kabat;SGP-04;12.4-32 Kabat SGP-04 125A6 8PR TT;rolnicze;Ciągnik;PEWNE;Ciągnik
MO4_KARD320D95006SGQ0;Kabat;SGP-04;9.5-32 Kabat SGP-04 115A6 8PR TT;rolnicze;Ciągnik;PEWNE;Ciągnik
MO4_KARD300G84006SGQ2;Kabat;SGP-04;18.4-30 Kabat SGP-04 149A6 12PR TT;rolnicze;Ciągnik;PEWNE;Ciągnik
MO4_KARD280G69006SGQ0;Kabat;SGP-04;16.9-28 Kabat SGP-04 139A6 10PR TT;rolnicze;Ciągnik;PEWNE;Ciągnik
MO4_KARD280G49856SGP0;Kabat;SGP-03;14.9-28 Kabat SGP-03 130A6 8PR TT;rolnicze;Ciągnik;PEWNE;Ciągnik
MO4_KARD280G36006SGQ1;Kabat;SGP-04;13.6-28 Kabat SGP-04 125A6 8PR TT;rolnicze;Ciągnik;PEWNE;Ciągnik
MO4_KARD280G24856SGP0;Kabat;SGP-02;12.4-28 Kabat SGP-02 123A6 8PR TT;rolnicze;Ciągnik;PEWNE;Ciągnik
MO4_KARD280G12856SGP0;Kabat;SGP-02;11.2-28 Kabat SGP-02 118A6 8PR TT;rolnicze;Ciągnik;PEWNE;Ciągnik
MO4_KARD240G24006SGQ0;Kabat;SGP-04;12.4-24 Kabat SGP-04 128A6 12PR TT;rolnicze;Ciągnik;PEWNE;Ciągnik
MO4_KARD240G12006SGQ0;Kabat;SGP-04;11.2-24 Kabat SGP-04 116A6 8PR TT;rolnicze;Ciągnik;PEWNE;Ciągnik
MO4_KARD200E75006SF40;Kabat;SRF-04;7.50-20 Kabat SRF-04 108A6 8PR TT;rolnicze;Ciągnik;PEWNE;Ciągnik
MO4_KARD180E60008SF40;Kabat;SRF-02;6.00-18 Kabat SRF-02 88A8 6PR TT;rolnicze;Ciągnik;PEWNE;Ciągnik
MO4_KARD160E75008SRF1;Kabat;SRF-02;7.50-16 Kabat SRF-02 103A8 8PR TT;rolnicze;Ciągnik;PEWNE;Ciągnik
MO4_KARD160E75008SRF0;Kabat;SRF-02;7.50-16 Kabat SRF-02 98A8 6PR TT;rolnicze;Ciągnik;PEWNE;Ciągnik
MO4_KARD160E75008SGQ0;Kabat;SGP-04;7.50-16 Kabat SGP-04 103A8 8PR TT;rolnicze;Ciągnik;PEWNE;Ciągnik
MO4_KARD160E75008SF51;Kabat;SRF-05;7.50-16 Kabat SRF-05 103A8 8PR TT;rolnicze;Ciągnik;PEWNE;Ciągnik
MO4_KARD160E75006SGQ0;Kabat;SGP-04;7.50-16 Kabat SGP-04 98A6 6PR TT;rolnicze;Ciągnik;PEWNE;Ciągnik
MO4_KARD160E60948SRR1;Kabat;SRF-03;6.00-16 Kabat SRF-03 94A8 8PR TT;rolnicze;Ciągnik;PEWNE;Ciągnik
MO4_KARD160E60008SRR0;Kabat;SRF-03;6.00-16 Kabat SRF-03 88A8 6PR TT;rolnicze;Ciągnik;PEWNE;Ciągnik
MO4_KARD160E60008SGQ0;Kabat;SGP-04;6.00-16 Kabat SGP-04 88A8 6PR TT;rolnicze;Ciągnik;PEWNE;Ciągnik
MO4_KARD160E60006SRI2;Kabat;SRF-01;6.00-16 Kabat SRF-01 94A8 8PR TT;rolnicze;Ciągnik;PEWNE;Ciągnik
MO4_KARD160E60006SRI0;Kabat;SRF-01;6.00-16 Kabat SRF-01 88A8 6PR TT;rolnicze;Ciągnik;PEWNE;Ciągnik
MO4_KARD160E60006SGQ0;Kabat;SGP-04;6.00-16 Kabat SGP-04 94A6 8PR TT;rolnicze;Ciągnik;PEWNE;Ciągnik
MO4_KARD100E40004SGP3;Kabat;SGP-02;4.00-10 Kabat SGP-02 49A4 4PR TT;rolnicze;Ciągnik;PEWNE;Ciągnik
MO3_60016Kabat8PR;Kabat;SRF-01;6.00-16 Kabat SRF-01 8PR TT;rolnicze;Ciągnik;PEWNE;Ciągnik
MO3_75016Kab;Kabat;SRF-02;7.50-16 Kabat SRF-02 103A8 8PR TT;rolnicze;Ciągnik;PEWNE;Ciągnik
MO2_KOSR1660082T;Kabat;SRF-03 SUPRA RIB;6.00-16 Kabat SRF-03 SUPRA RIB 8PR TT;rolnicze;Ciągnik;PEWNE;Ciągnik
MO2_KOSR1660081T;Kabat;SRF-01 SUPRA RIB;6.00-16 Kabat SRF-01 SUPRA RIB 8PR TT;rolnicze;Ciągnik;PEWNE;Ciągnik
MO2_KOSR1660061T;Kabat;SRF-01 SUPRA RIB;6.00-16 Kabat SRF-01 SUPRA RIB 6PR TT;rolnicze;Ciągnik;PEWNE;Ciągnik
MO2_KOSG2814981T;Kabat;SGP-03 SUPRA GRIP;14.9-28 Kabat SGP-03 SUPRA GRIP 8PR TT;rolnicze;Ciągnik;PEWNE;Ciągnik
MO5_KAPD200H00000G010;Kabat;GTR-01;10.00-20 Kabat GTR-01 16PR TT;przemysłowe;Ciągnik;WZORZEC;Ciągnik
MO3_4208534K;Kleber;TRAKER;420/85R34 Kleber TRAKER 142A8/139B TL;rolnicze;Ciągnik;PEWNE;Ciągnik
MO3_2309544KL;Kleber;CROPKER;230/95R44 Kleber CROPKER 134D/137A8 TL;rolnicze;Ciągnik;PEWNE;Ciągnik
MO3_2709536KL;Kleber;CROPKER;270/95R36 Kleber CROPKER 139D/142A8 TL;rolnicze;Ciągnik;PEWNE;Ciągnik
MO3_3009542K;Kleber;CROPKER;300/95R42 Kleber CROPKER 147D/150A8 TL;rolnicze;Ciągnik;PEWNE;Ciągnik
MO3_2709542K;Kleber;CROPKER;270/95R42 Kleber CROPKER 141D/144A8 TL;rolnicze;Ciągnik;PEWNE;Ciągnik
MO3_2309536KL;Kleber;CROPKER;230/95R36 Kleber CROPKER 130D/133A8 TL;rolnicze;Ciągnik;PEWNE;Ciągnik
MO3_4207030kfdemo;Kleber;FITKER;420/70R30 Kleber FITKER 134A8/131B TL demo;rolnicze;Ciągnik;PEWNE;Ciągnik
MO3_2808528K;Kleber;TRAKER;280/85R28 Kleber TRAKER 118A8/115B TL;rolnicze;Ciągnik;PEWNE;Ciągnik
MO3_4807034K;Kleber;FITKER;480/70R34 Kleber FITKER 143A8/143B TL;rolnicze;Ciągnik;PEWNE;Ciągnik
MO3_4207024k;Kleber;FITKER;420/70R24 Kleber FITKER 136A8/136B TL;rolnicze;Ciągnik;PEWNE;Ciągnik
MO3_3808528K;Kleber;TRAKER;380/85R28 Kleber TRAKER 133A8/130B TL;rolnicze;Ciągnik;PEWNE;Ciągnik
MO3_4608534K;Kleber;TRAKER;460/85R34 Kleber TRAKER 147A8/144B TL;rolnicze;Ciągnik;PEWNE;Ciągnik
MO3_4208538K;Kleber;TRAKER;420/85R38 Kleber TRAKER 144A8/141B TL;rolnicze;Ciągnik;PEWNE;Ciągnik
MO3_3808524K;Kleber;TRAKER;380/85R24 Kleber TRAKER 131A8/128B TL;rolnicze;Ciągnik;PEWNE;Ciągnik
MO3_3807028K;Kleber;FITKER;380/70R28 Kleber FITKER 127A8/127B TL;rolnicze;Ciągnik;PEWNE;Ciągnik
MO3_3807024kk;Kleber;FITKER;380/70R24 Kleber FITKER 125A8/125B TL;rolnicze;Ciągnik;PEWNE;Ciągnik
MO3_3607028K;Kleber;FITKER;360/70R28 Kleber FITKER 125A8/125B TL;rolnicze;Ciągnik;PEWNE;Ciągnik
MO3_3408528K;Kleber;TRAKER;340/85R28 Kleber TRAKER 127A8/124B TL;rolnicze;Ciągnik;PEWNE;Ciągnik
MO3_2808524K;Kleber;TRAKER;280/85R24 Kleber TRAKER 115A8/112B TL;rolnicze;Ciągnik;PEWNE;Ciągnik
MO3_2309532KK;Kleber;CROPKER;230/95R32 Kleber CROPKER 128D/131A8 TL;rolnicze;Ciągnik;PEWNE;Ciągnik
MO3_4208528K;Kleber;TRAKER;420/85R28 Kleber TRAKER 144A8/141B TL;rolnicze;Ciągnik;PEWNE;Ciągnik
MO3_4208524K;Kleber;TRAKER;420/85R24 Kleber TRAKER 142A8/139B TL;rolnicze;Ciągnik;PEWNE;Ciągnik
MO3_6006538K;Kleber;GRIPKER;600/65R38 Kleber GRIPKER 153D TL;rolnicze;Ciągnik;PEWNE;Ciągnik
MO3_5406538K;Kleber;GRIPKER;540/65R38 Kleber GRIPKER 147D TL;rolnicze;Ciągnik;PEWNE;Ciągnik
MO3_5207034K;Kleber;FITKER;520/70R34 Kleber FITKER 148A8/148B TL;rolnicze;Ciągnik;PEWNE;Ciągnik
MO3_4806528K;Kleber;GRIPKER;480/65R28 Kleber GRIPKER 136D TL;rolnicze;Ciągnik;PEWNE;Ciągnik
MO3_3408538K;Kleber;TRAKER;340/85R38 Kleber TRAKER 133A8/130B TL;rolnicze;Ciągnik;PEWNE;Ciągnik
MO3_3208520K;Kleber;TRAKER;320/85R20 Kleber TRAKER 119A8/116B TL;rolnicze;Ciągnik;PEWNE;Ciągnik
MO3_2309540k;Kleber;CROPKER;230/95R40 Kleber CROPKER 132D/135A8 TL;rolnicze;Ciągnik;PEWNE;Ciągnik
MO3_3408524KL;Kleber;TRAKER;340/85R24 Kleber TRAKER 130A8/127B TL;rolnicze;Ciągnik;PEWNE;Ciągnik
MO3_6506538K;Kleber;GRIPKER;650/65R38 Kleber GRIPKER 157D TL;rolnicze;Ciągnik;PEWNE;Ciągnik
MO3_3407520K;Kleber;SUPER G;340/75R20 Kleber SUPER G 117A8/114B TL;rolnicze;Ciągnik;PEWNE;Ciągnik
MO3_5208542k;Kleber;TRAKER;520/85R42 Kleber TRAKER 157A8/157B TL;rolnicze;Ciągnik;PEWNE;Ciągnik
MO3_3208536k;Kleber;TRAKER;320/85R36 Kleber TRAKER 128A8/125B TL;rolnicze;Ciągnik;PEWNE;Ciągnik
MO3_2309548KK;Kleber;CROPKER;230/95R48 Kleber CROPKER 136D/139A8 TL;rolnicze;Ciągnik;PEWNE;Ciągnik
MO3_5208538K;Kleber;TRAKER;520/85R38 Kleber TRAKER 155A8/152B TL;rolnicze;Ciągnik;PEWNE;Ciągnik
MO3_2709548KK;Kleber;CROPKER;270/95R48 Kleber CROPKER 144D/147A8 TL;rolnicze;Ciągnik;PEWNE;Ciągnik
MO3_4406528K;Kleber;GRIPKER;440/65R28 Kleber GRIPKER 131D TL;rolnicze;Ciągnik;PEWNE;Ciągnik
MO3_5406530K;Kleber;GRIPKER;540/65R30 Kleber GRIPKER 143D TL;rolnicze;Ciągnik;PEWNE;Ciągnik
MO3_4207028K;Kleber;FITKER;420/70R28 Kleber FITKER 133A8/133B TL;rolnicze;Ciągnik;PEWNE;Ciągnik
MO3_3408536k;Kleber;TRAKER;340/85R36 Kleber TRAKER 132A8/129B TL;rolnicze;Ciągnik;PEWNE;Ciągnik
MO3_3009546KK;Kleber;CROPKER;300/95R46 Kleber CROPKER 148D/151A8 TL;rolnicze;Ciągnik;PEWNE;Ciągnik
MO3_2709532KK;Kleber;CROPKER;270/95R32 Kleber CROPKER 136D/139A8 TL;rolnicze;Ciągnik;PEWNE;Ciągnik
MO3_6506542K;Kleber;GRIPKER;650/65R42 Kleber GRIPKER 158D TL;rolnicze;Ciągnik;PEWNE;Ciągnik
MO3_2709538KK;Kleber;CROPKER;270/95R38 Kleber CROPKER 140D/143A8 TL;rolnicze;Ciągnik;PEWNE;Ciągnik
MO3_4807038K;Kleber;FITKER;480/70R38 Kleber FITKER 145A8/145B TL;rolnicze;Ciągnik;PEWNE;Ciągnik
MO3_3208524K;Kleber;TRAKER;320/85R24 Kleber TRAKER 122A8/119B TL;rolnicze;Ciągnik;PEWNE;Ciągnik
MO3_5807038K;Kleber;FITKER;580/70R38 Kleber FITKER 155A8/155B TL;rolnicze;Ciągnik;PEWNE;Ciągnik
MO3_2508524K;Kleber;TRAKER;250/85R24 Kleber TRAKER 109A8/106B TL;rolnicze;Ciągnik;PEWNE;Ciągnik
MO3_2508528K;Kleber;TRAKER;250/85R28 Kleber TRAKER 112A8/109B TL;rolnicze;Ciągnik;PEWNE;Ciągnik
MO2_161783;Kleber;TRAKER;18.4R38 Kleber TRAKER 149A8/146B TL;rolnicze;Ciągnik;PEWNE;Ciągnik
MO2_024095;Kleber;GRIPKER;540/65R30 Kleber GRIPKER 143D TL;rolnicze;Ciągnik;PEWNE;Ciągnik
MO3_4607024k;Kleber;LUGKER;460/70R24 Kleber LUGKER 159A8/159B TL;przemysłowe;Ciągnik;WZORZEC;Ciągnik
MO3_4007020Kl;Kleber;LUGKER;400/70R20 Kleber LUGKER 149A8/149B TL;przemysłowe;Ciągnik;WZORZEC;Ciągnik
MO3_5007024Kl;Kleber;LUGKER;500/70R24 Kleber LUGKER 164A8/164B TL;przemysłowe;Ciągnik;WZORZEC;Ciągnik
MO5_HLRR42071070D50R0;MRL;FARM XTREME 75 RRT500;710/70R42 MRL FARM XTREME 75 RRT500 173D TL;rolnicze;Ciągnik;PEWNE;Ciągnik
MO5_HLRR420710708FM70;MRL;FARM MAXX 70 RRT 770;710/70R42 MRL FARM MAXX 70 RRT 770 176A8/173D TL;rolnicze;Ciągnik;PEWNE;Ciągnik
MO5_HLRR42065065DFX63;MRL;FARM XTREME 65 RRT500;650/65R42 MRL FARM XTREME 65 RRT500 165D/168A8 TL;rolnicze;Ciągnik;PEWNE;Ciągnik
MO5_HLRR42065065DFX60;MRL;FARM XTREME 65 RRT 665;650/65R42 MRL FARM XTREME 65 RRT 665 165D/168A8 TL;rolnicze;Ciągnik;PEWNE;Ciągnik
MO5_HLRR42062070DFM70;MRL;FARM MAXX 70 RRT 770;620/70R42 MRL FARM MAXX 70 RRT 770 160D/163A8 TL;rolnicze;Ciągnik;PEWNE;Ciągnik
MO5_HLRR38071070DFM70;MRL;FARM MAXX 70 RRT 770;710/70R38 MRL FARM MAXX 70 RRT 770 178D/181A8 TL;rolnicze;Ciągnik;PEWNE;Ciągnik
MO5_HLRR380710708FM70;MRL;FARM MAXX 70 RRT 770;710/70R38 MRL FARM MAXX 70 RRT 770 175A8/172D TL;rolnicze;Ciągnik;PEWNE;Ciągnik
MO5_HLRR38065065DFX67;MRL;FARM XTREME 65 RRT500;650/65R38 MRL FARM XTREME 65 RRT500 163D/166A8 TL;rolnicze;Ciągnik;PEWNE;Ciągnik
MO5_HLRR38065065DFX60;MRL;FARM XTREME 65 RRT 665;650/65R38 MRL FARM XTREME 65 RRT 665 163D/166A8 TL;rolnicze;Ciągnik;PEWNE;Ciągnik
MO5_HLRR38060065DFX61;MRL;FARM XTREME 65 RRT500;600/65R38 MRL FARM XTREME 65 RRT500 159D/162A8 TL;rolnicze;Ciągnik;PEWNE;Ciągnik
MO5_HLRR380580708FM70;MRL;FARM MAXX 70 RRT 770;580/70R38 MRL FARM MAXX 70 RRT 770 155A8/155B TL;rolnicze;Ciągnik;PEWNE;Ciągnik
MO5_HLRR38054065DFX62;MRL;FARM XTREME 65 RRT500;540/65R38 MRL FARM XTREME 65 RRT500 153D/156A8 TL;rolnicze;Ciągnik;PEWNE;Ciągnik
MO5_HLRR38052085D50R0;MRL;FARM XTREME 85 RRT500;520/85R38 MRL FARM XTREME 85 RRT500 155D TL;rolnicze;Ciągnik;PEWNE;Ciągnik
MO5_HLRR380520858FR80;MRL;FARM SUPER 85 RRT 885;520/85R38 MRL FARM SUPER 85 RRT 885 155A8/155B TL;rolnicze;Ciągnik;PEWNE;Ciągnik
MO5_HLRR38052070D50R0;MRL;FARM XTREME 70 RRT 500;520/70R38 MRL FARM XTREME 70 RRT 500 150D/153A8 TL;rolnicze;Ciągnik;PEWNE;Ciągnik
MO5_HLRR38046085D50R0;MRL;FARM XTREME 85 RRT500;460/85R38 MRL FARM XTREME 85 RRT500 149D TL;rolnicze;Ciągnik;PEWNE;Ciągnik
MO5_HLRR38042085D50R0;MRL;FARM XTREME 85 RRT500;420/85R38 MRL FARM XTREME 85 RRT500 144D TL;rolnicze;Ciągnik;PEWNE;Ciągnik
MO5_HLRR380420858FR80;MRL;FARM SUPER 85 RRT 885;420/85R38 MRL FARM SUPER 85 RRT 885 144A8/144B TL;rolnicze;Ciągnik;PEWNE;Ciągnik
MO5_HLRR34060065DFX61;MRL;FARM XTREME 65 RRT500;600/65R34 MRL FARM XTREME 65 RRT500 157D/160A8 TL;rolnicze;Ciągnik;PEWNE;Ciągnik
MO5_HLRR34054065DFX61;MRL;FARM XTREME 65 RRT500;540/65R34 MRL FARM XTREME 65 RRT500 152D/155A8 TL;rolnicze;Ciągnik;PEWNE;Ciągnik
MO5_HLRR34054065DFX60;MRL;FARM XTREME 65 RRT 665;540/65R34 MRL FARM XTREME 65 RRT 665 152D/155A8 TL;rolnicze;Ciągnik;PEWNE;Ciągnik
MO5_HLRR34042085D50R0;MRL;FARM XTREME 85 RRT500;420/85R34 MRL FARM XTREME 85 RRT500 142D TL;rolnicze;Ciągnik;PEWNE;Ciągnik
MO5_HLRR340420858FR80;MRL;FARM SUPER 85 RRT 885;420/85R34 MRL FARM SUPER 85 RRT 885 142A8/142B TL;rolnicze;Ciągnik;PEWNE;Ciągnik
MO5_HLRR32032085DFR80;MRL;FARM SUPER 85 RRT 885;320/85R32 MRL FARM SUPER 85 RRT 885 126D/129A8 TL;rolnicze;Ciągnik;PEWNE;Ciągnik
MO5_HLRR30060065DFX61;MRL;FARM XTREME 65 RRT500;600/65R30 MRL FARM XTREME 65 RRT500 155D/158A8 TL;rolnicze;Ciągnik;PEWNE;Ciągnik
MO5_HLRR30060065DFX60;MRL;FARM XTREME 65 RRT 665;600/65R30 MRL FARM XTREME 65 RRT 665 155D/158A8 TL;rolnicze;Ciągnik;PEWNE;Ciągnik
MO5_HLRR30054065DFX61;MRL;FARM XTREME 65 RRT500;540/65R30 MRL FARM XTREME 65 RRT500 150D/153A8 TL;rolnicze;Ciągnik;PEWNE;Ciągnik
MO5_HLRR300480708FM70;MRL;FARM MAXX 70 RRT 770;480/70R30 MRL FARM MAXX 70 RRT 770 141A8/141B TL;rolnicze;Ciągnik;PEWNE;Ciągnik
MO5_HLRR300420858FR80;MRL;FARM SUPER 85 RRT 885;420/85R30 MRL FARM SUPER 85 RRT 885 140A8/140B TL;rolnicze;Ciągnik;PEWNE;Ciągnik
MO5_HLRR28060065D50R0;MRL;FARM XTREME 65 RRT500;600/65R28 MRL FARM XTREME 65 RRT500 154D/157A8 TL;rolnicze;Ciągnik;PEWNE;Ciągnik
MO5_HLRR28054065DFX61;MRL;FARM XTREME 65 RRT500;540/65R28 MRL FARM XTREME 65 RRT500 149D/152A8 TL;rolnicze;Ciągnik;PEWNE;Ciągnik
MO5_HLRR28048065D50R0;MRL;FARM XTREME 65 RRT500;480/65R28 MRL FARM XTREME 65 RRT500 142D/145A8 TL;rolnicze;Ciągnik;PEWNE;Ciągnik
MO5_HLRR28042070DFM70;MRL;FARM MAXX 70 RRT 770;420/70R28 MRL FARM MAXX 70 RRT 770 133D/136A8 TL;rolnicze;Ciągnik;PEWNE;Ciągnik
MO5_HLRR280420708FM70;MRL;FARM MAXX 70 RRT 770;420/70R28 MRL FARM MAXX 70 RRT 770 133A8/133B TL;rolnicze;Ciągnik;PEWNE;Ciągnik
MO5_HLRR28038085D50R0;MRL;FARM XTREME 85 RRT500;380/85R28 MRL FARM XTREME 85 RRT500 133D TL;rolnicze;Ciągnik;PEWNE;Ciągnik
MO5_HLRR28038070DFM70;MRL;FARM MAXX 70 RRT 770;380/70R28 MRL FARM MAXX 70 RRT 770 127D/130A8 TL;rolnicze;Ciągnik;PEWNE;Ciągnik
MO5_HLRR280380708FM70;MRL;FARM MAXX 70 RRT 770;380/70R28 MRL FARM MAXX 70 RRT 770 127A8/127B TL;rolnicze;Ciągnik;PEWNE;Ciągnik
MO5_HLRR28036070DFM70;MRL;FARM MAXX 70 RRT 770;360/70R28 MRL FARM MAXX 70 RRT 770 125D/128A8 TL;rolnicze;Ciągnik;PEWNE;Ciągnik
MO5_HLRR280340858FR80;MRL;FARM SUPER 85 RRT 885;340/85R28 MRL FARM SUPER 85 RRT 885 127A8/127B TL;rolnicze;Ciągnik;PEWNE;Ciągnik
MO5_HLRR280320858FR80;MRL;FARM SUPER 85 RRT 885;320/85R28 MRL FARM SUPER 85 RRT 885 124A8/124B TL;rolnicze;Ciągnik;PEWNE;Ciągnik
MO5_HLRR280280858FR80;MRL;FARM SUPER 85 RRT 885;280/85R28 MRL FARM SUPER 85 RRT 885 118A8/118B TL;rolnicze;Ciągnik;PEWNE;Ciągnik
MO5_HLRR240480708FM70;MRL;FARM MAXX 70 RRT 770;480/70R24 MRL FARM MAXX 70 RRT 770 138A8/138B TL;rolnicze;Ciągnik;PEWNE;Ciągnik
MO5_HLRR24048065DFX61;MRL;FARM XTREME 65 RRT500;480/65R24 MRL FARM XTREME 65 RRT500 140D/143A8 TL;rolnicze;Ciągnik;PEWNE;Ciągnik
MO5_HLRR24048065DFX60;MRL;FARM XTREME 65 RRT 665;480/65R24 MRL FARM XTREME 65 RRT 665 140D/143A8 TL;rolnicze;Ciągnik;PEWNE;Ciągnik
MO5_HLRR24042085D50R0;MRL;FARM XTREME 85 RRT500;420/85R24 MRL FARM XTREME 85 RRT500 137D TL;rolnicze;Ciągnik;PEWNE;Ciągnik
MO5_HLRR240420858FR80;MRL;FARM SUPER 85 RRT 885;420/85R24 MRL FARM SUPER 85 RRT 885 137A8/137B TL;rolnicze;Ciągnik;PEWNE;Ciągnik
MO5_HLRR240420708FM70;MRL;FARM MAXX 70 RRT 770;420/70R24 MRL FARM MAXX 70 RRT 770 130A8/130B TL;rolnicze;Ciągnik;PEWNE;Ciągnik
MO5_HLRR240380858FR80;MRL;FARM SUPER 85 RRT 885;380/85R24 MRL FARM SUPER 85 RRT 885 131A8/131B TL;rolnicze;Ciągnik;PEWNE;Ciągnik
MO5_HLRR240380708FM70;MRL;FARM MAXX 70 RRT 770;380/70R24 MRL FARM MAXX 70 RRT 770 125A8/125B TL;rolnicze;Ciągnik;PEWNE;Ciągnik
MO5_HLRR24034085D50R0;MRL;FARM XTREME 85 RRT500;340/85R24 MRL FARM XTREME 85 RRT500 125D TL;rolnicze;Ciągnik;PEWNE;Ciągnik
MO5_HLRR24032085D50R0;MRL;FARM XTREME 85 RRT500;320/85R24 MRL FARM XTREME 85 RRT500 122D TL;rolnicze;Ciągnik;PEWNE;Ciągnik
MO5_HLRR240320708FM71;MRL;FARM MAXX 70 RRT 770;320/70R24 MRL FARM MAXX 70 RRT 770 116A8/116B TL;rolnicze;Ciągnik;PEWNE;Ciągnik
MO5_HLRR240280858FR80;MRL;FARM SUPER 85 RRT 885;280/85R24 MRL FARM SUPER 85 RRT 885 115A8/115B TL;rolnicze;Ciągnik;PEWNE;Ciągnik
MO5_HLRR200320708FM70;MRL;FARM MAXX 70 RRT 770;320/70R20 MRL FARM MAXX 70 RRT 770 123A8/123B TL;rolnicze;Ciągnik;PEWNE;Ciągnik
MO5_HLRR180280708FM70;MRL;FARM MAXX 70 RRT 770;280/70R18 MRL FARM MAXX 70 RRT 770 114A8/114B TL;rolnicze;Ciągnik;PEWNE;Ciągnik
MO5_HLRR160280708FM70;MRL;FARM MAXX 70 RRT 770;280/70R16 MRL FARM MAXX 70 RRT 770 112A8/112B TL;rolnicze;Ciągnik;PEWNE;Ciągnik
MO5_HLRD380G84008MR23;MRL;MRT 329 KIRTI;18.4-38 MRL MRT 329 KIRTI 154A6/150A8 14PR TT;rolnicze;Ciągnik;PEWNE;Ciągnik
MO5_HLRD380G69006MR20;MRL;MRT 329 KIRTI;16.9-38 MRL MRT 329 KIRTI 148A6/144A8 14PR TT;rolnicze;Ciągnik;PEWNE;Ciągnik
MO5_HLRD380G55006MR22;MRL;MRT 329 KIRTI;15.5-38 MRL MRT 329 KIRTI 142A6/138A8 14PR TT;rolnicze;Ciągnik;PEWNE;Ciągnik
MO5_HLRD360D95006MR20;MRL;MRT 329 KIRTI;9.5-36 MRL MRT 329 KIRTI 118A6/114A8 8PR TT;rolnicze;Ciągnik;PEWNE;Ciągnik
MO5_HLRD340G84008MR20;MRL;MRT 329 KIRTI;18.4-34 MRL MRT 329 KIRTI 150A6/146A8 12PR TT;rolnicze;Ciągnik;PEWNE;Ciągnik
MO5_HLRD340G69006MR20;MRL;MRT 329 KIRTI;16.9-34 MRL MRT 329 KIRTI 146A6/142A8 14PR TT;rolnicze;Ciągnik;PEWNE;Ciągnik
MO5_HLRD320G24006MR20;MRL;MRT 329 KIRTI;12.4-32 MRL MRT 329 KIRTI 125A6/121A8 8PR TT;rolnicze;Ciągnik;PEWNE;Ciągnik
MO5_HLRD320D95006MR23;MRL;MRT 329 KIRTI;9.5-32 MRL MRT 329 KIRTI 116A6/112A8 8PR TT;rolnicze;Ciągnik;PEWNE;Ciągnik
MO5_HLRD300G69006MR21;MRL;MRT 329 KIRTI;16.9-30 MRL MRT 329 KIRTI 146A6/142A8 14PR TT;rolnicze;Ciągnik;PEWNE;Ciągnik
MO5_HLRD280G69006MR20;MRL;MRT 329 KIRTI;16.9-28 MRL MRT 329 KIRTI 146A6/142A8 14PR TT;rolnicze;Ciągnik;PEWNE;Ciągnik
MO5_HLRD280G49006MR21;MRL;MRT 329 KIRTI;14.9-28 MRL MRT 329 KIRTI 130A6/126A8 8PR TT;rolnicze;Ciągnik;PEWNE;Ciągnik
MO5_HLRD280G49006MR20;MRL;MRT 329 KIRTI;14.9-28 MRL MRT 329 KIRTI 136A6/132A8 14PR TT;rolnicze;Ciągnik;PEWNE;Ciągnik
MO5_HLRD280G24006MR22;MRL;MRT 329 KIRTI;12.4-28 MRL MRT 329 KIRTI 123A6/119A8 8PR TT;rolnicze;Ciągnik;PEWNE;Ciągnik
MO5_HLRD280G12008MR20;MRL;MRT 329 KIRTI;11.2-28 MRL MRT 329 KIRTI 118A6/114A8 8PR TT;rolnicze;Ciągnik;PEWNE;Ciągnik
MO5_HLRD260G84006MR28;MRL;MRT 329 KIRTI;18.4-26 MRL MRT 329 KIRTI 16PR TL;przemysłowe;Ciągnik;PEWNE;Ciągnik
MO5_HLRD260G49006MR21;MRL;MRT 329 KIRTI;14.9-26 MRL MRT 329 KIRTI 139A6/135A8 14PR TT;rolnicze;Ciągnik;PEWNE;Ciągnik
MO5_HLRD240G36006MR21;MRL;MRT 329 KIRTI;13.6-24 MRL MRT 329 KIRTI 130A6/126A8 12PR TT;rolnicze;Ciągnik;PEWNE;Ciągnik
MO5_HLRD240G24006MR21;MRL;MRT 329 KIRTI;12.4-24 MRL MRT 329 KIRTI 121A6/117A8 8PR TT;rolnicze;Ciągnik;PEWNE;Ciągnik
MO5_HLRD240G24006MR20;MRL;MRT 329 KIRTI;12.4-24 MRL MRT 329 KIRTI 130A6/126A8 14PR TT;rolnicze;Ciągnik;PEWNE;Ciągnik
MO5_HLRD240G12006MR25;MRL;MRT 329 KIRTI;11.2-24 MRL MRT 329 KIRTI 122A6/119A8 12PR TT;rolnicze;Ciągnik;PEWNE;Ciągnik
MO5_HLRD240G12006MR21;MRL;MRT 329 KIRTI;11.2-24 MRL MRT 329 KIRTI 116A6/113A8 8PR TT;rolnicze;Ciągnik;PEWNE;Ciągnik
MO5_HLRD240D95006MR20;MRL;MRT 329 KIRTI;9.5-24 MRL MRT 329 KIRTI 112A6/108A8 8PR TT;rolnicze;Ciągnik;PEWNE;Ciągnik
MO5_HLRD240D83006MR20;MRL;MRT 329 KIRTI;8.3-24 MRL MRT 329 KIRTI 105A6/101A8 8PR TT;rolnicze;Ciągnik;PEWNE;Ciągnik
MO5_HLRD220D830083290;MRL;MRT 329 KIRTI;8.3-22 MRL MRT 329 KIRTI 104A6/100A8 8PR TT;rolnicze;Ciągnik;PEWNE;Ciągnik
MO5_HLRD200E75006M222;MRL;MTF 221 TWO RIB PREMIUM;7.50-20 MRL MTF 221 TWO RIB PREMIUM 109A6/101A8 8PR TT;rolnicze;Ciągnik;PEWNE;Ciągnik
MO5_HLRD200D95006MR21;MRL;MRT 329 KIRTI;9.5-20 MRL MRT 329 KIRTI 107A6/103A8 8PR TT;rolnicze;Ciągnik;PEWNE;Ciągnik
MO5_HLRD200D83006MR23;MRL;MRT 329 KIRTI;8.3-20 MRL MRT 329 KIRTI 101A6/98A8 8PR TT;rolnicze;Ciągnik;PEWNE;Ciągnik
MO5_HLRD180E75006MTP0;MRL;MTF 212 THREE RIB PREMIUM;7.50-18 MRL MTF 212 THREE RIB PREMIUM 8PR TT;rolnicze;Ciągnik;PEWNE;Ciągnik
MO5_HLRD160E75006M221;MRL;MTF 221 TWO RIB PREMIUM;7.50-16 MRL MTF 221 TWO RIB PREMIUM 103A6/96A8 8PR TT;rolnicze;Ciągnik;PEWNE;Ciągnik
MO5_HLRD160E60006MF20;MRL;MTF 222 TWO RIB;6.00-16 MRL MTF 222 TWO RIB 88A6/80A8 6PR TT;rolnicze;Ciągnik;PEWNE;Ciągnik
MO5_HLRD160E50006MF20;MRL;MTF 222 TWO RIB;5.00-16 MRL MTF 222 TWO RIB 84A6/76A8 6PR TT;rolnicze;Ciągnik;PEWNE;Ciągnik
MO5_HLRD160550006MTP0;MRL;MTF 212 THREE RIB PREMIUM;5.50-16 MRL MTF 212 THREE RIB PREMIUM 86A6/78A8 6PR TT;rolnicze;Ciągnik;PEWNE;Ciągnik
MO5_HLRD120E50006MRT1;MRL;MRT 302 RT;5.00-12 MRL MRT 302 RT 70A6/66A8 8PR TT;rolnicze;Ciągnik;PEWNE;Ciągnik
MO5_HLPR240460708GTR0;MRL;GRIP TRAC 375;460/70R24 MRL GRIP TRAC 375 159A8 TL;rolnicze;Ciągnik;PEWNE;Ciągnik
MO5_HLPR240460708G330;MRL;GT 333 MAXIMUS;460/70R24 MRL GT 333 MAXIMUS 159A8/159B TL;rolnicze;Ciągnik;PEWNE;Ciągnik
MO4_HLRR380580708FM70;MRL;FARM MAXX 70 RRT 770;580/70R38 MRL FARM MAXX 70 RRT 770 155A8/155B TL;rolnicze;Ciągnik;PEWNE;Ciągnik
MO4_HLRR240420708FM70;MRL;FARM MAXX 70 RRT 770;420/70R24 MRL FARM MAXX 70 RRT 770 130A8/130B TL;rolnicze;Ciągnik;PEWNE;Ciągnik
MO4_HLRR24032085D50R0;MRL;FARM XTREME 85 RRT500;320/85R24 MRL FARM XTREME 85 RRT500 122D TL;rolnicze;Ciągnik;PEWNE;Ciągnik
MO4_HLRD380G69006MR20;MRL;MRT 329 KIRTI;16.9-38 MRL MRT 329 KIRTI 148A6/144A8 14PR TT;rolnicze;Ciągnik;PEWNE;Ciągnik
MO4_HLRD380G55006MR22;MRL;MRT 329 KIRTI;15.5-38 MRL MRT 329 KIRTI 142A6/138A8 14PR TT;rolnicze;Ciągnik;PEWNE;Ciągnik
MO4_HLRD340G84008MR20;MRL;MRT 329 KIRTI;18.4-34 MRL MRT 329 KIRTI 150A6/146A8 12PR TT;rolnicze;Ciągnik;PEWNE;Ciągnik
MO4_HLRD340G69006MR20;MRL;MRT 329 KIRTI;16.9-34 MRL MRT 329 KIRTI 146A6/142A8 14PR TT;rolnicze;Ciągnik;PEWNE;Ciągnik
MO4_HLRD320G24006MR20;MRL;MRT 329 KIRTI;12.4-32 MRL MRT 329 KIRTI 125A6/121A8 8PR TT;rolnicze;Ciągnik;PEWNE;Ciągnik
MO4_HLRD280G49006MR21;MRL;MRT 329 KIRTI;14.9-28 MRL MRT 329 KIRTI 130A6/126A8 8PR TT;rolnicze;Ciągnik;PEWNE;Ciągnik
MO4_HLRD280G24006MR22;MRL;MRT 329 KIRTI;12.4-28 MRL MRT 329 KIRTI 123A6/119A8 8PR TT;rolnicze;Ciągnik;PEWNE;Ciągnik
MO4_HLRD280G12008MR20;MRL;MRT 329 KIRTI;11.2-28 MRL MRT 329 KIRTI 118A6/114A8 8PR TT;rolnicze;Ciągnik;PEWNE;Ciągnik
MO4_HLRD260231006MR20;MRL;MRT 329 KIRTI;23.1-26 MRL MRT 329 KIRTI 161A6/157A8 18PR TL;rolnicze;Ciągnik;PEWNE;Ciągnik
MO4_HLRD240G36006MR21;MRL;MRT 329 KIRTI;13.6-24 MRL MRT 329 KIRTI 130A6/126A8 12PR TT;rolnicze;Ciągnik;PEWNE;Ciągnik
MO4_HLRD200E75006M222;MRL;MTF 221 TWO RIB PREMIUM;7.50-20 MRL MTF 221 TWO RIB PREMIUM 109A6/101A8 8PR TT;rolnicze;Ciągnik;PEWNE;Ciągnik
MO4_HLRD180E75006MTP0;MRL;MTF 212 THREE RIB PREMIUM;7.50-18 MRL MTF 212 THREE RIB PREMIUM 8PR TT;rolnicze;Ciągnik;PEWNE;Ciągnik
MO4_HLRD160E60006MTP1;MRL;MTF 212 DABANG TR;6.00-16 MRL MTF 212 DABANG TR 88A6/80A8 6PR TT;rolnicze;Ciągnik;PEWNE;Ciągnik
MO4_HLRD160E50006MF20;MRL;MTF 222 TWO RIB;5.00-16 MRL MTF 222 TWO RIB 84A6/76A8 6PR TT;rolnicze;Ciągnik;PEWNE;Ciągnik
MO4_HLRD160E40006MF20;MRL;MTF 222 TWO RIB;4.00-16 MRL MTF 222 TWO RIB 69A6/62A8 4PR TT;rolnicze;Ciągnik;PEWNE;Ciągnik
MO4_HLRD120E50006MRT1;MRL;MRT 302 RT;5.00-12 MRL MRT 302 RT 70A6/66A8 8PR TT;rolnicze;Ciągnik;PEWNE;Ciągnik
MO4_HLPR240460708G330;MRL;GT 333 MAXIMUS;460/70R24 MRL GT 333 MAXIMUS 159A8/159B TL;rolnicze;Ciągnik;PEWNE;Ciągnik
MO5_HLRR340460858FR80;MRL;FARM SUPER 85 RRT 885;460/85R34 MRL FARM SUPER 85 RRT 885 147A8/147B TL;rolnicze;Ciągnik;PEWNE;Ciągnik
MO5_HLRD160E40006MF20;MRL;MTF 222 TWO RIB;4.00-16 MRL MTF 222 TWO RIB 69A6/62A8 4PR TT;rolnicze;Ciągnik;PEWNE;Ciągnik
MO5_HLRD120E60006MRT2;MRL;MRT 302 RT M93 RT;6.00-12 MRL MRT 302 RT M93 RT 83A6 8PR TT;rolnicze;Ciągnik;PEWNE;Ciągnik
MO5_HLRR26571050DLR30;MRL;POWER FLR 333;710/50R26.5 MRL POWER FLR 333 172D/169E TL SB;ciężarowe;Ciągnik;WZORZEC;Ciągnik
MO5_HLRR26571050DFL30;MRL;FLR 335 SPOWER;710/50R26.5 MRL FLR 335 SPOWER 172D TL SB;ciężarowe;Ciągnik;WZORZEC;Ciągnik
MO5_HLRR22560050ELR30;MRL;POWER FLR 333;600/50R22.5 MRL POWER FLR 333 159E/162D TL SB;ciężarowe;Ciągnik;WZORZEC;Ciągnik
MO5_HLRR22560050DFL30;MRL;FLR 335 SPOWER;600/50R22.5 MRL FLR 335 SPOWER 162D/159E TL SB;ciężarowe;Ciągnik;WZORZEC;Ciągnik
MO5_HLRR22556060DFL30;MRL;FLR 335 SPOWER;560/60R22.5 MRL FLR 335 SPOWER 165D/162E TL SB;ciężarowe;Ciągnik;WZORZEC;Ciągnik
MO5_HLRR22550060DLR30;MRL;POWER FLR 333;500/60R22.5 MRL POWER FLR 333 156D/153E TL SB;ciężarowe;Ciągnik;WZORZEC;Ciągnik
MO5_HLRR22550060DFL30;MRL;FLR 335 SPOWER;500/60R22.5 MRL FLR 335 SPOWER 156D/153E TL SB;ciężarowe;Ciągnik;WZORZEC;Ciągnik
MO5_HLRD240G4900633M2;MRL;MRT 332 IRRIGATOR ND-2;14.9-24 MRL MRT 332 IRRIGATOR ND-2 128A6/124A8 8PR TT;rolnicze;Ciągnik;WZORZEC;Ciągnik
MO5_HLPD200H0000BMEX0;MRL;MEX 473 ROCK LUG;10.00-20 MRL MEX 473 ROCK LUG 146B 16PR TT;przemysłowe;Ciągnik;WZORZEC;Ciągnik
MO5_HLPD160E6500JRMM0;MRL;MR 504 MILE PLUS;6.50-16 MRL MR 504 MILE PLUS 111J 12PR TT;rolnicze;Ciągnik;WZORZEC;Ciągnik
MO4_HLRR22560050ELR30;MRL;POWER FLR 333;600/50R22.5 MRL POWER FLR 333 159E/162D TL SB;ciężarowe;Ciągnik;WZORZEC;Ciągnik
MO4_HLRR22560050DFL30;MRL;FLR 335 SPOWER;600/50R22.5 MRL FLR 335 SPOWER 162D/159E TL SB;ciężarowe;Ciągnik;WZORZEC;Ciągnik
MO5_MIRR500380908A8M1;Mitas;AC 85;380/90R50 Mitas AC 85 160A8/160B TL;rolnicze;Ciągnik;PEWNE;Ciągnik
MO5_MIRR480340908A8M0;Mitas;AC 85;340/90R48 Mitas AC 85 154A8/154B TL;rolnicze;Ciągnik;PEWNE;Ciągnik
MO5_MIRR460380908A8M1;Mitas;AC 85;380/90R46 Mitas AC 85 159A8/156B TL;rolnicze;Ciągnik;PEWNE;Ciągnik
MO5_MIRR42071075DSFT0;Mitas;SFT;710/75R42 Mitas SFT 175D/178A8 TL SB;rolnicze;Ciągnik;PEWNE;Ciągnik
MO5_MIRR42071070DSFT0;Mitas;SFT;710/70R42 Mitas SFT 173D/176A8 TL SB;rolnicze;Ciągnik;PEWNE;Ciągnik
MO5_MIRR42065065DA6M0;Mitas;AC 65;650/65R42 Mitas AC 65 165D/168A8 TL;rolnicze;Ciągnik;PEWNE;Ciągnik
MO5_MIRR420520858A8M0;Mitas;AC 85;520/85R42 Mitas AC 85 162A8/162B TL;rolnicze;Ciągnik;PEWNE;Ciągnik
MO5_MIRR38071070BA6M0;Mitas;AC 65;710/70R38 Mitas AC 65 166D/169A8 TL;rolnicze;Ciągnik;PEWNE;Ciągnik
MO5_MIRR38065065DSFT0;Mitas;SFT;650/65R38 Mitas SFT 157D/160A8 TL SB;rolnicze;Ciągnik;PEWNE;Ciągnik
MO5_MIRR38065065DA650;Mitas;AC 65;650/65R38 Mitas AC 65 157D/160A8 TL;rolnicze;Ciągnik;PEWNE;Ciągnik
MO5_MIRR38060065DA6M0;Mitas;AC 65;600/65R38 Mitas AC 65 153D/156A8 TL;rolnicze;Ciągnik;PEWNE;Ciągnik
MO5_MIRR38058070DHC70;Mitas;HC70;580/70R38 Mitas HC70 155D/158A8 TL;rolnicze;Ciągnik;PEWNE;Ciągnik
MO5_MIRR380580708A7T0;Mitas;AC 70;580/70R38 Mitas AC 70 155A8/155B TL;rolnicze;Ciągnik;PEWNE;Ciągnik
MO5_MIRR380540808HCM0;Mitas;HCM IND;540/80R38 Mitas HCM IND 172A8/167D TL SB;rolnicze;Ciągnik;PEWNE;Ciągnik
MO5_MIRR38054065DA6M0;Mitas;AC 65;540/65R38 Mitas AC 65 147D/150A8 TL;rolnicze;Ciągnik;PEWNE;Ciągnik
MO5_MIRR380520858AC80;Mitas;AC 85;520/85R38 Mitas AC 85 155A8 TL;rolnicze;Ciągnik;PEWNE;Ciągnik
MO5_MIRR38052070DHC70;Mitas;HC70;520/70R38 Mitas HC70 150D/153A8 TL;rolnicze;Ciągnik;PEWNE;Ciągnik
MO5_MIRR380520708A7T0;Mitas;AC 70;520/70R38 Mitas AC 70 150A8/150B TL;rolnicze;Ciągnik;PEWNE;Ciągnik
MO5_MIRR380480808HCM0;Mitas;HCM IND;480/80R38 Mitas HCM IND 166A8/161D TL SB;rolnicze;Ciągnik;PEWNE;Ciągnik
MO5_MIRR380480708A7T0;Mitas;AC 70;480/70R38 Mitas AC 70 145A8/145B TL;rolnicze;Ciągnik;PEWNE;Ciągnik
MO5_MIRR380460858A853;Mitas;AC 85;460/85R38 Mitas AC 85 149A8/146B TL;rolnicze;Ciągnik;PEWNE;Ciągnik
MO5_MIRR380420858A8M0;Mitas;AC 85;420/85R38 Mitas AC 85 144B TL;rolnicze;Ciągnik;PEWNE;Ciągnik
MO5_MIRR380340858A8M0;Mitas;AC 85;340/85R38 Mitas AC 85 133A8/130B TL;rolnicze;Ciągnik;PEWNE;Ciągnik
MO5_MIRR380320858A8M0;Mitas;AC 85;320/85R38 Mitas AC 85 143A8/143B TL;rolnicze;Ciągnik;PEWNE;Ciągnik
MO5_MIRR34071060DSFT0;Mitas;SFT;710/60R34 Mitas SFT 164D/167A8 TL SB;rolnicze;Ciągnik;PEWNE;Ciągnik
MO5_MIRR34065060DSFT0;Mitas;SFT;650/60R34 Mitas SFT 159D/162A8 TL SB;rolnicze;Ciągnik;PEWNE;Ciągnik
MO5_MIRR34054065DA6M0;Mitas;AC 65;540/65R34 Mitas AC 65 145D/148A8 TL;rolnicze;Ciągnik;PEWNE;Ciągnik
MO5_MIRR340520708A7T0;Mitas;AC 70;520/70R34 Mitas AC 70 148A8/148B TL;rolnicze;Ciągnik;PEWNE;Ciągnik
MO5_MIRR34048070DH7M1;Mitas;HC70;480/70R34 Mitas HC70 155D/158A8 TL;rolnicze;Ciągnik;PEWNE;Ciągnik
MO5_MIRR340480708A7T0;Mitas;AC 70;480/70R34 Mitas AC 70 143A8/143B TL;rolnicze;Ciągnik;PEWNE;Ciągnik
MO5_MIRR34046085BA850;Mitas;AC 85;460/85R34 Mitas AC 85 147A8/144B TL;rolnicze;Ciągnik;PEWNE;Ciągnik
MO5_MIRR340420858A8M0;Mitas;AC 85;420/85R34 Mitas AC 85 142A8/142B TL;rolnicze;Ciągnik;PEWNE;Ciągnik
MO5_MIRR340420858A850;Mitas;AC 85;420/85R34 Mitas AC 85 147A8/147B TL;rolnicze;Ciągnik;PEWNE;Ciągnik
MO5_MIRR34032085BA8M0;Mitas;AC 85;320/85R34 Mitas AC 85 133A8/133B TL;rolnicze;Ciągnik;PEWNE;Ciągnik
MO5_MIRR320800658A7N1;Mitas;AC 70;800/65R32 Mitas AC 70 172A8/169B TL;rolnicze;Ciągnik;PEWNE;Ciągnik
MO5_MIRR320800658A7N0;Mitas;AC 70;800/65R32 Mitas AC 70 178A8/175B TL;rolnicze;Ciągnik;PEWNE;Ciągnik
MO5_MIRR320320908A8M0;Mitas;AC 85;320/90R32 Mitas AC 85 134A8/131B TL;rolnicze;Ciągnik;PEWNE;Ciągnik
MO5_MIRR320320858A8M0;Mitas;AC 85;320/85R32 Mitas AC 85 142A8/142B TL;rolnicze;Ciągnik;PEWNE;Ciągnik
MO5_MIRR320270808A9M0;Mitas;AC 90;270/80R32 Mitas AC 90 131A8/128B TL;rolnicze;Ciągnik;PEWNE;Ciągnik
MO5_MIRR300620708SFT0;Mitas;SFT IMP;620/70R30 Mitas SFT IMP 178A8/166A8 TL SB;rolnicze;Ciągnik;PEWNE;Ciągnik
MO5_MIRR30060070DSFT0;Mitas;SFT;600/70R30 Mitas SFT 152D/155A8 TL SB;rolnicze;Ciągnik;PEWNE;Ciągnik
MO5_MIRR30054065DA6M0;Mitas;AC 65;540/65R30 Mitas AC 65 150D/153A8 TL;rolnicze;Ciągnik;PEWNE;Ciągnik
MO5_MIRR300540658HCM0;Mitas;HCM IND;540/65R30 Mitas HCM IND 161A8/150D TL SB;rolnicze;Ciągnik;PEWNE;Ciągnik
MO5_MIRR300420858A8M0;Mitas;AC 85;420/85R30 Mitas AC 85 140A8/140B TL;rolnicze;Ciągnik;PEWNE;Ciągnik
MO5_MIRR28060065DA6M0;Mitas;AC 65;600/65R28 Mitas AC 65 147D/150A8 TL;rolnicze;Ciągnik;PEWNE;Ciągnik
MO5_MIRR28054065DA6M0;Mitas;AC 65;540/65R28 Mitas AC 65 142D/145A8 TL;rolnicze;Ciągnik;PEWNE;Ciągnik
MO5_MIRR280480708A7T0;Mitas;AC 70;480/70R28 Mitas AC 70 140A8/140B TL;rolnicze;Ciągnik;PEWNE;Ciągnik
MO5_MIRR28048065DA6M0;Mitas;AC 65;480/65R28 Mitas AC 65 136D/139A8 TL;rolnicze;Ciągnik;PEWNE;Ciągnik
MO5_MIRR280440808HCM0;Mitas;HCM IND;440/80R28 Mitas HCM IND 156A8/151D TL SB;rolnicze;Ciągnik;PEWNE;Ciągnik
MO5_MIRR280440708A7G0;Mitas;AC 70;440/70R28 Mitas AC 70 152A8 TL;rolnicze;Ciągnik;PEWNE;Ciągnik
MO5_MIRR28044065DA6M0;Mitas;AC 65;440/65R28 Mitas AC 65 131D/139A8 TL;rolnicze;Ciągnik;PEWNE;Ciągnik
MO5_MIRR280420858A8M0;Mitas;AC 85;420/85R28 Mitas AC 85 139A8/136B TL;rolnicze;Ciągnik;PEWNE;Ciągnik
MO5_MIRR280420708A7T0;Mitas;AC 70;420/70R28 Mitas AC 70 133A8/130B TL;rolnicze;Ciągnik;PEWNE;Ciągnik
MO5_MIRR280380858A8M0;Mitas;AC 85;380/85R28 Mitas AC 85 133A8/130B TL;rolnicze;Ciągnik;PEWNE;Ciągnik
MO5_MIRR28038070DHC70;Mitas;HC70;380/70R28 Mitas HC70 127D/130A8 TL;rolnicze;Ciągnik;PEWNE;Ciągnik
MO5_MIRR280380708A7T0;Mitas;AC 70;380/70R28 Mitas AC 70 127A8/127B TL;rolnicze;Ciągnik;PEWNE;Ciągnik
MO5_MIRR280320858A8M0;Mitas;AC 85;320/85R28 Mitas AC 85 124A8/124B TL;rolnicze;Ciągnik;PEWNE;Ciągnik
MO5_MIRR280280858A8M0;Mitas;AC 85;280/85R28 Mitas AC 85 118A8/118B TL;rolnicze;Ciągnik;PEWNE;Ciągnik
MO5_MIRR24054065DA6M1;Mitas;AC 65;540/65R24 Mitas AC 65 140D/143A8 TL;rolnicze;Ciągnik;PEWNE;Ciągnik
MO5_MIRR24054065DA6M0;Mitas;AC 65;540/65R24 Mitas AC 65 146D/149A8 TL;rolnicze;Ciągnik;PEWNE;Ciągnik
MO5_MIRR240500858SFT1;Mitas;SFT IMP;500/85R24 Mitas SFT IMP 171A8/158A8 TL SB;rolnicze;Ciągnik;PEWNE;Ciągnik
MO5_MIRR24048065DA6M0;Mitas;AC 65;480/65R24 Mitas AC 65 133D/136A8 TL;rolnicze;Ciągnik;PEWNE;Ciągnik
MO5_MIRR24044065DA6M0;Mitas;AC 65;440/65R24 Mitas AC 65 128D/131A8 TL;rolnicze;Ciągnik;PEWNE;Ciągnik
MO5_MIRR240420858A8M0;Mitas;AC 85;420/85R24 Mitas AC 85 137A8 TL;rolnicze;Ciągnik;PEWNE;Ciągnik
MO5_MIRR24042070DHC70;Mitas;HC70;420/70R24 Mitas HC70 130D/133A8 TL;rolnicze;Ciągnik;PEWNE;Ciągnik
MO5_MIRR240420708A7T0;Mitas;AC 70;420/70R24 Mitas AC 70 130A8/130B TL;rolnicze;Ciągnik;PEWNE;Ciągnik
MO5_MIRR240380858A8M0;Mitas;AC 85;380/85R24 Mitas AC 85 131A8/131B TL;rolnicze;Ciągnik;PEWNE;Ciągnik
MO5_MIRR24038070DHC70;Mitas;HC70;380/70R24 Mitas HC70 125D/128A8 TL;rolnicze;Ciągnik;PEWNE;Ciągnik
MO5_MIRR240380708A7T0;Mitas;AC 70;380/70R24 Mitas AC 70 125A8/122B TL;rolnicze;Ciągnik;PEWNE;Ciągnik
MO5_MIRR240360708A7T0;Mitas;AC 70;360/70R24 Mitas AC 70 122A8/122B TL;rolnicze;Ciągnik;PEWNE;Ciągnik
MO5_MIRR240340858A8M0;Mitas;AC 85;340/85R24 Mitas AC 85 125A8/125B TL;rolnicze;Ciągnik;PEWNE;Ciągnik
MO5_MIRR24032085RA8M0;Mitas;AC 85;320/85R24 Mitas AC 85 122A8/122B TL;rolnicze;Ciągnik;PEWNE;Ciągnik
MO5_MIRR240280858A8M0;Mitas;AC 85;280/85R24 Mitas AC 85 115A8/109B TL;rolnicze;Ciągnik;PEWNE;Ciągnik
MO5_MIRD340G84006TD20;Mitas;TD-02;18.4-34 Mitas TD-02 151A6/144A8 12PR TT;rolnicze;Ciągnik;PEWNE;Ciągnik
MO5_MIRD340G84006TD11;Mitas;TD-19;18.4-34 Mitas TD-19 151A6/144A8 12PR TT;rolnicze;Ciągnik;PEWNE;Ciągnik
MO5_MIRD280G4900OTD10;Mitas;TD-19;14.9-28 Mitas TD-19 130A6/122A8 8PR TT;rolnicze;Ciągnik;PEWNE;Ciągnik
MO5_MIRD280G24006TD20;Mitas;TD-02;12.4-28 Mitas TD-02 123A6/116A8 8PR TT;rolnicze;Ciągnik;PEWNE;Ciągnik
MO5_MIRD280G24006TD1T;Mitas;TD-19;12.4-28 Mitas TD-19 126A6/121A8 10PR TT;rolnicze;Ciągnik;PEWNE;Ciągnik
MO5_MIRD260L31008D010;Mitas;TD-01;23.1-26 Mitas TD-01 156A8 14PR TL;rolnicze;Ciągnik;PEWNE;Ciągnik
MO5_MIRD240G49006TD10;Mitas;TD-19;14.9-24 Mitas TD-19 128A6/121A8 8PR TT;rolnicze;Ciągnik;PEWNE;Ciągnik
MO5_MIRD240D95006TD28;Mitas;TD-02;9.5-24 Mitas TD-02 112A6/104A8 8PR TT;rolnicze;Ciągnik;PEWNE;Ciągnik
MO5_MIRD24012400ATD10;Mitas;TD-19;12.4-24 Mitas TD-19 120A6/112A8 8PR TT;rolnicze;Ciągnik;PEWNE;Ciągnik
MO5_MIRD240124008TD10;Mitas;TD-19;12.4-24 Mitas TD-19 128A8 12PR TL;rolnicze;Ciągnik;PEWNE;Ciągnik
MO5_MIRD200E750063TF0;Mitas;TF-03;7.50-20 Mitas TF-03 103A6/96A8 6PR TT;rolnicze;Ciągnik;PEWNE;Ciągnik
MO5_MIRD200D83006T130;Mitas;TD-13;8.3-20 Mitas TD-13 104A8/92A8 6PR TT;rolnicze;Ciągnik;PEWNE;Ciągnik
MO5_MIRD2006500063TF0;Mitas;TF-03;6.50-20 Mitas TF-03 96A6/88A8 6PR TT;rolnicze;Ciągnik;PEWNE;Ciągnik
MO5_MIRD180E600063TF0;Mitas;TF-03;6.00-18 Mitas TF-03 96A6/88A8 6PR TT;rolnicze;Ciągnik;PEWNE;Ciągnik
MO5_MIRD160E750063TF1;Mitas;TF-03;7.50-16 Mitas TF-03 103A6/96A8 8PR TT;rolnicze;Ciągnik;PEWNE;Ciągnik
MO5_MIRD160E750063TF0;Mitas;TF-03;7.50-16 Mitas TF-03 98A6/90A8 6PR TT;rolnicze;Ciągnik;PEWNE;Ciągnik
MO5_MIRD160E650063TF0;Mitas;TF-03;6.50-16 Mitas TF-03 97A6/89A8 8PR TT;rolnicze;Ciągnik;PEWNE;Ciągnik
MO5_MIRD160E60006T130;Mitas;TD-13;6.00-16 Mitas TD-13 88A6/80A8 6PR TT;rolnicze;Ciągnik;PEWNE;Ciągnik
MO5_MIRD160E600063TF0;Mitas;TF-03;6.00-16 Mitas TF-03 88A6/80A8 6PR TT;rolnicze;Ciągnik;PEWNE;Ciągnik
MO5_MIPD280G69006TG10;Mitas;TG 01;16.9-28 Mitas TG 01 151A6 12PR TL;rolnicze;Ciągnik;PEWNE;Ciągnik
MO4_MIRR240340858A8M0;Mitas;AC 85;340/85R24 Mitas AC 85 125A8/125B TL;rolnicze;Ciągnik;PEWNE;Ciągnik
MO4_MIRD180E600063TF0;Mitas;TF-03;6.00-18 Mitas TF-03 96A6/88A8 6PR TT;rolnicze;Ciągnik;PEWNE;Ciągnik
MO4_MIRD160E750063TF1;Mitas;TF-03;7.50-16 Mitas TF-03 103A6/96A8 8PR TT;rolnicze;Ciągnik;PEWNE;Ciągnik
MO4_MIRD160E750063TF0;Mitas;TF-03;7.50-16 Mitas TF-03 98A6/90A8 6PR TT;rolnicze;Ciągnik;PEWNE;Ciągnik
MO4_MIRD160E600063TF0;Mitas;TF-03;6.00-16 Mitas TF-03 88A6/80A8 6PR TT;rolnicze;Ciągnik;PEWNE;Ciągnik
MO3_6506538MTssfdemo;Mitas;SST;650/65R38 Mitas SST 157D/160A8 TL demo;rolnicze;Ciągnik;PEWNE;Ciągnik
MO3_5406528MTdemo;Mitas;AC 65;540/65R28 Mitas AC 65 142D/145A8 TL demo;rolnicze;Ciągnik;PEWNE;Ciągnik
MO3_3807028mtHCdemo;Mitas;HC 70;380/70R28 Mitas HC 70 127D/130A8 TL demo;rolnicze;Ciągnik;PEWNE;Ciągnik
MO3_6006538MTSST153D156A;Mitas;SST;600/65R38 Mitas SST 153D/156A8 TL;rolnicze;Ciągnik;PEWNE;Ciągnik
MO3_5406534MT;Mitas;AC 65;540/65R34 Mitas AC 65 145D/148A8 TL demo;rolnicze;Ciągnik;PEWNE;Ciągnik
MO3_6506538MT;Mitas;AC 65;650/65R38 Mitas AC 65 157D/160A8 TL;rolnicze;Ciągnik;PEWNE;Ciągnik
MO3_4406524MTdemo;Mitas;AC 65;440/65R24 Mitas AC 65 128D/131A8 TL demo;rolnicze;Ciągnik;PEWNE;Ciągnik
MO3_3408538MT;Mitas;AC 85;340/85R38 Mitas AC 85 133A8/133B TL;rolnicze;Ciągnik;PEWNE;Ciągnik
MO3_2808528MTdemo;Mitas;AC 85 (11.2R28);280/85R28 Mitas AC 85 (11.2R28) 118A8/118B TL;rolnicze;Ciągnik;PEWNE;Ciągnik
MO3_6506542MThcmdemo;Mitas;HCM;650/65R42 Mitas HCM 176A8/171D TL demo;przemysłowe;Ciągnik;PEWNE;Ciągnik
MO3_5406530mthcmdemo;Mitas;HCM;540/65R30 Mitas HCM 161A8/156D TL demo;przemysłowe;Ciągnik;PEWNE;Ciągnik
MO3_4207028mthcdemo;Mitas;HC 70;420/70R28 Mitas HC 70 133D/136A8 TL demo;rolnicze;Ciągnik;PEWNE;Ciągnik
MO3_4807030mthcdemo;Mitas;HC 70;480/70R30 Mitas HC 70 141D/144A8 TL demo;rolnicze;Ciągnik;PEWNE;Ciągnik
MO3_2708036MIT;Mitas;AC 90;270/80R36 Mitas AC 90 134A8/131B TL;rolnicze;Ciągnik;PEWNE;Ciągnik
MO3_3809046MITA;Mitas;AC 85;380/90R46 Mitas AC 85 159A8/156B TL;rolnicze;Ciągnik;PEWNE;Ciągnik
MO3_2709532MIT;Mitas;AC 85;270/95R32 Mitas AC 85 136A8/136B TL;rolnicze;Ciągnik;PEWNE;Ciągnik
MO3_4406524MIT;Mitas;AC 65;440/65R24 Mitas AC 65 128D/131A8 TL;rolnicze;Ciągnik;PEWNE;Ciągnik
MO3_2708032mit;Mitas;AC 90;270/80R32 Mitas AC 90 131A8/128B TL;rolnicze;Ciągnik;PEWNE;Ciągnik
MO3_6006538MITA;Mitas;AC 65;600/65R38 Mitas AC 65 153D/156A8 TL;rolnicze;Ciągnik;PEWNE;Ciągnik
MO3_5406538MIT;Mitas;AC 65;540/65R38 Mitas AC 65 147D/150A8 TL;rolnicze;Ciągnik;PEWNE;Ciągnik
MO3_4806528MIT;Mitas;AC 65;480/65R28 Mitas AC 65 136D/139A8 TL;rolnicze;Ciągnik;PEWNE;Ciągnik
MO3_3809050MI;Mitas;AC 85;380/90R50 Mitas AC 85 160A8/160B TL;rolnicze;Ciągnik;PEWNE;Ciągnik
MO3_3009542mit;Mitas;AC 90;300/95R42 Mitas AC 90 147A8/144B TL;rolnicze;Ciągnik;PEWNE;Ciągnik
MO2_5011515380000;Mitas;AC70T;280/70R16 Mitas AC70T 112A8/112B TL;rolnicze;Ciągnik;PEWNE;Ciągnik
MO2_5011514960000;Mitas;AC90;12.4R42 Mitas AC90 147A8/144B TL;rolnicze;Ciągnik;PEWNE;Ciągnik
MO2_5011514950000;Mitas;AC90;11.2R42 Mitas AC90 144A8/141A8 TL;rolnicze;Ciągnik;PEWNE;Ciągnik
MO2_5001514720000;Mitas;TD19;12.4-24 Mitas TD19 12PR TL;rolnicze;Ciągnik;PEWNE;Ciągnik
MO2_5001514320000;Mitas;TG-01;16.9-24 Mitas TG-01 12PR TL;przemysłowe;Ciągnik;PEWNE;Ciągnik
MO2_5001510916000;Mitas;TD19;18.4-26 Mitas TD19 12PR TL;rolnicze;Ciągnik;PEWNE;Ciągnik
MO2_5001506800000;Mitas;TF03;6.00-18 Mitas TF03 6PR TT;rolnicze;Ciągnik;PEWNE;Ciągnik
MO2_5001506520000;Mitas;TF03;7.50-20 Mitas TF03 6PR TT;rolnicze;Ciągnik;PEWNE;Ciągnik
MO2_5001506510000;Mitas;TF01;7.50-20 Mitas TF01 6PR TT;rolnicze;Ciągnik;PEWNE;Ciągnik
MO2_5001506480000;Mitas;TF03;6.50-20 Mitas TF03 6PR TT;rolnicze;Ciągnik;PEWNE;Ciągnik
MO2_5001506370000;Mitas;TF01;7.50-16 Mitas TF01 6PR TT;rolnicze;Ciągnik;PEWNE;Ciągnik
MO2_5001505800000;Mitas;TF03;7.50-16 Mitas TF03 6PR TT;rolnicze;Ciągnik;PEWNE;Ciągnik
MO2_5001505790000;Mitas;TF03;7.50-16 Mitas TF03 8PR TT;rolnicze;Ciągnik;PEWNE;Ciągnik
MO2_5001504800000;Mitas;TD02;18.4-34 Mitas TD02 12PR TT;rolnicze;Ciągnik;PEWNE;Ciągnik
MO2_5001504700000;Mitas;TD19;12.4-24 Mitas TD19 8PR TT;rolnicze;Ciągnik;PEWNE;Ciągnik
MO2_5001504610000;Mitas;TF03;6.00-16 Mitas TF03 6PR TT;rolnicze;Ciągnik;PEWNE;Ciągnik
MO2_5001504550000;Mitas;TD13;13.6-38 Mitas TD13 14PR TT;rolnicze;Ciągnik;PEWNE;Ciągnik
MO2_5001504200000;Mitas;TD19;14.9-24 Mitas TD19 8PR TT;rolnicze;Ciągnik;PEWNE;Ciągnik
MO2_5001503183000;Mitas;TD19;18.4-38 Mitas TD19 8PR TT;rolnicze;Ciągnik;PEWNE;Ciągnik
MO2_5001502878000;Mitas;TD17;12.4-38 Mitas TD17 8PR TT;rolnicze;Ciągnik;PEWNE;Ciągnik
MO2_5001502370000;Mitas;TD19;18.4-34 Mitas TD19 8PR TT;rolnicze;Ciągnik;PEWNE;Ciągnik
MO2_5001501743000;Mitas;TD13;16.9-30 Mitas TD13 12PR TT;rolnicze;Ciągnik;PEWNE;Ciągnik
MO2_5001501432000;Mitas;TD19;14.9-28 Mitas TD19 8PR TT;rolnicze;Ciągnik;PEWNE;Ciągnik
MO2_5001500214000;Mitas;TD02;9.5-24 Mitas TD02 8PR TT;rolnicze;Ciągnik;PEWNE;Ciągnik
MO2_4006343190000;Mitas;AC85;12.4R32 Mitas AC85 145A8/145B TL;rolnicze;Ciągnik;PEWNE;Ciągnik
MO2_4006342030000;Mitas;SFT;500/85R24 Mitas SFT 171A8/158A8 TL;rolnicze;Ciągnik;PEWNE;Ciągnik
MO2_4006341900000;Mitas;AC85;13.6R48 Mitas AC85 154A8/154B TL;rolnicze;Ciągnik;PEWNE;Ciągnik
MO2_4006341740000;Mitas;AC85;18.4R34 Mitas AC85 147A8/147B TL;rolnicze;Ciągnik;PEWNE;Ciągnik
MO2_4006341720001;Mitas;AC85;20.8R38 Mitas AC85 155A8/155B TL;rolnicze;Ciągnik;PEWNE;Ciągnik
MO2_4006341720000;Mitas;AC85;20.8R38 Mitas AC85 155A8/155B TL;rolnicze;Ciągnik;PEWNE;Ciągnik
MO2_4006341630001;Mitas;AC65;710/70R38 Mitas AC65 166D/169A8 TL;rolnicze;Ciągnik;PEWNE;Ciągnik
MO2_4006341630000;Mitas;AC65;710/70R38 Mitas AC65 166D/169A8 TL;rolnicze;Ciągnik;PEWNE;Ciągnik
MO2_4006341620000;Mitas;AC65;650/65R38 Mitas AC65 157D/160A8 TL;rolnicze;Ciągnik;PEWNE;Ciągnik
MO2_4006341380001;Mitas;HC70;360/70R24 Mitas HC70 122D/125A8 TL;rolnicze;Ciągnik;PEWNE;Ciągnik
MO2_4006341270000;Mitas;SFT;600/70R28 Mitas SFT 161D TL;rolnicze;Ciągnik;PEWNE;Ciągnik
MO2_4006341140000;Mitas;AC65;540/65R38 Mitas AC65 147D/150A8 TL;rolnicze;Ciągnik;PEWNE;Ciągnik
MO2_4006341120000;Mitas;AC65;540/65R34 Mitas AC65 145D/148A8 TL;rolnicze;Ciągnik;PEWNE;Ciągnik
MO2_4006341110000;Mitas;AC65;540/65R28 Mitas AC65 142D/145A8 TL;rolnicze;Ciągnik;PEWNE;Ciągnik
MO2_4006341100000;Mitas;AC65;480/65R28 Mitas AC65 136D/139A8 TL;rolnicze;Ciągnik;PEWNE;Ciągnik
MO2_4006341060000;Mitas;AC65;480/65R24 Mitas AC65 133D/136A8 TL;rolnicze;Ciągnik;PEWNE;Ciągnik
MO2_4006340770000;Mitas;AC70T;480/70R34 Mitas AC70T 143A8/143B TL;rolnicze;Ciągnik;PEWNE;Ciągnik
MO2_4006340740000;Mitas;AC70T;420/70R28 Mitas AC70T 133A8/133B TL;rolnicze;Ciągnik;PEWNE;Ciągnik
MO2_4006340720000;Mitas;AC70T;420/70R24 Mitas AC70T 130A8/130B TL;rolnicze;Ciągnik;PEWNE;Ciągnik
MO2_4006340710000;Mitas;AC70T;380/70R24 Mitas AC70T 125A8/125B TL;rolnicze;Ciągnik;PEWNE;Ciągnik
MO2_4006340700000;Mitas;AC70T;360/70R24 Mitas AC70T 122A8/122B TL;rolnicze;Ciągnik;PEWNE;Ciągnik
MO2_4006340610000;Mitas;AC65;540/65R30 Mitas AC65 153A8/150D TL;rolnicze;Ciągnik;PEWNE;Ciągnik
MO2_4006340580000;Mitas;AC85;13.6R38 Mitas AC85 133A8/133B TL;rolnicze;Ciągnik;PEWNE;Ciągnik
MO2_4006340560000;Mitas;AC65;650/65R42 Mitas AC65 165D/168A8 TL;rolnicze;Ciągnik;PEWNE;Ciągnik
MO2_4006340530000;Mitas;AC85;12.4R28 Mitas AC85 124A8/121B TL;rolnicze;Ciągnik;PEWNE;Ciągnik
MO2_4006340520000;Mitas;AC85;11.2R28 Mitas AC85 118A8 TL;rolnicze;Ciągnik;PEWNE;Ciągnik
MO2_4006340440000;Mitas;AC85;16.9R38 Mitas AC85 144A8/144B TL;rolnicze;Ciągnik;PEWNE;Ciągnik
MO2_4006340340000;Mitas;AC70T;480/70R28 Mitas AC70T 140A8/140B TL;rolnicze;Ciągnik;PEWNE;Ciągnik
MO2_4006340330000;Mitas;AC85;16.9R28 Mitas AC85 139A8/136B TL;rolnicze;Ciągnik;PEWNE;Ciągnik
MO2_4006340310000;Mitas;AC85;13.6R28 Mitas AC85 127A8/124B TL;rolnicze;Ciągnik;PEWNE;Ciągnik
MO2_4006340300000;Mitas;AC85;16.9R24 Mitas AC85 137A8/137B TL;rolnicze;Ciągnik;PEWNE;Ciągnik
MO2_4006340290000;Mitas;AC85;14.9R24 Mitas AC85 131A8/128B TL;rolnicze;Ciągnik;PEWNE;Ciągnik
MO2_4006340270000;Mitas;AC85;12.4R24 Mitas AC85 122A8/119B TL;rolnicze;Ciągnik;PEWNE;Ciągnik
MO2_4006340260000;Mitas;AC85;11.2R24 Mitas AC85 115A8/115B TL;rolnicze;Ciągnik;PEWNE;Ciągnik
MO2_4006340210000;Mitas;AC85;14.9R34 Mitas AC85 146A8/146B TL;rolnicze;Ciągnik;PEWNE;Ciągnik
MO2_4006340190000;Mitas;AC65;600/65R28 Mitas AC65 147D/150A8 TL;rolnicze;Ciągnik;PEWNE;Ciągnik
MO2_4006340180000;Mitas;AC85;14.9R28 Mitas AC85 133A8/130B TL;rolnicze;Ciągnik;PEWNE;Ciągnik
MO2_4006340140000;Mitas;AC85;14.9R46 Mitas AC85 159A8/159B TL;rolnicze;Ciągnik;PEWNE;Ciągnik
MO2_4006340100000;Mitas;AC90;270/80R36 Mitas AC90 134A8/131B TL;rolnicze;Ciągnik;PEWNE;Ciągnik
MO2_4006340090000;Mitas;AC85;12.4R32 Mitas AC85 142A8/142B TL;rolnicze;Ciągnik;PEWNE;Ciągnik
MO2_4006340080000;Mitas;AC90;270/80R32 Mitas AC90 131A8/128B TL;rolnicze;Ciągnik;PEWNE;Ciągnik
MO2_1013205490000;Mitas;TD05;14.9-38 Mitas TD05 6PR TT;rolnicze;Ciągnik;PEWNE;Ciągnik
MO2_1013201880000;Mitas;TD02;12.4-28 Mitas TD02 8PR TT;rolnicze;Ciągnik;PEWNE;Ciągnik
MO3_4406528MTdemo;Mitas;AC 65;440/65R28 Mitas AC 65 131D/134A8 TL demo;rolnicze;Ciągnik;PEWNE;Ciągnik
MO5_MIRD180G45808IM30;Mitas;IM-03;14.5/80-18 Mitas IM-03 155A8 12PR TT;rolnicze;Ciągnik;WZORZEC;Ciągnik
MO5_MIRD080189000MG11;Mitas;;18x8.50-8 Mitas G-1 6PR TL;rolnicze;Ciągnik;WZORZEC;Ciągnik
MO5_MIRD06013A000MG11;Mitas;;13x5.00-6 Mitas G-1 4PR TL;rolnicze;Ciągnik;WZORZEC;Ciągnik
MO5_MIPR200H10003CC00;Mitas;COMPACTOR;11.00R20 Mitas COMPACTOR 157A3 TT;rolnicze;Ciągnik;WZORZEC;Ciągnik
MO5_MIPR200F30803CC00;Mitas;COMPACTOR;13/80R20 Mitas COMPACTOR 170A2/164A3 TT;rolnicze;Ciągnik;WZORZEC;Ciągnik
MO5_MIPD200H10005CPS0;Mitas;COMPACTOR SMOOTH;11.00-20 Mitas COMPACTOR SMOOTH 156A5 18PR TT;rolnicze;Ciągnik;WZORZEC;Ciągnik
MO5_MIPD200H10003CPT0;Mitas;COMPACTOR;11.00-20 Mitas COMPACTOR 164A3 16PR TT;przemysłowe;Ciągnik;WZORZEC;Ciągnik
MO4_MIRD06013A000MG11;Mitas;;13x5.00-6 Mitas G-1 4PR TL;rolnicze;Ciągnik;WZORZEC;Ciągnik
MO2_5001510992000;Mitas;TI06;18.4-26 Mitas TI06 12PR TL;przemysłowe;Ciągnik;WZORZEC;Ciągnik
MO2_5001510790000;Mitas;TI04;16.9-24 Mitas TI04 12PR TL;przemysłowe;Ciągnik;WZORZEC;Ciągnik
MO2_5001504520000;Mitas;AF01;14.9-24 Mitas AF01 137A8 TT;leśne;Ciągnik;WZORZEC;Ciągnik
MO2_5001504510000;Mitas;AF01;16.9-34 Mitas AF01 147A8 TT;leśne;Ciągnik;WZORZEC;Ciągnik
MO2_5001504500000;Mitas;AF01;18.4-34 Mitas AF01 152A8 TT;leśne;Ciągnik;WZORZEC;Ciągnik
MO2_4006202250000;Mitas;MPT21;405/70R20 Mitas MPT21 152J TL;przemysłowe;Ciągnik;WZORZEC;Ciągnik
MO2_4006202100000;Mitas;MPT21;14.5R20 Mitas MPT21 152J TL;przemysłowe;Ciągnik;WZORZEC;Ciągnik
MO2_4006200320000;Mitas;COMPACTOR;13/80R20 Mitas COMPACTOR 164A3 TT;przemysłowe;Ciągnik;WZORZEC;Ciągnik
MO2_25029381;Mitas;TI06 S116;16.9-28 Mitas TI06 S116 12PR TL;przemysłowe;Ciągnik;WZORZEC;Ciągnik
MO2_25028056;Mitas;MPT04 IND;400/70-24 Mitas MPT04 IND 151D 14PR TL;przemysłowe;Ciągnik;WZORZEC;Ciągnik
MO2_25020821;Mitas;SK02;27x8.50-15 Mitas SK02 8PR TL;przemysłowe;Ciągnik;WZORZEC;Ciągnik
MO2_11467600;Mitas;B17;5.00-10 Mitas B17 4PR TT;rolnicze;Ciągnik;WZORZEC;Ciągnik
MO2_1014503680000;Mitas;TG02;14.00-24 Mitas TG02 16PR TL;przemysłowe;Ciągnik;WZORZEC;Ciągnik
MO2_1014101010000;Mitas;SK02;31x15.50-15 Mitas SK02 8PR TL;przemysłowe;Ciągnik;WZORZEC;Ciągnik
MO2_1013102640000;Mitas;TI05 S116;19.5-24 Mitas TI05 S116 12PR TL;przemysłowe;Ciągnik;WZORZEC;Ciągnik
MO2_1012308450000;Mitas;EM60;26.5-25 Mitas EM60 32PR TL;przemysłowe;Ciągnik;WZORZEC;Ciągnik
MO2_1012308390000;Mitas;EM60;26.5-25 Mitas EM60 28PR TL;przemysłowe;Ciągnik;WZORZEC;Ciągnik
MO2_1012304140000;Mitas;EM60;17.5-25 Mitas EM60 22PR TL;przemysłowe;Ciągnik;WZORZEC;Ciągnik
MO2_1012303550000;Mitas;EM30;17.5-25 Mitas EM30 16PR TL;przemysłowe;Ciągnik;WZORZEC;Ciągnik
MO2_1012201240000;Mitas;COMPACTOR EXTRA;11.00-20 Mitas COMPACTOR EXTRA 18PR TT;przemysłowe;Ciągnik;WZORZEC;Ciągnik
MO5_OZRR500320908ARO0;Ozka;AGRO 10;320/90R50 Ozka AGRO 10 150A8/150B TL;rolnicze;Ciągnik;PEWNE;Ciągnik
MO5_OZRR480340858ARO0;Ozka;AGRO 10;340/85R48 Ozka AGRO 10 152A8/151D TL;rolnicze;Ciągnik;PEWNE;Ciągnik
MO5_OZRR480270958ARO0;Ozka;AGRO 10;270/95R48 Ozka AGRO 10 142A8/142B TL;rolnicze;Ciągnik;PEWNE;Ciągnik
MO5_OZRR480230958ARO0;Ozka;AGRO 10;230/95R48 Ozka AGRO 10 136A8/136B TL;rolnicze;Ciągnik;PEWNE;Ciągnik
MO5_OZRR460300958ARO0;Ozka;AGRO 10;300/95R46 Ozka AGRO 10 148A8/148B TL;rolnicze;Ciągnik;PEWNE;Ciągnik
MO5_OZRR42071070DLOX1;Ozka;AGROLOX DA;710/70R42 Ozka AGROLOX DA 173D/176A8 TL;rolnicze;Ciągnik;PEWNE;Ciągnik
MO5_OZRR42071070DLOX0;Ozka;AGROLOX;710/70R42 Ozka AGROLOX 173D/176A8 TL;rolnicze;Ciągnik;PEWNE;Ciągnik
MO5_OZRR420710708ARO0;Ozka;AGRO 10;710/70R42 Ozka AGRO 10 176A8/173D TL;rolnicze;Ciągnik;PEWNE;Ciągnik
MO5_OZRR42065065DLOX0;Ozka;AGROLOX;650/65R42 Ozka AGROLOX 165D/168A8 TL;rolnicze;Ciągnik;PEWNE;Ciągnik
MO5_OZRR420520858LOX2;Ozka;AGROLOX DA;520/85R42 Ozka AGROLOX DA 157A8/157B TL;rolnicze;Ciągnik;PEWNE;Ciągnik
MO5_OZRR420520858LOX0;Ozka;AGROLOX;520/85R42 Ozka AGROLOX 157A8/157B TL;rolnicze;Ciągnik;PEWNE;Ciągnik
MO5_OZRR420520858ARO0;Ozka;AGRO 10;520/85R42 Ozka AGRO 10 157A8/157B TL;rolnicze;Ciągnik;PEWNE;Ciągnik
MO5_OZRR420270908ARO0;Ozka;AGRO 10;270/95R42 Ozka AGRO 10 141A8 TL;rolnicze;Ciągnik;PEWNE;Ciągnik
MO5_OZRR380710708ARO0;Ozka;AGRO 10;710/70R38 Ozka AGRO 10 174A8/171D TL;rolnicze;Ciągnik;PEWNE;Ciągnik
MO5_OZRR380650858ARO0;Ozka;AGRO 10;650/85R38 Ozka AGRO 10 176A8/173D TL;rolnicze;Ciągnik;PEWNE;Ciągnik
MO5_OZRR380650658ARO1;Ozka;AGRO 10 DA;650/65R38 Ozka AGRO 10 DA 166A8/163D TL;rolnicze;Ciągnik;PEWNE;Ciągnik
MO5_OZRR380650658ARO0;Ozka;AGRO 10;650/65R38 Ozka AGRO 10 166A8/163D TL;rolnicze;Ciągnik;PEWNE;Ciągnik
MO5_OZRR380600658ARO0;Ozka;AGRO 10;600/65R38 Ozka AGRO 10 162A8/159D TL;rolnicze;Ciągnik;PEWNE;Ciągnik
MO5_OZRR38058070DLOX0;Ozka;AGROLOX;580/70R38 Ozka AGROLOX 155D TL;rolnicze;Ciągnik;PEWNE;Ciągnik
MO5_OZRR380580708ARO0;Ozka;AGRO 10;580/70R38 Ozka AGRO 10 155A8/152B TL;rolnicze;Ciągnik;PEWNE;Ciągnik
MO5_OZRR38054065DLOX0;Ozka;AGROLOX;540/65R38 Ozka AGROLOX 153D/156A8 TL;rolnicze;Ciągnik;PEWNE;Ciągnik
MO5_OZRR380520858ARO0;Ozka;AGRO 10;520/85R38 Ozka AGRO 10 155A8/152B TL;rolnicze;Ciągnik;PEWNE;Ciągnik
MO5_OZRR38052070DLOX0;Ozka;AGROLOX;520/70R38 Ozka AGROLOX 150D TL;rolnicze;Ciągnik;PEWNE;Ciągnik
MO5_OZRR380520708ARO0;Ozka;AGRO 10;520/70R38 Ozka AGRO 10 150A8/147B TL;rolnicze;Ciągnik;PEWNE;Ciągnik
MO5_OZRR380480708ARO0;Ozka;AGRO 10;480/70R38 Ozka AGRO 10 145A8/142B TL;rolnicze;Ciągnik;PEWNE;Ciągnik
MO5_OZRR380460858ARO0;Ozka;AGRO 10;460/85R38 Ozka AGRO 10 149A8/146B TL;rolnicze;Ciągnik;PEWNE;Ciągnik
MO5_OZRR380420858ARO0;Ozka;AGRO 10;420/85R38 Ozka AGRO 10 144A8/141B TL;rolnicze;Ciągnik;PEWNE;Ciągnik
MO5_OZRR380340858ARO0;Ozka;AGRO 10;340/85R38 Ozka AGRO 10 133A8/130B TL;rolnicze;Ciągnik;PEWNE;Ciągnik
MO5_OZRR360340858ARO0;Ozka;AGRO 10;340/85R36 Ozka AGRO 10 132A8/129B TL;rolnicze;Ciągnik;PEWNE;Ciągnik
MO5_OZRR340600658ARO0;Ozka;AGRO 10;600/65R34 Ozka AGRO 10 160A8/157D TL;rolnicze;Ciągnik;PEWNE;Ciągnik
MO5_OZRR340540658LOX0;Ozka;AGROLOX;540/65R34 Ozka AGROLOX 155A8/152D TL;rolnicze;Ciągnik;PEWNE;Ciągnik
MO5_OZRR340540658ARO0;Ozka;AGRO 10;540/65R34 Ozka AGRO 10 155A8/152D TL;rolnicze;Ciągnik;PEWNE;Ciągnik
MO5_OZRR34052070DLOX0;Ozka;AGROLOX;520/70R34 Ozka AGROLOX 148D/151A8 TL;rolnicze;Ciągnik;PEWNE;Ciągnik
MO5_OZRR340520708ARO0;Ozka;AGRO 10;520/70R34 Ozka AGRO 10 148A8/146B TL;rolnicze;Ciągnik;PEWNE;Ciągnik
MO5_OZRR340460858ARO0;Ozka;AGRO 10;460/85R34 Ozka AGRO 10 147A8/144B TL;rolnicze;Ciągnik;PEWNE;Ciągnik
MO5_OZRR340420858ARO0;Ozka;AGRO 10;420/85R34 Ozka AGRO 10 142A8/139B TL;rolnicze;Ciągnik;PEWNE;Ciągnik
MO5_OZRR32090060DLOX0;Ozka;AGROLOX;900/60R32 Ozka AGROLOX 182D/185A8 TL;rolnicze;Ciągnik;PEWNE;Ciągnik
MO5_OZRR320320858ARO0;Ozka;AGRO 10;320/85R32 Ozka AGRO 10 126A8/126B TL;rolnicze;Ciągnik;PEWNE;Ciągnik
MO5_OZRR320270958ARO0;Ozka;AGRO 10;270/95R32 Ozka AGRO 10 136A8/136B TL;rolnicze;Ciągnik;PEWNE;Ciągnik
MO5_OZRR300600708ARO0;Ozka;AGRO 10;600/70R30 Ozka AGRO 10 158A8/156B TL;rolnicze;Ciągnik;PEWNE;Ciągnik
MO5_OZRR300480708LOX0;Ozka;AGROLOX;480/70R30 Ozka AGROLOX 141A8/138B TL;rolnicze;Ciągnik;PEWNE;Ciągnik
MO5_OZRR300480708ARO3;Ozka;AGRO 10 DA;480/70R30 Ozka AGRO 10 DA 141A8/138B TL;rolnicze;Ciągnik;PEWNE;Ciągnik
MO5_OZRR300480708ARO0;Ozka;AGRO 10;480/70R30 Ozka AGRO 10 141A8/138B TL;rolnicze;Ciągnik;PEWNE;Ciągnik
MO5_OZRR300460858ARO0;Ozka;AGRO 10;460/85R30 Ozka AGRO 10 145A8/142B TL;rolnicze;Ciągnik;PEWNE;Ciągnik
MO5_OZRR300420858ARO0;Ozka;AGRO 10;420/85R30 Ozka AGRO 10 140A8/137B TL;rolnicze;Ciągnik;PEWNE;Ciągnik
MO5_OZRR300420708ARO0;Ozka;AGRO 10;420/70R30 Ozka AGRO 10 134A8/131B TL;rolnicze;Ciągnik;PEWNE;Ciągnik
MO5_OZRR280600658ARO0;Ozka;AGRO 10;600/65R28 Ozka AGRO 10 157A8/154D TL;rolnicze;Ciągnik;PEWNE;Ciągnik
MO5_OZRR280540658ARO0;Ozka;AGRO 10;540/65R28 Ozka AGRO 10 152A8/149D TL;rolnicze;Ciągnik;PEWNE;Ciągnik
MO5_OZRR28048070DLOX0;Ozka;AGROLOX;480/70R28 Ozka AGROLOX 140D/143A8 TL;rolnicze;Ciągnik;PEWNE;Ciągnik
MO5_OZRR280480708ARO0;Ozka;AGRO 10;480/70R28 Ozka AGRO 10 140A8/140B TL;rolnicze;Ciągnik;PEWNE;Ciągnik
MO5_OZRR28048065DLOX0;Ozka;AGROLOX;480/65R28 Ozka AGROLOX 136D/139A8 TL;rolnicze;Ciągnik;PEWNE;Ciągnik
MO5_OZRR280440658LOX0;Ozka;AGROLOX;440/65R28 Ozka AGROLOX 134A8/131D TL;rolnicze;Ciągnik;PEWNE;Ciągnik
MO5_OZRR280420858ARO0;Ozka;AGRO 10;420/85R28 Ozka AGRO 10 139A8/136B TL;rolnicze;Ciągnik;PEWNE;Ciągnik
MO5_OZRR280420708ARO0;Ozka;AGRO 10;420/70R28 Ozka AGRO 10 133A8/133B TL;rolnicze;Ciągnik;PEWNE;Ciągnik
MO5_OZRR280380858ARO0;Ozka;AGRO 10;380/85R28 Ozka AGRO 10 133A8/130B TL;rolnicze;Ciągnik;PEWNE;Ciągnik
MO5_OZRR280380708LOX0;Ozka;AGROLOX;380/70R28 Ozka AGROLOX 130A8/127D TL;rolnicze;Ciągnik;PEWNE;Ciągnik
MO5_OZRR280380708ARO0;Ozka;AGRO 10;380/70R28 Ozka AGRO 10 127A8/127B TL;rolnicze;Ciągnik;PEWNE;Ciągnik
MO5_OZRR280360708ARO0;Ozka;AGRO 10;360/70R28 Ozka AGRO 10 125A8/125B TL;rolnicze;Ciągnik;PEWNE;Ciągnik
MO5_OZRR280320858ARO0;Ozka;AGRO 10;320/85R28 Ozka AGRO 10 124A8/121B TL;rolnicze;Ciągnik;PEWNE;Ciągnik
MO5_OZRR280280858ARO0;Ozka;AGRO 10;280/85R28 Ozka AGRO 10 118A8/115B TL;rolnicze;Ciągnik;PEWNE;Ciągnik
MO5_OZRR280250858ARO0;Ozka;AGRO 10;250/85R28 Ozka AGRO 10 112A8/112B TL;rolnicze;Ciągnik;PEWNE;Ciągnik
MO5_OZRR240540658ARO0;Ozka;AGRO 10;540/65R24 Ozka AGRO 10 149A8/146D TL;rolnicze;Ciągnik;PEWNE;Ciągnik
MO5_OZRR240480708ARO0;Ozka;AGRO 10;480/70R24 Ozka AGRO 10 138A8/135B TL;rolnicze;Ciągnik;PEWNE;Ciągnik
MO5_OZRR240480658ARO0;Ozka;AGRO 10;480/65R24 Ozka AGRO 10 136A8/133D TL;rolnicze;Ciągnik;PEWNE;Ciągnik
MO5_OZRR240460708ARO1;Ozka;AGRO 10;460/70R24 Ozka AGRO 10 159A8 TL;rolnicze;Ciągnik;PEWNE;Ciągnik
MO5_OZRR240420858ARO0;Ozka;AGRO 10;420/85R24 Ozka AGRO 10 137A8/134B TL;rolnicze;Ciągnik;PEWNE;Ciągnik
MO5_OZRR240420708LOX0;Ozka;AGROLOX;420/70R24 Ozka AGROLOX 133A8/130D TL;rolnicze;Ciągnik;PEWNE;Ciągnik
MO5_OZRR240420708ARO0;Ozka;AGRO 10;420/70R24 Ozka AGRO 10 130A8/130B TL;rolnicze;Ciągnik;PEWNE;Ciągnik
MO5_OZRR240380858ARO0;Ozka;AGRO 10;380/85R24 Ozka AGRO 10 131A8/128B TL;rolnicze;Ciągnik;PEWNE;Ciągnik
MO5_OZRR240380708LOX0;Ozka;AGROLOX;380/70R24 Ozka AGROLOX 128A8/125D TL;rolnicze;Ciągnik;PEWNE;Ciągnik
MO5_OZRR240380708ARO0;Ozka;AGRO 10;380/70R24 Ozka AGRO 10 125A8/125B TL;rolnicze;Ciągnik;PEWNE;Ciągnik
MO5_OZRR240360708ARO0;Ozka;AGRO 10;360/70R24 Ozka AGRO 10 122A8/122B TL;rolnicze;Ciągnik;PEWNE;Ciągnik
MO5_OZRR240340858ARO0;Ozka;AGRO 10;340/85R24 Ozka AGRO 10 125A8/122B TL;rolnicze;Ciągnik;PEWNE;Ciągnik
MO5_OZRR240320858ARO0;Ozka;AGRO 10;320/85R24 Ozka AGRO 10 122A8/119B TL;rolnicze;Ciągnik;PEWNE;Ciągnik
MO5_OZRR240320708ARO0;Ozka;AGRO 10;320/70R24 Ozka AGRO 10 116A8/116B TL;rolnicze;Ciągnik;PEWNE;Ciągnik
MO5_OZRR240280858ARO0;Ozka;AGRO 10;280/85R24 Ozka AGRO 10 115A8/112B TL;rolnicze;Ciągnik;PEWNE;Ciągnik
MO5_OZRR200D95008ARO0;Ozka;AGRO 10;9.5R20 Ozka AGRO 10 108A8/105B TL;rolnicze;Ciągnik;PEWNE;Ciągnik
MO5_OZRR200360708ARO0;Ozka;AGRO 10;360/70R20 Ozka AGRO 10 129A8/129B TL;rolnicze;Ciągnik;PEWNE;Ciągnik
MO5_OZRR20034065DARO0;Ozka;AGRO 10;340/65R20 Ozka AGRO 10 124D TL;rolnicze;Ciągnik;PEWNE;Ciągnik
MO5_OZRR200320858ARO0;Ozka;AGRO 10;320/85R20 Ozka AGRO 10 119A8/116B TL;rolnicze;Ciągnik;PEWNE;Ciągnik
MO5_OZRR200320708LOX0;Ozka;AGROLOX;320/70R20 Ozka AGROLOX 113A8/113B TL;rolnicze;Ciągnik;PEWNE;Ciągnik
MO5_OZRR200320708ARO0;Ozka;AGRO 10;320/70R20 Ozka AGRO 10 113A8/113B TL;rolnicze;Ciągnik;PEWNE;Ciągnik
MO5_OZRR200280858ARO0;Ozka;AGRO 10;280/85R20 Ozka AGRO 10 112A8/109B TL;rolnicze;Ciągnik;PEWNE;Ciągnik
MO5_OZRR200280708ARO0;Ozka;AGRO 10;280/70R20 Ozka AGRO 10 116A8/116B TL;rolnicze;Ciągnik;PEWNE;Ciągnik
MO5_OZRR180280708ARO0;Ozka;AGRO 10;280/70R18 Ozka AGRO 10 114A8/114B TL;rolnicze;Ciągnik;PEWNE;Ciągnik
MO5_OZRR160280708ARO0;Ozka;AGRO 10;280/70R16 Ozka AGRO 10 112A8/112B TL;rolnicze;Ciągnik;PEWNE;Ciągnik
MO5_OZRR160260708ARO0;Ozka;AGRO 10;260/70R16 Ozka AGRO 10 109A8/109B TL;rolnicze;Ciągnik;PEWNE;Ciągnik
MO5_OZRR160240708ARO0;Ozka;AGRO 10;240/70R16 Ozka AGRO 10 104A8/104B TL;rolnicze;Ciągnik;PEWNE;Ciągnik
MO4_OZRR340420858ARO0;Ozka;AGRO 10;420/85R34 Ozka AGRO 10 142A8/139B TL;rolnicze;Ciągnik;PEWNE;Ciągnik
MO4_OZRR300420708ARO0;Ozka;AGRO 10;420/70R30 Ozka AGRO 10 134A8/131B TL;rolnicze;Ciągnik;PEWNE;Ciągnik
MO4_OZRR280420708ARO0;Ozka;AGRO 10;420/70R28 Ozka AGRO 10 133A8/133B TL;rolnicze;Ciągnik;PEWNE;Ciągnik
MO4_OZRR240460708ARO1;Ozka;AGRO 10;460/70R24 Ozka AGRO 10 159A8 TL;rolnicze;Ciągnik;PEWNE;Ciągnik
MO4_OZRR240340858ARO0;Ozka;AGRO 10;340/85R24 Ozka AGRO 10 125A8/122B TL;rolnicze;Ciągnik;PEWNE;Ciągnik
MO2_IND00480;Speedways;GRIPKING HD;14.9-24 Speedways GRIPKING HD 12PR TT;rolnicze;Ciągnik;PEWNE;Ciągnik
MO2_IND00408;Speedways;GRIPKING;12.4-36 Speedways GRIPKING 12PR TT;rolnicze;Ciągnik;PEWNE;Ciągnik
MO2_IND00407;Speedways;GRIPKING HD;12.4-24 Speedways GRIPKING HD TT;rolnicze;Ciągnik;PEWNE;Ciągnik
MO2_IND00406;Speedways;GRIPKING;7.00-12 Speedways GRIPKING 10PR TT;rolnicze;Ciągnik;PEWNE;Ciągnik
MO2_IND00403;Speedways;RC-999;9.5R36 Speedways RC-999 130B/130A8 TL;rolnicze;Ciągnik;PEWNE;Ciągnik
MO2_IND00401;Speedways;SW-201;6.50-20 Speedways SW-201 10PR TT;rolnicze;Ciągnik;PEWNE;Ciągnik
MO2_IND00316;Speedways;RC-999;9.5R48 Speedways RC-999 136A8/B TL;rolnicze;Ciągnik;PEWNE;Ciągnik
MO2_IND00257;Speedways;GRIPKING;15.5-38 Speedways GRIPKING 12PR TT;rolnicze;Ciągnik;PEWNE;Ciągnik
MO2_IND00214;Speedways;RC-999;9.5R32 Speedways RC-999 125A8/128B TL;rolnicze;Ciągnik;PEWNE;Ciągnik
MO2_IND00210;Speedways;GRIPKING;4.00-36 Speedways GRIPKING 4PR TT;rolnicze;Ciągnik;PEWNE;Ciągnik
MO2_IND00208;Speedways;RC-999;12.4R46 Speedways RC-999 148A8 TL;rolnicze;Ciągnik;PEWNE;Ciągnik
MO2_IND00204;Speedways;RC-999;11.2R44 Speedways RC-999 142A8 TL;rolnicze;Ciągnik;PEWNE;Ciągnik
MO2_IND00178;Speedways;GRIPKING;11.2-28 Speedways GRIPKING 12PR TT;rolnicze;Ciągnik;PEWNE;Ciągnik
MO2_IND00174;Speedways;GRIPKING;15.5/80-24 Speedways GRIPKING 16PR TL;przemysłowe;Ciągnik;PEWNE;Ciągnik
MO2_IND00164;Speedways;SW-201;6.50-16 Speedways SW-201 8PR TT;rolnicze;Ciągnik;PEWNE;Ciągnik
MO2_IND00156;Speedways;GRIPKING;5.00-15 Speedways GRIPKING 6PR TT;rolnicze;Ciągnik;PEWNE;Ciągnik
MO2_IND00151;Speedways;F-2;4.00-12 Speedways F-2 4PR TT;rolnicze;Ciągnik;PEWNE;Ciągnik
MO2_IND00125;Speedways;GRIPKING;4.00-16 Speedways GRIPKING 6PR TT;rolnicze;Ciągnik;PEWNE;Ciągnik
MO2_IND00120;Speedways;GRIPKING;18.4-38 Speedways GRIPKING 8PR TT;rolnicze;Ciągnik;PEWNE;Ciągnik
MO2_IND00112;Speedways;GRIPKING;15.5/80-24 Speedways GRIPKING 12PR TL;przemysłowe;Ciągnik;PEWNE;Ciągnik
MO2_IND00088;Speedways;GRIPKING;9.5-32 Speedways GRIPKING 8PR TT;rolnicze;Ciągnik;PEWNE;Ciągnik
MO2_IND00082;Speedways;GRIPKING;13.6-24 Speedways GRIPKING 8PR TT;rolnicze;Ciągnik;PEWNE;Ciągnik
MO2_IND00036;Speedways;GRIPKING;13.6-24 Speedways GRIPKING 12PR TT;rolnicze;Ciągnik;PEWNE;Ciągnik
MO2_IND00019;Speedways;SW-201;7.50-16 Speedways SW-201 8PR TT;rolnicze;Ciągnik;PEWNE;Ciągnik
MO2_IND00017;Speedways;SW-201;6.00-16 Speedways SW-201 8PR TT;rolnicze;Ciągnik;PEWNE;Ciągnik
MO2_IND00303;Speedways;MILITARY;9.00-16 Speedways MILITARY 125G 14PR TT;rolnicze;Ciągnik;WZORZEC;Ciągnik
MO2_IND00260;Speedways;MPT;12.5/80-18 Speedways MPT 16PR TL;przemysłowe;Ciągnik;WZORZEC;Ciągnik
MO2_IND00218;Speedways;MILITARY;6.00-16 Speedways MILITARY 6PR TT;rolnicze;Ciągnik;WZORZEC;Ciągnik
MO2_IND00207;Speedways;MPT;10.5/80-18 Speedways MPT 12PR TL;przemysłowe;Ciągnik;WZORZEC;Ciągnik
MO2_IND00170;Speedways;MPT-007;10.5-18 Speedways MPT-007 12PR TL;przemysłowe;Ciągnik;WZORZEC;Ciągnik
MO2_IND00152;Speedways;MPT-007;10.5-20 Speedways MPT-007 10PR TL;przemysłowe;Ciągnik;WZORZEC;Ciągnik
MO5_TRRD150E40006TD70;Trelleborg;TD27;4.00-15 Trelleborg TD27 66A6 4PR TT;rolnicze;Ciągnik;PEWNE;Ciągnik
MO4_TRRD150E40006TD70;Trelleborg;TD27;4.00-15 Trelleborg TD27 66A6 4PR TT;rolnicze;Ciągnik;PEWNE;Ciągnik
MO3_6506034TRdemo;Trelleborg;TM 900 HP;650/60R34 Trelleborg TM 900 HP 159D/156E TL;rolnicze;Ciągnik;PEWNE;Ciągnik
MO3_3807020TRdemo;Trelleborg;TM 700;380/70R20 Trelleborg TM 700 122A8/122B TL demo;rolnicze;Ciągnik;PEWNE;Ciągnik
MO3_7107542TR900demo;Trelleborg;TM 900 HP;710/75R42 Trelleborg TM 900 HP 175D/172E TL;rolnicze;Ciągnik;PEWNE;Ciągnik
MO3_2709532trdemo;Trelleborg;TM 100;270/95R32 Trelleborg TM 100 136A8/136B TL demo;rolnicze;Ciągnik;PEWNE;Ciągnik
MO3_7107542TREL;Trelleborg;TM 900 HP;710/75R42 Trelleborg TM 900 HP 175D/172E TL;rolnicze;Ciągnik;PEWNE;Ciągnik
MO3_5406534TRdemo;Trelleborg;TM 800;540/65R34 Trelleborg TM 800 145D TL demo;rolnicze;Ciągnik;PEWNE;Ciągnik
MO3_6006538TRE;Trelleborg;TM 800;600/65R38 Trelleborg TM 800 153D TL;rolnicze;Ciągnik;PEWNE;Ciągnik
MO3_7105534trdemo;Trelleborg;TM 900 HP;710/55R34 Trelleborg TM 900 HP 164D/161E TL;rolnicze;Ciągnik;PEWNE;Ciągnik
MO3_50014TRim110;Trelleborg;IM110;5.00-14 Trelleborg IM110 4PR TT;rolnicze;Ciągnik;PEWNE;Ciągnik
MO3_4807024trdemo;Trelleborg;TM700;480/70R24 Trelleborg TM700 138A8 TL demo;rolnicze;Ciągnik;PEWNE;Ciągnik
MO3_7107042trtm900demo;Trelleborg;TM 900 HP;710/70R42 Trelleborg TM 900 HP 173D/170E TL;rolnicze;Ciągnik;PEWNE;Ciągnik
MO3_6007028trtm900demo;Trelleborg;TM 900 HP;600/70R28 Trelleborg TM 900 HP 157D TL;rolnicze;Ciągnik;PEWNE;Ciągnik
MO3_2607016trdemo;Trelleborg;TM 700;260/70R16 Trelleborg TM 700 109A8/109B TL demo;rolnicze;Ciągnik;PEWNE;Ciągnik
MO3_3208524trdemo;Trelleborg;TM 600;320/85R24 Trelleborg TM 600 122A8/119B TL demo;rolnicze;Ciągnik;PEWNE;Ciągnik
MO3_5208542tr;Trelleborg;TM 600;520/85R42 Trelleborg TM 600 157A8/154B TL;rolnicze;Ciągnik;PEWNE;Ciągnik
MO3_3009552TR;Trelleborg;TM 100;300/95R52 Trelleborg TM 100 151A8/151B TL;rolnicze;Ciągnik;PEWNE;Ciągnik
MO3_4209030TR;Trelleborg;TM 600;420/90R30 Trelleborg TM 600 147A8/147B TL;rolnicze;Ciągnik;PEWNE;Ciągnik
MO3_2709538TR;Trelleborg;TM 100;270/95R38 Trelleborg TM 100 140A8/140B TL;rolnicze;Ciągnik;PEWNE;Ciągnik
MO3_4608538tr;Trelleborg;TM 600;460/85R38 Trelleborg TM 600 149A8/146B TL;rolnicze;Ciągnik;PEWNE;Ciągnik
MO2_1032400;Trelleborg;TM800 HIGH SPEED;540/65R30 Trelleborg TM800 HIGH SPEED 150D/147E TL;rolnicze;Ciągnik;PEWNE;Ciągnik
MO8_0449700;Trelleborg;TD27;7.50-16 Trelleborg TD27 10PR TT;rolnicze;Ciągnik;PEWNE;Ciągnik
MO8_0449600;Trelleborg;TD27;7.50-16 Trelleborg TD27 8PR TT;rolnicze;Ciągnik;PEWNE;Ciągnik
MO8_0448500;Trelleborg;TD27;6.50-16 Trelleborg TD27 8PR TT;rolnicze;Ciągnik;PEWNE;Ciągnik
MO8_0448600;Trelleborg;TD27;6.00-16 Trelleborg TD27 8PR TT;rolnicze;Ciągnik;PEWNE;Ciągnik
MO8_0449000;Trelleborg;TD27;5.50-16 Trelleborg TD27 6PR TT;rolnicze;Ciągnik;PEWNE;Ciągnik
MO8_0450000;Trelleborg;TD27;5.00-15 Trelleborg TD27 6PR TT;rolnicze;Ciągnik;PEWNE;Ciągnik
MO8_0305200;Trelleborg;TD27;4.00-15 Trelleborg TD27 4PR TT;rolnicze;Ciągnik;PEWNE;Ciągnik
MO8_0209500;Trelleborg;TD27;00/4.50-21 Trelleborg TD27 4PR TT;rolnicze;Ciągnik;PEWNE;Ciągnik
MO8_0208000;Trelleborg;IM110;4.00-21 Trelleborg IM110 2PR TT;rolnicze;Ciągnik;PEWNE;Ciągnik
MO8_0199300;Trelleborg;IM110;4.50-19 Trelleborg IM110 2PR TT;rolnicze;Ciągnik;PEWNE;Ciągnik
MO8_0198200;Trelleborg;IM110;250/80-18 Trelleborg IM110 8PR TT;rolnicze;Ciągnik;PEWNE;Ciągnik
MO8_0199100;Trelleborg;IM110;7.50-18 Trelleborg IM110 6PR TT;rolnicze;Ciągnik;PEWNE;Ciągnik
MO8_0197900;Trelleborg;IM110;250/80-16 Trelleborg IM110 8PR TT;rolnicze;Ciągnik;PEWNE;Ciągnik
MO8_0207900;Trelleborg;IM110;75-16 Trelleborg IM110 6PR TT;rolnicze;Ciągnik;PEWNE;Ciągnik
MO8_0198100;Trelleborg;IM110;8.25-16 Trelleborg IM110 8PR TT;rolnicze;Ciągnik;PEWNE;Ciągnik
MO8_0202400;Trelleborg;IM110;7.50-16 Trelleborg IM110 8PR TL;rolnicze;Ciągnik;PEWNE;Ciągnik
MO8_0207800;Trelleborg;IM110;7.50-16 Trelleborg IM110 8PR TT;rolnicze;Ciągnik;PEWNE;Ciągnik
MO8_0199400;Trelleborg;IM110;6.50-16 Trelleborg IM110 8PR TT;rolnicze;Ciągnik;PEWNE;Ciągnik
MO8_0199600;Trelleborg;IM110;6.00-16 Trelleborg IM110 8PR TT;rolnicze;Ciągnik;PEWNE;Ciągnik
MO8_11259600;Trelleborg;IM110;10.0/75-15.3 Trelleborg IM110 10PR TL;rolnicze;Ciągnik;PEWNE;Ciągnik
MO8_0207700;Trelleborg;IM110;10.0/75-15.3 Trelleborg IM110 8PR TT;rolnicze;Ciągnik;PEWNE;Ciągnik
MO8_0200400;Trelleborg;IM110;7.5L-15 Trelleborg IM110 8PR TT;rolnicze;Ciągnik;PEWNE;Ciągnik
MO8_0198800;Trelleborg;IM110;80-15 Trelleborg IM110 4PR TT;rolnicze;Ciągnik;PEWNE;Ciągnik
MO8_0199800;Trelleborg;IM110;5.00-15 Trelleborg IM110 6PR TT;rolnicze;Ciągnik;PEWNE;Ciągnik
MO8_0199900;Trelleborg;IM110;5.00-14 Trelleborg IM110 4PR TT;rolnicze;Ciągnik;PEWNE;Ciągnik
MO8_0197700;Trelleborg;IM110;10.0/80-12 Trelleborg IM110 6PR TT;rolnicze;Ciągnik;PEWNE;Ciągnik
MO8_0199200;Trelleborg;IM110;7.00-12 Trelleborg IM110 6PR TT;rolnicze;Ciągnik;PEWNE;Ciągnik
MO8_0198600;Trelleborg;IM110;80-12 Trelleborg IM110 4PR TT;rolnicze;Ciągnik;PEWNE;Ciągnik
MO8_0200100;Trelleborg;IM110;5.00-12 Trelleborg IM110 4PR TT;rolnicze;Ciągnik;PEWNE;Ciągnik
MO8_0200200;Trelleborg;IM110;4.00-12 Trelleborg IM110 2PR TT;rolnicze;Ciągnik;PEWNE;Ciągnik
MO8_0207600;Trelleborg;IM110;5.0-10 Trelleborg IM110 4PR TT;rolnicze;Ciągnik;PEWNE;Ciągnik
MO8_13158500;Trelleborg;TM600 PT;480/95R50 Trelleborg TM600 PT 164A8/164B TL;rolnicze;Ciągnik;PEWNE;Ciągnik
MO8_1115400;Trelleborg;TM600;480/80R50 Trelleborg TM600 159D TL;rolnicze;Ciągnik;PEWNE;Ciągnik
MO8_1071200;Trelleborg;TM600;520/85R46 Trelleborg TM600 158A8/158B TL;rolnicze;Ciągnik;PEWNE;Ciągnik
MO8_1070900;Trelleborg;TM600;480/80R46 Trelleborg TM600 158A8/158B TL;rolnicze;Ciągnik;PEWNE;Ciągnik
MO8_0733100;Trelleborg;TM700;620/70R42 Trelleborg TM700 166D TL;rolnicze;Ciągnik;PEWNE;Ciągnik
MO8_0734100;Trelleborg;TM700 PT;620/70R42 Trelleborg TM700 PT 166D TL;rolnicze;Ciągnik;PEWNE;Ciągnik
MO8_0732900;Trelleborg;TM700;580/70R42 Trelleborg TM700 158D TL;rolnicze;Ciągnik;PEWNE;Ciągnik
MO8_0734000;Trelleborg;TM700 PT;580/70R42 Trelleborg TM700 PT 158D TL;rolnicze;Ciągnik;PEWNE;Ciągnik
MO8_1112800;Trelleborg;TM600;520/85R42 Trelleborg TM600 157A8/157B TL;rolnicze;Ciągnik;PEWNE;Ciągnik
MO8_12948600;Trelleborg;TM600;520/85R42 Trelleborg TM600 162A8/162B TL;rolnicze;Ciągnik;PEWNE;Ciągnik
MO8_1112700;Trelleborg;TM600;480/80R42 Trelleborg TM600 151A8/151B TL;rolnicze;Ciągnik;PEWNE;Ciągnik
MO8_11572700;Trelleborg;TM700;580/70R38 Trelleborg TM700 155D TL;rolnicze;Ciągnik;PEWNE;Ciągnik
MO8_0734400;Trelleborg;TM700 PT;580/70R38 Trelleborg TM700 PT 155D TL;rolnicze;Ciągnik;PEWNE;Ciągnik
MO8_5017215950000;Trelleborg;TM600;520/85R38 Trelleborg TM600 155A8/152B TL;rolnicze;Ciągnik;PEWNE;Ciągnik
MO8_13537100;Trelleborg;TM600 PT;520/85R38 Trelleborg TM600 PT 155A8/152B TL;rolnicze;Ciągnik;PEWNE;Ciągnik
MO8_11572500;Trelleborg;TM700;520/70R38 Trelleborg TM700 150D TL;rolnicze;Ciągnik;PEWNE;Ciągnik
MO8_0733700;Trelleborg;TM700 PT;520/70R38 Trelleborg TM700 PT 150D TL;rolnicze;Ciągnik;PEWNE;Ciągnik
MO8_13526900;Trelleborg;TM600 PT;480/80R38 Trelleborg TM600 PT 149A8/149B TL;rolnicze;Ciągnik;PEWNE;Ciągnik
MO8_0734600;Trelleborg;TM700 PT;480/70R38 Trelleborg TM700 PT 145D TL;rolnicze;Ciągnik;PEWNE;Ciągnik
MO8_0732300;Trelleborg;TM700;480/70R38 Trelleborg TM700 145A8/145B TL;rolnicze;Ciągnik;PEWNE;Ciągnik
MO8_5017215940000;Trelleborg;TM600;460/85R38 Trelleborg TM600 149A8/146B TL;rolnicze;Ciągnik;PEWNE;Ciągnik
MO8_1112100;Trelleborg;TM600;420/85R38 Trelleborg TM600 144A8/141B TL;rolnicze;Ciągnik;PEWNE;Ciągnik
MO8_1115100;Trelleborg;TM600;400/75R38 Trelleborg TM600 138A8/135B TL;rolnicze;Ciągnik;PEWNE;Ciągnik
MO8_13158700;Trelleborg;TM600 PT;380/95R38 Trelleborg TM600 PT 147A8/147B TL;rolnicze;Ciągnik;PEWNE;Ciągnik
MO8_1294800;Trelleborg;TM600;380/85R38 Trelleborg TM600 144A8/144B TL;rolnicze;Ciągnik;PEWNE;Ciągnik
MO8_1115300;Trelleborg;TM600;380/80R38 Trelleborg TM600 142A8/142B TL;rolnicze;Ciągnik;PEWNE;Ciągnik
MO8_1117600;Trelleborg;TM600;340/85R38 Trelleborg TM600 133A8/130B TL;rolnicze;Ciągnik;PEWNE;Ciągnik
MO8_1070700;Trelleborg;TM600;320/85R38 Trelleborg TM600 129A8/126B TL;rolnicze;Ciągnik;PEWNE;Ciągnik
MO8_13467400;Trelleborg;TM600;340/85R36 Trelleborg TM600 132A8/128B TL;rolnicze;Ciągnik;PEWNE;Ciągnik
MO8_0732200;Trelleborg;TM700;520/70R34 Trelleborg TM700 148A8/148B TL;rolnicze;Ciągnik;PEWNE;Ciągnik
MO8_13639500;Trelleborg;TM700 PT;480/70R34 Trelleborg TM700 PT 155A8/155B TL;rolnicze;Ciągnik;PEWNE;Ciągnik
MO8_12086100;Trelleborg;TM700;480/70R34 Trelleborg TM700 155A8/155B TL;rolnicze;Ciągnik;PEWNE;Ciągnik
MO8_13608700;Trelleborg;TM700 PT;480/70R34 Trelleborg TM700 PT 143A8/143B TL;rolnicze;Ciągnik;PEWNE;Ciągnik
MO8_11562600;Trelleborg;TM700;480/70R34 Trelleborg TM700 143A8/143B TL;rolnicze;Ciągnik;PEWNE;Ciągnik
MO8_1112000;Trelleborg;TM600;460/85R34 Trelleborg TM600 147A8/144B TL;rolnicze;Ciągnik;PEWNE;Ciągnik
MO8_12626100;Trelleborg;TM600;420/85R34 Trelleborg TM600 147A8/147B TL;rolnicze;Ciągnik;PEWNE;Ciągnik
MO8_1111900;Trelleborg;TM600;420/85R34 Trelleborg TM600 142A8/139B TL;rolnicze;Ciągnik;PEWNE;Ciągnik
MO8_1071000;Trelleborg;TM600;380/85R34 Trelleborg TM600 137A8/137B TL;rolnicze;Ciągnik;PEWNE;Ciągnik
MO8_0732000;Trelleborg;TM700;520/70R30 Trelleborg TM700 145A8/145B TL;rolnicze;Ciągnik;PEWNE;Ciągnik
MO8_12205400;Trelleborg;TM700 PT;480/70R30 Trelleborg TM700 PT 141D TL;rolnicze;Ciągnik;PEWNE;Ciągnik
MO8_0730300;Trelleborg;TM700;480/70R30 Trelleborg TM700 141D TL;rolnicze;Ciągnik;PEWNE;Ciągnik
MO8_1111800;Trelleborg;TM600;460/85R30 Trelleborg TM600 145A8/142B TL;rolnicze;Ciągnik;PEWNE;Ciągnik
MO8_1118900;Trelleborg;TM600;420/90R30 Trelleborg TM600 147A8/147B TL;rolnicze;Ciągnik;PEWNE;Ciągnik
MO8_1111700;Trelleborg;TM600;420/85R30 Trelleborg TM600 140A8/137B TL;rolnicze;Ciągnik;PEWNE;Ciągnik
MO8_0731800;Trelleborg;TM700;420/70R30 Trelleborg TM700 134A8/134B TL;rolnicze;Ciągnik;PEWNE;Ciągnik
MO8_12206900;Trelleborg;TM600;380/85R30 Trelleborg TM600 135A8/135B TL;rolnicze;Ciągnik;PEWNE;Ciągnik
MO8_13734800;Trelleborg;TM600 PT;380/85R30 Trelleborg TM600 PT 135A8/135B TL;rolnicze;Ciągnik;PEWNE;Ciągnik
MO8_5017216860000;Trelleborg;TM700 PT;480/70R28 Trelleborg TM700 PT 140D TL;rolnicze;Ciągnik;PEWNE;Ciągnik
MO8_1117300;Trelleborg;TM700;480/70R28 Trelleborg TM700 145D/148A8 TL;rolnicze;Ciągnik;PEWNE;Ciągnik
MO8_1117200;Trelleborg;TM700;480/70R28 Trelleborg TM700 140D TL;rolnicze;Ciągnik;PEWNE;Ciągnik
MO8_1111600;Trelleborg;TM600;420/85R28 Trelleborg TM600 139A8/136B TL;rolnicze;Ciągnik;PEWNE;Ciągnik
MO8_5017216850000;Trelleborg;TM700 PT;420/70R28 Trelleborg TM700 PT 133D TL;rolnicze;Ciągnik;PEWNE;Ciągnik
MO8_1117100;Trelleborg;TM700;420/70R28 Trelleborg TM700 133D TL;rolnicze;Ciągnik;PEWNE;Ciągnik
MO8_1111500;Trelleborg;TM600;380/85R28 Trelleborg TM600 133A8/130B TL;rolnicze;Ciągnik;PEWNE;Ciągnik
MO8_5017216840000;Trelleborg;TM700 PT;380/70R28 Trelleborg TM700 PT 127D TL;rolnicze;Ciągnik;PEWNE;Ciągnik
MO8_0731500;Trelleborg;TM700;380/70R28 Trelleborg TM700 127A8/127B TL;rolnicze;Ciągnik;PEWNE;Ciągnik
MO8_1116900;Trelleborg;TM700;360/70R28 Trelleborg TM700 125A8/125B TL;rolnicze;Ciągnik;PEWNE;Ciągnik
MO8_1111400;Trelleborg;TM600;340/85R28 Trelleborg TM600 127A8/124B TL;rolnicze;Ciągnik;PEWNE;Ciągnik
MO8_1115800;Trelleborg;TM600;320/85R28 Trelleborg TM600 124A8/121B TL;rolnicze;Ciągnik;PEWNE;Ciągnik
MO8_1116800;Trelleborg;TM700;320/70R28 Trelleborg TM700 119A8/119B TL;rolnicze;Ciągnik;PEWNE;Ciągnik
MO8_1115700;Trelleborg;TM600;280/85R28 Trelleborg TM600 118A8/115B TL;rolnicze;Ciągnik;PEWNE;Ciągnik
MO8_0731200;Trelleborg;TM700;480/70R26 Trelleborg TM700 139A8/139B TL;rolnicze;Ciągnik;PEWNE;Ciągnik
MO8_1116600;Trelleborg;TM700;480/70R24 Trelleborg TM700 138A8/138B TL;rolnicze;Ciągnik;PEWNE;Ciągnik
MO8_1117400;Trelleborg;TM600;420/85R24 Trelleborg TM600 137A8/134B TL;rolnicze;Ciągnik;PEWNE;Ciągnik
MO8_0733600;Trelleborg;TM700;420/70R24 Trelleborg TM700 130A8/130B TL;rolnicze;Ciągnik;PEWNE;Ciągnik
MO8_13302300;Trelleborg;TM600;380/85R24 Trelleborg TM600 140A8/140B TL;rolnicze;Ciągnik;PEWNE;Ciągnik
MO8_1111300;Trelleborg;TM600;380/85R24 Trelleborg TM600 131A8/128B TL;rolnicze;Ciągnik;PEWNE;Ciągnik
MO8_0733500;Trelleborg;TM700;380/70R24 Trelleborg TM700 125A8/125B TL;rolnicze;Ciągnik;PEWNE;Ciągnik
MO8_0733400;Trelleborg;TM700;360/70R24 Trelleborg TM700 122A8/122B TL;rolnicze;Ciągnik;PEWNE;Ciągnik
MO8_1111200;Trelleborg;TM600;340/85R24 Trelleborg TM600 125A8/122B TL;rolnicze;Ciągnik;PEWNE;Ciągnik
MO8_1111100;Trelleborg;TM600;320/85R24 Trelleborg TM600 122A8/119B TL;rolnicze;Ciągnik;PEWNE;Ciągnik
MO8_0733300;Trelleborg;TM700;320/70R24 Trelleborg TM700 116A8/116B TL;rolnicze;Ciągnik;PEWNE;Ciągnik
MO8_1294000;Trelleborg;TM600;280/85R24 Trelleborg TM600 115A8/112B TL;rolnicze;Ciągnik;PEWNE;Ciągnik
MO8_11372800;Trelleborg;TM600;250/85R24 Trelleborg TM600 112A8/109B TL;rolnicze;Ciągnik;PEWNE;Ciągnik
MO8_0733200;Trelleborg;TM700;380/70R20 Trelleborg TM700 122A8/122B TL;rolnicze;Ciągnik;PEWNE;Ciągnik
MO8_0730900;Trelleborg;TM700;360/70R20 Trelleborg TM700 120A8/120B TL;rolnicze;Ciągnik;PEWNE;Ciągnik
MO8_1293900;Trelleborg;TM600;320/85R20 Trelleborg TM600 119A8/116B TL;rolnicze;Ciągnik;PEWNE;Ciągnik
MO8_0730700;Trelleborg;TM700;320/70R20 Trelleborg TM700 113A8/113B TL;rolnicze;Ciągnik;PEWNE;Ciągnik
MO8_0730600;Trelleborg;TM700;300/70R20 Trelleborg TM700 110A8/110B TL;rolnicze;Ciągnik;PEWNE;Ciągnik
MO8_1293800;Trelleborg;TM600;280/85R20 Trelleborg TM600 112A8/109B TL;rolnicze;Ciągnik;PEWNE;Ciągnik
MO8_1118600;Trelleborg;TM700 OV;280/70R20 Trelleborg TM700 OV 116A8/116B TL;rolnicze;Ciągnik;PEWNE;Ciągnik
MO8_0730800;Trelleborg;TM700;280/70R18 Trelleborg TM700 114A8/114B TL;rolnicze;Ciągnik;PEWNE;Ciągnik
MO8_10716600;Trelleborg;TM600;210/95R18 Trelleborg TM600 108A8/108B TL;rolnicze;Ciągnik;PEWNE;Ciągnik
MO8_0730500;Trelleborg;TM700;280/70R16 Trelleborg TM700 112A8/112B TL;rolnicze;Ciągnik;PEWNE;Ciągnik
MO8_0730400;Trelleborg;TM700;260/70R16 Trelleborg TM700 109A8/109B TL;rolnicze;Ciągnik;PEWNE;Ciągnik
MO8_1117900;Trelleborg;TM700 OV;240/70R16 Trelleborg TM700 OV 104A8/104B TL;rolnicze;Ciągnik;PEWNE;Ciągnik
MO8_10716500;Trelleborg;TM600;210/95R16 Trelleborg TM600 106A8/106B TL;rolnicze;Ciągnik;PEWNE;Ciągnik
MO5_TRRD155280608T210;Trelleborg;T-421;280/60-15.5 Trelleborg T-421 115A8 TL;rolnicze;Ciągnik;WZORZEC;Ciągnik
MO5_TRRD145200600T4X0;Trelleborg;T-448 EXTRA;200/60-14.5 Trelleborg T-448 EXTRA 106A6 10PR TT;rolnicze;Ciągnik;WZORZEC;Ciągnik
MO5_TRRD14016000452T1;Trelleborg;T-528;645x160-14 Trelleborg T-528 120A4 TT;rolnicze;Ciągnik;WZORZEC;Ciągnik
MO5_TRRD13014500452T1;Trelleborg;T-528;610x145-13 Trelleborg T-528 112A4 TT;rolnicze;Ciągnik;WZORZEC;Ciągnik
MO5_TRRD120320608T211;Trelleborg;T-421;320/60-12 Trelleborg T-421 132A8 TL;rolnicze;Ciągnik;WZORZEC;Ciągnik
MO5_TRRD120320608T210;Trelleborg;T-421;320/60-12 Trelleborg T-421 132A8 TT;rolnicze;Ciągnik;WZORZEC;Ciągnik
MO5_TRRD12014000452T1;Trelleborg;T-528;560x140-12 Trelleborg T-528 100A4 TT;rolnicze;Ciągnik;WZORZEC;Ciągnik
MO5_TRRD090E60000T990;Trelleborg;T-991;6.00-9 Trelleborg T-991 10PR TT;rolnicze;Ciągnik;WZORZEC;Ciągnik
MO5_TRRD080E35000T510;Trelleborg;T-510;3.50-8 Trelleborg T-510 4PR TT;rolnicze;Ciągnik;WZORZEC;Ciągnik
MO5_TRRD060E40000T990;Trelleborg;T-991;4.00-6 Trelleborg T-991 6PR TT;rolnicze;Ciągnik;WZORZEC;Ciągnik
MO5_TRRD060E35006T510;Trelleborg;T-510;3.50-6 Trelleborg T-510 4PR TT;rolnicze;Ciągnik;WZORZEC;Ciągnik
MO5_TRRD040E41000T391;Trelleborg;T-539;10/3.50-4 Trelleborg T-539 6PR TT;rolnicze;Ciągnik;WZORZEC;Ciągnik
MO5_TRRD040E40000T990;Trelleborg;T-991;4.00-4 Trelleborg T-991 6PR TT;rolnicze;Ciągnik;WZORZEC;Ciągnik
MO5_TRRD040E30000T991;Trelleborg;T-991;3.00-4 Trelleborg T-991 6PR TT;rolnicze;Ciągnik;WZORZEC;Ciągnik
MO5_TRRD040E30000T990;Trelleborg;T-991;3.00-4 Trelleborg T-991 4PR TT;rolnicze;Ciągnik;WZORZEC;Ciągnik
MO4_TRRD090E60000T990;Trelleborg;T-991;6.00-9 Trelleborg T-991 10PR TT;rolnicze;Ciągnik;WZORZEC;Ciągnik
MO4_TRRD080E35000T510;Trelleborg;T-510;3.50-8 Trelleborg T-510 4PR TT;rolnicze;Ciągnik;WZORZEC;Ciągnik
MO4_TRRD060E40000T990;Trelleborg;T-991;4.00-6 Trelleborg T-991 6PR TT;rolnicze;Ciągnik;WZORZEC;Ciągnik
MO4_TRRD060E35006T510;Trelleborg;T-510;3.50-6 Trelleborg T-510 4PR TT;rolnicze;Ciągnik;WZORZEC;Ciągnik
MO4_TRRD040E41000T391;Trelleborg;T-539;10/3.50-4 Trelleborg T-539 6PR TT;rolnicze;Ciągnik;WZORZEC;Ciągnik
MO4_TRRD040E40000T990;Trelleborg;T-991;4.00-4 Trelleborg T-991 6PR TT;rolnicze;Ciągnik;WZORZEC;Ciągnik
MO4_TRRD040E30000T991;Trelleborg;T-991;3.00-4 Trelleborg T-991 6PR TT;rolnicze;Ciągnik;WZORZEC;Ciągnik
MO4_TRRD040E30000T990;Trelleborg;T-991;3.00-4 Trelleborg T-991 4PR TT;rolnicze;Ciągnik;WZORZEC;Ciągnik
MO3_5005017trdemo;Trelleborg;AW 309;500/50-17 Trelleborg AW 309 149A8 TL demo;rolnicze;Ciągnik;WZORZEC;Ciągnik
MO3_3405516TR;Trelleborg;AW 305;340/55-16 Trelleborg AW 305 140A8 TL;rolnicze;Ciągnik;WZORZEC;Ciągnik
MO8_11681000;Trelleborg;T310;220/45-8 Trelleborg T310 70A8 TT;rolnicze;Ciągnik;WZORZEC;Ciągnik
MO8_11271200;Trelleborg;T310;16x6.50-8 Trelleborg T310 84A8/80B TT;rolnicze;Ciągnik;WZORZEC;Ciągnik
MO8_11680900;Trelleborg;T310;16x6.50-8 Trelleborg T310 73A8 TT;rolnicze;Ciągnik;WZORZEC;Ciągnik
MO8_6404600;Trelleborg;T49 HS;4.00-8 Trelleborg T49 HS 71J TT;rolnicze;Ciągnik;WZORZEC;Ciągnik
MO8_10607200;Trelleborg;T63;4.00-8 Trelleborg T63 4PR TT;rolnicze;Ciągnik;WZORZEC;Ciągnik
MO8_1158900;Trelleborg;T528;645x160-14 Trelleborg T528 120A4 TT;rolnicze;Ciągnik;WZORZEC;Ciągnik
MO8_1158800;Trelleborg;T528;610x145-13 Trelleborg T528 112A4 TT;rolnicze;Ciągnik;WZORZEC;Ciągnik
MO8_1158700;Trelleborg;T528;560x140-12 Trelleborg T528 100A4 TT;rolnicze;Ciągnik;WZORZEC;Ciągnik
MO8_1467900;Trelleborg;T690 HS;4.40-10 Trelleborg T690 HS 62J TT;rolnicze;Ciągnik;WZORZEC;Ciągnik
MO8_1147100;Trelleborg;T49 HS;4.00-8 Trelleborg T49 HS 71J TT;rolnicze;Ciągnik;WZORZEC;Ciągnik
MO8_1195400;Trelleborg;T501 HS;3.50-8 Trelleborg T501 HS 56J TT;rolnicze;Ciągnik;WZORZEC;Ciągnik
MO8_1159100;Trelleborg;T533 HS;10/3.50-6 Trelleborg T533 HS 57J TT;rolnicze;Ciągnik;WZORZEC;Ciągnik
MO8_1440300;Trelleborg;T559 TURF GRIP;320/55-15 Trelleborg T559 TURF GRIP 123A8 TL;rolnicze;Ciągnik;WZORZEC;Ciągnik
MO8_1466500;Trelleborg;T412;33x15.50-15 Trelleborg T412 8PR TL;rolnicze;Ciągnik;WZORZEC;Ciągnik
MO8_1466400;Trelleborg;T412;33x15.50-15 Trelleborg T412 6PR TL;rolnicze;Ciągnik;WZORZEC;Ciągnik
MO8_1467400;Trelleborg;T413;33x12.50-15 Trelleborg T413 6PR TL;rolnicze;Ciągnik;WZORZEC;Ciągnik
MO8_1466700;Trelleborg;T411;29x13.50-15 Trelleborg T411 4PR TT;rolnicze;Ciągnik;WZORZEC;Ciągnik
MO8_1466600;Trelleborg;T411;29x12.50-15 Trelleborg T411 4PR TT;rolnicze;Ciągnik;WZORZEC;Ciągnik
MO8_1465800;Trelleborg;T411;26x12.00-12 Trelleborg T411 4PR TL;rolnicze;Ciągnik;WZORZEC;Ciągnik
MO8_1481200;Trelleborg;HIGH GRIP;250/50-10 Trelleborg HIGH GRIP 79A8 TL;rolnicze;Ciągnik;WZORZEC;Ciągnik
MO8_1444500;Trelleborg;GARDENER;20x10.00-8 Trelleborg GARDENER 2PR TL;rolnicze;Ciągnik;WZORZEC;Ciągnik
MO8_1155000;Trelleborg;T521 GT;18x9.50-8 Trelleborg T521 GT 4PR TL;rolnicze;Ciągnik;WZORZEC;Ciągnik
MO8_1444400;Trelleborg;GARDENER;18x8.50-8 Trelleborg GARDENER 2PR TL;rolnicze;Ciągnik;WZORZEC;Ciągnik
MO8_1159200;Trelleborg;T537;16x7.50-8 Trelleborg T537 4PR TL;rolnicze;Ciągnik;WZORZEC;Ciągnik
MO8_1444300;Trelleborg;GARDENER;16x6.50-8 Trelleborg GARDENER 2PR TL;rolnicze;Ciągnik;WZORZEC;Ciągnik
MO8_1470800;Trelleborg;HIGH GRIP;200/65-8 Trelleborg HIGH GRIP 59A8/47A8 TL;rolnicze;Ciągnik;WZORZEC;Ciągnik
MO8_1470600;Trelleborg;HIGH GRIP;170/60-8 Trelleborg HIGH GRIP 47A8/35A8 TL;rolnicze;Ciągnik;WZORZEC;Ciągnik
MO8_1444200;Trelleborg;GARDENER;15x6.00-6 Trelleborg GARDENER 2PR TL;rolnicze;Ciągnik;WZORZEC;Ciągnik
MO8_1444100;Trelleborg;GARDENER;13x5.00-6 Trelleborg GARDENER 2PR TL;rolnicze;Ciągnik;WZORZEC;Ciągnik
MO8_1467600;Trelleborg;T94;23x5 Trelleborg T94 10PR TL;rolnicze;Ciągnik;WZORZEC;Ciągnik
MO8_6150500;Trelleborg;T550;23x8.50-12 Trelleborg T550 6PR TL;rolnicze;Ciągnik;WZORZEC;Ciągnik
MO8_1440600;Trelleborg;T570 SKS;20x8.00-10 Trelleborg T570 SKS 8PR TL;rolnicze;Ciągnik;WZORZEC;Ciągnik
MO8_1440500;Trelleborg;T570 SKS;18x8.50-10 Trelleborg T570 SKS 8PR TL;rolnicze;Ciągnik;WZORZEC;Ciągnik
MO8_1159500;Trelleborg;T537;190-8 Trelleborg T537 8PR TT;rolnicze;Ciągnik;WZORZEC;Ciągnik
MO8_1440400;Trelleborg;T570 SKS;18x8.50-8 Trelleborg T570 SKS 8PR TL;rolnicze;Ciągnik;WZORZEC;Ciągnik
MO8_1470500;Trelleborg;T415;18x8.50-8 Trelleborg T415 8PR TL;rolnicze;Ciągnik;WZORZEC;Ciągnik
MO8_6150300;Trelleborg;T530;3.00-4 Trelleborg T530 6PR TT;rolnicze;Ciągnik;WZORZEC;Ciągnik
MO8_1467300;Trelleborg;T412;31x15.50-15 Trelleborg T412 8PR TL;rolnicze;Ciągnik;WZORZEC;Ciągnik
MO8_1466100;Trelleborg;T536;200/60-14.5 Trelleborg T536 10PR TT;rolnicze;Ciągnik;WZORZEC;Ciągnik
MO8_1460300;Trelleborg;T446;300/65-12 Trelleborg T446 118A8 TL;rolnicze;Ciągnik;WZORZEC;Ciągnik
MO8_1144600;Trelleborg;T446;10.0/75-12 Trelleborg T446 10PR TL;rolnicze;Ciągnik;WZORZEC;Ciągnik
MO8_1443100;Trelleborg;T430;200/55-10 Trelleborg T430 95A8 TL;rolnicze;Ciągnik;WZORZEC;Ciągnik
MO8_6156400;Trelleborg;T462;5.0-10 Trelleborg T462 8PR TL;rolnicze;Ciągnik;WZORZEC;Ciągnik
MO8_6155500;Trelleborg;T522;6.00-9 Trelleborg T522 10PR TT;rolnicze;Ciągnik;WZORZEC;Ciągnik
MO8_6155600;Trelleborg;T522;6.00-9 Trelleborg T522 6PR TT;rolnicze;Ciągnik;WZORZEC;Ciągnik
MO8_11664200;Trelleborg;T310;220/45-8 Trelleborg T310 70A8 TT;rolnicze;Ciągnik;WZORZEC;Ciągnik
MO8_11231200;Trelleborg;T310;16x6.50-8 Trelleborg T310 84A8/80B TT;rolnicze;Ciągnik;WZORZEC;Ciągnik
MO8_11454700;Trelleborg;T310;16x6.50-8 Trelleborg T310 73A8 TT;rolnicze;Ciągnik;WZORZEC;Ciągnik
MO8_1155400;Trelleborg;T522;5.00-8 Trelleborg T522 6PR TT;rolnicze;Ciągnik;WZORZEC;Ciągnik
MO8_1154900;Trelleborg;T513;4.00-8 Trelleborg T513 4PR TT;rolnicze;Ciągnik;WZORZEC;Ciągnik
MO8_1155200;Trelleborg;T522;4.00-8 Trelleborg T522 6PR TT;rolnicze;Ciągnik;WZORZEC;Ciągnik
MO8_11515800;Trelleborg;T63;4.00-8 Trelleborg T63 4PR TL;rolnicze;Ciągnik;WZORZEC;Ciągnik
MO8_1151400;Trelleborg;T63;4.00-8 Trelleborg T63 4PR TT;rolnicze;Ciągnik;WZORZEC;Ciągnik
MO8_1154800;Trelleborg;T513;3.50-8 Trelleborg T513 4PR TT;rolnicze;Ciągnik;WZORZEC;Ciągnik
MO8_11233800;Trelleborg;T513;100/85-6 Trelleborg T513 46A6/34A6 TT;rolnicze;Ciągnik;WZORZEC;Ciągnik
MO8_5007217040000;Trelleborg;T418;35.5L-32 Trelleborg T418 SB 30PR TL;rolnicze;Ciągnik;WZORZEC;Ciągnik
MO8_1282900;Trelleborg;T418;35.5L-32 Trelleborg T418 SB 24PR TL;rolnicze;Ciągnik;WZORZEC;Ciągnik
MO8_5007217050000;Trelleborg;T418;30.5L-32 Trelleborg T418 SB 32PR TL;rolnicze;Ciągnik;WZORZEC;Ciągnik
MO8_1282800;Trelleborg;T418;30.5L-32 Trelleborg T418 SB 26PR TT;rolnicze;Ciągnik;WZORZEC;Ciągnik
MO8_1282300;Trelleborg;T418;30.5L-32 Trelleborg T418 SB 20PR TT;rolnicze;Ciągnik;WZORZEC;Ciągnik
MO8_5007217000000;Trelleborg;T418;24.5-32 Trelleborg T418 SB 16PR TT;rolnicze;Ciągnik;WZORZEC;Ciągnik
MO8_1118800;Trelleborg;T418;28L-26 Trelleborg T418 SB 26PR TL;rolnicze;Ciągnik;WZORZEC;Ciągnik
MO8_1282700;Trelleborg;T418;28L-26 Trelleborg T418 SB 20PR TT;rolnicze;Ciągnik;WZORZEC;Ciągnik
MO8_1282200;Trelleborg;T418;23.1-26 Trelleborg T418 SB 16PR TT;rolnicze;Ciągnik;WZORZEC;Ciągnik
MO8_1299900;Trelleborg;T410 AGF;520/85-38 Trelleborg T410 AGF 160A8 TT;rolnicze;Ciągnik;WZORZEC;Ciągnik
MO8_1299800;Trelleborg;T410 AGF;460/85-38 Trelleborg T410 AGF 154A8 TT;rolnicze;Ciągnik;WZORZEC;Ciągnik
MO8_1299700;Trelleborg;T410 AGF;420/85-38 Trelleborg T410 AGF 149A8 TT;rolnicze;Ciągnik;WZORZEC;Ciągnik
MO8_1299600;Trelleborg;T410 AGF;460/85-34 Trelleborg T410 AGF 152A8 TL;rolnicze;Ciągnik;WZORZEC;Ciągnik
MO8_10717100;Trelleborg;T410 AGF;420/85-34 Trelleborg T410 AGF 153A8 TL;rolnicze;Ciągnik;WZORZEC;Ciągnik
MO8_1299500;Trelleborg;T410 AGF;420/85-34 Trelleborg T410 AGF 147A8 TT;rolnicze;Ciągnik;WZORZEC;Ciągnik
MO8_1299400;Trelleborg;T410 AGF;460/85-30 Trelleborg T410 AGF 150A8 TT;rolnicze;Ciągnik;WZORZEC;Ciągnik
MO8_1299200;Trelleborg;T410 AGF;420/85-28 Trelleborg T410 AGF 144A8 TT;rolnicze;Ciągnik;WZORZEC;Ciągnik
MO8_1299100;Trelleborg;T410 AGF;380/85-28 Trelleborg T410 AGF 139A8 TT;rolnicze;Ciągnik;WZORZEC;Ciągnik
MO8_10717000;Trelleborg;T410 AGF;380/85-24 Trelleborg T410 AGF 143A8 TL;rolnicze;Ciągnik;WZORZEC;Ciągnik
MO8_1299000;Trelleborg;T410 AGF;380/85-24 Trelleborg T410 AGF 137A8 TT;rolnicze;Ciągnik;WZORZEC;Ciągnik
MO8_1298900;Trelleborg;T410 AGF;320/85-24 Trelleborg T410 AGF 127A8 TT;rolnicze;Ciągnik;WZORZEC;Ciągnik
MO8_10709400;Trelleborg;T440;710/55-34 Trelleborg T440 SB 167A8 TL;rolnicze;Ciągnik;WZORZEC;Ciągnik
MO8_10716300;Trelleborg;T440;600/65-34 Trelleborg T440 SB 163A8 TL;rolnicze;Ciągnik;WZORZEC;Ciągnik
MO8_1102400;Trelleborg;T428;750/45-30.5 Trelleborg T428 SB 173A8 TT;rolnicze;Ciągnik;WZORZEC;Ciągnik
MO8_1106500;Trelleborg;T414 FS;600/60-30.5 Trelleborg T414 FS 153A8 TL;rolnicze;Ciągnik;WZORZEC;Ciągnik
MO8_0736500;Trelleborg;T480;780/50-28.5 Trelleborg T480 SB 182A8 TT;rolnicze;Ciągnik;WZORZEC;Ciągnik
MO8_10709200;Trelleborg;T480;800/40-26.5 Trelleborg T480 SB 170A8 TL;rolnicze;Ciągnik;WZORZEC;Ciągnik
MO8_10716000;Trelleborg;T440;800/40-26.5 Trelleborg T440 SB 170A8 TL;rolnicze;Ciągnik;WZORZEC;Ciągnik
MO8_0736400;Trelleborg;T480;750/55-26.5 Trelleborg T480 SB 182A8 TT;rolnicze;Ciągnik;WZORZEC;Ciągnik
MO8_11102000;Trelleborg;T440;750/55-26.5 Trelleborg T440 SB 182A8 TT;rolnicze;Ciągnik;WZORZEC;Ciągnik
MO8_0736300;Trelleborg;T480;710/45-26.5 Trelleborg T480 SB 173A8 TT;rolnicze;Ciągnik;WZORZEC;Ciągnik
MO8_0734300;Trelleborg;T480;710/45-26.5 Trelleborg T480 SB 168A8 TT;rolnicze;Ciągnik;WZORZEC;Ciągnik
MO8_5007207080000;Trelleborg;T440;710/45-26.5 Trelleborg T440 SB 168A8 TT;rolnicze;Ciągnik;WZORZEC;Ciągnik
MO8_0736200;Trelleborg;T480;600/55-26.5 Trelleborg T480 SB 165A8 TT;rolnicze;Ciągnik;WZORZEC;Ciągnik
MO8_5007207060000;Trelleborg;T440;600/55-26.5 Trelleborg T440 SB 165A8 TT;rolnicze;Ciągnik;WZORZEC;Ciągnik
MO8_0736000;Trelleborg;T480;710/40-24.5 Trelleborg T480 SB 163A8 TT;rolnicze;Ciągnik;WZORZEC;Ciągnik
MO8_0735900;Trelleborg;T440;710/40-24.5 Trelleborg T440 SB 163A8 TT;rolnicze;Ciągnik;WZORZEC;Ciągnik
MO8_10716200;Trelleborg;T480;710/40-22.5 Trelleborg T480 SB 161A8 TT;rolnicze;Ciągnik;WZORZEC;Ciągnik
MO8_1101900;Trelleborg;T440;650/45-22.5 Trelleborg T440 SB 150A8 TT;rolnicze;Ciągnik;WZORZEC;Ciągnik
MO8_10716100;Trelleborg;T480;600/50-22.5 Trelleborg T480 SB 149A8 TT;rolnicze;Ciągnik;WZORZEC;Ciągnik
MO8_0447700;Trelleborg;TD300;7.50-18 Trelleborg TD300 10PR TT;rolnicze;Ciągnik;WZORZEC;Ciągnik
MO8_0448200;Trelleborg;TD300;7.50-18 Trelleborg TD300 8PR TT;rolnicze;Ciągnik;WZORZEC;Ciągnik
MO8_1110900;Trelleborg;TD300;10.00-16 Trelleborg TD300 10PR TL;rolnicze;Ciągnik;WZORZEC;Ciągnik
MO8_0447200;Trelleborg;TD300;9.00-16 Trelleborg TD300 8PR TT;rolnicze;Ciągnik;WZORZEC;Ciągnik
MO8_1115200;Trelleborg;TD300;7.50-16 Trelleborg TD300 8PR TT;rolnicze;Ciągnik;WZORZEC;Ciągnik
MO8_1111000;Trelleborg;TD300;9.5L-15 Trelleborg TD300 8PR TL;rolnicze;Ciągnik;WZORZEC;Ciągnik
MO8_1109300;Trelleborg;T414;850/55-42 Trelleborg T414 161A8/157B TL;rolnicze;Ciągnik;WZORZEC;Ciągnik
MO8_1109200;Trelleborg;T414;850/60-38 Trelleborg T414 175A8/172B TL;rolnicze;Ciągnik;WZORZEC;Ciągnik
MO8_1109100;Trelleborg;T414;850/50-38 Trelleborg T414 163A8/160B TL;rolnicze;Ciągnik;WZORZEC;Ciągnik
MO8_1108900;Trelleborg;T414;710/65-38 Trelleborg T414 162A8/158B TL;rolnicze;Ciągnik;WZORZEC;Ciągnik
MO8_1108600;Trelleborg;T414;800/55-30.5 Trelleborg T414 172A8/168B TL;rolnicze;Ciągnik;WZORZEC;Ciągnik
MO8_1108300;Trelleborg;T414;600/60-30.5 Trelleborg T414 153A8/150B TL;rolnicze;Ciągnik;WZORZEC;Ciągnik
MO8_1108200;Trelleborg;T414;600/55-30.5 Trelleborg T414 150A8/147B TL;rolnicze;Ciągnik;WZORZEC;Ciągnik
MO8_1108100;Trelleborg;T414;600/55-26.5 Trelleborg T414 148A8/145B TL;rolnicze;Ciągnik;WZORZEC;Ciągnik
MO8_1297000;Trelleborg;T414;400/55-17.5 Trelleborg T414 125A8/122B TL;rolnicze;Ciągnik;WZORZEC;Ciągnik
MO8_10795700;Trelleborg;TM90;20.8-38 Trelleborg TM90 152A8 12PR TL;rolnicze;Ciągnik;WZORZEC;Ciągnik
MO8_10796400;Trelleborg;TM90;18.4-38 Trelleborg TM90 149A8 12PR TL;rolnicze;Ciągnik;WZORZEC;Ciągnik
MO8_12149300;Trelleborg;TM90;18.4-38 Trelleborg TM90 143A8 8PR TT;rolnicze;Ciągnik;WZORZEC;Ciągnik
MO8_1123300;Trelleborg;TM90;16.9-38 Trelleborg TM90 141A8 8PR TL;rolnicze;Ciągnik;WZORZEC;Ciągnik
MO8_10708500;Trelleborg;TM90;15.5-38 Trelleborg TM90 129A8 8PR TL;rolnicze;Ciągnik;WZORZEC;Ciągnik
MO8_10796700;Trelleborg;TM90;12.4-36 Trelleborg TM90 131A8 12PR TL;rolnicze;Ciągnik;WZORZEC;Ciągnik
MO8_1123200;Trelleborg;TM90;12.4-36 Trelleborg TM90 127A8 8PR TL;rolnicze;Ciągnik;WZORZEC;Ciągnik
MO8_10796900;Trelleborg;TM90;18.4-34 Trelleborg TM90 146A8 12PR TL;rolnicze;Ciągnik;WZORZEC;Ciągnik
MO8_1123100;Trelleborg;TM90;18.4-34 Trelleborg TM90 142A8 8PR TL;rolnicze;Ciągnik;WZORZEC;Ciągnik
MO8_1123000;Trelleborg;TM90;16.9-34 Trelleborg TM90 139A8 8PR TL;rolnicze;Ciągnik;WZORZEC;Ciągnik
MO8_10797100;Trelleborg;TM90;18.4-30 Trelleborg TM90 145A8 12PR TL;rolnicze;Ciągnik;WZORZEC;Ciągnik
MO8_1122900;Trelleborg;TM90;18.4-30 Trelleborg TM90 139A8 8PR TL;rolnicze;Ciągnik;WZORZEC;Ciągnik
MO8_1122800;Trelleborg;TM90;16.9-30 Trelleborg TM90 137A8 8PR TL;rolnicze;Ciągnik;WZORZEC;Ciągnik
MO8_1122700;Trelleborg;TM90;14.9-30 Trelleborg TM90 131A8 8PR TL;rolnicze;Ciągnik;WZORZEC;Ciągnik
MO8_1123600;Trelleborg;TM90;16.9-28 Trelleborg TM90 135A8 8PR TL;rolnicze;Ciągnik;WZORZEC;Ciągnik
MO8_10796300;Trelleborg;TM90;14.9-28 Trelleborg TM90 134A8 12PR TL;rolnicze;Ciągnik;WZORZEC;Ciągnik
MO8_1122600;Trelleborg;TM90;14.9-28 Trelleborg TM90 130A8 8PR TL;rolnicze;Ciągnik;WZORZEC;Ciągnik
MO8_10796100;Trelleborg;TM90;13.6-28 Trelleborg TM90 130A8 12PR TL;rolnicze;Ciągnik;WZORZEC;Ciągnik
MO8_1122500;Trelleborg;TM90;13.6-28 Trelleborg TM90 125A8 8PR TL;rolnicze;Ciągnik;WZORZEC;Ciągnik
MO8_10841500;Trelleborg;TM90 Harvester;16.9-26 Trelleborg TM90 Harvester 137A6 10PR TL;rolnicze;Ciągnik;WZORZEC;Ciągnik
MO8_1122400;Trelleborg;TM90;14.9-26 Trelleborg TM90 129A8 8PR TL;rolnicze;Ciągnik;WZORZEC;Ciągnik
MO8_10795800;Trelleborg;TM90;16.9-24 Trelleborg TM90 136A8 12PR TL;rolnicze;Ciągnik;WZORZEC;Ciągnik
MO8_1122200;Trelleborg;TM90;14.9-24 Trelleborg TM90 128A8 8PR TL;rolnicze;Ciągnik;WZORZEC;Ciągnik
MO8_1123700;Trelleborg;TM90;13.6-24 Trelleborg TM90 123A8 8PR TL;rolnicze;Ciągnik;WZORZEC;Ciągnik
MO8_10795500;Trelleborg;TM90;12.4-24 Trelleborg TM90 124A8 12PR TL;rolnicze;Ciągnik;WZORZEC;Ciągnik
MO8_1122100;Trelleborg;TM90;12.4-24 Trelleborg TM90 121A8 8PR TL;rolnicze;Ciągnik;WZORZEC;Ciągnik
MO8_1121900;Trelleborg;TM90;11.2-24 Trelleborg TM90 116A8 8PR TL;rolnicze;Ciągnik;WZORZEC;Ciągnik
MO8_1121800;Trelleborg;TM90;9.5-24 Trelleborg TM90 112A8 8PR TL;rolnicze;Ciągnik;WZORZEC;Ciągnik
MO8_1121700;Trelleborg;TM90;8.3-24 Trelleborg TM90 105A8 8PR TL;rolnicze;Ciągnik;WZORZEC;Ciągnik
MO8_12174500;Trelleborg;AW309;500/55-20 Trelleborg AW309 150A8 TL;rolnicze;Ciągnik;WZORZEC;Ciągnik
MO8_1323200;Trelleborg;T306;520/50-17 Trelleborg T306 159A8 TL;rolnicze;Ciągnik;WZORZEC;Ciągnik
MO8_1323000;Trelleborg;AW309;500/50-17 Trelleborg AW309 149A8 TL;rolnicze;Ciągnik;WZORZEC;Ciągnik
MO8_12174800;Trelleborg;AW309;480/45-17 Trelleborg AW309 150A8 TL;rolnicze;Ciągnik;WZORZEC;Ciągnik
MO8_12174700;Trelleborg;AW309;380/55-17 Trelleborg AW309 138A8 TL;rolnicze;Ciągnik;WZORZEC;Ciągnik
MO8_10716800;Trelleborg;AW309;340/55-16 Trelleborg AW309 140A8 TL;rolnicze;Ciągnik;WZORZEC;Ciągnik
MO8_1327600;Trelleborg;AF302;210/95-16 Trelleborg AF302 120A8 TL;rolnicze;Ciągnik;WZORZEC;Ciągnik
MO8_1327500;Trelleborg;AF302;200/90-16 Trelleborg AF302 111A8 TL;rolnicze;Ciągnik;WZORZEC;Ciągnik
MO8_1327400;Trelleborg;AF302;190/90-16 Trelleborg AF302 108A8 TL;rolnicze;Ciągnik;WZORZEC;Ciągnik
MO8_1327300;Trelleborg;AF302;180/90-16 Trelleborg AF302 100A8 TL;rolnicze;Ciągnik;WZORZEC;Ciągnik
MO8_1327100;Trelleborg;AF302;260/90-13 Trelleborg AF302 121A8 TL;rolnicze;Ciągnik;WZORZEC;Ciągnik
MO8_1327000;Trelleborg;AF302;200/95-12 Trelleborg AF302 101A8 TL;rolnicze;Ciągnik;WZORZEC;Ciągnik
MO8_1107100;Trelleborg;T423 AMPT;850/45B30.5 Trelleborg T423 AMPT 176D TL;rolnicze;Ciągnik;WZORZEC;Ciągnik
MO8_1102700;Trelleborg;T428 AMPT;750/50B30.5 Trelleborg T428 AMPT 173D TL;rolnicze;Ciągnik;WZORZEC;Ciągnik
MO8_1107000;Trelleborg;T428 AMPT;650/55B30.5 Trelleborg T428 AMPT 168D TL;rolnicze;Ciągnik;WZORZEC;Ciągnik
MO8_1106800;Trelleborg;T423 AMPT;710/40B22.5 Trelleborg T423 AMPT 161D TL;rolnicze;Ciągnik;WZORZEC;Ciągnik
MO8_1102600;Trelleborg;T440;650/45B22.5 Trelleborg T440 160D TL;rolnicze;Ciągnik;WZORZEC;Ciągnik
MO8_1106700;Trelleborg;T423 AMPT;620/50B22.5 Trelleborg T423 AMPT 160D TL;rolnicze;Ciągnik;WZORZEC;Ciągnik
MO8_0210500;Trelleborg;IM220;210/95-20 Trelleborg IM220 119A8 TL;rolnicze;Ciągnik;WZORZEC;Ciągnik
MO8_1105600;Trelleborg;T423;800/45-30.5 Trelleborg T423 178A8 TL;rolnicze;Ciągnik;WZORZEC;Ciągnik
MO8_1105200;Trelleborg;T423;710/50-30.5 Trelleborg T423 175A8 TL;rolnicze;Ciągnik;WZORZEC;Ciągnik
MO8_1104500;Trelleborg;T423;710/45-26.5 Trelleborg T423 169A8 TL;rolnicze;Ciągnik;WZORZEC;Ciągnik
MO8_1103600;Trelleborg;T423;600/50-22.5 Trelleborg T423 156A8 TL;rolnicze;Ciągnik;WZORZEC;Ciągnik
MO8_1219000;Trelleborg;T478;400/60-15.5 Trelleborg T478 145A8 TL;rolnicze;Ciągnik;WZORZEC;Ciągnik
MO8_1480300;Trelleborg;T423;400/45-15.5 Trelleborg T423 116A8 TL;rolnicze;Ciągnik;WZORZEC;Ciągnik
MO8_1473500;Trelleborg;T478;280/60-15.5 Trelleborg T478 128A8 TT;rolnicze;Ciągnik;WZORZEC;Ciągnik
MO8_1107600;Trelleborg;T459 HD;620/60B34 Trelleborg T459 HD 175A8 TL;rolnicze;Ciągnik;WZORZEC;Ciągnik
MO8_10717200;Trelleborg;T440 LD;600/65-34 Trelleborg T440 LD SB 175A8 TL;rolnicze;Ciągnik;WZORZEC;Ciągnik
MO8_10717300;Trelleborg;T480 EXC;710/40-22.5 Trelleborg T480 EXC 176A8 TL;rolnicze;Ciągnik;WZORZEC;Ciągnik
MO8_1116100;Trelleborg;T440 EXC;650/45-22.5 Trelleborg T440 EXC 175A8 TL;rolnicze;Ciągnik;WZORZEC;Ciągnik
MO8_1116000;Trelleborg;T480 EXC;600/50-22.5 Trelleborg T480 EXC 173A8 TL;rolnicze;Ciągnik;WZORZEC;Ciągnik
MO8_1120000;Trelleborg;TB40;440/80-28 Trelleborg TB40 156A8 TL;rolnicze;Ciągnik;WZORZEC;Ciągnik
MO8_1120200;Trelleborg;TB40;340/80-18 Trelleborg TB40 143A8 TL;rolnicze;Ciągnik;WZORZEC;Ciągnik
MO8_1120100;Trelleborg;TB40;320/80-18 Trelleborg TB40 139A8 TL;rolnicze;Ciągnik;WZORZEC;Ciągnik
MO8_4007102020000;Trelleborg;1000;VF800/60R32 Trelleborg HF1000 191D TL;rolnicze;Ciągnik;WZORZEC;Ciągnik
MO8_13447500;Trelleborg;Twin Radial;800/60R32 Trelleborg Twin Radial 185D TL;rolnicze;Ciągnik;WZORZEC;Ciągnik
MO8_4007102100000;Trelleborg;1000;VF850/50R30.5 Trelleborg HF1000 188D TL;rolnicze;Ciągnik;WZORZEC;Ciągnik
MO8_1324900;Trelleborg;Twin Radial;850/50R30.5 Trelleborg Twin Radial 182D TL;rolnicze;Ciągnik;WZORZEC;Ciągnik
MO8_13108200;Trelleborg;1000;VF800/45R30.5 Trelleborg HF1000 181D TL;rolnicze;Ciągnik;WZORZEC;Ciągnik
MO8_4007102010000;Trelleborg;1000;VF750/60R30.5 Trelleborg HF1000 187D TL;rolnicze;Ciągnik;WZORZEC;Ciągnik
MO8_4007102080000;Trelleborg;Twin Radial;750/60R30.5 Trelleborg Twin Radial 181D TL;rolnicze;Ciągnik;WZORZEC;Ciągnik
MO8_4007102070000;Trelleborg;Twin Radial;650/65R30.5 Trelleborg Twin Radial 176D TL;rolnicze;Ciągnik;WZORZEC;Ciągnik
MO8_4007102060000;Trelleborg;Twin Radial;710/50R26.5 Trelleborg Twin Radial 170D TL;rolnicze;Ciągnik;WZORZEC;Ciągnik
MO8_4007102050000;Trelleborg;Twin Radial;680/55R26.5 Trelleborg Twin Radial 171D TL;rolnicze;Ciągnik;WZORZEC;Ciągnik
MO8_4007102040000;Trelleborg;Twin Radial;600/55R26.5 Trelleborg Twin Radial 165D TL;rolnicze;Ciągnik;WZORZEC;Ciągnik
MO8_1116400;Trelleborg;Twin Radial;600/50R22.5 Trelleborg Twin Radial 159D TL;rolnicze;Ciągnik;WZORZEC;Ciągnik
MO8_1324200;Trelleborg;Twin Radial;580/65R22.5 Trelleborg Twin Radial 159D TL;rolnicze;Ciągnik;WZORZEC;Ciągnik
MO8_1324100;Trelleborg;Twin Radial;560/60R22.5 Trelleborg Twin Radial 161D TL;rolnicze;Ciągnik;WZORZEC;Ciągnik
MO8_1324000;Trelleborg;Twin Radial;500/60R22.5 Trelleborg Twin Radial 155D TL;rolnicze;Ciągnik;WZORZEC;Ciągnik
MO8_13448300;Trelleborg;TM3000;VF750/60R46 CFO Trelleborg TM3000 189D/186E TL;rolnicze;Ciągnik;WZORZEC;Ciągnik
MO8_1330900;Trelleborg;TM3000;IF800/70R38 CFO Trelleborg TM3000 187A8 TL;rolnicze;Ciągnik;WZORZEC;Ciągnik
MO8_1328300;Trelleborg;TM2000;900/60R32 Trelleborg TM2000 181A8 TL;rolnicze;Ciągnik;WZORZEC;Ciągnik
MO8_12982600;Trelleborg;TM3000;VF900/60R32 CFO Trelleborg TM3000 193D/190E TL;rolnicze;Ciągnik;WZORZEC;Ciągnik
MO8_1329400;Trelleborg;TM3000;IF800/70R32 CFO Trelleborg TM3000 182A8 TL;rolnicze;Ciągnik;WZORZEC;Ciągnik
MO8_1326800;Trelleborg;TM2000;800/65R32 Trelleborg TM2000 178A8 TL;rolnicze;Ciągnik;WZORZEC;Ciągnik
MO8_1329500;Trelleborg;TM3000;IF800/65R32 CFO Trelleborg TM3000 178A8 TL;rolnicze;Ciągnik;WZORZEC;Ciągnik
MO8_1328400;Trelleborg;TM2000;710/75R32 Trelleborg TM2000 177A8 TL;rolnicze;Ciągnik;WZORZEC;Ciągnik
MO8_1325400;Trelleborg;TM2000;650/75R32 Trelleborg TM2000 172A8 TL;rolnicze;Ciągnik;WZORZEC;Ciągnik
MO8_1331000;Trelleborg;TM3000;650/75R32 Trelleborg TM3000 172A8 TL;rolnicze;Ciągnik;WZORZEC;Ciągnik
MO8_6007000010000;Trelleborg;TM3000;VF1050/50R32 Trelleborg TM3000 198D TL;rolnicze;Ciągnik;WZORZEC;Ciągnik
MO8_13759500;Trelleborg;TM3000;VF1250/50R32 CFO Trelleborg TM3000 207D/204E TL;rolnicze;Ciągnik;WZORZEC;Ciągnik
MO8_13020300;Trelleborg;TM3000;VF850/45R26 CFO Trelleborg TM3000 172D/169E TL;rolnicze;Ciągnik;WZORZEC;Ciągnik
MO8_11373000;Trelleborg;TM3000;VF750/65R26 CFO Trelleborg TM3000 177A8/177B TL;rolnicze;Ciągnik;WZORZEC;Ciągnik
MO8_6007000020000;Trelleborg;TM3000;VF750/50R26 Trelleborg TM3000 169D TL;rolnicze;Ciągnik;WZORZEC;Ciągnik
MO8_1325200;Trelleborg;TM2000;620/75R26 Trelleborg TM2000 166A8 TL;rolnicze;Ciągnik;WZORZEC;Ciągnik
MO8_1330400;Trelleborg;TM3000;VF620/70R26 CFO Trelleborg TM3000 173A8 TL;rolnicze;Ciągnik;WZORZEC;Ciągnik
MO8_6007000030000;Trelleborg;TM3000;VF1000/50R25 Trelleborg TM3000 184D TL;rolnicze;Ciągnik;WZORZEC;Ciągnik
MO8_4007103200000;Trelleborg;TM100;380/90R54 Trelleborg TM100 152A8/152B TL;rolnicze;Ciągnik;WZORZEC;Ciągnik
MO8_4007103330000;Trelleborg;TM150;VF380/105R54 CFO Trelleborg TM150 178D TL;rolnicze;Ciągnik;WZORZEC;Ciągnik
MO8_4007103190000;Trelleborg;TM100;300/95R52 Trelleborg TM100 151A8/151B TL;rolnicze;Ciągnik;WZORZEC;Ciągnik
MO8_4007103320000;Trelleborg;TM150;VF520/85R50 CFO Trelleborg TM150 177D TL;rolnicze;Ciągnik;WZORZEC;Ciągnik
MO8_4007103310000;Trelleborg;TM150;VF480/80R50 CFO Trelleborg TM150 179D TL;rolnicze;Ciągnik;WZORZEC;Ciągnik
MO8_4007103160000;Trelleborg;TM100;380/90R50 Trelleborg TM100 151A8/151B TL;rolnicze;Ciągnik;WZORZEC;Ciągnik
MO8_4007103300000;Trelleborg;TM150;VF380/105R50 CFO Trelleborg TM150 179D TL;rolnicze;Ciągnik;WZORZEC;Ciągnik
MO8_4007103290000;Trelleborg;TM150;VF320/90R50 CFO Trelleborg TM150 169D TL;rolnicze;Ciągnik;WZORZEC;Ciągnik
MO8_4007103150000;Trelleborg;TM100;270/95R48 Trelleborg TM100 144A8/144B TL;rolnicze;Ciągnik;WZORZEC;Ciągnik
MO8_4007103140000;Trelleborg;TM100;230/95R48 Trelleborg TM100 136A8/136B TL;rolnicze;Ciągnik;WZORZEC;Ciągnik
MO8_4007103270000;Trelleborg;TM150;VF520/85R46 CFO Trelleborg TM150 173D TL;rolnicze;Ciągnik;WZORZEC;Ciągnik
MO8_4007103280000;Trelleborg;TM150;VF480/80R46 CFO Trelleborg TM150 177D TL;rolnicze;Ciągnik;WZORZEC;Ciągnik
MO8_13447600;Trelleborg;TM150;VF380/105R46 CFO Trelleborg TM150 178D TL;rolnicze;Ciągnik;WZORZEC;Ciągnik
MO8_13447300;Trelleborg;TM150;VF380/90R46 CFO Trelleborg TM150 173D TL;rolnicze;Ciągnik;WZORZEC;Ciągnik
MO8_4007103100000;Trelleborg;TM100;300/95R46 Trelleborg TM100 148A8/148B TL;rolnicze;Ciągnik;WZORZEC;Ciągnik
MO8_4007103090000;Trelleborg;TM100;270/95R44 Trelleborg TM100 142A8/142B TL;rolnicze;Ciągnik;WZORZEC;Ciągnik
MO8_4007103080000;Trelleborg;TM100;230/95R44 Trelleborg TM100 134A8/134B TL;rolnicze;Ciągnik;WZORZEC;Ciągnik
MO8_4007103070000;Trelleborg;TM100;210/95R44 Trelleborg TM100 120A8/120B TL;rolnicze;Ciągnik;WZORZEC;Ciągnik
MO8_0558100;Trelleborg;TM100;270/95R38 Trelleborg TM100 140A8/140B TL;rolnicze;Ciągnik;WZORZEC;Ciągnik
MO8_4007103040000;Trelleborg;TM100;230/95R36 Trelleborg TM100 130A8/130B TL;rolnicze;Ciągnik;WZORZEC;Ciągnik
MO8_4007103020000;Trelleborg;TM100;270/95R32 Trelleborg TM100 136A8/136B TL;rolnicze;Ciągnik;WZORZEC;Ciągnik
MO8_4007103010000;Trelleborg;TM100;230/95R32 Trelleborg TM100 128A8/128B TL;rolnicze;Ciągnik;WZORZEC;Ciągnik
MO8_4007100010000;Trelleborg;PneuTrac;VF480/65R28 Trelleborg PneuTrac 148A8/148B TL;rolnicze;Ciągnik;WZORZEC;Ciągnik
MO8_4007100040000;Trelleborg;PneuTrac;VF420/70R28 Trelleborg PneuTrac 145A8/145B TL;rolnicze;Ciągnik;WZORZEC;Ciągnik
MO8_4007100060000;Trelleborg;PneuTrac;VF380/70R24 Trelleborg PneuTrac 137A8/137B TL;rolnicze;Ciągnik;WZORZEC;Ciągnik
MO8_4007100030000;Trelleborg;PneuTrac;VF280/70R20 Trelleborg PneuTrac 118A8/118B TL;rolnicze;Ciągnik;WZORZEC;Ciągnik
MO8_4007100020000;Trelleborg;PneuTrac;VF280/70R18 Trelleborg PneuTrac 116A8/116B TL;rolnicze;Ciągnik;WZORZEC;Ciągnik
MO8_4007100050000;Trelleborg;PneuTrac;VF260/70R16 Trelleborg PneuTrac 110A8/110B TL;rolnicze;Ciągnik;WZORZEC;Ciągnik
MO8_13103200;Trelleborg;TM1000 PT;VF480/80R50 CFO Trelleborg TM1000 PT 166D TL;rolnicze;Ciągnik;WZORZEC;Ciągnik
MO8_13098700;Trelleborg;TM1000 PT;VF900/65R46 CFO Trelleborg TM1000 PT 193D/190E TL;rolnicze;Ciągnik;WZORZEC;Ciągnik
MO8_13101100;Trelleborg;TM1000 PT;VF750/75R46 CFO Trelleborg TM1000 PT 189D/186E TL;rolnicze;Ciągnik;WZORZEC;Ciągnik
MO8_1330800;Trelleborg;TM1000HP;IF710/65R46 Trelleborg TM1000HP 183D TL;rolnicze;Ciągnik;WZORZEC;Ciągnik
MO8_13103000;Trelleborg;TM1000 PT;VF380/85R46 CFO Trelleborg TM1000 PT 162D/159E TL;rolnicze;Ciągnik;WZORZEC;Ciągnik
MO8_10716400;Trelleborg;TM1060;VF750/70R44 Trelleborg TM1060 183D TL;rolnicze;Ciągnik;WZORZEC;Ciągnik
MO8_12869000;Trelleborg;TM1000 PT;VF750/70R44 CFO Trelleborg TM1000 PT 186D/183E TL;rolnicze;Ciągnik;WZORZEC;Ciągnik
MO8_1296400;Trelleborg;TM900HP;900/60R42 Trelleborg TM900HP 180D/177E TL;rolnicze;Ciągnik;WZORZEC;Ciągnik
MO8_13098100;Trelleborg;TM1000 PT;VF900/60R42 CFO Trelleborg TM1000 PT 189D/186E TL;rolnicze;Ciągnik;WZORZEC;Ciągnik
MO8_13365400;Trelleborg;TM900 PT;710/75R42 Trelleborg TM900 PT 175D/172E TL;rolnicze;Ciągnik;WZORZEC;Ciągnik
MO8_13102200;Trelleborg;TM1000 PT;VF710/75R42 CFO Trelleborg TM1000 PT 184D/181E TL;rolnicze;Ciągnik;WZORZEC;Ciągnik
MO8_1296800;Trelleborg;TM900HP;710/70R42 Trelleborg TM900HP 179A8 TL;rolnicze;Ciągnik;WZORZEC;Ciągnik
MO8_11156600;Trelleborg;TM900HP HA;710/70R42 Trelleborg TM900HP HA 173D/170E TL;rolnicze;Ciągnik;WZORZEC;Ciągnik
MO8_13365800;Trelleborg;TM900 PT;710/70R42 Trelleborg TM900 PT 173D/170E TL;rolnicze;Ciągnik;WZORZEC;Ciągnik
MO8_13098300;Trelleborg;TM1000 PT;VF710/70R42 CFO Trelleborg TM1000 PT 182D/179E TL;rolnicze;Ciągnik;WZORZEC;Ciągnik
MO8_0735800;Trelleborg;TM1060;VF710/60R42 Trelleborg TM1060 173D/170E TL;rolnicze;Ciągnik;WZORZEC;Ciągnik
MO8_13103300;Trelleborg;TM1000 PT;VF650/85R42 CFO Trelleborg TM1000 PT 183D/180E TL;rolnicze;Ciągnik;WZORZEC;Ciągnik
MO8_13102000;Trelleborg;TM1000 PT;VF650/75R42 CFO Trelleborg TM1000 PT 180D/177E TL;rolnicze;Ciągnik;WZORZEC;Ciągnik
MO8_13151000;Trelleborg;TM1000 PT;VF650/65R42 CFO Trelleborg TM1000 PT 174D/171E TL;rolnicze;Ciągnik;WZORZEC;Ciągnik
MO8_13577700;Trelleborg;TM800 PT;650/65R42 Trelleborg TM800 PT 165D/168A8 TL;rolnicze;Ciągnik;WZORZEC;Ciągnik
MO8_13577500;Trelleborg;TM800 PT;650/65R42 Trelleborg TM800 PT 158D TL;rolnicze;Ciągnik;WZORZEC;Ciągnik
MO8_13153700;Trelleborg;TM1060;VF650/60R42 CFO Trelleborg TM1060 168D TL;rolnicze;Ciągnik;WZORZEC;Ciągnik
MO8_1034900;Trelleborg;TM800;600/65R42 Trelleborg TM800 154D TL;rolnicze;Ciągnik;WZORZEC;Ciągnik
MO8_1296600;Trelleborg;TM900HP;900/60R38 Trelleborg TM900HP 178D/175E TL;rolnicze;Ciągnik;WZORZEC;Ciągnik
MO8_1293100;Trelleborg;TM900HP;800/70R38 Trelleborg TM900HP 178D/175E TL;rolnicze;Ciągnik;WZORZEC;Ciągnik
MO8_13554600;Trelleborg;TM1000 PT;VF800/70R38 Trelleborg TM1000 PT 184D TL;rolnicze;Ciągnik;WZORZEC;Ciągnik
MO8_13154700;Trelleborg;TM1000 PT;VF800/70R38 Trelleborg TM1000 PT 187D TL;rolnicze;Ciągnik;WZORZEC;Ciągnik
MO8_12934700;Trelleborg;TM800;710/70R38 Trelleborg TM800 171D TL;rolnicze;Ciągnik;WZORZEC;Ciągnik
MO8_1035500;Trelleborg;TM800 FORAGE;710/70R38 Trelleborg TM800 FORAGE 175D TL;rolnicze;Ciągnik;WZORZEC;Ciągnik
MO8_13150800;Trelleborg;TM800 PT;710/70R38 Trelleborg TM800 PT 166D TL;rolnicze;Ciągnik;WZORZEC;Ciągnik
MO8_13504600;Trelleborg;TM800 PT HS;710/70R38 Trelleborg TM800 PT HS 171D/168E TL;rolnicze;Ciągnik;WZORZEC;Ciągnik
MO8_13099100;Trelleborg;TM800 PF;VF710/70R38 CFO Trelleborg TM800 PF 178D TL;rolnicze;Ciągnik;WZORZEC;Ciągnik
MO8_0735300;Trelleborg;TM1060;VF710/60R38 Trelleborg TM1060 171D TL;rolnicze;Ciągnik;WZORZEC;Ciągnik
MO8_13099700;Trelleborg;TM1000 PT;VF710/60R38 CFO Trelleborg TM1000 PT 174D TL;rolnicze;Ciągnik;WZORZEC;Ciągnik
MO8_13365200;Trelleborg;TM900 PT;650/85R38 Trelleborg TM900 PT 173D/170E TL;rolnicze;Ciągnik;WZORZEC;Ciągnik
MO8_13102300;Trelleborg;TM1000 PT;VF650/85R38 CFO Trelleborg TM1000 PT 182D/179E TL;rolnicze;Ciągnik;WZORZEC;Ciągnik
MO8_1295000;Trelleborg;TM900HP;650/75R38 Trelleborg TM900HP 169D/166E TL;rolnicze;Ciągnik;WZORZEC;Ciągnik
MO8_1035100;Trelleborg;TM800 PT;650/65R38 Trelleborg TM800 PT 157D TL;rolnicze;Ciągnik;WZORZEC;Ciągnik
MO8_13504200;Trelleborg;TM800 PT HS;650/65R38 Trelleborg TM800 PT HS 163D/159E TL;rolnicze;Ciągnik;WZORZEC;Ciągnik
MO8_13075300;Trelleborg;TM800 PF;VF650/65R38 CFO Trelleborg TM800 PF 169D TL;rolnicze;Ciągnik;WZORZEC;Ciągnik
MO8_13101800;Trelleborg;TM1000 PT;VF650/65R38 CFO Trelleborg TM1000 PT 172D/169E TL;rolnicze;Ciągnik;WZORZEC;Ciągnik
MO8_12866600;Trelleborg;TM1000 PT;VF650/60R38 CFO Trelleborg TM1000 PT 170D/167E TL;rolnicze;Ciągnik;WZORZEC;Ciągnik
MO8_12150100;Trelleborg;TM1060;VF650/60R38 Trelleborg TM1060 173D/170E TL;rolnicze;Ciągnik;WZORZEC;Ciągnik
MO8_0735600;Trelleborg;TM1060;VF650/60R38 Trelleborg TM1060 166D TL;rolnicze;Ciągnik;WZORZEC;Ciągnik
MO8_13151900;Trelleborg;TM800 PT;600/65R38 Trelleborg TM800 PT 153D TL;rolnicze;Ciągnik;WZORZEC;Ciągnik
MO8_13099500;Trelleborg;TM800 PF;VF600/65R38 CFO Trelleborg TM800 PF 164D TL;rolnicze;Ciągnik;WZORZEC;Ciągnik
MO8_11372600;Trelleborg;TM1060;VF600/60R38 Trelleborg TM1060 168D/165E TL;rolnicze;Ciągnik;WZORZEC;Ciągnik
MO8_12205000;Trelleborg;TM800;540/65R38 Trelleborg TM800 147D TL;rolnicze;Ciągnik;WZORZEC;Ciągnik
MO8_1032800;Trelleborg;TM800HS;540/65R38 Trelleborg TM800HS 153D/150E TL;rolnicze;Ciągnik;WZORZEC;Ciągnik
MO8_1112600;Trelleborg;MARSHLAND;460/85R38 Trelleborg MARSHLAND 149A8/149B TL;rolnicze;Ciągnik;WZORZEC;Ciągnik
MO8_1112500;Trelleborg;MARSHLAND;420/85R38 Trelleborg MARSHLAND 144A8/144B TL;rolnicze;Ciągnik;WZORZEC;Ciągnik
MO8_1112400;Trelleborg;MARSHLAND;380/85R38 Trelleborg MARSHLAND 139A8/139B TL;rolnicze;Ciągnik;WZORZEC;Ciągnik
MO8_0209800;Trelleborg;TM190;12.4R36 Trelleborg TM190 124A8 TT;rolnicze;Ciągnik;WZORZEC;Ciągnik
MO8_13102100;Trelleborg;TM1000 PT;VF710/60R34 CFO Trelleborg TM1000 PT 173D/170E TL;rolnicze;Ciągnik;WZORZEC;Ciągnik
MO8_1296500;Trelleborg;TM900HP;710/60R34 Trelleborg TM900HP 164D/161E TL;rolnicze;Ciągnik;WZORZEC;Ciągnik
MO8_13230200;Trelleborg;TM1000 PT;VF710/55R34 CFO Trelleborg TM1000 PT 170D/167E TL;rolnicze;Ciągnik;WZORZEC;Ciągnik
MO8_13101600;Trelleborg;TM1000 PT;VF650/65R34 CFO Trelleborg TM1000 PT 170D/167E TL;rolnicze;Ciągnik;WZORZEC;Ciągnik
MO8_13365000;Trelleborg;TM900 PT;650/60R34 Trelleborg TM900 PT 159D/156E TL;rolnicze;Ciągnik;WZORZEC;Ciągnik
MO8_13101500;Trelleborg;TM1000 PT;VF650/60R34 CFO Trelleborg TM1000 PT 168D/165E TL;rolnicze;Ciągnik;WZORZEC;Ciągnik
MO8_1296200;Trelleborg;TM900HP;600/70R34 Trelleborg TM900HP 160D/157E TL;rolnicze;Ciągnik;WZORZEC;Ciągnik
MO8_1034400;Trelleborg;TM800;600/65R34 Trelleborg TM800 151D TL;rolnicze;Ciągnik;WZORZEC;Ciągnik
MO8_1032900;Trelleborg;TM800HS;600/65R34 Trelleborg TM800HS 157D/154E TL;rolnicze;Ciągnik;WZORZEC;Ciągnik
MO8_11562200;Trelleborg;TM800;540/65R34 Trelleborg TM800 145D TL;rolnicze;Ciągnik;WZORZEC;Ciągnik
MO8_1032600;Trelleborg;TM800 HS;540/65R34 Trelleborg TM800 HS 152D/149E TL;rolnicze;Ciągnik;WZORZEC;Ciągnik
MO8_13313000;Trelleborg;TM1000 PT;VF480/70R34 CFO Trelleborg TM1000 PT 158D TL;rolnicze;Ciągnik;WZORZEC;Ciągnik
MO8_1296700;Trelleborg;TM900HP;710/60R30 Trelleborg TM900HP 162D/159E TL;rolnicze;Ciągnik;WZORZEC;Ciągnik
MO8_13307100;Trelleborg;TM1000 PT;VF620/75R30 CFO Trelleborg TM1000 PT 172D/169E TL;rolnicze;Ciągnik;WZORZEC;Ciągnik
MO8_13365600;Trelleborg;TM900 PT;600/70R30 Trelleborg TM900 PT 158D/155E TL;rolnicze;Ciągnik;WZORZEC;Ciągnik
MO8_13098500;Trelleborg;TM1000 PT;VF600/70R30 CFO Trelleborg TM1000 PT 170D/167E TL;rolnicze;Ciągnik;WZORZEC;Ciągnik
MO8_0735500;Trelleborg;TM1060;VF600/60R30 Trelleborg TM1060 158D TL;rolnicze;Ciągnik;WZORZEC;Ciągnik
MO8_13102400;Trelleborg;TM1000 PT;VF540/65R30 CFO Trelleborg TM1000 PT 158D/155E TL;rolnicze;Ciągnik;WZORZEC;Ciągnik
MO8_13577100;Trelleborg;TM800 PT;540/65R30 Trelleborg TM800 PT 143D TL;rolnicze;Ciągnik;WZORZEC;Ciągnik
MO8_0685000;Trelleborg;TM700H;520/70R30 Trelleborg TM700H 151D/148E TL;rolnicze;Ciągnik;WZORZEC;Ciągnik
MO8_4007103250000;Trelleborg;TM1 ECOPOWER;480/70R30 Trelleborg TM1 ECOPOWER 147D TL;rolnicze;Ciągnik;WZORZEC;Ciągnik
MO8_0684700;Trelleborg;TM700H;480/70R30 Trelleborg TM700H 147D/144E TL;rolnicze;Ciągnik;WZORZEC;Ciągnik
MO8_13366000;Trelleborg;TM900 PT;600/70R28 Trelleborg TM900 PT 157D/154E TL;rolnicze;Ciągnik;WZORZEC;Ciągnik
MO8_13230600;Trelleborg;TM1000 PT;VF600/70R28 CFO Trelleborg TM1000 PT 167D/164E TL;rolnicze;Ciągnik;WZORZEC;Ciągnik
MO8_13504400;Trelleborg;TM800 PT HS;600/65R28 Trelleborg TM800 PT HS 154D/151E TL;rolnicze;Ciągnik;WZORZEC;Ciągnik
MO8_13152100;Trelleborg;TM800 PT;600/65R28 Trelleborg TM800 PT 147D TL;rolnicze;Ciągnik;WZORZEC;Ciągnik
MO8_13099300;Trelleborg;TM800 PF;VF600/65R28 CFO Trelleborg TM800 PF 159D TL;rolnicze;Ciągnik;WZORZEC;Ciągnik
MO8_1034200;Trelleborg;TM800;600/65R28 Trelleborg TM800 147D TL;rolnicze;Ciągnik;WZORZEC;Ciągnik
MO8_1032500;Trelleborg;TM800HS;600/65R28 Trelleborg TM800HS 154D/151E TL;rolnicze;Ciągnik;WZORZEC;Ciągnik
MO8_0735400;Trelleborg;TM1060;VF600/60R28 Trelleborg TM1060 157D TL;rolnicze;Ciągnik;WZORZEC;Ciągnik
MO8_13504800;Trelleborg;TM800 PT HS;540/65R28 Trelleborg TM800 PT HS 149D/146E TL;rolnicze;Ciągnik;WZORZEC;Ciągnik
MO8_13075500;Trelleborg;TM800 PF;VF540/65R28 CFO Trelleborg TM800 PF 154D TL;rolnicze;Ciągnik;WZORZEC;Ciągnik
MO8_1035200;Trelleborg;TM800 PT;540/65R28 Trelleborg TM800 PT 142D TL;rolnicze;Ciągnik;WZORZEC;Ciągnik
MO8_0735700;Trelleborg;TM1060;VF520/60R28 Trelleborg TM1060 149D TL;rolnicze;Ciągnik;WZORZEC;Ciągnik
MO8_13151600;Trelleborg;TM800 PT;480/65R28 Trelleborg TM800 PT 136D TL;rolnicze;Ciągnik;WZORZEC;Ciągnik
MO8_13098900;Trelleborg;TM800 PF;VF480/65R28 CFO Trelleborg TM800 PF 148D TL;rolnicze;Ciągnik;WZORZEC;Ciągnik
MO8_12634000;Trelleborg;TM1060;VF480/60R28 Trelleborg TM1060 145D TL;rolnicze;Ciągnik;WZORZEC;Ciągnik
MO8_13237300;Trelleborg;TM200 PT;VF440/65R28 Trelleborg TM200 PT 146A8/146B TL;rolnicze;Ciągnik;WZORZEC;Ciągnik
MO8_11624100;Trelleborg;TM800;440/65R28 Trelleborg TM800 131D TL;rolnicze;Ciągnik;WZORZEC;Ciągnik
MO8_13153500;Trelleborg;TM800;420/65R28 Trelleborg TM800 135D/138A8 TL;rolnicze;Ciągnik;WZORZEC;Ciągnik
MO8_1033700;Trelleborg;TM800;540/65R26 Trelleborg TM800 141D TL;rolnicze;Ciągnik;WZORZEC;Ciągnik
MO8_13576800;Trelleborg;TM800 PT;540/65R24 Trelleborg TM800 PT 140D TL;rolnicze;Ciągnik;WZORZEC;Ciągnik
MO8_13576400;Trelleborg;TM800 PT;540/65R24 Trelleborg TM800 PT 146A8 TL;rolnicze;Ciągnik;WZORZEC;Ciągnik
MO8_5017217270000;Trelleborg;TM800;480/65R24 Trelleborg TM800 133D TL;rolnicze;Ciągnik;WZORZEC;Ciągnik
MO8_13016800;Trelleborg;TM800;480/65R24 Trelleborg TM800 140D TL;rolnicze;Ciągnik;WZORZEC;Ciągnik
MO8_13237100;Trelleborg;TM200 PT;VF440/65R24 Trelleborg TM200 PT 144A8/144B TL;rolnicze;Ciągnik;WZORZEC;Ciągnik
MO8_11562400;Trelleborg;TM800;440/65R24 Trelleborg TM800 128D TL;rolnicze;Ciągnik;WZORZEC;Ciągnik
MO8_4007103230000;Trelleborg;TM1 ECOPOWER;380/70R24 Trelleborg TM1 ECOPOWER 130D TL;rolnicze;Ciągnik;WZORZEC;Ciągnik
MO8_1116500;Trelleborg;TM700L;380/70R24 Trelleborg TM700L 130A8/127B TL;rolnicze;Ciągnik;WZORZEC;Ciągnik
MO8_4007103260000;Trelleborg;TM1 ECOPOWER;340/70R24 Trelleborg TM1 ECOPOWER 124D TL;rolnicze;Ciągnik;WZORZEC;Ciągnik
MO8_0209900;Trelleborg;TM190;9.5R24 Trelleborg TM190 107A8 TL;rolnicze;Ciągnik;WZORZEC;Ciągnik
MO8_0210200;Trelleborg;TM190;8.3R24 Trelleborg TM190 105A8 TL;rolnicze;Ciągnik;WZORZEC;Ciągnik
MO8_4007104030000;Trelleborg;MPT100;445/65R22.5 Trelleborg MPT100 160G TL;rolnicze;Ciągnik;WZORZEC;Ciągnik
MO8_4007104020000;Trelleborg;MPT100;425/75R20 Trelleborg MPT100 158G TL;rolnicze;Ciągnik;WZORZEC;Ciągnik
MO8_4007104010000;Trelleborg;MPT100;405/70R20 Trelleborg MPT100 136G TL;rolnicze;Ciągnik;WZORZEC;Ciągnik
MO8_13236900;Trelleborg;TM200 PT;VF340/65R18 Trelleborg TM200 PT 130A8/130B TL;rolnicze;Ciągnik;WZORZEC;Ciągnik
MO8_1114800;Trelleborg;TM800;340/65R18 Trelleborg TM800 113A8/113B TL;rolnicze;Ciągnik;WZORZEC;Ciągnik
MO8_1114700;Trelleborg;TM800;320/65R18 Trelleborg TM800 109A8/109B TL;rolnicze;Ciągnik;WZORZEC;Ciągnik
MO8_13237500;Trelleborg;TM200 PT;VF320/65R16 Trelleborg TM200 PT 128A8/128B TL;rolnicze;Ciągnik;WZORZEC;Ciągnik
MO8_13237700;Trelleborg;TM200 PT;VF280/70R16 Trelleborg TM200 PT 120A8 TL;rolnicze;Ciągnik;WZORZEC;Ciągnik
MO8_4007103240000;Trelleborg;TM1 ECOPOWER;280/70R16 Trelleborg TM1 ECOPOWER 112D TL;rolnicze;Ciągnik;WZORZEC;Ciągnik
MO2_67000012AL-IN;Alliance;AF 670;600/70R30 Alliance AF 670 165D TL;leśne;Ciągnik leśny;PEWNE;Ciągnik leśny
MO2_67000010AL-IG;Alliance;AF 670;710/70R38 Alliance AF 670 168A8/175A2;leśne;Ciągnik leśny;PEWNE;Ciągnik leśny
MO2_67000009AL-IN;Alliance;AF 670;580/70-38 Alliance AF 670 160A8/157B TL;leśne;Ciągnik leśny;PEWNE;Ciągnik leśny
MO2_67000007AL-IN;Alliance;AF 670;480/70-38 Alliance AF 670 150A8/147B TL;leśne;Ciągnik leśny;PEWNE;Ciągnik leśny
MO2_67000006AL-IN;Alliance;AF 670;520/70-34 Alliance AF 670 154A8/151B;leśne;Ciągnik leśny;PEWNE;Ciągnik leśny
MO2_67000005AL-IN;Alliance;AF 670;480/70-34 Alliance AF 670 146A8/143B TL;leśne;Ciągnik leśny;PEWNE;Ciągnik leśny
MO2_64450052AL-IG;Alliance;644 FORESTAR III;710/45-26.5 Alliance 644 FORESTAR III 24PR TL;leśne;Forwarder;PEWNE;Forwarder
MO2_64450050AL-IG;Alliance;644 FORESTAR III ELIT;710/45-26.5 Alliance 644 FORESTAR III ELIT 168A8/175A2 20PR TL;leśne;Forwarder;PEWNE;Forwarder
MO2_64400090AL-IG;Alliance;644 FORESTAR III;800/40-26.5 Alliance 644 FORESTAR III 20PR;leśne;Forwarder;PEWNE;Forwarder
MO2_64400071AL-IG;Alliance;644 FORESTAR III;750/55-26.5 Alliance 644 FORESTAR III 24PR TL;leśne;Forwarder;PEWNE;Forwarder
MO2_64400051AL-IG;Alliance;644 FORESTAR III;780/50-28.5 Alliance 644 FORESTAR III 182A8/190A2 TL;leśne;Forwarder;PEWNE;Forwarder
MO2_64400041AL-IG;Alliance;644 FORESTAR III;710/40-24.5 Alliance 644 FORESTAR III 20PR TL;leśne;Forwarder;PEWNE;Forwarder
MO2_64400036AL;Alliance;644 FORESTAR III;710/40-22.5 Alliance 644 FORESTAR III 20PR TL;leśne;Forwarder;PEWNE;Forwarder
MO2_64400020AL-IG;Alliance;644 FORESTAR III;600/55-26.5 Alliance 644 FORESTAR III 20PR TT;leśne;Forwarder;PEWNE;Forwarder
MO2_64400011AL-IG;Alliance;644 FORESTAR III;600/50-22.5 Alliance 644 FORESTAR III 159A8/167A2 20PR;leśne;Forwarder;PEWNE;Forwarder
MO2_64400010AL-IG;Alliance;644 FORESTAR III;600/50-22.5 Alliance 644 FORESTAR III 159A8/167A2 20PR;leśne;Forwarder;PEWNE;Forwarder
MO2_66800018AL-IG;Alliance;668 FORESTAR III;710/60R38 Alliance 668 FORESTAR III 171D TL;leśne;Forwarder;WZORZEC;Forwarder
MO2_66800016AL-IG;Alliance;668 FORESTAR III;600/65-34 Alliance 668 FORESTAR III 163D TL;leśne;Forwarder;WZORZEC;Forwarder
MO2_66800012AL-IG;Alliance;668 FORESTAR III;600/60R28 Alliance 668 FORESTAR III 157D;leśne;Forwarder;WZORZEC;Forwarder
MO2_66800011AL-IG;Alliance;668 FORESTAR III;540/65-28 Alliance 668 FORESTAR III 154D TL;leśne;Forwarder;WZORZEC;Forwarder
MO2_66800008AL-IG;Alliance;668 FORESTAR III;650/65R42 Alliance 668 FORESTAR III 170D TL;leśne;Forwarder;WZORZEC;Forwarder
MO2_66800006AL-IG;Alliance;668 FORESTAR III;650/65R38 Alliance 668 FORESTAR III 169D TL;rolnicze;Forwarder;WZORZEC;Forwarder
MO2_64300045AL-IG;Alliance;643 FORESTAR RIII;710/45-26.5 Alliance 643 FORESTAR RIII 20PR TT;leśne;Forwarder;WZORZEC;Forwarder
MO2_34470444;Alliance;344 FORESTRY;710/45-26.5 Alliance 344 FORESTRY 20PR TL;leśne;Forwarder;WZORZEC;Forwarder
MO2_33300242AL-IN;Alliance;333 FORESTRY;18.4-38 Alliance 333 FORESTRY 14PR TL;leśne;Forwarder;WZORZEC;Forwarder
MO2_33300118AL-IN;Alliance;333 FORESTRY;16.9-28 Alliance 333 FORESTRY 144A8/141B TL;leśne;Forwarder;WZORZEC;Forwarder
MO2_33300054AL-IN;Alliance;333 FORESTRY;14.9-24 Alliance 333 FORESTRY 14PR TL;leśne;Forwarder;WZORZEC;Forwarder
MO2_10001929;Alliance;FORESTAR 345;28L-26 Alliance FORESTAR 345 177A2/165A6 20PR TL;leśne;Forwarder;WZORZEC;Forwarder
MO1_15222593;Alliance;Forestar 345;18.4-30 Alliance Forestar 345 149A6 14PR TL;leśne;Forwarder;WZORZEC;Forwarder
MO1_15212849;Alliance;Forestar 344;750/55-26.5 Alliance Forestar 344 184A2/177A8 20PR TL;leśne;Forwarder;WZORZEC;Forwarder
MO1_15212843;Alliance;Forestar 644 III;750/55-26.5 Alliance Forestar 644 III 189A2/182A8 24PR SB TT;leśne;Forwarder;WZORZEC;Forwarder
MO1_15212758;Alliance;Forestar 644 III;710/45-26.5 Alliance Forestar 644 III 175A2/168A8 20PR SB TT;leśne;Forwarder;WZORZEC;Forwarder
MO1_15212659;Alliance;Forestar 644 III;710/40-22.5 Alliance Forestar 644 III 186A2/161A8 20PR SB TT;leśne;Forwarder;WZORZEC;Forwarder
MO1_10003819;Alliance;Forestar 644 III;600/55-26.5 Alliance Forestar 644 III 177A2/170A8 24PR SB TL;leśne;Forwarder;WZORZEC;Forwarder
MO1_10003613;Alliance;Forestar 644 III;800/40-26.5 Alliance Forestar 644 III 183A2/176A8 24PR SB TL;leśne;Forwarder;WZORZEC;Forwarder
MO1_10003307;Alliance;Forestar 345;23.1-26 Alliance Forestar 345 160A6 16PR TL;leśne;Forwarder;WZORZEC;Forwarder
MO9_107121;BKT;FORESTMAX;540/65R28 BKT FORESTMAX 149A8/146B TL;leśne;Forwarder;WZORZEC;Forwarder
MO9_107120;BKT;FORESTMAX E;600/60R28 BKT FORESTMAX E 152A8/149B TL;leśne;Forwarder;WZORZEC;Forwarder
MO9_107114;BKT;FORESTMAX;650/65R38 BKT FORESTMAX 172A8/186A2 TL;leśne;Forwarder;WZORZEC;Forwarder
MO9_106950;BKT;FORESTLAND E;14.9x28 BKT FORESTLAND E 14PR TT;leśne;Forwarder;WZORZEC;Forwarder
MO9_106949;BKT;FORESTLAND E;18.4x38 BKT FORESTLAND E 14PR TT;leśne;Forwarder;WZORZEC;Forwarder
MO9_63301;BKT;FORESTECH STBT;710/40x22.5 BKT FORESTECH STBT 20PR TL;leśne;Forwarder;WZORZEC;Forwarder
MO9_47510;BKT;Forestech steel belted;600/55x26.5 BKT Forestech steel belted 172A2/165A8 20PR TL;leśne;Forwarder;WZORZEC;Forwarder
MO9_40250;BKT;FORESTECH steel belted;710/45x26.5 BKT FORESTECH steel belted 168A8/175A2 20PR TL;leśne;Forwarder;WZORZEC;Forwarder
MO7_T445516;NOKIAN;FOREST KING TRS -2 TL;28L-26 NOKIAN FOREST KING TRS LS-2 TL SF 26PR TL;leśne;Forwarder;PEWNE;Forwarder
MO7_T445597;NOKIAN;Nordman Forest F;750/55-26.5 NOKIAN Nordman Forest F SF 20PR TT;leśne;Forwarder;PEWNE;Forwarder
MO7_T445565;NOKIAN;Nordman Forest F;710/45-26.5 NOKIAN Nordman Forest F SF 20PR TT;leśne;Forwarder;PEWNE;Forwarder
MO7_T445598;NOKIAN;Nordman Forest F;600/55-26.5 NOKIAN Nordman Forest F SF 20PR TT;leśne;Forwarder;PEWNE;Forwarder
MO7_T445599;NOKIAN;Nordman Forest F;710/40-24.5 NOKIAN Nordman Forest F SF 20PR TT;leśne;Forwarder;PEWNE;Forwarder
MO7_T445625;NOKIAN;Nordman Forest F;710/40-22.5 NOKIAN Nordman Forest F SF 16PR TT;leśne;Forwarder;PEWNE;Forwarder
MO7_T445596;NOKIAN;Nordman Forest TRS;700/70-34 NOKIAN Nordman Forest TRS SF 20PR TT;leśne;Forwarder;PEWNE;Forwarder
MO7_T445476;NOKIAN;Nordman Forest TRS;700/55-34 NOKIAN Nordman Forest TRS SF 20PR TT;leśne;Forwarder;PEWNE;Forwarder
MO7_T445475;NOKIAN;Nordman Forest TRS;600/65-34 NOKIAN Nordman Forest TRS SF 20PR TT;leśne;Forwarder;PEWNE;Forwarder
MO7_T445528;NOKIAN;Nordman Forest TRS;750/55-26.5 NOKIAN Nordman Forest TRS SF 20PR TT;leśne;Forwarder;PEWNE;Forwarder
MO7_T445527;NOKIAN;Nordman Forest TRS;600/55-26.5 NOKIAN Nordman Forest TRS SF 20PR TT;leśne;Forwarder;PEWNE;Forwarder
MO7_T445541;NOKIAN;Nordman Forest TRS;710/45-26.5 NOKIAN Nordman Forest TRS SF 20PR TT;leśne;Forwarder;PEWNE;Forwarder
MO7_T445624;NOKIAN;Nordman Forest TRS;710/40-22.5 NOKIAN Nordman Forest TRS SF 16PR TT;leśne;Forwarder;PEWNE;Forwarder
MO7_T445622;NOKIAN;Nordman Forest TRS;600/50-22.5 NOKIAN Nordman Forest TRS SF 16PR TT;leśne;Forwarder;PEWNE;Forwarder
MO7_T445716;NOKIAN;Forest King TRS 2PLUS;710/70-34 NOKIAN Forest King TRS 2PLUS SF 24PR TT;leśne;Forwarder;PEWNE;Forwarder
MO7_T445715;NOKIAN;Forest King TRS 2PLUS;710/55-34 NOKIAN Forest King TRS 2PLUS SF 24PR TT;leśne;Forwarder;PEWNE;Forwarder
MO7_T445714;NOKIAN;Forest King TRS 2PLUS;600/65-34 NOKIAN Forest King TRS 2PLUS SF 24PR TT;leśne;Forwarder;PEWNE;Forwarder
MO7_T445537;NOKIAN;Forest King F 2;780/50-28.5 NOKIAN Forest King F 2 SF 24PR TT;leśne;Forwarder;PEWNE;Forwarder
MO7_T445570;NOKIAN;Forest King F 2;710/55-28.5 NOKIAN Forest King F 2 SF 24PR TT;leśne;Forwarder;PEWNE;Forwarder
MO7_T445603;NOKIAN;Forest King F 2;800/40-26.5 NOKIAN Forest King F 2 SF 20PR TT;leśne;Forwarder;PEWNE;Forwarder
MO7_T445574;NOKIAN;Forest King F 2;750/55-26.5 NOKIAN Forest King F 2 SF 24PR TT;leśne;Forwarder;PEWNE;Forwarder
MO7_T445800;NOKIAN;Forest King F 2;710/55-26.5 NOKIAN Forest King F 2 SF 24PR TT;leśne;Forwarder;PEWNE;Forwarder
MO7_T445589;NOKIAN;Forest King F 2;710/45-26.5 NOKIAN Forest King F 2 SF 24PR TT;leśne;Forwarder;PEWNE;Forwarder
MO7_T445571;NOKIAN;Forest King F 2;710/45-26.5 NOKIAN Forest King F 2 SF 20PR TT;leśne;Forwarder;PEWNE;Forwarder
MO7_T445573;NOKIAN;Forest King F 2;600/55-26.5 NOKIAN Forest King F 2 SF 20PR TT;leśne;Forwarder;PEWNE;Forwarder
MO7_T445717;NOKIAN;Forest King F 2;800/40-24.5 NOKIAN Forest King F 2 SF 20PR TT;leśne;Forwarder;PEWNE;Forwarder
MO7_T445572;NOKIAN;Forest King F 2;710/40-24.5 NOKIAN Forest King F 2 SF 20PR TT;leśne;Forwarder;PEWNE;Forwarder
MO7_T445608;NOKIAN;Forest King F 2;710/40-22.5 NOKIAN Forest King F 2 SF 20PR TT;leśne;Forwarder;PEWNE;Forwarder
MO7_T445619;NOKIAN;Forest King F 2;600/50-22.5 NOKIAN Forest King F 2 SF 20PR TT;leśne;Forwarder;PEWNE;Forwarder
MO7_T445581;NOKIAN;Forest King TRS 2;780/50-28.5 NOKIAN Forest King TRS 2 SF 24PR TT;leśne;Forwarder;PEWNE;Forwarder
MO7_T445612;NOKIAN;Forest King TRS 2;710/55-28.5 NOKIAN Forest King TRS 2 SF 24PR TT;leśne;Forwarder;PEWNE;Forwarder
MO7_T445594;NOKIAN;Forest King TRS 2;800/40-26.5 NOKIAN Forest King TRS 2 SF 20PR TT;leśne;Forwarder;PEWNE;Forwarder
MO7_T445602;NOKIAN;Forest King TRS 2;750/55-26.5 NOKIAN Forest King TRS 2 SF 24PR TT;leśne;Forwarder;PEWNE;Forwarder
MO7_T445801;NOKIAN;Forest King TRS 2;710/55-26.5 NOKIAN Forest King TRS 2 SF 24PR TT;leśne;Forwarder;PEWNE;Forwarder
MO7_T445640;NOKIAN;Forest King TRS 2;710/45-26.5 NOKIAN Forest King TRS 2 SF 24PR TT;leśne;Forwarder;PEWNE;Forwarder
MO7_T445566;NOKIAN;Forest King TRS 2;710/45-26.5 NOKIAN Forest King TRS 2 SF 20PR TT;leśne;Forwarder;PEWNE;Forwarder
MO7_T445567;NOKIAN;Forest King TRS 2;600/55-26.5 NOKIAN Forest King TRS 2 SF 20PR TT;leśne;Forwarder;PEWNE;Forwarder
MO7_T445718;NOKIAN;Forest King TRS 2;800/40-24.5 NOKIAN Forest King TRS 2 SF 20PR TT;leśne;Forwarder;PEWNE;Forwarder
MO7_T445568;NOKIAN;Forest King TRS 2;710/40-24.5 NOKIAN Forest King TRS 2 SF 20PR TT;leśne;Forwarder;PEWNE;Forwarder
MO7_T445639;NOKIAN;Forest King TRS 2;600/50-24.5 NOKIAN Forest King TRS 2 SF 20PR TT;leśne;Forwarder;PEWNE;Forwarder
MO7_T445607;NOKIAN;Forest King TRS 2;710/40-22.5 NOKIAN Forest King TRS 2 SF 20PR TT;leśne;Forwarder;PEWNE;Forwarder
MO7_T445618;NOKIAN;Forest King TRS 2;600/50-22.5 NOKIAN Forest King TRS 2 SF 20PR TT;leśne;Forwarder;PEWNE;Forwarder
MO7_T445395;NOKIAN;Forest King TRS L-2;650/60-26.5 NOKIAN Forest King TRS L-2 SF 20PR TT;leśne;Forwarder;PEWNE;Forwarder
MO7_T445796;NOKIAN;Ground King Loader L-3 TL;20.5R25 NOKIAN Ground King Loader L-3 TL SB TL;przemysłowe;Forwarder;WZORZEC;Forwarder
MO7_T445592;NOKIAN;Hakkapeliitta Loader;23.5R25 NOKIAN Hakkapeliitta Loader SB TL;przemysłowe;Forwarder;WZORZEC;Forwarder
MO7_T445591;NOKIAN;Hakkapeliitta Loader;20.5R25 NOKIAN Hakkapeliitta Loader SB TL;przemysłowe;Forwarder;WZORZEC;Forwarder
MO7_T445590;NOKIAN;Hakkapeliitta Loader;17.5R25 NOKIAN Hakkapeliitta Loader SB TL;przemysłowe;Forwarder;WZORZEC;Forwarder
MO7_T445691;NOKIAN;Hakkapeliitta Loader;14.00R24 NOKIAN Hakkapeliitta Loader SB TL;przemysłowe;Forwarder;WZORZEC;Forwarder
MO7_T445223;NOKIAN;Loader Grip L-3;23.5R25 NOKIAN Loader Grip L-3 SB TL;przemysłowe;Forwarder;WZORZEC;Forwarder
MO7_T445171;NOKIAN;Loader Grip L-3;20.5R25 NOKIAN Loader Grip L-3 SB TL;przemysłowe;Forwarder;WZORZEC;Forwarder
MO7_T445255;NOKIAN;Loader Grip L-3;17.5R25 NOKIAN Loader Grip L-3 SB TL;przemysłowe;Forwarder;WZORZEC;Forwarder
MO7_T445463;NOKIAN;Loader Grip 2 L-3;15.5R25 NOKIAN Loader Grip 2 L-3 SB TL;przemysłowe;Forwarder;WZORZEC;Forwarder
MO7_T445221;NOKIAN;HTS Tugger;315/60R22.5 NOKIAN HTS Tugger TL;przemysłowe;Forwarder;WZORZEC;Forwarder
MO7_T445522;NOKIAN;Mine L-3S;26.5-26 NOKIAN Mine L-3S 36PR TL;przemysłowe;Forwarder;WZORZEC;Forwarder
MO7_T445836;NOKIAN;Armor Gard 2 MINE;9.00-20 NOKIAN Armor Gard 2 MINE 16PR TT;przemysłowe;Forwarder;WZORZEC;Forwarder
MO7_T445650;NOKIAN;Armor Gard 2;11.00-20 NOKIAN Armor Gard 2 16PR TT;przemysłowe;Forwarder;WZORZEC;Forwarder
MO7_T445649;NOKIAN;Armor Gard 2;10.00-20 NOKIAN Armor Gard 2 16PR TT;przemysłowe;Forwarder;WZORZEC;Forwarder
MO7_T445770;NOKIAN;Armor Gard 2 MINE;10.00-20 NOKIAN Armor Gard 2 MINE 16PR TT;przemysłowe;Forwarder;WZORZEC;Forwarder
MO7_T445459;NOKIAN;Armor Gard;12.00-20 NOKIAN Armor Gard 20PR TT;przemysłowe;Forwarder;WZORZEC;Forwarder
MO7_T445562;NOKIAN;Armor Gard MINE;9.00-20 NOKIAN Armor Gard MINE 16PR TT;przemysłowe;Forwarder;WZORZEC;Forwarder
MO7_T445688;NOKIAN;Ground Kare semi-slick;620/60B34 NOKIAN Ground Kare semi-slick 178A TL;rolnicze;Forwarder;WZORZEC;Forwarder
MO7_T445668;NOKIAN;Ground Kare;620/60B34 NOKIAN Ground Kare 178A TL;rolnicze;Forwarder;WZORZEC;Forwarder
MO7_T445802;NOKIAN;Ground Kare;620/60B30 NOKIAN Ground Kare 176A8/171D TL;rolnicze;Forwarder;WZORZEC;Forwarder
MO7_T445799;NOKIAN;Ground Kare;710/40-22.5 NOKIAN Ground Kare 173A8 SF TL;rolnicze;Forwarder;WZORZEC;Forwarder
MO7_T445664;NOKIAN;Ground Kare;650/45-22.5 NOKIAN Ground Kare 175A8 SF TL;rolnicze;Forwarder;WZORZEC;Forwarder
MO7_T445798;NOKIAN;Ground Kare;600/50-22.5 NOKIAN Ground Kare 173A8 SF TL;rolnicze;Forwarder;WZORZEC;Forwarder
MO7_T445828;NOKIAN;Ground Kare;600/40-22.5 NOKIAN Ground Kare 161A8 SF TL;rolnicze;Forwarder;WZORZEC;Forwarder
MO7_T445623;NOKIAN;Nordman Forest ELS;600/50-22.5 NOKIAN Nordman Forest ELS SF 16PR TT;leśne;Forwarder;WZORZEC;Forwarder
MO7_T445820;NOKIAN;Float King VF;VF800/50R34 NOKIAN Float King VF 183D SB TL;leśne;Forwarder;WZORZEC;Forwarder
MO7_T445818;NOKIAN;Float King VF;VF710/55R34 NOKIAN Float King VF 179D SB TL;leśne;Forwarder;WZORZEC;Forwarder
MO7_T445819;NOKIAN;Float King VF;VF800/60R32 NOKIAN Float King VF 188D SB TL;leśne;Forwarder;WZORZEC;Forwarder
MO7_T445821;NOKIAN;Float King VF;VF850/50R30.5 NOKIAN Float King VF 184D SB TL;leśne;Forwarder;WZORZEC;Forwarder
MO7_T445739;NOKIAN;Float King VF;VF750/60R30.5 NOKIAN Float King VF 183D SB TL;leśne;Forwarder;WZORZEC;Forwarder
MO7_T445822;NOKIAN;Float King VF;VF710/50R26.5 NOKIAN Float King VF 173D SB TL;leśne;Forwarder;WZORZEC;Forwarder
MO7_T445826;NOKIAN;Float King VF;VF650/65R26.5 NOKIAN Float King VF 176D SB TL;leśne;Forwarder;WZORZEC;Forwarder
MO7_T445823;NOKIAN;Float King VF;VF650/55R26.5 NOKIAN Float King VF 171D SB TL;leśne;Forwarder;WZORZEC;Forwarder
MO7_T445825;NOKIAN;Float King VF;VF620/60R26.5 NOKIAN Float King VF 171D SB TL;leśne;Forwarder;WZORZEC;Forwarder
MO7_T445824;NOKIAN;Float King VF;VF600/55R26.5 NOKIAN Float King VF 167D SB TL;leśne;Forwarder;WZORZEC;Forwarder
MO7_T445759;NOKIAN;Soil King VF;VF710/75R42 NOKIAN Soil King VF 184D/181E SB TL;rolnicze;Forwarder;WZORZEC;Forwarder
MO7_T445768;NOKIAN;Soil King VF;VF710/70R42 NOKIAN Soil King VF 182D/179E SB TL;rolnicze;Forwarder;WZORZEC;Forwarder
MO7_T445808;NOKIAN;Soil King VF;VF650/85R38 NOKIAN Soil King VF 182D/179E SB TL;rolnicze;Forwarder;WZORZEC;Forwarder
MO7_T445830;NOKIAN;Soil King VF;VF650/65R34 NOKIAN Soil King VF 170D/167E SB TL;rolnicze;Forwarder;WZORZEC;Forwarder
MO7_T445815;NOKIAN;Soil King VF;VF650/60R34 NOKIAN Soil King VF 168D/165E SB TL;rolnicze;Forwarder;WZORZEC;Forwarder
MO7_T445760;NOKIAN;Soil King VF;VF600/70R34 NOKIAN Soil King VF 170D/167E SB TL;rolnicze;Forwarder;WZORZEC;Forwarder
MO7_T445769;NOKIAN;Soil King VF;VF600/70R30 NOKIAN Soil King VF 168D/165E SB TL;rolnicze;Forwarder;WZORZEC;Forwarder
MO7_T445813;NOKIAN;Soil King VF;VF600/70R28 NOKIAN Soil King VF 167D/164E SB TL;rolnicze;Forwarder;WZORZEC;Forwarder
MO7_T445672;NOKIAN;Hakkapeliitta TRI;540/70R24 NOKIAN Hakkapeliitta TRI 170D SB TL;przemysłowe;Forwarder;WZORZEC;Forwarder
MO7_T445671;NOKIAN;Hakkapeliitta TRI;500/70R24 NOKIAN Hakkapeliitta TRI 166D SB TL;przemysłowe;Forwarder;WZORZEC;Forwarder
MO7_T445669;NOKIAN;Hakkapeliitta TRI;460/70R24 NOKIAN Hakkapeliitta TRI 161D SB TL;przemysłowe;Forwarder;WZORZEC;Forwarder
MO7_T445587;NOKIAN;Hakkapeliitta TRI;360/80R24 NOKIAN Hakkapeliitta TRI 138D SB TL;przemysłowe;Forwarder;WZORZEC;Forwarder
MO7_T445636;NOKIAN;Hakkapeliitta TRI;400/70R20 NOKIAN Hakkapeliitta TRI 149A8/144D SB TL;przemysłowe;Forwarder;WZORZEC;Forwarder
MO7_T445666;NOKIAN;Hakkapeliitta TRI;360/80R20 NOKIAN Hakkapeliitta TRI 143D SB TL;przemysłowe;Forwarder;WZORZEC;Forwarder
MO7_T445832;NOKIAN;Hakkapeliitta TRI;400/70R18 NOKIAN Hakkapeliitta TRI 143D SB TL;przemysłowe;Forwarder;WZORZEC;Forwarder
MO7_T445667;NOKIAN;Hakkapeliitta TRI;400/60R18 NOKIAN Hakkapeliitta TRI 143D SB TL;przemysłowe;Forwarder;WZORZEC;Forwarder
MO7_T445665;NOKIAN;Hakkapeliitta TRI;340/80R18 NOKIAN Hakkapeliitta TRI 138D SB TL;przemysłowe;Forwarder;WZORZEC;Forwarder
MO7_T445847;NOKIAN;Hakkapeliitta TRI;710/70R42 NOKIAN Hakkapeliitta TRI 180D SB TL;przemysłowe;Forwarder;WZORZEC;Forwarder
MO7_T445595;NOKIAN;Hakkapeliitta TRI;650/65R42 NOKIAN Hakkapeliitta TRI 176A8/171D SB TL;przemysłowe;Forwarder;WZORZEC;Forwarder
MO7_T445773;NOKIAN;Hakkapeliitta TRI;650/65R38 NOKIAN Hakkapeliitta TRI 175A8/170D SB TL;przemysłowe;Forwarder;WZORZEC;Forwarder
MO7_T445564;NOKIAN;Hakkapeliitta TRI;540/80R38 NOKIAN Hakkapeliitta TRI 172A8/167D SB TL;przemysłowe;Forwarder;WZORZEC;Forwarder
MO7_T445585;NOKIAN;Hakkapeliitta TRI;480/80R38 NOKIAN Hakkapeliitta TRI 166A8/161D SB TL;przemysłowe;Forwarder;WZORZEC;Forwarder
MO7_T445700;NOKIAN;Hakkapeliitta TRI;600/70R34 NOKIAN Hakkapeliitta TRI 168D SB TL;przemysłowe;Forwarder;WZORZEC;Forwarder
MO7_T445583;NOKIAN;Hakkapeliitta TRI;480/80R34 NOKIAN Hakkapeliitta TRI 164A8/159D SB TL;przemysłowe;Forwarder;WZORZEC;Forwarder
MO7_T445588;NOKIAN;Hakkapeliitta TRI;440/80R34 NOKIAN Hakkapeliitta TRI 159A8/155D SB TL;przemysłowe;Forwarder;WZORZEC;Forwarder
MO7_T445848;NOKIAN;Hakkapeliitta TRI;600/70R30 NOKIAN Hakkapeliitta TRI 166D SB TL;przemysłowe;Forwarder;WZORZEC;Forwarder
MO7_T445736;NOKIAN;Hakkapeliitta TRI;540/65R30 NOKIAN Hakkapeliitta TRI 166D SB TL;przemysłowe;Forwarder;WZORZEC;Forwarder
MO7_T445609;NOKIAN;Hakkapeliitta TRI;540/65R30 NOKIAN Hakkapeliitta TRI 161A8/156D SB TL;przemysłowe;Forwarder;WZORZEC;Forwarder
MO7_T445754;NOKIAN;Hakkapeliitta TRI;480/80R30 NOKIAN Hakkapeliitta TRI 162A8/157D SB TL;przemysłowe;Forwarder;WZORZEC;Forwarder
MO7_T445758;NOKIAN;Hakkapeliitta TRI;440/80R30 NOKIAN Hakkapeliitta TRI 157A8/153D SB TL;przemysłowe;Forwarder;WZORZEC;Forwarder
MO7_T445772;NOKIAN;Hakkapeliitta TRI;540/65R28 NOKIAN Hakkapeliitta TRI 160A8/155D SB TL;przemysłowe;Forwarder;WZORZEC;Forwarder
MO7_T445563;NOKIAN;Hakkapeliitta TRI;440/80R28 NOKIAN Hakkapeliitta TRI 156A8/151D SB TL;przemysłowe;Forwarder;WZORZEC;Forwarder
MO7_T445584;NOKIAN;Hakkapeliitta TRI;400/80R28 NOKIAN Hakkapeliitta TRI 151A8/146D SB TL;przemysłowe;Forwarder;WZORZEC;Forwarder
MO7_T445752;NOKIAN;Hakkapeliitta TRI;360/80R28 NOKIAN Hakkapeliitta TRI 146A8/142D SB TL;przemysłowe;Forwarder;WZORZEC;Forwarder
MO7_T445634;NOKIAN;Hakkapeliitta TRI;440/80R24 NOKIAN Hakkapeliitta TRI 154A8/149D SB TL;przemysłowe;Forwarder;WZORZEC;Forwarder
MO7_T445586;NOKIAN;Hakkapeliitta TRI;420/65R24 NOKIAN Hakkapeliitta TRI 151A8/146D SB TL;przemysłowe;Forwarder;WZORZEC;Forwarder
MO7_T445582;NOKIAN;Hakkapeliitta TRI;400/80R24 NOKIAN Hakkapeliitta TRI 149A8/144D SB TL;przemysłowe;Forwarder;WZORZEC;Forwarder
MO7_T445753;NOKIAN;Hakkapeliitta TRI;340/80R24 NOKIAN Hakkapeliitta TRI 140A8/135D SB TL;przemysłowe;Forwarder;WZORZEC;Forwarder
MO7_T445757;NOKIAN;Hakkapeliitta TRI;300/80R24 NOKIAN Hakkapeliitta TRI 133A8/128D SB TL;przemysłowe;Forwarder;WZORZEC;Forwarder
MO7_T445756;NOKIAN;Hakkapeliitta TRI;360/70R20 NOKIAN Hakkapeliitta TRI 136A8/131D SB TL;przemysłowe;Forwarder;WZORZEC;Forwarder
MO7_T845541;NOKIAN;Hakkapeliitta TRI;250/80R16 NOKIAN Hakkapeliitta TRI 119G SB TL;przemysłowe;Forwarder;WZORZEC;Forwarder
MO7_T845540;NOKIAN;Hakkapeliitta TRI;250/75R16 NOKIAN Hakkapeliitta TRI 120G SB TL;przemysłowe;Forwarder;WZORZEC;Forwarder
MO7_T445655;NOKIAN;TRI 2;710/70R42 NOKIAN TRI 2 185A8/180D SB TL;przemysłowe;Forwarder;WZORZEC;Forwarder
MO7_T445390;NOKIAN;TRI 2;650/65R42 NOKIAN TRI 2 176A8/171D SB TL;przemysłowe;Forwarder;WZORZEC;Forwarder
MO7_T445518;NOKIAN;TRI 2;620/80R42 NOKIAN TRI 2 181A8/177D SB TL;przemysłowe;Forwarder;WZORZEC;Forwarder
MO7_T445443;NOKIAN;TRI 2;650/65R38 NOKIAN TRI 2 175A8/170D SB TL;przemysłowe;Forwarder;WZORZEC;Forwarder
MO7_T445445;NOKIAN;TRI 2;600/65R38 NOKIAN TRI 2 170A8/166D SB TL;przemysłowe;Forwarder;WZORZEC;Forwarder
MO7_T445338;NOKIAN;TRI 2;540/80R38 NOKIAN TRI 2 172A8/167D SB TL;przemysłowe;Forwarder;WZORZEC;Forwarder
MO7_T445377;NOKIAN;TRI 2;480/80R38 NOKIAN TRI 2 166A8/161D SB TL;przemysłowe;Forwarder;WZORZEC;Forwarder
MO7_T445656;NOKIAN;TRI 2;600/65R34 NOKIAN TRI 2 169A8/164D SB TL;przemysłowe;Forwarder;WZORZEC;Forwarder
MO7_T445370;NOKIAN;TRI 2;480/80R34 NOKIAN TRI 2 164A8/159D SB TL;przemysłowe;Forwarder;WZORZEC;Forwarder
MO7_T445369;NOKIAN;TRI 2;440/80R34 NOKIAN TRI 2 159A8/155D SB TL;przemysłowe;Forwarder;WZORZEC;Forwarder
MO7_T445657;NOKIAN;TRI 2;600/70R30 NOKIAN TRI 2 171A8/166D SB TL;przemysłowe;Forwarder;WZORZEC;Forwarder
MO7_T445371;NOKIAN;TRI 2;540/65R30 NOKIAN TRI 2 161A8/156D SB TL;przemysłowe;Forwarder;WZORZEC;Forwarder
MO7_T445386;NOKIAN;TRI 2;480/80R30 NOKIAN TRI 2 162A8/175D SB TL;przemysłowe;Forwarder;WZORZEC;Forwarder
MO7_T445384;NOKIAN;TRI 2;440/80R30 NOKIAN TRI 2 157A8/153D SB TL;przemysłowe;Forwarder;WZORZEC;Forwarder
MO7_T445442;NOKIAN;TRI 2;540/65R28 NOKIAN TRI 2 160A8/155D SB TL;przemysłowe;Forwarder;WZORZEC;Forwarder
MO7_T445444;NOKIAN;TRI 2;480/65R28 NOKIAN TRI 2 154A8/149D SB TL;przemysłowe;Forwarder;WZORZEC;Forwarder
MO7_T445337;NOKIAN;TRI 2;440/80R28 NOKIAN TRI 2 156A8/151D SB TL;przemysłowe;Forwarder;WZORZEC;Forwarder
MO7_T445383;NOKIAN;TRI 2;400/80R28 NOKIAN TRI 2 151A8/146D SB TL;przemysłowe;Forwarder;WZORZEC;Forwarder
MO7_T445579;NOKIAN;TRI 2;320/85R28 NOKIAN TRI 2 141A8/136D SB TL;przemysłowe;Forwarder;WZORZEC;Forwarder
MO7_T445550;NOKIAN;TRI 2;360/80R28 NOKIAN TRI 2 146A8/142D SB TL;przemysłowe;Forwarder;WZORZEC;Forwarder
MO7_T445420;NOKIAN;TRI 2;540/65R24 NOKIAN TRI 2 158A8/154D SB TL;przemysłowe;Forwarder;WZORZEC;Forwarder
MO7_T445467;NOKIAN;TRI 2;500/70R24 NOKIAN TRI 2 SB;przemysłowe;Forwarder;WZORZEC;Forwarder
MO7_T445393;NOKIAN;TRI 2;460/65R24 NOKIAN TRI 2 156A8/151D SB TL;przemysłowe;Forwarder;WZORZEC;Forwarder
MO7_T445385;NOKIAN;TRI 2;440/80R24 NOKIAN TRI 2 154A8/149D SB TL;przemysłowe;Forwarder;WZORZEC;Forwarder
MO7_T445392;NOKIAN;TRI 2;420/65R24 NOKIAN TRI 2 151A8/146D SB TL;przemysłowe;Forwarder;WZORZEC;Forwarder
MO7_T445372;NOKIAN;TRI 2;400/80R24 NOKIAN TRI 2 149A8/144D SB TL;przemysłowe;Forwarder;WZORZEC;Forwarder
MO7_T445378;NOKIAN;TRI 2;360/80R24 NOKIAN TRI 2 143A8/138D SB TL;przemysłowe;Forwarder;WZORZEC;Forwarder
MO7_T445376;NOKIAN;TRI 2;340/80R24 NOKIAN TRI 2 140A8/135D SB TL;przemysłowe;Forwarder;WZORZEC;Forwarder
MO7_T445419;NOKIAN;TRI 2;300/80R24 NOKIAN TRI 2 133A8/128D SB TL;przemysłowe;Forwarder;WZORZEC;Forwarder
MO7_T445389;NOKIAN;TRI 2;360/80R20 NOKIAN TRI 2 147A8/143D SB TL;przemysłowe;Forwarder;WZORZEC;Forwarder
MO7_T445569;NOKIAN;TRI 2;360/70R20 NOKIAN TRI 2 136A8/131D SB TL;przemysłowe;Forwarder;WZORZEC;Forwarder
MO7_T445391;NOKIAN;TRI 2;340/80R18 NOKIAN TRI 2 143A8/138D SB TL;przemysłowe;Forwarder;WZORZEC;Forwarder
MO7_T845495;NOKIAN;TRI 2;250/80R16 NOKIAN TRI 2 119G SB TL;przemysłowe;Forwarder;WZORZEC;Forwarder
MO7_T845539;NOKIAN;TRI 2;250/75R16 NOKIAN TRI 2 120G SB TL;przemysłowe;Forwarder;WZORZEC;Forwarder
MO7_T445722;NOKIAN;Ground King;710/75R42 NOKIAN Ground King 181D/178E SB TL;rolnicze;Forwarder;WZORZEC;Forwarder
MO7_T445725;NOKIAN;Ground King;710/70R42 NOKIAN Ground King 179D/175E SB TL;rolnicze;Forwarder;WZORZEC;Forwarder
MO7_T445727;NOKIAN;Ground King;650/65R42 NOKIAN Ground King 170D/167E SB TL;rolnicze;Forwarder;WZORZEC;Forwarder
MO7_T445744;NOKIAN;Ground King;710/70R38 NOKIAN Ground King 177D/174E SB TL;rolnicze;Forwarder;WZORZEC;Forwarder
MO7_T445743;NOKIAN;Ground King;650/85R38 NOKIAN Ground King 178D/175E SB TL;rolnicze;Forwarder;WZORZEC;Forwarder
MO7_T445738;NOKIAN;Ground King;650/65R38 NOKIAN Ground King 169D/166E SB TL;rolnicze;Forwarder;WZORZEC;Forwarder
MO7_T445765;NOKIAN;Ground King;600/65R38 NOKIAN Ground King 165D/161E SB TL;rolnicze;Forwarder;WZORZEC;Forwarder
MO7_T445734;NOKIAN;Ground King;580/70R38 NOKIAN Ground King 166D/163E SB TL;rolnicze;Forwarder;WZORZEC;Forwarder
MO7_T445732;NOKIAN;Ground King;520/70R38 NOKIAN Ground King 160D/157E SB TL;rolnicze;Forwarder;WZORZEC;Forwarder
MO7_T445731;NOKIAN;Ground King;650/65R34 NOKIAN Ground King 167D/164E SB TL;rolnicze;Forwarder;WZORZEC;Forwarder
MO7_T445730;NOKIAN;Ground King;600/70R34 NOKIAN Ground King 167D/163E SB TL;rolnicze;Forwarder;WZORZEC;Forwarder
MO7_T445729;NOKIAN;Ground King;600/65R34 NOKIAN Ground King 163D/159E SB TL;rolnicze;Forwarder;WZORZEC;Forwarder
MO7_T445726;NOKIAN;Ground King;600/70R30 NOKIAN Ground King 165D/161E SB TL;rolnicze;Forwarder;WZORZEC;Forwarder
MO7_T445728;NOKIAN;Ground King;540/65R30 NOKIAN Ground King 155D/152E SB TL;rolnicze;Forwarder;WZORZEC;Forwarder
MO7_T445763;NOKIAN;Ground King;600/70R28 NOKIAN Ground King 164D/160E SB TL;rolnicze;Forwarder;WZORZEC;Forwarder
MO7_T445762;NOKIAN;Ground King;600/65R28 NOKIAN Ground King 160D/156E SB TL;rolnicze;Forwarder;WZORZEC;Forwarder
MO7_T445737;NOKIAN;Ground King;540/65R28 NOKIAN Ground King 154D/151E SB TL;rolnicze;Forwarder;WZORZEC;Forwarder
MO7_T445764;NOKIAN;Ground King;480/65R28 NOKIAN Ground King 148D/145E SB TL;rolnicze;Forwarder;WZORZEC;Forwarder
MO7_T445735;NOKIAN;Ground King;480/70R28 NOKIAN Ground King 151D/148E SB TL;rolnicze;Forwarder;WZORZEC;Forwarder
MO7_T445733;NOKIAN;Ground King;420/70R28 NOKIAN Ground King 144D/141E SB TL;rolnicze;Forwarder;WZORZEC;Forwarder
MO2_T445622;Nokian;NORDMAN FOREST TRS L-2;600/50-22.5 Nokian NORDMAN FOREST TRS L-2 16PR TT;leśne;Forwarder;PEWNE;Forwarder
MO3_4408024Ndemo;Nokian;TRI 2;440/80R24 Nokian TRI 2 154A8/149D TL demo;przemysłowe;Forwarder;WZORZEC;Forwarder
MO3_4808034Nok;Nokian;Hakkapeliitta TRI;480/80R34 Nokian Hakkapeliitta TRI 164A8/159D TL;przemysłowe;Forwarder;WZORZEC;Forwarder
MO3_4408028No;Nokian;TRI 2;440/80R28 Nokian TRI 2 156A8/151D TL;przemysłowe;Forwarder;WZORZEC;Forwarder
MO3_3408018N;Nokian;TRI 2;340/80R18 Nokian TRI 2 143A8/138D TL;przemysłowe;Forwarder;WZORZEC;Forwarder
MO3_4008024Nok;Nokian;Hakkapeliitta TRI;400/80R24 Nokian Hakkapeliitta TRI 149A8/144D TL;przemysłowe;Forwarder;WZORZEC;Forwarder
MO2_T675266;Nokian;HAKKA TRUCK;385/65R22.5 Nokian HAKKA TRUCK 160K 3PMSF M+S;ciężarowe;Forwarder;WZORZEC;Forwarder
MO2_T484420;Nokian;TR FS FOREST;18.4-34 Nokian TR FS FOREST 154A8 14PR TT;leśne;Forwarder;WZORZEC;Forwarder
MO2_T484390;Nokian;TR FS FOREST;16.9-34 Nokian TR FS FOREST 146A8 14PR;leśne;Forwarder;WZORZEC;Forwarder
MO2_T445729;Nokian;GROUND KING;600/65R34 Nokian GROUND KING 163D/159E TL;rolnicze;Forwarder;WZORZEC;Forwarder
MO2_T445725;Nokian;GROUND KING;710/70R42 Nokian GROUND KING 179D/175E TL;rolnicze;Forwarder;WZORZEC;Forwarder
MO2_T445626;Nokian;CT;560/60R22.5 Nokian CT 165D TL;rolnicze;Forwarder;WZORZEC;Forwarder
MO2_T445385;Nokian;TRI 2;16.9R24 Nokian TRI 2 154A8/149D TL;rolnicze;Forwarder;WZORZEC;Forwarder
MO2_T445372;Nokian;TRI2;15.5/80R24 Nokian TRI2 149/144A8;przemysłowe;Forwarder;WZORZEC;Forwarder
MO2_T445338;Nokian;TRI2;540/80R38 Nokian TRI2 172/167A8;przemysłowe;Forwarder;WZORZEC;Forwarder
MO2_T445337;Nokian;TRI2;440/80R28 Nokian TRI2 156/151A8 TL;rolnicze;Forwarder;WZORZEC;Forwarder
MO2_IND00139;Speedways;GRIPKING FORESTRY;18.4-34 Speedways GRIPKING FORESTRY 16PR TT;leśne;Forwarder;WZORZEC;Forwarder
MO2_IND00129;Speedways;GRIPKING FORESTRY;18.4-38 Speedways GRIPKING FORESTRY 162A2 16PR TT;leśne;Forwarder;WZORZEC;Forwarder
MO2_IND00128;Speedways;GRIPKING FORESTRY;16.9-28 Speedways GRIPKING FORESTRY 16PR TT;leśne;Forwarder;WZORZEC;Forwarder
MO3_3855518a;Alliance;601;385/55R18 Alliance 601 140A8/140B TL;rolnicze;Kombajn;PEWNE;Kombajn
MO3_6507532ALL;Alliance;A-360;650/75R32 Alliance A-360 172D/175A8 TL;rolnicze;Kombajn;PEWNE;Kombajn
MO3_8006532A-IN;Alliance;360;800/65R32 Alliance 360 181A8/178B TL;rolnicze;Kombajn;PEWNE;Kombajn
MO3_3608024A;Alliance;I-550;360/80R24 Alliance I-550 143A8/138D TL;przemysłowe;Kombajn;PEWNE;Kombajn
MO2_88200020AL-IN;Alliance;882;385/65R22.5 Alliance 882 164D TL;rolnicze;Kombajn;PEWNE;Kombajn
MO2_57900004AL-IN;Alliance;579;360/70R24 Alliance 579 122A8 TL;rolnicze;Kombajn;PEWNE;Kombajn
MO2_38505605AL;Alliance;385;16.9R46 Alliance 385 162A8/159D TL;rolnicze;Kombajn;PEWNE;Kombajn
MO2_37750006AL-AP;Alliance;Agriflex 377 + XT;VF1000/50R25 Alliance Agriflex 377 + XT 184D TL;rolnicze;Kombajn;PEWNE;Kombajn
MO2_37555033AL;Alliance;375;20.8R46 Alliance 375 173A8 TL;rolnicze;Kombajn;PEWNE;Kombajn
MO2_37551431;Alliance;375;1050/50R32 Alliance 375 180A8 TL;rolnicze;Kombajn;PEWNE;Kombajn
MO2_37551004;Alliance;375;1000/50R25 Alliance 375 172A8/166D TL;rolnicze;Kombajn;PEWNE;Kombajn
MO2_37531150AL;Alliance;375;710/75R34 Alliance 375 178A8/178B TL;rolnicze;Kombajn;PEWNE;Kombajn
MO2_37530112AL-AP;Alliance;375;620/75R26 Alliance 375 166A8/166B TL;rolnicze;Kombajn;PEWNE;Kombajn
MO2_37250121AL;Alliance;372;VF800/70R38 Alliance 372 190A8 TL;rolnicze;Kombajn;PEWNE;Kombajn
MO2_37250111AL-IG;Alliance;Agriflex 372 +;VF650/85R42 Alliance Agriflex 372 + 183D TL;rolnicze;Kombajn;PEWNE;Kombajn
MO2_37250105AL-IG;Alliance;Agriflex 372 +;VF900/60R32 Alliance Agriflex 372 + 170D TL;rolnicze;Kombajn;PEWNE;Kombajn
MO2_37250093AL-AP;Alliance;Agriflex 372 +;VF710/85R38 Alliance Agriflex 372 + 183D TL;rolnicze;Kombajn;PEWNE;Kombajn
MO2_37250005AL-IG;Alliance;Agriflex 372 +;VF650/75R38 Alliance Agriflex 372 + 175D TL;rolnicze;Kombajn;PEWNE;Kombajn
MO2_37201052AL-IN;Alliance;Agriflex 372 +;VF650/60R34 Alliance Agriflex 372 + 168D TL;rolnicze;Kombajn;PEWNE;Kombajn
MO2_37201051AL-IN;Alliance;Agriflex 372 +;VF540/65R30 Alliance Agriflex 372 + 161D TL;rolnicze;Kombajn;PEWNE;Kombajn
MO2_37201050AL-IN;Alliance;Agriflex 372 +;VF650/65R38 Alliance Agriflex 372 + 169D TL;rolnicze;Kombajn;PEWNE;Kombajn
MO2_37200141AL;Alliance;Agriflex 372 +;VF710/70R38 Alliance Agriflex 372 + 178D TL;rolnicze;Kombajn;PEWNE;Kombajn
MO2_37200137AL;Alliance;Agriflex 372 +;VF800/70R32 Alliance Agriflex 372 + 185A8 TL;rolnicze;Kombajn;PEWNE;Kombajn
MO2_37200104AL;Alliance;372;IF800/70R32 Alliance 372 182A8 TL;rolnicze;Kombajn;PEWNE;Kombajn
MO2_37200096AL;Alliance;372 STUBBLE GUARD;VF600/70R28 Alliance 372 STUBBLE GUARD 173D TL;rolnicze;Kombajn;PEWNE;Kombajn
MO2_37200095AL;Alliance;Agriflex 372 +;VF710/70R42 Alliance Agriflex 372 + 185D TL;rolnicze;Kombajn;PEWNE;Kombajn
MO2_37200025AL-AP;Alliance;Agriflex 372 +;VF710/70R38 Alliance Agriflex 372 + 181D TL;rolnicze;Kombajn;PEWNE;Kombajn
MO2_37200010AL-IG;Alliance;372;VF650/65R42 Alliance 372 174D TL;rolnicze;Kombajn;PEWNE;Kombajn
MO2_36061747AL-IN;Alliance;360;620/70R42 Alliance 360 173A8/170B TL;rolnicze;Kombajn;PEWNE;Kombajn
MO2_36061533AL;Alliance;360;620/70R42 Alliance 360 166A8/163B TL;rolnicze;Kombajn;PEWNE;Kombajn
MO2_36035001AL-IN;Alliance;360;800/65R32 Alliance 360 181A8/178B TL;rolnicze;Kombajn;PEWNE;Kombajn
MO2_36035001AL-IG;Alliance;360;800/65R32 Alliance 360 181A8/178B TL;rolnicze;Kombajn;PEWNE;Kombajn
MO2_36033498AL-IG;Alliance;360;800/65R32 Alliance 360 173A8/170B TL;rolnicze;Kombajn;PEWNE;Kombajn
MO2_36020432AL;Alliance;360;650/75R32 Alliance 360 172D/175A8 TL;rolnicze;Kombajn;PEWNE;Kombajn
MO2_36018062AL;Alliance;360;600/65-28 Alliance 360 154A8/161A2;leśne;Kombajn;PEWNE;Kombajn
MO2_36018032AL-IG;Alliance;360 FORESTRY;600/65R28 Alliance 360 FORESTRY 154D TL;leśne;Kombajn;PEWNE;Kombajn
MO2_36017698AL;Alliance;360;28R26 Alliance 360 173A8/170B TL;rolnicze;Kombajn;PEWNE;Kombajn
MO2_36017507AL;Alliance;360;28R26 Alliance 360 166A8/163B TL;rolnicze;Kombajn;PEWNE;Kombajn
MO2_36017501AL;Alliance;360;750/65R26 Alliance 360 158A8/155B TL;rolnicze;Kombajn;PEWNE;Kombajn
MO2_36016205AL;Alliance;360;480/65-24 Alliance 360 140A8 TL;leśne;Kombajn;PEWNE;Kombajn
MO2_10004368;Alliance;Agriflex 372 +;VF620/70R26 Alliance Agriflex 372 + 173D TL;rolnicze;Kombajn;PEWNE;Kombajn
MO1_15226831;Alliance;360;620/70R42 Alliance 360 173A8/170B TL;rolnicze;Kombajn;PEWNE;Kombajn
MO1_15226794;Alliance;360;650/65R38 Alliance 360 178A8/175B TL;rolnicze;Kombajn;PEWNE;Kombajn
MO1_15226767;Alliance;360;800/65R32 Alliance 360 181A8/178B TL;rolnicze;Kombajn;PEWNE;Kombajn
MO1_15225181;Alliance;Agriflex 372 +;VF710/60R34 Alliance Agriflex 372 + 173D SB TL;rolnicze;Kombajn;PEWNE;Kombajn
MO1_15225144;Alliance;Agriflex 372 +;VF600/60R30 Alliance Agriflex 372 + 147D SB TL;rolnicze;Kombajn;PEWNE;Kombajn
MO1_10004811;Alliance;Agriflex 372 +;VF710/85R38 CFO Alliance Agriflex 372 + 183D SB TL;rolnicze;Kombajn;PEWNE;Kombajn
MO1_10004234;Alliance;Agriflex 372 +;VF710/60R38 Alliance Agriflex 372 + 171D SB TL;rolnicze;Kombajn;PEWNE;Kombajn
MO1_10004044;Alliance;Agriflex 372 +;VF600/70R30 CFO Alliance Agriflex 372 + 174D SB TL;rolnicze;Kombajn;PEWNE;Kombajn
MO1_10003381;Alliance;Agriflex 372 +;VF900/50R42 Alliance Agriflex 372 + 180D SB TL;rolnicze;Kombajn;PEWNE;Kombajn
MO1_10001202;Alliance;Agriflex 372 +;VF900/60R42 Alliance Agriflex 372 + 189D SB TL;rolnicze;Kombajn;PEWNE;Kombajn
MO9_98020;BKT;AGRIMAX TERIS;750/65R26 BKT AGRIMAX TERIS 171A8/171B TL;rolnicze;Kombajn;PEWNE;Kombajn
MO9_64715;BKT;AGRIMAX TERIS;620/75R26 BKT AGRIMAX TERIS 166A8/166B TL;rolnicze;Kombajn;PEWNE;Kombajn
MO9_62271;BKT;AGRIMAX TERIS E;620/75R30 BKT AGRIMAX TERIS E 168A8/B TL;rolnicze;Kombajn;PEWNE;Kombajn
MO9_47017;BKT;AGRIMAX TERIS;800/65R32 BKT AGRIMAX TERIS 178A8/175B TL;rolnicze;Kombajn;PEWNE;Kombajn
MO9_35114;BKT;AGRIMAX TERIS;900/60R32 BKT AGRIMAX TERIS 185A8/182B TL;rolnicze;Kombajn;PEWNE;Kombajn
MO9_32299;BKT;AGRIMAX TERIS E;650/75R32 BKT AGRIMAX TERIS E 172A8/B;rolnicze;Kombajn;PEWNE;Kombajn
MO9_28824;BKT;AGRIMAX TERIS 1;050/50R32 BKT AGRIMAX TERIS 1 184A8/181B TL;rolnicze;Kombajn;PEWNE;Kombajn
MO9_23814;BKT;RM 500 STBT;500/85R30 BKT RM 500 STBT 176A8/164A8;rolnicze;Kombajn;PEWNE;Kombajn
MO9_21305;BKT;AGRIMAX TERIS;900/60R32 BKT AGRIMAX TERIS 181A8/178B TL;rolnicze;Kombajn;PEWNE;Kombajn
MO9_7320;BKT;RM 500 steel belted;500/85R24 BKT RM 500 steel belted 182A8/170A8 TL;rolnicze;Kombajn;PEWNE;Kombajn
MO9_2205;BKT;AGRIMAX TERIS;520/85R42 BKT AGRIMAX TERIS 168D;rolnicze;Kombajn;PEWNE;Kombajn
MO9_742;BKT;AGRIMAX TERIS;750/65R26 BKT AGRIMAX TERIS 166A8/B TL;rolnicze;Kombajn;PEWNE;Kombajn
MO3_5208542BKTAGRIMAXTER;BKT;AGRIMAX TERIS CHO;520/85R42 BKT AGRIMAX TERIS CHO 168D TL;rolnicze;Kombajn;PEWNE;Kombajn
MO5_BRRR320800658VTC1;Bridgestone;CFO VT-COMBINE;800/65R32 Bridgestone CFO VT-COMBINE 178A8 TL;rolnicze;Kombajn;PEWNE;Kombajn
MO1_15126744;CEAT;Yieldmax;620/75R26 CHO CEAT Yieldmax 166A8/166B SB TL;rolnicze;Kombajn;PEWNE;Kombajn
MO1_15125280;CEAT;Yieldmax;650/75R32 CHO CEAT Yieldmax 172A8/172B TL;rolnicze;Kombajn;PEWNE;Kombajn
MO1_10005364;CEAT;Yieldmax;800/70R32 CEAT Yieldmax 181A8/181B SB TL;rolnicze;Kombajn;PEWNE;Kombajn
MO1_10004168;CEAT;Yieldmax;1050/50R32 CEAT Yieldmax 184A8/184B SB TL;rolnicze;Kombajn;PEWNE;Kombajn
MO1_10001729;CEAT;Yieldmax;900/60R32 CHO CEAT Yieldmax 193A8/193B SB TL;rolnicze;Kombajn;PEWNE;Kombajn
MO1_10000352;CEAT;Yieldmax;620/75R34 CHO CEAT Yieldmax 170A8/170B SB TL;rolnicze;Kombajn;PEWNE;Kombajn
MO1_10000326;CEAT;Yieldmax;620/75R30 CHO CEAT Yieldmax 169A8/169B SB TL;rolnicze;Kombajn;PEWNE;Kombajn
MO2_53350022AL-IN;Alliance;533;15.5/80-24 Alliance 533 12PR TL;przemysłowe;Koparka;PEWNE;Koparka
MO2_53350015AL-IN;Alliance;533;15.5/80-24 Alliance 533 12PR TT;przemysłowe;Koparka;PEWNE;Koparka
MO2_53316323AL-IN;Alliance;533;18.4-26 Alliance 533 12PR TL;przemysłowe;Koparka;PEWNE;Koparka
MO2_53312004AL-IN;Alliance;533;19.5-24 Alliance 533 12PR TL;przemysłowe;Koparka;PEWNE;Koparka
MO2_53311008AL-IN;Alliance;533;17.5-24 Alliance 533 10PR TL;przemysłowe;Koparka;PEWNE;Koparka
MO2_53310205AL-IG;Alliance;533;16.9-24 Alliance 533 12PR TL;przemysłowe;Koparka;PEWNE;Koparka
MO2_53305522AL-IN;Alliance;533 HD;16.9-28 Alliance 533 HD 12PR TL;przemysłowe;Koparka;PEWNE;Koparka
MO2_53305512AL-IG;Alliance;533;16.9-28 Alliance 533 12PR TL;przemysłowe;Koparka;PEWNE;Koparka
MO9_106993;BKT;CON STAR;16.0/70x20 BKT CON STAR 156A8 TL;przemysłowe;Koparka;PEWNE;Koparka
MO9_66644;BKT;AT 621;10.0/75x15.3 BKT AT 621 127A6 10PR TL;przemysłowe;Koparka;PEWNE;Koparka
MO9_66415;BKT;CON STAR;12.5x20 BKT CON STAR 144A8 TL;przemysłowe;Koparka;PEWNE;Koparka
MO9_66140;BKT;CON STAR E;16.9x28 BKT CON STAR E 156A8 TL;przemysłowe;Koparka;PEWNE;Koparka
MO9_65642;BKT;CON STAR;16.0/70x24 BKT CON STAR 158A8 TL;przemysłowe;Koparka;PEWNE;Koparka
MO9_65581;BKT;CON STAR E;18.4x26 BKT CON STAR E 160A8 TL;przemysłowe;Koparka;PEWNE;Koparka
MO9_65341;BKT;CON STAR E;16.0/70x20 BKT CON STAR E 149A8 16PR TL;przemysłowe;Koparka;PEWNE;Koparka
MO9_60338;BKT;AT 621;15.5/60x18 BKT AT 621 10PR TL;przemysłowe;Koparka;PEWNE;Koparka
MO9_58507;BKT;CON STAR;12.5/80x18 BKT CON STAR 143A8 TL;przemysłowe;Koparka;PEWNE;Koparka
MO9_39190;BKT;CON STAR E;16.9x24 BKT CON STAR E 168A8 22PR TL;rolnicze;Koparka;PEWNE;Koparka
MO9_31378;BKT;AT 621;12.5/70x16 BKT AT 621 8PR TL;przemysłowe;Koparka;PEWNE;Koparka
MO9_25637;BKT;AT 621;33x12.5-15 BKT AT 621 8PR TT;przemysłowe;Koparka;PEWNE;Koparka
MO9_23114;BKT;TR 461;12.5/80x18 BKT TR 461 12PR TL;przemysłowe;Koparka;PEWNE;Koparka
MO9_22128;BKT;AT 621;16.9x30 BKT AT 621 12PR TL;przemysłowe;Koparka;PEWNE;Koparka
MO9_18727;BKT;AT 621;18.4x26 BKT AT 621 12PR TL;przemysłowe;Koparka;PEWNE;Koparka
MO9_15098;BKT;AT 621;16.9x28 BKT AT 621 152A8 12PR TL;przemysłowe;Koparka;PEWNE;Koparka
MO9_15050;BKT;CON STAR E;400/80x24 BKT CON STAR E 20PR TL;rolnicze;Koparka;PEWNE;Koparka
MO9_7152;BKT;AT 621;15.5/70x18 BKT AT 621 10PR TL;przemysłowe;Koparka;PEWNE;Koparka
MO9_4238;BKT;EM 937 DOT 2010;14.00x25 BKT EM 937 DOT 2010 24PR TL;przemysłowe;Koparka;PEWNE;Koparka
MO9_1918;BKT;AT 621;12.5/80x18 BKT AT 621 12PR TL;przemysłowe;Koparka;PEWNE;Koparka
MO3_4008024BKTcs;BKT;Con Star;400/80-24 BKT Con Star 162A8 20PR TL;przemysłowe;Koparka;PEWNE;Koparka
MO3_4408024BKTcs;BKT;Con Star;440/80-24 BKT Con Star 168A8 22PR TL;przemysłowe;Koparka;PEWNE;Koparka
MO3_4808026BKTcs;BKT;Con Star;480/80-26 BKT Con Star 160A8 TL;przemysłowe;Koparka;PEWNE;Koparka
MO3_4007024BKTcs;BKT;Con Star;400/70-24 BKT Con Star 158A8 TL;przemysłowe;Koparka;PEWNE;Koparka
MO3_3408020BKTcs;BKT;Con Star;340/80-20 BKT Con Star 144A8 TL;przemysłowe;Koparka;PEWNE;Koparka
MO3_3408018BKTcs;BKT;Con Star;340/80-18 BKT Con Star 143A8 TL;przemysłowe;Koparka;PEWNE;Koparka
MO3_4408028BKTcs;BKT;Con Star;440/80-28 BKT Con Star 156A8 TL;przemysłowe;Koparka;PEWNE;Koparka
MO3_4808026FIDU;Firestone;Duraforce;480/80R26 Firestone Duraforce 160A8 TL;przemysłowe;Koparka;PEWNE;Koparka
MO3_4408028FIDU;Firestone;Duraforce;440/80R28 Firestone Duraforce 156A8 TL;przemysłowe;Koparka;PEWNE;Koparka
MO3_5007024FIDU;Firestone;Duraforce;500/70R24 Firestone Duraforce 164A8/164B TL;przemysłowe;Koparka;PEWNE;Koparka
MO3_4007020FIDU;Firestone;Duraforce;400/70R20 Firestone Duraforce 149A8 TL;przemysłowe;Koparka;PEWNE;Koparka
MO3_4057018FIDU;Firestone;Duraforce;405/70R18 Firestone Duraforce 141B TL;przemysłowe;Koparka;PEWNE;Koparka
MO3_3358020FIDU;Firestone;Duraforce;335/80R20 Firestone Duraforce 136B TL;przemysłowe;Koparka;PEWNE;Koparka
MO10_PCB1041;GRI;GRIP EX EX222;16.0/70-24 GRI GRIP EX EX222 14PR E-2 TL;przemysłowe;Koparka;PEWNE;Koparka
MO10_PCB1001;GRI;GRIP EX EX222;10.00-20 GRI GRIP EX EX222 16PR E-2 TT;przemysłowe;Koparka;PEWNE;Koparka
MO2_201435-33;Galaxy;SUPER INDUSTRIAL LUG R-4;17.5-24 Galaxy SUPER INDUSTRIAL LUG R-4 12PR TL;przemysłowe;Koparka;PEWNE;Koparka
MO5_MNPR240460708XMC0;Michelin;XMCL;460/70R24 Michelin XMCL 159A8/159B TL;rolnicze;Koparka;PEWNE;Koparka
MO5_MNPD260480808PRM0;Michelin;POWER CL;480/80-26 Michelin POWER CL 167A8 12PR TL;rolnicze;Koparka;PEWNE;Koparka
MO5_MNPD240460708PWC0;Michelin;POWER CL;460/70-24 Michelin POWER CL 159A8 TL;rolnicze;Koparka;PEWNE;Koparka
MO5_MNPD240440808PRM0;Michelin;POWER CL;440/80-24 Michelin POWER CL 168A8 TL;rolnicze;Koparka;PEWNE;Koparka
MO5_MNPD240400808PWC0;Michelin;POWER CL;400/80-24 Michelin POWER CL 162A8 20PR TL;rolnicze;Koparka;PEWNE;Koparka
MO3_4607024M;Michelin;XMCL;460/70R24 Michelin XMCL 159A8/159B TL;przemysłowe;Koparka;PEWNE;Koparka
MO3_4607024BIB;Michelin;BIBLOAD;460/70R24 Michelin BIBLOAD 159A8/159B TL;przemysłowe;Koparka;PEWNE;Koparka
MO3_4408028M;Michelin;XMCL;440/80R28 Michelin XMCL 156A8/156B TL;przemysłowe;Koparka;PEWNE;Koparka
MO3_5007024MMM;Michelin;POWER CL;500/70-24 Michelin POWER CL 164A8 TL;przemysłowe;Koparka;PEWNE;Koparka
MO3_4408024MMM;Michelin;POWER CL;440/80-24 Michelin POWER CL 168A8 TL;przemysłowe;Koparka;PEWNE;Koparka
MO3_5007024MM;Michelin;XMCL;500/70R24 Michelin XMCL 164A8/164B TL;przemysłowe;Koparka;PEWNE;Koparka
MO3_4007020M;Michelin;POWER CL;400/70-20 Michelin POWER CL 149A8 TL;przemysłowe;Koparka;PEWNE;Koparka
MO3_4008024M;Michelin;POWER CL;400/80-24 Michelin POWER CL 162A8 TL;przemysłowe;Koparka;PEWNE;Koparka
MO3_3408018M;Michelin;POWER CL;340/80-18 Michelin POWER CL 143A8 TL;przemysłowe;Koparka;PEWNE;Koparka
MO3_4007024XMCL;Michelin;XMCL;400/70R24 Michelin XMCL 152A8/152B TL;przemysłowe;Koparka;PEWNE;Koparka
MO3_3408018MMM;Michelin;BIBLOAD;340/80R18 Michelin BIBLOAD 143A8/143B TL;przemysłowe;Koparka;PEWNE;Koparka
MO3_5007024m;Michelin;BIBLOAD;500/70R24 Michelin BIBLOAD 164A8/164B TL;przemysłowe;Koparka;PEWNE;Koparka
MO3_4007020MMM;Michelin;BIBLOAD;400/70R20 Michelin BIBLOAD 149A8/149B TL;przemysłowe;Koparka;PEWNE;Koparka
MO3_3807520M;Michelin;XMCL;380/75R20 Michelin XMCL 148A8/148B TL;przemysłowe;Koparka;PEWNE;Koparka
MO3_3408020MM;Michelin;XMCL;340/80R20 Michelin XMCL 144A8/144B TL;przemysłowe;Koparka;PEWNE;Koparka
MO3_4007020MM;Michelin;XMCL;400/70R20 Michelin XMCL 149A8/149B TL;przemysłowe;Koparka;PEWNE;Koparka
MO3_4808026MM;Michelin;POWER CL;480/80-26 Michelin POWER CL 167A8 TL;przemysłowe;Koparka;PEWNE;Koparka
MO2_954749;Michelin;XMCL;16.9R24 Michelin XMCL 161A8 TL;przemysłowe;Koparka;PEWNE;Koparka
MO2_948730;Michelin;XMCL;340/80R20 Michelin XMCL 144A8/144B TL;przemysłowe;Koparka;PEWNE;Koparka
MO2_793611;Michelin;BIBLOAD;400/70R20 Michelin BIBLOAD 149A8/149B TL;rolnicze;Koparka;PEWNE;Koparka
MO2_694767;Michelin;POWER CL;280/80-20 Michelin POWER CL 133A8 TL;przemysłowe;Koparka;PEWNE;Koparka
MO2_610873;Michelin;POWER CL;340/80-18 Michelin POWER CL 143A8 TL;przemysłowe;Koparka;PEWNE;Koparka
MO2_474495;Michelin;XMCL;400/70R20 Michelin XMCL 149A8/149B TL;przemysłowe;Koparka;PEWNE;Koparka
MO2_415829;Michelin;BIBLOAD;340/80R18 Michelin BIBLOAD 143A8/143B TL;przemysłowe;Koparka;PEWNE;Koparka
MO2_281778;Michelin;POWER CL;10.5/80-18 Michelin POWER CL 132A8 TL;przemysłowe;Koparka;PEWNE;Koparka
MO2_239365;Michelin;BIBLOAD H/S;400/70R18 Michelin BIBLOAD H/S 147A8/147B TL;przemysłowe;Koparka;PEWNE;Koparka
MO2_178690;Michelin;XMCL;400/70R24 Michelin XMCL 152A8/152B TL;przemysłowe;Koparka;PEWNE;Koparka
MO2_165629;Michelin;POWER CL;16.9-24 Michelin POWER CL 168A8 TL;przemysłowe;Koparka;PEWNE;Koparka
MO2_100054;Michelin;XMCL;340/80R18 Michelin XMCL 143A8/143B TL;przemysłowe;Koparka;PEWNE;Koparka
MO2_050267;Michelin;POWER CL;15.5/80-24 Michelin POWER CL 162A8 20PR TL;przemysłowe;Koparka;PEWNE;Koparka
MO5_MNCR22538565KXMZ0;Michelin;MULTI;385/65R22.5 Michelin MULTI 160K TL M+S 3PMSF;ciężarowe;Koparka;WZORZEC;Koparka
MO5_MNCR22538565KXMT1;Michelin;MULTI;385/65R22.5 Michelin MULTI 160K TL M+S;ciężarowe;Koparka;WZORZEC;Koparka
MO5_MNCR22538565KXHL0;Michelin;MULTI HL;385/65R22.5 Michelin MULTI HL 164K TL M+S 3PMSF;ciężarowe;Koparka;WZORZEC;Koparka
MO5_MNCR22538565KWXT0;Michelin;WORKS;385/65R22.5 Michelin WORKS 160K TL M+S;ciężarowe;Koparka;WZORZEC;Koparka
MO5_MNCR22538565JTE31;Michelin;XTE 3;385/65R22.5 Michelin XTE 3 160J TL M+S;ciężarowe;Koparka;WZORZEC;Koparka
MO5_MNCR22538555KXM31;Michelin;MULTI;385/55R22.5 Michelin MULTI 160K TL M+S 3PMSF;ciężarowe;Koparka;WZORZEC;Koparka
MO5_MNCR22531580LXD41;Michelin;MULTI;315/80R22.5 Michelin MULTI 156/150L TL M+S 3PMSF;ciężarowe;Koparka;WZORZEC;Koparka
MO5_MNCR22531570LXMD0;Michelin;MULTI;315/70R22.5 Michelin MULTI 154/150L TL M+S 3PMSF;ciężarowe;Koparka;WZORZEC;Koparka
MO5_MNCR22531570LXE20;Michelin;MULTI ENERGY;315/70R22.5 Michelin MULTI ENERGY 156/150L TL M+S 3PMSF;ciężarowe;Koparka;WZORZEC;Koparka
MO5_MNCR22531560LXMZ0;Michelin;MULTI;315/60R22.5 Michelin MULTI 154/148L TL M+S 3PMSF;ciężarowe;Koparka;WZORZEC;Koparka
MO5_MNCR22531560LXMD0;Michelin;MULTI;315/60R22.5 Michelin MULTI 152/148L TL M+S 3PMSF;ciężarowe;Koparka;WZORZEC;Koparka
MO5_MNCR22529560LXMD0;Michelin;MULTI;295/60R22.5 Michelin MULTI 150/147L TL M+S 3PMSF;ciężarowe;Koparka;WZORZEC;Koparka
MO5_MNCR17524570JXM31;Michelin;MULTI;245/70R17.5 Michelin MULTI 143/141J TL M+S;ciężarowe;Koparka;WZORZEC;Koparka
MO5_MNCR17523575JXM31;Michelin;MULTI;235/75R17.5 Michelin MULTI 143/141J TL M+S;ciężarowe;Koparka;WZORZEC;Koparka
MO3_6506542Mdemo;Michelin;MULTIBIB;650/65R42 Michelin MULTIBIB 158D TL demo;rolnicze;Koparka;WZORZEC;Koparka
MO3_4406520Mdemo;Michelin;MULTIBIB;440/65R20 Michelin MULTIBIB 128D TL demo;rolnicze;Koparka;WZORZEC;Koparka
MO3_4406528Mdemo;Michelin;MULTIBIB;440/65R28 Michelin MULTIBIB 131D TL demo;rolnicze;Koparka;WZORZEC;Koparka
MO3_6007030Mdemo;Michelin;Machxbib;600/70R30 Michelin Machxbib 158D TL demo;rolnicze;Koparka;WZORZEC;Koparka
MO3_5406530Mdemo;Michelin;MULTIBIB;540/65R30 Michelin MULTIBIB 143D TL;rolnicze;Koparka;WZORZEC;Koparka
MO3_5208538M2;Michelin;AGRIBIB 2;520/85R38 Michelin AGRIBIB 2 160A8/160B TL;rolnicze;Koparka;WZORZEC;Koparka
MO3_7107042Mdemo;Michelin;Machxbib;710/70R42 Michelin Machxbib 173D TL demo;rolnicze;Koparka;WZORZEC;Koparka
MO3_6007030Mm2;Michelin;Machxbib;600/70R30 Michelin Machxbib 158D TL;rolnicze;Koparka;WZORZEC;Koparka
MO3_9006032Mm2;Michelin;MEGAXBIB 2;900/60R32 Michelin MEGAXBIB 2 181A8/181B TL;rolnicze;Koparka;WZORZEC;Koparka
MO3_8006532Mm2;Michelin;MEGAXBIB 2;800/65R32 Michelin MEGAXBIB 2 178A8/178B TL;rolnicze;Koparka;WZORZEC;Koparka
MO3_3808038M2;Michelin;AGRIBIB 2;380/80R38 Michelin AGRIBIB 2 142A8/139D TL;rolnicze;Koparka;WZORZEC;Koparka
MO3_4208046M2;Michelin;AGRIBIB 2;420/80R46 Michelin AGRIBIB 2 151A8/151B TL;rolnicze;Koparka;WZORZEC;Koparka
MO3_6506034Mm;Michelin;MACHXBIB;650/60R34 Michelin MACHXBIB 159D/155E TL;rolnicze;Koparka;WZORZEC;Koparka
MO3_4008024cross;Michelin;CROSSGRIP;400/80R24 Michelin CROSSGRIP 156A8/151D TL;rolnicze;Koparka;WZORZEC;Koparka
MO3_3208534M2;Michelin;AGRIBIB 2;320/85R34 Michelin AGRIBIB 2 133A8/133B TL;rolnicze;Koparka;WZORZEC;Koparka
MO3_7107542Mm;Michelin;MACHXBIB;710/75R42 Michelin MACHXBIB 175D/171E TL;rolnicze;Koparka;WZORZEC;Koparka
MO3_8007032MMEGA;Michelin;MEGAXBIB 2;800/70R32 Michelin MEGAXBIB 2 181A8/181B TL;rolnicze;Koparka;WZORZEC;Koparka
MO3_4608534m;Michelin;AGRIBIB 2;460/85R34 Michelin AGRIBIB 2 152A8/152B TL;rolnicze;Koparka;WZORZEC;Koparka
MO3_10505032Mi;Michelin;MEGAXBIB M28;1050/50R32 Michelin MEGAXBIB M28 178A8 TL;rolnicze;Koparka;WZORZEC;Koparka
MO3_4206524mdemo;Michelin;MULTIBIB;420/65R24 Michelin MULTIBIB 126D TL demo;rolnicze;Koparka;WZORZEC;Koparka
MO3_4608534ma2demo;Michelin;AGRIBIB 2;460/85R34 Michelin AGRIBIB 2 152A8/152B TL;rolnicze;Koparka;WZORZEC;Koparka
MO3_3809054mada;Michelin;AGRIBIB 2 DA;380/90R54 Michelin AGRIBIB 2 DA 152A8/152B TL;rolnicze;Koparka;WZORZEC;Koparka
MO3_4807034m;Michelin;OMNIBIB;480/70R34 Michelin OMNIBIB 143D TL;rolnicze;Koparka;WZORZEC;Koparka
MO3_6006528M;Michelin;Machxbib;600/65R28 Michelin Machxbib 154D/150E TL;rolnicze;Koparka;WZORZEC;Koparka
MO3_4806528M;Michelin;MULTIBIB;480/65R28 Michelin MULTIBIB 136D TL;rolnicze;Koparka;WZORZEC;Koparka
MO3_8007038MIC;Michelin;MACHXBIB;800/70R38 Michelin MACHXBIB 173D TL;rolnicze;Koparka;WZORZEC;Koparka
MO3_3809538M;Michelin;AGRIBIB;380/95R38 Michelin AGRIBIB 147A8/147B TL;rolnicze;Koparka;WZORZEC;Koparka
MO3_5208542M;Michelin;AGRIBIB 2;520/85R42 Michelin AGRIBIB 2 162A8/162B TL;rolnicze;Koparka;WZORZEC;Koparka
MO3_4808046MI;Michelin;AGRIBIB 2;480/80R46 Michelin AGRIBIB 2 158A8/158B TL;rolnicze;Koparka;WZORZEC;Koparka
MO3_4806524MM;Michelin;MULTIBIB;480/65R24 Michelin MULTIBIB 133D TL;rolnicze;Koparka;WZORZEC;Koparka
MO3_6506538M;Michelin;MULTIBIB;650/65R38 Michelin MULTIBIB 157D TL;rolnicze;Koparka;WZORZEC;Koparka
MO3_5406524M;Michelin;MULTIBIB;540/65R24 Michelin MULTIBIB 140D TL;rolnicze;Koparka;WZORZEC;Koparka
MO3_3808530m;Michelin;AGRIBIB 2;380/85R30 Michelin AGRIBIB 2 140A8/140B TL;rolnicze;Koparka;WZORZEC;Koparka
MO3_4209030m;Michelin;AGRIBIB 2;420/90R30 Michelin AGRIBIB 2 147A8/147B TL;rolnicze;Koparka;WZORZEC;Koparka
MO3_6506542m;Michelin;MULTIBIB;650/65R42 Michelin MULTIBIB 158D TL;rolnicze;Koparka;WZORZEC;Koparka
MO3_5406528M;Michelin;MULTIBIB;540/65R28 Michelin MULTIBIB 142D TL;rolnicze;Koparka;WZORZEC;Koparka
MO3_7107042m;Michelin;Machxbib;710/70R42 Michelin Machxbib 173D TL;rolnicze;Koparka;WZORZEC;Koparka
MO3_7107038M;Michelin;MACHXBIB;710/70R38 Michelin MACHXBIB 171D TL;rolnicze;Koparka;WZORZEC;Koparka
MO3_6006538MM;Michelin;MULTIBIB;600/65R38 Michelin MULTIBIB 153D TL;rolnicze;Koparka;WZORZEC;Koparka
MO3_3408546M;Michelin;AGRIBIB RC;340/85R46 Michelin AGRIBIB RC 150A8/150B TL;rolnicze;Koparka;WZORZEC;Koparka
MO2_936570;Michelin;OMNIBIB;480/70R38 Michelin OMNIBIB 145D TL;rolnicze;Koparka;WZORZEC;Koparka
MO2_778211;Michelin;MULTIBIB;420/65R28 Michelin MULTIBIB 135D TL;rolnicze;Koparka;WZORZEC;Koparka
MO2_429970;Michelin;MACHXBIB;600/65R28 Michelin MACHXBIB 154D/150E TL;rolnicze;Koparka;WZORZEC;Koparka
MO2_162527;Michelin;XTE3;385/65R22.5 Michelin XTE3 160J M+S;ciężarowe;Koparka;WZORZEC;Koparka
MO3_4008024MTti05demo;Mitas;TI 05;400/80-24 Mitas TI 05 162A8 TL demo;przemysłowe;Koparka;PEWNE;Koparka
MO2_25029531;Mitas;TR09 IND;12.5/80-18 Mitas TR09 IND 12PR TL;przemysłowe;Koparka;PEWNE;Koparka
MO2_25029530;Mitas;TR09 S116 IND;12.5/80-18 Mitas TR09 S116 IND 12PR TL;przemysłowe;Koparka;PEWNE;Koparka
MO2_25020824;Mitas;SK02;23x8.50-12 Mitas SK02 10PR TL;przemysłowe;Koparka;PEWNE;Koparka
MO2_1013101720000;Mitas;TI02;17.5-24 Mitas TI02 10PR TL;przemysłowe;Koparka;PEWNE;Koparka
MO7_T445606;NOKIAN;Excavator;710/40-22.5 NOKIAN Excavator 173A8 SF TL;przemysłowe;Koparka;PEWNE;Koparka
MO7_T445605;NOKIAN;Excavator;650/45-22.5 NOKIAN Excavator 175A8 SF TL;przemysłowe;Koparka;PEWNE;Koparka
MO7_T445604;NOKIAN;Excavator;600/50-22.5 NOKIAN Excavator 173A8 SF TL;przemysłowe;Koparka;PEWNE;Koparka
MO2_IND00302;Speedways;POWERLUG R-4;16.9-28 Speedways POWERLUG R-4 16PR TL;przemysłowe;Koparka;PEWNE;Koparka
MO2_IND00212;Speedways;POWERLUG R-4;16.9-24 Speedways POWERLUG R-4 16PR TL;przemysłowe;Koparka;PEWNE;Koparka
MO2_IND00205;Speedways;POWERLUG R-4;17.5-24 Speedways POWERLUG R-4 16PR TL;przemysłowe;Koparka;PEWNE;Koparka
MO2_IND00132;Speedways;POWERLUG R-4;17.5-24 Speedways POWERLUG R-4 12PR TL;przemysłowe;Koparka;PEWNE;Koparka
MO2_IND00109;Speedways;POWERLUG R-4;16.9-24 Speedways POWERLUG R-4 12PR TL;przemysłowe;Koparka;PEWNE;Koparka
MO2_IND000212;Speedways;POWERLUG R-4;19.5-24 Speedways POWERLUG R-4 12PR TL;przemysłowe;Koparka;PEWNE;Koparka
MO5_TRPD200H00005C8C0;Trelleborg;C-800 EXCAVATOR KPL;10.00-20 Trelleborg C-800 EXCAVATOR KPL 166A8 16PR TT;przemysłowe;Koparka;PEWNE;Koparka
MO4_TRPD200H00005C8C0;Trelleborg;C-800 EXCAVATOR KPL;10.00-20 Trelleborg C-800 EXCAVATOR KPL 166A8 16PR TT;przemysłowe;Koparka;PEWNE;Koparka
MO5_BRCR22538565KURT0;Bridgestone;DURT2;385/65R22.5 Bridgestone DURT2 160K TL M+S 3PMSF;ciężarowe;Naczepa/przyczepa;PEWNE;Naczepa
MO5_BRCR22538565KEZ20;Bridgestone;ECOPIA -TRAILER 002;385/65R22.5 Bridgestone ECOPIA -TRAILER 002 160K TL;ciężarowe;Naczepa/przyczepa;PEWNE;Naczepa
MO5_BRCR22538565KEIA0;Bridgestone;ECOPIA TRAILER;385/65R22.5 Bridgestone ECOPIA TRAILER 160K TL M+S 3PMSF;ciężarowe;Naczepa/przyczepa;PEWNE;Naczepa
MO5_BRCR22538555KURT1;Bridgestone;DURT2;385/55R22.5 Bridgestone DURT2 160K TL M+S 3PMSF;ciężarowe;Naczepa/przyczepa;PEWNE;Naczepa
MO5_BRCR22538555KEZ20;Bridgestone;ECOPIA -TRAILER 002;385/55R22.5 Bridgestone ECOPIA -TRAILER 002 160K TL;ciężarowe;Naczepa/przyczepa;PEWNE;Naczepa
MO5_BRCR19543550J1663;Bridgestone;R166;435/50R19.5 Bridgestone R166 160J TL M+S 3PMSF;ciężarowe;Naczepa/przyczepa;PEWNE;Naczepa
MO5_BRCR19526570KRT80;Bridgestone;RT1;265/70R19.5 Bridgestone RT1 143/141K TL M+S 3PMSF;ciężarowe;Naczepa/przyczepa;PEWNE;Naczepa
MO5_BRCR17524570JRT80;Bridgestone;RT1;245/70R17.5 Bridgestone RT1 143/141J TL M+S 3PMSF;ciężarowe;Naczepa/przyczepa;PEWNE;Naczepa
MO5_BRCR17523575KRT80;Bridgestone;RT1;235/75R17.5 Bridgestone RT1 143/141K TL M+S 3PMSF;ciężarowe;Naczepa/przyczepa;PEWNE;Naczepa
MO5_BRCR17521575KRT81;Bridgestone;RT1;215/75R17.5 Bridgestone RT1 136/134K TL M+S 3PMSF;ciężarowe;Naczepa/przyczepa;PEWNE;Naczepa
MO5_BRCR17520565JRT81;Bridgestone;RT1;205/65R17.5 Bridgestone RT1 132/130J TL M+S 3PMSF;ciężarowe;Naczepa/przyczepa;PEWNE;Naczepa
MO4_BRCR22538565KURT0;Bridgestone;DURT2;385/65R22.5 Bridgestone DURT2 160K TL M+S 3PMSF;ciężarowe;Naczepa/przyczepa;PEWNE;Naczepa
MO2_4801894;Bridgestone;R166;435/50R19.5 Bridgestone R166 160J 3PMSF;ciężarowe;Naczepa/przyczepa;PEWNE;Naczepa
MO2_32538;Bridgestone;RT1;205/65R17.5 Bridgestone RT1 132J/133F 3PMSF M+S;ciężarowe;Naczepa/przyczepa;PEWNE;Naczepa
MO2_25947;Bridgestone;R164;425/65R22.5 Bridgestone R164 165K;ciężarowe;Naczepa/przyczepa;PEWNE;Naczepa
MO2_23832;Bridgestone;RT1;215/75R17.5 Bridgestone RT1 136/134K 3PMSF M+S;ciężarowe;Naczepa/przyczepa;PEWNE;Naczepa
MO2_23728;Bridgestone;MT 001 PLUS;385/65R22.5 Bridgestone MT 001 PLUS 160K/158L;ciężarowe;Naczepa/przyczepa;PEWNE;Naczepa
MO2_13560;Bridgestone;RT1;245/70R19.5 Bridgestone RT1 141J/140J;ciężarowe;Naczepa/przyczepa;PEWNE;Naczepa
MO2_13499;Bridgestone;HT2 ECOPIA;385/55R22.5 Bridgestone HT2 ECOPIA 160K/158L 3PMSF;ciężarowe;Naczepa/przyczepa;PEWNE;Naczepa
MO2_13496;Bridgestone;ECO HT2;385/65R22.5 Bridgestone ECO HT2 160K/158L 3PMSF;ciężarowe;Naczepa/przyczepa;PEWNE;Naczepa
MO2_10862;Bridgestone;HT2 ECOPIA;445/45R19.5 Bridgestone HT2 ECOPIA 160J 3PMSF M+S;ciężarowe;Naczepa/przyczepa;PEWNE;Naczepa
MO2_10861;Bridgestone;RT1;245/70R17.5 Bridgestone RT1 143J/146F 3PMSF;ciężarowe;Naczepa/przyczepa;PEWNE;Naczepa
MO2_10852;Bridgestone;RT2 DURAVIS;385/65R22.5 Bridgestone RT2 DURAVIS 160K/158L;ciężarowe;Naczepa/przyczepa;PEWNE;Naczepa
MO2_10850;Bridgestone;RT2 DURAVIS;385/55R22.5 Bridgestone RT2 DURAVIS 160K;ciężarowe;Naczepa/przyczepa;PEWNE;Naczepa
MO2_10386;Bridgestone;RT1;235/75R17.5 Bridgestone RT1 143J/146F 3PMSF;ciężarowe;Naczepa/przyczepa;PEWNE;Naczepa
MO2_10380;Bridgestone;RT1;265/70R19.5 Bridgestone RT1 143K;ciężarowe;Naczepa/przyczepa;PEWNE;Naczepa
MO2_CET0049;Cetroc;LINE A99;315/70R22.5 Cetroc LINE A99 154/151M 3PMSF M+S FRONT;ciężarowe;Naczepa/przyczepa;PEWNE;Naczepa
MO2_CET0047;Cetroc;LINE A99;315/80R22.5 Cetroc LINE A99 157/154L 3PMSF M+S FRONT;ciężarowe;Naczepa/przyczepa;PEWNE;Naczepa
MO2_CET0044;Cetroc;LINE A99;385/55R22.5 Cetroc LINE A99 160K 3PMSF M+S;ciężarowe;Naczepa/przyczepa;PEWNE;Naczepa
MO2_CET0036;Cetroc;LINE A99;385/65R22.5 Cetroc LINE A99 164K 3PMSF M+S FRONT;ciężarowe;Naczepa/przyczepa;PEWNE;Naczepa
MO2_CET0017;Cetroc;GHT22;445/45R19.5 Cetroc GHT22 160J 3PMSF M+S;ciężarowe;Naczepa/przyczepa;PEWNE;Naczepa
MO2_CET0016;Cetroc;GHT22;435/50R19.5 Cetroc GHT22 160J 3PMSF M+S FRONT;ciężarowe;Naczepa/przyczepa;PEWNE;Naczepa
MO2_CET0013;Cetroc;GHT50;385/55R22.5 Cetroc GHT50 160K 3PMSF M+S;ciężarowe;Naczepa/przyczepa;PEWNE;Naczepa
MO2_CET0011;Cetroc;GMT50;385/65R22.5 Cetroc GMT50 160K/158L 3PMSF M+S;ciężarowe;Naczepa/przyczepa;PEWNE;Naczepa
MO5_CCCZ22538565KT3C1;Continental;CONTI SCANDINAVIA HT3;385/65R22.5 Continental CONTI SCANDINAVIA HT3 164K 20PR TL M+S 3PMSF;ciężarowe;Naczepa/przyczepa;PEWNE;Naczepa
MO5_CCCZ19544545JHTW0;Continental;HTW2 SCANDINAVIA;445/45R19.5 Continental HTW2 SCANDINAVIA 160J 22PR TL M+S 3PMSF;ciężarowe;Naczepa/przyczepa;PEWNE;Naczepa
MO5_CCCR22538565KEPT0;Continental;CONTI ECOPLUS HT3+;385/65R22.5 Continental CONTI ECOPLUS HT3+ 160K 20PR TL M+S 3PMSF;ciężarowe;Naczepa/przyczepa;PEWNE;Naczepa
MO5_CCCR22538565KCTH1;Continental;Conti CrossTrac HT3;385/65R22.5 Continental Conti CrossTrac HT3 160K/158L 20PR M+S 3PMSF;ciężarowe;Naczepa/przyczepa;PEWNE;Naczepa
MO5_CCCR22538555KHTP0;Continental;CONTI ECOPLUS HT3+;385/55R22.5 Continental CONTI ECOPLUS HT3+ 160K 20PR TL M+S 3PMSF;ciężarowe;Naczepa/przyczepa;PEWNE;Naczepa
MO5_GNCR22538565K7HL0;Dunlop;SP247 HL;385/65R22.5 Dunlop SP247 HL 164K/158L TL M+S 3PMSF;ciężarowe;Naczepa/przyczepa;PEWNE;Naczepa
MO5_GNCR22538555KS240;Dunlop;SP247;385/55R22.5 Dunlop SP247 160K/158L TL 3PMSF;ciężarowe;Naczepa/przyczepa;PEWNE;Naczepa
MO5_GNCR19543550JS240;Dunlop;SP247;435/50R19.5 Dunlop SP247 160J TL M+S 3PMSF;ciężarowe;Naczepa/przyczepa;PEWNE;Naczepa
MO5_GNCR19528570J2460;Dunlop;SP246;285/70R19.5 Dunlop SP246 150/148J TL M+S 3PMSF;ciężarowe;Naczepa/przyczepa;PEWNE;Naczepa
MO5_GNCR19526570J2460;Dunlop;SP246;265/70R19.5 Dunlop SP246 143/141J TL M+S 3PMSF;ciężarowe;Naczepa/przyczepa;PEWNE;Naczepa
MO5_GNCR19524570J2461;Dunlop;SP246;245/70R19.5 Dunlop SP246 141/140J TL M+S 3PMSF;ciężarowe;Naczepa/przyczepa;PEWNE;Naczepa
MO5_GNCR19524570J2460;Dunlop;SP246;245/70R19.5 Dunlop SP246 141/140J TL M+S 3PMSF;ciężarowe;Naczepa/przyczepa;PEWNE;Naczepa
MO5_GNCR17524570J2460;Dunlop;SP246;245/70R17.5 Dunlop SP246 143J/146F TL M+S 3PMSF;ciężarowe;Naczepa/przyczepa;PEWNE;Naczepa
MO5_GNCR17523575J2460;Dunlop;SP246;235/75R17.5 Dunlop SP246 143J/144F TL M+S 3PMSF;ciężarowe;Naczepa/przyczepa;PEWNE;Naczepa
MO5_GNCR17521575J2461;Dunlop;SP246;215/75R17.5 Dunlop SP246 136/134J TL M+S 3PMSF;ciężarowe;Naczepa/przyczepa;PEWNE;Naczepa
MO4_GNCR22538565K7HL0;Dunlop;SP247 HL;385/65R22.5 Dunlop SP247 HL 164K/158L TL M+S 3PMSF;ciężarowe;Naczepa/przyczepa;PEWNE;Naczepa
MO2_582974;Dunlop;SP246;215/75R17.5 Dunlop SP246 136J/134J;ciężarowe;Naczepa/przyczepa;PEWNE;Naczepa
MO2_572203;Dunlop;SP247;435/50R19.5 Dunlop SP247 160J 3PMSF;ciężarowe;Naczepa/przyczepa;PEWNE;Naczepa
MO2_572202;Dunlop;SP247 HL;385/65R22.5 Dunlop SP247 HL 164K/158L 3PMSF M+S;ciężarowe;Naczepa/przyczepa;PEWNE;Naczepa
MO5_BFCR22542565KTSP1;Firestone;TSP3000;425/65R22.5 Firestone TSP3000 165K TL;ciężarowe;Naczepa/przyczepa;PEWNE;Naczepa
MO5_BFCR22538565KFT41;Firestone;FT524;385/65R22.5 Firestone FT524 160K TL M+S 3PMSF;ciężarowe;Naczepa/przyczepa;PEWNE;Naczepa
MO5_BFCR22538565KFT31;Firestone;FT833;385/65R22.5 Firestone FT833 160K TL M+S 3PMSF;ciężarowe;Naczepa/przyczepa;PEWNE;Naczepa
MO5_BFCR22538555KFT40;Firestone;FT524;385/55R22.5 Firestone FT524 160K TL M+S 3PMSF;ciężarowe;Naczepa/przyczepa;PEWNE;Naczepa
MO5_BFCR19528570JTSP1;Firestone;TSP3000;285/70R19.5 Firestone TSP3000 150/148J TL M+S 3PMSF;ciężarowe;Naczepa/przyczepa;PEWNE;Naczepa
MO5_BFCR175D9500JTSP1;Firestone;TSP3000;9.5R17.5 Firestone TSP3000 143/141J TL M+S 3PMSF;ciężarowe;Naczepa/przyczepa;PEWNE;Naczepa
MO5_BFCR17524570JTSP2;Firestone;TSP3000;245/70R17.5 Firestone TSP3000 143/141J TL M+S 3PMSF;ciężarowe;Naczepa/przyczepa;PEWNE;Naczepa
MO5_BFCR17523575JTSP2;Firestone;TSP3000;235/75R17.5 Firestone TSP3000 143J/144F TL M+S 3PMSF;ciężarowe;Naczepa/przyczepa;PEWNE;Naczepa
MO4_BFCR22538565KFT41;Firestone;FT524;385/65R22.5 Firestone FT524 160K TL M+S 3PMSF;ciężarowe;Naczepa/przyczepa;PEWNE;Naczepa
MO2_27833;Firestone;TSP3000;265/70R19.5 Firestone TSP3000 143/141K 3PMSF M+S;ciężarowe;Naczepa/przyczepa;PEWNE;Naczepa
MO2_27830;Firestone;TSP3000;245/70R17.5 Firestone TSP3000 143J/146F 3PMSF;ciężarowe;Naczepa/przyczepa;PEWNE;Naczepa
MO2_27828;Firestone;TSP3000;215/75R17.5 Firestone TSP3000 135K/133K 3PMSF;ciężarowe;Naczepa/przyczepa;PEWNE;Naczepa
MO2_25597;Firestone;UT3000 PLUS;11R22.5 Firestone UT3000 PLUS 148K/145K;ciężarowe;Naczepa/przyczepa;PEWNE;Naczepa
MO2_21733;Firestone;TSP3000;285/70R19.5 Firestone TSP3000 150J/148J;ciężarowe;Naczepa/przyczepa;PEWNE;Naczepa
MO2_17049;Firestone;FT524;385/65R22.5 Firestone FT524 160K/158L 3PMSF M+S;ciężarowe;Naczepa/przyczepa;PEWNE;Naczepa
MO2_13454;Firestone;FT833;385/65R22.5 Firestone FT833 160K 3PMSF M+S;ciężarowe;Naczepa/przyczepa;PEWNE;Naczepa
MO5_GFCR22538565KVAR1;Fulda;VARIOTONN naczepa;385/65R22.5 Fulda VARIOTONN naczepa 160K TL M+S 3PMSF;ciężarowe;Naczepa/przyczepa;PEWNE;Naczepa
MO5_GFCR22538565KRN30;Fulda;REGIOTONN 3 HL;385/65R22.5 Fulda REGIOTONN 3 HL 164K/158L TL M+S 3PMSF;ciężarowe;Naczepa/przyczepa;PEWNE;Naczepa
MO5_GFCR22538555KRN30;Fulda;REGIOTONN 3;385/55R22.5 Fulda REGIOTONN 3 160K/158L TL M+S 3PMSF;ciężarowe;Naczepa/przyczepa;PEWNE;Naczepa
MO5_GFCR19543550JRN30;Fulda;REGIOTONN 3;435/50R19.5 Fulda REGIOTONN 3 160J TL M+S 3PMSF;ciężarowe;Naczepa/przyczepa;PEWNE;Naczepa
MO5_GFCR19528570JETN1;Fulda;ECOTONN;285/70R19.5 Fulda ECOTONN 150/148J TL M+S 3PMSF;ciężarowe;Naczepa/przyczepa;PEWNE;Naczepa
MO5_GFCR19528570JETN0;Fulda;ECOTONN;285/70R19.5 Fulda ECOTONN 150/148J TL M+S 3PMSF;ciężarowe;Naczepa/przyczepa;PEWNE;Naczepa
MO5_GFCR19526570JECT1;Fulda;ECOTONN;265/70R19.5 Fulda ECOTONN 143/141J M+S 3PMSF;ciężarowe;Naczepa/przyczepa;PEWNE;Naczepa
MO5_GFCR19524570JETL2;Fulda;ECOTONN naczepa;245/70R19.5 Fulda ECOTONN naczepa 141/140J TL M+S 3PMSF;ciężarowe;Naczepa/przyczepa;PEWNE;Naczepa
MO5_GFCR175D9500JETN1;Fulda;ECOTONN;9.5R17.5 Fulda ECOTONN 143/141J TL M+S 3PMSF;ciężarowe;Naczepa/przyczepa;PEWNE;Naczepa
MO5_GFCR17524570JECT0;Fulda;ECOTONN naczepa;245/70R17.5 Fulda ECOTONN naczepa 143/141J TL M+S 3PMSF;ciężarowe;Naczepa/przyczepa;PEWNE;Naczepa
MO5_GFCR17523575JECT0;Fulda;ECOTONN naczepa;235/75R17.5 Fulda ECOTONN naczepa 143/141J TL M+S 3PMSF;ciężarowe;Naczepa/przyczepa;PEWNE;Naczepa
MO5_GFCR17521575JETN0;Fulda;ECOTONN;215/75R17.5 Fulda ECOTONN 135/133J TL M+S 3PMSF;ciężarowe;Naczepa/przyczepa;PEWNE;Naczepa
MO4_GFCR22538565KRN30;Fulda;REGIOTONN 3 HL;385/65R22.5 Fulda REGIOTONN 3 HL 164K/158L TL M+S 3PMSF;ciężarowe;Naczepa/przyczepa;PEWNE;Naczepa
MO4_GFCR22538555KRN30;Fulda;REGIOTONN 3;385/55R22.5 Fulda REGIOTONN 3 160K/158L TL M+S 3PMSF;ciężarowe;Naczepa/przyczepa;PEWNE;Naczepa
MO4_GFCR17521575JETN0;Fulda;ECOTONN;215/75R17.5 Fulda ECOTONN 135/133J TL M+S 3PMSF;ciężarowe;Naczepa/przyczepa;PEWNE;Naczepa
MO5_EGCR22538565KGHT1;GOODTRIP;GHT50 TRAILER;385/65R22.5 GOODTRIP GHT50 TRAILER 160K 20PR TL M+S 3PMSF;ciężarowe;Naczepa/przyczepa;PEWNE;Naczepa
MO5_EGCR22538565K5GM0;GOODTRIP;GMT50 TRAILER ON-OFF;385/65R22.5 GOODTRIP GMT50 TRAILER ON-OFF 160K 20PR TL M+S 3PMSF;ciężarowe;Naczepa/przyczepa;PEWNE;Naczepa
MO5_EGCR22538555KGHT0;GOODTRIP;GHT50 TRAILER;385/55R22.5 GOODTRIP GHT50 TRAILER 160K 20PR TL M+S 3PMSF;ciężarowe;Naczepa/przyczepa;PEWNE;Naczepa
MO5_EGCR19544545JGH20;GOODTRIP;GHT22 TRAILER;445/45R19.5 GOODTRIP GHT22 TRAILER 160J 22PR TL M+S 3PMSF;ciężarowe;Naczepa/przyczepa;PEWNE;Naczepa
MO4_EGCR22538565KGHT1;GOODTRIP;GHT50 TRAILER;385/65R22.5 GOODTRIP GHT50 TRAILER 160K 20PR TL M+S 3PMSF;ciężarowe;Naczepa/przyczepa;PEWNE;Naczepa
MO4_EGCR22538565K5GM0;GOODTRIP;GMT50 TRAILER ON-OFF;385/65R22.5 GOODTRIP GMT50 TRAILER ON-OFF 160K 20PR TL M+S 3PMSF;ciężarowe;Naczepa/przyczepa;PEWNE;Naczepa
MO4_EGCR22538555KGHT0;GOODTRIP;GHT50 TRAILER;385/55R22.5 GOODTRIP GHT50 TRAILER 160K 20PR TL M+S 3PMSF;ciężarowe;Naczepa/przyczepa;PEWNE;Naczepa
MO4_EGCR19544545JGH20;GOODTRIP;GHT22 TRAILER;445/45R19.5 GOODTRIP GHT22 TRAILER 160J 22PR TL M+S 3PMSF;ciężarowe;Naczepa/przyczepa;PEWNE;Naczepa
MO5_EGCR22538565KGTL0;GOODTRIP;GTL2 TRAILER;385/65R22.5 GOODTRIP GTL2 TRAILER 160K 20PR TL M+S 3PMSF;ciezarowe;Naczepa/przyczepa;WZORZEC;Naczepa
MO2_WL0391;Goldencrown;AT555;385/55R19.5 Goldencrown AT555 156J M+S;ciężarowe;Naczepa/przyczepa;PEWNE;Naczepa
MO2_GOL0040;Goldencrown;AT557;445/65R22.5 Goldencrown AT557 169K 3PMSF M+S;ciężarowe;Naczepa/przyczepa;PEWNE;Naczepa
MO2_GOL0037;Goldencrown;AT556;445/45R19.5 Goldencrown AT556 160J;ciężarowe;Naczepa/przyczepa;PEWNE;Naczepa
MO2_GOL0021;Goldencrown;CR931;445/65R22.5 Goldencrown CR931 169K M+S;ciężarowe;Naczepa/przyczepa;PEWNE;Naczepa
MO2_GOL0020;Goldencrown;CR931;425/65R22.5 Goldencrown CR931 165K M+S;ciężarowe;Naczepa/przyczepa;PEWNE;Naczepa
MO2_GOL0014;Goldencrown;AT557;385/65R22.5 Goldencrown AT557 160K/158L M+S;ciężarowe;Naczepa/przyczepa;PEWNE;Naczepa
MO2_999991152;Goldencrown;AT557;425/65R22.5 Goldencrown AT557 165K M+S;ciężarowe;Naczepa/przyczepa;PEWNE;Naczepa
MO1_11166115;GoodTrip;GHT50;385/65R22.5 GoodTrip GHT50 160K/158L 20PR TL;ciężarowe;Naczepa/przyczepa;PEWNE;Naczepa
MO1_10001615;GoodTrip;GHT22;435/50R19.5 GoodTrip GHT22 160J 22PR TL;ciężarowe;Naczepa/przyczepa;PEWNE;Naczepa
MO1_10001614;GoodTrip;GHT22;445/45R19.5 GoodTrip GHT22 160J 22PR TL;ciężarowe;Naczepa/przyczepa;PEWNE;Naczepa
MO1_10001613;GoodTrip;GHT50;385/55R22.5 GoodTrip GHT50 160K 20PR TL;ciężarowe;Naczepa/przyczepa;PEWNE;Naczepa
MO5_GGCZ22535550KWTS0;Goodyear;UG WTS;355/50R22.5 Goodyear UG WTS 154K/152L TL M+S 3PMSF;ciężarowe;Naczepa/przyczepa;PEWNE;Naczepa
MO5_GGCR22529580MCHL1;Goodyear;MARATHON COACH HL;295/80R22.5 Goodyear MARATHON COACH HL 154/149M TL M+S 3PMSF;ciężarowe;Naczepa/przyczepa;PEWNE;Naczepa
MO2_587148;Goodyear;KMAX T;285/70R19.5 Goodyear KMAX T 150/148J 3PMSF;ciężarowe;Naczepa/przyczepa;PEWNE;Naczepa
MO5_HACR22538565KT150;Hankook;TM15;385/65R22.5 Hankook TM15 160K M+S;ciężarowe;Naczepa/przyczepa;PEWNE;Naczepa
MO5_HACR22538565K31T1;Hankook;TH31 /naczepa;385/65R22.5 Hankook TH31 /naczepa 164K M+S;ciężarowe;Naczepa/przyczepa;PEWNE;Naczepa
MO5_HACR19544545K20L0;Hankook;TL20;445/45R19.5 Hankook TL20 160K;ciężarowe;Naczepa/przyczepa;PEWNE;Naczepa
MO5_HACR19543550J31T1;Hankook;TH31;435/50R19.5 Hankook TH31 164J M+S 3PMSF;ciężarowe;Naczepa/przyczepa;PEWNE;Naczepa
MO5_HACR19538555J31T0;Hankook;TH31;385/55R19.5 Hankook TH31 156J M+S 3PMSF;ciężarowe;Naczepa/przyczepa;PEWNE;Naczepa
MO5_HACR17521575K31T0;Hankook;TH31;215/75R17.5 Hankook TH31 135/133K M+S 3PMSF;ciężarowe;Naczepa/przyczepa;PEWNE;Naczepa
MO4_HACR22538565K31T1;Hankook;TH31 /naczepa;385/65R22.5 Hankook TH31 /naczepa 164K M+S;ciężarowe;Naczepa/przyczepa;PEWNE;Naczepa
MO2_3003746;Hankook;TH31 SMART FLEX;245/70R17.5 Hankook TH31 SMART FLEX 143/141K 3PMSF M+S;ciężarowe;Naczepa/przyczepa;PEWNE;Naczepa
MO2_3003446;Hankook;TH31 SMART FLEX;385/55R22.5 Hankook TH31 SMART FLEX 160K 3PMSF M+S;ciężarowe;Naczepa/przyczepa;PEWNE;Naczepa
MO2_3003439;Hankook;TH31 SMART FLEX;385/55R19.5 Hankook TH31 SMART FLEX 156J 3PMSF M+S;ciężarowe;Naczepa/przyczepa;PEWNE;Naczepa
MO2_3003309;Hankook;SMART FLEX TH31;385/65R22.5 Hankook SMART FLEX TH31 164K 3PMSF M+S;ciężarowe;Naczepa/przyczepa;PEWNE;Naczepa
MO2_3002586;Hankook;TM15;385/65R22.5 Hankook TM15 160K;ciężarowe;Naczepa/przyczepa;PEWNE;Naczepa
MO2_115223852C020KJTL0;JK Tyre;JETWAY JTL;385/65R22.5 JK Tyre JETWAY JTL 164K 3PMSF M+S;ciężarowe;Naczepa/przyczepa;PEWNE;Naczepa
MO2_115223832C020KJTL0;JK Tyre;JETWAY JTL;385/55R22.5 JK Tyre JETWAY JTL 160K/158L 3PMSF M+S;ciężarowe;Naczepa/przyczepa;PEWNE;Naczepa
MO2_115221102C016LTH10;JK Tyre;JETWAY JTH1;11R22.5 JK Tyre JETWAY JTH1 148L/145L 3PMSF M+S;ciężarowe;Naczepa/przyczepa;PEWNE;Naczepa
MO5_KUCR19528570JKHO1;Kumho;KRT03;285/70R19.5 Kumho KRT03 150/148J 18PR TL 3PMSF;ciężarowe;Naczepa/przyczepa;PEWNE;Naczepa
MO5_KUCR19528570JKHO0;Kumho;KRT03;285/70R19.5 Kumho KRT03 150/148J 18PR TL 3PMSF;ciężarowe;Naczepa/przyczepa;PEWNE;Naczepa
MO5_KUCR19526570JKHO0;Kumho;KRT03;265/70R19.5 Kumho KRT03 143/141J 18PR TL 3PMSF;ciężarowe;Naczepa/przyczepa;PEWNE;Naczepa
MO5_KUCR17523575JKHO0;Kumho;KRT03;235/75R17.5 Kumho KRT03 143/141J 18PR TL 3PMSF;ciężarowe;Naczepa/przyczepa;PEWNE;Naczepa
MO5_LLCR22538565KETT0;LingLong;ETT100;385/65R22.5 LingLong ETT100 164K/158L 24PR TL M+S 3PMSF;ciężarowe;Naczepa/przyczepa;PEWNE;Naczepa
MO5_LLCR22538565JLL83;LingLong;LTL863;385/65R22.5 LingLong LTL863 164J 24PR TL M+S 3PMSF;ciężarowe;Naczepa/przyczepa;PEWNE;Naczepa
MO5_LLCR22538555JLL82;LingLong;LTL863;385/55R22.5 LingLong LTL863 160J/158L 20PR TL M+S 3PMSF;ciężarowe;Naczepa/przyczepa;PEWNE;Naczepa
MO5_LLCR19544545JETT0;LingLong;ETT100;445/45R19.5 LingLong ETT100 160J 20PR TL M+S 3PMSF;ciężarowe;Naczepa/przyczepa;PEWNE;Naczepa
MO4_LLCR22538565KETT0;LingLong;ETT100;385/65R22.5 LingLong ETT100 164K/158L 24PR TL M+S 3PMSF;ciężarowe;Naczepa/przyczepa;PEWNE;Naczepa
MO4_LLCR22538565JLL83;LingLong;LTL863;385/65R22.5 LingLong LTL863 164J 24PR TL M+S 3PMSF;ciężarowe;Naczepa/przyczepa;PEWNE;Naczepa
MO4_MACR22538565KTM12;Matador;TM 1 COLLOS;385/65R22.5 Matador TM 1 COLLOS 160K 20PR TL M+S 3PMSF;ciężarowe;Naczepa/przyczepa;PEWNE;Naczepa
MO2_812967;Michelin;X LINE ENERGY T;385/65R22.5 Michelin X LINE ENERGY T 160K;ciężarowe;Naczepa/przyczepa;PEWNE;Naczepa
MO5_MIRR30560060DAGU0;Mitas;AGRITERRA 04;600/60R30.5 Mitas AGRITERRA 04 173D TL SB;ciężarowe;Naczepa/przyczepa;PEWNE;Przyczepa
MO5_MIRR26571050DALA0;Mitas;AGRITERRA ULTRA;710/50R26.5 Mitas AGRITERRA ULTRA 170D TL SB;ciężarowe;Naczepa/przyczepa;PEWNE;Przyczepa
MO5_MIRR26565065DALA0;Mitas;AGRITERRA ULTRA;650/65R26.5 Mitas AGRITERRA ULTRA 174D TL SB;ciężarowe;Naczepa/przyczepa;PEWNE;Przyczepa
MO5_MIRR26565055DALA0;Mitas;AGRITERRA ULTRA;650/55R26.5 Mitas AGRITERRA ULTRA 169D TL SB;ciężarowe;Naczepa/przyczepa;PEWNE;Przyczepa
MO5_MIRR26560055DALA0;Mitas;AGRITERRA ULTRA;600/55R26.5 Mitas AGRITERRA ULTRA 165D TL SB;ciężarowe;Naczepa/przyczepa;PEWNE;Przyczepa
MO5_MIRR22571045DAGT0;Mitas;AGRITERRA ULTRA;710/45R22.5 Mitas AGRITERRA ULTRA 165D TL SB;ciężarowe;Naczepa/przyczepa;PEWNE;Przyczepa
MO5_MIRR22556060DALA0;Mitas;AGRITERRA ULTRA;560/60R22.5 Mitas AGRITERRA ULTRA 165D TL SB;ciężarowe;Naczepa/przyczepa;PEWNE;Przyczepa
MO5_MIRR22544565FR010;Mitas;AR-01 all steel;445/65R22.5 Mitas AR-01 all steel 169F TL;ciężarowe;Naczepa/przyczepa;PEWNE;Przyczepa
MO2_T675267;Nokian;HAKKA TRUCK TRAILER;385/55R22.5 Nokian HAKKA TRUCK TRAILER 160K 3PMSF M+S;ciężarowe;Naczepa/przyczepa;WZORZEC;Naczepa
MO2_T675254;Nokian;E-TRUCK TRAILER;215/75R17.5 Nokian E-TRUCK TRAILER 135/133J 3PMSF M+S;ciężarowe;Naczepa/przyczepa;WZORZEC;Naczepa
MO5_PPCR22538565KR0N0;PROMETEON;R02 PRO TRAILER FRT HL;385/65R22.5 PROMETEON R02 PRO TRAILER FRT HL 164K/158L TL M+S 3PMSF;ciężarowe;Naczepa/przyczepa;PEWNE;Naczepa
MO5_PPCR22538555KR0N0;PROMETEON;R02 PRO TRAILER FRT HL;385/55R22.5 PROMETEON R02 PRO TRAILER FRT HL 164K TL M+S 3PMSF;ciężarowe;Naczepa/przyczepa;PEWNE;Naczepa
MO5_PPCR17523575KR0N0;PROMETEON;R02 PRO TRAILER FRT;235/75R17.5 PROMETEON R02 PRO TRAILER FRT 143/141K TL M+S 3PMSF;ciężarowe;Naczepa/przyczepa;PEWNE;Naczepa
MO5_PICR22538555KR0N0;Pirelli;R02 PRO TRAILER HL FRT HL FRT;385/55R22.5 Pirelli R02 PRO TRAILER HL FRT HL FRT 164K TL M+S 3PMSF;ciężarowe;Naczepa/przyczepa;WZORZEC;Naczepa
MO1_10004967;Rovelo;Trailer R1;385/65R22.5 Rovelo Trailer R1 160K 20PR TL;ciężarowe;Naczepa/przyczepa;WZORZEC;Naczepa
MO1_10004966;Rovelo;Trailer R1;385/65R22.5 Rovelo Trailer R1 164K 24PR TL;ciężarowe;Naczepa/przyczepa;WZORZEC;Naczepa
MO1_10004963;Rovelo;Trailer R1;385/55R22.5 Rovelo Trailer R1 164K 24PR TL;ciężarowe;Naczepa/przyczepa;WZORZEC;Naczepa
MO5_GSCR22538565KCA50;Sava;CARGO 5 HL;385/65R22.5 Sava CARGO 5 HL 164K/158L TL M+S 3PMSF;ciężarowe;Naczepa/przyczepa;PEWNE;Naczepa
MO5_GSCR22538555KCR50;Sava;CARGO 5;385/55R22.5 Sava CARGO 5 160K/158L TL M+S 3PMSF;ciężarowe;Naczepa/przyczepa;PEWNE;Naczepa
MO5_GSCR19543550JCA41;Sava;CARGO 5 160J;435/50R19.5 Sava CARGO 5 160J TL M+S 3PMSF;ciężarowe;Naczepa/przyczepa;PEWNE;Naczepa
MO5_GSCR19526570JCA40;Sava;CARGO 4;265/70R19.5 Sava CARGO 4 143/141J TL M+S 3PMSF;ciężarowe;Naczepa/przyczepa;PEWNE;Naczepa
MO5_GSCR19524570JCA40;Sava;CARGO 4;245/70R19.5 Sava CARGO 4 141/140J TL M+S 3PMSF;ciężarowe;Naczepa/przyczepa;PEWNE;Naczepa
MO5_GSCR17523575JCA42;Sava;CARGO 4;235/75R17.5 Sava CARGO 4 143/141J TL M+S 3PMSF;ciężarowe;Naczepa/przyczepa;PEWNE;Naczepa
MO4_GSCR22538565KCA50;Sava;CARGO 5 HL;385/65R22.5 Sava CARGO 5 HL 164K/158L TL M+S 3PMSF;ciężarowe;Naczepa/przyczepa;PEWNE;Naczepa
MO2_582641;Sava;CARGO MS;385/65R22.5 Sava CARGO MS 160K 3PMSF M+S;ciężarowe;Naczepa/przyczepa;PEWNE;Naczepa
MO5_CUCR22538565KUT50;Uniroyal;T500;385/65R22.5 Uniroyal T500 160K 14PR TL M+S;ciężarowe;Naczepa/przyczepa;PEWNE;Naczepa
MO2_WL0920;West Lake;WTR2X;235/75R17.5 West Lake WTR2X 143J/141J;ciężarowe;Naczepa/przyczepa;PEWNE;Naczepa
MO2_WL0919;West Lake;WTR2X;215/75R17.5 West Lake WTR2X 135J/133J;ciężarowe;Naczepa/przyczepa;PEWNE;Naczepa
MO2_WL0469;West Lake;WTR2;385/55R22.5 West Lake WTR2 160K 3PMSF M+S;ciężarowe;Naczepa/przyczepa;PEWNE;Naczepa
MO2_WL0467;West Lake;WTR2;385/65R22.5 West Lake WTR2 164K 24PR 3PMSF;ciężarowe;Naczepa/przyczepa;PEWNE;Naczepa
MO2_WL0174;West Lake;WTR1;385/65R22.5 West Lake WTR1 164K 3PMSF M+S;ciężarowe;Naczepa/przyczepa;PEWNE;Naczepa
MO2_WL0148;West Lake;WTL1;385/55R22.5 West Lake WTL1 160K 3PMSF M+S;ciężarowe;Naczepa/przyczepa;PEWNE;Naczepa
MO2_WL0083;West Lake;WTR1;445/65R22.5 West Lake WTR1 169K 20PR 3PMSF M+S;ciężarowe;Naczepa/przyczepa;PEWNE;Naczepa
MO2_WL0082;West Lake;WTM1;385/65R22.5 West Lake WTM1 160K 3PMSF M+S;ciężarowe;Naczepa/przyczepa;PEWNE;Naczepa
MO2_WL0081;West Lake;WTL1;385/65R22.5 West Lake WTL1 160K 3PMSF M+S;ciężarowe;Naczepa/przyczepa;PEWNE;Naczepa
MO2_WL0078;West Lake;WTR1;385/55R22.5 West Lake WTR1 160K 3PMSF M+S;ciężarowe;Naczepa/przyczepa;PEWNE;Naczepa
MO2_WL00498;West Lake;WTR2X;245/70R17.5 West Lake WTR2X 143J/141J;ciężarowe;Naczepa/przyczepa;PEWNE;Naczepa
MO2_WL0084;West Lake;WTL1;435/50R19.5 West Lake WTL1 160J 3PMSF M+S;ciężarowe;Naczepa/przyczepa;PEWNE;Naczepa
MO1_15128991;CEAT;Spraymax;VF380/90R54 CEAT Spraymax 176D SB TL;rolnicze;Opryskiwacz;PEWNE;Opryskiwacz
MO1_15128950;CEAT;Spraymax;VF380/90R46 CEAT Spraymax 173D SB TL;rolnicze;Opryskiwacz;PEWNE;Opryskiwacz
MO1_10006121;CEAT;Spraymax;VF380/105R54 CEAT Spraymax 180D SB TL;rolnicze;Opryskiwacz;PEWNE;Opryskiwacz
MO1_10005362;CEAT;Spraymax;VF380/105R50 CEAT Spraymax 179D SB TL;rolnicze;Opryskiwacz;PEWNE;Opryskiwacz
MO1_10001142;CEAT;Spraymax;VF480/80R50 CEAT Spraymax 179D SB TL;rolnicze;Opryskiwacz;PEWNE;Opryskiwacz
MO1_10001084;CEAT;Spraymax;VF480/80R42 CEAT Spraymax 176D SB TL;rolnicze;Opryskiwacz;PEWNE;Opryskiwacz
MO5_HLRR48034085DRC50;MRL;RC 950 SPRAYER;340/85R48 MRL RC 950 SPRAYER 151D/154A8 TL;rolnicze;Opryskiwacz;PEWNE;Opryskiwacz
MO5_HLRR42023095DRC00;MRL;RC 950 SPRAYER;230/95R42 MRL RC 950 SPRAYER 133D/136A8 TL;rolnicze;Opryskiwacz;PEWNE;Opryskiwacz
MO5_HLRR360270958RC50;MRL;RC 950 SPRAYER;270/95R36 MRL RC 950 SPRAYER 139A8/136D TL;rolnicze;Opryskiwacz;PEWNE;Opryskiwacz
MO5_HLRR320270958RC50;MRL;RC 950 SPRAYER;270/95R32 MRL RC 950 SPRAYER 136A8/133D TL;rolnicze;Opryskiwacz;PEWNE;Opryskiwacz
MO1_15227070;Alliance;Power Drive 356;14.9R26 Alliance Power Drive 356 127A8/124B TL;ciężarowe;Oś napędowa;WZORZEC;Oś napędowa
MO2_870944;BFGoodrich;ROUTE CONTROL D;245/70R17.5 BFGoodrich ROUTE CONTROL D 136/134M 3PMSF M+S DRIVE;ciężarowe;Oś napędowa;WZORZEC;Oś napędowa
MO2_679547;BFGoodrich;ROUTE CONTROL D;225/75R17.5 BFGoodrich ROUTE CONTROL D 129/127M DRIVE;ciężarowe;Oś napędowa;WZORZEC;Oś napędowa
MO2_146722;BFGoodrich;ROUTE CONTROL D;295/80R22.5 BFGoodrich ROUTE CONTROL D 152/148M 3PMSF M+S DRIVE;ciężarowe;Oś napędowa;WZORZEC;Oś napędowa
MO5_BRCR225F3000G3550;Bridgestone;L355 EVO;13R22.5 Bridgestone L355 EVO 158G/156K TL M+S 3PMSF;ciężarowe;Oś napędowa;PEWNE;Oś napędowa
MO5_BRCR22538565K7482;Bridgestone;M748 EVO;385/65R22.5 Bridgestone M748 EVO 164K TL M+S 3PMSF;ciężarowe;Oś napędowa;PEWNE;Oś napędowa
MO5_BRCR22531580LURD1;Bridgestone;DURD2;315/80R22.5 Bridgestone DURD2 156/150L TL M+S 3PMSF;ciężarowe;Oś napędowa;PEWNE;Oś napędowa
MO5_BRCR22531580KMDD0;Bridgestone;DRIVE 002;315/80R22.5 Bridgestone -DRIVE 002 156/150K TL M+S 3PMSF;ciężarowe;Oś napędowa;PEWNE;Oś napędowa
MO5_BRCR22531580K35V3;Bridgestone;L355 EVO;315/80R22.5 Bridgestone L355 EVO 158/156K TL M+S 3PMSF;ciężarowe;Oś napędowa;PEWNE;Oś napędowa
MO5_BRCR22531570LURD0;Bridgestone;DURD2;315/70R22.5 Bridgestone DURD2 154/150L TL M+S 3PMSF;ciężarowe;Oś napędowa;PEWNE;Oś napędowa
MO5_BRCR22531570LIVE0;Bridgestone;ECOPIA DRIVE;315/70R22.5 Bridgestone ECOPIA DRIVE 154/150L TL M+S 3PMSF;ciężarowe;Oś napędowa;PEWNE;Oś napędowa
MO5_BRCR22531560LURD0;Bridgestone;DURD2;315/60R22.5 Bridgestone DURD2 152/148L TL M+S 3PMSF;ciężarowe;Oś napędowa;PEWNE;Oś napędowa
MO5_BRCR22531560LEJ20;Bridgestone;ECOPIA -DRIVE 002;315/60R22.5 Bridgestone ECOPIA -DRIVE 002 152/148L TL M+S 3PMSF;ciężarowe;Oś napędowa;PEWNE;Oś napędowa
MO5_BRCR22529580MURD0;Bridgestone;DURD2;295/80R22.5 Bridgestone DURD2 152/148M TL M+S 3PMSF;ciężarowe;Oś napędowa;PEWNE;Oś napędowa
MO5_BRCR22529560LURD1;Bridgestone;DURD2;295/60R22.5 Bridgestone DURD2 150/147L TL M+S 3PMSF;ciężarowe;Oś napędowa;PEWNE;Oś napędowa
MO5_BRCR22529560LURD0;Bridgestone;DURD2;295/60R22.5 Bridgestone DURD2 150/147L TL M+S 3PMSF;ciężarowe;Oś napędowa;PEWNE;Oś napędowa
MO5_BRCR22529560LOHD0;Bridgestone;ECOHD2;295/60R22.5 Bridgestone ECOHD2 150/147L TL M+S 3PMSF;ciężarowe;Oś napędowa;PEWNE;Oś napędowa
MO5_BRCR22529560LIVE0;Bridgestone;ECOPIA DRIVE;295/60R22.5 Bridgestone ECOPIA DRIVE 150/147L TL M+S 3PMSF;ciężarowe;Oś napędowa;PEWNE;Oś napędowa
MO5_BRCR19528570MRDB0;Bridgestone;DRIVE 002;285/70R19.5 Bridgestone -DRIVE 002 146/144M TL M+S 3PMSF;ciężarowe;Oś napędowa;PEWNE;Oś napędowa
MO5_BRCR19526570MRD00;Bridgestone;DRIVE 002;265/70R19.5 Bridgestone -DRIVE 002 140/138M TL M+S 3PMSF;ciężarowe;Oś napędowa;PEWNE;Oś napędowa
MO5_BRCR17526570MRD00;Bridgestone;DRIVE 002;265/70R17.5 Bridgestone -DRIVE 002 138/136M TL M+S 3PMSF;ciężarowe;Oś napędowa;PEWNE;Oś napędowa
MO5_BRCR17524570MRDB0;Bridgestone;DRIVE 002;245/70R17.5 Bridgestone -DRIVE 002 136/134M TL M+S 3PMSF;ciężarowe;Oś napędowa;PEWNE;Oś napędowa
MO5_BRCR17523575MRD00;Bridgestone;DRIVE 002;235/75R17.5 Bridgestone -DRIVE 002 132M TL M+S 3PMSF;ciężarowe;Oś napędowa;PEWNE;Oś napędowa
MO5_BRCR17522575MRD00;Bridgestone;DRIVE 002;225/75R17.5 Bridgestone -DRIVE 002 129/127M TL M+S 3PMSF;ciężarowe;Oś napędowa;PEWNE;Oś napędowa
MO5_BRCR17520575MRDB0;Bridgestone;RD2;205/75R17.5 Bridgestone RD2 124M TL M+S;ciężarowe;Oś napędowa;PEWNE;Oś napędowa
MO4_BRCR22531580LURD1;Bridgestone;DURD2;315/80R22.5 Bridgestone DURD2 156/150L TL M+S 3PMSF;ciężarowe;Oś napędowa;PEWNE;Oś napędowa
MO4_BRCR22531570LURD0;Bridgestone;DURD2;315/70R22.5 Bridgestone DURD2 154/150L TL M+S 3PMSF;ciężarowe;Oś napędowa;PEWNE;Oś napędowa
MO2_8690;Bridgestone;MD1;13R22.5 Bridgestone MD1 156/150K DRIVE;ciężarowe;Oś napędowa;PEWNE;Oś napędowa
MO2_4800012;Bridgestone;M749;315/70R22.5 Bridgestone M749 152M/154L 3PMSF DRIVE;ciężarowe;Oś napędowa;PEWNE;Oś napędowa
MO2_32581;Bridgestone;RD2 SEVERE DUTY DURAVIS;315/80R22.5 Bridgestone RD2 SEVERE DUTY DURAVIS 156L/154M 3PMSF DRIVE;ciężarowe;Oś napędowa;PEWNE;Oś napędowa
MO2_25916;Bridgestone;M748 EVO;385/65R22.5 Bridgestone M748 EVO 164G/160K;ciężarowe;Oś napędowa;PEWNE;Oś napędowa
MO2_25914;Bridgestone;L355 EVO;13R22.5 Bridgestone L355 EVO 158G/156K 3PMSF DRIVE;ciężarowe;Oś napędowa;PEWNE;Oś napędowa
MO2_23080;Bridgestone;L317 EVO;13R22.5 Bridgestone L317 EVO 158G/156K 3PMSF DRIVE;ciężarowe;Oś napędowa;PEWNE;Oś napędowa
MO2_19878;Bridgestone;ECOPIA DRIVE ENLITEN;315/80R22.5 Bridgestone ECOPIA DRIVE ENLITEN 156/150L 3PMSF M+S DRIVE;ciężarowe;Oś napędowa;PEWNE;Oś napędowa
MO2_19855;Bridgestone;MD2;315/80R22.5 Bridgestone MD2 156/150K 3PMSF M+S DRIVE;ciężarowe;Oś napędowa;PEWNE;Oś napędowa
MO2_19854;Bridgestone;MD2;295/80R22.5 Bridgestone MD2 152K/148K 3PMSF M+S DRIVE;ciężarowe;Oś napędowa;PEWNE;Oś napędowa
MO2_16953;Bridgestone;RD2 DURAVIS;315/70R22.5 Bridgestone RD2 DURAVIS 154L/152M DRIVE;ciężarowe;Oś napędowa;PEWNE;Oś napędowa
MO2_16952;Bridgestone;DURAVIS RD2;315/60R22.5 Bridgestone DURAVIS RD2 152L/148L 3PMSF DRIVE;ciężarowe;Oś napędowa;PEWNE;Oś napędowa
MO2_16950;Bridgestone;RD2 DURAVIS;295/80R22.5 Bridgestone RD2 DURAVIS 152M/148M DRIVE;ciężarowe;Oś napędowa;PEWNE;Oś napędowa
MO2_16883;Bridgestone;HD2 ECO;315/60R22.5 Bridgestone HD2 ECO 153L/148L DRIVE;ciężarowe;Oś napędowa;PEWNE;Oś napędowa
MO2_13469;Bridgestone;RD2;265/70R17.5 Bridgestone RD2 138M/136M 3PMSF DRIVE;ciężarowe;Oś napędowa;PEWNE;Oś napędowa
MO2_13467;Bridgestone;RD2;205/75R17.5 Bridgestone RD2 124/122M 3PMSF DRIVE;ciężarowe;Oś napędowa;PEWNE;Oś napędowa
MO2_10374;Bridgestone;RD2;225/75R17.5 Bridgestone RD2 129M/127M 3PMSF DRIVE;ciężarowe;Oś napędowa;PEWNE;Oś napędowa
MO2_10372;Bridgestone;RD2;285/70R19.5 Bridgestone RD2 146M/144M 3PMSF DRIVE;ciężarowe;Oś napędowa;PEWNE;Oś napędowa
MO2_10371;Bridgestone;RD2;265/70R19.5 Bridgestone RD2 140M/138M DRIVE;ciężarowe;Oś napędowa;PEWNE;Oś napędowa
MO5_CTCR225F3000KDAW0;CEAT;WINLOAD-AW;13R22.5 CEAT WINLOAD-AW 158/156K TL M+S 3PMSF;ciężarowe;Oś napędowa;PEWNE;Oś napędowa
MO5_CTCR225F3000KDAD0;CEAT;WINLOAD-;13R22.5 CEAT WINLOAD- 158/156K TL M+S 3PMSF;ciężarowe;Oś napędowa;PEWNE;Oś napędowa
MO5_CTCR22538565KDAW0;CEAT;WINLOAD-AW;385/65R22.5 CEAT WINLOAD-AW 164K TL M+S 3PMSF;ciężarowe;Oś napędowa;PEWNE;Oś napędowa
MO5_CTCR22531580KDAW0;CEAT;WINLOAD-AW;315/80R22.5 CEAT WINLOAD-AW 158/156K TL M+S 3PMSF;ciężarowe;Oś napędowa;PEWNE;Oś napędowa
MO5_CTCR22531580KDAD0;CEAT;WINLOAD-;315/80R22.5 CEAT WINLOAD- 158/156K TL M+S 3PMSF;ciężarowe;Oś napędowa;PEWNE;Oś napędowa
MO5_CTCR22529580MX3D0;CEAT;WINSUPER- -;295/80R22.5 CEAT WINSUPER- - 154/149M 18PR TL M+S 3PMSF;ciężarowe;Oś napędowa;PEWNE;Oś napędowa
MO5_CTCR22529580KX5D0;CEAT;WINLOAD -;295/80R22.5 CEAT WINLOAD - 152/148K TL M+S 3PMSF;ciężarowe;Oś napędowa;PEWNE;Oś napędowa
MO5_CTCR17523575KX3D0;CEAT;WINSUPER- -;235/75R17.5 CEAT WINSUPER- - 143/141K 16PR TL M+S 3PMSF;przemysłowe;Oś napędowa;PEWNE;Oś napędowa
MO4_CTCR22529580MX3D0;CEAT;WINSUPER- -;295/80R22.5 CEAT WINSUPER- - 154/149M 18PR TL M+S 3PMSF;ciężarowe;Oś napędowa;PEWNE;Oś napędowa
MO2_115123182C018LL4PU;Celestis;CDL4+;315/80R22.5 Celestis CDL4+ 156L/150J 3PMSF M+S DRIVE;ciężarowe;Oś napędowa;WZORZEC;Oś napędowa
MO2_115123182C018KDC1U;Celestis;CDC1;315/80R22.5 Celestis CDC1 156K/150J 3PMSF M+S DRIVE;ciężarowe;Oś napędowa;WZORZEC;Oś napędowa
MO2_115123162C018LL4PU;Celestis;CDL4+;315/70R22.5 Celestis CDL4+ 154L/150J 3PMSF M+S DRIVE;ciężarowe;Oś napędowa;WZORZEC;Oś napędowa
MO2_CET0043;Cetroc;MIX D88;13R22.5 Cetroc MIX D88 156/153K 3PMSF M+S DRIVE;ciężarowe;Oś napędowa;PEWNE;Oś napędowa
MO2_CET0041;Cetroc;GHD20;315/60R22.5 Cetroc GHD20 154L/148L 3PMSF M+S DRIVE;ciężarowe;Oś napędowa;PEWNE;Oś napędowa
MO2_CET0040;Cetroc;GHD22;245/70R19.5 Cetroc GHD22 136/134M 3PMSF M+S DRIVE;ciężarowe;Oś napędowa;PEWNE;Oś napędowa
MO2_CET0038;Cetroc;MIX D88;315/80R22.5 Cetroc MIX D88 160/157K 3PMSF M+S DRIVE;ciężarowe;Oś napędowa;PEWNE;Oś napędowa
MO2_CET0035;Cetroc;FORCE A98;315/80R22.5 Cetroc FORCE A98 160/157F 3PMSF M+S;ciężarowe;Oś napędowa;PEWNE;Oś napędowa
MO2_CET0034;Cetroc;TRAC D99;315/70R22.5 Cetroc TRAC D99 156L/150M/151L 3PMSF M+S DRIVE;ciężarowe;Oś napędowa;PEWNE;Oś napędowa
MO2_CET0028;Cetroc;GHD22;235/75R17.5 Cetroc GHD22 132/130M 3PMSF M+S DRIVE;ciężarowe;Oś napędowa;PEWNE;Oś napędowa
MO2_CET0025;Cetroc;GHD22;215/75R17.5 Cetroc GHD22 128/126M 3PMSF M+S DRIVE;ciężarowe;Oś napędowa;PEWNE;Oś napędowa
MO2_CET0023;Cetroc;GHD99;315/80R22.5 Cetroc GHD99 157/154L 3PMSF M+S DRIVE;ciężarowe;Oś napędowa;PEWNE;Oś napędowa
MO2_CET0019;Cetroc;GHD22;285/70R19.5 Cetroc GHD22 146/144M 3PMSF M+S DRIVE;ciężarowe;Oś napędowa;PEWNE;Oś napędowa
MO2_CET0015;Cetroc;GHD20;295/80R22.5 Cetroc GHD20 154/149M 3PMSF M+S DRIVE;ciężarowe;Oś napędowa;PEWNE;Oś napędowa
MO2_CET0012;Cetroc;GHD20;295/60R22.5 Cetroc GHD20 150/147K 3PMSF M+S DRIVE;ciężarowe;Oś napędowa;PEWNE;Oś napędowa
MO2_CET0010;Cetroc;GMD30;315/80R22.5 Cetroc GMD30 154/151M 3PMSF M+S DRIVE;ciężarowe;Oś napędowa;PEWNE;Oś napędowa
MO2_CET0008;Cetroc;GHD20;315/80R22.5 Cetroc GHD20 154/151M 3PMSF M+S DRIVE;ciężarowe;Oś napędowa;PEWNE;Oś napędowa
MO2_CET0007;Cetroc;GMD30;13R22.5 Cetroc GMD30 156/153L 3PMSF M+S DRIVE;ciężarowe;Oś napędowa;PEWNE;Oś napędowa
MO2_CET0005;Cetroc;GHD20;315/70R22.5 Cetroc GHD20 154M/151M 3PMSF M+S DRIVE;ciężarowe;Oś napędowa;PEWNE;Oś napędowa
MO2_999991682;Cetroc;ELD11;20.5R25 Cetroc ELD11 177A2/193A2;przemysłowe;Oś napędowa;WZORZEC;Oś napędowa
MO5_CCCZ22531580LUDS0;Continental;CONTI SCANDINAVIA HD3;315/80R22.5 Continental CONTI SCANDINAVIA HD3 156/150L 18PR TL M+S 3PM;ciężarowe;Oś napędowa;PEWNE;Oś napędowa
MO5_CCCZ22531570LUDS0;Continental;CONTI SCANDINAVIA HD3;315/70R22.5 Continental CONTI SCANDINAVIA HD3 154/150L 20PR TL M+S 3PM;ciężarowe;Oś napędowa;PEWNE;Oś napędowa
MO5_CCCZ22531560LHDW0;Continental;HDW2 SCANDINAVIA;315/60R22.5 Continental HDW2 SCANDINAVIA 152/148L 20PR TL M+S 3PMSF;ciężarowe;Oś napędowa;PEWNE;Oś napędowa
MO5_CCCZ22529580MUDS2;Continental;CONTI SCANDINAVIA HD3;295/80R22.5 Continental CONTI SCANDINAVIA HD3 152/148M 16PR TL M+S 3PM;przemysłowe;Oś napędowa;PEWNE;Oś napędowa
MO5_CCCZ22529580MUDS0;Continental;CONTI SCANDINAVIA HD3;295/80R22.5 Continental CONTI SCANDINAVIA HD3 152/148M 16PR TL M+S 3PM;przemysłowe;Oś napędowa;PEWNE;Oś napędowa
MO5_CCCZ22529560KHDW0;Continental;HDW2 SCANDINAVIA;295/60R22.5 Continental HDW2 SCANDINAVIA 150/147K 18PR TL M+S 3PMSF;ciężarowe;Oś napędowa;PEWNE;Oś napędowa
MO5_CCCZ19526570MH3C0;Continental;CONTI SCANDINAVIA HD3;265/70R19.5 Continental CONTI SCANDINAVIA HD3 140/138M 16PR TL M+S 3PM;przemysłowe;Oś napędowa;PEWNE;Oś napędowa
MO5_CCCZ17523575MD3C0;Continental;CONTI SCANDINAVIA LD3;235/75R17.5 Continental CONTI SCANDINAVIA LD3 132/130M 12PR TL M+S 3PM;ciężarowe;Oś napędowa;PEWNE;Oś napędowa
MO5_CCCZ17521575MD3C0;Continental;CONTI SCANDINAVIA LD3;215/75R17.5 Continental CONTI SCANDINAVIA LD3 126/124M 12PR TL M+S 3PM;ciężarowe;Oś napędowa;PEWNE;Oś napędowa
MO5_CCCR225F1000LHDR1;Continental;HDR;11R22.5 Continental HDR 148/145L 16PR TL M+S 3PMSF;przemysłowe;Oś napędowa;PEWNE;Oś napędowa
MO5_CCCR225F1000KSC13;Continental;HSC1;11R22.5 Continental HSC1 148/145K 16PR TL M+S;przemysłowe;Oś napędowa;PEWNE;Oś napędowa
MO5_CCCR22542565KHT22;Continental;HTR2;425/65R22.5 Continental HTR2 165K 20PR TL M+S;ciężarowe;Oś napędowa;PEWNE;Oś napędowa
MO5_CCCR22531580LH5D0;Continental;CONTI HYBRID HD5;315/80R22.5 Continental CONTI HYBRID HD5 156/150L 18PR TL M+S 3PMSF;ciężarowe;Oś napędowa;PEWNE;Oś napędowa
MO5_CCCR22531570LH5D0;Continental;CONTI HYBRID HD5;315/70R22.5 Continental CONTI HYBRID HD5 154/150L 18PR TL M+S 3PMSF;ciężarowe;Oś napędowa;PEWNE;Oś napędowa
MO5_CCCR22530570MDMS1;Continental;HDR;305/70R22.5 Continental HDR 150/148M 16PR TL M+S 3PMSF;przemysłowe;Oś napędowa;PEWNE;Oś napędowa
MO5_CCCR22529580MH5D0;Continental;CONTI HYBRID HD5;295/80R22.5 Continental CONTI HYBRID HD5 152/148M 16PR TL M+S 3PMSF;przemysłowe;Oś napędowa;PEWNE;Oś napędowa
MO5_CCCR22527570MH5D0;Continental;CONTI HYBRID HD5;275/70R22.5 Continental CONTI HYBRID HD5 148/145M 18PR TL M+S 3PMSF;ciężarowe;Oś napędowa;PEWNE;Oś napędowa
MO5_CCCR175F0000LLD11;Continental;LDR1;10R17.5 Continental LDR1 134/132L 16PR TL M+S 3PMSF;przemysłowe;Oś napędowa;PEWNE;Oś napędowa
MO5_CCCR175D9500LLD11;Continental;LDR1;9.5R17.5 Continental LDR1 129/127L 14PR TL M+S 3PMSF;ciężarowe;Oś napędowa;PEWNE;Oś napędowa
MO5_CCCR17526570MHD31;Continental;CONTI HYBRID LD3;265/70R17.5 Continental CONTI HYBRID LD3 139/136M 14PR TL M+S 3PMSF;ciężarowe;Oś napędowa;PEWNE;Oś napędowa
MO5_CCCR17524570MHD31;Continental;CONTI HYBRID LD3;245/70R17.5 Continental CONTI HYBRID LD3 136/134M 14PR TL M+S 3PMSF;ciężarowe;Oś napędowa;PEWNE;Oś napędowa
MO5_CCCR17524570LR2C0;Continental;HTR2 +;245/70R17.5 Continental HTR2 + 143/141L 16PR TL M+S 3PMSF;przemysłowe;Oś napędowa;PEWNE;Oś napędowa
MO5_CCCR17523575MHD32;Continental;CONTI HYBRID LD3;235/75R17.5 Continental CONTI HYBRID LD3 132/130M 12PR TL M+S 3PMSF;ciężarowe;Oś napędowa;PEWNE;Oś napędowa
MO5_CCCR17523575KR2C0;Continental;HTR2 +;235/75R17.5 Continental HTR2 + 143/141K 16PR TL M+S 3PMSF;przemysłowe;Oś napędowa;PEWNE;Oś napędowa
MO5_CCCR17521575MHD31;Continental;CONTI HYBRID LD3;215/75R17.5 Continental CONTI HYBRID LD3 126/124M 12PR TL M+S 3PMSF;ciężarowe;Oś napędowa;PEWNE;Oś napędowa
MO5_CCCR17521575KR2C0;Continental;HTR2 +;215/75R17.5 Continental HTR2 + 135/133K 16PR TL M+S 3PMSF;przemysłowe;Oś napędowa;PEWNE;Oś napędowa
MO5_CCCR17520565JR2C0;Continental;HTR2 +;205/65R17.5 Continental HTR2 + 132/130J 16PR TL M+S 3PMSF;przemysłowe;Oś napędowa;PEWNE;Oś napędowa
MO4_CCCR22542565KHT22;Continental;HTR2;425/65R22.5 Continental HTR2 165K 20PR TL M+S;ciężarowe;Oś napędowa;PEWNE;Oś napędowa
MO4_CCCR22531580LH5D0;Continental;CONTI HYBRID HD5;315/80R22.5 Continental CONTI HYBRID HD5 156/150L 18PR TL M+S 3PMSF;ciężarowe;Oś napędowa;PEWNE;Oś napędowa
MO4_CCCR22531570LH5D0;Continental;CONTI HYBRID HD5;315/70R22.5 Continental CONTI HYBRID HD5 154/150L 18PR TL M+S 3PMSF;ciężarowe;Oś napędowa;PEWNE;Oś napędowa
MO2_04220740000;Continental;LDR1;10R17.5 Continental LDR1 134/132L 3PMSF DRIVE;ciężarowe;Oś napędowa;PEWNE;Oś napędowa
MO2_05225280000;Continental;HD5 CONTI ECO;315/70R22.5 Continental HD5 CONTI ECO 150L/148M 3PMSF M+S DRIVE;ciężarowe;Oś napędowa;WZORZEC;Oś napędowa
MO2_05211850000;Continental;HD3+ CONTI ECOPLUS;315/60R22.5 Continental HD3+ CONTI ECOPLUS 152/148L 3PMSF M+S DRIVE;ciężarowe;Oś napędowa;WZORZEC;Oś napędowa
MO5_GNCZ22531580KS460;Dunlop;SP462 napęd;315/80R22.5 Dunlop SP462 napęd 156L/154M TL M+S 3PMSF;ciężarowe;Oś napędowa;PEWNE;Oś napędowa
MO5_GNCR22531580L4640;Dunlop;SP446;315/80R22.5 Dunlop SP446 156L/154M TL M+S 3PMSF;ciężarowe;Oś napędowa;PEWNE;Oś napędowa
MO5_GNCR22531580K4821;Dunlop;SP482 napęd;315/80R22.5 Dunlop SP482 napęd 156/150K TL M+S 3PMSF;ciężarowe;Oś napędowa;PEWNE;Oś napędowa
MO5_GNCR22531570L4641;Dunlop;SP446;315/70R22.5 Dunlop SP446 154L/152M TL M+S 3PMSF;ciężarowe;Oś napędowa;PEWNE;Oś napędowa
MO5_GNCR22531570L4640;Dunlop;SP446;315/70R22.5 Dunlop SP446 154L/152M TL M+S 3PMSF;ciężarowe;Oś napędowa;PEWNE;Oś napędowa
MO5_GNCR22531560L4640;Dunlop;SP446;315/60R22.5 Dunlop SP446 152/148L TL M+S 3PMSF;ciężarowe;Oś napędowa;PEWNE;Oś napędowa
MO5_GNCR22529580LS462;Dunlop;SP462 W2020;295/80R22.5 Dunlop SP462 W2020 152/148L TL M+S 3PMSF;ciężarowe;Oś napędowa;PEWNE;Oś napędowa
MO5_GNCR22529560K4642;Dunlop;SP446+;295/60R22.5 Dunlop SP446+ 150K/149L TL M+S 3PMSF;ciężarowe;Oś napędowa;PEWNE;Oś napędowa
MO5_GNCR19530570MS441;Dunlop;SP446 3PSF;305/70R19.5 Dunlop SP446 3PSF 148/145M TL M+S;ciężarowe;Oś napędowa;PEWNE;Oś napędowa
MO5_GNCR19528570L4641;Dunlop;SP446;285/70R19.5 Dunlop SP446 146L/144M TL M+S 3PMSF;ciężarowe;Oś napędowa;PEWNE;Oś napędowa
MO5_GNCR19526570MS441;Dunlop;SP446;265/70R19.5 Dunlop SP446 140/138M TL M+S 3PMSF;ciężarowe;Oś napędowa;PEWNE;Oś napędowa
MO5_GNCR17526570MP461;Dunlop;SP446;265/70R17.5 Dunlop SP446 139/136M TL M+S 3PMSF;ciężarowe;Oś napędowa;PEWNE;Oś napędowa
MO5_GNCR17524570MP460;Dunlop;SP446;245/70R17.5 Dunlop SP446 136/134M TL M+S 3PMSF;ciężarowe;Oś napędowa;PEWNE;Oś napędowa
MO5_GNCR17523575MP460;Dunlop;SP446;235/75R17.5 Dunlop SP446 132/130M TL M+S 3PMSF;ciężarowe;Oś napędowa;PEWNE;Oś napędowa
MO5_GNCR17522575MP460;Dunlop;SP446;225/75R17.5 Dunlop SP446 129/127M TL M+S 3PMSF;ciężarowe;Oś napędowa;PEWNE;Oś napędowa
MO5_GNCR17521575MP460;Dunlop;SP446;215/75R17.5 Dunlop SP446 126/124M TL M+S 3PMSF;ciężarowe;Oś napędowa;PEWNE;Oś napędowa
MO5_GNCR17520575MP460;Dunlop;SP446;205/75R17.5 Dunlop SP446 124M/126G TL M+S 3PMSF;ciężarowe;Oś napędowa;PEWNE;Oś napędowa
MO4_GNCZ22531580KS460;Dunlop;SP462 napęd;315/80R22.5 Dunlop SP462 napęd 156L/154M TL M+S 3PMSF;ciężarowe;Oś napędowa;PEWNE;Oś napędowa
MO4_GNCR22531570L4640;Dunlop;SP446;315/70R22.5 Dunlop SP446 154L/152M TL M+S 3PMSF;ciężarowe;Oś napędowa;PEWNE;Oś napędowa
MO4_GNCR17526570MP461;Dunlop;SP446;265/70R17.5 Dunlop SP446 139/136M TL M+S 3PMSF;ciężarowe;Oś napędowa;PEWNE;Oś napędowa
MO2_729531;Dunlop;SP446;315/70R22.5 Dunlop SP446 154L/152M 3PMSF M+S DRIVE;ciężarowe;Oś napędowa;PEWNE;Oś napędowa
MO2_595771;Dunlop;SP446+;295/60R22.5 Dunlop SP446+ 150K/149L 3PMSF M+S DRIVE;ciężarowe;Oś napędowa;PEWNE;Oś napędowa
MO2_594494;Dunlop;SP446;265/70R17.5 Dunlop SP446 139/136M 3PMSF M+S DRIVE;ciężarowe;Oś napędowa;PEWNE;Oś napędowa
MO5_FKCR22527570MBI80;Falken;BI856;275/70R22.5 Falken BI856 148/145M TL M+S 3PMSF;ciężarowe;Oś napędowa;PEWNE;Oś napędowa
MO2_361420;Falken;BI856;205/75R17.5 Falken BI856 124M 3PMSF M+S DRIVE;ciężarowe;Oś napędowa;PEWNE;Oś napędowa
MO2_335674;Falken;BI856;315/60R22.5 Falken BI856 152L/148L 3PMSF DRIVE;ciężarowe;Oś napędowa;PEWNE;Oś napędowa
MO2_335670;Falken;BI856;265/70R19.5 Falken BI856 140/138M M+S DRIVE;ciężarowe;Oś napędowa;PEWNE;Oś napędowa
MO2_335667;Falken;BI856;315/70R22.5 Falken BI856 154/150L 3PMSF M+S DRIVE;ciężarowe;Oś napędowa;PEWNE;Oś napędowa
MO2_335665;Falken;BI856 DRIVE;315/80R22.5 Falken BI856 DRIVE 156L M+S DRIVE;ciężarowe;Oś napędowa;PEWNE;Oś napędowa
MO2_335664;Falken;BI856 DRIVE;265/70R17.5 Falken BI856 DRIVE 140/138M M+S DRIVE;ciężarowe;Oś napędowa;PEWNE;Oś napędowa
MO2_335662;Falken;BI856 DRIVE;295/60R22.5 Falken BI856 DRIVE 150/147L 3PMSF M+S DRIVE;ciężarowe;Oś napędowa;PEWNE;Oś napędowa
MO2_335661;Falken;BI856;245/70R17.5 Falken BI856 136/134M M+S DRIVE;ciężarowe;Oś napędowa;PEWNE;Oś napędowa
MO5_BFCR22531580LFD20;Firestone;FD624;315/80R22.5 Firestone FD624 156/150L TL M+S 3PMSF;ciężarowe;Oś napędowa;PEWNE;Oś napędowa
MO5_BFCR22531570LFD20;Firestone;FD624;315/70R22.5 Firestone FD624 154L/152M TL M+S 3PMSF;ciężarowe;Oś napędowa;PEWNE;Oś napędowa
MO5_BFCR22531560LFD20;Firestone;FD624;315/60R22.5 Firestone FD624 152/148L TL M+S 3PMSF;ciężarowe;Oś napędowa;PEWNE;Oś napędowa
MO5_BFCR22529580MFD20;Firestone;FD624;295/80R22.5 Firestone FD624 152/148M TL M+S 3PMSF;ciężarowe;Oś napędowa;PEWNE;Oś napędowa
MO5_BFCR22529560LFD20;Firestone;FD624;295/60R22.5 Firestone FD624 150/147L TL M+S 3PMSF;ciężarowe;Oś napędowa;PEWNE;Oś napędowa
MO5_BFCR19526570MFD40;Firestone;FD611;265/70R19.5 Firestone FD611 140/138M TL M+S 3PMSF;ciężarowe;Oś napędowa;PEWNE;Oś napędowa
MO5_BFCR19524570MFD40;Firestone;FD611;245/70R19.5 Firestone FD611 136/134M TL M+S 3PMSF;ciężarowe;Oś napędowa;PEWNE;Oś napędowa
MO5_BFCR17524570MFD41;Firestone;FD611;245/70R17.5 Firestone FD611 136/134M TL M+S 3PMSF;ciężarowe;Oś napędowa;PEWNE;Oś napędowa
MO5_BFCR17523575MFD41;Firestone;FD611;235/75R17.5 Firestone FD611 132/130M TL M+S 3PMSF;ciężarowe;Oś napędowa;PEWNE;Oś napędowa
MO5_BFCR17522575MFD40;Firestone;FD611;225/75R17.5 Firestone FD611 129/127M TL M+S 3PMSF;ciężarowe;Oś napędowa;PEWNE;Oś napędowa
MO5_BFCR17521575MFD40;Firestone;FD611;215/75R17.5 Firestone FD611 126/124M TL M+S 3PMSF;ciężarowe;Oś napędowa;PEWNE;Oś napędowa
MO5_BFCR17520575MFD40;Firestone;FD611;205/75R17.5 Firestone FD611 124/122M TL M+S 3PMSF;ciężarowe;Oś napędowa;PEWNE;Oś napędowa
MO4_BFCR22531570LFD20;Firestone;FD624;315/70R22.5 Firestone FD624 154L/152M TL M+S 3PMSF;ciężarowe;Oś napędowa;PEWNE;Oś napędowa
MO2_31114;Firestone;FD611;235/75R17.5 Firestone FD611 132M/130M 3PMSF M+S DRIVE;ciężarowe;Oś napędowa;PEWNE;Oś napędowa
MO2_19737;Firestone;FD624;315/70R22.5 Firestone FD624 154L/152M 3PMSF M+S DRIVE;ciężarowe;Oś napędowa;PEWNE;Oś napędowa
MO2_19736;Firestone;FD624;315/80R22.5 Firestone FD624 156L/150L 3PMSF M+S DRIVE;ciężarowe;Oś napędowa;PEWNE;Oś napędowa
MO2_19735;Firestone;FD624;315/60R22.5 Firestone FD624 152/148L DRIVE;ciężarowe;Oś napędowa;PEWNE;Oś napędowa
MO2_19734;Firestone;FD624;295/60R22.5 Firestone FD624 150/147L 3PMSF M+S DRIVE;ciężarowe;Oś napędowa;PEWNE;Oś napędowa
MO2_13491;Firestone;FD611;205/75R17.5 Firestone FD611 124M/122M 3PMSF M+S DRIVE;ciężarowe;Oś napędowa;PEWNE;Oś napędowa
MO2_13481;Firestone;FD611;225/75R17.5 Firestone FD611 129M/127M 3PMSF DRIVE;ciężarowe;Oś napędowa;PEWNE;Oś napędowa
MO2_13480;Firestone;FD611;245/70R19.5 Firestone FD611 136M/134M 3PMSF DRIVE;ciężarowe;Oś napędowa;PEWNE;Oś napędowa
MO2_11084;Firestone;FD611;265/70R19.5 Firestone FD611 140M/138M 3PMSF DRIVE;ciężarowe;Oś napędowa;PEWNE;Oś napędowa
MO2_11083;Firestone;FD611;215/75R17.5 Firestone FD611 128M/126M 3PMSF DRIVE;ciężarowe;Oś napędowa;PEWNE;Oś napędowa
MO5_GFCZ22531580KWRF0;Fulda;WINTERFORCE napęd;315/80R22.5 Fulda WINTERFORCE napęd 156K/154L TL M+S 3PMSF;ciężarowe;Oś napędowa;PEWNE;Oś napędowa
MO5_GFCZ22531570KWFC0;Fulda;WINTERFORCE napęd;315/70R22.5 Fulda WINTERFORCE napęd 154K1/52L TL M+S 3PMSF;ciężarowe;Oś napędowa;PEWNE;Oś napędowa
MO5_GFCZ22529580LWFC1;Fulda;WINTERFORCE napęd;295/80R22.5 Fulda WINTERFORCE napęd 152/148L TL M+S 3PMSF;ciężarowe;Oś napędowa;PEWNE;Oś napędowa
MO5_GFCR22531580LRG30;Fulda;REGIOFORCE 3;315/80R22.5 Fulda REGIOFORCE 3 156L/154M TL M+S 3PMSF;ciężarowe;Oś napędowa;PEWNE;Oś napędowa
MO5_GFCR22531570LRG30;Fulda;REGIOFORCE 3;315/70R22.5 Fulda REGIOFORCE 3 154L/152M TL M+S 3PMSF;ciężarowe;Oś napędowa;PEWNE;Oś napędowa
MO5_GFCR22531560LRG30;Fulda;REGIOFORCE 3;315/60R22.5 Fulda REGIOFORCE 3 152/148L TL M+S 3PMSF;ciężarowe;Oś napędowa;PEWNE;Oś napędowa
MO5_GFCR22531560LE2R0;Fulda;ECOFORCE 2+ napęd;315/60R22.5 Fulda ECOFORCE 2+ napęd 152/148L TL M+S 3PMSF;ciężarowe;Oś napędowa;PEWNE;Oś napędowa
MO5_GFCR22529580MRG30;Fulda;REGIOFORCE 3;295/80R22.5 Fulda REGIOFORCE 3 152/148M TL M+S 3PMSF;ciężarowe;Oś napędowa;PEWNE;Oś napędowa
MO5_GFCR22529560KRG30;Fulda;REGIOFORCE 3;295/60R22.5 Fulda REGIOFORCE 3 150K/149L TL M+S 3PMSF;ciężarowe;Oś napędowa;PEWNE;Oś napędowa
MO5_GFCR22529555KRG30;Fulda;REGIOFORCE 3;295/55R22.5 Fulda REGIOFORCE 3 147/145K TL M+S 3PMSF;ciężarowe;Oś napędowa;PEWNE;Oś napędowa
MO5_GFCR19528570LRGF3;Fulda;REGIOFORCE napęd;285/70R19.5 Fulda REGIOFORCE napęd 146L/140M TL M+S 3PMSF;ciężarowe;Oś napędowa;PEWNE;Oś napędowa
MO5_GFCR19526570MRGF2;Fulda;REGIOFORCE napęd;265/70R19.5 Fulda REGIOFORCE napęd 140/138M TL M+S 3PMSF;ciężarowe;Oś napędowa;PEWNE;Oś napędowa
MO5_GFCR19524570MRGF2;Fulda;REGIOFORCE napęd;245/70R19.5 Fulda REGIOFORCE napęd 136/134M TL M+S 3PMSF;ciężarowe;Oś napędowa;PEWNE;Oś napędowa
MO5_GFCR17524570MRGF2;Fulda;REGIOFORCE napęd;245/70R17.5 Fulda REGIOFORCE napęd 136/134M TL M+S 3PMSF;ciężarowe;Oś napędowa;PEWNE;Oś napędowa
MO5_GFCR17523575MRGF3;Fulda;REGIOFORCE napęd;235/75R17.5 Fulda REGIOFORCE napęd 132/130M TL M+S 3PMSF;ciężarowe;Oś napędowa;PEWNE;Oś napędowa
MO5_GFCR17522575MRGF3;Fulda;REGIOFORCE napęd;225/75R17.5 Fulda REGIOFORCE napęd 129/127M TL M+S 3PMSF;ciężarowe;Oś napędowa;PEWNE;Oś napędowa
MO5_GFCR17521575MRGF2;Fulda;REGIOFORCE napęd;215/75R17.5 Fulda REGIOFORCE napęd 126/124M TL M+S 3PMSF;ciężarowe;Oś napędowa;PEWNE;Oś napędowa
MO5_GFCR17520575MRGF1;Fulda;REGIOFORCE napęd;205/75R17.5 Fulda REGIOFORCE napęd 124/122M TL M+S 3PMSF;ciężarowe;Oś napędowa;PEWNE;Oś napędowa
MO4_GFCR22531570LRG30;Fulda;REGIOFORCE 3;315/70R22.5 Fulda REGIOFORCE 3 154L/152M TL M+S 3PMSF;ciężarowe;Oś napędowa;PEWNE;Oś napędowa
MO4_GFCR22529560KRG30;Fulda;REGIOFORCE 3;295/60R22.5 Fulda REGIOFORCE 3 150K/149L TL M+S 3PMSF;ciężarowe;Oś napędowa;PEWNE;Oś napędowa
MO5_EGCR225F3000LGM01;GOODTRIP;GMD30 ON-OFF ROAD;13R22.5 GOODTRIP GMD30 ON-OFF ROAD 156/153L 20PR TL M+S 3PMSF;ciężarowe;Oś napędowa;PEWNE;Oś napędowa
MO5_EGCR22531580LGM00;GOODTRIP;GMD30 ON-OFF ROAD;315/80R22.5 GOODTRIP GMD30 ON-OFF ROAD 157/154L 20PR TL M+S 3PMSF;ciężarowe;Oś napędowa;PEWNE;Oś napędowa
MO5_EGCR22531580LGHD0;GOODTRIP;GHD20;315/80R22.5 GOODTRIP GHD20 157/154L 20PR TL M+S 3PMSF;ciężarowe;Oś napędowa;PEWNE;Oś napędowa
MO5_EGCR22531570MGHD0;GOODTRIP;GHD20;315/70R22.5 GOODTRIP GHD20 154/151M 20PR TL M+S 3PMSF;ciężarowe;Oś napędowa;PEWNE;Oś napędowa
MO5_EGCR22531560LGHD0;GOODTRIP;GHD20;315/60R22.5 GOODTRIP GHD20 154/148L 20PR TL M+S 3PMSF;ciężarowe;Oś napędowa;PEWNE;Oś napędowa
MO5_EGCR22529580MGHD0;GOODTRIP;GHD20;295/80R22.5 GOODTRIP GHD20 154/149M 18PR TL M+S 3PMSF;ciężarowe;Oś napędowa;PEWNE;Oś napędowa
MO5_EGCR22529560KGHD0;GOODTRIP;GHD20;295/60R22.5 GOODTRIP GHD20 150/147K 18PR TL M+S 3PMSF;ciężarowe;Oś napędowa;PEWNE;Oś napędowa
MO5_EGCR19524570MGH90;GOODTRIP;GHD22;245/70R19.5 GOODTRIP GHD22 136/134M 16PR TL M+S 3PMSF;przemysłowe;Oś napędowa;PEWNE;Oś napędowa
MO5_EGCR17523575MGH90;GOODTRIP;GHD22;235/75R17.5 GOODTRIP GHD22 132/130M 14PR TL M+S 3PMSF;ciężarowe;Oś napędowa;PEWNE;Oś napędowa
MO4_EGCR225F3000LGM01;GOODTRIP;GMD30 ON-OFF ROAD;13R22.5 GOODTRIP GMD30 ON-OFF ROAD 156/153L 20PR TL M+S 3PMSF;ciężarowe;Oś napędowa;PEWNE;Oś napędowa
MO4_EGCR22531580LGM00;GOODTRIP;GMD30 ON-OFF ROAD;315/80R22.5 GOODTRIP GMD30 ON-OFF ROAD 157/154L 20PR TL M+S 3PMSF;ciężarowe;Oś napędowa;PEWNE;Oś napędowa
MO4_EGCR22531580LGHD0;GOODTRIP;GHD20;315/80R22.5 GOODTRIP GHD20 157/154L 20PR TL M+S 3PMSF;ciężarowe;Oś napędowa;PEWNE;Oś napędowa
MO4_EGCR22531570MGHD0;GOODTRIP;GHD20;315/70R22.5 GOODTRIP GHD20 154/151M 20PR TL M+S 3PMSF;ciężarowe;Oś napędowa;PEWNE;Oś napędowa
MO4_EGCR22529580MGHD0;GOODTRIP;GHD20;295/80R22.5 GOODTRIP GHD20 154/149M 18PR TL M+S 3PMSF;ciężarowe;Oś napędowa;PEWNE;Oś napędowa
MO4_EGCR22529560KGHD0;GOODTRIP;GHD20;295/60R22.5 GOODTRIP GHD20 150/147K 18PR TL M+S 3PMSF;ciężarowe;Oś napędowa;PEWNE;Oś napędowa
MO4_EGCR17523575MGH90;GOODTRIP;GHD22;235/75R17.5 GOODTRIP GHD22 132/130M 14PR TL M+S 3PMSF;ciężarowe;Oś napędowa;PEWNE;Oś napędowa
MO2_GOL0041;Goldencrown;MD777;295/80R22.5 Goldencrown MD777 152/149K 3PMSF M+S DRIVE;ciężarowe;Oś napędowa;PEWNE;Oś napędowa
MO2_GOL0029;Goldencrown;MD101;13R22.5 Goldencrown MD101 156/151K 3PMSF M+S DRIVE;ciężarowe;Oś napędowa;PEWNE;Oś napędowa
MO2_GOL0028;Goldencrown;AD153;315/70R22.5 Goldencrown AD153 154/150L DRIVE;ciężarowe;Oś napędowa;PEWNE;Oś napędowa
MO2_GOL0026;Goldencrown;MD101;315/80R22.5 Goldencrown MD101 157/154K 3PMSF DRIVE;ciężarowe;Oś napędowa;PEWNE;Oś napędowa
MO2_GOL0022;Goldencrown;MD777;13R22.5 Goldencrown MD777 156/151K M+S DRIVE;ciężarowe;Oś napędowa;PEWNE;Oś napędowa
MO2_GOL0019;Goldencrown;CM335;315/60R22.5 Goldencrown CM335 152/148M 3PMSF M+S DRIVE;ciężarowe;Oś napędowa;PEWNE;Oś napędowa
MO2_GOL0018;Goldencrown;CM335;295/60R22.5 Goldencrown CM335 150/147K 3PMSF M+S DRIVE;ciężarowe;Oś napędowa;PEWNE;Oś napędowa
MO2_GOL0016;Goldencrown;AD153;315/80R22.5 Goldencrown AD153 154/151M 3PMSF M+S DRIVE;ciężarowe;Oś napędowa;PEWNE;Oś napędowa
MO2_GOL0013;Goldencrown;CM335;315/70R22.5 Goldencrown CM335 154/150L 3PMSF M+S DRIVE;ciężarowe;Oś napędowa;PEWNE;Oś napędowa
MO2_GOL0006;Goldencrown;MD777;315/80R22.5 Goldencrown MD777 154/151L M+S DRIVE;ciężarowe;Oś napędowa;PEWNE;Oś napędowa
MO2_GOL0004;Goldencrown;CM335;315/80R22.5 Goldencrown CM335 154/151M 3PMSF M+S DRIVE;ciężarowe;Oś napędowa;PEWNE;Oś napędowa
MO1_11166085;GoodTrip;GHD20;315/80R22.5 GoodTrip GHD20 154L 20PR TL;ciężarowe;Oś napędowa;PEWNE;Oś napędowa
MO2_728147;Goodyear;KMAX D G3;315/70R22.5 Goodyear KMAX D G3 154L/152M 3PMSF M+S DRIVE;ciężarowe;Oś napędowa;PEWNE;Oś napędowa
MO2_582392;Goodyear;KMAX D G3;315/70R22.5 Goodyear KMAX D G3 154L/152M 3PMSF M+S DRIVE;ciężarowe;Oś napędowa;PEWNE;Oś napędowa
MO2_581003;Goodyear;KMAX D A;295/60R22.5 Goodyear KMAX D A 150K/149L DRIVE;ciężarowe;Oś napędowa;PEWNE;Oś napędowa
MO2_581621;Goodyear;EQMAX D;315/70R22.5 Goodyear EQMAX D 154L/152M 3PMSF M+S DRIVE;ciężarowe;Oś napędowa;WZORZEC;Oś napędowa
MO5_HACR22531580LDHW1;Hankook;DH51;315/80R22.5 Hankook DH51 156/150L M+S 3PMSF;ciężarowe;Oś napędowa;PEWNE;Oś napędowa
MO5_HACR22531580LDHJ0;Hankook;DH31 napęd;315/80R22.5 Hankook DH31 napęd 156/150L M+S 3PMSF;ciężarowe;Oś napędowa;PEWNE;Oś napędowa
MO5_HACR22531570LDHW1;Hankook;DH51;315/70R22.5 Hankook DH51 154/150L M+S 3PMSF;ciężarowe;Oś napędowa;PEWNE;Oś napędowa
MO5_HACR22531570LDHW0;Hankook;DH51;315/70R22.5 Hankook DH51 154/150L M+S 3PMSF;ciężarowe;Oś napędowa;PEWNE;Oś napędowa
MO5_HACR22529580MDHW0;Hankook;DH51;295/80R22.5 Hankook DH51 152/148M M+S 3PMSF;ciężarowe;Oś napędowa;PEWNE;Oś napędowa
MO5_HACR22529580MDHJ1;Hankook;DH31;295/80R22.5 Hankook DH31 152/148M M+S 3PMSF;ciężarowe;Oś napędowa;PEWNE;Oś napędowa
MO5_HACR22529580MDHJ0;Hankook;DH31;295/80R22.5 Hankook DH31 152/148M M+S 3PMSF;ciężarowe;Oś napędowa;PEWNE;Oś napędowa
MO5_HACR22529560KDHJ0;Hankook;DH31;295/60R22.5 Hankook DH31 150/147K M+S 3PMSF;ciężarowe;Oś napędowa;PEWNE;Oś napędowa
MO5_HACR19530570MH352;Hankook;DH35;305/70R19.5 Hankook DH35 148/145M M+S 3PMSF;ciężarowe;Oś napędowa;PEWNE;Oś napędowa
MO5_HACR17526570MH350;Hankook;DH35;265/70R17.5 Hankook DH35 140/138M M+S 3PMSF;ciężarowe;Oś napędowa;PEWNE;Oś napędowa
MO5_HACR17521575MH350;Hankook;DH35;215/75R17.5 Hankook DH35 126/124M M+S 3PMSF;ciężarowe;Oś napędowa;PEWNE;Oś napędowa
MO2_3003876;Hankook;DH51 SMART FLEX;295/60R22.5 Hankook DH51 SMART FLEX 150/147K 3PMSF M+S DRIVE;ciężarowe;Oś napędowa;PEWNE;Oś napędowa
MO2_3003874;Hankook;SMART FLEX DH51;315/60R22.5 Hankook SMART FLEX DH51 152/148L 3PMSF M+S DRIVE;ciężarowe;Oś napędowa;PEWNE;Oś napędowa
MO2_3003834;Hankook;DH51 SMART FLEX;315/80R22.5 Hankook DH51 SMART FLEX 156/150L 3PMSF M+S DRIVE;ciężarowe;Oś napędowa;PEWNE;Oś napędowa
MO2_3003423;Hankook;DH51 SMART FLEX;315/70R22.5 Hankook DH51 SMART FLEX 154/150L 3PMSF M+S DRIVE;ciężarowe;Oś napędowa;PEWNE;Oś napędowa
MO2_3003106;Hankook;DH35;265/70R17.5 Hankook DH35 140/138M DRIVE;ciężarowe;Oś napędowa;PEWNE;Oś napędowa
MO2_3002702;Hankook;DH35;305/70R19.5 Hankook DH35 148/145M 3PMSF M+S DRIVE;ciężarowe;Oś napędowa;PEWNE;Oś napędowa
MO2_3002454;Hankook;DH31;315/60R22.5 Hankook DH31 152/148L DRIVE;ciężarowe;Oś napędowa;PEWNE;Oś napędowa
MO2_3001882;Hankook;DH31;315/70R22.5 Hankook DH31 154/150L DRIVE;ciężarowe;Oś napędowa;PEWNE;Oś napędowa
MO2_3003958;Hankook;DL50;295/60R22.5 Hankook DL50 150/147L 3PMSF M+S DRIVE;ciężarowe;Oś napędowa;WZORZEC;Oś napędowa
MO2_3003957;Hankook;DL50;315/60R22.5 Hankook DL50 152/148L 3PMSF M+S DRIVE;ciężarowe;Oś napędowa;WZORZEC;Oś napędowa
MO2_3003708;Hankook;DL51;315/70R22.5 Hankook DL51 154/150L 3PMSF M+S DRIVE;ciężarowe;Oś napędowa;WZORZEC;Oś napędowa
MO2_115123182C018KDC30;JK Tyre;JETSTEEL JDC3;315/80R22.5 JK Tyre JETSTEEL JDC3 156K/150J 3PMSF M+S DRIVE;ciężarowe;Oś napędowa;PEWNE;Oś napędowa
MO2_1121190020016KDEP0;JK Tyre;JETSTEEL JDE++;9.00R20 JK Tyre JETSTEEL JDE++ 142/140K M+S DRIVE;ciężarowe;Oś napędowa;PEWNE;Oś napędowa
MO2_1121182020016KDEP0;JK Tyre;JETSTEEL JDE++;8.25R20 JK Tyre JETSTEEL JDE++ 137/135K DRIVE;ciężarowe;Oś napędowa;PEWNE;Oś napędowa
MO2_999991497;JK Tyre;JETSTEEL JDL3+;315/80R22.5 JK Tyre JETSTEEL JDL3+ 156L/150J 3PMSF M+S DRIVE;ciężarowe;Oś napędowa;WZORZEC;Oś napędowa
MO2_115123182C018LDL30;JK Tyre;JETSTEEL JDL3;315/80R22.5 JK Tyre JETSTEEL JDL3 156L/150J 3PMSF M+S DRIVE;ciężarowe;Oś napędowa;WZORZEC;Oś napędowa
MO2_115123162C018LDL30;JK Tyre;JETSTEEL JDL3;315/70R22.5 JK Tyre JETSTEEL JDL3 154L/150J 3PMSF M+S DRIVE;ciężarowe;Oś napędowa;WZORZEC;Oś napędowa
MO2_115123142C020LDL30;JK Tyre;JETSTEEL JDL3;315/60R22.5 JK Tyre JETSTEEL JDL3 152L/148L 3PMSF M+S DRIVE;ciężarowe;Oś napędowa;WZORZEC;Oś napędowa
MO2_115122942C018LDL30;JK Tyre;JETSTEEL JDL3;295/60R22.5 JK Tyre JETSTEEL JDL3 150/147L 3PMSF M+S DRIVE;ciężarowe;Oś napędowa;WZORZEC;Oś napędowa
MO5_KUCZ22531580MWD00;Kumho;KWD01;315/80R22.5 Kumho KWD01 154/150M 18PR TL 3PMSF;ciężarowe;Oś napędowa;PEWNE;Oś napędowa
MO5_KUCZ22531570LWD00;Kumho;KWD01;315/70R22.5 Kumho KWD01 154/150L 18PR TL 3PMSF;ciężarowe;Oś napędowa;PEWNE;Oś napędowa
MO5_KUCZ22529580LWD00;Kumho;KWD01;295/80R22.5 Kumho KWD01 152/148L 16PR TL 3PMSF;przemysłowe;Oś napędowa;PEWNE;Oś napędowa
MO2_2373373;Kumho;RD02;305/70R19.5 Kumho RD02 148M/145M 3PMSF DRIVE;ciężarowe;Oś napędowa;PEWNE;Oś napędowa
MO2_2362153;Kumho;XD31;315/70R22.5 Kumho XD31 154/150L 3PMSF M+S DRIVE;ciężarowe;Oś napędowa;WZORZEC;Oś napędowa
MO2_2311793;Kumho;XD10;295/60R22.5 Kumho XD10 150/147K 3PMSF DRIVE;ciężarowe;Oś napędowa;WZORZEC;Oś napędowa
MO2_2289843;Kumho;XD10;315/60R22.5 Kumho XD10 152/148L 3PMSF DRIVE;ciężarowe;Oś napędowa;WZORZEC;Oś napędowa
MO2_2272553;Kumho;LD23;315/70R22.5 Kumho LD23 154/150L 3PMSF DRIVE;ciężarowe;Oś napędowa;WZORZEC;Oś napędowa
MO2_2267683;Kumho;XD10;285/70R19.5 Kumho XD10 146/144M 3PMSF DRIVE;ciężarowe;Oś napędowa;WZORZEC;Oś napędowa
MO2_2261583;Kumho;MD51;315/80R22.5 Kumho MD51 156/150K DRIVE;ciężarowe;Oś napędowa;WZORZEC;Oś napędowa
MO2_2204943;Kumho;XD10;315/80R22.5 Kumho XD10 156L/150L 3PMSF M+S DRIVE;ciężarowe;Oś napędowa;WZORZEC;Oś napędowa
MO2_24846800;Lassa;MAXIWAYS 110D;225/75R17.5 Lassa MAXIWAYS 110D 129/127M DRIVE;ciężarowe;Oś napędowa;WZORZEC;Oś napędowa
MO2_248398;Lassa;MAXIWAYS 110D;235/75R17.5 Lassa MAXIWAYS 110D 132/130M DRIVE;ciężarowe;Oś napędowa;WZORZEC;Oś napędowa
MO2_24836800;Lassa;MAXIWAYS 110D;215/75R17.5 Lassa MAXIWAYS 110D 126/124M 3PMSF M+S DRIVE;ciężarowe;Oś napędowa;WZORZEC;Oś napędowa
MO5_LLCR225F3000KKMD1;LingLong;KMD406;13R22.5 LingLong KMD406 156/150K 18PR TL M+S 3PMSF;ciężarowe;Oś napędowa;PEWNE;Oś napędowa
MO5_LLCR22531580LETD1;LingLong;ETD100 156/150L;315/80R22.5 LingLong ETD100 156/150L 20PR TL M+S 3PMSF;ciężarowe;Oś napędowa;PEWNE;Oś napędowa
MO5_LLCR22531580KKMD1;LingLong;KMD406;315/80R22.5 LingLong KMD406 156/150K 20PR TL M+S 3PMSF;ciężarowe;Oś napędowa;PEWNE;Oś napędowa
MO5_LLCR22531570LKTD1;LingLong;KTD300;315/70R22.5 LingLong KTD300 156L/154M 18PR TL M+S 3PMSF;ciężarowe;Oś napędowa;PEWNE;Oś napędowa
MO5_LLCR22531570LETD1;LingLong;ETD100 156/150L;315/70R22.5 LingLong ETD100 156/150L 18PR TL M+S 3PMSF;ciężarowe;Oś napędowa;PEWNE;Oś napędowa
MO5_LLCR22529580MKTD2;LingLong;KTD300;295/80R22.5 LingLong KTD300 152/148M 16PR TL M+S 3PMSF;przemysłowe;Oś napędowa;PEWNE;Oś napędowa
MO5_LLCR19528570MKLD0;LingLong;KLD200;285/70R19.5 LingLong KLD200 146/144M 18PR TL M+S 3PMSF;ciężarowe;Oś napędowa;PEWNE;Oś napędowa
MO5_LLCR19526570MKLS1;LingLong;KLS200;265/70R19.5 LingLong KLS200 140/138M 16PR TL M+S 3PMSF;przemysłowe;Oś napędowa;PEWNE;Oś napędowa
MO5_LLCR19526570MKLD1;LingLong;KLD200;265/70R19.5 LingLong KLD200 140/138M 16PR TL M+S 3PMSF;przemysłowe;Oś napędowa;PEWNE;Oś napędowa
MO5_LLCR19524570MKLS1;LingLong;KLS200;245/70R19.5 LingLong KLS200 136/134M 16PR TL M+S 3PMSF;przemysłowe;Oś napędowa;PEWNE;Oś napędowa
MO5_LLCR19524570MKLD1;LingLong;KLD200;245/70R19.5 LingLong KLD200 136/134M 16PR TL M+S 3PMSF;przemysłowe;Oś napędowa;PEWNE;Oś napędowa
MO5_LLCR17526570MKLS3;LingLong;KLS200;265/70R17.5 LingLong KLS200 140/138M 16PR TL M+S 3PMSF;przemysłowe;Oś napędowa;PEWNE;Oś napędowa
MO5_LLCR17526570MKLS2;LingLong;KLS200;265/70R17.5 LingLong KLS200 140/138M 16PR TL M+S 3PMSF;przemysłowe;Oś napędowa;PEWNE;Oś napędowa
MO5_LLCR17526570MKLD2;LingLong;KLD200;265/70R17.5 LingLong KLD200 140/138M 16PR TL M+S 3PMSF;przemysłowe;Oś napędowa;PEWNE;Oś napędowa
MO5_LLCR17524570MKLS3;LingLong;KLS200;245/70R17.5 LingLong KLS200 136/134M 16PR TL M+S 3PMSF;przemysłowe;Oś napędowa;PEWNE;Oś napędowa
MO5_LLCR17524570MKLS2;LingLong;KLS200;245/70R17.5 LingLong KLS200 136/134M 16PR TL M+S 3PMSF;przemysłowe;Oś napędowa;PEWNE;Oś napędowa
MO5_LLCR17524570MKLD2;LingLong;KLD200;245/70R17.5 LingLong KLD200 136/134M 16PR TL M+S 3PMSF;przemysłowe;Oś napędowa;PEWNE;Oś napędowa
MO5_LLCR17524570JKL21;LingLong;KLT200;245/70R17.5 LingLong KLT200 143/141J 18PR TL M+S;ciężarowe;Oś napędowa;PEWNE;Oś napędowa
MO5_LLCR17523575MKLD2;LingLong;KLD200;235/75R17.5 LingLong KLD200 132/130M 14PR TL M+S 3PMSF;ciężarowe;Oś napędowa;PEWNE;Oś napędowa
MO5_LLCR17523575MKLD1;LingLong;KLD200;235/75R17.5 LingLong KLD200 132/130M 14PR TL M+S 3PMSF;ciężarowe;Oś napędowa;PEWNE;Oś napędowa
MO5_LLCR17523575JT2L0;LingLong;T20;235/75R17.5 LingLong -T20 143/141J 18PR TL M+S 3PMSF;ciężarowe;Oś napędowa;PEWNE;Oś napędowa
MO5_LLCR17523575JKL21;LingLong;KLT200;235/75R17.5 LingLong KLT200 143/141J 18PR TL M+S;ciężarowe;Oś napędowa;PEWNE;Oś napędowa
MO5_LLCR17522575MKLS1;LingLong;KLS200;225/75R17.5 LingLong KLS200 129/127M 14PR TL M+S 3PMSF;ciężarowe;Oś napędowa;PEWNE;Oś napędowa
MO5_LLCR17522575MKLD0;LingLong;KLD200;225/75R17.5 LingLong KLD200 129/127M 14PR TL M+S 3PMSF;ciężarowe;Oś napędowa;PEWNE;Oś napędowa
MO5_LLCR17521575MKLS0;LingLong;KLS200;215/75R17.5 LingLong KLS200 126/124M 14PR TL M+S 3PMSF;ciężarowe;Oś napędowa;PEWNE;Oś napędowa
MO5_LLCR17521575MKLD0;LingLong;KLD200;215/75R17.5 LingLong KLD200 126/124M 14PR TL M+S 3PMSF;ciężarowe;Oś napędowa;PEWNE;Oś napędowa
MO5_LLCR17521575JT2L0;LingLong;T20;215/75R17.5 LingLong -T20 135/133J 16PR TL M+S 3PMSF;przemysłowe;Oś napędowa;PEWNE;Oś napędowa
MO5_LLCR17521575JKL21;LingLong;KLT200;215/75R17.5 LingLong KLT200 135/133J 16PR TL M+S;przemysłowe;Oś napędowa;PEWNE;Oś napędowa
MO5_LLCR17520565JT2L0;LingLong;T20;205/65R17.5 LingLong -T20 129/127J 16PR TL M+S 3PMSF;przemysłowe;Oś napędowa;PEWNE;Oś napędowa
MO5_LLCR17520565JKL20;LingLong;KLT200;205/65R17.5 LingLong KLT200 129/127J 16PR TL M+S;przemysłowe;Oś napędowa;PEWNE;Oś napędowa
MO4_LLCR22531580LKTD2;LingLong;KTD300;315/80R22.5 LingLong KTD300 156L/154M 20PR TL M+S 3PMSF;ciężarowe;Oś napędowa;PEWNE;Oś napędowa
MO4_LLCR22531580KKMD1;LingLong;KMD406;315/80R22.5 LingLong KMD406 156/150K 20PR TL M+S 3PMSF;ciężarowe;Oś napędowa;PEWNE;Oś napędowa
MO4_LLCR22531570LKTD1;LingLong;KTD300;315/70R22.5 LingLong KTD300 156L/154M 18PR TL M+S 3PMSF;ciężarowe;Oś napędowa;PEWNE;Oś napędowa
MO4_LLCR22531570LETD1;LingLong;ETD100 156/150L;315/70R22.5 LingLong ETD100 156/150L 18PR TL M+S 3PMSF;ciężarowe;Oś napędowa;PEWNE;Oś napędowa
MO4_LLCR22529580MKTD2;LingLong;KTD300;295/80R22.5 LingLong KTD300 152/148M 16PR TL M+S 3PMSF;przemysłowe;Oś napędowa;PEWNE;Oś napędowa
MO4_LLCR19526570MKLS1;LingLong;KLS200;265/70R19.5 LingLong KLS200 140/138M 16PR TL M+S 3PMSF;przemysłowe;Oś napędowa;PEWNE;Oś napędowa
MO4_LLCR19526570MKLD1;LingLong;KLD200;265/70R19.5 LingLong KLD200 140/138M 16PR TL M+S 3PMSF;przemysłowe;Oś napędowa;PEWNE;Oś napędowa
MO4_LLCR19524570MKLS1;LingLong;KLS200;245/70R19.5 LingLong KLS200 136/134M 16PR TL M+S 3PMSF;przemysłowe;Oś napędowa;PEWNE;Oś napędowa
MO4_LLCR17526570MKLS2;LingLong;KLS200;265/70R17.5 LingLong KLS200 140/138M 16PR TL M+S 3PMSF;przemysłowe;Oś napędowa;PEWNE;Oś napędowa
MO4_LLCR17526570MKLD2;LingLong;KLD200;265/70R17.5 LingLong KLD200 140/138M 16PR TL M+S 3PMSF;przemysłowe;Oś napędowa;PEWNE;Oś napędowa
MO4_LLCR17524570MKLS2;LingLong;KLS200;245/70R17.5 LingLong KLS200 136/134M 16PR TL M+S 3PMSF;przemysłowe;Oś napędowa;PEWNE;Oś napędowa
MO4_LLCR17524570MKLD2;LingLong;KLD200;245/70R17.5 LingLong KLD200 136/134M 16PR TL M+S 3PMSF;przemysłowe;Oś napędowa;PEWNE;Oś napędowa
MO4_LLCR17523575MKLD1;LingLong;KLD200;235/75R17.5 LingLong KLD200 132/130M 14PR TL M+S 3PMSF;ciężarowe;Oś napędowa;PEWNE;Oś napędowa
MO4_LLCR17523575JT2L0;LingLong;T20;235/75R17.5 LingLong -T20 143/141J 18PR TL M+S 3PMSF;ciężarowe;Oś napędowa;PEWNE;Oś napędowa
MO4_LLCR17523575JKL21;LingLong;KLT200;235/75R17.5 LingLong KLT200 143/141J 18PR TL M+S;ciężarowe;Oś napędowa;PEWNE;Oś napędowa
MO4_LLCR17521575MKLS0;LingLong;KLS200;215/75R17.5 LingLong KLS200 126/124M 14PR TL M+S 3PMSF;ciężarowe;Oś napędowa;PEWNE;Oś napędowa
MO4_LLCR17521575MKLD0;LingLong;KLD200;215/75R17.5 LingLong KLD200 126/124M 14PR TL M+S 3PMSF;ciężarowe;Oś napędowa;PEWNE;Oś napędowa
MO4_LLCR17521575JT2L0;LingLong;T20;215/75R17.5 LingLong -T20 135/133J 16PR TL M+S 3PMSF;przemysłowe;Oś napędowa;PEWNE;Oś napędowa
MO4_LLCR17520565JT2L0;LingLong;T20;205/65R17.5 LingLong -T20 129/127J 16PR TL M+S 3PMSF;przemysłowe;Oś napędowa;PEWNE;Oś napędowa
MO4_LLCR17520565JKL20;LingLong;KLT200;205/65R17.5 LingLong KLT200 129/127J 16PR TL M+S;przemysłowe;Oś napędowa;PEWNE;Oś napędowa
MO5_LLRR240360708LR70;LingLong;LR700;360/70R24 LingLong LR700 122A8/119B TL;rolnicze;Oś napędowa;WZORZEC;Oś napędowa
MO5_LLPR250M65002LXL0;LingLong;LXL MASTER **;26.5R25 LingLong LXL MASTER ** L-3 209A2 TL;rolnicze;Oś napędowa;WZORZEC;Oś napędowa
MO5_LLPR250G75002LXL0;LingLong;LXL MASTER **;17.5R25 LingLong LXL MASTER ** E-3/L-3 182A2/167B TL;rolnicze;Oś napędowa;WZORZEC;Oś napędowa
MO5_LLPR250G23002LXL0;LingLong;LXL MASTER **;23.5R25 LingLong LXL MASTER ** L-3 201A2 TL;rolnicze;Oś napędowa;WZORZEC;Oś napędowa
MO5_LLPR250G21002LXL0;LingLong;LXL MASTER **;20.5R25 LingLong LXL MASTER ** E-3/L-3 193A2/177B TL;rolnicze;Oś napędowa;WZORZEC;Oś napędowa
MO5_LLCZ22531580LWD60;LingLong;D60 158/150L;315/80R22.5 LingLong -D60 158/150L 22PR TL M+S 3PMSF;ciężarowe;Oś napędowa;WZORZEC;Oś napędowa
MO5_LLCZ22531580LLLW0;LingLong;S60 158/150L;315/80R22.5 LingLong -S60 158/150L 22PR TL M+S 3PMSF;ciężarowe;Oś napędowa;WZORZEC;Oś napędowa
MO5_LLCZ22531570LWD60;LingLong;D60 156/150L;315/70R22.5 LingLong -D60 156/150L 18PR TL M+S 3PMSF;ciężarowe;Oś napędowa;WZORZEC;Oś napędowa
MO5_LLCZ22531570LLLW0;LingLong;S60 156/150L;315/70R22.5 LingLong -S60 156/150L 16PR TL M+S 3PMSF;przemysłowe;Oś napędowa;WZORZEC;Oś napędowa
MO5_LLCZ22529580MWD60;LingLong;D60;295/80R22.5 LingLong -D60 154/149M 18PR TL M+S 3PMSF;ciężarowe;Oś napędowa;WZORZEC;Oś napędowa
MO5_LLCZ22529580MLLW0;LingLong;S60;295/80R22.5 LingLong -S60 154/149M 18PR TL M+S 3PMSF;ciężarowe;Oś napędowa;WZORZEC;Oś napędowa
MO5_LLCR225F3000KMD40;LingLong;D41;13R22.5 LingLong -D41 158/156K 20PR TL M+S;ciężarowe;Oś napędowa;WZORZEC;Oś napędowa
MO5_LLCR22542565KLRT0;LingLong;T30;425/65R22.5 LingLong -T30 165K 20PR TL M+S 3PMSF;ciężarowe;Oś napędowa;WZORZEC;Oś napędowa
MO5_LLCR22531580KMD70;LingLong;D40;315/80R22.5 LingLong -D40 158/150K 22PR TL M+S 3PMSF;ciężarowe;Oś napędowa;WZORZEC;Oś napędowa
MO5_LLCR22531570LD360;LingLong;D36 156/150L;315/70R22.5 LingLong -D36 156/150L 18PR TL M+S 3PMSF;ciężarowe;Oś napędowa;WZORZEC;Oś napędowa
MO5_LLCR22531570L30R0;LingLong;S30;315/70R22.5 LingLong -S30 156L/154M 18PR TL M+S 3PMSF;ciężarowe;Oś napędowa;WZORZEC;Oś napędowa
MO5_LLCR22531560KRD30;LingLong;D30;315/60R22.5 LingLong -D30 153/150K 20PR TL M+S 3PMSF;ciężarowe;Oś napędowa;WZORZEC;Oś napędowa
MO5_LLCR22529580LRD30;LingLong;D30;295/80R22.5 LingLong -D30 154/149L 18PR TL M+S 3PMSF;ciężarowe;Oś napędowa;WZORZEC;Oś napędowa
MO5_LLCR22529560LRD30;LingLong;D30;295/60R22.5 LingLong -D30 150/147L 16PR TL M+S 3PMSF;przemysłowe;Oś napędowa;WZORZEC;Oś napędowa
MO5_LLCR19538555JLLT0;LingLong;T10;385/55R19.5 LingLong -T10 156J 18PR TL M+S 3PMSF;ciężarowe;Oś napędowa;WZORZEC;Oś napędowa
MO5_LLCR17526570MLLD0;LingLong;D20;265/70R17.5 LingLong -D20 140/138M 16PR TL M+S 3PMSF;przemysłowe;Oś napędowa;WZORZEC;Oś napędowa
MO5_LLCR17524570MLLS0;LingLong;S20;245/70R17.5 LingLong -S20 136/134M 16PR TL M+S 3PMSF;przemysłowe;Oś napędowa;WZORZEC;Oś napędowa
MO5_LLCR17524570MLLD0;LingLong;D20;245/70R17.5 LingLong -D20 136/134M 16PR TL M+S 3PMSF;przemysłowe;Oś napędowa;WZORZEC;Oś napędowa
MO5_LLCR17523575MLLS0;LingLong;S20;235/75R17.5 LingLong -S20 132/130M 14PR TL M+S 3PMSF;ciężarowe;Oś napędowa;WZORZEC;Oś napędowa
MO5_LLCR17523575MLLD0;LingLong;D20;235/75R17.5 LingLong -D20 132/130M 14PR TL M+S 3PMSF;ciężarowe;Oś napędowa;WZORZEC;Oś napędowa
MO5_LLCR17522575MLLS0;LingLong;S20;225/75R17.5 LingLong -S20 129/127M 14PR TL M+S 3PMSF;ciężarowe;Oś napędowa;WZORZEC;Oś napędowa
MO5_LLCR17522575MLLD0;LingLong;D20;225/75R17.5 LingLong -D20 129/127M 14PR TL M+S 3PMSF;ciężarowe;Oś napędowa;WZORZEC;Oś napędowa
MO5_LLCR17521575MLLS0;LingLong;S20;215/75R17.5 LingLong -S20 126/124M 14PR TL M+S 3PMSF;ciężarowe;Oś napędowa;WZORZEC;Oś napędowa
MO5_LLCR17521575MLLD0;LingLong;D20;215/75R17.5 LingLong -D20 126/124M 14PR TL M+S 3PMSF;ciężarowe;Oś napędowa;WZORZEC;Oś napędowa
MO5_LLCR17520575MLLS0;LingLong;S20;205/75R17.5 LingLong -S20 124/122M 14PR TL M+S 3PMSF;ciężarowe;Oś napędowa;WZORZEC;Oś napędowa
MO5_LLCR17520575MLLD0;LingLong;D20;205/75R17.5 LingLong -D20 124/122M 14PR TL M+S 3PMSF;ciężarowe;Oś napędowa;WZORZEC;Oś napędowa
MO4_LLCR22531570LRD30;LingLong;D30 156/150L;315/70R22.5 LingLong -D30 156/150L 18PR TL M+S 3PMSF;ciężarowe;Oś napędowa;WZORZEC;Oś napędowa
MO4_LLCR19538555JLLT0;LingLong;T10;385/55R19.5 LingLong -T10 156J 18PR TL M+S 3PMSF;ciężarowe;Oś napędowa;WZORZEC;Oś napędowa
MO4_LLCR17524570MLLS0;LingLong;S20;245/70R17.5 LingLong -S20 136/134M 16PR TL M+S 3PMSF;przemysłowe;Oś napędowa;WZORZEC;Oś napędowa
MO4_LLCR17523575MLLS0;LingLong;S20;235/75R17.5 LingLong -S20 132/130M 14PR TL M+S 3PMSF;ciężarowe;Oś napędowa;WZORZEC;Oś napędowa
MO4_LLCR17523575MLLD0;LingLong;D20;235/75R17.5 LingLong -D20 132/130M 14PR TL M+S 3PMSF;ciężarowe;Oś napędowa;WZORZEC;Oś napędowa
MO4_LLCR17521575MLLS0;LingLong;S20;215/75R17.5 LingLong -S20 126/124M 14PR TL M+S 3PMSF;ciężarowe;Oś napędowa;WZORZEC;Oś napędowa
MO4_LLCR17520575MLLS0;LingLong;S20;205/75R17.5 LingLong -S20 124/122M 14PR TL M+S 3PMSF;ciężarowe;Oś napędowa;WZORZEC;Oś napędowa
MO2_2246103;Marshal;RD50;315/60R22.5 Marshal RD50 152/148L 3PMSF DRIVE;ciężarowe;Oś napędowa;WZORZEC;Oś napędowa
MO2_2218383;Marshal;RD50;265/70R19.5 Marshal RD50 140/138M 3PMSF M+S DRIVE;ciężarowe;Oś napędowa;WZORZEC;Oś napędowa
MO5_MACR225F3000KDM50;Matador;DM 4;13R22.5 Matador DM 4 156/150K 18PR TL M+S 3PMSF;ciężarowe;Oś napędowa;PEWNE;Oś napędowa
MO5_MACR225F2000LFR21;Matador;FR 2 MASTER;12R22.5 Matador FR 2 MASTER 152/148L 16PR TL M+S;przemysłowe;Oś napędowa;PEWNE;Oś napędowa
MO5_MACR225F2000LDH12;Matador;DH 1 DIAMOND;12R22.5 Matador DH 1 DIAMOND 152/148L 16PR TL M+S 3PMSF;przemysłowe;Oś napędowa;PEWNE;Oś napędowa
MO5_MACR225F1000LFR21;Matador;FR 2 MASTER;11R22.5 Matador FR 2 MASTER 148/145L 16PR TL M+S;przemysłowe;Oś napędowa;PEWNE;Oś napędowa
MO5_MACR225F1000LDH12;Matador;DH 1 DIAMOND;11R22.5 Matador DH 1 DIAMOND 148/145L 16PR TL M+S 3PMSF;przemysłowe;Oś napędowa;PEWNE;Oś napędowa
MO5_MACR225F1000KDR12;Matador;DR 1 HECTOR;11R22.5 Matador DR 1 HECTOR 148/145K 16PR TL M+S 3PMSF;przemysłowe;Oś napędowa;PEWNE;Oś napędowa
MO5_MACR225F0000LFR21;Matador;FR 2 MASTER;10R22.5 Matador FR 2 MASTER 144/142L 16PR TL M+S;przemysłowe;Oś napędowa;PEWNE;Oś napędowa
MO5_MACR22531580KDM50;Matador;DM 4;315/80R22.5 Matador DM 4 156/150K 20PR TL M+S 3PMSF;ciężarowe;Oś napędowa;PEWNE;Oś napędowa
MO5_MACR22527570LFR22;Matador;FR 2 MASTER;275/70R22.5 Matador FR 2 MASTER 148/145L 16PR TL M+S;przemysłowe;Oś napędowa;PEWNE;Oś napędowa
MO5_MACR22527570LDR11;Matador;DR 1 HECTOR;275/70R22.5 Matador DR 1 HECTOR 148/145L 16PR TL M+S 3PMSF;przemysłowe;Oś napędowa;PEWNE;Oś napędowa
MO5_MACR200H0000KDR12;Matador;DR 1 HECTOR;10.00R20 Matador DR 1 HECTOR 146/143K 16PR TT M+S;przemysłowe;Oś napędowa;PEWNE;Oś napędowa
MO4_MACR225F1000LFR21;Matador;FR 2 MASTER;11R22.5 Matador FR 2 MASTER 148/145L 16PR TL M+S;przemysłowe;Oś napędowa;PEWNE;Oś napędowa
MO4_MACR225F0000LFR21;Matador;FR 2 MASTER;10R22.5 Matador FR 2 MASTER 144/142L 16PR TL M+S;przemysłowe;Oś napędowa;PEWNE;Oś napędowa
MO4_MACR22531580KDM50;Matador;DM 4;315/80R22.5 Matador DM 4 156/150K 20PR TL M+S 3PMSF;ciężarowe;Oś napędowa;PEWNE;Oś napędowa
MO4_MACR22527570LFR22;Matador;FR 2 MASTER;275/70R22.5 Matador FR 2 MASTER 148/145L 16PR TL M+S;przemysłowe;Oś napędowa;PEWNE;Oś napędowa
MO4_MACR22527570LDR11;Matador;DR 1 HECTOR;275/70R22.5 Matador DR 1 HECTOR 148/145L 16PR TL M+S 3PMSF;przemysłowe;Oś napędowa;PEWNE;Oś napędowa
MO2_889899;Michelin;X MULTI D;315/70R22.5 Michelin X MULTI D 154/150L 3PMSF DRIVE;ciężarowe;Oś napędowa;PEWNE;Oś napędowa
MO2_744200;Michelin;X MULTI D;225/75R17.5 Michelin X MULTI D 129/127M 3PMSF M+S DRIVE;ciężarowe;Oś napędowa;PEWNE;Oś napędowa
MO2_716751;Michelin;X MULTI D;315/60R22.5 Michelin X MULTI D 152/148L 3PMSF DRIVE;ciężarowe;Oś napędowa;PEWNE;Oś napędowa
MO2_616569;Michelin;X MULTI ENERGY D;315/80R22.5 Michelin X MULTI ENERGY D 156/150L 3PMSF M+S DRIVE;ciężarowe;Oś napędowa;PEWNE;Oś napędowa
MO2_5590050;Michelin;X WORKS HD D;13R22.5 Michelin X WORKS HD D 156/151K 3PMSF DRIVE;ciężarowe;Oś napędowa;PEWNE;Oś napędowa
MO2_534025;Michelin;X MULTI D2;265/70R19.5 Michelin X MULTI D2 140/138M 3PMSF M+S DRIVE;ciężarowe;Oś napędowa;PEWNE;Oś napędowa
MO2_390188;Michelin;X MULTI ENERGY D2;315/80R22.5 Michelin X MULTI ENERGY D2 156/150L 3PMSF M+S DRIVE;ciężarowe;Oś napędowa;PEWNE;Oś napędowa
MO2_344930;Michelin;X WORKS Z;13R22.5 Michelin X WORKS Z 156/150K 3PMSF;ciężarowe;Oś napędowa;PEWNE;Oś napędowa
MO2_276740;Michelin;X WORKS HD D;315/80R22.5 Michelin X WORKS HD D 156/150K 3PMSF M+S DRIVE;ciężarowe;Oś napędowa;PEWNE;Oś napędowa
MO2_187913;Michelin;X LINE ENERGY D3;295/60R22.5 Michelin X LINE ENERGY D3 150/147K 3PMSF M+S DRIVE;ciężarowe;Oś napędowa;PEWNE;Oś napędowa
MO2_183666;Michelin;X MULTI D;295/60R22.5 Michelin X MULTI D 150/147L 3PMSF M+S DRIVE;ciężarowe;Oś napędowa;PEWNE;Oś napędowa
MO2_183637;Michelin;X MULTI D;265/70R17.5 Michelin X MULTI D 140/138M 3PMSF DRIVE;ciężarowe;Oś napędowa;PEWNE;Oś napędowa
MO2_175857;Michelin;X WORKS D;13R22.5 Michelin X WORKS D 156/150K 3PMSF DRIVE;ciężarowe;Oś napędowa;PEWNE;Oś napędowa
MO2_165338;Michelin;X LINE ENERGY D;315/80R22.5 Michelin X LINE ENERGY D 156/150L 3PMSF DRIVE;ciężarowe;Oś napędowa;PEWNE;Oś napędowa
MO2_684118;Michelin RMXE;X WORKS D REMIX;315/80R22.5 Michelin RMXE X WORKS D REMIX 156/150K DRIVE;ciężarowe;Oś napędowa;WZORZEC;Oś napędowa
MO2_360188;Michelin RMXE;MULTIWAY XD REMIX;315/60R22.5 Michelin RMXE MULTIWAY XD REMIX 152/148L DRIVE;ciężarowe;Oś napędowa;WZORZEC;Oś napędowa
MO2_T675280;Nokian;E-TRUCK DRIVE;315/80R22.5 Nokian E-TRUCK DRIVE 154/150M 3PMSF DRIVE;ciężarowe;Oś napędowa;WZORZEC;Oś napędowa
MO2_T675035;Nokian;HAKKA TRUCK DRIVE;315/80R22.5 Nokian HAKKA TRUCK DRIVE 154/150M 3PMSF DRIVE;ciężarowe;Oś napędowa;WZORZEC;Oś napędowa
MO5_PPCR22531580LR0V1;PROMETEON;R02 PROFUEL DRIVE;315/80R22.5 PROMETEON R02 PROFUEL DRIVE 158/150L TL M+S 3PMSF;ciężarowe;Oś napędowa;PEWNE;Oś napędowa
MO5_PPCR22531580LR0V0;PROMETEON;R02 PROWAY DRIVE;315/80R22.5 PROMETEON R02 PROWAY DRIVE 158/150L TL M+S 3PMSF;ciężarowe;Oś napędowa;PEWNE;Oś napędowa
MO5_PPCR22531580K02G0;PROMETEON;G02 ECO DRIVE;315/80R22.5 PROMETEON G02 ECO DRIVE 158/156K TL M+S 3PMSF;ciężarowe;Oś napędowa;PEWNE;Oś napędowa
MO5_PPCR22531570LR0V0;PROMETEON;R02 PROWAY DRIVE;315/70R22.5 PROMETEON R02 PROWAY DRIVE 158/150L TL M+S 3PMSF;ciężarowe;Oś napędowa;PEWNE;Oś napędowa
MO5_PPCR22529560LR220;PROMETEON;R02 PROWAY DRIVE;295/60R22.5 PROMETEON R02 PROWAY DRIVE 150/147L TL M+S;ciężarowe;Oś napędowa;PEWNE;Oś napędowa
MO5_PPCR17526570MR0V0;PROMETEON;R02 PROFUEL DRIVE;265/70R17.5 PROMETEON R02 PROFUEL DRIVE 140/138M TL M+S 3PMSF;ciężarowe;Oś napędowa;PEWNE;Oś napędowa
MO5_PPCR17524570MR0V0;PROMETEON;R02 PROFUEL DRIVE;245/70R17.5 PROMETEON R02 PROFUEL DRIVE 136/134M TL M+S 3PMSF;ciężarowe;Oś napędowa;PEWNE;Oś napędowa
MO4_PPCR22529560LR220;PROMETEON;R02 PROWAY DRIVE;295/60R22.5 PROMETEON R02 PROWAY DRIVE 150/147L TL M+S;ciężarowe;Oś napędowa;PEWNE;Oś napędowa
MO2_4103500;Pirelli;R02 PROFUEL DRIVE;265/70R17.5 Pirelli R02 PROFUEL DRIVE 140/138M 3PMSF M+S DRIVE;ciężarowe;Oś napędowa;WZORZEC;Oś napędowa
MO1_10005931;Rovelo;Drive R1;315/70R22.5 Rovelo Drive R1 150L 18PR TL;ciężarowe;Oś napędowa;WZORZEC;Oś napędowa
MO1_10004960;Rovelo;Drive R2;315/80R22.5 Rovelo Drive R2 153L 20PR TL;ciężarowe;Oś napędowa;WZORZEC;Oś napędowa
MO1_10004959;Rovelo;Drive M1;315/80R22.5 Rovelo Drive M1 153K 20PR TL;ciężarowe;Oś napędowa;WZORZEC;Oś napędowa
MO1_10004956;Rovelo;Drive R1;265/70R19.5 Rovelo Drive R1 141J 18PR TL;ciężarowe;Oś napędowa;WZORZEC;Oś napędowa
MO1_10004950;Rovelo;Drive R1;235/75R17.5 Rovelo Drive R1 141L 18PR TL;ciężarowe;Oś napędowa;WZORZEC;Oś napędowa
MO1_10004946;Rovelo;Drive R1;215/75R17.5 Rovelo Drive R1 133L 16PR TL;ciężarowe;Oś napędowa;WZORZEC;Oś napędowa
MO1_10005928;Rovelo;Drive R1;295/60R22.5 Rovelo Drive R1 147L 18PR TL;ciężarowe;Oś napędowa;WZORZEC;Oś napędowa
MO5_GSCR240H2000KO4S0;Sava;ORJAK 24 MS;12.00R24 Sava ORJAK 24 MS 160/156K TT M+S;ciężarowe;Oś napędowa;PEWNE;Oś napędowa
MO5_GSCR240H2000KO240;Sava;ORJAK 24 PLUS;12.00R24 Sava ORJAK 24 PLUS 160/156K TT M+S;ciężarowe;Oś napędowa;PEWNE;Oś napędowa
MO5_GSCR225F3000GOMS1;Sava;ORJAK MSD2 napęd;13R22.5 Sava ORJAK MSD2 napęd 156/150G TL M+S 3PMSF;ciężarowe;Oś napędowa;PEWNE;Oś napędowa
MO5_GSCR225F2000LORJ1;Sava;ORJAK PLUS;12R22.5 Sava ORJAK PLUS 152/148L TL M+S 3PMSF;ciężarowe;Oś napędowa;PEWNE;Oś napędowa
MO5_GSCR225F2000KOMS1;Sava;ORJAK MS napęd;12R22.5 Sava ORJAK MS napęd 152/148K TL M+S 3PMSF;ciężarowe;Oś napędowa;PEWNE;Oś napędowa
MO5_GSCR22531580MOR50;Sava;ORJAK 5;315/80R22.5 Sava ORJAK 5 156L/154M TL M+S 3PMSF;ciężarowe;Oś napędowa;PEWNE;Oś napędowa
MO5_GSCR22531570MOR50;Sava;ORJAK 5;315/70R22.5 Sava ORJAK 5 154L/152M TL M+S 3PMSF;ciężarowe;Oś napędowa;PEWNE;Oś napędowa
MO5_GSCR22531560LOR50;Sava;ORJAK 5;315/60R22.5 Sava ORJAK 5 152/148L TL M+S 3PMSF;ciężarowe;Oś napędowa;PEWNE;Oś napędowa
MO5_GSCR22529580MOR50;Sava;ORJAK 5;295/80R22.5 Sava ORJAK 5 152/148M TL M+S 3PMSF;ciężarowe;Oś napędowa;PEWNE;Oś napędowa
MO5_GSCR22529560KOR50;Sava;ORJAK 5;295/60R22.5 Sava ORJAK 5 150K/149L TL M+S 3PMSF;ciężarowe;Oś napędowa;PEWNE;Oś napędowa
MO5_GSCR19528570LORJ2;Sava;ORJAK;285/70R19.5 Sava ORJAK 146L/140M TL M+S 3PMSF;ciężarowe;Oś napędowa;PEWNE;Oś napędowa
MO5_GSCR19526570MORJ2;Sava;ORJAK;265/70R19.5 Sava ORJAK 140/138M TL M+S;ciężarowe;Oś napędowa;PEWNE;Oś napędowa
MO5_GSCR19524570MORJ3;Sava;ORJAK;245/70R19.5 Sava ORJAK 136/134M TL M+S 3PMSF;ciężarowe;Oś napędowa;PEWNE;Oś napędowa
MO5_GSCR175H0900MTAM1;Sava;TAMAR PLUS;9.5R17.5 Sava TAMAR PLUS 129/127M TL M+S 3PMSF;ciężarowe;Oś napędowa;PEWNE;Oś napędowa
MO5_GSCR175D8500MTAM0;Sava;TAMAR PLUS;8.5R17.5 Sava TAMAR PLUS 121/120M TL M+S;ciężarowe;Oś napędowa;PEWNE;Oś napędowa
MO5_GSCR17523575MOR41;Sava;ORJAK 4;235/75R17.5 Sava ORJAK 4 132/130M TL M+S 3PMSF;ciężarowe;Oś napędowa;PEWNE;Oś napędowa
MO5_GSCR17522575MOR41;Sava;ORJAK 4;225/75R17.5 Sava ORJAK 4 129/127M TL M+S 3PMSF;ciężarowe;Oś napędowa;PEWNE;Oś napędowa
MO5_GSCR17521575MOR41;Sava;ORJAK 4;215/75R17.5 Sava ORJAK 4 126/124M TL M+S 3PMSF;ciężarowe;Oś napędowa;PEWNE;Oś napędowa
MO5_GSCR17520575MOR41;Sava;ORJAK 4;205/75R17.5 Sava ORJAK 4 124/122M TL M+S 3PMSF;ciężarowe;Oś napędowa;PEWNE;Oś napędowa
MO4_GSCR22531570MOR50;Sava;ORJAK 5;315/70R22.5 Sava ORJAK 5 154L/152M TL M+S 3PMSF;ciężarowe;Oś napędowa;PEWNE;Oś napędowa
MO2_573974;Sava;ORJAK O3;265/70R19.5 Sava ORJAK O3 140/138M 3PMSF DRIVE;ciężarowe;Oś napędowa;PEWNE;Oś napędowa
MO2_573247;Sava;ORJAK MS;315/80R22.5 Sava ORJAK MS 156/150K 3PMSF DRIVE;ciężarowe;Oś napędowa;PEWNE;Oś napędowa
MO2_570678;Sava;ORJAK 5;295/60R22.5 Sava ORJAK 5 150K/149L 3PMSF M+S DRIVE;ciężarowe;Oś napędowa;PEWNE;Oś napędowa
MO2_570675;Sava;ORJAK 5;295/80R22.5 Sava ORJAK 5 152/148M 3PMSF DRIVE;ciężarowe;Oś napędowa;PEWNE;Oś napędowa
MO2_570673;Sava;ORJAK 5;315/70R22.5 Sava ORJAK 5 154L/152M 3PMSF DRIVE;ciężarowe;Oś napędowa;PEWNE;Oś napędowa
MO2_570669;Sava;ORJAK 5;315/60R22.5 Sava ORJAK 5 152/148L 3PMSF M+S DRIVE;ciężarowe;Oś napędowa;PEWNE;Oś napędowa
MO2_570243;Sava;ORJAK 5;315/80R22.5 Sava ORJAK 5 156L/154M 3PMSF M+S DRIVE;ciężarowe;Oś napędowa;PEWNE;Oś napędowa
MO5_CUCR22531580LUD40;Uniroyal;DH40;315/80R22.5 Uniroyal DH40 156/150L TL M+S 3PMSF;ciężarowe;Oś napędowa;PEWNE;Oś napędowa
MO5_CUCR22531570LUD40;Uniroyal;DH40;315/70R22.5 Uniroyal DH40 154/150L TL M+S 3PMSF;ciężarowe;Oś napędowa;PEWNE;Oś napędowa
MO5_CUCR22529580MUD40;Uniroyal;DH40;295/80R22.5 Uniroyal DH40 152/148M TL M+S 3PMSF;ciężarowe;Oś napędowa;PEWNE;Oś napędowa
MO5_CUCR22529560LDH00;Uniroyal;DH100;295/60R22.5 Uniroyal DH100 150/147L TL M+S 3PMSF;ciężarowe;Oś napędowa;PEWNE;Oś napędowa
MO5_CUCR19528570MUD40;Uniroyal;DH40;285/70R19.5 Uniroyal DH40 146/144M 16PR TL M+S 3PMSF;przemysłowe;Oś napędowa;PEWNE;Oś napędowa
MO5_CUCR17524570MUD41;Uniroyal;DH40;245/70R17.5 Uniroyal DH40 136/134M 14PR TL M+S 3PMSF;ciężarowe;Oś napędowa;PEWNE;Oś napędowa
MO5_CUCR17522575MUD40;Uniroyal;DH40;225/75R17.5 Uniroyal DH40 129/127M 12PR TL M+S 3PMSF;ciężarowe;Oś napędowa;PEWNE;Oś napędowa
MO5_CUCR17521575MUD41;Uniroyal;DH40;215/75R17.5 Uniroyal DH40 126/124M 12PR TL M+S 3PMSF;ciężarowe;Oś napędowa;PEWNE;Oś napędowa
MO2_WL0914;West Lake;WDL2+;315/70R22.5 West Lake WDL2+ 154L/150L 3PMSF M+S DRIVE;ciężarowe;Oś napędowa;PEWNE;Oś napędowa
MO2_WL0913;West Lake;WDL2+;315/60R22.5 West Lake WDL2+ 154K/150K 3PMSF M+S DRIVE;ciężarowe;Oś napędowa;PEWNE;Oś napędowa
MO2_WL0911;West Lake;WDA2;245/70R17.5 West Lake WDA2 136M/134M 3PMSF M+S DRIVE;ciężarowe;Oś napędowa;PEWNE;Oś napędowa
MO2_WL0439;West Lake;WDR+1;205/75R17.5 West Lake WDR+1 124/122M 3PMSF M+S DRIVE;ciężarowe;Oś napędowa;PEWNE;Oś napędowa
MO2_WL0438;West Lake;WDR+1;245/70R19.5 West Lake WDR+1 136/134M 3PMSF M+S DRIVE;ciężarowe;Oś napędowa;PEWNE;Oś napędowa
MO2_WL0437;West Lake;WDR+1;285/70R19.5 West Lake WDR+1 146/144M 3PMSF M+S DRIVE;ciężarowe;Oś napędowa;PEWNE;Oś napędowa
MO2_WL0436;West Lake;WDA2;315/80R22.5 West Lake WDA2 156/153L 3PMSF M+S DRIVE;ciężarowe;Oś napędowa;PEWNE;Oś napędowa
MO2_WL0358;West Lake;WDA2;265/70R19.5 West Lake WDA2 140/138M 3PMSF M+S DRIVE;ciężarowe;Oś napędowa;PEWNE;Oś napędowa
MO2_WL0285;West Lake;WDR+1;265/70R19.5 West Lake WDR+1 140/138M 3PMSF M+S DRIVE;ciężarowe;Oś napędowa;PEWNE;Oś napędowa
MO2_WL0284;West Lake;WDA2;315/70R22.5 West Lake WDA2 156/150L 3PMSF M+S DRIVE;ciężarowe;Oś napędowa;PEWNE;Oś napędowa
MO2_WL0255;West Lake;WDA2;235/75R17.5 West Lake WDA2 132/130M 3PMSF M+S DRIVE;ciężarowe;Oś napędowa;PEWNE;Oś napędowa
MO2_WL0171;West Lake;WDL1;295/55R22.5 West Lake WDL1 147/145K 3PMSF M+S DRIVE;ciężarowe;Oś napędowa;PEWNE;Oś napędowa
MO2_WL0147;West Lake;WDL1;315/60R22.5 West Lake WDL1 154/150K 3PMSF M+S DRIVE;ciężarowe;Oś napędowa;PEWNE;Oś napędowa
MO2_WL0122;West Lake;WDR+1;245/70R17.5 West Lake WDR+1 136/134M 3PMSF M+S DRIVE;ciężarowe;Oś napędowa;PEWNE;Oś napędowa
MO2_WL0121;West Lake;WDR+1;215/75R17.5 West Lake WDR+1 128/126M 3PMSF M+S DRIVE;ciężarowe;Oś napędowa;PEWNE;Oś napędowa
MO2_WL0118;West Lake;WDR+1;235/75R17.5 West Lake WDR+1 132/130M 3PMSF M+S DRIVE;ciężarowe;Oś napędowa;PEWNE;Oś napędowa
MO2_WL0113;West Lake;WDL1;295/60R22.5 West Lake WDL1 150/147K 3PMSF M+S DRIVE;ciężarowe;Oś napędowa;PEWNE;Oś napędowa
MO2_WL00485;West Lake;WDL2+;295/60R22.5 West Lake WDL2+ 150/147K 3PMSF M+S DRIVE;ciężarowe;Oś napędowa;PEWNE;Oś napędowa
MO2_WL0048;West Lake;WDR1;315/80R22.5 West Lake WDR1 156/153L 3PMSF M+S DRIVE;ciężarowe;Oś napędowa;PEWNE;Oś napędowa
MO2_WL0045;West Lake;WDR1;315/70R22.5 West Lake WDR1 154/150L 3PMSF M+S DRIVE;ciężarowe;Oś napędowa;PEWNE;Oś napędowa
MO2_WL0043;West Lake;WDR1;295/80R22.5 West Lake WDR1 152/149M 3PMSF M+S DRIVE;ciężarowe;Oś napędowa;PEWNE;Oś napędowa
MO2_WL0908;West Lake;WDM2;13R22.5 West Lake WDM2 156/151K 3PMSF M+S DRIVE;ciężarowe;Oś napędowa;WZORZEC;Oś napędowa
MO2_WL0287;West Lake;WDM2;315/80R22.5 West Lake WDM2 156K/153K 3PMSF M+S DRIVE;ciężarowe;Oś napędowa;WZORZEC;Oś napędowa
MO2_WL0110;West Lake;WDM1;13R22.5 West Lake WDM1 156/151K 3PMSF M+S DRIVE;ciężarowe;Oś napędowa;WZORZEC;Oś napędowa
MO2_WL0080;West Lake;WDM1;315/80R22.5 West Lake WDM1 156/153K 3PMSF M+S DRIVE;ciężarowe;Oś napędowa;WZORZEC;Oś napędowa
MO3_60055265A885;Alliance;885;600/55R26.5 Alliance 885 165D TL;rolnicze;Przyczepa;PEWNE;Przyczepa
MO3_75060305A885;Alliance;885;750/60R30.5 Alliance 885 181D TL;rolnicze;Przyczepa;PEWNE;Przyczepa
MO3_56060225A885;Alliance;885;560/60R22.5 Alliance 885 164D TL;rolnicze;Przyczepa;PEWNE;Przyczepa
MO3_71045225a388demo;Alliance;388;710/45R22.5 Alliance 388 156D TL demo;rolnicze;Przyczepa;PEWNE;Przyczepa
MO3_3406518a571;Alliance;571;340/65R18 Alliance 571 145E/148A8 TL;rolnicze;Przyczepa;PEWNE;Przyczepa
MO3_31155015a3328;Alliance;A-332;31x15.50-15 Alliance A-332 8PR TL;rolnicze;Przyczepa;PEWNE;Przyczepa
MO3_40055175AL;Alliance;328;400/55-17.5 Alliance 328 16PR TL;rolnicze;Przyczepa;PEWNE;Przyczepa / Flotacja
MO3_50060225AA-33116;Alliance;A-331;500/60-22.5 Alliance A-331 16PR TL;rolnicze;Przyczepa;PEWNE;Przyczepa / Flotacja
MO3_65055265ALLIAN;Alliance;885;650/55R26.5 Alliance 885 170D TL;rolnicze;Przyczepa;PEWNE;Przyczepa
MO3_55060225A;Alliance;328;550/60-22.5 Alliance 328 16PR TL;rolnicze;Przyczepa;PEWNE;Przyczepa / Flotacja
MO3_85050305A;Alliance;590;850/50R30.5 Alliance 590 182D TL;rolnicze;Przyczepa;PEWNE;Przyczepa
MO3_55045225A;Alliance;380;550/45R22.5 Alliance 380 151E TL;rolnicze;Przyczepa;PEWNE;Przyczepa / Flotacja
MO3_70040225A;Alliance;328;700/40-22.5 Alliance 328 16PR TL;rolnicze;Przyczepa;PEWNE;Przyczepa / Flotacja
MO3_50060225ALLI;Alliance;328 Value;500/60-22.5 Alliance 328 Value 16PR TL;rolnicze;Przyczepa;PEWNE;Przyczepa / Flotacja
MO3_60055265A1;Alliance;328;600/55-26.5 Alliance 328 16PR TL;rolnicze;Przyczepa;PEWNE;Przyczepa / Flotacja
MO2_88500801AL-IG;Alliance;885;850/50R30.5 Alliance 885 182D TL;rolnicze;Przyczepa;PEWNE;Przyczepa
MO2_88500800AL-IN;Alliance;885;800/45R30.5 Alliance 885 176D TL;rolnicze;Przyczepa;PEWNE;Przyczepa
MO2_88500710AL-IN;Alliance;885;750/60R30.5 Alliance 885 181D TL;rolnicze;Przyczepa;PEWNE;Przyczepa
MO2_88500710AL-IG;Alliance;885;750/60R30.5 Alliance 885 181D TL;rolnicze;Przyczepa;PEWNE;Przyczepa
MO2_88500670AL-IG;Alliance;885;750/45R26.5 Alliance 885 170D TL;rolnicze;Przyczepa;PEWNE;Przyczepa
MO2_88500645AL-IN;Alliance;885;710/50R30.5 Alliance 885 173D TL;rolnicze;Przyczepa;PEWNE;Przyczepa
MO2_88500640AL-IG;Alliance;A-885;710/50R26.5 Alliance A-885 170D TL;rolnicze;Przyczepa;PEWNE;Przyczepa
MO2_88500622AL-IN;Alliance;885;710/45R22.5 Alliance 885 165D TL;rolnicze;Przyczepa;PEWNE;Przyczepa
MO2_88500612AL-IN;Alliance;885;650/50R22.5 Alliance 885 163D TL;rolnicze;Przyczepa;PEWNE;Przyczepa
MO2_88500582AL-IN;Alliance;885;600/50R22.5 Alliance 885 159D TL;rolnicze;Przyczepa;PEWNE;Przyczepa
MO2_88200200AL-IN;Alliance;882;600/50R22.5 Alliance 882 162D/159E TL;rolnicze;Przyczepa;PEWNE;Przyczepa
MO2_88200008AL-IN;Alliance;882;500/60R22.5 Alliance 882 155D TL;rolnicze;Przyczepa;PEWNE;Przyczepa
MO2_59000795AL-IG;Alliance;590;650/65R30.5 Alliance 590 184D TL;rolnicze;Przyczepa;PEWNE;Przyczepa
MO2_59000292AL-IG;Alliance;590;560/60R22.5 Alliance 590 169D TL;rolnicze;Przyczepa;PEWNE;Przyczepa
MO2_59000008AL-AP;Alliance;590;710/50R26.5 Alliance 590 170D TL;rolnicze;Przyczepa;PEWNE;Przyczepa
MO2_54200107AL-IG;Alliance;I-1 RIB IMPLEMENT;11-15 Alliance I-1 RIB IMPLEMENT 12PR TL;rolnicze;Przyczepa;PEWNE;Przyczepa
MO2_48801002AL-IG;Alliance;488;600/50-22.5 Alliance 488 164J TL;rolnicze;Przyczepa;PEWNE;Przyczepa / Flotacja
MO2_38988009AL-IG;Alliance;Agriflex 389 +;VF500/60R22.5 Alliance Agriflex 389 + 160D TL;rolnicze;Przyczepa;PEWNE;Przyczepa / Flotacja
MO2_38988007AL-IG;Alliance;Agriflex 389 + XT;VF600/55R26.5 Alliance Agriflex 389 + XT 170D TL;rolnicze;Przyczepa;PEWNE;Przyczepa / Flotacja
MO2_38988005AL-IG;Alliance;Agriflex 389 + XT;VF750/60R30.5 Alliance Agriflex 389 + XT 187D TL;rolnicze;Przyczepa;PEWNE;Przyczepa / Flotacja
MO2_38900042AL-AP;Alliance;Agriflex 389 + XT;VF850/50R30.5 Alliance Agriflex 389 + XT 188D TL;rolnicze;Przyczepa;PEWNE;Przyczepa / Flotacja
MO2_38102618AL-IN;Alliance;381;620/50R22.5 Alliance 381 161D TL;rolnicze;Przyczepa;PEWNE;Przyczepa / Flotacja
MO2_38102600AL-IN;Alliance;381 FLOTAMASTER;620/40R22.5 Alliance 381 FLOTAMASTER 148D TL;rolnicze;Przyczepa;PEWNE;Przyczepa / Flotacja
MO2_38100007AL;Alliance;381;500/50R17 Alliance 381 149D TL;rolnicze;Przyczepa;PEWNE;Przyczepa / Flotacja
MO2_38100006AL-IN;Alliance;381;500/50R17 Alliance 381 146D TL;rolnicze;Przyczepa;PEWNE;Przyczepa / Flotacja
MO2_38030522AL;Alliance;380 STEEL BELTED;650/60R26.5 Alliance 380 STEEL BELTED 173D TL;rolnicze;Przyczepa;PEWNE;Przyczepa / Flotacja
MO2_38022999AL;Alliance;380;600/55R22.5 Alliance 380 165D/162E TL;rolnicze;Przyczepa;PEWNE;Przyczepa / Flotacja
MO2_38022968AL-IG;Alliance;380;600/50R22.5 Alliance 380 168D TL;rolnicze;Przyczepa;PEWNE;Przyczepa / Flotacja
MO2_38022953AL;Alliance;380;550/45R22.5 Alliance 380 151E TL;rolnicze;Przyczepa;PEWNE;Przyczepa / Flotacja
MO2_33201400AL-IN;Alliance;332;31x15.50-15 Alliance 332 8PR TL;rolnicze;Przyczepa;PEWNE;Przyczepa
MO2_33117108AL;Alliance;331 FLOTATION;500/60-22.5 Alliance 331 FLOTATION 163A8/159B 16PR TL;leśne;Przyczepa;PEWNE;Przyczepa / Flotacja
MO2_32897081VP-IG;Alliance;328 VALUE PLUS;500/45-22.5 Alliance 328 VALUE PLUS 16PR TL;rolnicze;Przyczepa;PEWNE;Przyczepa / Flotacja
MO2_32897021VP-IG;Alliance;328 VALUE PLUS;400/55-22.5 Alliance 328 VALUE PLUS 16PR TL;rolnicze;Przyczepa;PEWNE;Przyczepa / Flotacja
MO2_32887060VP-IN;Alliance;328 VALUE PLUS;550/45-22.5 Alliance 328 VALUE PLUS 16PR TL;rolnicze;Przyczepa;PEWNE;Przyczepa / Flotacja
MO2_32887060VP-IG;Alliance;328 VALUE PLUS;550/45-22.5 Alliance 328 VALUE PLUS 16PR TL;rolnicze;Przyczepa;PEWNE;Przyczepa / Flotacja
MO2_32862024AL-AP;Alliance;328 XP;700/50-26.5 Alliance 328 XP 174A8/170B TL;rolnicze;Przyczepa;PEWNE;Przyczepa / Flotacja
MO2_32862023AL;Alliance;328;700/50-26.5 Alliance 328 174A8/170B TL;rolnicze;Przyczepa;PEWNE;Przyczepa / Flotacja
MO2_32853003AL-IG;Alliance;328;600/55-26.5 Alliance 328 170A8/167B 16PR TL;rolnicze;Przyczepa;PEWNE;Przyczepa / Flotacja
MO2_32852215AL;Alliance;328;600/55-26.5 Alliance 328 163C TL;rolnicze;Przyczepa;PEWNE;Przyczepa / Flotacja
MO2_32841144;Alliance;328;700/50-22.5 Alliance 328 167D/166E TL;rolnicze;Przyczepa;PEWNE;Przyczepa / Flotacja
MO2_32840020AL-IG;Alliance;328 FLOTATION;700/50-22.5 Alliance 328 FLOTATION 174A8/170B 16PR TL;rolnicze;Przyczepa;PEWNE;Przyczepa / Flotacja
MO2_32835319AL-IN;Alliance;328;700/40-22.5 Alliance 328 16PR TL;rolnicze;Przyczepa;PEWNE;Przyczepa / Flotacja
MO2_32832520AL-IG;Alliance;328;600/50-22.5 Alliance 328 16PR TL;rolnicze;Przyczepa;PEWNE;Przyczepa / Flotacja
MO2_32832150VP-IG;Alliance;328 VALUE PLUS;550/60-22.5 Alliance 328 VALUE PLUS 166A8 16PR TL;rolnicze;Przyczepa;PEWNE;Przyczepa / Flotacja
MO2_32828108VP-IG;Alliance;328 VALUE PLUS;500/60-22.5 Alliance 328 VALUE PLUS 16PR TL;rolnicze;Przyczepa;PEWNE;Przyczepa / Flotacja
MO2_32827420AL;Alliance;328;500/50R17 Alliance 328 145D TL;rolnicze;Przyczepa;PEWNE;Przyczepa / Flotacja
MO2_32827054AL-IN;Alliance;328 FLOTATION;550/45-22.5 Alliance 328 FLOTATION 159A8/147A8 16PR TL;rolnicze;Przyczepa;PEWNE;Przyczepa / Flotacja
MO2_32827054AL-IG;Alliance;328 FLOTATION;550/45-22.5 Alliance 328 FLOTATION 159A8/156B 16PR TL;rolnicze;Przyczepa;PEWNE;Przyczepa / Flotacja
MO2_32827045AL-IN;Alliance;328;400/60-22.5 Alliance 328 160A8 18PR TL;rolnicze;Przyczepa;PEWNE;Przyczepa / Flotacja
MO2_32826825VP-IN;Alliance;328 VALUE PLUS;400/60-15.5 Alliance 328 VALUE PLUS 16PR TL;rolnicze;Przyczepa;PEWNE;Przyczepa / Flotacja
MO2_32826825VP-IG;Alliance;328 VALUE PLUS;400/60-15.5 Alliance 328 VALUE PLUS 148A8/144B 16PR TL;rolnicze;Przyczepa;PEWNE;Przyczepa / Flotacja
MO2_32822012VP-IN;Alliance;328 VALUE PLUS;10.0/75-15.3 Alliance 328 VALUE PLUS 126A8 12PR TL;rolnicze;Przyczepa;PEWNE;Przyczepa / Flotacja
MO2_32800028AL-AP;Alliance;328 XP;600/55-22.5 Alliance 328 XP 162D 16PR TL;rolnicze;Przyczepa;PEWNE;Przyczepa / Flotacja
MO2_32800027AL-AP;Alliance;328 XP;800/45-26.5 Alliance 328 XP 177A8/173B 16PR TL;rolnicze;Przyczepa;PEWNE;Przyczepa / Flotacja
MO2_32800016AL-IN;Alliance;328;500/50R17 Alliance 328 158A8/155B TL;rolnicze;Przyczepa;PEWNE;Przyczepa / Flotacja
MO2_32800011VP-IN;Alliance;328 VALUE PLUS;19.0/45-17 Alliance 328 VALUE PLUS 14PR TL;rolnicze;Przyczepa;PEWNE;Przyczepa / Flotacja
MO2_32700050AL-IN;Alliance;327;19.0/45-17 Alliance 327 14PR TL;rolnicze;Przyczepa;PEWNE;Implement rolniczy
MO2_32700025AL-IN;Alliance;327;15.0/55-17 Alliance 327 12PR TL;rolnicze;Przyczepa;PEWNE;Implement rolniczy
MO2_22101404AL-IG;Alliance;221;31x15.50-15 Alliance 221 8PR TL;rolnicze;Przyczepa;PEWNE;Przyczepa
MO2_152.11.646;Alliance;GRASSLAND FLOTATION 221;33x15.50-15 Alliance GRASSLAND FLOTATION 221 124B 8PR TL;rolnicze;Przyczepa;PEWNE;Przyczepa / Flotacja
MO1_15216265;Alliance;885;750/60R30.5 Alliance 885 181D SB TL;rolnicze;Przyczepa;PEWNE;Przyczepa
MO1_15216252;Alliance;885;650/65R26.5 Alliance 885 174D SB TL;rolnicze;Przyczepa;PEWNE;Przyczepa
MO1_15216250;Alliance;885;650/55R26.5 Alliance 885 170D SB TL;rolnicze;Przyczepa;PEWNE;Przyczepa
MO1_15216249;Alliance;885;650/50R22.5 Alliance 885 163D SB TL;rolnicze;Przyczepa;PEWNE;Przyczepa
MO1_15216248;Alliance;885;600/55R26.5 Alliance 885 165D SB TL;rolnicze;Przyczepa;PEWNE;Przyczepa
MO1_15216245;Alliance;885;710/45R22.5 Alliance 885 165D SB TL;rolnicze;Przyczepa;PEWNE;Przyczepa
MO1_15216170;Alliance;Flotmaster 381;620/55R26.5 Alliance Flotmaster 381 166D SB TL;rolnicze;Przyczepa;PEWNE;Przyczepa / Flotacja
MO1_15216131;Alliance;Flotmaster 381;620/40R22.5 Alliance Flotmaster 381 148D TL;rolnicze;Przyczepa;PEWNE;Przyczepa / Flotacja
MO1_15216050;Alliance;Flotmaster 381;500/50R17 Alliance Flotmaster 381 146D TL;rolnicze;Przyczepa;PEWNE;Przyczepa / Flotacja
MO1_15215740;Alliance;380;650/60R26.5 Alliance 380 173D SB TL;rolnicze;Przyczepa;PEWNE;Przyczepa / Flotacja
MO1_15215700;Alliance;380;650/55R26.5 Alliance 380 170D/167E SB TL;rolnicze;Przyczepa;PEWNE;Przyczepa / Flotacja
MO1_15215600;Alliance;380;560/60R22.5 Alliance 380 164D/161E SB TL;rolnicze;Przyczepa;PEWNE;Przyczepa / Flotacja
MO1_15215562;Alliance;882;600/50R22.5 Alliance 882 162D/159E SB TL;rolnicze;Przyczepa;PEWNE;Przyczepa
MO1_15215531;Alliance;882;560/60R22.5 Alliance 882 165D SB TL;rolnicze;Przyczepa;PEWNE;Przyczepa
MO1_15212820;Alliance;Flotation 331;700/50-26.5 Alliance Flotation 331 162A8/174A8 16PR TL;rolnicze;Przyczepa;PEWNE;Przyczepa / Flotacja
MO1_15212721;Alliance;Flotation 328;600/55-26.5 Alliance Flotation 328 167B/163C 16PR TL;rolnicze;Przyczepa;PEWNE;Przyczepa / Flotacja
MO1_15212705;Alliance;Forestry 331;500/60-26.5 Alliance Forestry 331 170A2/163A8 16PR TL;leśne;Przyczepa;PEWNE;Przyczepa / Flotacja
MO1_15212670;Alliance;Flotation 328;700/50-22.5 Alliance Flotation 328 167D/166E 16PR TL;rolnicze;Przyczepa;PEWNE;Przyczepa / Flotacja
MO1_15212625;Alliance;328 Value Plus;550/60-22.5 Alliance 328 Value Plus 154A8/166A8 16PR TL;rolnicze;Przyczepa;PEWNE;Przyczepa / Flotacja
MO1_15212616;Alliance;Flotation 328;550/60-22.5 Alliance Flotation 328 154A8/166A8 16PR TL;rolnicze;Przyczepa;PEWNE;Przyczepa / Flotacja
MO1_15212598;Alliance;Flotation 328;550/45-22.5 Alliance Flotation 328 147A8/159A8 16PR TL;rolnicze;Przyczepa;PEWNE;Przyczepa / Flotacja
MO1_15212591;Alliance;328 Value Plus;550/45-22.5 Alliance 328 Value Plus 147A8/159A8 16PR TL;rolnicze;Przyczepa;PEWNE;Przyczepa / Flotacja
MO1_15212584;Alliance;Flotation 328;500/60-22.5 Alliance Flotation 328 153A8/165A8 18PR TL;rolnicze;Przyczepa;PEWNE;Przyczepa / Flotacja
MO1_15212250;Alliance;Flotation 328;400/55-17.5 Alliance Flotation 328 136A8/149A8 16PR TL;rolnicze;Przyczepa;PEWNE;Przyczepa / Flotacja
MO1_15211654;Alliance;Flotation 328;400/60-15.5 Alliance Flotation 328 132A8/145A8 14PR TL;rolnicze;Przyczepa;PEWNE;Przyczepa / Flotacja
MO1_15211647;Alliance;221;31x15.50-15 Alliance 221 118A8/116B 8PR TL;rolnicze;Przyczepa;PEWNE;Przyczepa
MO1_15211639;Alliance;332;31x15.50-15 Alliance 332 116B 8PR TL;rolnicze;Przyczepa;PEWNE;Przyczepa
MO1_10004831;Alliance;380;600/50R22.5 Alliance 380 168D SB TL;rolnicze;Przyczepa;PEWNE;Przyczepa / Flotacja
MO1_10004682;Alliance;Flotmaster 381;500/50R17 Alliance Flotmaster 381 146D SB TL;rolnicze;Przyczepa;PEWNE;Przyczepa / Flotacja
MO1_10004486;Alliance;Flotation 328;600/55-26.5 Alliance Flotation 328 159A8/170A8 16PR TL;rolnicze;Przyczepa;PEWNE;Przyczepa / Flotacja
MO1_10004485;Alliance;Flotation 331;600/40-22.5 Alliance Flotation 331 169A8/173A6 16PR TL;rolnicze;Przyczepa;PEWNE;Przyczepa / Flotacja
MO1_10004395;Alliance;590;800/60R32 Alliance 590 185D SB TL;rolnicze;Przyczepa;PEWNE;Przyczepa
MO1_10004340;Alliance;590;30.5L-32 Alliance 590 181B SB TL;rolnicze;Przyczepa;PEWNE;Przyczepa
MO1_10004041;Alliance;328 Value Plus;500/45-22.5 Alliance 328 Value Plus 142A8/154A8 16PR Stubble Guard TL;rolnicze;Przyczepa;PEWNE;Przyczepa / Flotacja
MO1_10004001;Alliance;Flotation 331;500/45-20 Alliance Flotation 331 134A8/147A8 12PR TL;rolnicze;Przyczepa;PEWNE;Przyczepa / Flotacja
MO1_10000946;Alliance;590;560/60R22.5 Alliance 590 169D SB TL;rolnicze;Przyczepa;PEWNE;Przyczepa
MO9_106985;BKT;Comander Twin Rib;6.00x16 BKT Comander Twin Rib 8PR;rolnicze;Przyczepa;PEWNE;Przyczepa
MO9_104265;BKT;RIDEMAX FL693M HD E;710/50R26.5 BKT RIDEMAX FL693M HD E 179D TL;rolnicze;Przyczepa;PEWNE;Przyczepa / Flotacja
MO9_103584;BKT;AW 702;10.0/75x15.3 BKT AW 702 14PR TL;rolnicze;Przyczepa;PEWNE;Przyczepa
MO9_103393;BKT;AW 705 E;15.0/55x17 BKT AW 705 E 10PR TL;rolnicze;Przyczepa;PEWNE;Przyczepa
MO9_99397;BKT;Ridemax FL 693 M;560/60R22.5 BKT Ridemax FL 693 M 169D;rolnicze;Przyczepa;PEWNE;Przyczepa / Flotacja
MO9_98983;BKT;AW-702;10.0/80x12 BKT AW-702 10PR TL;rolnicze;Przyczepa;PEWNE;Przyczepa
MO9_98781;BKT;AW 705;16.0/70x20 BKT AW 705 12PR TT;rolnicze;Przyczepa;PEWNE;Przyczepa
MO9_68778;BKT;FLOT 648;500/60x22.5 BKT FLOT 648 16PR TL;rolnicze;Przyczepa;PEWNE;Przyczepa / Flotacja
MO9_68092;BKT;FL 630 SUPER STBT;560/60R22.5 BKT FL 630 SUPER STBT 161D TL;przemysłowe;Przyczepa;PEWNE;Przyczepa / Flotacja
MO9_67206;BKT;RIDEMAX FL693M;600/60R30.5 BKT RIDEMAX FL693M 173D;rolnicze;Przyczepa;PEWNE;Przyczepa / Flotacja
MO9_66326;BKT;RIDEMAX FL 693 STBT;560/60R22.5 BKT RIDEMAX FL 693 STBT 165D/162E;przemysłowe;Przyczepa;PEWNE;Przyczepa / Flotacja
MO9_66248;BKT;RIDEMAX FL 693 M STBT;750/60R30.5 BKT RIDEMAX FL 693 M STBT 181D TL;przemysłowe;Przyczepa;PEWNE;Przyczepa / Flotacja
MO9_64225;BKT;FL 630 Super HD steel belted;650/55R26.5 BKT FL 630 Super HD steel belted 178D TL;rolnicze;Przyczepa;PEWNE;Przyczepa / Flotacja
MO9_63312;BKT;RIDEMAX FL693 M STEEL BELTED;600/50R22.5 BKT RIDEMAX FL693 M STEEL BELTED 159D/156E TL;rolnicze;Przyczepa;PEWNE;Przyczepa / Flotacja
MO9_63118;BKT;FL 630 SUPER STBT;750/60R26.5 BKT FL 630 SUPER STBT 180D;rolnicze;Przyczepa;PEWNE;Przyczepa / Flotacja
MO9_62846;BKT;AS 509;550/45x22.5 BKT AS 509 20PR TL;rolnicze;Przyczepa;PEWNE;Przyczepa
MO9_61042;BKT;FL637 STBT;520/50R17 BKT FL637 STBT 151D/148E;rolnicze;Przyczepa;PEWNE;Przyczepa / Flotacja
MO9_60473;BKT;FLOT 648;500/50x22.5 BKT FLOT 648 16PR TL;rolnicze;Przyczepa;PEWNE;Przyczepa / Flotacja
MO9_59842;BKT;RIB IMPLEMENT;10.0/80x12 BKT RIB IMPLEMENT 6PR;rolnicze;Przyczepa;PEWNE;Przyczepa
MO9_58181;BKT;FLOT 648 T WZM T E WZM;550/45x22.5 BKT FLOT 648 T WZM T E WZM 20PR TL;leśne;Przyczepa;PEWNE;Przyczepa / Flotacja
MO9_57788;BKT;RIB 774;200/60x14.5 BKT RIB 774 10PR TL;rolnicze;Przyczepa;PEWNE;Przyczepa
MO9_57748;BKT;FL693 M;580/65R22.5 BKT FL693 M 166D TL;rolnicze;Przyczepa;PEWNE;Przyczepa / Flotacja
MO9_57377;BKT;FLOT 630 ULTRA;710/50R26.5 BKT FLOT 630 ULTRA 170D/181A8 TL;rolnicze;Przyczepa;PEWNE;Przyczepa / Flotacja
MO9_56039;BKT;RIB;200/60x14.5 BKT RIB 774B 14PR TL;rolnicze;Przyczepa;PEWNE;Przyczepa
MO9_55491;BKT;FLOT 648;385/65x22.5 BKT FLOT 648 16PR TL;rolnicze;Przyczepa;PEWNE;Przyczepa / Flotacja
MO9_55366;BKT;AW 705;16.0/70x20 BKT AW 705 14PR TT;rolnicze;Przyczepa;PEWNE;Przyczepa
MO9_55169;BKT;FL 693 M.;710/50R26.5 BKT FL 693 M. 170D TL;rolnicze;Przyczepa;PEWNE;Przyczepa / Flotacja
MO9_53780;BKT;FLOT RIBIMPL 1;31x13.50-15 BKT FLOT RIBIMPL HF1 12PR TL;rolnicze;Przyczepa;PEWNE;Przyczepa / Flotacja
MO9_53114;BKT;AW 705;15.0/70x18 BKT AW 705 14PR TL;rolnicze;Przyczepa;PEWNE;Przyczepa
MO9_53113;BKT;AW 705;16.0/70x20 BKT AW 705 12PR TL;rolnicze;Przyczepa;PEWNE;Przyczepa
MO9_52604;BKT;AW 708;19.0/45x17 BKT AW 708 14PR TL;rolnicze;Przyczepa;PEWNE;Przyczepa
MO9_51923;BKT;FL 630 ULTRA;800/45R26.5 BKT FL 630 ULTRA 174D/184A8 TL;rolnicze;Przyczepa;PEWNE;Przyczepa / Flotacja
MO9_51530;BKT;AW 708;500/50x17 BKT AW 708 14PR TL;rolnicze;Przyczepa;PEWNE;Przyczepa
MO9_50857;BKT;AW 705;15.0/55x17 BKT AW 705 14PR TL;rolnicze;Przyczepa;PEWNE;Przyczepa
MO9_49914;BKT;RIDEMAX FL 693 M STEEL BELTED;650/55R26.5 BKT RIDEMAX FL 693 M STEEL BELTED 169D;rolnicze;Przyczepa;PEWNE;Przyczepa / Flotacja
MO9_49437;BKT;RIDEMAX FL 690 STBT;28L-26 BKT RIDEMAX FL 690 STBT 176A8/173B TL;przemysłowe;Przyczepa;PEWNE;Przyczepa
MO9_49280;BKT;AW 909 E;11.5/80x15.3 BKT AW 909 E 18PR TL;rolnicze;Przyczepa;PEWNE;Przyczepa
MO9_49139;BKT;AW 702;10.0/75x15.3 BKT AW 702 22PR TL;rolnicze;Przyczepa;PEWNE;Przyczepa
MO9_49016;BKT;FL 693 M;560/60R22.5 BKT FL 693 M 161D TL;przemysłowe;Przyczepa;PEWNE;Przyczepa / Flotacja
MO9_48690;BKT;AW 702;13.0/55x16 BKT AW 702 14PR TL;rolnicze;Przyczepa;PEWNE;Przyczepa
MO9_48466;BKT;FLOT 648;385/65x22.5 BKT FLOT 648 18PR TL;rolnicze;Przyczepa;PEWNE;Przyczepa / Flotacja
MO9_47757;BKT;AW 909;11.5/80x15.3 BKT AW 909 10PR TL;rolnicze;Przyczepa;PEWNE;Przyczepa
MO9_47604;BKT;AW 702;10.5/65x16 BKT AW 702 14PR TT;rolnicze;Przyczepa;PEWNE;Przyczepa
MO9_47236;BKT;AW 702;7.00x12 BKT AW 702 6PR TL;rolnicze;Przyczepa;PEWNE;Przyczepa
MO9_45848;BKT;FLOT 648;500/50x17 BKT FLOT 648 149A8 14PR TL;rolnicze;Przyczepa;PEWNE;Przyczepa / Flotacja
MO9_45610;BKT;AS 507;185/65x15 BKT AS 507 4PR TL;rolnicze;Przyczepa;PEWNE;Przyczepa
MO9_45140;BKT;FLOT 648 E;750/60x30.5 BKT FLOT 648 E 16PR TL;rolnicze;Przyczepa;PEWNE;Przyczepa / Flotacja
MO9_44774;BKT;FL 630 SUPER STBT E;580/65R22.5 BKT FL 630 SUPER STBT E 166D TL;rolnicze;Przyczepa;PEWNE;Przyczepa / Flotacja
MO9_43646;BKT;RADIAL FL 630 ULTRA;560/45R22.5 BKT RADIAL FL 630 ULTRA 152D/163A8 TL;rolnicze;Przyczepa;PEWNE;Przyczepa / Flotacja
MO9_42859;BKT;FLOT 648;400/60x22.5 BKT FLOT 648 18PR TL;rolnicze;Przyczepa;PEWNE;Przyczepa / Flotacja
MO9_42614;BKT;FLOT 648;700/50x22.5 BKT FLOT 648 16PR TL;rolnicze;Przyczepa;PEWNE;Przyczepa / Flotacja
MO9_42277;BKT;AW 702;13.0/55x16 BKT AW 702 146A8 18PR TL;rolnicze;Przyczepa;PEWNE;Przyczepa
MO9_42023;BKT;AW 708;400/60x15.5 BKT AW 708 18PR TL;rolnicze;Przyczepa;PEWNE;Przyczepa
MO9_39175;BKT;AS 2001;16.9x28 BKT AS 2001 12PR TT;rolnicze;Przyczepa;PEWNE;Przyczepa
MO9_39129;BKT;AW 705;15.0/70x18 BKT AW 705 16PR TL;rolnicze;Przyczepa;PEWNE;Przyczepa
MO9_38155;BKT;RIB-774;250/65x14.5 BKT RIB-774 14PR TL;rolnicze;Przyczepa;PEWNE;Przyczepa
MO9_38113;BKT;FLOT 648;700/50x26.5 BKT FLOT 648 16PR TL;rolnicze;Przyczepa;PEWNE;Przyczepa / Flotacja
MO9_37266;BKT;Ridemax FL 182D;850/50R30.5 BKT Ridemax FL 182D 693M TL;rolnicze;Przyczepa;PEWNE;Przyczepa / Flotacja
MO9_37146;BKT;FL 630 ULTRA;500/60R22.5 BKT FL 630 ULTRA 155D/166A8 TL;rolnicze;Przyczepa;PEWNE;Przyczepa / Flotacja
MO9_37089;BKT;RIDEMAX FL 693 M;600/55R26.5 BKT RIDEMAX FL 693 M 165D;rolnicze;Przyczepa;PEWNE;Przyczepa / Flotacja
MO9_37078;BKT;RIB 900;400/60x15.5 BKT RIB 900 16PR TL;rolnicze;Przyczepa;PEWNE;Przyczepa
MO9_37062;BKT;FLOT 558;400/55x22.5 BKT FLOT 558 16PR TL;przemysłowe;Przyczepa;PEWNE;Przyczepa / Flotacja
MO9_36579;BKT;RIDEMAX FL 693 STBT;650/50R22.5 BKT RIDEMAX FL 693 STBT 163D/160E TL;przemysłowe;Przyczepa;PEWNE;Przyczepa / Flotacja
MO9_36449;BKT;AW 09;300/80x15.3 BKT AW 09 138A8 TL;rolnicze;Przyczepa;PEWNE;Przyczepa
MO9_35981;BKT;AW 909;10.0/75x15.3 BKT AW 909 12PR TL;rolnicze;Przyczepa;PEWNE;Przyczepa
MO9_35491;BKT;FLOT 648 166 A8;700/40x22.5 BKT FLOT 648 166 A8 16PR TL;rolnicze;Przyczepa;PEWNE;Przyczepa / Flotacja
MO9_35446;BKT;AW 702;13.0/75x16 BKT AW 702 10PR TL;rolnicze;Przyczepa;PEWNE;Przyczepa
MO9_35163;BKT;FLOT648;500/50x17 BKT FLOT648 157A8 18PR TL;rolnicze;Przyczepa;PEWNE;Przyczepa / Flotacja
MO9_33890;BKT;FL 630 ULTRA RADIAL;600/50R22.5 BKT FL 630 ULTRA RADIAL 159D/170A8 TL;rolnicze;Przyczepa;PEWNE;Przyczepa / Flotacja
MO9_33736;BKT;FL 630 SUPER STBT E;650/65R26.5 BKT FL 630 SUPER STBT E 174D;rolnicze;Przyczepa;PEWNE;Przyczepa / Flotacja
MO9_33568;BKT;AW 909;10.0/75x15.3 BKT AW 909 10PR TL;rolnicze;Przyczepa;PEWNE;Przyczepa
MO9_31841;BKT;RADIAL FL 630 ULTRA;560/60R22.5 BKT RADIAL FL 630 ULTRA 161D/172A8 TL;rolnicze;Przyczepa;PEWNE;Przyczepa / Flotacja
MO9_31837;BKT;AW 909;12.5/80x15.3 BKT AW 909 14PR TL;rolnicze;Przyczepa;PEWNE;Przyczepa
MO9_31817;BKT;FL 630 SUPER STBT;650/55R26.5 BKT FL 630 SUPER STBT 169D TL;rolnicze;Przyczepa;PEWNE;Przyczepa / Flotacja
MO9_31438;BKT;FL 630 SUPER STBT;750/60R30.5 BKT FL 630 SUPER STBT 181D TL;rolnicze;Przyczepa;PEWNE;Przyczepa / Flotacja
MO9_31296;BKT;AW 702;6.00x16 BKT AW 702 6PR TT;rolnicze;Przyczepa;PEWNE;Przyczepa
MO9_30843;BKT;FLOT 648;650/65x30.5 BKT FLOT 648 16PR TL;rolnicze;Przyczepa;PEWNE;Przyczepa / Flotacja
MO9_30803;BKT;AW 702;11.5/80x15.3 BKT AW 702 14PR TL;rolnicze;Przyczepa;PEWNE;Przyczepa
MO9_30243;BKT;AW 909;10.0/80x12 BKT AW 909 10PR TL;rolnicze;Przyczepa;PEWNE;Przyczepa
MO9_29871;BKT;FL 630 Super STBT E;750/45R26.5 BKT FL 630 Super STBT E 170D;rolnicze;Przyczepa;PEWNE;Przyczepa / Flotacja
MO9_29764;BKT;FLOT 648;600/50x22.5 BKT FLOT 648 12PR TL;rolnicze;Przyczepa;PEWNE;Przyczepa / Flotacja
MO9_29230;BKT;FLOT 648;600/50x22.5 BKT FLOT 648 16PR TL;rolnicze;Przyczepa;PEWNE;Przyczepa / Flotacja
MO9_28808;BKT;RIB 774 DOT;215/75x17.5 BKT RIB 774 DOT 16PR TL;rolnicze;Przyczepa;PEWNE;Przyczepa
MO9_28397;BKT;FL 639;560/45R22.5 BKT FL 639 152D/163A8 TL;rolnicze;Przyczepa;PEWNE;Przyczepa / Flotacja
MO9_27900;BKT;AW 702;12.5/80x18 BKT AW 702 14PR TL;rolnicze;Przyczepa;PEWNE;Przyczepa
MO9_27325;BKT;AW 702;12.5/80x18 BKT AW 702 16PR TL;rolnicze;Przyczepa;PEWNE;Przyczepa
MO9_27054;BKT;FLOT648;500/55x20 BKT FLOT648 12PR TL;rolnicze;Przyczepa;PEWNE;Przyczepa / Flotacja
MO9_26433;BKT;FLOT 648;600/55x26.5 BKT FLOT 648 16PR TL;rolnicze;Przyczepa;PEWNE;Przyczepa / Flotacja
MO9_26299;BKT;RIB 775;300/65x12 BKT RIB 775 8PR TL;rolnicze;Przyczepa;PEWNE;Przyczepa
MO9_26264;BKT;V-LINE AW 702;13.0/65x18 BKT V-LINE AW 702 150A6/144A8 16PR TL;rolnicze;Przyczepa;PEWNE;Przyczepa
MO9_25365;BKT;FLOT 648;850/50x30.5 BKT FLOT 648 16PR TL;rolnicze;Przyczepa;PEWNE;Przyczepa / Flotacja
MO9_24581;BKT;RIDEMAX FL 693 M STBT;710/50R30.5 BKT RIDEMAX FL 693 M STBT 173D;rolnicze;Przyczepa;PEWNE;Przyczepa / Flotacja
MO9_24382;BKT;FLOT 558;500/45x22.5 BKT FLOT 558 16PR TL;rolnicze;Przyczepa;PEWNE;Przyczepa / Flotacja
MO9_24269;BKT;AW 909;11.5/80x15.3 BKT AW 909 12PR TL;rolnicze;Przyczepa;PEWNE;Przyczepa
MO9_24195;BKT;AW 702;10.0/75x15.3 BKT AW 702 18PR TL;rolnicze;Przyczepa;PEWNE;Przyczepa
MO9_23080;BKT;RIDEMAX FL693M E;500/50R17 BKT RIDEMAX FL693M E 149D/146E;rolnicze;Przyczepa;PEWNE;Przyczepa / Flotacja
MO9_23068;BKT;FL 639;710/40R22.5 BKT FL 639 172A8/161D TL;rolnicze;Przyczepa;PEWNE;Przyczepa / Flotacja
MO9_22480;BKT;FL 630 SUPER steel belted;600/55R26.5 BKT FL 630 SUPER steel belted 165D TL;rolnicze;Przyczepa;PEWNE;Przyczepa / Flotacja
MO9_22371;BKT;FL 635;620/40R22.5 BKT FL 635 154D TL;przemysłowe;Przyczepa;PEWNE;Przyczepa / Flotacja
MO9_22200;BKT;FL 630 ULTRA;600/55R26.5 BKT FL 630 ULTRA 165D/176A8 TL;rolnicze;Przyczepa;PEWNE;Przyczepa / Flotacja
MO9_22134;BKT;AW 705;15.0/55x17 BKT AW 705 18PR TL;rolnicze;Przyczepa;PEWNE;Przyczepa
MO9_21594;BKT;FL 693 M E;560/45R22.5 BKT FL 693 M E 152D/149E;rolnicze;Przyczepa;PEWNE;Przyczepa / Flotacja
MO9_21174;BKT;FLOT 648;400/60x22.5 BKT FLOT 648 16PR TL;rolnicze;Przyczepa;PEWNE;Przyczepa / Flotacja
MO9_20788;BKT;RIDEMAX FL 693;500/60R22.5 BKT RIDEMAX FL 693 155D/152E TL;rolnicze;Przyczepa;PEWNE;Przyczepa / Flotacja
MO9_20644;BKT;AW 09;260/70x15.3 BKT AW 09 131A8 TL;rolnicze;Przyczepa;PEWNE;Przyczepa
MO9_20467;BKT;FLOT 648;550/60x22.5 BKT FLOT 648 18PR TL;rolnicze;Przyczepa;PEWNE;Przyczepa / Flotacja
MO9_20166;BKT;FLOT 648;600/55x22.5 BKT FLOT 648 16PR TL;rolnicze;Przyczepa;PEWNE;Przyczepa / Flotacja
MO9_20015;BKT;V-LINE;500/60x22.5 BKT V-LINE 16PR TL;rolnicze;Przyczepa;PEWNE;Przyczepa / Flotacja
MO9_19539;BKT;FL 630 Ultra;650/55R26.5 BKT FL 630 Ultra 169D/180A8 TL;rolnicze;Przyczepa;PEWNE;Przyczepa / Flotacja
MO9_18915;BKT;FLOT648 E;800/45x26.5 BKT FLOT648 E 16PR TL;rolnicze;Przyczepa;PEWNE;Przyczepa / Flotacja
MO9_18486;BKT;RIDEMAX FL693M E STBT;400/45R17.5 BKT RIDEMAX FL693M E STBT 159D TL;rolnicze;Przyczepa;PEWNE;Przyczepa / Flotacja
MO9_17897;BKT;AW 702;10.0/75x15.3 BKT AW 702 10PR TL;rolnicze;Przyczepa;PEWNE;Przyczepa
MO9_17462;BKT;AS 2001;16.9x28 BKT AS 2001 8PR TT;rolnicze;Przyczepa;PEWNE;Przyczepa
MO9_17255;BKT;AW 708;19.0/45x17 BKT AW 708 22PR TL;rolnicze;Przyczepa;PEWNE;Przyczepa
MO9_17156;BKT;FL 635 NOWOŚĆ;750/45R22.5 BKT FL 635 NOWOŚĆ 168D TL;rolnicze;Przyczepa;PEWNE;Przyczepa / Flotacja
MO9_14787;BKT;AW 909;11.5/80x15.3 BKT AW 909 16PR TL;rolnicze;Przyczepa;PEWNE;Przyczepa
MO9_14612;BKT;AW 909;10.0/75x15.3 BKT AW 909 14PR TL;rolnicze;Przyczepa;PEWNE;Przyczepa
MO9_13772;BKT;AW 708;500/50x17 BKT AW 708 18PR TL;rolnicze;Przyczepa;PEWNE;Przyczepa
MO9_12973;BKT;AW 909;15.0/55x17 BKT AW 909 14PR TL;rolnicze;Przyczepa;PEWNE;Przyczepa
MO9_12805;BKT;FL 635;710/40R22.5 BKT FL 635 161D TL;rolnicze;Przyczepa;PEWNE;Przyczepa / Flotacja
MO9_11326;BKT;AW 909;11.5/80x15.3 BKT AW 909 14PR TL;rolnicze;Przyczepa;PEWNE;Przyczepa
MO9_10796;BKT;AS 2001;18.4x26 BKT AS 2001 12PR TT;rolnicze;Przyczepa;PEWNE;Przyczepa
MO9_10549;BKT;RIDEMAX FL 693 STBT;500/45R22.5 BKT RIDEMAX FL 693 STBT 146D/143E;rolnicze;Przyczepa;PEWNE;Przyczepa / Flotacja
MO9_10199;BKT;AW 702;11.5/80x15.3 BKT AW 702 10PR TL;rolnicze;Przyczepa;PEWNE;Przyczepa
MO9_9691;BKT;RIB 900;400/60x15.5 BKT RIB 900 14PR TL;rolnicze;Przyczepa;PEWNE;Przyczepa
MO9_8927;BKT;FLOT 648;550/45x22.5 BKT FLOT 648 166A8/162B 20PR TL;rolnicze;Przyczepa;PEWNE;Przyczepa / Flotacja
MO9_8558;BKT;AW 708;19.0/45x17 BKT AW 708 18PR TL;rolnicze;Przyczepa;PEWNE;Przyczepa
MO9_8413;BKT;FL 630 SUPER STBT;650/65R30.5 BKT FL 630 SUPER STBT 176D TL;rolnicze;Przyczepa;PEWNE;Przyczepa / Flotacja
MO9_8205;BKT;AW 702;14.5/80x18 BKT AW 702 12PR TT;rolnicze;Przyczepa;PEWNE;Przyczepa
MO9_8081;BKT;V LINE;550/60x22.5 BKT V LINE 16PR TL;rolnicze;Przyczepa;PEWNE;Przyczepa / Flotacja
MO9_4694;BKT;FLOT 647 E;520/50x17 BKT FLOT 647 E 159B TL;rolnicze;Przyczepa;PEWNE;Przyczepa / Flotacja
MO9_4344;BKT;IMPL RIB 774;340/70x18 BKT IMPL RIB 774 16PR TL;rolnicze;Przyczepa;PEWNE;Przyczepa
MO9_3439;BKT;AS 505;80x15 BKT AS 505 6PR TL;rolnicze;Przyczepa;PEWNE;Przyczepa
MO9_3352;BKT;AW 702;10.5/80x18 BKT AW 702 10PR TL;rolnicze;Przyczepa;PEWNE;Przyczepa
MO9_3227;BKT;AW 705;14.0/65x16 BKT AW 705 14PR TL;rolnicze;Przyczepa;PEWNE;Przyczepa
MO9_3003;BKT;AW 702;10.5x16 BKT AW 702 14PR TT;rolnicze;Przyczepa;PEWNE;Przyczepa
MO9_1244;BKT;AW 702;10.5/80x18 BKT AW 702 14PR TL;rolnicze;Przyczepa;PEWNE;Przyczepa
MO9_1034;BKT;AW 702;13.0/65x18 BKT AW 702 16PR TL;rolnicze;Przyczepa;PEWNE;Przyczepa
MO9_650;BKT;FLOT 648;550/60x22.5 BKT FLOT 648 12PR TL;rolnicze;Przyczepa;PEWNE;Przyczepa / Flotacja
MO9_501;BKT;FL 639 E;600/50R22.5 BKT FL 639 E 159D/170A8 TL;rolnicze;Przyczepa;PEWNE;Przyczepa / Flotacja
MO9_390;BKT;FLOT 648;550/45x22.5 BKT FLOT 648 16PR TL;rolnicze;Przyczepa;PEWNE;Przyczepa / Flotacja
MO3_55045225BKTas509;BKT;AS 509;550/45-22.5 BKT AS 509 20PR TL;rolnicze;Przyczepa;PEWNE;Przyczepa
MO3_11580153BKTAW90910;BKT;AW 909;11.5/80-15.3 BKT AW 909 16PR TL;rolnicze;Przyczepa;PEWNE;Przyczepa
MO3_20060145BKT14;BKT;RIB 774;200/60-14.5 BKT RIB 774 14PR TL;rolnicze;Przyczepa;PEWNE;Przyczepa
MO3_50045225BKT55812;BKT;Flot 558;500/45-22.5 BKT Flot 558 12PR TL;rolnicze;Przyczepa;PEWNE;Przyczepa / Flotacja
MO3_55045225bkt;BKT;FLOT 648;550/45-22.5 BKT FLOT 648 16PR TL;rolnicze;Przyczepa;PEWNE;Przyczepa / Flotacja
MO3_1904517BKTaw22;BKT;AW 708;19.0/45-17 BKT AW 708 22PR TL;rolnicze;Przyczepa;PEWNE;Przyczepa
MO3_658015BKT;BKT;6.5/ AS 505;80-15 BKT 6.5/ AS 505 6PR TL;rolnicze;Przyczepa;PEWNE;Przyczepa
MO3_1008012BKT;BKT;AW 909;10.0/80-12 BKT AW 909 10PR TL;rolnicze;Przyczepa;PEWNE;Przyczepa
MO3_11580153B;BKT;AW 909;11.5/80-15.3 BKT AW 909 14PR TL;rolnicze;Przyczepa;PEWNE;Przyczepa
MO3_1305516BKTAW70218;BKT;AW 702;13.0/55-16 BKT AW 702 18PR TL;rolnicze;Przyczepa;PEWNE;Przyczepa
MO3_1856515BKT;BKT;AS 507;185/65-15 BKT AS 507 4PR TL;rolnicze;Przyczepa;PEWNE;Przyczepa
MO3_1306518BKT;BKT;V-Line AW 702;13.0/65-18 BKT V-Line AW 702 16PR TL;rolnicze;Przyczepa;PEWNE;Przyczepa
MO3_1505517BKT2;BKT;AW 909;15.0/55-17 BKT AW 909 14PR TL;rolnicze;Przyczepa;PEWNE;Przyczepa
MO3_1507018BKT;BKT;AW 705;15.0/70-18 BKT AW 705 16PR TL;rolnicze;Przyczepa;PEWNE;Przyczepa
MO3_25065145bkt;BKT;RIB 774;250/65-14.5 BKT RIB 774 14PR TL;rolnicze;Przyczepa;PEWNE;Przyczepa
MO3_60055265bktfl630sdem;BKT;FL 630 Super;600/55R26.5 BKT FL 630 Super 165D TL demo;rolnicze;Przyczepa;PEWNE;Przyczepa / Flotacja
MO3_1607020BKT;BKT;AW 705;16.0/70-20 BKT AW 705 14PR TT;rolnicze;Przyczepa;PEWNE;Przyczepa
MO1_15116260;CEAT;Floatmax FT;600/55R26.5 CEAT Floatmax FT 165D SB TL;rolnicze;Przyczepa;PEWNE;Przyczepa / Flotacja
MO1_15116250;CEAT;Floatmax FT;600/55R26.5 CEAT Floatmax FT 165D TL;rolnicze;Przyczepa;PEWNE;Przyczepa / Flotacja
MO1_15116241;CEAT;Floatmax FT;600/50R22.5 CEAT Floatmax FT 159D TL;rolnicze;Przyczepa;PEWNE;Przyczepa / Flotacja
MO1_15116240;CEAT;Floatmax FT;600/50R22.5 CEAT Floatmax FT 159D SB TL;rolnicze;Przyczepa;PEWNE;Przyczepa / Flotacja
MO1_15116228;CEAT;Floatmax RT;560/60R22.5 CEAT Floatmax RT 165D SB TL;rolnicze;Przyczepa;PEWNE;Przyczepa / Flotacja
MO1_15116225;CEAT;Floatmax FT;560/60R22.5 CEAT Floatmax FT 161D TL;rolnicze;Przyczepa;PEWNE;Przyczepa / Flotacja
MO1_15116210;CEAT;Floatmax FT;500/60R22.5 CEAT Floatmax FT 155D SB TL;rolnicze;Przyczepa;PEWNE;Przyczepa / Flotacja
MO1_15112870;CEAT;Flotation T422;800/45-26.5 CEAT Flotation T422 164A8/177A8 16PR TL;rolnicze;Przyczepa;PEWNE;Przyczepa / Flotacja
MO1_15112831;CEAT;Flotation T422;700/50-26.5 CEAT Flotation T422 162A8/174A8 16PR TL;rolnicze;Przyczepa;PEWNE;Przyczepa / Flotacja
MO1_15112721;CEAT;Flotation T422;600/55-26.5 CEAT Flotation T422 159A8/170A8 16PR TL;rolnicze;Przyczepa;PEWNE;Przyczepa / Flotacja
MO1_15112655;CEAT;Flotation T422;700/50-22.5 CEAT Flotation T422 162A8/174A8 16PR TL;rolnicze;Przyczepa;PEWNE;Przyczepa / Flotacja
MO1_15112648;CEAT;Flotation T422;600/55-22.5 CEAT Flotation T422 156A8/169A8 16PR TL;rolnicze;Przyczepa;PEWNE;Przyczepa / Flotacja
MO1_15112636;CEAT;Flotation T422;600/50-22.5 CEAT Flotation T422 153A8/165A8 16PR TL;rolnicze;Przyczepa;PEWNE;Przyczepa / Flotacja
MO1_15112602;CEAT;T422 Value Pro;500/60-22.5 CEAT T422 Value Pro 151A8/163A8 16PR TL;rolnicze;Przyczepa;PEWNE;Przyczepa / Flotacja
MO1_15112595;CEAT;Flotation T422;550/45-22.5 CEAT Flotation T422 147A8/159A8 16PR TL;rolnicze;Przyczepa;PEWNE;Przyczepa / Flotacja
MO1_15112591;CEAT;T422 Value Pro;550/45-22.5 CEAT T422 Value Pro 147A8/159A8 16PR TL;rolnicze;Przyczepa;PEWNE;Przyczepa / Flotacja
MO1_15112575;CEAT;T422 Value Pro;500/45-22.5 CEAT T422 Value Pro 140A8/152A8 16PR TL;rolnicze;Przyczepa;PEWNE;Przyczepa / Flotacja
MO1_15112569;CEAT;T422 Value Pro;400/55-22.5 CEAT T422 Value Pro 140A8/152A8 16PR TL;rolnicze;Przyczepa;PEWNE;Przyczepa / Flotacja
MO1_15111687;CEAT;FARM IMPLEMENT 404;15.0/55-17 CEAT FARM IMPLEMENT 404 141A8 14PR TL;rolnicze;Przyczepa;PEWNE;Przyczepa
MO1_15111682;CEAT;Flotation Plus;480/45-17 CEAT Flotation Plus 134A8/146A8 16PR TL;rolnicze;Przyczepa;PEWNE;Przyczepa
MO1_15111677;CEAT;Flotation Plus;500/50-17 CEAT Flotation Plus 137A8/149A8 14PR TL;rolnicze;Przyczepa;PEWNE;Przyczepa
MO1_15111653;CEAT;TR 800;400/60-15.5 CEAT TR 800 132A8/145A8 14PR TL;rolnicze;Przyczepa;PEWNE;Przyczepa
MO1_15111635;CEAT;AWI 305;12.5/80-15.3 CEAT AWI 305 12PR TL;rolnicze;Przyczepa;PEWNE;Przyczepa
MO1_15111631;CEAT;AWI 305;11.5/80-15.3 CEAT AWI 305 141A8 16PR TL;rolnicze;Przyczepa;PEWNE;Przyczepa
MO1_10007509;CEAT;FARM IMPLEMENT 800R;340/60R16.5 CEAT FARM IMPLEMENT 800R 133A8/145A8 SB TL;rolnicze;Przyczepa;PEWNE;Przyczepa
MO1_10005376;CEAT;AWI 305;10.0/75-15.3 CEAT AWI 305 135A8 18PR TL;rolnicze;Przyczepa;PEWNE;Przyczepa
MO1_10005040;CEAT;Floatmax FT;650/50R22.5 CEAT Floatmax FT 163D SB TL;rolnicze;Przyczepa;PEWNE;Przyczepa / Flotacja
MO1_10002672;CEAT;Floatmax Cargo Plus;28L-26 CEAT Floatmax Cargo Plus 176D SB TL;rolnicze;Przyczepa;PEWNE;Przyczepa / Flotacja
MO1_10002671;CEAT;Floatmax VF X3;VF560/60R22.5 CEAT Floatmax VF X3 166D SB TL;rolnicze;Przyczepa;PEWNE;Przyczepa / Flotacja
MO1_10000967;CEAT;Floatmax RT;500/60R22.5 CEAT Floatmax RT 155D SB TL;rolnicze;Przyczepa;PEWNE;Przyczepa / Flotacja
MO1_10000953;CEAT;Floatmax FT;650/55R26.5 CEAT Floatmax FT 178D SB TL;rolnicze;Przyczepa;PEWNE;Przyczepa / Flotacja
MO1_10000284;CEAT;Floatmax FT;710/45R22.5 CEAT Floatmax FT 165D SB TL;rolnicze;Przyczepa;PEWNE;Przyczepa / Flotacja
MO1_15111695;CEAT;Flotation T422;500/50-17 CEAT Flotation T422 145A8/157A8 18PR TL;rolnicze;Przyczepa;PEWNE;Przyczepa / Flotacja
MO3_40060155CeatTR80018P;Ceat;TR 800;400/60-15.5 Ceat TR 800 18PR TL;rolnicze;Przyczepa;PEWNE;Przyczepa
MO3_55060225CeatFLT422vp;Ceat;Flotation T422;550/60-22.5 Ceat Flotation T422 16PR TL;rolnicze;Przyczepa;PEWNE;Przyczepa / Flotacja
MO3_10075153CeatAWI30514;Ceat;AWI 305;10.0/75-15.3 Ceat AWI 305 14PR TL;rolnicze;Przyczepa;PEWNE;Przyczepa
MO5_CCCZ17523575KT3C0;Continental;CONTI SCANDINAVIA HT3;235/75R17.5 Continental CONTI SCANDINAVIA HT3 143/141K 16PR TL M+S 3PM;przemysłowe;Przyczepa;PEWNE;Naczepa
MO5_CCCZ17521575KT3C0;Continental;CONTI SCANDINAVIA HT3;215/75R17.5 Continental CONTI SCANDINAVIA HT3 135/133K 16PR TL M+S 3PM;przemysłowe;Przyczepa;PEWNE;Naczepa
MO3_90024Cu;Cultor;AW Implement 13;9.00-24 Cultor AW Implement 13 10PR TT;rolnicze;Przyczepa;PEWNE;Przyczepa
MO2_5002605590000;Cultor;AW-IMPLEMENT 13;300/90-24 Cultor AW-IMPLEMENT 13 132A6 TT;rolnicze;Przyczepa;PEWNE;Przyczepa
MO10_PAB5913;GRI;GREEN EX RIB 7;19.0/45-17 GRI GREEN EX RIB 7 14PR TL;rolnicze;Przyczepa;PEWNE;Przyczepa
MO10_PAB4713;GRI;GREEN EX RIB 4;500/50-17 GRI GREEN EX RIB 4 157A8 18PR TL;rolnicze;Przyczepa;PEWNE;Przyczepa
MO10_PAB4712;GRI;GREEN EX RIB 4;500/50-17 GRI GREEN EX RIB 4 14PR TL;rolnicze;Przyczepa;PEWNE;Przyczepa
MO10_PAB1822;GRI;GREEN EX RIB3;400/60-15.5 GRI GREEN EX RIB3 16PR TL;rolnicze;Przyczepa;PEWNE;Przyczepa
MO10_PAB1354;GRI;GREEN EX RIB5;15.0/55-17 GRI GREEN EX RIB5 14PR TL;rolnicze;Przyczepa;PEWNE;Przyczepa
MO10_PAB1292;GRI;GREEN EX RIB3;11.5/80-15.3 GRI GREEN EX RIB3 14PR TL;rolnicze;Przyczepa;PEWNE;Przyczepa
MO10_PAB1109;GRI;GREEN EX RIB3;10.0/75-15.3 GRI GREEN EX RIB3 14PR TL;rolnicze;Przyczepa;PEWNE;Przyczepa
MO10_PAB1102;GRI;GREEN EX RIB3;12.5/80-18 GRI GREEN EX RIB3 16PR TL;rolnicze;Przyczepa;PEWNE;Przyczepa
MO5_OTRD22555060840B0;GTK;BT40;550/60-22.5 GTK BT40 154A8 16PR TL;przemysłowe;Przyczepa;PEWNE;Przyczepa
MO5_OTRD200A82006TN50;GTK;TN50;8.25-20 GTK TN50 133A6 14PR TT;rolnicze;Przyczepa;PEWNE;Przyczepa
MO5_OTRD15540060840B0;GTK;BT40;400/60-15.5 GTK BT40 151A8 18PR TL;rolnicze;Przyczepa;PEWNE;Przyczepa
MO5_OTRD153G15808T440;GTK;BT44;11.5/80-15.3 GTK BT44 139A8 14PR TL;rolnicze;Przyczepa;PEWNE;Przyczepa
MO5_OTRD153G10758T440;GTK;BT44;10.0/75-15.3 GTK BT44 126A8 12PR TL;rolnicze;Przyczepa;PEWNE;Przyczepa
MO5_OTRD150E50006T6B0;GTK;BT46;5.00-15 GTK BT46 76A6 6PR TT;rolnicze;Przyczepa;PEWNE;Przyczepa
MO5_OTRD120G10808BT80;GTK;BT25;10.0/80-12 GTK BT25 117A8 10PR TL;rolnicze;Przyczepa;PEWNE;Przyczepa
MO5_OTRD120E70006T440;GTK;BT44;7.00-12 GTK BT44 83A6 6PR TT;rolnicze;Przyczepa;PEWNE;Przyczepa
MO5_OTRD120E65806T4B0;GTK;BT45;50/80-12 GTK BT45 80A6 6PR TT;rolnicze;Przyczepa;PEWNE;Przyczepa
MO4_OTRD150E50006T6B0;GTK;BT46;5.00-15 GTK BT46 76A6 6PR TT;rolnicze;Przyczepa;PEWNE;Przyczepa
MO5_KARD180G30656KAI0;Kabat;IMP-03;13.0/65-18 Kabat IMP-03 16PR TT;przemysłowe;Przyczepa;PEWNE;Przyczepa
MO5_KARD160E90006P091;Kabat;IMP-09;9.00-16 Kabat IMP-09 14PR TT;rolnicze;Przyczepa;PEWNE;Przyczepa
MO5_KARD155400608IP40;Kabat;IMP-04;400/60-15.5 Kabat IMP-04 145A8 14PR TL;rolnicze;Przyczepa;PEWNE;Przyczepa
MO5_KARD153G15808KAI7;Kabat;IMP-03;11.5/80-15.3 Kabat IMP-03 141A8 16PR TT;przemysłowe;Przyczepa;PEWNE;Przyczepa
MO5_KARD153G15808KAI6;Kabat;IMP-03;11.5/80-15.3 Kabat IMP-03 141A8 16PR TL;przemysłowe;Przyczepa;PEWNE;Przyczepa
MO5_KARD153G15808KAI4;Kabat;IMP-03;11.5/80-15.3 Kabat IMP-03 139A8 14PR TL;rolnicze;Przyczepa;PEWNE;Przyczepa
MO5_KARD153G15808KAI1;Kabat;IMP-03;11.5/80-15.3 Kabat IMP-03 139A8 14PR TT;rolnicze;Przyczepa;PEWNE;Przyczepa
MO5_KARD153G15808KAI0;Kabat;IMP-03;11.5/80-15.3 Kabat IMP-03 135A8 12PR TT;rolnicze;Przyczepa;PEWNE;Przyczepa
MO5_KARD153G10758KAI0;Kabat;IMP-03;10.0/75-15.3 Kabat IMP-03 130A8 14PR TT;rolnicze;Przyczepa;PEWNE;Przyczepa
MO5_KARD153G10756KAI4;Kabat;IMP-03;10.0/75-15.3 Kabat IMP-03 126A8 12PR TL;rolnicze;Przyczepa;PEWNE;Przyczepa
MO5_KARD153G10756KAI1;Kabat;IMP-03;10.0/75-15.3 Kabat IMP-03 126A8 12PR TT;rolnicze;Przyczepa;PEWNE;Przyczepa
MO5_KARD153G10756KAI0;Kabat;IMP-03;10.0/75-15.3 Kabat IMP-03 123A8 10PR TT;rolnicze;Przyczepa;PEWNE;Przyczepa
MO5_KARD120G10808IP71;Kabat;IMP-07;10.0/80-12 Kabat IMP-07 117A8 10PR TL;rolnicze;Przyczepa;PEWNE;Przyczepa
MO5_KARD120G10808IP70;Kabat;IMP-07;10.0/80-12 Kabat IMP-07 117A8 10PR TT;rolnicze;Przyczepa;PEWNE;Przyczepa
MO5_KARD120E70008IP70;Kabat;IMP-07;7.00-12 Kabat IMP-07 95A8 6PR TT;rolnicze;Przyczepa;PEWNE;Przyczepa
MO5_KARD100E40004IMK0;Kabat;IMP-02;4.00-10 Kabat IMP-02 62A4 4PR TT;rolnicze;Przyczepa;PEWNE;Przyczepa
MO5_KARD090E50006KAI0;Kabat;IMP-02;5.00-9 Kabat IMP-02 69A6 4PR TT;rolnicze;Przyczepa;PEWNE;Przyczepa
MO5_KARD080F16004IP60;Kabat;IMP-06;16x6.50-8 Kabat IMP-06 73A4 6PR TL;rolnicze;Przyczepa;PEWNE;Przyczepa
MO5_KARD080F160040001;Kabat;IMP-06;16x6.50-8 Kabat IMP-06 73A4 6PR TT;rolnicze;Przyczepa;PEWNE;Przyczepa
MO5_KARD080E40004IM31;Kabat;IMP-01;4.00-8 Kabat IMP-01 59A4 6PR TT;rolnicze;Przyczepa;PEWNE;Przyczepa
MO5_KARD080E40004IM30;Kabat;IMP-01;4.00-8 Kabat IMP-01 57A4 4PR TT;rolnicze;Przyczepa;PEWNE;Przyczepa
MO5_KARD080189004IP62;Kabat;IMP-06;18x8.50-8 Kabat IMP-06 82A4 6PR TT;rolnicze;Przyczepa;PEWNE;Przyczepa
MO5_KARD080189004IP60;Kabat;IMP-06;18x8.50-8 Kabat IMP-06 82A4 6PR TL;rolnicze;Przyczepa;PEWNE;Przyczepa
MO5_KARD060156004IP62;Kabat;IMP-06 Implement Liniowa;15x6.00-6 Kabat IMP-06 Implement Liniowa 6PR TT;rolnicze;Przyczepa;PEWNE;Przyczepa
MO5_KARD060156004IP60;Kabat;IMP-06;15x6.00-6 Kabat IMP-06 6PR TL;rolnicze;Przyczepa;PEWNE;Przyczepa
MO5_KARD050K30006IP82;Kabat;IMP-08;23x5 Kabat IMP-08 121A5 10PR TT;rolnicze;Przyczepa;PEWNE;Przyczepa
MO5_KARD050K30006IP80;Kabat;IMP-08;23x5 Kabat IMP-08 113A5 6PR TT;rolnicze;Przyczepa;PEWNE;Przyczepa
MO4_KARD160E90006P091;Kabat;IMP-09;9.00-16 Kabat IMP-09 14PR TT;rolnicze;Przyczepa;PEWNE;Przyczepa
MO4_KARD155400608IP40;Kabat;IMP-04;400/60-15.5 Kabat IMP-04 145A8 14PR TL;rolnicze;Przyczepa;PEWNE;Przyczepa
MO4_KARD153G15808KAI7;Kabat;IMP-03;11.5/80-15.3 Kabat IMP-03 141A8 16PR TT;przemysłowe;Przyczepa;PEWNE;Przyczepa
MO4_KARD153G15808KAI4;Kabat;IMP-03;11.5/80-15.3 Kabat IMP-03 139A8 14PR TL;rolnicze;Przyczepa;PEWNE;Przyczepa
MO4_KARD153G15808KAI1;Kabat;IMP-03;11.5/80-15.3 Kabat IMP-03 139A8 14PR TT;rolnicze;Przyczepa;PEWNE;Przyczepa
MO4_KARD153G15808KAI0;Kabat;IMP-03;11.5/80-15.3 Kabat IMP-03 135A8 12PR TT;rolnicze;Przyczepa;PEWNE;Przyczepa
MO4_KARD153G10758KAI0;Kabat;IMP-03;10.0/75-15.3 Kabat IMP-03 130A8 14PR TT;rolnicze;Przyczepa;PEWNE;Przyczepa
MO4_KARD153G10756KAI1;Kabat;IMP-03;10.0/75-15.3 Kabat IMP-03 126A8 12PR TT;rolnicze;Przyczepa;PEWNE;Przyczepa
MO4_KARD153G10756KAI0;Kabat;IMP-03;10.0/75-15.3 Kabat IMP-03 123A8 10PR TT;rolnicze;Przyczepa;PEWNE;Przyczepa
MO4_KARD120G10808IP70;Kabat;IMP-07;10.0/80-12 Kabat IMP-07 117A8 10PR TT;rolnicze;Przyczepa;PEWNE;Przyczepa
MO4_KARD100E40004IMK0;Kabat;IMP-02;4.00-10 Kabat IMP-02 62A4 4PR TT;rolnicze;Przyczepa;PEWNE;Przyczepa
MO4_KARD090E50006KAI0;Kabat;IMP-02;5.00-9 Kabat IMP-02 69A6 4PR TT;rolnicze;Przyczepa;PEWNE;Przyczepa
MO4_KARD080F160040001;Kabat;IMP-06;16x6.50-8 Kabat IMP-06 73A4 6PR TT;rolnicze;Przyczepa;PEWNE;Przyczepa
MO4_KARD080E40004IM31;Kabat;IMP-01;4.00-8 Kabat IMP-01 59A4 6PR TT;rolnicze;Przyczepa;PEWNE;Przyczepa
MO4_KARD080E40004IM30;Kabat;IMP-01;4.00-8 Kabat IMP-01 57A4 4PR TT;rolnicze;Przyczepa;PEWNE;Przyczepa
MO4_KARD060156004IP62;Kabat;IMP-06 Implement Liniowa;15x6.00-6 Kabat IMP-06 Implement Liniowa 6PR TT;rolnicze;Przyczepa;PEWNE;Przyczepa
MO4_KARD060156004IP60;Kabat;IMP-06;15x6.00-6 Kabat IMP-06 6PR TL;rolnicze;Przyczepa;PEWNE;Przyczepa
MO4_KARD050K30006IP82;Kabat;IMP-08;23x5 Kabat IMP-08 121A5 10PR TT;rolnicze;Przyczepa;PEWNE;Przyczepa
MO4_KARD050K30006IP80;Kabat;IMP-08;23x5 Kabat IMP-08 113A5 6PR TT;rolnicze;Przyczepa;PEWNE;Przyczepa
MO3_235Kabat;Kabat;IMP-08;23x5 Kabat IMP-08 6PR TT;rolnicze;Przyczepa;PEWNE;Przyczepa
MO3_38565225Kabat;Kabat;TRY1;385/65R22.5 Kabat TRY1 160F 18PR TL;rolnicze;Przyczepa;PEWNE;Przyczepa
MO2_WOG385/65R22.5;Kabat;TRY1.AG.;385/65R22.5 Kabat TRY1.AG. TL;rolnicze;Przyczepa;PEWNE;Przyczepa
MO2_KOIM950041T;Kabat;IMP-02;5.00-9 Kabat IMP-02 4PR TT;rolnicze;Przyczepa;PEWNE;Przyczepa
MO2_KOIM840061T;Kabat;IMP-01;4.00-8 Kabat IMP-01 6PR TT;rolnicze;Przyczepa;PEWNE;Przyczepa
MO2_KOIM840041T;Kabat;IMP-01;4.00-8 Kabat IMP-01 4PR TT;rolnicze;Przyczepa;PEWNE;Przyczepa
MO2_KOIM81885061T;Kabat;IMP-06 LINIOWA;18x8.50-8 Kabat IMP-06 LINIOWA 6PR TT;rolnicze małe;Przyczepa;PEWNE;Przyczepa
MO2_KOIM81665061L;Kabat;IMP-06 LINIOWA;16x6.50-8 Kabat IMP-06 LINIOWA 6PR TL;rolnicze;Przyczepa;PEWNE;Przyczepa
MO2_KOIM61560061T;Kabat;IMP-06 LINIOWA IMPLEMENT;15x6.00-6 Kabat IMP-06 LINIOWA IMPLEMENT 6PR TT;rolnicze małe;Przyczepa;PEWNE;Przyczepa
MO2_KOIM61560061L;Kabat;IMP-06 LINIOWA IMPLEMENT;15x6.00-6 Kabat IMP-06 LINIOWA IMPLEMENT 6PR TL;rolnicze małe;Przyczepa;PEWNE;Przyczepa
MO2_KOIM1040041T;Kabat;IMP-02;4.00-10 Kabat IMP-02 4PR TT;rolnicze;Przyczepa;PEWNE;Przyczepa
MO5_KARD153G10758KAI1;Kabat;IMP-03;10.0/75-15.3 Kabat IMP-03 130A8 14PR TL;rolnicze;Przyczepa;PEWNE;Przyczepa
MO5_HLRD240G55808MI31;MRL;MIM 374;15.5/80-24 MRL MIM 374 166A6/162A8 14PR TL;rolnicze;Przyczepa;PEWNE;Przyczepa
MO5_HLRD180G25806MAW1;MRL;MAW 203 AW;12.5/80-18 MRL MAW 203 AW 148A6/144A8 12PR TL;rolnicze;Przyczepa;PEWNE;Przyczepa
MO5_HLRD170G50556M900;MRL;MAW 905 AW;15.0/55-17 MRL MAW 905 AW 147A6/143A8 14PR TL;rolnicze;Przyczepa;PEWNE;Przyczepa
MO5_HLRD160E65006MI30;MRL;MIM;374R1 MRL MIM 106A6/103A8 8PR TT;rolnicze;Przyczepa;PEWNE;Przyczepa
MO5_HLRD160E40008MI31;MRL;MIM;374R1 MRL MIM 69A6/62A8 4PR TT;rolnicze;Przyczepa;PEWNE;Przyczepa
MO5_HLRD160E40008MI30;MRL;MIM;374R1 MRL MIM 72A6/64A8 6PR TT;rolnicze;Przyczepa;PEWNE;Przyczepa
MO5_HLRD160C80006MI30;MRL;8 - 16 MIM;374R1 MRL 8 - 16 MIM 101A6/97A8 8PR TT;rolnicze;Przyczepa;PEWNE;Przyczepa
MO5_HLRD160340558MAW2;MRL;MAW 203 AW;340/55-16 MRL MAW 203 AW 139A6/135A8 14PR TL;rolnicze;Przyczepa;PEWNE;Przyczepa
MO5_HLRD160340558MAW0;MRL;MAW 203 AW;340/55-16 MRL MAW 203 AW 149A6/146A8 18PR TL;rolnicze;Przyczepa;PEWNE;Przyczepa
MO5_HLRD155280608MI31;MRL;MIM 374;280/60-15.5 MRL MIM 374 128A8/132A6 TL;rolnicze;Przyczepa;PEWNE;Przyczepa
MO5_HLRD153G25808MA00;MRL;MAW 200 AW;12.5/80-15.3 MRL MAW 200 AW 142A6/138A8 14PR TL;rolnicze;Przyczepa;PEWNE;Przyczepa
MO5_HLRD153G25806MAW0;MRL;MAW 203 AW;12.5/80-15.3 MRL MAW 203 AW 148A6/144A8 14PR TL;rolnicze;Przyczepa;PEWNE;Przyczepa
MO5_HLRD153G15808MA09;MRL;MAW 200 IMPLEMENT;11.5/80-15.3 MRL MAW 200 IMPLEMENT 145A6/141A8 22PR TL;rolnicze;Przyczepa;PEWNE;Przyczepa
MO5_HLRD153G15808MA08;MRL;MAW 200 IMPLEMENT;11.5/80-15.3 MRL MAW 200 IMPLEMENT 149A6/145A8 18PR TL;rolnicze;Przyczepa;PEWNE;Przyczepa
MO5_HLRD153G15808MA06;MRL;MAW 200 IMPLEMENT;11.5/80-15.3 MRL MAW 200 IMPLEMENT 141A6/137A8 16PR TL;przemysłowe;Przyczepa;PEWNE;Przyczepa
MO5_HLRD153G15808MA01;MRL;MAW 200 IMPLEMENT;11.5/80-15.3 MRL MAW 200 IMPLEMENT 139A6/135A8 14PR TT;rolnicze;Przyczepa;PEWNE;Przyczepa
MO5_HLRD153G10758MI33;MRL;MIM 374;10.0/75-15.3 MRL MIM 374 136A6/130A8 14PR TL;rolnicze;Przyczepa;PEWNE;Przyczepa
MO5_HLRD153G10758MI30;MRL;MIM 374;10.0/75-15.3 MRL MIM 374 128A6/123A8 10PR TL;rolnicze;Przyczepa;PEWNE;Przyczepa
MO5_HLRD153G10758MA0T;MRL;MAW 200 IMPLEMENT;10.0/75-15.3 MRL MAW 200 IMPLEMENT 126A6/122A8 12PR TT;rolnicze;Przyczepa;PEWNE;Przyczepa
MO5_HLRD153G10758MA06;MRL;MAW 200 IMPLEMENT;10.0/75-15.3 MRL MAW 200 IMPLEMENT 140A8/136A6 16PR TL;przemysłowe;Przyczepa;PEWNE;Przyczepa
MO5_HLRD153G10758MA04;MRL;MAW 200 IMPLEMENT;10.0/75-15.3 MRL MAW 200 IMPLEMENT 126A6/122A8 12PR TL;rolnicze;Przyczepa;PEWNE;Przyczepa
MO5_HLRD153G10758MA02;MRL;MAW 200 IMPLEMENT;10.0/75-15.3 MRL MAW 200 IMPLEMENT 138A6/134A8 18PR TT;rolnicze;Przyczepa;PEWNE;Przyczepa
MO5_HLRD153G10758MA01;MRL;MAW 200 IMPLEMENT;10.0/75-15.3 MRL MAW 200 IMPLEMENT 134A6/130A8 16PR TT;przemysłowe;Przyczepa;PEWNE;Przyczepa
MO5_HLRD153G10758MA00;MRL;MAW 200 IMPLEMENT;10.0/75-15.3 MRL MAW 200 IMPLEMENT 130A6/126A8 14PR TT;rolnicze;Przyczepa;PEWNE;Przyczepa
MO5_HLRD153G10756MA06;MRL;MAW 200 IMPLEMENT;10.0/75-15.3 MRL MAW 200 IMPLEMENT 123A6/119A8 10PR TL;rolnicze;Przyczepa;PEWNE;Przyczepa
MO5_HLRD153G10756MA01;MRL;MAW 200 IMPLEMENT;10.0/75-15.3 MRL MAW 200 IMPLEMENT 130A6/126A8 14PR TL;rolnicze;Przyczepa;PEWNE;Przyczepa
MO5_HLRD150E50006MI30;MRL;MIM;374R1 MRL MIM 94A6/90A8 6PR TT;rolnicze;Przyczepa;PEWNE;Przyczepa
MO5_HLRD145200606R7B0;MRL;RIB 707;200/60-14.5 MRL RIB 707 113A6/109A8 10PR TT;rolnicze;Przyczepa;PEWNE;Przyczepa
MO5_HLRD120G10808MA00;MRL;MAW 200 IMPLEMENT;10.0/80-12 MRL MAW 200 IMPLEMENT 124A6/120A8 12PR TT;rolnicze;Przyczepa;PEWNE;Przyczepa
MO5_HLRD120320606MI31;MRL;MIM 374;320/60-12 MRL MIM 374 136A6/132A8 12PR TT;rolnicze;Przyczepa;PEWNE;Przyczepa
MO5_HLRD12023X0036TR0;MRL;23 x MTR;600R1 MRL 23 x MTR 111A3 10PR TL;rolnicze;Przyczepa;PEWNE;Przyczepa
MO5_HLRD120212003M600;MRL;26 x MTR;601R1 MRL 26 x MTR 116A3 8PR TL;rolnicze;Przyczepa;PEWNE;Przyczepa
MO5_HLRD080E40006MI30;MRL;MIM;374R1 MRL MIM 63A6/59A8 4PR TT;rolnicze;Przyczepa;PEWNE;Przyczepa
MO5_HLPD200405706MI30;MRL;MIM 374;405/70-20 MRL MIM 374 160A6/154A8 14PR TL;rolnicze;Przyczepa;PEWNE;Przyczepa
MO4_HLRD170G50556M900;MRL;MAW 905 AW;15.0/55-17 MRL MAW 905 AW 147A6/143A8 14PR TL;rolnicze;Przyczepa;PEWNE;Przyczepa
MO4_HLRD160E40008MI31;MRL;MIM;374R1 MRL MIM 69A6/62A8 4PR TT;rolnicze;Przyczepa;PEWNE;Przyczepa
MO4_HLRD160E40008MI30;MRL;MIM;374R1 MRL MIM 72A6/64A8 6PR TT;rolnicze;Przyczepa;PEWNE;Przyczepa
MO4_HLRD153G15808MI30;MRL;MIM 374;11.5/80-15.3 MRL MIM 374 141A6/135A8 12PR TL;rolnicze;Przyczepa;PEWNE;Przyczepa
MO4_HLRD153G15808MA06;MRL;MAW 200 IMPLEMENT;11.5/80-15.3 MRL MAW 200 IMPLEMENT 141A6/137A8 16PR TL;przemysłowe;Przyczepa;PEWNE;Przyczepa
MO4_HLRD153G15808MA05;MRL;MAW 200 IMPLEMENT;11.5/80-15.3 MRL MAW 200 IMPLEMENT 139A6/135A8 14PR TL;rolnicze;Przyczepa;PEWNE;Przyczepa
MO4_HLRD153G15808MA01;MRL;MAW 200 IMPLEMENT;11.5/80-15.3 MRL MAW 200 IMPLEMENT 139A6/135A8 14PR TT;rolnicze;Przyczepa;PEWNE;Przyczepa
MO4_HLRD153G10758MI33;MRL;MIM 374;10.0/75-15.3 MRL MIM 374 136A6/130A8 14PR TL;rolnicze;Przyczepa;PEWNE;Przyczepa
MO4_HLRD153G10758MI30;MRL;MIM 374;10.0/75-15.3 MRL MIM 374 128A6/123A8 10PR TL;rolnicze;Przyczepa;PEWNE;Przyczepa
MO4_HLRD153G10758MA0T;MRL;MAW 200 IMPLEMENT;10.0/75-15.3 MRL MAW 200 IMPLEMENT 126A6/122A8 12PR TT;rolnicze;Przyczepa;PEWNE;Przyczepa
MO4_HLRD153G10758MA04;MRL;MAW 200 IMPLEMENT;10.0/75-15.3 MRL MAW 200 IMPLEMENT 126A6/122A8 12PR TL;rolnicze;Przyczepa;PEWNE;Przyczepa
MO4_HLRD153G10758MA01;MRL;MAW 200 IMPLEMENT;10.0/75-15.3 MRL MAW 200 IMPLEMENT 134A6/130A8 16PR TT;przemysłowe;Przyczepa;PEWNE;Przyczepa
MO4_HLRD153G10758MA00;MRL;MAW 200 IMPLEMENT;10.0/75-15.3 MRL MAW 200 IMPLEMENT 130A6/126A8 14PR TT;rolnicze;Przyczepa;PEWNE;Przyczepa
MO4_HLRD153G10756MA06;MRL;MAW 200 IMPLEMENT;10.0/75-15.3 MRL MAW 200 IMPLEMENT 123A6/119A8 10PR TL;rolnicze;Przyczepa;PEWNE;Przyczepa
MO4_HLRD150E50006MI30;MRL;MIM;374R1 MRL MIM 94A6/90A8 6PR TT;rolnicze;Przyczepa;PEWNE;Przyczepa
MO4_HLRD145200606R7B0;MRL;RIB 707;200/60-14.5 MRL RIB 707 113A6/109A8 10PR TT;rolnicze;Przyczepa;PEWNE;Przyczepa
MO4_HLRD120G10808MA00;MRL;MAW 200 IMPLEMENT;10.0/80-12 MRL MAW 200 IMPLEMENT 124A6/120A8 12PR TT;rolnicze;Przyczepa;PEWNE;Przyczepa
MO4_HLRD120E70006MAW0;MRL;MAW 203 AW;7.00-12 MRL MAW 203 AW 95A6/91A8 6PR TL;rolnicze;Przyczepa;PEWNE;Przyczepa
MO4_HLRD1202X10036TR0;MRL;23 x MTR;600R1 MRL 23 x MTR 107A3 8PR TL;rolnicze;Przyczepa;PEWNE;Przyczepa
MO4_HLRD12023X0036TR0;MRL;23 x MTR;600R1 MRL 23 x MTR 111A3 10PR TL;rolnicze;Przyczepa;PEWNE;Przyczepa
MO4_HLPD200405706MI30;MRL;MIM 374;405/70-20 MRL MIM 374 160A6/154A8 14PR TL;rolnicze;Przyczepa;PEWNE;Przyczepa
MO5_HLRD120E70006MAW0;MRL;MAW 203 AW;7.00-12 MRL MAW 203 AW 95A6/91A8 6PR TL;rolnicze;Przyczepa;PEWNE;Przyczepa
MO5_HLRD225600508PRC0;MRL;PRINCE 338 FLOTATION;600/50-22.5 MRL PRINCE 338 FLOTATION 165A8/161B 16PR TL;przemysłowe;Przyczepa;WZORZEC;Przyczepa / Flotacja
MO5_HLRD225550608PRC0;MRL;PRINCE 338 FLOTATION;550/60-22.5 MRL PRINCE 338 FLOTATION 167A8/163B 16PR TL;przemysłowe;Przyczepa;WZORZEC;Przyczepa / Flotacja
MO5_HLRD155400608M971;MRL;MAW 977 IMPLEMENT;400/60-15.5 MRL MAW 977 IMPLEMENT 145A6/141A8 14PR TL;rolnicze;Przyczepa;WZORZEC;Przyczepa
MO5_HLRD155400608M970;MRL;MAW 977 IMPLEMENT;400/60-15.5 MRL MAW 977 IMPLEMENT 147A6/143A8 16PR TL;przemysłowe;Przyczepa;WZORZEC;Przyczepa
MO5_HLRD155400606PRN2;MRL;PRINCE 335 FLOTATION;400/60-15.5 MRL PRINCE 335 FLOTATION 147A6/143A8 16PR TL;przemysłowe;Przyczepa;WZORZEC;Przyczepa / Flotacja
MO5_HLRD155400606NCE0;MRL;PRINCE 335 FLOTATION;400/60-15.5 MRL PRINCE 335 FLOTATION 149A6/145A8 18PR TL;rolnicze;Przyczepa;WZORZEC;Przyczepa / Flotacja
MO5_MIRD170G50558IM44;Mitas;IM-04;15.0/55-17 Mitas IM-04 137A8 14PR TL;rolnicze;Przyczepa;PEWNE;Przyczepa
MO5_MIRD155400608IM71;Mitas;IM-07;400/60-15.5 Mitas IM-07 140A8 14PR TL;rolnicze;Przyczepa;PEWNE;Przyczepa
MO5_MIRD153G25808IM40;Mitas;IM-04;12.5/80-15.3 Mitas IM-04 141A8 14PR TL;rolnicze;Przyczepa;PEWNE;Przyczepa
MO5_MIRD153G15808IM44;Mitas;IM-04;11.5/80-15.3 Mitas IM-04 141A8 16PR TL;przemysłowe;Przyczepa;PEWNE;Przyczepa
MO5_MIRD153G10758IM4Y;Mitas;IM-04;10.0/75-15.3 Mitas IM-04 143A8 18PR TL;rolnicze;Przyczepa;PEWNE;Przyczepa
MO5_MIRD153G10758IM42;Mitas;IM-04;10.0/75-15.3 Mitas IM-04 130A8 14PR TL;rolnicze;Przyczepa;PEWNE;Przyczepa
MO5_MIRD1452006071IM0;Mitas;IM-10;200/60-14.5 Mitas IM-10 102A8 10PR TL;rolnicze;Przyczepa;PEWNE;Przyczepa
MO5_MIPD180G25808BB40;Mitas;BIG BOY;12.5/80-18 Mitas BIG BOY 14PR TL;rolnicze;Przyczepa;PEWNE;Przyczepa
MO5_MIPD150311008SK00;Mitas;SK-02;31x15.50-15 Mitas SK-02 8PR TL;rolnicze;Przyczepa;PEWNE;Przyczepa
MO5_MIPD120D85004SK20;Mitas;SK-02;23x8.50-12 Mitas SK-02 115A4 10PR TL;rolnicze;Przyczepa;PEWNE;Przyczepa
MO4_MIRD153G15808IM44;Mitas;IM-04;11.5/80-15.3 Mitas IM-04 141A8 16PR TL;przemysłowe;Przyczepa;PEWNE;Przyczepa
MO4_MIRD1452006071IM0;Mitas;IM-10;200/60-14.5 Mitas IM-10 102A8 10PR TL;rolnicze;Przyczepa;PEWNE;Przyczepa
MO3_10075153MITA;Mitas;IM04;10.0/75-15.3 Mitas IM04 18PR TL;rolnicze;Przyczepa;PEWNE;Przyczepa
MO2_5001516020000;Mitas;TR03;11.5/80-15.3 Mitas TR03 14PR TL;rolnicze;Przyczepa;PEWNE;Przyczepa
MO2_5001515980000;Mitas;IM04;11.5/80-15.3 Mitas IM04 12PR TL;rolnicze;Przyczepa;PEWNE;Przyczepa
MO2_5001515920000;Mitas;IM04;11.5/80-15.3 Mitas IM04 14PR TL;rolnicze;Przyczepa;PEWNE;Przyczepa
MO2_5001515770000;Mitas;IM04;10.0/75-15.3 Mitas IM04 14PR TL;rolnicze;Przyczepa;PEWNE;Przyczepa
MO2_5001515750000;Mitas;IM04;11.5/80-15.3 Mitas IM04 16PR TL;rolnicze;Przyczepa;PEWNE;Przyczepa
MO2_5001515680000;Mitas;IM04;10.0/80-12 Mitas IM04 10PR TL;rolnicze;Przyczepa;PEWNE;Przyczepa
MO2_5001515240000;Mitas;IM07;500/50-17 Mitas IM07 14PR TL;rolnicze;Przyczepa;PEWNE;Przyczepa
MO2_5001515220000;Mitas;TR08;400/60-15.5 Mitas TR08 14PR TL;rolnicze;Przyczepa;PEWNE;Przyczepa
MO2_5001510900000;Mitas;BIG BOY;10.5/80-18 Mitas BIG BOY 10PR TL;przemysłowe;Przyczepa;PEWNE;Przyczepa
MO2_4006310100000;Mitas;AGRITERRA 02;650/55R26.5 Mitas AGRITERRA 02 169D TL;rolnicze;Przyczepa;PEWNE;Przyczepa
MO2_4006310090000;Mitas;AGRITERRA 02;600/50R22.5 Mitas AGRITERRA 02 163D TL;rolnicze;Przyczepa;PEWNE;Przyczepa
MO2_4006201520000;Mitas;AR01;385/65R22.5 Mitas AR01 161F TL;rolnicze;Przyczepa;PEWNE;Przyczepa
MO2_25020825;Mitas;SK-02;27x10.50-15 Mitas SK-02 8PR TL;przemysłowe;Przyczepa;PEWNE;Przyczepa
MO2_25020823;Mitas;SK01;10.0/75-15.3 Mitas SK01 10PR TL;rolnicze;Przyczepa;PEWNE;Przyczepa
MO2_13502900;Mitas;TR08;550/60-22.5 Mitas TR08 171A8 TL;rolnicze;Przyczepa;PEWNE;Przyczepa
MO2_13437900;Mitas;TR01;15.0/55-17 Mitas TR01 10PR TL;rolnicze;Przyczepa;PEWNE;Przyczepa
MO2_13417800;Mitas;AGRITERRA ULTRA;710/50R26.5 Mitas AGRITERRA ULTRA 170D TL;rolnicze;Przyczepa;PEWNE;Przyczepa
MO2_13416600;Mitas;AGRITERRA ULTRA;600/50R22.5 Mitas AGRITERRA ULTRA 163D TL;rolnicze;Przyczepa;PEWNE;Przyczepa
MO2_13219600;Mitas;TR12;600/40-22.5 Mitas TR12 172A8/160A8 TL;rolnicze;Przyczepa;PEWNE;Przyczepa
MO2_13219500;Mitas;TR12;600/40-22.5 Mitas TR12 161A8 TL;rolnicze;Przyczepa;PEWNE;Przyczepa
MO2_13219400;Mitas;TR07;31x15.50-15 Mitas TR07 8PR TL;rolnicze;Przyczepa;PEWNE;Przyczepa
MO2_13219300;Mitas;TR06;31x15.50-15 Mitas TR06 8PR TL;rolnicze;Przyczepa;PEWNE;Przyczepa
MO2_1014309870000;Mitas;IM04;19.0/45-17 Mitas IM04 14PR TL;rolnicze;Przyczepa;PEWNE;Przyczepa
MO2_1014113220000;Mitas;TR08 HD;600/50-22.5 Mitas TR08 HD 156A8/168A8 TL;rolnicze;Przyczepa;PEWNE;Przyczepa
MO2_1014108140000;Mitas;TR01;15.0/55-17 Mitas TR01 10PR TL;rolnicze;Przyczepa;PEWNE;Przyczepa
MO2_1013311940000;Mitas;IM04;12.5/80-18 Mitas IM04 16PR TT;rolnicze;Przyczepa;PEWNE;Przyczepa
MO2_1013311480000;Mitas;IM04;12.5/80-18 Mitas IM04 14PR TT;rolnicze;Przyczepa;PEWNE;Przyczepa
MO2_1013309710000;Mitas;IM04;15.0/55-17 Mitas IM04 14PR TL;rolnicze;Przyczepa;PEWNE;Przyczepa
MO5_OZPR2804408080710;Ozka;OR 71;440/80R28 Ozka OR 71 156A8/156B TL;rolnicze;Przyczepa;PEWNE;Przyczepa
MO5_OZPR2404607080710;Ozka;OR 71;460/70R24 Ozka OR 71 159A8/159B TL;rolnicze;Przyczepa;PEWNE;Przyczepa
MO3_1904517S;Speedways;PK-307;19.0/45-17 Speedways PK-307 14PR TL;rolnicze;Przyczepa;PEWNE;Przyczepa
MO2_IND00501;Speedways;FL-60;425/55R17 Speedways FL-60 129D TL;rolnicze;Przyczepa;PEWNE;Przyczepa
MO2_IND00405;Speedways;PK-307;19.0/45-17 Speedways PK-307 22PR TL;rolnicze;Przyczepa;PEWNE;Przyczepa
MO2_IND00404;Speedways;TRENCHER;26x12.00-12 Speedways TRENCHER 12PR TL;rolnicze;Przyczepa;PEWNE;Przyczepa
MO2_IND00400;Speedways;PK-303;12.5/80-15.3 Speedways PK-303 22PR TL;rolnicze;Przyczepa;PEWNE;Przyczepa
MO2_IND00255;Speedways;TRENCHER;23x10.50-12 Speedways TRENCHER 14PR TL;rolnicze;Przyczepa;PEWNE;Przyczepa
MO2_IND00241;Speedways;PK-303;12.5/80-18 Speedways PK-303 16PR TL;przemysłowe;Przyczepa;PEWNE;Przyczepa
MO2_IND00234;Speedways;PK-303;11.5/80-15.3 Speedways PK-303 18PR TL;rolnicze;Przyczepa;PEWNE;Przyczepa
MO2_IND00229;Speedways;PK-303;10.0/75-15.3 Speedways PK-303 16PR TL;rolnicze;Przyczepa;PEWNE;Przyczepa
MO2_IND00198;Speedways;FLOTATION KING;400/60-22.5 Speedways FLOTATION KING 18PR TL;rolnicze;Przyczepa;PEWNE;Przyczepa
MO2_IND00185;Speedways;FLOTATION KING;400/60-15.5 Speedways FLOTATION KING 18PR TL;rolnicze;Przyczepa;PEWNE;Przyczepa
MO2_IND00183;Speedways;FLOTATION KING;400/60-15.5 Speedways FLOTATION KING 14PR TL;rolnicze;Przyczepa;PEWNE;Przyczepa
MO2_IND00181;Speedways;TRENCHER;31x15.50-15 Speedways TRENCHER 10PR TL;rolnicze;Przyczepa;PEWNE;Przyczepa
MO2_IND00163;Speedways;PK-305;15.0/55-17 Speedways PK-305 14PR TL;rolnicze;Przyczepa;PEWNE;Przyczepa
MO2_IND00143;Speedways;PK-303;13.0/55-16 Speedways PK-303 14PR TL;rolnicze;Przyczepa;PEWNE;Przyczepa
MO2_IND00014;Speedways;RIB-777;200/60-14.5 Speedways RIB-777 14PR TL;rolnicze;Przyczepa;PEWNE;Przyczepa
MO2_IND00008;Speedways;PK-303;11.5/80-15.3 Speedways PK-303 22PR TL;rolnicze;Przyczepa;PEWNE;Przyczepa
MO2_IND00006;Speedways;PK-303;11.5/80-15.3 Speedways PK-303 14PR TL;rolnicze;Przyczepa;PEWNE;Przyczepa
MO2_IND00005;Speedways;PK-303;10.0/80-12 Speedways PK-303 10PR TL;rolnicze;Przyczepa;PEWNE;Przyczepa
MO2_IND00003;Speedways;PK-303;10.0/75-15.3 Speedways PK-303 14PR TL;rolnicze;Przyczepa;PEWNE;Przyczepa
MO1_10714890;Trailermaxx;C834;18.5x8.5-8 Trailermaxx C834 78M 6PR TL;rolnicze;Przyczepa;WZORZEC;Naczepa
MO5_TRRD160360658AW30;Trelleborg;AW305;360/65-16 Trelleborg AW305 148A8 TL;rolnicze;Przyczepa;PEWNE;Przyczepa
MO5_TRRD160340558AW30;Trelleborg;AW305;340/55-16 Trelleborg AW305 140A8 TL;rolnicze;Przyczepa;PEWNE;Przyczepa
MO4_TRRD160340558AW30;Trelleborg;AW305;340/55-16 Trelleborg AW305 140A8 TL;rolnicze;Przyczepa;PEWNE;Przyczepa
MO3_3206012TR2;Trelleborg;T421;320/60-12 Trelleborg T421 132A8 TL;rolnicze;Przyczepa;PEWNE;Przyczepa
MO3_30080153TREL;Trelleborg;T452;300/80-15.3 Trelleborg T452 123A8 TL;rolnicze;Przyczepa;PEWNE;Przyczepa
MO2_1480700;Trelleborg;T421;320/60-12 Trelleborg T421 132A8 TT;rolnicze małe;Przyczepa;PEWNE;Przyczepa
MO2_1327700;Trelleborg;AW305;340/55-16 Trelleborg AW305 128A8/140A8 TL;rolnicze;Przyczepa;PEWNE;Przyczepa
MO2_1103700;Trelleborg;T404;710/40-22.5 Trelleborg T404 158A8 TL;rolnicze;Przyczepa;PEWNE;Przyczepa
MO8_1440200;Trelleborg;T421;320/55-15 Trelleborg T421 133A8 TL;rolnicze;Przyczepa;PEWNE;Przyczepa
MO8_11144300;Trelleborg;T421 GREY;320/60-12 Trelleborg T421 GREY 132A8 TL;rolnicze;Przyczepa;PEWNE;Przyczepa
MO8_1476200;Trelleborg;T421;320/60-12 Trelleborg T421 132A8 TL;rolnicze;Przyczepa;PEWNE;Przyczepa
MO8_1480700;Trelleborg;T421;320/60-12 Trelleborg T421 132A8 TT;rolnicze;Przyczepa;PEWNE;Przyczepa
MO8_1140100;Trelleborg;T421;500/60-22.5 Trelleborg T421 SB 144A8 TT;rolnicze;Przyczepa;PEWNE;Przyczepa
MO8_1106300;Trelleborg;T404 FS;500/45-22.5 Trelleborg T404 FS 129A8 TT;rolnicze;Przyczepa;PEWNE;Przyczepa
MO8_1468800;Trelleborg;AW305;480/45-17 Trelleborg AW305 146A8 TL;rolnicze;Przyczepa;PEWNE;Przyczepa
MO8_1323100;Trelleborg;T452;420/55-17 Trelleborg T452 143A8 TL;rolnicze;Przyczepa;PEWNE;Przyczepa
MO8_1298400;Trelleborg;AW305;380/55-17 Trelleborg AW305 138A8 TL;rolnicze;Przyczepa;PEWNE;Przyczepa
MO8_1327900;Trelleborg;AW305;360/65-16 Trelleborg AW305 148A8 TL;rolnicze;Przyczepa;PEWNE;Przyczepa
MO8_1327800;Trelleborg;AW305;360/70-16 Trelleborg AW305 137A8 TL;rolnicze;Przyczepa;PEWNE;Przyczepa
MO8_1327700;Trelleborg;AW305;340/55-16 Trelleborg AW305 140A8 TL;rolnicze;Przyczepa;PEWNE;Przyczepa
MO8_1326400;Trelleborg;AW305;260/70-16 Trelleborg AW305 134A8 TL;rolnicze;Przyczepa;PEWNE;Przyczepa
MO8_1327200;Trelleborg;AW305;320/80-15.3 Trelleborg AW305 145A8 TL;rolnicze;Przyczepa;PEWNE;Przyczepa
MO8_1326700;Trelleborg;AW305;300/80-15.3 Trelleborg AW305 141A8 TL;rolnicze;Przyczepa;PEWNE;Przyczepa
MO8_1326600;Trelleborg;AW305;300/80-15.3 Trelleborg AW305 132A8 TL;rolnicze;Przyczepa;PEWNE;Przyczepa
MO8_1328500;Trelleborg;T452;300/80-15.3 Trelleborg T452 141A8 TL;rolnicze;Przyczepa;PEWNE;Przyczepa
MO8_1326500;Trelleborg;T452;300/80-15.3 Trelleborg T452 123A8 TL;rolnicze;Przyczepa;PEWNE;Przyczepa
MO8_1326200;Trelleborg;AW305;260/70-15.3 Trelleborg AW305 131A8 TL;rolnicze;Przyczepa;PEWNE;Przyczepa
MO8_1326100;Trelleborg;AW305;260/70-15.3 Trelleborg AW305 126A8 TL;rolnicze;Przyczepa;PEWNE;Przyczepa
MO8_1469300;Trelleborg;AW305;10.0/80-12 Trelleborg AW305 10PR TL;rolnicze;Przyczepa;PEWNE;Przyczepa
MO8_1130300;Trelleborg;AW305;10.0/80-12 Trelleborg AW305 8PR TT;rolnicze;Przyczepa;PEWNE;Przyczepa
MO8_1469200;Trelleborg;AW305;10.0/80-12 Trelleborg AW305 8PR TL;rolnicze;Przyczepa;PEWNE;Przyczepa
MO8_1106200;Trelleborg;T404 GT;600/60-30.5 Trelleborg T404 GT 142A8 TL;rolnicze;Przyczepa;PEWNE;Przyczepa
MO8_1109500;Trelleborg;T404 GT;400/55-22.5 Trelleborg T404 GT 111A8 TL;rolnicze;Przyczepa;PEWNE;Przyczepa
MO8_1102900;Trelleborg;T404 GT;400/55-17.5 Trelleborg T404 GT 108A8 TL;rolnicze;Przyczepa;PEWNE;Przyczepa
MO8_1106900;Trelleborg;T421 AMPT;620/55B26.5 Trelleborg T421 AMPT 166D TL;rolnicze;Przyczepa;PEWNE;Przyczepa
MO8_1105700;Trelleborg;T404;850/50-30.5 Trelleborg T404 179A8 TL;rolnicze;Przyczepa;PEWNE;Przyczepa
MO8_1105500;Trelleborg;T404;800/45-30.5 Trelleborg T404 178A8 TL;rolnicze;Przyczepa;PEWNE;Przyczepa
MO8_1105300;Trelleborg;T404;750/60-30.5 Trelleborg T404 178A8 TL;rolnicze;Przyczepa;PEWNE;Przyczepa
MO8_1105100;Trelleborg;T404;710/50-30.5 Trelleborg T404 175A8 TL;rolnicze;Przyczepa;PEWNE;Przyczepa
MO8_1105000;Trelleborg;T404;650/65-30.5 Trelleborg T404 173A8 TL;rolnicze;Przyczepa;PEWNE;Przyczepa
MO8_1104600;Trelleborg;T404;800/40-26.5 Trelleborg T404 172A8 TL;rolnicze;Przyczepa;PEWNE;Przyczepa
MO8_1104400;Trelleborg;T404;710/45-26.5 Trelleborg T404 169A8 TL;rolnicze;Przyczepa;PEWNE;Przyczepa
MO8_1104300;Trelleborg;T421;600/55-26.5 Trelleborg T421 173A8 TL;rolnicze;Przyczepa;PEWNE;Przyczepa
MO8_1104200;Trelleborg;T421;600/55-26.5 Trelleborg T421 166A8 TL;rolnicze;Przyczepa;PEWNE;Przyczepa
MO8_1104100;Trelleborg;T404;600/55-26.5 Trelleborg T404 166A8 TL;rolnicze;Przyczepa;PEWNE;Przyczepa
MO8_1103900;Trelleborg;T404;400/60-26.5 Trelleborg T404 147A8 TT;rolnicze;Przyczepa;PEWNE;Przyczepa
MO8_1103700;Trelleborg;T404;710/40-22.5 Trelleborg T404 158A8 TL;rolnicze;Przyczepa;PEWNE;Przyczepa
MO8_1103400;Trelleborg;T404;600/50-22.5 Trelleborg T404 156A8 TL;rolnicze;Przyczepa;PEWNE;Przyczepa
MO8_1103300;Trelleborg;T404;560/60-22.5 Trelleborg T404 167A8 TL;rolnicze;Przyczepa;PEWNE;Przyczepa
MO8_1473900;Trelleborg;T421;500/60-22.5 Trelleborg T421 155A8 TL;rolnicze;Przyczepa;PEWNE;Przyczepa
MO8_1103000;Trelleborg;T404;500/60-22.5 Trelleborg T404 155A8 TL;rolnicze;Przyczepa;PEWNE;Przyczepa
MO8_1103100;Trelleborg;T404;560/45-22.5 Trelleborg T404 154A8 TL;rolnicze;Przyczepa;PEWNE;Przyczepa
MO8_6134100;Trelleborg;T404;500/45-22.5 Trelleborg T404 146A8 TL;rolnicze;Przyczepa;PEWNE;Przyczepa
MO8_6134000;Trelleborg;T404;400/55-22.5 Trelleborg T404 147A8 TL;rolnicze;Przyczepa;PEWNE;Przyczepa
MO8_1473600;Trelleborg;T404;400/55-17.5 Trelleborg T404 131A8 TT;rolnicze;Przyczepa;PEWNE;Przyczepa
MO8_12015400;Trelleborg;T421;420/55-17 Trelleborg T421 145A8 TL;rolnicze;Przyczepa;PEWNE;Przyczepa
MO8_6134700;Trelleborg;T421;420/55-17 Trelleborg T421 133A8 TL;rolnicze;Przyczepa;PEWNE;Przyczepa
MO8_1470700;Trelleborg;T404;400/60-15.5 Trelleborg T404 148A8 TL;rolnicze;Przyczepa;PEWNE;Przyczepa
MO8_1468700;Trelleborg;T404;400/60-15.5 Trelleborg T404 145A8 TL;rolnicze;Przyczepa;PEWNE;Przyczepa
MO8_1137700;Trelleborg;T421;280/60-15.5 Trelleborg T421 125A8 TL;rolnicze;Przyczepa;PEWNE;Przyczepa
MO8_1143100;Trelleborg;T421;280/60-15.5 Trelleborg T421 115A8 TL;rolnicze;Przyczepa;PEWNE;Przyczepa
MO1_10004304;Turon;TrailerMove 201;155/70R12 Turon TrailerMove 201 102N TL;rolnicze;Przyczepa;WZORZEC;Naczepa
MO1_10004294;Turon;TrailerMove 201;165R13 Turon TrailerMove 201 94N 8PR TL;rolnicze;Przyczepa;WZORZEC;Naczepa
MO1_10004288;Turon;TrailerMove 201;195/55R10 Turon TrailerMove 201 96N TL;rolnicze;Przyczepa;WZORZEC;Naczepa
MO1_10004281;Turon;TrailerMove 201;185R14 Turon TrailerMove 201 102N 8PR TL;rolnicze;Przyczepa;WZORZEC;Naczepa
MO1_10004278;Turon;TrailerMove 201;195/50R13 Turon TrailerMove 201 101N TL;rolnicze;Przyczepa;WZORZEC;Naczepa
MO3_71040225vFlProR161;Vredestein;Flotation;710/40R22.5 Vredestein Flotation 161D TL;rolnicze;Przyczepa;WZORZEC;Przyczepa / Flotacja
MO2_34540020AL-IG;Alliance;345 FORESTAR;18.4-30 Alliance 345 FORESTAR 153A6;leśne;Skidder;PEWNE;Skidder
MO2_34540000AL-IG;Alliance;345 FORESTAR;16.9-30 Alliance 345 FORESTAR 150A6 TT;leśne;Skidder;PEWNE;Skidder
MO2_34502875AL;Alliance;345 FORESTAR;23.1-26 Alliance 345 FORESTAR 16PR TL;leśne;Skidder;PEWNE;Skidder
MO7_T445614;NOKIAN;Logger King TRS-2 TL;24.5-32 NOKIAN Logger King TRS-2 TL SF 20PR TL;leśne;Skidder;PEWNE;Skidder
MO7_T445620;NOKIAN;Logger King TRS-2 EXTREME TL;35.5-32 NOKIAN Logger King TRS-2 EXTREME TL SF 26PR TL;leśne;Skidder;PEWNE;Skidder
MO7_T445613;NOKIAN;Logger King TRS-2 EXTREME TL;30.5L-32 NOKIAN Logger King TRS-2 EXTREME TL SF 26PR TL;leśne;Skidder;PEWNE;Skidder
MO7_T445621;NOKIAN;Logger King TRS-2 TL;30.5L-32 NOKIAN Logger King TRS-2 TL SF 20PR TL;leśne;Skidder;PEWNE;Skidder
MO7_T445615;NOKIAN;Logger King TRS-2 TL;28L-26 NOKIAN Logger King TRS-2 TL SF 20PR TL;leśne;Skidder;PEWNE;Skidder
MO7_T445616;NOKIAN;Logger King TRS-2 TL;23.1-26 NOKIAN Logger King TRS-2 TL SF 16PR TL;leśne;Skidder;PEWNE;Skidder
MO7_T445313;NOKIAN;Forest King T;650/75-38 NOKIAN Forest King T SF TT;leśne;Skidder;PEWNE;Skidder
MO7_T445314;NOKIAN;Forest King T;540/70-30 NOKIAN Forest King T SF TT;leśne;Skidder;PEWNE;Skidder
MO7_T445335;NOKIAN;Forest King T;500/70-28 NOKIAN Forest King T SF TT;leśne;Skidder;PEWNE;Skidder
MO1_17421920;Nokian;Logger King -2;28L-26 Nokian Logger King LS-2 165A6 20PR SF TL;rolnicze;Skidder;PEWNE;Skidder
MO5_APPR24050070D10R0;APOLLO;TERRA PRO1044;500/70R24 APOLLO TERRA PRO1044 162D TL;rolnicze;Uniwersalne/pozostałe;WZORZEC;Rolnicze (ogólne)
MO5_APPR24050070D1040;APOLLO;TERRA PRO1045;500/70R24 APOLLO TERRA PRO1045 162D TL;rolnicze;Uniwersalne/pozostałe;WZORZEC;Rolnicze (ogólne)
MO5_APPR24046070D10R0;APOLLO;TERRA PRO1044;460/70R24 APOLLO TERRA PRO1044 158D TL;rolnicze;Uniwersalne/pozostałe;WZORZEC;Rolnicze (ogólne)
MO5_APPR24046070D1040;APOLLO;TERRA PRO1045;460/70R24 APOLLO TERRA PRO1045 158D TL;rolnicze;Uniwersalne/pozostałe;WZORZEC;Rolnicze (ogólne)
MO5_APPR24040570B1040;APOLLO;TERRA PRO1045;405/70R24 APOLLO TERRA PRO1045 146B TL;rolnicze;Uniwersalne/pozostałe;WZORZEC;Rolnicze (ogólne)
MO5_APPR20040570B1040;APOLLO;TERRA PRO1045;405/70R20 APOLLO TERRA PRO1045 143B TL;rolnicze;Uniwersalne/pozostałe;WZORZEC;Rolnicze (ogólne)
MO5_APPR20040070D10R0;APOLLO;TERRA PRO1044;400/70R20 APOLLO TERRA PRO1044 148D TL;rolnicze;Uniwersalne/pozostałe;WZORZEC;Rolnicze (ogólne)
MO5_APPR20034080D10R0;APOLLO;TERRA PRO1044;340/80R20 APOLLO TERRA PRO1044 143D TL;rolnicze;Uniwersalne/pozostałe;WZORZEC;Rolnicze (ogólne)
MO5_APPD280G690084260;APOLLO;AIT 426;16.9-28 APOLLO AIT 426 152A8 12PR TL;rolnicze;Uniwersalne/pozostałe;WZORZEC;Rolnicze (ogólne)
MO5_APPD200H0000B71A1;APOLLO;AWE 713 SET;10.00-20 APOLLO AWE 713 SET 146B 16PR TT;przemysłowe;Uniwersalne/pozostałe;WZORZEC;Przemysłowe (ogólne)
MO3_4008024AA-325162A8;Alliance;A-325;400/80-24 Alliance A-325 162A8 TL;przemysłowe;Uniwersalne/pozostałe;PEWNE;Uniwersalne przemysłowe
MO2_60800025AL-IN;Alliance;608;405/70R20 Alliance 608 155A2/143B TL;przemysłowe;Uniwersalne/pozostałe;PEWNE;Uniwersalne przemysłowe
MO2_60800010AL-IN;Alliance;608;405/70R18 Alliance 608 153A2/141B TL;przemysłowe;Uniwersalne/pozostałe;PEWNE;Uniwersalne przemysłowe
MO2_60100192AL-IN;Alliance;601;15.5/55R18 Alliance 601 TL;przemysłowe;Uniwersalne/pozostałe;PEWNE;Uniwersalne
MO2_35601529AL;Alliance;356;13.6-24 Alliance 356 128A8/136A2 TL;leśne;Uniwersalne/pozostałe;PEWNE;Uniwersalne leśne
MO2_33300285AL-IN;Alliance;333 AGRO-FORESTRY;20.8-42 Alliance 333 AGRO-FORESTRY 162A8/159B TL;leśne;Uniwersalne/pozostałe;PEWNE;Uniwersalne leśne
MO2_33020017AL-IN;Alliance;330;28-26 Alliance 330 173A8 16PR TL;przemysłowe;Uniwersalne/pozostałe;PEWNE;Uniwersalne przemysłowe
MO2_33020017AL-IG;Alliance;330;28-26 Alliance 330 173A8 16PR TL;przemysłowe;Uniwersalne/pozostałe;PEWNE;Uniwersalne przemysłowe
MO2_33005662AL-IN;Alliance;330;28R26 Alliance 330 173A8/170B TL;przemysłowe;Uniwersalne/pozostałe;PEWNE;Uniwersalne przemysłowe
MO2_33005610AL-IN;Alliance;330;23.1R26 Alliance 330 153A8/153B TL;przemysłowe;Uniwersalne/pozostałe;PEWNE;Uniwersalne przemysłowe
MO2_33005205AL-IN;Alliance;330;23.1-26 Alliance 330 168A8 16PR TL;przemysłowe;Uniwersalne/pozostałe;PEWNE;Uniwersalne przemysłowe
MO2_33005202AL-IN;Alliance;330;23.1-26 Alliance 330 159A8 16PR TL;przemysłowe;Uniwersalne/pozostałe;PEWNE;Uniwersalne przemysłowe
MO2_32905250AL-IN;Alliance;329;23.1-26 Alliance 329 16PR TL;przemysłowe;Uniwersalne/pozostałe;PEWNE;Uniwersalne przemysłowe
MO2_32905250AL-IG;Alliance;329;23.1-26 Alliance 329 16PR TL;przemysłowe;Uniwersalne/pozostałe;PEWNE;Uniwersalne przemysłowe
MO2_32827076AL-IG;Alliance;328 FORESTRY;500/45-22.5 Alliance 328 FORESTRY 144A8 16PR TL;leśne;Uniwersalne/pozostałe;PEWNE;Przyczepa leśna
MO2_32827075AL-IN;Alliance;328 FORESTRY;400/60-15.5 Alliance 328 FORESTRY 152A8 20PR;leśne;Uniwersalne/pozostałe;PEWNE;Przyczepa leśna
MO2_32422403AL-IN;Alliance;324;9.5-20 Alliance 324 6PR TT;rolnicze;Uniwersalne/pozostałe;PEWNE;Uniwersalne
MO2_32421492AL-IN;Alliance;324;9.5-36 Alliance 324 6PR TT;rolnicze;Uniwersalne/pozostałe;PEWNE;Uniwersalne
MO2_32411304AL-IN;Alliance;324;11.2-28 Alliance 324 8PR TT;rolnicze;Uniwersalne/pozostałe;PEWNE;Uniwersalne
MO2_32402251AL-IN;Alliance;324;9.5-22 Alliance 324 6PR TT;rolnicze;Uniwersalne/pozostałe;PEWNE;Uniwersalne
MO2_32401708AL-IN;Alliance;324;7.50-16 Alliance 324 8PR TT;rolnicze;Uniwersalne/pozostałe;PEWNE;Uniwersalne
MO2_31714354AL-IN;Alliance;317 MPT;12.5/80-18 Alliance 317 MPT 12PR TL;przemysłowe;Uniwersalne/pozostałe;PEWNE;Uniwersalne
MO2_31701010AL-IN;Alliance;MPT 317;10.0/75-15.3 Alliance MPT 317 12PR TL;przemysłowe;Uniwersalne/pozostałe;PEWNE;Uniwersalne
MO2_30219708AL-IN;Alliance;302;14.9-28 Alliance 302 12PR TT;przemysłowe;Uniwersalne/pozostałe;PEWNE;Uniwersalne przemysłowe
MO2_30215508AL-IN;Alliance;302;15.5-25 Alliance 302 12PR TL;przemysłowe;Uniwersalne/pozostałe;PEWNE;Uniwersalne przemysłowe
MO1_15231230;Alliance;Traction Industrial 323;405/70-24 Alliance Traction Industrial 323 152B 14PR TL;przemysłowe;Uniwersalne/pozostałe;PEWNE;Uniwersalne przemysłowe
MO1_15231210;Alliance;Traction Industrial 323;405/70-20 Alliance Traction Industrial 323 149B 14PR TL;przemysłowe;Uniwersalne/pozostałe;PEWNE;Uniwersalne przemysłowe
MO1_15231182;Alliance;317;14.5-20 Alliance 317 139G 14PR TL;rolnicze;Uniwersalne/pozostałe;PEWNE;Uniwersalne
MO1_15231161;Alliance;317;12.5-20 Alliance 317 132G 12PR TL;rolnicze;Uniwersalne/pozostałe;PEWNE;Uniwersalne
MO1_15231153;Alliance;317;12.5-20 Alliance 317 129G/132G 10PR TL;rolnicze;Uniwersalne/pozostałe;PEWNE;Uniwersalne
MO1_15231071;Alliance;317;12.5-18 Alliance 317 131G 12PR TL;rolnicze;Uniwersalne/pozostałe;PEWNE;Uniwersalne
MO1_15231067;Alliance;317;12.0-18 Alliance 317 145A6 12PR TL;rolnicze;Uniwersalne/pozostałe;PEWNE;Uniwersalne
MO1_15231047;Alliance;317;10.5-18 Alliance 317 130G 12PR TL;rolnicze;Uniwersalne/pozostałe;PEWNE;Uniwersalne
MO1_15231026;Alliance;317;10.5-18 Alliance 317 126G 10PR TL;rolnicze;Uniwersalne/pozostałe;PEWNE;Uniwersalne
MO1_15223350;Alliance;Agro Forestry 333;460/85-38 Alliance Agro Forestry 333 154A8/151B 14PR SB TL;leśne;Uniwersalne/pozostałe;PEWNE;Uniwersalne leśne
MO1_15223336;Alliance;Agro Forestry 333;420/85-34 Alliance Agro Forestry 333 147A8/144B 14PR SB TL;leśne;Uniwersalne/pozostałe;PEWNE;Uniwersalne leśne
MO1_15223333;Alliance;Agro Forestry 333;420/85-30 Alliance Agro Forestry 333 145A8/142B 14PR SB TL;leśne;Uniwersalne/pozostałe;PEWNE;Uniwersalne leśne
MO1_15223320;Alliance;Agro Forestry 333;380/85-28 Alliance Agro Forestry 333 139A8/136B 14PR SB TL;leśne;Uniwersalne/pozostałe;PEWNE;Uniwersalne leśne
MO1_15223305;Alliance;Agro Forestry 333;380/85-24 Alliance Agro Forestry 333 137A8/134B 14PR SB TL;leśne;Uniwersalne/pozostałe;PEWNE;Uniwersalne leśne
MO1_15223090;Alliance;Agro Forestry 370;420/70-28 Alliance Agro Forestry 370 147A2/140A8 14PR TL;leśne;Uniwersalne/pozostałe;PEWNE;Uniwersalne leśne
MO1_15222730;Alliance;324;18.4-34 Alliance 324 153A8 14PR TT;rolnicze;Uniwersalne/pozostałe;PEWNE;Uniwersalne
MO1_15222685;Alliance;324;9.5-32 Alliance 324 106A8 6PR TT;rolnicze;Uniwersalne/pozostałe;PEWNE;Uniwersalne
MO1_15222580;Alliance;324;18.4-30 Alliance 324 152A8 14PR TT;rolnicze;Uniwersalne/pozostałe;PEWNE;Uniwersalne
MO1_15222330;Alliance;Forestry 356;18.4/15-26 Alliance Forestry 356 148A2/141A8 10PR TL;leśne;Uniwersalne/pozostałe;PEWNE;Uniwersalne leśne
MO1_15222268;Alliance;324;15.5/80-24 Alliance 324 157A6/154A8 12PR TL;rolnicze;Uniwersalne/pozostałe;PEWNE;Uniwersalne
MO1_15211665;Alliance;324;7.50-16 Alliance 324 112A6 8PR TT;przemysłowe;Uniwersalne/pozostałe;PEWNE;Uniwersalne
MO1_15211659;Alliance;324;8.25-16 Alliance 324 109A6/105A8 6PR TT;przemysłowe;Uniwersalne/pozostałe;PEWNE;Uniwersalne
MO1_10004508;Alliance;Agro Forestry 670;480/70-34 Alliance Agro Forestry 670 146A8/143B SB TL;leśne;Uniwersalne/pozostałe;PEWNE;Uniwersalne leśne
MO1_10004148;Alliance;Agro Forestry 670;710/70R38 Alliance Agro Forestry 670 175A2/168A8 SB TL;leśne;Uniwersalne/pozostałe;PEWNE;Uniwersalne leśne
MO1_10003948;Alliance;Agro Forestry 669;540/65-28 Alliance Agro Forestry 669 155A8/152B SB TL;leśne;Uniwersalne/pozostałe;PEWNE;Uniwersalne leśne
MO3_3408548Asc;Ascenso;TDR 900;340/85R48 Ascenso TDR 900 151D TL;rolnicze;Uniwersalne/pozostałe;WZORZEC;Rolnicze (ogólne)
MO3_3809538ASC;Ascenso;TDR 900;380/95R38 Ascenso TDR 900 147D TL;rolnicze;Uniwersalne/pozostałe;WZORZEC;Rolnicze (ogólne)
MO9_99436;BKT;GR 288;23.5x25 BKT GR 288 20PR TL;przemysłowe;Uniwersalne/pozostałe;PEWNE;Uniwersalne przemysłowe
MO9_55619;BKT;FS 216 STEL BLT;18.4x34 BKT FS 216 STEL BLT 14PR TL;przemysłowe;Uniwersalne/pozostałe;PEWNE;Uniwersalne
MO9_46495;BKT;TRAC GRADER+;13.00x24 BKT TRAC GRADER+ 12PR TL;przemysłowe;Uniwersalne/pozostałe;PEWNE;Uniwersalne przemysłowe
MO9_42841;BKT;TRAC MASTER;31x15.5-15 BKT TRAC MASTER 8PR TL;przemysłowe;Uniwersalne/pozostałe;PEWNE;Uniwersalne
MO9_42154;BKT;TRAC GRADER+;14.00x24 BKT TRAC GRADER+ 16PR TL;przemysłowe;Uniwersalne/pozostałe;PEWNE;Uniwersalne przemysłowe
MO9_30599;BKT;GR 288;20.5x25 BKT GR 288 16PR TL;przemysłowe;Uniwersalne/pozostałe;PEWNE;Uniwersalne przemysłowe
MO9_27196;BKT;GR 288;15.5x25 BKT GR 288 12PR TL;przemysłowe;Uniwersalne/pozostałe;PEWNE;Uniwersalne przemysłowe
MO9_21689;BKT;GR 288;17.5x25 BKT GR 288 16PR TL;przemysłowe;Uniwersalne/pozostałe;PEWNE;Uniwersalne przemysłowe
MO9_20573;BKT;TRAC MASTER;33x15.5-15 BKT TRAC MASTER 8PR TL;rolnicze;Uniwersalne/pozostałe;PEWNE;Uniwersalne
MO9_4578;BKT;GR 288;20.5x25 BKT GR 288 20PR TL;przemysłowe;Uniwersalne/pozostałe;PEWNE;Uniwersalne przemysłowe
MO3_38565225b;Bandenmarkt;Y1;385/65R22.5 Bandenmarkt Y1 160F TL;rolnicze;Uniwersalne/pozostałe;WZORZEC;Rolnicze (ogólne)
MO5_CBCR22538565KU490;Barum;BU49;385/65R22.5 Barum BU49 160K 16PR TL M+S;przemysłowe;Uniwersalne/pozostałe;WZORZEC;Przemysłowe (ogólne)
MO5_CBCR22529580MD0R0;Barum;BD200R;295/80R22.5 Barum BD200R 152/148M 16PR TL M+S 3PMSF;przemysłowe;Uniwersalne/pozostałe;WZORZEC;Przemysłowe (ogólne)
MO5_CBCR19524570MFRO2;Barum;BF200R;245/70R19.5 Barum BF200R 136/134M 16PR TL M+S 3PMSF;przemysłowe;Uniwersalne/pozostałe;WZORZEC;Przemysłowe (ogólne)
MO5_CBCR19524570MDRO2;Barum;BD200R;245/70R19.5 Barum BD200R 136/134M 16PR TL M+S;przemysłowe;Uniwersalne/pozostałe;WZORZEC;Przemysłowe (ogólne)
MO5_CBCR19524570MDRO1;Barum;BD200R;245/70R19.5 Barum BD200R 136/134M 16PR TL M+S 3PMSF;przemysłowe;Uniwersalne/pozostałe;WZORZEC;Przemysłowe (ogólne)
MO5_CBCR17524570LORB0;Barum;BT300R;245/70R17.5 Barum BT300R 143/141L 16PR TL M+S 3PMSF;przemysłowe;Uniwersalne/pozostałe;WZORZEC;Przemysłowe (ogólne)
MO5_CBCR17523575KORB0;Barum;BT300R;235/75R17.5 Barum BT300R 143/141K 16PR TL M+S 3PMSF;przemysłowe;Uniwersalne/pozostałe;WZORZEC;Przemysłowe (ogólne)
MO5_CBCR17521575KORB0;Barum;BT300R;215/75R17.5 Barum BT300R 135/133K 16PR TL M+S 3PMSF;przemysłowe;Uniwersalne/pozostałe;WZORZEC;Przemysłowe (ogólne)
MO1_19981689;Boka Terra;SKL800;11.00-20 Boka Terra SKL800 148B 16PR TT;rolnicze;Uniwersalne/pozostałe;WZORZEC;Rolnicze (ogólne)
MO2_16926;Bridgestone;COACH-AP01;295/80R22.5 Bridgestone COACH-AP01 154M/149M 3PMSF;ciężarowe;Uniwersalne/pozostałe;PEWNE;Uniwersalne
MO5_CTCR225F1000JWER0;CEAT;WINMILE-;11R22.5 CEAT WINMILE- 141/140J 16PR TL M+S 3PMSF;przemysłowe;Uniwersalne/pozostałe;PEWNE;Uniwersalne
MO5_CTCR22538565KWET0;CEAT;WINMILE-;385/65R22.5 CEAT WINMILE- 164K TL M+S 3PMSF;ciężarowe;Uniwersalne/pozostałe;PEWNE;Uniwersalne
MO5_CTCR22538565KWES0;CEAT;WINMILE-;385/65R22.5 CEAT WINMILE- 164K/158L 20PR TL M+S 3PMSF;ciężarowe;Uniwersalne/pozostałe;PEWNE;Uniwersalne
MO5_CTCR22538555KWET0;CEAT;WINMILE-;385/55R22.5 CEAT WINMILE- 160K TL M+S 3PMSF;ciężarowe;Uniwersalne/pozostałe;PEWNE;Uniwersalne
MO5_CTCR22531580LWES0;CEAT;WINMILE-;315/80R22.5 CEAT WINMILE- 156/150L TL M+S 3PMSF;ciężarowe;Uniwersalne/pozostałe;PEWNE;Uniwersalne
MO5_CTCR22531580LWED0;CEAT;WINMILE-;315/80R22.5 CEAT WINMILE- 156/150L TL M+S 3PMSF;ciężarowe;Uniwersalne/pozostałe;PEWNE;Uniwersalne
MO5_CTCR22531570LWES0;CEAT;WINMILE-;315/70R22.5 CEAT WINMILE- 156/150L TL M+S 3PMSF;ciężarowe;Uniwersalne/pozostałe;PEWNE;Uniwersalne
MO5_CTCR22531570LWED0;CEAT;WINMILE-;315/70R22.5 CEAT WINMILE- 154/150L TL M+S 3PMSF;ciężarowe;Uniwersalne/pozostałe;PEWNE;Uniwersalne
MO5_CTCR22531560LWES1;CEAT;WINMILE-;315/60R22.5 CEAT WINMILE- 154/150L 20PR TL M+S 3PMSF;ciężarowe;Uniwersalne/pozostałe;PEWNE;Uniwersalne
MO5_CTCR22531560LWES0;CEAT;WINMILE-;315/60R22.5 CEAT WINMILE- 154/150L 20PR TL M+S 3PMSF;ciężarowe;Uniwersalne/pozostałe;PEWNE;Uniwersalne
MO5_CTCR22529580MWX30;CEAT;WINMILE- -AW;295/80R22.5 CEAT WINMILE- -AW 154/149M 18PR TL M+S 3PMSF;ciężarowe;Uniwersalne/pozostałe;PEWNE;Uniwersalne
MO5_CTCR22529560LWED0;CEAT;WINMILE-;295/60R22.5 CEAT WINMILE- 150/147L 18PR TL M+S 3PMSF;ciężarowe;Uniwersalne/pozostałe;PEWNE;Uniwersalne
MO5_CTCR19524570JEAW0;CEAT;WINMILE-AW;245/70R19.5 CEAT WINMILE-AW 141/140J 16PR TL M+S 3PMSF;przemysłowe;Uniwersalne/pozostałe;PEWNE;Uniwersalne
MO5_CTCR17524570JX3E0;CEAT;WINMILE- -;245/70R17.5 CEAT WINMILE- - 143/141J 16PR TL M+S 3PMSF;przemysłowe;Uniwersalne/pozostałe;PEWNE;Uniwersalne
MO5_CTCR17523575KX3E0;CEAT;WINMILE- -;235/75R17.5 CEAT WINMILE- - 143/141K 16PR TL M+S 3PMSF;przemysłowe;Uniwersalne/pozostałe;PEWNE;Uniwersalne
MO5_CTCR17521575KX3E0;CEAT;WINMILE- -;215/75R17.5 CEAT WINMILE- - 135/133K 16PR TL M+S 3PMSF;przemysłowe;Uniwersalne/pozostałe;PEWNE;Uniwersalne
MO4_CTCR22538565KWET0;CEAT;WINMILE-;385/65R22.5 CEAT WINMILE- 164K TL M+S 3PMSF;ciężarowe;Uniwersalne/pozostałe;PEWNE;Uniwersalne
MO4_CTCR22531580LWES0;CEAT;WINMILE-;315/80R22.5 CEAT WINMILE- 156/150L TL M+S 3PMSF;ciężarowe;Uniwersalne/pozostałe;PEWNE;Uniwersalne
MO4_CTCR22531580LWED0;CEAT;WINMILE-;315/80R22.5 CEAT WINMILE- 156/150L TL M+S 3PMSF;ciężarowe;Uniwersalne/pozostałe;PEWNE;Uniwersalne
MO4_CTCR22531570LWES0;CEAT;WINMILE-;315/70R22.5 CEAT WINMILE- 156/150L TL M+S 3PMSF;ciężarowe;Uniwersalne/pozostałe;PEWNE;Uniwersalne
MO4_CTCR22531560LWES0;CEAT;WINMILE-;315/60R22.5 CEAT WINMILE- 154/150L 20PR TL M+S 3PMSF;ciężarowe;Uniwersalne/pozostałe;PEWNE;Uniwersalne
MO4_CTCR22529560LWED0;CEAT;WINMILE-;295/60R22.5 CEAT WINMILE- 150/147L 18PR TL M+S 3PMSF;ciężarowe;Uniwersalne/pozostałe;PEWNE;Uniwersalne
MO4_CTCR17521575KX3E0;CEAT;WINMILE- -;215/75R17.5 CEAT WINMILE- - 135/133K 16PR TL M+S 3PMSF;przemysłowe;Uniwersalne/pozostałe;PEWNE;Uniwersalne
MO1_12500701;Carlstar;Multi Trac C/S;31x13.50-15 Carlstar Multi Trac C/S 123A4/114B 8PR TL;rolnicze;Uniwersalne/pozostałe;WZORZEC;Rolnicze (ogólne)
MO5_CCPR200G2500JM802;Continental;MPT 80;335/80R20 Continental MPT 80 147J 22PR TL;rolnicze;Uniwersalne/pozostałe;PEWNE;Uniwersalne
MO5_CCCR20036585JHC12;Continental;HCS;365/85R20 Continental HCS 164J 18PR TL M+S;ciężarowe;Uniwersalne/pozostałe;PEWNE;Uniwersalne
MO4_CCPR20036580KM811;Continental;MPT 81;365/80R20 Continental MPT 81 152K TL M+S;ciężarowe;Uniwersalne/pozostałe;PEWNE;Uniwersalne
MO2_05740150000;Continental;MPT81;365/80R20 Continental MPT81 152K TL;przemysłowe;Uniwersalne/pozostałe;PEWNE;Uniwersalne przemysłowe
MO1_19172460;Deli;SG-815;400/45L-17.5 Deli SG-815 156B TL;rolnicze;Uniwersalne/pozostałe;WZORZEC;Rolnicze (ogólne)
MO1_19111103;Deli;S-247;4.00-12 Deli S-247 54A6/66A6 4PR TT;przemysłowe;Uniwersalne/pozostałe;WZORZEC;Przemysłowe (ogólne)
MO1_19111100;Deli;SG-316;10.0/80-12 Deli SG-316 120A8 10PR TL;rolnicze;Uniwersalne/pozostałe;WZORZEC;Rolnicze (ogólne)
MO1_19110121;Deli;S-369;5.00-8 Deli S-369 126A2/125A3 10PR TT;przemysłowe;Uniwersalne/pozostałe;WZORZEC;Przemysłowe (ogólne)
MO1_19110117;Deli;S-379;80/4.00-8 Deli S-379 71A4 6PR TT;rolnicze;Uniwersalne/pozostałe;WZORZEC;Rolnicze (ogólne)
MO1_19110112;Deli;S-379;80/4.00-8 Deli S-379 67A4 4PR TL;rolnicze;Uniwersalne/pozostałe;WZORZEC;Rolnicze (ogólne)
MO1_19110097;Deli;S-365;15x6.00-6 Deli S-365 58A6/70A6 6PR TT;przemysłowe;Uniwersalne/pozostałe;WZORZEC;Przemysłowe (ogólne)
MO1_19110081;Deli;S-365;13x5.00-6 Deli S-365 40A6/52A6 4PR TL;przemysłowe;Uniwersalne/pozostałe;WZORZEC;Przemysłowe (ogólne)
MO1_19110065;Deli;S-379;4.00-6 Deli S-379 57A4 4PR TT;przemysłowe;Uniwersalne/pozostałe;WZORZEC;Przemysłowe (ogólne)
MO5_DCPR250H4000ERM80;Double Coin;REM8 70km/h;385/95R25 Double Coin REM8 70km/h 170E TL;rolnicze;Uniwersalne/pozostałe;WZORZEC;Rolnicze (ogólne)
MO4_DCPR250H4000ERM80;Double Coin;REM8 70km/h;385/95R25 Double Coin REM8 70km/h 170E TL;rolnicze;Uniwersalne/pozostałe;WZORZEC;Rolnicze (ogólne)
MO5_BFCR175D9500MFS41;Firestone;FS400 129;9.5R17.5 Firestone FS400 129 TL M+S 3PMSF;ciężarowe;Uniwersalne/pozostałe;PEWNE;Uniwersalne
MO2_19351;Firestone;FS400;9.5R17.5 Firestone FS400 129/127M FRONT;ciężarowe;Uniwersalne/pozostałe;PEWNE;Uniwersalne
MO3_1657018Fkf9716;Forerunner;KF-97;16.5/70-18 Forerunner KF-97 16PR TT;rolnicze;Uniwersalne/pozostałe;WZORZEC;Rolnicze (ogólne)
MO3_1657018fqh63818;Forerunner;QH638;16.5/70-18 Forerunner QH638 18PR TT;rolnicze;Uniwersalne/pozostałe;WZORZEC;Rolnicze (ogólne)
MO5_GFCR175D9500MECS1;Fulda;ECOSTAR;9.5R17.5 Fulda ECOSTAR 129/127M TL M+S;ciężarowe;Uniwersalne/pozostałe;PEWNE;Uniwersalne
MO10_PCB1296;GRI;GRIP EX CT111;11.00-20 GRI GRIP EX CT111 18PR C-1 TT;przemysłowe;Uniwersalne/pozostałe;PEWNE;Uniwersalne przemysłowe
MO10_PAB1267;GRI;GREEN EX FT2;7.50-18 GRI GREEN EX FT2 8PR TT;przemysłowe;Uniwersalne/pozostałe;PEWNE;Uniwersalne
MO10_PAB1266;GRI;GREEN EX FT2;7.50-16 GRI GREEN EX FT2 6PR TT;przemysłowe;Uniwersalne/pozostałe;PEWNE;Uniwersalne
MO10_PAB1265;GRI;GREEN EX FT2;6.00-16 GRI GREEN EX FT2 6PR TT;przemysłowe;Uniwersalne/pozostałe;PEWNE;Uniwersalne
MO10_PAB1264;GRI;GREEN EX FT2;6.50-16 GRI GREEN EX FT2 6PR TT;przemysłowe;Uniwersalne/pozostałe;PEWNE;Uniwersalne
MO10_PAB1112;GRI;GREEN EX FT2;7.50-20 GRI GREEN EX FT2 8PR TT;przemysłowe;Uniwersalne/pozostałe;PEWNE;Uniwersalne
MO10_PAB1111;GRI;GREEN EX FT2;7.50-16 GRI GREEN EX FT2 8PR TT;przemysłowe;Uniwersalne/pozostałe;PEWNE;Uniwersalne
MO10_PAB1110;GRI;GREEN EX FT2;6.00-16 GRI GREEN EX FT2 8PR TT;przemysłowe;Uniwersalne/pozostałe;PEWNE;Uniwersalne
MO3_2006516G;Galaxy;Garden Pro;200/65R16 Galaxy Garden Pro 94A8/94B TL;przemysłowe;Uniwersalne/pozostałe;PEWNE;Uniwersalne
MO3_3607024G;Galaxy;Garden Pro;360/70R24 Galaxy Garden Pro 122A8/122B TL;przemysłowe;Uniwersalne/pozostałe;PEWNE;Uniwersalne
MO3_2007016G;Galaxy;Garden Pro;200/70R16 Galaxy Garden Pro 94A8/94B TL;przemysłowe;Uniwersalne/pozostałe;PEWNE;Uniwersalne
MO3_3007020G;Galaxy;Garden Pro;300/70R20 Galaxy Garden Pro 110A8/110B TL;przemysłowe;Uniwersalne/pozostałe;PEWNE;Uniwersalne
MO3_2406012G;Galaxy;Garden Pro;240/60R12 Galaxy Garden Pro 89A8/89B TL;przemysłowe;Uniwersalne/pozostałe;PEWNE;Uniwersalne
MO3_4408028Gdemo;Galaxy;Multi Tough;440/80R28 Galaxy Multi Tough 156A8 TL demo;przemysłowe;Uniwersalne/pozostałe;PEWNE;Uniwersalne przemysłowe
MO2_380331-33;Galaxy;SMOOTH COMPACTOR;11.00-20 Galaxy SMOOTH COMPACTOR 18PR TT;przemysłowe;Uniwersalne/pozostałe;PEWNE;Uniwersalne przemysłowe
MO2_203435-33;Galaxy;INDUSTRIAL R-1;17.5-24 Galaxy INDUSTRIAL R-1 12PR TL;przemysłowe;Uniwersalne/pozostałe;PEWNE;Uniwersalne przemysłowe
MO5_GGCZ22538565KUTM1;Goodyear;ULTRAGRIP MAX HL;385/65R22.5 Goodyear ULTRAGRIP MAX HL 164K/158L TL M+S 3PMSF;ciężarowe;Uniwersalne/pozostałe;PEWNE;Uniwersalne
MO5_GGCZ22538565KUMS1;Goodyear;ULTRAGRIP MAX HL;385/65R22.5 Goodyear ULTRAGRIP MAX HL 164K/158L TL M+S 3PMSF;ciężarowe;Uniwersalne/pozostałe;PEWNE;Uniwersalne
MO5_GGCZ22531570LUMS1;Goodyear;ULTRAGRIP MAX HL;315/70R22.5 Goodyear ULTRAGRIP MAX HL 156/150L TL M+S 3PMSF;ciężarowe;Uniwersalne/pozostałe;PEWNE;Uniwersalne
MO5_GGCZ22531560LUMS0;Goodyear;ULTRAGRIP MAX HL;315/60R22.5 Goodyear ULTRAGRIP MAX HL 152/148L TL M+S 3PMSF;ciężarowe;Uniwersalne/pozostałe;PEWNE;Uniwersalne
MO5_GGCZ22529580MUCL0;Goodyear;ULTRAGRIP COACH HL;295/80R22.5 Goodyear ULTRAGRIP COACH HL 154/149M TL M+S 3PMSF;ciężarowe;Uniwersalne/pozostałe;PEWNE;Uniwersalne
MO5_GGCZ22529580LUMS0;Goodyear;ULTRAGRIP MAX HL;295/80R22.5 Goodyear ULTRAGRIP MAX HL 154/149L TL M+S 3PMSF;ciężarowe;Uniwersalne/pozostałe;PEWNE;Uniwersalne
MO5_GGCR22538565KULT0;Goodyear;EQMAX ULTRA HL;385/65R22.5 Goodyear EQMAX ULTRA HL 164K/158L TL M+S 3PMSF;ciężarowe;Uniwersalne/pozostałe;PEWNE;Uniwersalne
MO5_GGCR22531570LEQT0;Goodyear;EQMAX ULTRA;315/70R22.5 Goodyear EQMAX ULTRA 154L/152M TL M+S 3PMSF;ciężarowe;Uniwersalne/pozostałe;PEWNE;Uniwersalne
MO5_GGCR22531570LEQM0;Goodyear;EQMAX HL RFID;315/70R22.5 Goodyear EQMAX HL RFID 158/150L TL M+S 3PMSF;ciężarowe;Uniwersalne/pozostałe;PEWNE;Uniwersalne
MO2_583921;Goodyear;EQMAX T ULT HL;385/65R22.5 Goodyear EQMAX T ULT HL 164K/158L 3PMSF M+S;ciężarowe;Uniwersalne/pozostałe;PEWNE;Uniwersalne
MO2_582546;Goodyear;EQMAX S HL;385/65R22.5 Goodyear EQMAX S HL 164K/158L 3PMSF M+S FRONT;ciężarowe;Uniwersalne/pozostałe;PEWNE;Uniwersalne
MO2_582534;Goodyear;EQMAX S HL;315/70R22.5 Goodyear EQMAX S HL 158/150L 3PMSF M+S FRONT;ciężarowe;Uniwersalne/pozostałe;PEWNE;Uniwersalne
MO2_1E112230260166BVC0;JK Tyre;V-COMPACT;23.1-26 JK Tyre V-COMPACT 159A6 16PR TL;przemysłowe;Uniwersalne/pozostałe;PEWNE;Uniwersalne przemysłowe
MO3_2385012J;Journey;P332;23x8.50-12 Journey P332 6PR TL;przemysłowe;Uniwersalne/pozostałe;WZORZEC;Przemysłowe (ogólne)
MO3_29125015Jp332;Journey;P332;29x12.50-15 Journey P332 10PR TL;przemysłowe;Uniwersalne/pozostałe;WZORZEC;Przemysłowe (ogólne)
MO3_156006J5086;Journey;P508A;15x6.00-6 Journey P508A 6PR TL;rolnicze;Uniwersalne/pozostałe;WZORZEC;Rolnicze (ogólne)
MO3_27105015J3328;Journey;P332;27x10.50-15 Journey P332 8PR TL;przemysłowe;Uniwersalne/pozostałe;WZORZEC;Przemysłowe (ogólne)
MO3_26120012Jou3326;Journey;P332;26x12.00-12 Journey P332 6PR TL;rolnicze;Uniwersalne/pozostałe;WZORZEC;Rolnicze (ogólne)
MO3_31135015Jp332;Journey;P332;31x13.50-15 Journey P332 4PR TL;rolnicze;Uniwersalne/pozostałe;WZORZEC;Rolnicze (ogólne)
MO3_114005J;Journey;P332;11x4.00-5 Journey P332 4PR TL;rolnicze;Uniwersalne/pozostałe;WZORZEC;Rolnicze (ogólne)
MO3_23105012J328;Journey;P328;23x10.50-12 Journey P328 6PR TL;przemysłowe;Uniwersalne/pozostałe;WZORZEC;Przemysłowe (ogólne)
MO3_2485014Jp332;Journey;P332;24x8.50-14 Journey P332 87A3 4PR TL;rolnicze;Uniwersalne/pozostałe;WZORZEC;Rolnicze (ogólne)
MO3_166508J3326;Journey;P332;16x6.50-8 Journey P332 6PR TL;rolnicze;Uniwersalne/pozostałe;WZORZEC;Rolnicze (ogólne)
MO3_41140020J3324;Journey;P332;41x14.00-20 Journey P332 120A3 4PR TL;przemysłowe;Uniwersalne/pozostałe;WZORZEC;Przemysłowe (ogólne)
MO3_2385012Jh85018;Journey;H8501;23x8.50-12 Journey H8501 8PR TL;przemysłowe;Uniwersalne/pozostałe;WZORZEC;Przemysłowe (ogólne)
MO3_2495014joup3326;Journey;P332;24x9.50-14 Journey P332 6PR TL;rolnicze;Uniwersalne/pozostałe;WZORZEC;Rolnicze (ogólne)
MO3_1885010JouH85018;Journey;H8501;18x8.50-10 Journey H8501 8PR TL;rolnicze;Uniwersalne/pozostałe;WZORZEC;Rolnicze (ogólne)
MO3_60012jouh80398;Journey;H8039;6.00-12 Journey H8039 8PR TL;rolnicze;Uniwersalne/pozostałe;WZORZEC;Rolnicze (ogólne)
MO3_166508joup508a10;Journey;P508A;16x6.50-8 Journey P508A 10PR TL;rolnicze;Uniwersalne/pozostałe;WZORZEC;Rolnicze (ogólne)
MO3_188508jh85018;Journey;H8501;18x8.50-8 Journey H8501 8PR TL;rolnicze;Uniwersalne/pozostałe;WZORZEC;Rolnicze (ogólne)
MO3_188508jp3284;Journey;P328;18x8.50-8 Journey P328 4PR TL;rolnicze;Uniwersalne/pozostałe;WZORZEC;Rolnicze (ogólne)
MO3_22110010joup3286;Journey;P328;22x11.00-10 Journey P328 6PR TL;rolnicze;Uniwersalne/pozostałe;WZORZEC;Rolnicze (ogólne)
MO3_26120016J;Journey;P5038;26x12.00-16 Journey P5038 4PR TL;przemysłowe;Uniwersalne/pozostałe;WZORZEC;Przemysłowe (ogólne)
MO3_114004kk5004;Kenda;K500 SUPERTURF;11x4.00-4 Kenda K500 SUPERTURF 4PR TL;rolnicze;Uniwersalne/pozostałe;WZORZEC;Rolnicze (ogólne)
MO1_19271099;Kenda;K395 Power Grip;27x8.50-15 Kenda K395 Power Grip 113A2 8PR TL;przemysłowe;Uniwersalne/pozostałe;WZORZEC;Przemysłowe (ogólne)
MO1_19211335;Kenda;K500 Super Turf;26x12.00-12 Kenda K500 Super Turf 87A4/99A4 4PR TL;rolnicze;Uniwersalne/pozostałe;WZORZEC;Rolnicze (ogólne)
MO1_19211334;Kenda;K500 Super Turf;26x12.00-12 Kenda K500 Super Turf 110A4/122A4 10PR TL;rolnicze;Uniwersalne/pozostałe;WZORZEC;Rolnicze (ogólne)
MO1_19211329;Kenda;K500 Super Turf;24x12.00-12 Kenda K500 Super Turf 87A4/98A4 4PR TL;rolnicze;Uniwersalne/pozostałe;WZORZEC;Rolnicze (ogólne)
MO1_19211309;Kenda;K365;6.00-12 Kenda K365 57A4/68A4 4PR TT;przemysłowe;Uniwersalne/pozostałe;WZORZEC;Przemysłowe (ogólne)
MO1_19211277;Kenda;K500 Super Turf;20x10.00-10 Kenda K500 Super Turf 74A4/85A4 4PR TL;rolnicze;Uniwersalne/pozostałe;WZORZEC;Rolnicze (ogólne)
MO1_19211276;Kenda;K500 Super Turf;20x10.00-10 Kenda K500 Super Turf 86A4/97A4 6PR TL;rolnicze;Uniwersalne/pozostałe;WZORZEC;Rolnicze (ogólne)
MO1_19211233;Kenda;K500 Super Turf;18x9.50-8 Kenda K500 Super Turf 78A4/89A4 6PR TL;przemysłowe;Uniwersalne/pozostałe;WZORZEC;Przemysłowe (ogólne)
MO1_19211226;Kenda;K500 Super Turf;20x10.00-8 Kenda K500 Super Turf 82A4/94A4 6PR TL;rolnicze;Uniwersalne/pozostałe;WZORZEC;Rolnicze (ogólne)
MO1_19211215;Kenda;K357;18x9.50-8 Kenda K357 70A4/81A4 4PR TL;przemysłowe;Uniwersalne/pozostałe;WZORZEC;Przemysłowe (ogólne)
MO1_19211205;Kenda;K500 Super Turf;18x8.50-8 Kenda K500 Super Turf 69A4/81A4 6PR TL;przemysłowe;Uniwersalne/pozostałe;WZORZEC;Przemysłowe (ogólne)
MO1_19211201;Kenda;K358 Turf Rider;18x8.50-8 Kenda K358 Turf Rider 69A4/81A4 6PR TL;przemysłowe;Uniwersalne/pozostałe;WZORZEC;Przemysłowe (ogólne)
MO1_19211190;Kenda;K500 Super Turf;16x7.50-8 Kenda K500 Super Turf 53A4/64A4 4PR TL;przemysłowe;Uniwersalne/pozostałe;WZORZEC;Przemysłowe (ogólne)
MO1_19211111;Kenda;K311;110/90-6 Kenda K311 57A4/68A4 6PR TT;rolnicze;Uniwersalne/pozostałe;WZORZEC;Rolnicze (ogólne)
MO1_19211087;Kenda;K404;8x3.00-4 Kenda K404 15A4/19A4 4PR TL;przemysłowe;Uniwersalne/pozostałe;WZORZEC;Przemysłowe (ogólne)
MO5_KUCZ22538565LWA00;Kumho;KWA03;385/65R22.5 Kumho KWA03 158L 18PR TL 3PMSF;ciężarowe;Uniwersalne/pozostałe;PEWNE;Uniwersalne
MO5_KUCZ22538555JWA00;Kumho;KWA03;385/55R22.5 Kumho KWA03 160J 18PR TL 3PMSF;ciężarowe;Uniwersalne/pozostałe;PEWNE;Uniwersalne
MO5_KUCZ22531570LWA00;Kumho;KWA03;315/70R22.5 Kumho KWA03 154/150L 18PR TL 3PMSF;ciężarowe;Uniwersalne/pozostałe;PEWNE;Uniwersalne
MO5_KUCR22527570JCA00;Kumho;CA03;275/70R22.5 Kumho CA03 150/145J 18PR TL 3PMSF;ciężarowe;Uniwersalne/pozostałe;PEWNE;Uniwersalne
MO2_2364603;Kumho;LA31;315/60R22.5 Kumho LA31 154/148L 3PMSF M+S;ciężarowe;Uniwersalne/pozostałe;PEWNE;Uniwersalne
MO2_2364313;Kumho;LA31;385/55R22.5 Kumho LA31 160K 3PMSF FRONT;ciężarowe;Uniwersalne/pozostałe;PEWNE;Uniwersalne
MO2_2243603;Kumho;CA03;295/80R22.5 Kumho CA03 154/149J 3PMSF M+S;ciężarowe;Uniwersalne/pozostałe;PEWNE;Uniwersalne
MO5_KUCR22538565KLS00;Kumho;KLS03;385/65R22.5 Kumho KLS03 164K 24PR TL 3PMSF;ciężarowe;Uniwersalne/pozostałe;WZORZEC;Uniwersalne
MO5_KUCR22538565KKTL1;Kumho;KLT03;385/65R22.5 Kumho KLT03 160K 20PR TL 3PMSF;ciężarowe;Uniwersalne/pozostałe;WZORZEC;Uniwersalne
MO5_KUCR22538565KKTL0;Kumho;KLT03;385/65R22.5 Kumho KLT03 160K 20PR TL 3PMSF;ciężarowe;Uniwersalne/pozostałe;WZORZEC;Uniwersalne
MO5_KUCR22538555KX310;Kumho;KXA31;385/55R22.5 Kumho KXA31 160K 20PR TL 3PMSF;ciężarowe;Uniwersalne/pozostałe;WZORZEC;Uniwersalne
MO5_KUCR22538555KMHO0;Kumho;KLT31;385/55R22.5 Kumho KLT31 160K 20PR TL 3PMSF;ciężarowe;Uniwersalne/pozostałe;WZORZEC;Uniwersalne
MO5_KUCR22538555KLAK0;Kumho;KLA31;385/55R22.5 Kumho KLA31 160K 20PR TL 3PMSF;ciężarowe;Uniwersalne/pozostałe;WZORZEC;Uniwersalne
MO5_KUCR22538555K23L0;Kumho;KLS23;385/55R22.5 Kumho KLS23 160K 20PR TL 3PMSF;ciężarowe;Uniwersalne/pozostałe;WZORZEC;Uniwersalne
MO5_KUCR22538555K23K0;Kumho;KLT23;385/55R22.5 Kumho KLT23 160K 20PR TL 3PMSF;ciężarowe;Uniwersalne/pozostałe;WZORZEC;Uniwersalne
MO5_KUCR22531580LXS00;Kumho;KXS10;315/80R22.5 Kumho KXS10 156/150L 20PR TL 3PMSF;ciężarowe;Uniwersalne/pozostałe;WZORZEC;Uniwersalne
MO5_KUCR22531580LKXD0;Kumho;KXD10;315/80R22.5 Kumho KXD10 156/150L 20PR TL 3PMSF;ciężarowe;Uniwersalne/pozostałe;WZORZEC;Uniwersalne
MO5_KUCR22531580KD510;Kumho;KMD51;315/80R22.5 Kumho KMD51 156/150K 20PR TL 3PMSF;ciężarowe;Uniwersalne/pozostałe;WZORZEC;Uniwersalne
MO5_KUCR22531570LXS00;Kumho;KXS10;315/70R22.5 Kumho KXS10 156/150L 20PR TL 3PMSF;ciężarowe;Uniwersalne/pozostałe;WZORZEC;Uniwersalne
MO5_KUCR22531570LX310;Kumho;KXA31;315/70R22.5 Kumho KXA31 156/150L 20PR TL 3PMSF;ciężarowe;Uniwersalne/pozostałe;WZORZEC;Uniwersalne
MO5_KUCR22531570LLDK0;Kumho;KLD23;315/70R22.5 Kumho KLD23 154/150L 18PR TL 3PMSF;ciężarowe;Uniwersalne/pozostałe;WZORZEC;Uniwersalne
MO5_KUCR22531570LKXD1;Kumho;KXD31;315/70R22.5 Kumho KXD31 154/150L 18PR TL 3PMSF;ciężarowe;Uniwersalne/pozostałe;WZORZEC;Uniwersalne
MO5_KUCR22531560LXS01;Kumho;KXS10;315/60R22.5 Kumho KXS10 154/148L 16PR TL 3PMSF;przemysłowe;Uniwersalne/pozostałe;WZORZEC;Uniwersalne
MO5_KUCR22531560LXS00;Kumho;KXS10;315/60R22.5 Kumho KXS10 154/148L 16PR TL 3PMSF;przemysłowe;Uniwersalne/pozostałe;WZORZEC;Uniwersalne
MO5_KUCR22529580LXS00;Kumho;KXS10;295/80R22.5 Kumho KXS10 154/149L 18PR TL 3PMSF;ciężarowe;Uniwersalne/pozostałe;WZORZEC;Uniwersalne
MO5_KUCR22529580LKXD0;Kumho;KXD10;295/80R22.5 Kumho KXD10 154/149L 18PR TL 3PMSF;ciężarowe;Uniwersalne/pozostałe;WZORZEC;Uniwersalne
MO5_KUCR22529560KKUL0;Kumho;KLD03;295/60R22.5 Kumho KLD03 150/147K 16PR TL 3PMSF;przemysłowe;Uniwersalne/pozostałe;WZORZEC;Uniwersalne
MO5_KUCR22529560KD500;Kumho;KRD50;295/60R22.5 Kumho KRD50 150/147K 16PR TL 3PMSF;przemysłowe;Uniwersalne/pozostałe;WZORZEC;Uniwersalne
MO5_KUCR200H2000KKFD0;Kumho;KFD04;12.00R20 Kumho KFD04 154/149K 18PR TT;rolnicze;Uniwersalne/pozostałe;WZORZEC;Uniwersalne
MO5_KUCR19544545JKTL0;Kumho;KLT03;445/45R19.5 Kumho KLT03 160J 22PR TL 3PMSF;ciężarowe;Uniwersalne/pozostałe;WZORZEC;Uniwersalne
MO5_KUCR19544545J23K0;Kumho;KLT23;445/45R19.5 Kumho KLT23 160J 22PR TL 3PMSF;ciężarowe;Uniwersalne/pozostałe;WZORZEC;Uniwersalne
MO5_KUCR19543550JKTL1;Kumho;KLT03;435/50R19.5 Kumho KLT03 160J 20PR TL 3PMSF;ciężarowe;Uniwersalne/pozostałe;WZORZEC;Uniwersalne
MO5_KUCR19543550JKTL0;Kumho;KLT23;435/50R19.5 Kumho KLT23 160J 20PR TL 3PMSF;ciężarowe;Uniwersalne/pozostałe;WZORZEC;Uniwersalne
MO5_KUCR17523575MKUR0;Kumho;KRS03;235/75R17.5 Kumho KRS03 132/130M 14PR TL 3PMSF;ciężarowe;Uniwersalne/pozostałe;WZORZEC;Uniwersalne
MO5_KUCR17522575MHRS0;Kumho;KRS50;225/75R17.5 Kumho KRS50 129/127M 12PR TL 3PMSF;ciężarowe;Uniwersalne/pozostałe;WZORZEC;Uniwersalne
MO5_KUCR17522575LX310;Kumho;KXA31;225/75R17.5 Kumho KXA31 131/129L 14PR TL 3PMSF;ciężarowe;Uniwersalne/pozostałe;WZORZEC;Uniwersalne
MO5_KUCR17521575MHRS0;Kumho;KRS50;215/75R17.5 Kumho KRS50 128/126M 14PR TL 3PMSF;ciężarowe;Uniwersalne/pozostałe;WZORZEC;Uniwersalne
MO4_KUCR22538565KLS00;Kumho;KLS03;385/65R22.5 Kumho KLS03 164K 24PR TL 3PMSF;ciężarowe;Uniwersalne/pozostałe;WZORZEC;Uniwersalne
MO4_KUCR22538565KKTL0;Kumho;KLT03;385/65R22.5 Kumho KLT03 160K 20PR TL 3PMSF;ciężarowe;Uniwersalne/pozostałe;WZORZEC;Uniwersalne
MO4_KUCR22531570LLDK0;Kumho;KLD23;315/70R22.5 Kumho KLD23 154/150L 18PR TL 3PMSF;ciężarowe;Uniwersalne/pozostałe;WZORZEC;Uniwersalne
MO4_KUCR22531560LXS01;Kumho;KXS10;315/60R22.5 Kumho KXS10 154/148L 16PR TL 3PMSF;przemysłowe;Uniwersalne/pozostałe;WZORZEC;Uniwersalne
MO4_KUCR22531560LXS00;Kumho;KXS10;315/60R22.5 Kumho KXS10 154/148L 16PR TL 3PMSF;przemysłowe;Uniwersalne/pozostałe;WZORZEC;Uniwersalne
MO4_KUCR22529560KKUL0;Kumho;KLD03;295/60R22.5 Kumho KLD03 150/147K 16PR TL 3PMSF;przemysłowe;Uniwersalne/pozostałe;WZORZEC;Uniwersalne
MO4_KUCR19544545JKTL0;Kumho;KLT03;445/45R19.5 Kumho KLT03 160J 22PR TL 3PMSF;ciężarowe;Uniwersalne/pozostałe;WZORZEC;Uniwersalne
MO4_KUCR19543550JKTL1;Kumho;KLT03;435/50R19.5 Kumho KLT03 160J 20PR TL 3PMSF;ciężarowe;Uniwersalne/pozostałe;WZORZEC;Uniwersalne
MO4_KUCR19543550JKTL0;Kumho;KLT23;435/50R19.5 Kumho KLT23 160J 20PR TL 3PMSF;ciężarowe;Uniwersalne/pozostałe;WZORZEC;Uniwersalne
MO2_2373183;Kumho;XA11;385/65R22.5 Kumho XA11 164K 3PMSF;ciężarowe;Uniwersalne/pozostałe;WZORZEC;Uniwersalne
MO2_2371293;Kumho;KXA31;265/70R19.5 Kumho KXA31 144/142J 3PMSF M+S;ciężarowe;Uniwersalne/pozostałe;WZORZEC;Uniwersalne
MO2_2361073;Kumho;KXT31;385/55R22.5 Kumho KXT31 160K 3PMSF M+S;ciężarowe;Uniwersalne/pozostałe;WZORZEC;Uniwersalne
MO2_2327543;Kumho;XA11;385/55R19.5 Kumho XA11 156J 3PMSF;ciężarowe;Uniwersalne/pozostałe;WZORZEC;Uniwersalne
MO2_2306153;Kumho;LT23;445/45R19.5 Kumho LT23 160J 3PMSF;ciężarowe;Uniwersalne/pozostałe;WZORZEC;Uniwersalne
MO2_2303153;Kumho;LT23;435/50R19.5 Kumho LT23 160J 3PMSF;ciężarowe;Uniwersalne/pozostałe;WZORZEC;Uniwersalne
MO2_2261563;Kumho;MA31;315/80R22.5 Kumho MA31 156/150K 3PMSF;ciężarowe;Uniwersalne/pozostałe;WZORZEC;Uniwersalne
MO2_2234563;Kumho;RT03;205/65R17.5 Kumho RT03 129/127J 3PMSF M+S;ciężarowe;Uniwersalne/pozostałe;WZORZEC;Uniwersalne
MO2_2116463;Kumho;MA12;385/65R22.5 Kumho MA12 160K 3PMSF;ciężarowe;Uniwersalne/pozostałe;WZORZEC;Uniwersalne
MO2_282195;Lassa;L2;15.5-25 Lassa L2 12PR TL;przemysłowe;Uniwersalne/pozostałe;WZORZEC;Przemysłowe (ogólne)
MO2_282055;Lassa;EG;18.4-26 Lassa EG 12PR TL;przemysłowe;Uniwersalne/pozostałe;WZORZEC;Przemysłowe (ogólne)
MO2_28204200;Lassa;TELEGRIPPER;15.5/80-24 Lassa TELEGRIPPER 162A8 20PR TL;przemysłowe;Uniwersalne/pozostałe;WZORZEC;Przemysłowe (ogólne)
MO2_282038;Lassa;TELEGRIPPER;16.9-24 Lassa TELEGRIPPER 168A8 20PR TL;przemysłowe;Uniwersalne/pozostałe;WZORZEC;Przemysłowe (ogólne)
MO2_280153;Lassa;G2;14.00-24 Lassa G2 12PR TL;przemysłowe;Uniwersalne/pozostałe;WZORZEC;Przemysłowe (ogólne)
MO2_280025;Lassa;EG;16.0/70-20 Lassa EG 12PR TL;przemysłowe;Uniwersalne/pozostałe;WZORZEC;Przemysłowe (ogólne)
MO2_28001500;Lassa;EARTH GRIPPER;12.5/80-18 Lassa EARTH GRIPPER 12PR TL;przemysłowe;Uniwersalne/pozostałe;WZORZEC;Przemysłowe (ogólne)
MO2_27028400;Lassa;TR70;18.4-30 Lassa TR70 151A6 14PR TT;rolnicze;Uniwersalne/pozostałe;WZORZEC;Rolnicze (ogólne)
MO2_270251;Lassa;TR70;14.9-28 Lassa TR70 130A6 8PR TT;rolnicze;Uniwersalne/pozostałe;WZORZEC;Rolnicze (ogólne)
MO2_270239;Lassa;TR70;12.4-28 Lassa TR70 123A6 8PR TT;rolnicze;Uniwersalne/pozostałe;WZORZEC;Rolnicze (ogólne)
MO2_260439;Lassa;TR68;7.50-16 Lassa TR68 103A6 8PR TT;rolnicze;Uniwersalne/pozostałe;WZORZEC;Rolnicze (ogólne)
MO2_26041900;Lassa;TR68;6.00-16 Lassa TR68 94A6 8PR TT;rolnicze;Uniwersalne/pozostałe;WZORZEC;Rolnicze (ogólne)
MO2_28003500;Lassa;EARTH GRIPPER EX;10.00-20 Lassa EARTH GRIPPER EX 146/143B 16PR TT;przemysłowe;Uniwersalne/pozostałe;WZORZEC;Przemysłowe (ogólne)
MO5_LLCR225F3000KKMA1;LingLong;KMA400;13R22.5 LingLong KMA400 156/150K 18PR TL M+S 3PMSF;ciężarowe;Uniwersalne/pozostałe;PEWNE;Uniwersalne
MO5_LLCR22544565KKMA0;LingLong;KMA400;445/65R22.5 LingLong KMA400 169K 20PR TL M+S 3PMSF;ciężarowe;Uniwersalne/pozostałe;PEWNE;Uniwersalne
MO5_LLCR22538565JMA90;LingLong;A40 uniwersalna;385/65R22.5 LingLong -A40 uniwersalna 164J 24PR TL M+S 3PMSF;ciężarowe;Uniwersalne/pozostałe;PEWNE;Uniwersalne
MO5_LLCR22531580KKMA0;LingLong;KMA400;315/80R22.5 LingLong KMA400 158/150K 22PR TL M+S 3PMSF;ciężarowe;Uniwersalne/pozostałe;PEWNE;Uniwersalne
MO4_LLCR225F3000KKMA1;LingLong;KMA400;13R22.5 LingLong KMA400 156/150K 18PR TL M+S 3PMSF;ciężarowe;Uniwersalne/pozostałe;PEWNE;Uniwersalne
MO4_LLCR22531580KKMA0;LingLong;KMA400;315/80R22.5 LingLong KMA400 158/150K 22PR TL M+S 3PMSF;ciężarowe;Uniwersalne/pozostałe;PEWNE;Uniwersalne
MO5_HLRD150H5500BM600;MRL;31 x MTR;600R1 MRL 31 x MTR 130B 16PR TL;przemysłowe;Uniwersalne/pozostałe;PEWNE;Uniwersalne przemysłowe
MO5_HLPD250G75002MG80;MRL;MG2 419 SUPER GRADER;17.5-25 MRL MG2 419 SUPER GRADER G-2 150A8/177A2 16PR TL;przemysłowe;Uniwersalne/pozostałe;PEWNE;Uniwersalne przemysłowe
MO5_HLPD250G55008MG80;MRL;MG2 419 SUPER GRADER;15.5-25 MRL MG2 419 SUPER GRADER G-2 149A8/173A2 16PR TL;przemysłowe;Uniwersalne/pozostałe;PEWNE;Uniwersalne przemysłowe
MO4_HLRD150H5500BM600;MRL;31 x MTR;600R1 MRL 31 x MTR 130B 16PR TL;przemysłowe;Uniwersalne/pozostałe;PEWNE;Uniwersalne przemysłowe
MO1_19800286;MRL;MTF 222;7.50-16 MRL MTF 222 103A6/98A8 8PR TT;przemysłowe;Uniwersalne/pozostałe;PEWNE;Uniwersalne
MO3_3808528Maximo;Maximo;Radial 85;380/85R28 Maximo Radial 85 133A8/130B TL;rolnicze;Uniwersalne/pozostałe;WZORZEC;Rolnicze (ogólne)
MO3_4208530Maximo;Maximo;Radial 85;420/85R30 Maximo Radial 85 140A8/137B TL;rolnicze;Uniwersalne/pozostałe;WZORZEC;Rolnicze (ogólne)
MO3_5406530Maximo;Maximo;Radial 65;540/65R30 Maximo Radial 65 143D TL;rolnicze;Uniwersalne/pozostałe;WZORZEC;Rolnicze (ogólne)
MO3_4806528Maximo;Maximo;Radial 65;480/65R28 Maximo Radial 65 136D TL;rolnicze;Uniwersalne/pozostałe;WZORZEC;Rolnicze (ogólne)
MO3_4406528Maximo;Maximo;Radial 65;440/65R28 Maximo Radial 65 131D TL;rolnicze;Uniwersalne/pozostałe;WZORZEC;Rolnicze (ogólne)
MO3_4208528Maximo;Maximo;Radial 85;420/85R28 Maximo Radial 85 139A8/136B TL;rolnicze;Uniwersalne/pozostałe;WZORZEC;Rolnicze (ogólne)
MO3_4608538Maximo;Maximo;Radial 85;460/85R38 Maximo Radial 85 149A8/146B TL;rolnicze;Uniwersalne/pozostałe;WZORZEC;Rolnicze (ogólne)
MO3_3208528Maximo;Maximo;Radial 85;320/85R28 Maximo Radial 85 124A8/121B TL;rolnicze;Uniwersalne/pozostałe;WZORZEC;Rolnicze (ogólne)
MO3_3808524Maximo;Maximo;Radial 85;380/85R24 Maximo Radial 85 131A8/128B TL;rolnicze;Uniwersalne/pozostałe;WZORZEC;Rolnicze (ogólne)
MO5_MNCR16025510KXZL0;Michelin;XZL;255/100R16 Michelin XZL 126K TL M+S;ciężarowe;Uniwersalne/pozostałe;PEWNE;Uniwersalne
MO3_44570195M;Michelin;XF;445/70R19.5 Michelin XF 173A8/180A2 TL;przemysłowe;Uniwersalne/pozostałe;PEWNE;Uniwersalne przemysłowe
MO2_110650;Michelin;XZL;255/100R16 Michelin XZL 126K;ciężarowe;Uniwersalne/pozostałe;PEWNE;Uniwersalne
MO5_MIRR18035560JAGT0;Mitas;MPT AR-05 AGRO-TRAILER all steel;355/60R18 Mitas MPT AR-05 AGRO-TRAILER all steel 142J TL;rolnicze;Uniwersalne/pozostałe;PEWNE;Uniwersalne przemysłowe
MO5_MIPD225480658ME60;Mitas;MPT-06;480/65-22.5 Mitas MPT-06 163A8 16PR TL;przemysłowe;Uniwersalne/pozostałe;PEWNE;Uniwersalne przemysłowe
MO5_MIPD180G2500GMP32;Mitas;MPT-03;12.5-18 Mitas MPT-03 136G 16PR TL;przemysłowe;Uniwersalne/pozostałe;PEWNE;Uniwersalne przemysłowe
MO2_4006204500000;Mitas;MPT AR-05;355/60R18 Mitas MPT AR-05 142J TL;rolnicze;Uniwersalne/pozostałe;PEWNE;Uniwersalne przemysłowe
MO2_4006202150000;Mitas;MPT20;14.5R20 Mitas MPT20 152K TL;przemysłowe;Uniwersalne/pozostałe;PEWNE;Uniwersalne przemysłowe
MO2_4006201420000;Mitas;MPT20;12.5R20 Mitas MPT20 147K TL;przemysłowe;Uniwersalne/pozostałe;PEWNE;Uniwersalne przemysłowe
MO2_25031833;Mitas;NB38;9.00-20 Mitas NB38 14PR TT;przemysłowe;Uniwersalne/pozostałe;PEWNE;Uniwersalne przemysłowe
MO2_25029528;Mitas;NB38 EXTRA ML;8.25-20 Mitas NB38 EXTRA ML 14PR TT;przemysłowe;Uniwersalne/pozostałe;PEWNE;Uniwersalne przemysłowe
MO2_25028196;Mitas;NB38;10.00-20 Mitas NB38 16PR TT;przemysłowe;Uniwersalne/pozostałe;PEWNE;Uniwersalne przemysłowe
MO2_25028052;Mitas;COMP SMOOTH;11.00-20 Mitas COMP SMOOTH 18PR TT;przemysłowe;Uniwersalne/pozostałe;PEWNE;Uniwersalne przemysłowe
MO2_1012102160000;Mitas;NB38 EXTRA ML;9.00-20 Mitas NB38 EXTRA ML 14PR TT;przemysłowe;Uniwersalne/pozostałe;PEWNE;Uniwersalne przemysłowe
MO2_1011206320000;Mitas;NB59;11.00-20 Mitas NB59 16PR TT;przemysłowe;Uniwersalne/pozostałe;PEWNE;Uniwersalne przemysłowe
MO7_T445431;NOKIAN;MPT Agile;365/80R20 NOKIAN MPT Agile 152G SB TL;przemysłowe;Uniwersalne/pozostałe;PEWNE;Uniwersalne przemysłowe
MO7_T445651;NOKIAN;MPT Agile 2;14.00R20 NOKIAN MPT Agile 2 164G SB TL;przemysłowe;Uniwersalne/pozostałe;PEWNE;Uniwersalne przemysłowe
MO7_T445610;NOKIAN;Country King;750/60R30.5 NOKIAN Country King 181D SB TL;przemysłowe;Uniwersalne/pozostałe;PEWNE;Uniwersalne
MO7_T445611;NOKIAN;Country King;650/65R30.5 NOKIAN Country King 176D SB TL;przemysłowe;Uniwersalne/pozostałe;PEWNE;Uniwersalne
MO7_T445600;NOKIAN;Country King;800/45R26.5 NOKIAN Country King 174D SB TL;przemysłowe;Uniwersalne/pozostałe;PEWNE;Uniwersalne
MO7_T445406;NOKIAN;Country King;710/50R26.5 NOKIAN Country King 170D SB TL;przemysłowe;Uniwersalne/pozostałe;PEWNE;Uniwersalne
MO7_T445440;NOKIAN;Country King;650/65R26.5 NOKIAN Country King 174D SB TL;przemysłowe;Uniwersalne/pozostałe;PEWNE;Uniwersalne
MO7_T445404;NOKIAN;Country King;620/60R26.5 NOKIAN Country King 169D SB TL;przemysłowe;Uniwersalne/pozostałe;PEWNE;Uniwersalne
MO7_T445653;NOKIAN;Country King;600/55R26.5 NOKIAN Country King 165D SB TL;przemysłowe;Uniwersalne/pozostałe;PEWNE;Uniwersalne
MO7_T445496;NOKIAN;Country King;710/45R22.5 NOKIAN Country King 165D SB TL;przemysłowe;Uniwersalne/pozostałe;PEWNE;Uniwersalne
MO7_T445542;NOKIAN;Country King;710/35R22.5 NOKIAN Country King 157D SB TL;przemysłowe;Uniwersalne/pozostałe;PEWNE;Uniwersalne
MO7_T445407;NOKIAN;Country King;650/50R22.5 NOKIAN Country King 163D SB TL;przemysłowe;Uniwersalne/pozostałe;PEWNE;Uniwersalne
MO7_T445441;NOKIAN;Country King;600/50R22.5 NOKIAN Country King 159D SB TL;przemysłowe;Uniwersalne/pozostałe;PEWNE;Uniwersalne
MO7_T445405;NOKIAN;Country King;580/65R22.5 NOKIAN Country King 166D SB TL;przemysłowe;Uniwersalne/pozostałe;PEWNE;Uniwersalne
MO7_T445401;NOKIAN;Country King;560/60R22.5 NOKIAN Country King 161D SB TL;przemysłowe;Uniwersalne/pozostałe;PEWNE;Uniwersalne
MO7_T445402;NOKIAN;Country King;560/45R22.5 NOKIAN Country King 152D SB TL;przemysłowe;Uniwersalne/pozostałe;PEWNE;Uniwersalne
MO7_T445453;NOKIAN;Country King;500/60R22.5 NOKIAN Country King 155D SB TL;przemysłowe;Uniwersalne/pozostałe;PEWNE;Uniwersalne
MO7_T445500;NOKIAN;ELS Radial;800/60R34 NOKIAN ELS Radial 186D SB TL;przemysłowe;Uniwersalne/pozostałe;PEWNE;Uniwersalne
MO7_T445469;NOKIAN;ELS Radial;800/50R34 NOKIAN ELS Radial 181D SB TL;przemysłowe;Uniwersalne/pozostałe;PEWNE;Uniwersalne
MO7_T445470;NOKIAN;ELS Radial;710/55R34 NOKIAN ELS Radial 177D SB TL;przemysłowe;Uniwersalne/pozostałe;PEWNE;Uniwersalne
MO7_T445499;NOKIAN;ELS Radial;850/50R30.5 NOKIAN ELS Radial 182D SB TL;przemysłowe;Uniwersalne/pozostałe;PEWNE;Uniwersalne
MO7_T445601;NOKIAN;ELS Radial;750/55R26.5 NOKIAN ELS Radial 177D SB TL;przemysłowe;Uniwersalne/pozostałe;PEWNE;Uniwersalne
MO7_T445641;NOKIAN;ELS Radial;700/50R26.5 NOKIAN ELS Radial 170D SB TL;przemysłowe;Uniwersalne/pozostałe;PEWNE;Uniwersalne
MO7_T445465;NOKIAN;ELS Radial;650/65R26.5 NOKIAN ELS Radial 174D SB TL;przemysłowe;Uniwersalne/pozostałe;PEWNE;Uniwersalne
MO7_T445654;NOKIAN;ELS Radial;600/55R26.5 NOKIAN ELS Radial 165D SB TL;przemysłowe;Uniwersalne/pozostałe;PEWNE;Uniwersalne
MO7_T445659;NOKIAN;ELS Radial;710/45R22.5 NOKIAN ELS Radial 165D SB TL;przemysłowe;Uniwersalne/pozostałe;PEWNE;Uniwersalne
MO7_T445708;NOKIAN;ELS Radial;600/50R22.5 NOKIAN ELS Radial 159D SB TL;przemysłowe;Uniwersalne/pozostałe;PEWNE;Uniwersalne
MO7_T445415;NOKIAN;TR Multiplus;650/65R38 NOKIAN TR Multiplus 164A8/160B SB TL;leśne;Uniwersalne/pozostałe;PEWNE;Uniwersalne leśne
MO7_T445414;NOKIAN;TR Multiplus;600/65R38 NOKIAN TR Multiplus 159A8/156B SB TL;leśne;Uniwersalne/pozostałe;PEWNE;Uniwersalne leśne
MO7_T445413;NOKIAN;TR Multiplus;600/65R34 NOKIAN TR Multiplus 157A8/154B SB TL;leśne;Uniwersalne/pozostałe;PEWNE;Uniwersalne leśne
MO7_T445412;NOKIAN;TR Multiplus;540/65R28 NOKIAN TR Multiplus 149A8/146B SB TL;leśne;Uniwersalne/pozostałe;PEWNE;Uniwersalne leśne
MO7_T445411;NOKIAN;TR Multiplus;500/65R28 NOKIAN TR Multiplus 144A8/141B SB TL;leśne;Uniwersalne/pozostałe;PEWNE;Uniwersalne leśne
MO7_T445410;NOKIAN;TR Multiplus;500/65R24 NOKIAN TR Multiplus 142A8/139B SB TL;leśne;Uniwersalne/pozostałe;PEWNE;Uniwersalne leśne
MO7_T445787;NOKIAN;TR Forest 2;520/85-38 NOKIAN TR Forest 2 164A8/160B 16PR TL;leśne;Uniwersalne/pozostałe;PEWNE;Uniwersalne leśne
MO7_T445788;NOKIAN;TR Forest 2;460/85-38 NOKIAN TR Forest 2 157A8/154B 16PR TL;leśne;Uniwersalne/pozostałe;PEWNE;Uniwersalne leśne
MO7_T445793;NOKIAN;TR Forest 2;420/85-38 NOKIAN TR Forest 2 152A8/149B 16PR TL;leśne;Uniwersalne/pozostałe;PEWNE;Uniwersalne leśne
MO7_T445777;NOKIAN;TR Forest 2;460/85-34 NOKIAN TR Forest 2 155A8/152B 16PR TL;leśne;Uniwersalne/pozostałe;PEWNE;Uniwersalne leśne
MO7_T445779;NOKIAN;TR Forest 2;420/85-34 NOKIAN TR Forest 2 151A8/148B 16PR TL;leśne;Uniwersalne/pozostałe;PEWNE;Uniwersalne leśne
MO7_T445786;NOKIAN;TR Forest 2;420/85-30 NOKIAN TR Forest 2 149A8/146B 16PR TL;leśne;Uniwersalne/pozostałe;PEWNE;Uniwersalne leśne
MO7_T445789;NOKIAN;TR Forest 2;420/85-28 NOKIAN TR Forest 2 148A8/145B 16PR TL;leśne;Uniwersalne/pozostałe;PEWNE;Uniwersalne leśne
MO7_T445790;NOKIAN;TR Forest 2;380/85-28 NOKIAN TR Forest 2 142A8/139B 16PR TL;leśne;Uniwersalne/pozostałe;PEWNE;Uniwersalne leśne
MO7_T445785;NOKIAN;TR Forest 2;340/85-28 NOKIAN TR Forest 2 136A8/133B 16PR TL;leśne;Uniwersalne/pozostałe;PEWNE;Uniwersalne leśne
MO7_T445778;NOKIAN;TR Forest 2;380/85-24 NOKIAN TR Forest 2 140A8/137B 16PR TL;leśne;Uniwersalne/pozostałe;PEWNE;Uniwersalne leśne
MO7_T445780;NOKIAN;TR Forest 2;340/85-24 NOKIAN TR Forest 2 134A8/131B 16PR TL;leśne;Uniwersalne/pozostałe;PEWNE;Uniwersalne leśne
MO7_T445784;NOKIAN;TR Forest 2;320/85-24 NOKIAN TR Forest 2 130A8/127B 16PR TL;leśne;Uniwersalne/pozostałe;PEWNE;Uniwersalne leśne
MO7_T445687;NOKIAN;Tractor King;710/75R42 NOKIAN Tractor King 181D SB TL;leśne;Uniwersalne/pozostałe;PEWNE;Uniwersalne leśne
MO7_T445686;NOKIAN;Tractor King;710/70R42 NOKIAN Tractor King 179D SB TL;leśne;Uniwersalne/pozostałe;PEWNE;Uniwersalne leśne
MO7_T445740;NOKIAN;Tractor King;650/65R42 NOKIAN Tractor King 170D SB TL;leśne;Uniwersalne/pozostałe;PEWNE;Uniwersalne leśne
MO7_T445685;NOKIAN;Tractor King;650/85R38 NOKIAN Tractor King 178D SB TL;leśne;Uniwersalne/pozostałe;PEWNE;Uniwersalne leśne
MO7_T445852;NOKIAN;Tractor King;800/70R38 NOKIAN Tractor King 178D SB TL;leśne;Uniwersalne/pozostałe;PEWNE;Uniwersalne leśne
MO7_T445741;NOKIAN;Tractor King;710/70R38 NOKIAN Tractor King 178D SB TL;leśne;Uniwersalne/pozostałe;PEWNE;Uniwersalne leśne
MO7_T445684;NOKIAN;Tractor King;650/75R38 NOKIAN Tractor King 175D SB TL;leśne;Uniwersalne/pozostałe;PEWNE;Uniwersalne leśne
MO7_T445683;NOKIAN;Tractor King;650/65R38 NOKIAN Tractor King 169D SB TL;leśne;Uniwersalne/pozostałe;PEWNE;Uniwersalne leśne
MO7_T445682;NOKIAN;Tractor King;600/65R38 NOKIAN Tractor King 165D SB TL;leśne;Uniwersalne/pozostałe;PEWNE;Uniwersalne leśne
MO7_T445681;NOKIAN;Tractor King;600/70R34 NOKIAN Tractor King 167D SB TL;leśne;Uniwersalne/pozostałe;PEWNE;Uniwersalne leśne
MO7_T445680;NOKIAN;Tractor King;600/65R34 NOKIAN Tractor King 163D SB TL;leśne;Uniwersalne/pozostałe;PEWNE;Uniwersalne leśne
MO7_T445679;NOKIAN;Tractor King;620/75R30 NOKIAN Tractor King 169D SB TL;leśne;Uniwersalne/pozostałe;PEWNE;Uniwersalne leśne
MO7_T445678;NOKIAN;Tractor King;600/70R30 NOKIAN Tractor King 165D SB TL;leśne;Uniwersalne/pozostałe;PEWNE;Uniwersalne leśne
MO7_T445677;NOKIAN;Tractor King;540/70R30 NOKIAN Tractor King 159D SB TL;leśne;Uniwersalne/pozostałe;PEWNE;Uniwersalne leśne
MO7_T445676;NOKIAN;Tractor King;540/65R30 NOKIAN Tractor King 155D SB TL;leśne;Uniwersalne/pozostałe;PEWNE;Uniwersalne leśne
MO7_T445851;NOKIAN;Tractor King;600/65R28 NOKIAN Tractor King 157D SB TL;leśne;Uniwersalne/pozostałe;PEWNE;Uniwersalne leśne
MO7_T445675;NOKIAN;Tractor King;600/60R28 NOKIAN Tractor King 157D SB TL;leśne;Uniwersalne/pozostałe;PEWNE;Uniwersalne leśne
MO7_T445674;NOKIAN;Tractor King;540/65R28 NOKIAN Tractor King 154D SB TL;leśne;Uniwersalne/pozostałe;PEWNE;Uniwersalne leśne
MO7_T445673;NOKIAN;Tractor King;500/65R28 NOKIAN Tractor King 150D SB TL;leśne;Uniwersalne/pozostałe;PEWNE;Uniwersalne leśne
MO7_T445806;NOKIAN;Tractor King;480/65R28 NOKIAN Tractor King 148D SB TL;leśne;Uniwersalne/pozostałe;PEWNE;Uniwersalne leśne
MO3_3658020N;Nokian;MPT Agile;365/80R20 Nokian MPT Agile 152G TL;przemysłowe;Uniwersalne/pozostałe;PEWNE;Uniwersalne przemysłowe
MO3_6507538Ndemo;Nokian;Tractor King;650/75R38 Nokian Tractor King SB 175D TL;leśne;Uniwersalne/pozostałe;PEWNE;Uniwersalne leśne
MO2_T485430;Nokian;TR FOREST;18.4-38 Nokian TR FOREST 155A8 14PR;leśne;Uniwersalne/pozostałe;PEWNE;Uniwersalne leśne
MO2_T445496;Nokian;COUNTRY KING;710/45R22.5 Nokian COUNTRY KING 165D TL;rolnicze;Uniwersalne/pozostałe;PEWNE;Uniwersalne
MO2_T445415;Nokian;TR MULTIPLUS;650/65R38 Nokian TR MULTIPLUS 164A8/160B;leśne;Uniwersalne/pozostałe;PEWNE;Uniwersalne leśne
MO1_17422750;Nokian;TR Forest;18.4-34 Nokian TR Forest 14PR TT;rolnicze;Uniwersalne/pozostałe;PEWNE;Uniwersalne leśne
MO5_OZRD380G84006KNK1;Ozka;KNK 50;18.4-38 Ozka KNK 50 147A6 10PR TT;rolnicze;Uniwersalne/pozostałe;PEWNE;Uniwersalne
MO5_OZRD380G84006KNK0;Ozka;KNK 50;18.4-38 Ozka KNK 50 154A6 14PR TT;rolnicze;Uniwersalne/pozostałe;PEWNE;Uniwersalne
MO5_OZRD380G69006KNK1;Ozka;KNK 50;16.9-38 Ozka KNK 50 145A6 10PR TT;rolnicze;Uniwersalne/pozostałe;PEWNE;Uniwersalne
MO5_OZRD380G69006KNK0;Ozka;KNK 50;16.9-38 Ozka KNK 50 152A6 14PR TT;rolnicze;Uniwersalne/pozostałe;PEWNE;Uniwersalne
MO5_OZRD380G36006KNK0;Ozka;KNK 50;13.6-38 Ozka KNK 50 135A6 10PR TT;rolnicze;Uniwersalne/pozostałe;PEWNE;Uniwersalne
MO5_OZRD380G24006KNK0;Ozka;KNK 50;12.4-38 Ozka KNK 50 127A6 8PR TT;rolnicze;Uniwersalne/pozostałe;PEWNE;Uniwersalne
MO5_OZRD360G36006KNK1;Ozka;KNK 50;13.6-36 Ozka KNK 50 129A6 8PR TT;rolnicze;Uniwersalne/pozostałe;PEWNE;Uniwersalne
MO5_OZRD360G36006KNK0;Ozka;KNK 50;13.6-36 Ozka KNK 50 125A6 6PR TT;rolnicze;Uniwersalne/pozostałe;PEWNE;Uniwersalne
MO5_OZRD360G24006KNK0;Ozka;KNK 50;12.4-36 Ozka KNK 50 126A6 8PR TT;rolnicze;Uniwersalne/pozostałe;PEWNE;Uniwersalne
MO5_OZRD340G84006KNK1;Ozka;KNK 50;18.4-34 Ozka KNK 50 159A6 16PR TT;przemysłowe;Uniwersalne/pozostałe;PEWNE;Uniwersalne
MO5_OZRD340G84006KNK0;Ozka;KNK 50;18.4-34 Ozka KNK 50 153A6 14PR TT;rolnicze;Uniwersalne/pozostałe;PEWNE;Uniwersalne
MO5_OZRD340G69006KNK1;Ozka;KNK 50;16.9-34 Ozka KNK 50 142A6 10PR TT;rolnicze;Uniwersalne/pozostałe;PEWNE;Uniwersalne
MO5_OZRD340G69006KNK0;Ozka;KNK 50;16.9-34 Ozka KNK 50 148A6 14PR TT;rolnicze;Uniwersalne/pozostałe;PEWNE;Uniwersalne
MO5_OZRD320G24006KNK0;Ozka;KNK 50;12.4-32 Ozka KNK 50 125A6 8PR TT;rolnicze;Uniwersalne/pozostałe;PEWNE;Uniwersalne
MO5_OZRD320D95006KNK0;Ozka;KNK 50;9.5-32 Ozka KNK 50 115A6 8PR TT;rolnicze;Uniwersalne/pozostałe;PEWNE;Uniwersalne
MO5_OZRD320D83006KNK0;Ozka;KNK 50;8.3-32 Ozka KNK 50 111A6 8PR TT;rolnicze;Uniwersalne/pozostałe;PEWNE;Uniwersalne
MO5_OZRD300G84006KNK1;Ozka;KNK 50;18.4-30 Ozka KNK 50 158A6 16PR TT;przemysłowe;Uniwersalne/pozostałe;PEWNE;Uniwersalne
MO5_OZRD300G69006KNK2;Ozka;KNK 50;16.9-30 Ozka KNK 50 144A6 10PR TT;rolnicze;Uniwersalne/pozostałe;PEWNE;Uniwersalne
MO5_OZRD300G69006KNK0;Ozka;KNK 50;16.9-30 Ozka KNK 50 150A6 14PR TT;rolnicze;Uniwersalne/pozostałe;PEWNE;Uniwersalne
MO5_OZRD280G69006KNK0;Ozka;KNK 50;16.9-28 Ozka KNK 50 143A6 14PR TT;rolnicze;Uniwersalne/pozostałe;PEWNE;Uniwersalne
MO5_OZRD280G49006KNK1;Ozka;KNK 50;14.9-28 Ozka KNK 50 130A6 8PR TT;rolnicze;Uniwersalne/pozostałe;PEWNE;Uniwersalne
MO5_OZRD280G49006KNK0;Ozka;KNK 50;14.9-28 Ozka KNK 50 143A6 14PR TT;rolnicze;Uniwersalne/pozostałe;PEWNE;Uniwersalne
MO5_OZRD280G36006KNK0;Ozka;KNK 50;13.6-28 Ozka KNK 50 125A6 8PR TT;rolnicze;Uniwersalne/pozostałe;PEWNE;Uniwersalne
MO5_OZRD280G24006KNK0;Ozka;KNK 50;12.4-28 Ozka KNK 50 125A6 8PR TT;rolnicze;Uniwersalne/pozostałe;PEWNE;Uniwersalne
MO5_OZRD280G12006KNK0;Ozka;KNK 50;11.2-28 Ozka KNK 50 118A6 8PR TT;rolnicze;Uniwersalne/pozostałe;PEWNE;Uniwersalne
MO5_OZRD260L31006KNK0;Ozka;KNK 50;23.1-26 Ozka KNK 50 162A6 18PR TL;rolnicze;Uniwersalne/pozostałe;PEWNE;Uniwersalne
MO5_OZRD260G84006KNK0;Ozka;KNK 50;18.4-26 Ozka KNK 50 142A6 10PR TT;rolnicze;Uniwersalne/pozostałe;PEWNE;Uniwersalne
MO5_OZRD240G69008KNK2;Ozka;KNK 50;16.9-24 Ozka KNK 50 141A6 14PR TT;rolnicze;Uniwersalne/pozostałe;PEWNE;Uniwersalne
MO5_OZRD240G69008KNK1;Ozka;KNK 50;16.9-24 Ozka KNK 50 10PR TT;rolnicze;Uniwersalne/pozostałe;PEWNE;Uniwersalne
MO5_OZRD240G49006KNK0;Ozka;KNK 50;14.9-24 Ozka KNK 50 137A6 14PR TT;rolnicze;Uniwersalne/pozostałe;PEWNE;Uniwersalne
MO5_OZRD240G24006KNK1;Ozka;KNK 50;12.4-24 Ozka KNK 50 118A6 8PR TT;rolnicze;Uniwersalne/pozostałe;PEWNE;Uniwersalne
MO5_OZRD240G24006KNK0;Ozka;KNK 50;12.4-24 Ozka KNK 50 124A6 12PR TT;rolnicze;Uniwersalne/pozostałe;PEWNE;Uniwersalne
MO5_OZRD240G12006KNK1;Ozka;KNK 50;11.2-24 Ozka KNK 50 116A6 8PR TT;rolnicze;Uniwersalne/pozostałe;PEWNE;Uniwersalne
MO5_OZRD240G12006KNK0;Ozka;KNK 50;11.2-24 Ozka KNK 50 122A6 12PR TT;rolnicze;Uniwersalne/pozostałe;PEWNE;Uniwersalne
MO5_OZRD240D95006KNK1;Ozka;KNK 50;9.5-24 Ozka KNK 50 110A6 6PR TT;rolnicze;Uniwersalne/pozostałe;PEWNE;Uniwersalne
MO5_OZRD240D83006KNK1;Ozka;KNK 50;8.3-24 Ozka KNK 50 105A6 6PR TT;rolnicze;Uniwersalne/pozostałe;PEWNE;Uniwersalne
MO5_OZRD225550608KN60;Ozka;KNK 56;550/60-22.5 Ozka KNK 56 167A8/154A8 16PR TL;przemysłowe;Uniwersalne/pozostałe;PEWNE;Uniwersalne
MO5_OZRD200G60702KK31;Ozka;KNK 36;16.0/70-20 Ozka KNK 36 166A2 14PR TL;rolnicze;Uniwersalne/pozostałe;PEWNE;Uniwersalne
MO5_OZRD200E75006KNK0;Ozka;KNK 50;7.50-20 Ozka KNK 50 108A6 8PR TT;rolnicze;Uniwersalne/pozostałe;PEWNE;Uniwersalne
MO5_OZRD200E65006KN30;Ozka;KNK 32;6.50-20 Ozka KNK 32 102A6 8PR TT;rolnicze;Uniwersalne/pozostałe;PEWNE;Uniwersalne
MO5_OZRD200D95006KNK2;Ozka;KNK 50;9.5-20 Ozka KNK 50 106A6 8PR TT;rolnicze;Uniwersalne/pozostałe;PEWNE;Uniwersalne
MO5_OZRD200D95006KNK0;Ozka;KNK 50;9.5-20 Ozka KNK 50 101A6 6PR TT;rolnicze;Uniwersalne/pozostałe;PEWNE;Uniwersalne
MO5_OZRD200A82006K5N0;Ozka;KNK 25;8.25-20 Ozka KNK 25 133A6 14PR TT;rolnicze;Uniwersalne/pozostałe;PEWNE;Uniwersalne
MO5_OZRD180G25808K430;Ozka;KNK 48;12.5/80-18 Ozka KNK 48 144A8 14PR TT;rolnicze;Uniwersalne/pozostałe;PEWNE;Uniwersalne
MO5_OZRD180E75006KNK0;Ozka;KNK 50;7.50-18 Ozka KNK 50 106A6 8PR TT;rolnicze;Uniwersalne/pozostałe;PEWNE;Uniwersalne
MO5_OZRD180E75006KN30;Ozka;KNK 32;7.50-18 Ozka KNK 32 106A6 8PR TT;rolnicze;Uniwersalne/pozostałe;PEWNE;Uniwersalne
MO5_OZRD170500508K471;Ozka;KNK 46;500/50-17 Ozka KNK 46 149A8 14PR TL;rolnicze;Uniwersalne/pozostałe;PEWNE;Uniwersalne
MO5_OZRD160E90006KN80;Ozka;KNK 35;9.00-16 Ozka KNK 35 111A6 8PR TT;rolnicze;Uniwersalne/pozostałe;PEWNE;Uniwersalne
MO5_OZRD160E90006K7N1;Ozka;KNK 27;9.00-16 Ozka KNK 27 128A6 14PR TT;rolnicze;Uniwersalne/pozostałe;PEWNE;Uniwersalne
MO5_OZRD160E90006K6N1;Ozka;KNK 26;9.00-16 Ozka KNK 26 128A6 14PR TT;rolnicze;Uniwersalne/pozostałe;PEWNE;Uniwersalne
MO5_OZRD160E90006K6N0;Ozka;KNK 26;9.00-16 Ozka KNK 26 125A6 12PR TT;rolnicze;Uniwersalne/pozostałe;PEWNE;Uniwersalne
MO5_OZRD160E75006KN80;Ozka;KNK 35;7.50-16 Ozka KNK 35 98A6 6PR TT;rolnicze;Uniwersalne/pozostałe;PEWNE;Uniwersalne
MO5_OZRD160E75006KN41;Ozka;KNK 33;7.50-16 Ozka KNK 33 98A6 6PR TT;rolnicze;Uniwersalne/pozostałe;PEWNE;Uniwersalne
MO5_OZRD160E75006KN40;Ozka;KNK 33;7.50-16 Ozka KNK 33 103A6 8PR TT;rolnicze;Uniwersalne/pozostałe;PEWNE;Uniwersalne
MO5_OZRD160E65006KNK1;Ozka;KNK 50;6.50-16 Ozka KNK 50 91A6 6PR TT;rolnicze;Uniwersalne/pozostałe;PEWNE;Uniwersalne
MO5_OZRD160E65006KN42;Ozka;KNK 33;6.50-16 Ozka KNK 33 91A6 6PR TT;rolnicze;Uniwersalne/pozostałe;PEWNE;Uniwersalne
MO5_OZRD160E60006KNX3;Ozka;KNK 30;6.00-16 Ozka KNK 30 93A6 8PR TT;rolnicze;Uniwersalne/pozostałe;PEWNE;Uniwersalne
MO5_OZRD160E60006KNK1;Ozka;KNK 50;6.00-16 Ozka KNK 50 88A6 6PR TT;rolnicze;Uniwersalne/pozostałe;PEWNE;Uniwersalne
MO5_OZRD160E60006KN41;Ozka;KNK 33;6.00-16 Ozka KNK 33 93A6 8PR TT;rolnicze;Uniwersalne/pozostałe;PEWNE;Uniwersalne
MO5_OZRD160E60006KN40;Ozka;KNK 33;6.00-16 Ozka KNK 33 88A6 6PR TT;rolnicze;Uniwersalne/pozostałe;PEWNE;Uniwersalne
MO5_OZRD160E55006KN80;Ozka;KNK 35;5.50-16 Ozka KNK 35 86A6 6PR TT;rolnicze;Uniwersalne/pozostałe;PEWNE;Uniwersalne
MO5_OZRD155400608KN60;Ozka;KNK 56;400/60-15.5 Ozka KNK 56 151A8 18PR TL;rolnicze;Uniwersalne/pozostałe;PEWNE;Uniwersalne
MO5_OZRD153G10758K520;Ozka;KNK 52;10.0/75-15.3 Ozka KNK 52 126A8 12PR TL;rolnicze;Uniwersalne/pozostałe;PEWNE;Uniwersalne
MO5_OZRD153G10758K430;Ozka;KNK 48;10.0/75-15.3 Ozka KNK 48 126A8 12PR TL;rolnicze;Uniwersalne/pozostałe;PEWNE;Uniwersalne
MO5_OZRD150E65806KNK0;Ozka;KNK 50;50/80-15 Ozka KNK 50 86A6 6PR TT;rolnicze;Uniwersalne/pozostałe;PEWNE;Uniwersalne
MO5_OZRD150E50006KN00;Ozka;KNK 140;5.00-15 Ozka KNK 140 76A6 6PR TT;rolnicze;Uniwersalne/pozostałe;PEWNE;Uniwersalne
MO5_OZRD120G10808K244;Ozka;KNK 42 DA;10.0/80-12 Ozka KNK 42 DA 117A8 10PR TL;rolnicze;Uniwersalne/pozostałe;PEWNE;Uniwersalne
MO5_OZRD120E70006K520;Ozka;KNK 52;7.00-12 Ozka KNK 52 83A6 6PR TT;rolnicze;Uniwersalne/pozostałe;PEWNE;Uniwersalne
MO5_OZPD250G75002KN70;Ozka;KNK 70;17.5-25 Ozka KNK 70 E-3/L-3 181A2 20PR TL;rolnicze;Uniwersalne/pozostałe;PEWNE;Uniwersalne
MO5_OZPD250G55002KN70;Ozka;KNK 70;15.5-25 Ozka KNK 70 E-3/L-3 175A2 16PR TL;przemysłowe;Uniwersalne/pozostałe;PEWNE;Uniwersalne
MO5_OZPD240H30008KN20;Ozka;KNK 72;13.00-24 Ozka KNK 72 G-2 151A8 16PR TL;przemysłowe;Uniwersalne/pozostałe;PEWNE;Uniwersalne
MO5_OZPD200H100028KN1;Ozka;KNK 88 COMPACTOR;11.00-20 Ozka KNK 88 COMPACTOR C-1 168A2 16PR TT;przemysłowe;Uniwersalne/pozostałe;PEWNE;Uniwersalne
MO5_OZPD200G2500FK120;Ozka;KNK 12;12.5-20 Ozka KNK 12 132F 12PR TT;rolnicze;Uniwersalne/pozostałe;PEWNE;Uniwersalne
MO5_OZPD160E6500LKNW2;Ozka;KNK 20;6.50-16 Ozka KNK 20 108/107L 10PR TT;rolnicze;Uniwersalne/pozostałe;PEWNE;Uniwersalne
MO4_OZRD380G69006KNK0;Ozka;KNK 50;16.9-38 Ozka KNK 50 152A6 14PR TT;rolnicze;Uniwersalne/pozostałe;PEWNE;Uniwersalne
MO4_OZRD340G84006KNK1;Ozka;KNK 50;18.4-34 Ozka KNK 50 159A6 16PR TT;przemysłowe;Uniwersalne/pozostałe;PEWNE;Uniwersalne
MO4_OZRD340G69006KNK1;Ozka;KNK 50;16.9-34 Ozka KNK 50 142A6 10PR TT;rolnicze;Uniwersalne/pozostałe;PEWNE;Uniwersalne
MO4_OZRD320G24006KNK0;Ozka;KNK 50;12.4-32 Ozka KNK 50 125A6 8PR TT;rolnicze;Uniwersalne/pozostałe;PEWNE;Uniwersalne
MO4_OZRD300G69006KNK2;Ozka;KNK 50;16.9-30 Ozka KNK 50 144A6 10PR TT;rolnicze;Uniwersalne/pozostałe;PEWNE;Uniwersalne
MO4_OZRD280G49006KNK1;Ozka;KNK 50;14.9-28 Ozka KNK 50 130A6 8PR TT;rolnicze;Uniwersalne/pozostałe;PEWNE;Uniwersalne
MO4_OZRD280G49006KNK0;Ozka;KNK 50;14.9-28 Ozka KNK 50 143A6 14PR TT;rolnicze;Uniwersalne/pozostałe;PEWNE;Uniwersalne
MO4_OZRD280G36006KNK0;Ozka;KNK 50;13.6-28 Ozka KNK 50 125A6 8PR TT;rolnicze;Uniwersalne/pozostałe;PEWNE;Uniwersalne
MO4_OZRD280G24006KNK0;Ozka;KNK 50;12.4-28 Ozka KNK 50 125A6 8PR TT;rolnicze;Uniwersalne/pozostałe;PEWNE;Uniwersalne
MO4_OZRD240G24006KNK0;Ozka;KNK 50;12.4-24 Ozka KNK 50 124A6 12PR TT;rolnicze;Uniwersalne/pozostałe;PEWNE;Uniwersalne
MO4_OZRD240G12006KNK1;Ozka;KNK 50;11.2-24 Ozka KNK 50 116A6 8PR TT;rolnicze;Uniwersalne/pozostałe;PEWNE;Uniwersalne
MO4_OZRD240G12006KNK0;Ozka;KNK 50;11.2-24 Ozka KNK 50 122A6 12PR TT;rolnicze;Uniwersalne/pozostałe;PEWNE;Uniwersalne
MO4_OZRD200G12006KNK0;Ozka;KNK 50;11.2-20 Ozka KNK 50 113A6 8PR TT;rolnicze;Uniwersalne/pozostałe;PEWNE;Uniwersalne
MO4_OZRD160E75006KN80;Ozka;KNK 35;7.50-16 Ozka KNK 35 98A6 6PR TT;rolnicze;Uniwersalne/pozostałe;PEWNE;Uniwersalne
MO4_OZRD160E65006KN40;Ozka;KNK 33;6.50-16 Ozka KNK 33 97A6 8PR TT;rolnicze;Uniwersalne/pozostałe;PEWNE;Uniwersalne
MO4_OZRD160E60006KNK1;Ozka;KNK 50;6.00-16 Ozka KNK 50 88A6 6PR TT;rolnicze;Uniwersalne/pozostałe;PEWNE;Uniwersalne
MO4_OZRD160E60006KN40;Ozka;KNK 33;6.00-16 Ozka KNK 33 88A6 6PR TT;rolnicze;Uniwersalne/pozostałe;PEWNE;Uniwersalne
MO4_OZRD155400608KN60;Ozka;KNK 56;400/60-15.5 Ozka KNK 56 151A8 18PR TL;rolnicze;Uniwersalne/pozostałe;PEWNE;Uniwersalne
MO4_OZRD150E65806KNK0;Ozka;KNK 50;50/80-15 Ozka KNK 50 86A6 6PR TT;rolnicze;Uniwersalne/pozostałe;PEWNE;Uniwersalne
MO4_OZRD150E50006KN00;Ozka;KNK 140;5.00-15 Ozka KNK 140 76A6 6PR TT;rolnicze;Uniwersalne/pozostałe;PEWNE;Uniwersalne
MO4_OZPD160E6500LKNW2;Ozka;KNK 20;6.50-16 Ozka KNK 20 108/107L 10PR TT;rolnicze;Uniwersalne/pozostałe;PEWNE;Uniwersalne
MO5_OZRD260G49006KNK1;Ozka;KNK 50;14.9-26 Ozka KNK 50 140A6 14PR TT;rolnicze;Uniwersalne/pozostałe;PEWNE;Uniwersalne
MO5_OZRR22550060DAGG0;Ozka;AGRIGOR20;500/60R22.5 Ozka AGRIGOR20 155D TL;ciężarowe;Uniwersalne/pozostałe;WZORZEC;Uniwersalne
MO5_OZPD200G60702IN7T;Ozka;IND 88;16.0/70-20 Ozka IND 88 R-4 166A2 16PR TL;przemysłowe;Uniwersalne/pozostałe;WZORZEC;Uniwersalne
MO5_OZPD200G4580DIN70;Ozka;IND 88;14.5-20 Ozka IND 88 R-4 143D 14PR TL;rolnicze;Uniwersalne/pozostałe;WZORZEC;Uniwersalne
MO5_OZPD180G25808ND50;Ozka;IND 85;12.5/80-18 Ozka IND 85 R-4 146A8 14PR TL;rolnicze;Uniwersalne/pozostałe;WZORZEC;Uniwersalne
MO5_OZPD180340808IN70;Ozka;IND 88;340/80-18 Ozka IND 88 R-4 146A8 14PR TL;rolnicze;Uniwersalne/pozostałe;WZORZEC;Uniwersalne
MO5_PPCR22538565KG020;PROMETEON;G02 PRO MULTIAXLE HL;385/65R22.5 PROMETEON G02 PRO MULTIAXLE HL 164K/158L TL M+S 3PMSF;ciężarowe;Uniwersalne/pozostałe;PEWNE;Uniwersalne
MO5_PPCR22531580KG020;PROMETEON;G02 ECO MULTIAXLE;315/80R22.5 PROMETEON G02 ECO MULTIAXLE 158/156K TL M+S 3PMSF;ciężarowe;Uniwersalne/pozostałe;PEWNE;Uniwersalne
MO3_3408528PET;Petlas;TA-110;340/85R28 Petlas TA-110 127A8/127B TL;rolnicze;Uniwersalne/pozostałe;WZORZEC;Rolnicze (ogólne)
MO3_2607016PET;Petlas;TA-110;260/70R16 Petlas TA-110 109A8 TL;rolnicze;Uniwersalne/pozostałe;WZORZEC;Rolnicze (ogólne)
MO3_90016PETnt3;Petlas;NT-3;9.00-16 Petlas NT-3 131A6 16PR TT;rolnicze;Uniwersalne/pozostałe;WZORZEC;Rolnicze (ogólne)
MO3_1558024sat;Satoya;R1;15.5/80-24 Satoya R1 12PR TL;rolnicze;Uniwersalne/pozostałe;WZORZEC;Rolnicze (ogólne)
MO1_18366370;Security;TR603;195/70R15 Security TR603 102R/108N 8PR TL;rolnicze;Uniwersalne/pozostałe;WZORZEC;Rolnicze (ogólne)
MO1_18345403;Security;AW414;185/65R14 Security AW414 93N TL;rolnicze;Uniwersalne/pozostałe;WZORZEC;Rolnicze (ogólne)
MO1_18345285;Security;AW414;165/70R13 Security AW414 84N TL;rolnicze;Uniwersalne/pozostałe;WZORZEC;Rolnicze (ogólne)
MO1_18345276;Security;AW414;155/80R13 Security AW414 84N TL;rolnicze;Uniwersalne/pozostałe;WZORZEC;Rolnicze (ogólne)
MO2_IND00223;Speedways;STEER PLUS;27x8.50-15 Speedways STEER PLUS 8PR TL;przemysłowe;Uniwersalne/pozostałe;PEWNE;Uniwersalne przemysłowe
MO2_IND00176;Speedways;POWERGRIP G-2;14.00-24 Speedways POWERGRIP G-2 16PR TL;przemysłowe;Uniwersalne/pozostałe;PEWNE;Uniwersalne przemysłowe
MO2_IND00093;Speedways;POWERGRIP G-2;14.00-24 Speedways POWERGRIP G-2 12PR TL;przemysłowe;Uniwersalne/pozostałe;PEWNE;Uniwersalne przemysłowe
MO3_4255018St;Starco;AS DUMPER II;425/50-18 Starco AS DUMPER II 150A8/134A8 TL;przemysłowe;Uniwersalne/pozostałe;WZORZEC;Przemysłowe (ogólne)
MO1_19800433;Starco;AS Loader;23x10.50-12 Starco AS Loader 94A8/107A8 8PR TL;przemysłowe;Uniwersalne/pozostałe;WZORZEC;Przemysłowe (ogólne)
MO5_SXPD200G60708SMN0;Starmaxx;SM-ND;16.0/70-20 Starmaxx SM-ND 154A8 14PR TL;rolnicze;Uniwersalne/pozostałe;WZORZEC;Rolnicze (ogólne)
MO2_003-01-01-06-08-0001;Stomil Poznań;S29;23.5-25 Stomil Poznań S29 20PR TL;przemysłowe;Uniwersalne/pozostałe;WZORZEC;Przemysłowe (ogólne)
MO1_10004779;TURON FinalR;Terra T61;315/70R22.5 TURON FinalR Terra T61 148A7 TL;rolnicze;Uniwersalne/pozostałe;WZORZEC;Rolnicze (ogólne)
MO3_7107038T;Taurus;POINT HP;710/70R38 Taurus POINT HP 171A8/171B TL;rolnicze;Uniwersalne/pozostałe;WZORZEC;Rolnicze (ogólne)
MO3_6006528T;Taurus;POINT HP;600/65R28 Taurus POINT HP 154A8/154B TL;rolnicze;Uniwersalne/pozostałe;WZORZEC;Rolnicze (ogólne)
MO3_4406524T;Taurus;POINT 65;440/65R24 Taurus POINT 65 128A8/128B TL;rolnicze;Uniwersalne/pozostałe;WZORZEC;Rolnicze (ogólne)
MO3_2309548t;Taurus;RC 95;230/95R48 Taurus RC 95 136A8/136B TL;rolnicze;Uniwersalne/pozostałe;WZORZEC;Rolnicze (ogólne)
MO3_2709542T;Taurus;RC 95;270/95R42 Taurus RC 95 141A8/141B TL;rolnicze;Uniwersalne/pozostałe;WZORZEC;Rolnicze (ogólne)
MO3_9544T;Taurus;RC 95;230/95R44 Taurus RC 95 134A8/134B TL;rolnicze;Uniwersalne/pozostałe;WZORZEC;Rolnicze (ogólne)
MO3_2709538TA;Taurus;RC 95;270/95R38 Taurus RC 95 140A8/140B TL;rolnicze;Uniwersalne/pozostałe;WZORZEC;Rolnicze (ogólne)
MO3_6007030T;Taurus;POINT HP;600/70R30 Taurus POINT HP 158A8/158B TL;rolnicze;Uniwersalne/pozostałe;WZORZEC;Rolnicze (ogólne)
MO3_2309536t;Taurus;RC 95;230/95R36 Taurus RC 95 130A8/130B TL;rolnicze;Uniwersalne/pozostałe;WZORZEC;Rolnicze (ogólne)
MO3_2709532t;Taurus;RC 95;270/95R32 Taurus RC 95 136A8/136B TL;rolnicze;Uniwersalne/pozostałe;WZORZEC;Rolnicze (ogólne)
MO3_3009546TA;Taurus;RC 95;300/95R46 Taurus RC 95 148A8/148B TL;rolnicze;Uniwersalne/pozostałe;WZORZEC;Rolnicze (ogólne)
MO3_2309532T;Taurus;RC 95;230/95R32 Taurus RC 95 128A8/128B TL;rolnicze;Uniwersalne/pozostałe;WZORZEC;Rolnicze (ogólne)
MO5_TRRD150E70000TCT0;Trelleborg;TRACTION;690x180-15 Trelleborg TRACTION 113A6 6PR TT;rolnicze;Uniwersalne/pozostałe;PEWNE;Uniwersalne
MO5_TRRD090E600065220;Trelleborg;T-522;6.00-9 Trelleborg T-522 10PR TT;rolnicze;Uniwersalne/pozostałe;PEWNE;Uniwersalne
MO5_TRRD040E40000T992;Trelleborg;T-991 KPL/TR87;4.00-4 Trelleborg T-991 KPL/TR87 4PR TT;rolnicze;Uniwersalne/pozostałe;PEWNE;Uniwersalne
MO5_TRRD040E30005T990;Trelleborg;T-991 KPL/TR87;3.00-4 Trelleborg T-991 KPL/TR87 37A5 4PR TT;rolnicze;Uniwersalne/pozostałe;PEWNE;Uniwersalne
MO4_TRRD040E40000T992;Trelleborg;T-991 KPL/TR87;4.00-4 Trelleborg T-991 KPL/TR87 4PR TT;rolnicze;Uniwersalne/pozostałe;PEWNE;Uniwersalne
MO4_TRRD040E30005T990;Trelleborg;T-991 KPL/TR87;3.00-4 Trelleborg T-991 KPL/TR87 37A5 4PR TT;rolnicze;Uniwersalne/pozostałe;PEWNE;Uniwersalne
MO3_20060145TR;Trelleborg;T448;200/60-14.5 Trelleborg T448 10PR TT;rolnicze;Uniwersalne/pozostałe;PEWNE;Uniwersalne
MO3_6009TR991;Trelleborg;T991;6.00-9 Trelleborg T991 10PR TT;rolnicze;Uniwersalne/pozostałe;PEWNE;Uniwersalne
MO3_75010TR;Trelleborg;T523;7.50-10 Trelleborg T523 14PR TL;rolnicze;Uniwersalne/pozostałe;PEWNE;Uniwersalne
MO2_6144700;Trelleborg;T448;200/60-14.5 Trelleborg T448 10PR TT;rolnicze małe;Uniwersalne/pozostałe;PEWNE;Uniwersalne
MO2_1168500;Trelleborg;T510;13x5.00-6 Trelleborg T510 4PR TL;rolnicze;Uniwersalne/pozostałe;PEWNE;Uniwersalne
MO2_1147700;Trelleborg;T510;15x6.00-6 Trelleborg T510 6PR TT;rolnicze małe;Uniwersalne/pozostałe;PEWNE;Uniwersalne
MO8_6404800;Trelleborg;T991;6.00-9 Trelleborg T991 6PR TT;rolnicze;Uniwersalne/pozostałe;PEWNE;Uniwersalne
MO8_11146800;Trelleborg;T510;220/60-8 Trelleborg T510 83A8/71A8 TT;rolnicze;Uniwersalne/pozostałe;PEWNE;Uniwersalne
MO8_6140100;Trelleborg;T510;220/45-8 Trelleborg T510 70A8 TT;rolnicze;Uniwersalne/pozostałe;PEWNE;Uniwersalne
MO8_6140200;Trelleborg;T510;18x8.50-8 Trelleborg T510 6PR TT;rolnicze;Uniwersalne/pozostałe;PEWNE;Uniwersalne
MO8_6140300;Trelleborg;T510;16x6.50-8 Trelleborg T510 84A8/80B TT;rolnicze;Uniwersalne/pozostałe;PEWNE;Uniwersalne
MO8_10576400;Trelleborg;T510;16x6.50-8 Trelleborg T510 73A8 TT;rolnicze;Uniwersalne/pozostałe;PEWNE;Uniwersalne
MO8_1219100;Trelleborg;T510;4.00-8 Trelleborg T510 4PR TT;rolnicze;Uniwersalne/pozostałe;PEWNE;Uniwersalne
MO8_1217300;Trelleborg;T510;3.50-8 Trelleborg T510 4PR TT;rolnicze;Uniwersalne/pozostałe;PEWNE;Uniwersalne
MO8_6141100;Trelleborg;T510;15x6.00-6 Trelleborg T510 6PR TT;rolnicze;Uniwersalne/pozostałe;PEWNE;Uniwersalne
MO8_6405000;Trelleborg;T510 EXTRA;15x6.00-6 Trelleborg T510 EXTRA 4PR TT;rolnicze;Uniwersalne/pozostałe;PEWNE;Uniwersalne
MO8_1473000;Trelleborg;T510;220/50-6 Trelleborg T510 73A8 TT;rolnicze;Uniwersalne/pozostałe;PEWNE;Uniwersalne
MO8_1253300;Trelleborg;T510;4.00-6 Trelleborg T510 4PR TT;rolnicze;Uniwersalne/pozostałe;PEWNE;Uniwersalne
MO8_1228200;Trelleborg;T510;3.50-6 Trelleborg T510 4PR TT;rolnicze;Uniwersalne/pozostałe;PEWNE;Uniwersalne
MO8_1239500;Trelleborg;T991;4.00-4 Trelleborg T991 4PR TT;rolnicze;Uniwersalne/pozostałe;PEWNE;Uniwersalne
MO8_6404500;Trelleborg;T991;3.00-4 Trelleborg T991 4PR TT;rolnicze;Uniwersalne/pozostałe;PEWNE;Uniwersalne
MO8_6158600;Trelleborg;T523 HS;6.00-9 Trelleborg T523 HS 99J TT;rolnicze;Uniwersalne/pozostałe;PEWNE;Uniwersalne
MO8_1442900;Trelleborg;T510;16x6.50-8 Trelleborg T510 84A8/80B TT;rolnicze;Uniwersalne/pozostałe;PEWNE;Uniwersalne
MO8_1476300;Trelleborg;T510;15x6.00-6 Trelleborg T510 4PR TL;rolnicze;Uniwersalne/pozostałe;PEWNE;Uniwersalne
MO8_6156300;Trelleborg;T523;7.50-10 Trelleborg T523 14PR TL;rolnicze;Uniwersalne/pozostałe;PEWNE;Uniwersalne
MO8_1155800;Trelleborg;T523;4.00-8 Trelleborg T523 8PR TT;rolnicze;Uniwersalne/pozostałe;PEWNE;Uniwersalne
MO8_1147400;Trelleborg;T510;140-6 Trelleborg T510 10PR TT;rolnicze;Uniwersalne/pozostałe;PEWNE;Uniwersalne
MO8_1467800;Trelleborg;TRACTION;690x180-15 Trelleborg TRACTION 100A8 TT;rolnicze;Uniwersalne/pozostałe;PEWNE;Uniwersalne
MO8_0214500;Trelleborg;T510;11L-15 Trelleborg T510 12PR TL;rolnicze;Uniwersalne/pozostałe;PEWNE;Uniwersalne
MO8_1482100;Trelleborg;TRACTION;7.00-15 Trelleborg TRACTION 6PR TT;rolnicze;Uniwersalne/pozostałe;PEWNE;Uniwersalne
MO8_11940000;Trelleborg;T448;200/60-14.5 Trelleborg T448 10PR TL;rolnicze;Uniwersalne/pozostałe;PEWNE;Uniwersalne
MO8_6144700;Trelleborg;T448;200/60-14.5 Trelleborg T448 10PR TT;rolnicze;Uniwersalne/pozostałe;PEWNE;Uniwersalne
MO8_6153200;Trelleborg;T991;7.50-10 Trelleborg T991 12PR TT;rolnicze;Uniwersalne/pozostałe;PEWNE;Uniwersalne
MO8_1152900;Trelleborg;T991;6.00-9 Trelleborg T991 10PR TT;rolnicze;Uniwersalne/pozostałe;PEWNE;Uniwersalne
MO8_11093700;Trelleborg;T510;220/60-8 Trelleborg T510 83A8/71A8 TT;rolnicze;Uniwersalne/pozostałe;PEWNE;Uniwersalne
MO8_1470100;Trelleborg;T510;220/45-8 Trelleborg T510 70A8/58A8 TT;rolnicze;Uniwersalne/pozostałe;PEWNE;Uniwersalne
MO8_1194700;Trelleborg;T510;18x8.50-8 Trelleborg T510 6PR TT;rolnicze;Uniwersalne/pozostałe;PEWNE;Uniwersalne
MO8_10576300;Trelleborg;T510;16x6.50-8 Trelleborg T510 73A8 TT;rolnicze;Uniwersalne/pozostałe;PEWNE;Uniwersalne
MO8_1160600;Trelleborg;T510;4.00-8 Trelleborg T510 4PR TT;rolnicze;Uniwersalne/pozostałe;PEWNE;Uniwersalne
MO8_1152700;Trelleborg;T991;4.00-8 Trelleborg T991 6PR TT;rolnicze;Uniwersalne/pozostałe;PEWNE;Uniwersalne
MO8_1160400;Trelleborg;T510;3.50-8 Trelleborg T510 4PR TT;rolnicze;Uniwersalne/pozostałe;PEWNE;Uniwersalne
MO8_1147700;Trelleborg;T510;15x6.00-6 Trelleborg T510 6PR TT;rolnicze;Uniwersalne/pozostałe;PEWNE;Uniwersalne
MO8_1168500;Trelleborg;T510;13x5.00-6 Trelleborg T510 4PR TL;rolnicze;Uniwersalne/pozostałe;PEWNE;Uniwersalne
MO8_1152400;Trelleborg;T991;4.00-6 Trelleborg T991 6PR TT;rolnicze;Uniwersalne/pozostałe;PEWNE;Uniwersalne
MO8_1160300;Trelleborg;T510;3.50-6 Trelleborg T510 4PR TT;rolnicze;Uniwersalne/pozostałe;PEWNE;Uniwersalne
MO8_1160700;Trelleborg;T510;4.10-4 Trelleborg T510 4PR TT;rolnicze;Uniwersalne/pozostałe;PEWNE;Uniwersalne
MO8_1152200;Trelleborg;T991;4.00-4 Trelleborg T991 6PR TT;rolnicze;Uniwersalne/pozostałe;PEWNE;Uniwersalne
MO8_1152000;Trelleborg;T991;3.00-4 Trelleborg T991 6PR TT;rolnicze;Uniwersalne/pozostałe;PEWNE;Uniwersalne
MO8_1159900;Trelleborg;T991;3.00-4 Trelleborg T991 4PR TT;rolnicze;Uniwersalne/pozostałe;PEWNE;Uniwersalne
MO1_10003463;Turon;TerraClassic SKL800;8.25-20 Turon TerraClassic SKL800 133B 14PR TT;przemysłowe;Uniwersalne/pozostałe;WZORZEC;Przemysłowe (ogólne)
MO5_VRRR38052070DTX70;Vredestein;TRAXION70;520/70R38 Vredestein TRAXION70 150D TL;rolnicze;Uniwersalne/pozostałe;WZORZEC;Rolnicze (ogólne)
MO5_VRRR38042085885T0;Vredestein;TRAXION85 II;420/85R38 Vredestein TRAXION85 II 144A8/144B TL;rolnicze;Uniwersalne/pozostałe;WZORZEC;Rolnicze (ogólne)
MO5_VRRR34060070DTVX0;Vredestein;TRAXION XXL;600/70R34 Vredestein TRAXION XXL 160D TL;rolnicze;Uniwersalne/pozostałe;WZORZEC;Rolnicze (ogólne)
MO5_VRRR34054065DTV60;Vredestein;TRAXION65;540/65R34 Vredestein TRAXION65 145D TL;rolnicze;Uniwersalne/pozostałe;WZORZEC;Rolnicze (ogólne)
MO5_VRRR34052070DTX70;Vredestein;TRAXION70;520/70R34 Vredestein TRAXION70 148D TL;rolnicze;Uniwersalne/pozostałe;WZORZEC;Rolnicze (ogólne)
MO5_VRRR28048065DTV60;Vredestein;TRAXION65;480/65R28 Vredestein TRAXION65 136D TL;rolnicze;Uniwersalne/pozostałe;WZORZEC;Rolnicze (ogólne)
MO5_VRRR28042070DTV70;Vredestein;TRAXION70;420/70R28 Vredestein TRAXION70 133D TL;rolnicze;Uniwersalne/pozostałe;WZORZEC;Rolnicze (ogólne)
MO5_VRRR28038085885T0;Vredestein;TRAXION85 II;380/85R28 Vredestein TRAXION85 II 133A8/133B TL;rolnicze;Uniwersalne/pozostałe;WZORZEC;Rolnicze (ogólne)
MO5_VRRR28028085885T0;Vredestein;TRAXION85 II;280/85R28 Vredestein TRAXION85 II 118A8/118B TL;rolnicze;Uniwersalne/pozostałe;WZORZEC;Rolnicze (ogólne)
MO5_VRRR24042085885T0;Vredestein;TRAXION85 II;420/85R24 Vredestein TRAXION85 II 137A8/137B TL;rolnicze;Uniwersalne/pozostałe;WZORZEC;Rolnicze (ogólne)
MO5_VRRR24038070DTX70;Vredestein;TRAXION70;380/70R24 Vredestein TRAXION70 125D TL;rolnicze;Uniwersalne/pozostałe;WZORZEC;Rolnicze (ogólne)
MO5_VRRR24034085885T0;Vredestein;TRAXION85 II;340/85R24 Vredestein TRAXION85 II 125A8/125B TL;rolnicze;Uniwersalne/pozostałe;WZORZEC;Rolnicze (ogólne)
MO5_VRRR240320858TV80;Vredestein;TRAXION85;320/85R24 Vredestein TRAXION85 122A8/122B TL;rolnicze;Uniwersalne/pozostałe;WZORZEC;Rolnicze (ogólne)
MO5_VRRR24028085885T0;Vredestein;TRAXION85 II;280/85R24 Vredestein TRAXION85 II 115A8/115B TL;rolnicze;Uniwersalne/pozostałe;WZORZEC;Rolnicze (ogólne)
MO5_VRRR20036070DTX70;Vredestein;TRAXION70;360/70R20 Vredestein TRAXION70 129D TL;rolnicze;Uniwersalne/pozostałe;WZORZEC;Rolnicze (ogólne)
MO5_VRRR20028085DTV80;Vredestein;TRAXION85 II;280/85R20 Vredestein TRAXION85 II 118D TL;rolnicze;Uniwersalne/pozostałe;WZORZEC;Rolnicze (ogólne)
MO5_VRRR20028070DTX70;Vredestein;TRAXION70;280/70R20 Vredestein TRAXION70 116D TL;rolnicze;Uniwersalne/pozostałe;WZORZEC;Rolnicze (ogólne)
MO5_VRRR20026070DTX70;Vredestein;TRAXION70;260/70R20 Vredestein TRAXION70 113D TL;rolnicze;Uniwersalne/pozostałe;WZORZEC;Rolnicze (ogólne)
MO5_VRPR280440808TVE0;Vredestein;TRAXION VERSA;440/80R28 Vredestein TRAXION VERSA 156A8 TL;rolnicze;Uniwersalne/pozostałe;WZORZEC;Rolnicze (ogólne)
MO5_VRPR240500708TVE1;Vredestein;TRAXION VERSA;500/70R24 Vredestein TRAXION VERSA 164A8 TL;rolnicze;Uniwersalne/pozostałe;WZORZEC;Rolnicze (ogólne)
MO5_VRPR240460708TVE1;Vredestein;TRAXION VERSA;460/70R24 Vredestein TRAXION VERSA 159A8 TL;rolnicze;Uniwersalne/pozostałe;WZORZEC;Rolnicze (ogólne)
MO5_VRPR240460708END0;Vredestein;ENDURION;460/70R24 Vredestein ENDURION 159A8 TL;rolnicze;Uniwersalne/pozostałe;WZORZEC;Rolnicze (ogólne)
MO5_VRPR240400808TVE0;Vredestein;TRAXION VERSA;400/80R24 Vredestein TRAXION VERSA 162A8 TL;rolnicze;Uniwersalne/pozostałe;WZORZEC;Rolnicze (ogólne)
MO5_VRPR240400808END0;Vredestein;ENDURION;400/80R24 Vredestein ENDURION 162A8 TL;rolnicze;Uniwersalne/pozostałe;WZORZEC;Rolnicze (ogólne)
MO5_VRPR240400708TVE0;Vredestein;TRAXION VERSA;400/70R24 Vredestein TRAXION VERSA 152A8 TL;rolnicze;Uniwersalne/pozostałe;WZORZEC;Rolnicze (ogólne)
MO5_VRPR240400708END0;Vredestein;ENDURION;400/70R24 Vredestein ENDURION 152A8 TL;rolnicze;Uniwersalne/pozostałe;WZORZEC;Rolnicze (ogólne)
MO5_VRPR200400708END0;Vredestein;ENDURION;400/70R20 Vredestein ENDURION 149A8 TL;rolnicze;Uniwersalne/pozostałe;WZORZEC;Rolnicze (ogólne)
MO5_VRPR200340808END0;Vredestein;ENDURION;340/80R20 Vredestein ENDURION 144A8 TL;rolnicze;Uniwersalne/pozostałe;WZORZEC;Rolnicze (ogólne)
MO5_VRPR180400708END0;Vredestein;ENDURION;400/70R18 Vredestein ENDURION 147A8 TL;rolnicze;Uniwersalne/pozostałe;WZORZEC;Rolnicze (ogólne)
MO3_4007024vE152;Vredestein;Endurion;400/70R24 Vredestein Endurion 152A8/152B TL;rolnicze;Uniwersalne/pozostałe;WZORZEC;Rolnicze (ogólne)
MO3_3807020vtr70132;Vredestein;Traxion70;380/70R20 Vredestein Traxion70 132D TL;rolnicze;Uniwersalne/pozostałe;WZORZEC;Rolnicze (ogólne)
MO3_3607020vtr70129;Vredestein;Traxion70;360/70R20 Vredestein Traxion70 129D TL;rolnicze;Uniwersalne/pozostałe;WZORZEC;Rolnicze (ogólne)
MO3_4208534VTraxion85II1;Vredestein;Traxion85 II;420/85R34 Vredestein Traxion85 II 142A8 TL;rolnicze;Uniwersalne/pozostałe;WZORZEC;Rolnicze (ogólne)
MO3_4607024vedemo;Vredestein;Endurion;460/70R24 Vredestein Endurion 159A8/159B TL demo;rolnicze;Uniwersalne/pozostałe;WZORZEC;Rolnicze (ogólne)
MO5_VRRR28048070DTX70;Vredestein;TRAXION70;480/70R28 Vredestein TRAXION70 140D TL;rolnicze;Uniwersalne/pozostałe;WZORZEC;Rolnicze (ogólne)
MO2_WL0550;West Lake;WAM2;385/65R22.5 West Lake WAM2 160K 20PR 3PMSF M+S FRONT;ciężarowe;Uniwersalne/pozostałe;PEWNE;Uniwersalne
MO2_WL021;West Lake;WAU1 URBAN MASTER;275/70R22.5 West Lake WAU1 URBAN MASTER 150145J 3PMSF M+S;ciężarowe;Uniwersalne/pozostałe;PEWNE;Uniwersalne
MO1_10485122;Windpower;W 753;26.5R25 Windpower W 753 209A2 TL;rolnicze;Uniwersalne/pozostałe;WZORZEC;Rolnicze (ogólne)
MO1_10485106;Windpower;W 755+;23.5R25 Windpower W 755+ 201A2 32PR TL;rolnicze;Uniwersalne/pozostałe;WZORZEC;Rolnicze (ogólne)
MO1_10436000;Windpower;WGP 23, M+S;445/65R22.5 Windpower WGP 23, M+S 169F TL;rolnicze;Uniwersalne/pozostałe;WZORZEC;Rolnicze (ogólne)
MO1_10002767;Windpower;WL 36;20.5R25 Windpower WL 36 193A2 TL;rolnicze;Uniwersalne/pozostałe;WZORZEC;Rolnicze (ogólne)
MO1_10002992;Alliance;MH-504;8.25-15 Alliance MH-504 14PR TT;przemysłowe;Wózek widłowy;PEWNE;Wózek widłowy
MO1_10002975;Alliance;MH-504;28x9-15 Alliance MH-504 14PR TT;przemysłowe;Wózek widłowy;PEWNE;Wózek widłowy
MO9_106989;BKT;MAGLIFT STD 4.33;16x6-8 BKT MAGLIFT STD ;przemysłowe;Wózek widłowy;PEWNE;Wózek widłowy
MO9_103636;BKT;MAGLIFT LIP 4.33;16x6-8 BKT MAGLIFT LIP 4.33;przemysłowe;Wózek widłowy;PEWNE;Wózek widłowy
MO9_101508;BKT;MAGLIFT LIP NIEBRUDZĄCA 8.00;300x15 BKT MAGLIFT LIP NIEBRUDZĄCA 8.00;przemysłowe;Wózek widłowy;PEWNE;Wózek widłowy
MO9_101507;BKT;MAGLIFT LIP NIEBRUDZĄCA 3.00;5.00x8 BKT MAGLIFT LIP NIEBRUDZĄCA 3.00;przemysłowe;Wózek widłowy;PEWNE;Wózek widłowy
MO9_98233;BKT;PL 801;5.00x8 BKT PL 801 10PR TT;przemysłowe;Wózek widłowy;PEWNE;Wózek widłowy
MO9_69607;BKT;PL 801 ZESTAW-SET;8.15x15 BKT PL 801 ZESTAW-SET 14PR TT;przemysłowe;Wózek widłowy;PEWNE;Wózek widłowy
MO9_69599;BKT;PL 801 ZESTAW-SET;7.00x12 BKT PL 801 ZESTAW-SET 12PR TT;przemysłowe;Wózek widłowy;PEWNE;Wózek widłowy
MO9_69582;BKT;PL 801 ZESTAW-SET;18x7-8 BKT PL 801 ZESTAW-SET 16PR TT;przemysłowe;Wózek widłowy;PEWNE;Wózek widłowy
MO9_69565;BKT;PL 801 ZESTAW-SET;250x15 BKT PL 801 ZESTAW-SET 20PR TT;przemysłowe;Wózek widłowy;PEWNE;Wózek widłowy
MO9_69528;BKT;PL 801 ZESTAW-SET;5.00x8 BKT PL 801 ZESTAW-SET 8PR TT;przemysłowe;Wózek widłowy;PEWNE;Wózek widłowy
MO9_69486;BKT;PL 801 ZESTAW-SET;6.50x10 BKT PL 801 ZESTAW-SET 10PR TT;przemysłowe;Wózek widłowy;PEWNE;Wózek widłowy
MO9_69449;BKT;PL 801 ZESTAW-SET;8.25x15 BKT PL 801 ZESTAW-SET 14PR TT;przemysłowe;Wózek widłowy;PEWNE;Wózek widłowy
MO9_69403;BKT;PL 801 ZESTAW-SET;6.00x9 BKT PL 801 ZESTAW-SET 10PR TT;przemysłowe;Wózek widłowy;PEWNE;Wózek widłowy
MO9_69371;BKT;PL 801 ZESTAW-SET;21x8-9 BKT PL 801 ZESTAW-SET 14PR TT;przemysłowe;Wózek widłowy;PEWNE;Wózek widłowy
MO9_69022;BKT;PL 801;300x15 BKT PL 801 18PR TT;przemysłowe;Wózek widłowy;PEWNE;Wózek widłowy
MO9_68936;BKT;MAGLIFT LIP QUICK 5.00;6.50x10 BKT MAGLIFT LIP QUICK 5.00;przemysłowe;Wózek widłowy;PEWNE;Wózek widłowy
MO9_68154;BKT;MAGLIFT LIP 8.00;27x10-12 BKT MAGLIFT LIP ;przemysłowe;Wózek widłowy;PEWNE;Wózek widłowy
MO9_66526;BKT;MAGLIFT STD 8.00;27x10-12 BKT MAGLIFT STD ;przemysłowe;Wózek widłowy;PEWNE;Wózek widłowy
MO9_66203;BKT;MAGLIFT STD NIEBRUDZĄCA 4;140/55-9 BKT MAGLIFT STD NIEBRUDZĄCA ;przemysłowe;Wózek widłowy;PEWNE;Wózek widłowy
MO9_63997;BKT;MAGLIFT LIP QUICK 5.5;7.00x15 BKT MAGLIFT LIP QUICK 5.5;przemysłowe;Wózek widłowy;PEWNE;Wózek widłowy
MO9_62003;BKT;MAGLIFT LIP QUICK 6.50;8.25x15 BKT MAGLIFT LIP QUICK 6.50;przemysłowe;Wózek widłowy;PEWNE;Wózek widłowy
MO9_61755;BKT;PL 801;5.50x15 BKT PL 801 8PR TT;przemysłowe;Wózek widłowy;PEWNE;Wózek widłowy
MO9_61591;BKT;MAGLIFT LIP QUICK 3.00;15x4.5-8 BKT MAGLIFT LIP QUICK ;przemysłowe;Wózek widłowy;PEWNE;Wózek widłowy
MO9_59906;BKT;MAGLIFT LIP QUICK 8.00;23x10-12 BKT MAGLIFT LIP QUICK ;przemysłowe;Wózek widłowy;PEWNE;Wózek widłowy
MO9_57537;BKT;MAGLIFT STD NIEBRUDZĄCA 4;6.00x9 BKT MAGLIFT STD NIEBRUDZĄCA 4;przemysłowe;Wózek widłowy;PEWNE;Wózek widłowy
MO9_57481;BKT;MAGLIFT LIP QUICK;8.15x15 BKT MAGLIFT LIP QUICK;przemysłowe;Wózek widłowy;PEWNE;Wózek widłowy
MO9_57424;BKT;PL 801;18x7-8 BKT PL 801 16PR TT;przemysłowe;Wózek widłowy;PEWNE;Wózek widłowy
MO9_55669;BKT;MAGLIFT STD;7.00x12 BKT MAGLIFT STD;przemysłowe;Wózek widłowy;PEWNE;Wózek widłowy
MO9_55188;BKT;MAGLIFT STD 8.00;23x10-12 BKT MAGLIFT STD ;przemysłowe;Wózek widłowy;PEWNE;Wózek widłowy
MO9_54661;BKT;MAGLIFT STD , 7.0;8.15x15 BKT MAGLIFT STD , 7.0;przemysłowe;Wózek widłowy;PEWNE;Wózek widłowy
MO9_53621;BKT;MAGLIFT LIP NIEBRUDZĄCA QUICK 6.50;8.25x15 BKT MAGLIFT LIP NIEBRUDZĄCA QUICK 6.50;przemysłowe;Wózek widłowy;PEWNE;Wózek widłowy
MO9_52175;BKT;MAGLIFT LIP NIEBRUDZĄCA Quick 4.33;16x6-8 BKT MAGLIFT LIP NIEBRUDZĄCA Quick 4.33;przemysłowe;Wózek widłowy;PEWNE;Wózek widłowy
MO9_51400;BKT;MAGLIFT LIP QUICK;23x9-10 BKT MAGLIFT LIP QUICK;przemysłowe;Wózek widłowy;PEWNE;Wózek widłowy
MO9_51338;BKT;MAGLIFT STD 3.00;4.00x8 BKT MAGLIFT STD ;przemysłowe;Wózek widłowy;PEWNE;Wózek widłowy
MO9_49725;BKT;PL 801;6.50x10 BKT PL 801 10PR TT;przemysłowe;Wózek widłowy;PEWNE;Wózek widłowy
MO9_49441;BKT;MAGLIFT LIP NIEBRUDZĄCA Quick 6.5;200/50x10 BKT MAGLIFT LIP NIEBRUDZĄCA Quick 6.5;przemysłowe;Wózek widłowy;PEWNE;Wózek widłowy
MO9_49004;BKT;MAGLIFT LIP QUICK 8.00;300x15 BKT MAGLIFT LIP QUICK 8.00;przemysłowe;Wózek widłowy;PEWNE;Wózek widłowy
MO9_47968;BKT;MAGLIFT STD;5.00x8 BKT MAGLIFT STD;przemysłowe;Wózek widłowy;PEWNE;Wózek widłowy
MO9_47419;BKT;PL 801;8.15x15 BKT PL 801 14PR TT;przemysłowe;Wózek widłowy;PEWNE;Wózek widłowy
MO9_46430;BKT;MAGLIFT LIP QUICK;7.00x12 BKT MAGLIFT LIP QUICK;przemysłowe;Wózek widłowy;PEWNE;Wózek widłowy
MO9_45461;BKT;PL 801;8.25x15 BKT PL 801 14PR TT;przemysłowe;Wózek widłowy;PEWNE;Wózek widłowy
MO9_43560;BKT;PL 801;21x8-9 BKT PL 801 14PR TT;przemysłowe;Wózek widłowy;PEWNE;Wózek widłowy
MO9_42978;BKT;MAGLIFT LIP NIEBRUDZĄCA Quick 7.00;250x15 BKT MAGLIFT LIP NIEBRUDZĄCA Quick 7.00;przemysłowe;Wózek widłowy;PEWNE;Wózek widłowy
MO9_41381;BKT;MAGLIFT LIP QUICK 6.50;200/50x10 BKT MAGLIFT LIP QUICK 6.50;przemysłowe;Wózek widłowy;PEWNE;Wózek widłowy
MO9_39369;BKT;MAGLIFT LIP NIEBRUDZĄCA Quick 5.00;6.50x10 BKT MAGLIFT LIP NIEBRUDZĄCA Quick 5.00;przemysłowe;Wózek widłowy;PEWNE;Wózek widłowy
MO9_38863;BKT;FL 252;5.00x8 BKT FL 252 8PR TT;przemysłowe;Wózek widłowy;PEWNE;Wózek widłowy
MO9_34810;BKT;PL 801;7.50x15 BKT PL 801 14PR TT;przemysłowe;Wózek widłowy;PEWNE;Wózek widłowy
MO9_34669;BKT;PL 801;7.00x15 BKT PL 801 12PR TT;przemysłowe;Wózek widłowy;PEWNE;Wózek widłowy
MO9_32529;BKT;MAGLIFT STD NIEBRUDZĄCA 5.00;7.00x12 BKT MAGLIFT STD NIEBRUDZĄCA 5.00;przemysłowe;Wózek widłowy;PEWNE;Wózek widłowy
MO9_29671;BKT;MAGLIFT STD NIEBRUDZĄCA 3.00;5.00x8 BKT MAGLIFT STD NIEBRUDZĄCA 3.00;przemysłowe;Wózek widłowy;PEWNE;Wózek widłowy
MO9_28771;BKT;PL 801;7.00x12 BKT PL 801 12PR TT;przemysłowe;Wózek widłowy;PEWNE;Wózek widłowy
MO9_28151;BKT;MAGLIFT LIP NIEBRUDZĄCA Quick 4;140/55-9 BKT MAGLIFT LIP NIEBRUDZĄCA Quick 4;przemysłowe;Wózek widłowy;PEWNE;Wózek widłowy
MO9_27491;BKT;FL 252;6.50x10 BKT FL 252 10PR TT;przemysłowe;Wózek widłowy;PEWNE;Wózek widłowy
MO9_26807;BKT;MAGLIFT LIP NIEBRUDZĄCA Quick 8;23x10-12 BKT MAGLIFT LIP NIEBRUDZĄCA Quick 8;przemysłowe;Wózek widłowy;PEWNE;Wózek widłowy
MO9_26425;BKT;MAGLIFT STD NIEBRUDZĄCA 5.00;6.50x10 BKT MAGLIFT STD NIEBRUDZĄCA 5.00;przemysłowe;Wózek widłowy;PEWNE;Wózek widłowy
MO9_23018;BKT;FL 252;7.00x12 BKT FL 252 14PR TT;przemysłowe;Wózek widłowy;PEWNE;Wózek widłowy
MO9_17265;BKT;MAGLIFT STD NIEBRUDZĄCA 6.5;8.25x15 BKT MAGLIFT STD NIEBRUDZĄCA 6.5;przemysłowe;Wózek widłowy;PEWNE;Wózek widłowy
MO9_15237;BKT;PL 801;250x15 BKT PL 801 20PR TT;przemysłowe;Wózek widłowy;PEWNE;Wózek widłowy
MO9_14649;BKT;MAGLIFT STD NIEBRUDZĄCA 8;23x10-12 BKT MAGLIFT STD NIEBRUDZĄCA 8;przemysłowe;Wózek widłowy;PEWNE;Wózek widłowy
MO9_14475;BKT;MAGLIFT STD 4.00;6.00x9 BKT MAGLIFT STD 4.00;przemysłowe;Wózek widłowy;PEWNE;Wózek widłowy
MO9_14275;BKT;MAGLIFT STD 4.33;18x7-8 BKT MAGLIFT STD 4.33;przemysłowe;Wózek widłowy;PEWNE;Wózek widłowy
MO9_13725;BKT;FL 252;8.25x15 BKT FL 252 14PR TT;przemysłowe;Wózek widłowy;PEWNE;Wózek widłowy
MO9_13090;BKT;PL 801;7.00x12 BKT PL 801 14PR TT;przemysłowe;Wózek widłowy;PEWNE;Wózek widłowy
MO9_11374;BKT;PL 801;6.00x9 BKT PL 801 10PR TT;przemysłowe;Wózek widłowy;PEWNE;Wózek widłowy
MO9_10663;BKT;MAGLIFT LIP NIEBRUDZĄCA Quick 3;15x4.5-8 BKT MAGLIFT LIP NIEBRUDZĄCA Quick 3;przemysłowe;Wózek widłowy;PEWNE;Wózek widłowy
MO9_10163;BKT;MAGLIFT STD NIEBRUDZĄCA 4.33;18x7-8 BKT MAGLIFT STD NIEBRUDZĄCA 4.33;przemysłowe;Wózek widłowy;PEWNE;Wózek widłowy
MO9_9441;BKT;MAGLIFT LIP QUICK 4.00;6.00x9 BKT MAGLIFT LIP QUICK 4.00;przemysłowe;Wózek widłowy;PEWNE;Wózek widłowy
MO9_9309;BKT;FL 252;6.00x9 BKT FL 252 10PR TT;przemysłowe;Wózek widłowy;PEWNE;Wózek widłowy
MO9_7670;BKT;LIFTMAX LM81 NOWOŚĆ;250/70R15 BKT LIFTMAX LM81 NOWOŚĆ 153A5 TL;przemysłowe;Wózek widłowy;PEWNE;Wózek widłowy
MO9_7632;BKT;MAGLIFT LIP QUICK 6.00;21x8-9 BKT MAGLIFT LIP QUICK ;przemysłowe;Wózek widłowy;PEWNE;Wózek widłowy
MO9_7384;BKT;MAGLIFT LIP QUICK 3.00;5.00x8 BKT MAGLIFT LIP QUICK 3.00;przemysłowe;Wózek widłowy;PEWNE;Wózek widłowy
MO9_5589;BKT;MAGLIFT LIP QUICK 4.33;18x7-8 BKT MAGLIFT LIP QUICK 4.33;przemysłowe;Wózek widłowy;PEWNE;Wózek widłowy
MO9_5489;BKT;MAGLIFT STD;6.50x10 BKT MAGLIFT STD;przemysłowe;Wózek widłowy;PEWNE;Wózek widłowy
MO9_3239;BKT;MAGLIFT LIP QUICK 7.00;250x15 BKT MAGLIFT LIP QUICK 7.00;przemysłowe;Wózek widłowy;PEWNE;Wózek widłowy
MO9_2393;BKT;FL 252;8.15x15 BKT FL 252 14PR TT;przemysłowe;Wózek widłowy;PEWNE;Wózek widłowy
MO3_81515bkt;BKT;( ) Maglift LIP;28x9-15 BKT ( ) Maglift LIP 151A5/142A5;przemysłowe;Wózek widłowy;PEWNE;Wózek widłowy
MO2_13763920000;Continental;SC20 STD MILEAGE+;300-15 Continental SC20 STD MILEAGE+;przemysłowe;Wózek widłowy;PEWNE;Wózek widłowy
MO2_13763910000;Continental;SC20+ SIT;300-15 Continental SC20+ SIT;przemysłowe;Wózek widłowy;PEWNE;Wózek widłowy
MO2_13763860000;Continental;SC20+;250-15 Continental SC20+ 153A5;przemysłowe;Wózek widłowy;PEWNE;Wózek widłowy
MO2_13763840000;Continental;SC20+;28x9-15 Continental SC20+;przemysłowe;Wózek widłowy;PEWNE;Wózek widłowy
MO2_13763830000;Continental;SC20+ STD;8.25-15 Continental SC20+ STD 153A5;przemysłowe;Wózek widłowy;PEWNE;Wózek widłowy
MO2_13763730000;Continental;SC20+;27x10-12 Continental SC20+;przemysłowe;Wózek widłowy;PEWNE;Wózek widłowy
MO2_13763700000;Continental;SC20+;250/60-12 Continental SC20+;przemysłowe;Wózek widłowy;PEWNE;Wózek widłowy
MO2_13763660000;Continental;SC20+;23x9-10 Continental SC20+;przemysłowe;Wózek widłowy;PEWNE;Wózek widłowy
MO2_13763640000;Continental;SC20+;200/50-10 Continental SC20+;przemysłowe;Wózek widłowy;PEWNE;Wózek widłowy
MO2_13763610000;Continental;SC20+;6.50-10 Continental SC20+;przemysłowe;Wózek widłowy;PEWNE;Wózek widłowy
MO2_13763600000;Continental;SC20+;6.50-10 Continental SC20+;przemysłowe;Wózek widłowy;PEWNE;Wózek widłowy
MO2_13763540000;Continental;SC20+;140/55-9 Continental SC20+;przemysłowe;Wózek widłowy;PEWNE;Wózek widłowy
MO2_13763530000;Continental;SC20 MILEAGE+;18x7-8 Continental SC20 MILEAGE+;przemysłowe;Wózek widłowy;PEWNE;Wózek widłowy
MO2_13763510000;Continental;SC20+;18x7-8 Continental SC20+;przemysłowe;Wózek widłowy;PEWNE;Wózek widłowy
MO2_13763490000;Continental;SC20+;150/75-8 Continental SC20+;przemysłowe;Wózek widłowy;PEWNE;Wózek widłowy
MO2_13763480000;Continental;SC20+ STD;5.00-8 Continental SC20+ STD;przemysłowe;Wózek widłowy;PEWNE;Wózek widłowy
MO2_13763450000;Continental;SC20+;125/75-8 Continental SC20+;przemysłowe;Wózek widłowy;PEWNE;Wózek widłowy
MO2_13763160000;Continental;CS20;18x7-8 Continental CS20;przemysłowe;Wózek widłowy;PEWNE;Wózek widłowy
MO2_13760930000;Continental;SC20;18x7-8 Continental SC20;przemysłowe;Wózek widłowy;PEWNE;Wózek widłowy
MO2_13760920000;Continental;SC20;18x7-8 Continental SC20;przemysłowe;Wózek widłowy;PEWNE;Wózek widłowy
MO2_13760880000;Continental;SC20;8.25-15 Continental SC20;przemysłowe;Wózek widłowy;PEWNE;Wózek widłowy
MO2_13760860000;Continental;SC20;200/50-10 Continental SC20;przemysłowe;Wózek widłowy;PEWNE;Wózek widłowy
MO2_13760840000;Continental;SC20;180/60-10 Continental SC20;przemysłowe;Wózek widłowy;PEWNE;Wózek widłowy
MO2_13760760000;Continental;SC20 SIT;6.00-9 Continental SC20 SIT;przemysłowe;Wózek widłowy;PEWNE;Wózek widłowy
MO2_13760750000;Continental;SC20;140/55-9 Continental SC20;przemysłowe;Wózek widłowy;PEWNE;Wózek widłowy
MO2_13760740000;Continental;SC20;140/55-9 Continental SC20;przemysłowe;Wózek widłowy;PEWNE;Wózek widłowy
MO2_13760690000;Continental;SC20;6.50-10 Continental SC20;przemysłowe;Wózek widłowy;PEWNE;Wózek widłowy
MO2_13760680000;Continental;SC20;6.50-10 Continental SC20;przemysłowe;Wózek widłowy;PEWNE;Wózek widłowy
MO2_13760580000;Continental;SC20;125/75-8 Continental SC20;przemysłowe;Wózek widłowy;PEWNE;Wózek widłowy
MO2_13760560000;Continental;SC20;23x10-12 Continental SC20;przemysłowe;Wózek widłowy;PEWNE;Wózek widłowy
MO2_13760540000;Continental;SC20;27x10-12 Continental SC20;przemysłowe;Wózek widłowy;PEWNE;Wózek widłowy
MO2_13760530000;Continental;SC20;23x9-10 Continental SC20;przemysłowe;Wózek widłowy;PEWNE;Wózek widłowy
MO2_13760520000;Continental;SC20;21x8-9 Continental SC20;przemysłowe;Wózek widłowy;PEWNE;Wózek widłowy
MO2_13760500000;Continental;SC20;125/75-8 Continental SC20;przemysłowe;Wózek widłowy;PEWNE;Wózek widłowy
MO2_07423000000;Continental;IC40;355/65-15 Continental IC40 170A5 24PR TL;przemysłowe;Wózek widłowy;PEWNE;Wózek widłowy
MO2_07300500000;Continental;IC40;23x9-10 Continental IC40 142A5 20PR TT;przemysłowe;Wózek widłowy;PEWNE;Wózek widłowy
MO2_07022760000;Continental;IC40;8.25-15 Continental IC40 153A5 18PR TT;przemysłowe;Wózek widłowy;PEWNE;Wózek widłowy
MO2_07022640000;Continental;IC40;300-15 Continental IC40 165A5 22PR TT;przemysłowe;Wózek widłowy;PEWNE;Wózek widłowy
MO2_07021800000;Continental;IC40;28x9-15 Continental IC40 146A5 14PR TT;przemysłowe;Wózek widłowy;PEWNE;Wózek widłowy
MO2_07021360000;Continental;IC40;27x10-12 Continental IC40 152A5 20PR TT;przemysłowe;Wózek widłowy;PEWNE;Wózek widłowy
MO2_07021220000;Continental;IC40;7.00-12 Continental IC40 136A5 16PR TT;przemysłowe;Wózek widłowy;PEWNE;Wózek widłowy
MO2_07021060000;Continental;IC40;6.50-10 Continental IC40 128A5 14PR;przemysłowe;Wózek widłowy;PEWNE;Wózek widłowy
MO2_07021010000;Continental;IC40;6.00-9 Continental IC40 121A5 12PR;przemysłowe;Wózek widłowy;PEWNE;Wózek widłowy
MO2_07020880000;Continental;IC40;18x7-8 Continental IC40 125A5 16PR TT;przemysłowe;Wózek widłowy;PEWNE;Wózek widłowy
MO2_07006640000;Continental;IC12;300-15 Continental IC12 165A5 22PR;przemysłowe;Wózek widłowy;PEWNE;Wózek widłowy
MO2_07004220000;Continental;IC10;7.00-12 Continental IC10 136A5 16PR TT;przemysłowe;Wózek widłowy;PEWNE;Wózek widłowy
MO2_07003700000;Continental;IC10;5.00-8 Continental IC10 106A5 8PR TT;przemysłowe;Wózek widłowy;PEWNE;Wózek widłowy
MO2_07003620000;Continental;IC10;4.00-8 Continental IC10 97A5 10PR TT;przemysłowe;Wózek widłowy;PEWNE;Wózek widłowy
MO10_PMB1053;GRI;LIFT EX F300;6.50-10 GRI LIFT EX F300 14PR TT;przemysłowe;Wózek widłowy;PEWNE;Wózek widłowy
MO10_PMB1052;GRI;LIFT EX F300;5.00-8 GRI LIFT EX F300 10PR TT;przemysłowe;Wózek widłowy;PEWNE;Wózek widłowy
MO10_PMB1030;GRI;LIFT EX F300;7.00-15 GRI LIFT EX F300 14PR TT;przemysłowe;Wózek widłowy;PEWNE;Wózek widłowy
MO10_PMB1028;GRI;LIFT EX F300;10.00-20 GRI LIFT EX F300 18PR TT;przemysłowe;Wózek widłowy;PEWNE;Wózek widłowy
MO10_PMB1025;GRI;LIFT EX F300;8.25-15 GRI LIFT EX F300 16PR TT;przemysłowe;Wózek widłowy;PEWNE;Wózek widłowy
MO10_PMB1024;GRI;LIFT EX F300;8.15-15 GRI LIFT EX F300 16PR TT;przemysłowe;Wózek widłowy;PEWNE;Wózek widłowy
MO10_PMB1022;GRI;LIFT EX F300;6.00-9 GRI LIFT EX F300 12PR TT;przemysłowe;Wózek widłowy;PEWNE;Wózek widłowy
MO10_PMB1013;GRI;LIFT EX F300;300-15 GRI LIFT EX F300 20PR TT;przemysłowe;Wózek widłowy;PEWNE;Wózek widłowy
MO10_PMB1012;GRI;LIFT EX F300;23x9-10 GRI LIFT EX F300 20PR TT;przemysłowe;Wózek widłowy;PEWNE;Wózek widłowy
MO10_PMB1009;GRI;LIFT EX F300;7.00-12 GRI LIFT EX F300 14PR TT;przemysłowe;Wózek widłowy;PEWNE;Wózek widłowy
MO10_PMB1005;GRI;LIFT EX F300;5.00-8 GRI LIFT EX F300 8PR TT;przemysłowe;Wózek widłowy;PEWNE;Wózek widłowy
MO10_PMB1003;GRI;LIFT EX F300;250-15 GRI LIFT EX F300 20PR TT;przemysłowe;Wózek widłowy;PEWNE;Wózek widłowy
MO10_PMB1001;GRI;LIFT EX F300;18x7-8 GRI LIFT EX F300 16PR TT;przemysłowe;Wózek widłowy;PEWNE;Wózek widłowy
MO2_256801-33;Galaxy;YARD MASTER ULTRA;21x8-9 Galaxy YARD MASTER ULTRA 14PR TT;przemysłowe;Wózek widłowy;PEWNE;Wózek widłowy
MO2_256338-33;Galaxy;YARD MASTER ULTRA;12.00-20 Galaxy YARD MASTER ULTRA 28PR TT;przemysłowe;Wózek widłowy;PEWNE;Wózek widłowy
MO2_256178;Galaxy;YARD MASTER ULTRA;250-15 Galaxy YARD MASTER ULTRA 16PR TT;przemysłowe;Wózek widłowy;PEWNE;Wózek widłowy
MO2_250392-36;Galaxy;YARDMASTER RADIAL;12.00R24 Galaxy YARDMASTER RADIAL 178A5 TL;przemysłowe;Wózek widłowy;PEWNE;Wózek widłowy
MO1_71970074;Galaxy;YARDMASTER ULTRA;300-15 Galaxy YARDMASTER ULTRA 20PR TT;przemysłowe;Wózek widłowy;PEWNE;Wózek widłowy
MO1_71970071;Galaxy;YARDMASTER;300-15 Galaxy YARDMASTER 20PR TT;przemysłowe;Wózek widłowy;PEWNE;Wózek widłowy
MO1_71970032;Galaxy;YARDMASTER;250-15 Galaxy YARDMASTER 16PR TT;przemysłowe;Wózek widłowy;PEWNE;Wózek widłowy
MO1_71970021;Galaxy;YARDMASTER;5.00-8 Galaxy YARDMASTER 10PR TT;przemysłowe;Wózek widłowy;PEWNE;Wózek widłowy
MO2_480150-33;Galaxy;TURF SPECIAL;25x10.50-15 Galaxy TURF SPECIAL 114A2/100A6 6PR TL;rolnicze;Wózek widłowy;WZORZEC;Wózek widłowy
MO2_ULT00009;Globestar;ULTIMATE XT;250-15 Globestar ULTIMATE XT;przemysłowe;Wózek widłowy;PEWNE;Wózek widłowy
MO2_ULT00006;Globestar;ULTIMATE XT;7.00-12 Globestar ULTIMATE XT;przemysłowe;Wózek widłowy;PEWNE;Wózek widłowy
MO2_ULT00005;Globestar;ULTIMATE XT;23x9-10 Globestar ULTIMATE XT;przemysłowe;Wózek widłowy;PEWNE;Wózek widłowy
MO2_ULT00001;Globestar;ULTIMATE XT;5.00-8 Globestar ULTIMATE XT;przemysłowe;Wózek widłowy;PEWNE;Wózek widłowy
MO2_S10166415223;Globestar;GLOBE WIDE-TREAD;16x6-8 Globestar GLOBE WIDE-TREAD;przemysłowe;Wózek widłowy;PEWNE;Wózek widłowy
MO2_S10166415113;Globestar;GLOBE WIDE-TREAD;16x6-8 Globestar GLOBE WIDE-TREAD;przemysłowe;Wózek widłowy;PEWNE;Wózek widłowy
MO2_GLO00180;Globestar;ULTIMATE XT SM SLICK;6.00-9 Globestar ULTIMATE XT SM SLICK;przemysłowe;Wózek widłowy;PEWNE;Wózek widłowy
MO2_GLO00165;Globestar;PERFORMER;250-15 Globestar PERFORMER;przemysłowe;Wózek widłowy;PEWNE;Wózek widłowy
MO2_GLO00164;Globestar;ULTIMATE XT SM;6.00-9 Globestar ULTIMATE XT SM;przemysłowe;Wózek widłowy;PEWNE;Wózek widłowy
MO2_GLO00163;Globestar;ULTIMATE XT CLEAN;8.15-15 Globestar ULTIMATE XT CLEAN;przemysłowe;Wózek widłowy;PEWNE;Wózek widłowy
MO2_GLO00161;Globestar;GLOBE WIDE-TREAD;4.00-8 Globestar GLOBE WIDE-TREAD;przemysłowe;Wózek widłowy;PEWNE;Wózek widłowy
MO2_GLO00160;Globestar;GLOBE WIDE-TREAD;4.00-8 Globestar GLOBE WIDE-TREAD;przemysłowe;Wózek widłowy;PEWNE;Wózek widłowy
MO2_GLO00159;Globestar;GLOBE WIDE-TREAD;27x10-12 Globestar GLOBE WIDE-TREAD;przemysłowe;Wózek widłowy;PEWNE;Wózek widłowy
MO2_GLO00158;Globestar;GLOBE WIDE-TREAD STD;9.00-20 Globestar GLOBE WIDE-TREAD STD;przemysłowe;Wózek widłowy;PEWNE;Wózek widłowy
MO2_GLO00154;Globestar;GLOBE WIDE-TREAD;23x9-10 Globestar GLOBE WIDE-TREAD;przemysłowe;Wózek widłowy;PEWNE;Wózek widłowy
MO2_GLO00152;Globestar;ULTIMATE XT;23x9-10 Globestar ULTIMATE XT;przemysłowe;Wózek widłowy;PEWNE;Wózek widłowy
MO2_GLO00150;Globestar;GLOBE WIDE-TREAD;8.15-15 Globestar GLOBE WIDE-TREAD;przemysłowe;Wózek widłowy;PEWNE;Wózek widłowy
MO2_GLO00149;Globestar;GLOBE WIDE-TREAD;4.00-8 Globestar GLOBE WIDE-TREAD;przemysłowe;Wózek widłowy;PEWNE;Wózek widłowy
MO2_GLO00148;Globestar;GLOBE WIDE-TREAD;21x8-9 Globestar GLOBE WIDE-TREAD;przemysłowe;Wózek widłowy;PEWNE;Wózek widłowy
MO2_GLO00147;Globestar;GLOBE WIDE-TREAD;200/50-10 Globestar GLOBE WIDE-TREAD;przemysłowe;Wózek widłowy;PEWNE;Wózek widłowy
MO2_GLO00146;Globestar;GLOBE WIDE-TREAD;8.25-15 Globestar GLOBE WIDE-TREAD;przemysłowe;Wózek widłowy;PEWNE;Wózek widłowy
MO2_GLO00144;Globestar;GLOBE WIDE-TREAD;8.25-15 Globestar GLOBE WIDE-TREAD;przemysłowe;Wózek widłowy;PEWNE;Wózek widłowy
MO2_GLO00143;Globestar;GLOBE WIDE-TREAD;4.00-8 Globestar GLOBE WIDE-TREAD;przemysłowe;Wózek widłowy;PEWNE;Wózek widłowy
MO2_GLO00142;Globestar;GLOBE WIDE-TREAD;27x10-12 Globestar GLOBE WIDE-TREAD;przemysłowe;Wózek widłowy;PEWNE;Wózek widłowy
MO2_GLO00141;Globestar;GLOBE WIDE-TREAD;6.50-10 Globestar GLOBE WIDE-TREAD;przemysłowe;Wózek widłowy;PEWNE;Wózek widłowy
MO2_GLO00140;Globestar;GLOBE WIDE-TREAD;300-15 Globestar GLOBE WIDE-TREAD;przemysłowe;Wózek widłowy;PEWNE;Wózek widłowy
MO2_GLO00139;Globestar;GLOBE WIDE-TREAD;200/50-10 Globestar GLOBE WIDE-TREAD;przemysłowe;Wózek widłowy;PEWNE;Wózek widłowy
MO2_GLO00131;Globestar;GLOBE WIDE-TREAD;2-8 Globestar GLOBE WIDE-TREAD;przemysłowe;Wózek widłowy;PEWNE;Wózek widłowy
MO2_GLO00128;Globestar;GLOBE WIDE-TREAD;8.25-15 Globestar GLOBE WIDE-TREAD;przemysłowe;Wózek widłowy;PEWNE;Wózek widłowy
MO2_GLO00127;Globestar;GLOBE WIDE-TREAD;8.15-15 Globestar GLOBE WIDE-TREAD;przemysłowe;Wózek widłowy;PEWNE;Wózek widłowy
MO2_GLO00126;Globestar;GLOBE WIDE-TREAD;300-15 Globestar GLOBE WIDE-TREAD;przemysłowe;Wózek widłowy;PEWNE;Wózek widłowy
MO2_GLO00125;Globestar;GLOBE WIDE-TREAD;250-15 Globestar GLOBE WIDE-TREAD;przemysłowe;Wózek widłowy;PEWNE;Wózek widłowy
MO2_GLO00123;Globestar;GLOBE WIDE-TREAD;8.15-15 Globestar GLOBE WIDE-TREAD;przemysłowe;Wózek widłowy;PEWNE;Wózek widłowy
MO2_GLO00122;Globestar;GLOBE WIDE-TREAD;7.00-12 Globestar GLOBE WIDE-TREAD;przemysłowe;Wózek widłowy;PEWNE;Wózek widłowy
MO2_GLO00120;Globestar;GLOBE WIDE-TREAD;7.00-12 Globestar GLOBE WIDE-TREAD;przemysłowe;Wózek widłowy;PEWNE;Wózek widłowy
MO2_GLO00119;Globestar;GLOBE WIDE-TREAD;6.00-9 Globestar GLOBE WIDE-TREAD;przemysłowe;Wózek widłowy;PEWNE;Wózek widłowy
MO2_GLO00118;Globestar;GLOBE WIDE-TREAD;6.00-9 Globestar GLOBE WIDE-TREAD;przemysłowe;Wózek widłowy;PEWNE;Wózek widłowy
MO2_GLO00116;Globestar;GLOBE WIDE-TREAD;5.00-8 Globestar GLOBE WIDE-TREAD;przemysłowe;Wózek widłowy;PEWNE;Wózek widłowy
MO2_GLO00114;Globestar;GLOBE WIDE-TREAD;5.00-8 Globestar GLOBE WIDE-TREAD;przemysłowe;Wózek widłowy;PEWNE;Wózek widłowy
MO2_GLO00113;Globestar;GLOBE WIDE-TREAD;27x10-12 Globestar GLOBE WIDE-TREAD;przemysłowe;Wózek widłowy;PEWNE;Wózek widłowy
MO2_GLO00111;Globestar;GLOBE WIDE-TREAD;23x9-10 Globestar GLOBE WIDE-TREAD;przemysłowe;Wózek widłowy;PEWNE;Wózek widłowy
MO2_GLO00110;Globestar;GLOBE WIDE-TREAD;8.15-15 Globestar GLOBE WIDE-TREAD;przemysłowe;Wózek widłowy;PEWNE;Wózek widłowy
MO2_GLO00109;Globestar;GLOBE WIDE-TREAD;18x7-8 Globestar GLOBE WIDE-TREAD;przemysłowe;Wózek widłowy;PEWNE;Wózek widłowy
MO2_GLO00105;Globestar;GLOBE WIDE-TREAD;6.50-10 Globestar GLOBE WIDE-TREAD;przemysłowe;Wózek widłowy;PEWNE;Wózek widłowy
MO2_GLO00104;Globestar;GLOBE WIDE-TREAD;6.50-10 Globestar GLOBE WIDE-TREAD;przemysłowe;Wózek widłowy;PEWNE;Wózek widłowy
MO2_GLO00103;Globestar;GLOBE WIDE-TREAD;6.50-10 Globestar GLOBE WIDE-TREAD;przemysłowe;Wózek widłowy;PEWNE;Wózek widłowy
MO2_GLO00102;Globestar;GLOBE WIDE-TREAD;355/65-15 Globestar GLOBE WIDE-TREAD;przemysłowe;Wózek widłowy;PEWNE;Wózek widłowy
MO2_GLO00100;Globestar;GLOBE WIDE-TREAD;250-15 Globestar GLOBE WIDE-TREAD;przemysłowe;Wózek widłowy;PEWNE;Wózek widłowy
MO2_GLO00099;Globestar;GLOBE WIDE-TREAD;200/50-10 Globestar GLOBE WIDE-TREAD;przemysłowe;Wózek widłowy;PEWNE;Wózek widłowy
MO2_GLO00097;Globestar;GLOBE WIDE-TREAD;18x7-8 Globestar GLOBE WIDE-TREAD;przemysłowe;Wózek widłowy;PEWNE;Wózek widłowy
MO2_GLO00095;Globestar;GLOBE WIDE-TREAD;18x7-8 Globestar GLOBE WIDE-TREAD;przemysłowe;Wózek widłowy;PEWNE;Wózek widłowy
MO2_GLO00088;Globestar;GLOBE WIDE-TREAD;7.00-12 Globestar GLOBE WIDE-TREAD;przemysłowe;Wózek widłowy;PEWNE;Wózek widłowy
MO2_GLO00087;Globestar;PERFORMER;200/50-10 Globestar PERFORMER;przemysłowe;Wózek widłowy;PEWNE;Wózek widłowy
MO2_GLO00086;Globestar;GLOBE WIDE-TREAD;21x8-9 Globestar GLOBE WIDE-TREAD;przemysłowe;Wózek widłowy;PEWNE;Wózek widłowy
MO2_GLO00085;Globestar;GLOBE WIDE-TREAD;6.00-9 Globestar GLOBE WIDE-TREAD;przemysłowe;Wózek widłowy;PEWNE;Wózek widłowy
MO2_GLO00084;Globestar;GLOBE WIDE-TREAD;16x6-8 Globestar GLOBE WIDE-TREAD;przemysłowe;Wózek widłowy;PEWNE;Wózek widłowy
MO2_GLO00083;Globestar;GLOBE WIDE-TREAD;16x6-8 Globestar GLOBE WIDE-TREAD;przemysłowe;Wózek widłowy;PEWNE;Wózek widłowy
MO2_GLO00082;Globestar;PERFORMER;23x10-12 Globestar PERFORMER;przemysłowe;Wózek widłowy;PEWNE;Wózek widłowy
MO2_GLO00077;Globestar;PERFORMER;27x10-12 Globestar PERFORMER;przemysłowe;Wózek widłowy;PEWNE;Wózek widłowy
MO2_GLO00075;Globestar;PERFORMER;300-15 Globestar PERFORMER;przemysłowe;Wózek widłowy;PEWNE;Wózek widłowy
MO2_GLO00074;Globestar;GLOBE;250-15 Globestar GLOBE;przemysłowe;Wózek widłowy;PEWNE;Wózek widłowy
MO2_GLO00071;Globestar;PERFORMER;250-15 Globestar PERFORMER;przemysłowe;Wózek widłowy;PEWNE;Wózek widłowy
MO2_GLO00070;Globestar;PERFORMER;8.15-15 Globestar PERFORMER;przemysłowe;Wózek widłowy;PEWNE;Wózek widłowy
MO2_GLO00069;Globestar;PERFORMER;8.15-15 Globestar PERFORMER;przemysłowe;Wózek widłowy;PEWNE;Wózek widłowy
MO2_GLO00067;Globestar;PERFORMER;7.00-12 Globestar PERFORMER;przemysłowe;Wózek widłowy;PEWNE;Wózek widłowy
MO2_GLO00066;Globestar;PERFORMER;23x9-10 Globestar PERFORMER;przemysłowe;Wózek widłowy;PEWNE;Wózek widłowy
MO2_GLO00065;Globestar;PERFORMER;200/50-10 Globestar PERFORMER;przemysłowe;Wózek widłowy;PEWNE;Wózek widłowy
MO2_GLO00064;Globestar;PERFORMER;6.50-10 Globestar PERFORMER;przemysłowe;Wózek widłowy;PEWNE;Wózek widłowy
MO2_GLO00063;Globestar;PERFORMER;6.50-10 Globestar PERFORMER;przemysłowe;Wózek widłowy;PEWNE;Wózek widłowy
MO2_GLO00062;Globestar;PERFORMER;21x8-9 Globestar PERFORMER;przemysłowe;Wózek widłowy;PEWNE;Wózek widłowy
MO2_GLO00060;Globestar;PERFORMER;6.00-9 Globestar PERFORMER;przemysłowe;Wózek widłowy;PEWNE;Wózek widłowy
MO2_GLO00059;Globestar;PERFORMER;18x7-8 Globestar PERFORMER;przemysłowe;Wózek widłowy;PEWNE;Wózek widłowy
MO2_GLO00058;Globestar;PERFORMER;5.00-8 Globestar PERFORMER;przemysłowe;Wózek widłowy;PEWNE;Wózek widłowy
MO2_GLO00048;Globestar;GLOBE;8.25-15 Globestar GLOBE;przemysłowe;Wózek widłowy;PEWNE;Wózek widłowy
MO2_GLO00041;Globestar;GLOBE;7.00-12 Globestar GLOBE;przemysłowe;Wózek widłowy;PEWNE;Wózek widłowy
MO2_GLO00011;Globestar;GLOBE;200/50-10 Globestar GLOBE;przemysłowe;Wózek widłowy;PEWNE;Wózek widłowy
MO2_GLO00006;Globestar;GLOBE;16x6-8 Globestar GLOBE;przemysłowe;Wózek widłowy;PEWNE;Wózek widłowy
MO2_PAR1405;Globestar;GRI GREEN XLR 65;600/65R28 Globestar GRI GREEN XLR 65 154D/157A8 TL;rolnicze;Wózek widłowy;WZORZEC;Wózek widłowy
MO2_999991670;JK Tyre;ST-02 STANDARD;5.00-8 JK Tyre ST-02 STANDARD;przemysłowe;Wózek widłowy;PEWNE;Wózek widłowy
MO2_999991669;JK Tyre;ST-02 PREMIUM;18x7-8 JK Tyre ST-02 PREMIUM;przemysłowe;Wózek widłowy;PEWNE;Wózek widłowy
MO2_1E41Z820150005GS10;JK Tyre;ST-02 PREMIUM;8.25-15 JK Tyre ST-02 PREMIUM;przemysłowe;Wózek widłowy;PEWNE;Wózek widłowy
MO2_1E41Z650100005GS20;JK Tyre;ST-02 PREMIUM;6.50-10 JK Tyre ST-02 PREMIUM;przemysłowe;Wózek widłowy;PEWNE;Wózek widłowy
MO2_1E41Z600090005FS10;JK Tyre;ST-01 STANDARD;6.00-9 JK Tyre ST-01 STANDARD;przemysłowe;Wózek widłowy;PEWNE;Wózek widłowy
MO2_1E41Z280150005GS10;JK Tyre;ST-01 PREMIUM;28x9-15 JK Tyre ST-01 PREMIUM;przemysłowe;Wózek widłowy;PEWNE;Wózek widłowy
MO2_1E41Z250150005GS20;JK Tyre;ST-02 PREMIUM;250-15 JK Tyre ST-02 PREMIUM;przemysłowe;Wózek widłowy;PEWNE;Wózek widłowy
MO2_1E41Z210090005GS20;JK Tyre;ST-02 PREMIUM;21x8-9 JK Tyre ST-02 PREMIUM;przemysłowe;Wózek widłowy;PEWNE;Wózek widłowy
MO2_1E3122501400600DX0;JK Tyre;INDUSTRIAL DX;25x8.50-14 JK Tyre INDUSTRIAL DX 107A2 6PR TL;rolnicze;Wózek widłowy;PEWNE;Wózek widłowy
MO2_1E3116000901000LT0;JK Tyre;JETLIFT;6.00-9 JK Tyre JETLIFT 10PR TT;przemysłowe;Wózek widłowy;PEWNE;Wózek widłowy
MO2_1E151700120165JLT0;JK Tyre;JETLIFT;7.00-12 JK Tyre JETLIFT 16PR TT;przemysłowe;Wózek widłowy;PEWNE;Wózek widłowy
MO2_1E1118201501600LT0;JK Tyre;JETLIFT;8.25-15 JK Tyre JETLIFT 16PR TT;przemysłowe;Wózek widłowy;PEWNE;Wózek widłowy
MO2_1E1118101501600LT0;JK Tyre;JETLIFT;8.15-15 JK Tyre JETLIFT 16PR TT;przemysłowe;Wózek widłowy;PEWNE;Wózek widłowy
MO2_1E1116501001400LT0;JK Tyre;JETLIFT;6.50-10 JK Tyre JETLIFT 14PR TT;przemysłowe;Wózek widłowy;PEWNE;Wózek widłowy
MO2_999991630;JK Tyre;AGRI KING 70 TORNEL;260/70R16 JK Tyre AGRI KING 70 TORNEL 109B TL;rolnicze;Wózek widłowy;WZORZEC;Wózek widłowy
MO2_999991629;JK Tyre;AGRI KING 70 TORNEL;280/70R18 JK Tyre AGRI KING 70 TORNEL 114B TL;rolnicze;Wózek widłowy;WZORZEC;Wózek widłowy
MO2_999991628;JK Tyre;AGRI KING 70 TORNEL;360/70R24 JK Tyre AGRI KING 70 TORNEL 122B TL;rolnicze;Wózek widłowy;WZORZEC;Wózek widłowy
MO2_999991627;JK Tyre;AGRI KING 70 TORNEL;380/70R28 JK Tyre AGRI KING 70 TORNEL 127B TL;rolnicze;Wózek widłowy;WZORZEC;Wózek widłowy
MO2_999991614;JK Tyre;AGRI GOLD;16.9R28 JK Tyre AGRI GOLD 139A6 TL;rolnicze;Wózek widłowy;WZORZEC;Wózek widłowy
MO2_999991607;JK Tyre;AGRI KING 65;480/65R28 JK Tyre AGRI KING 65 142D TL;rolnicze;Wózek widłowy;WZORZEC;Wózek widłowy
MO2_999991606;JK Tyre;JET TRAX SUPER II;33x15.50-16.5 JK Tyre JET TRAX SUPER II 14PR TL;rolnicze;Wózek widłowy;WZORZEC;Wózek widłowy
MO2_1G3321181K0148IMP0;JK Tyre;IMP 99;11.5/80-15.3 JK Tyre IMP 99 139A8 14PR TL;rolnicze;Wózek widłowy;WZORZEC;Wózek widłowy
MO2_1G3321071K0148IMP0;JK Tyre;IMP 99;10.0/75-15.3 JK Tyre IMP 99 130A8 14PR TL;rolnicze;Wózek widłowy;WZORZEC;Wózek widłowy
MO2_1E3124082401600V20;JK Tyre;VBH PLUS II;15.5/80-24 JK Tyre VBH PLUS II 162A8 TL;przemysłowe;Wózek widłowy;WZORZEC;Wózek widłowy
MO2_1E3123101500800T20;JK Tyre;JET TRAX SUPER II;31x15.50-15 JK Tyre JET TRAX SUPER II 132A2 8PR TL;rolnicze;Wózek widłowy;WZORZEC;Wózek widłowy
MO2_1E3121602801200V20;JK Tyre;VBH PLUS II;16.9-28 JK Tyre VBH PLUS II 152A8 12PR TL;przemysłowe;Wózek widłowy;WZORZEC;Wózek widłowy
MO2_1E3121401H01400T20;JK Tyre;JET TRAX SUPER II;14-17.5 JK Tyre JET TRAX SUPER II 155A2 14PR TL;przemysłowe;Wózek widłowy;WZORZEC;Wózek widłowy
MO2_1E3121001G01200TU0;JK Tyre;JET TRAX ULTIMA;10-16.5 JK Tyre JET TRAX ULTIMA 138A2 12PR TL;przemysłowe;Wózek widłowy;WZORZEC;Wózek widłowy
MO2_1E1121802601200V20;JK Tyre;VBH PLUS II;18.4-26 JK Tyre VBH PLUS II 156A8 12PR TL;przemysłowe;Wózek widłowy;WZORZEC;Wózek widłowy
MO2_1E1121602801400BP0;JK Tyre;V-BH PLUS;16.9-28 JK Tyre V-BH PLUS 156A8 14PR TL;przemysłowe;Wózek widłowy;WZORZEC;Wózek widłowy
MO2_16321750200086S3R0;JK Tyre;SONA1 3R;7.50-20 JK Tyre SONA1 3R 103A6 8PR TT;rolnicze;Wózek widłowy;WZORZEC;Wózek widłowy
MO2_163216001600600F90;JK Tyre;FF99;6.00-16 JK Tyre FF99 6PR TT;rolnicze;Wózek widłowy;WZORZEC;Wózek widłowy
MO2_1551242934142BA85J;JK Tyre;AGRI KING 85;16.9R34 JK Tyre AGRI KING 85 142B TL;rolnicze;Wózek widłowy;WZORZEC;Wózek widłowy
MO2_1551242930140BA85J;JK Tyre;AGRI KING 85 TORNEL;16.9R30 JK Tyre AGRI KING 85 TORNEL 140B TL;rolnicze;Wózek widłowy;WZORZEC;Wózek widłowy
MO2_1551242628133BA70J;JK Tyre;AGRI KING 70;420/70R28 JK Tyre AGRI KING 70 133B TL;rolnicze;Wózek widłowy;WZORZEC;Wózek widłowy
MO2_1551238624125BA70J;JK Tyre;AGRI KING 70;380/70R24 JK Tyre AGRI KING 70 125B TL;rolnicze;Wózek widłowy;WZORZEC;Wózek widłowy
MO2_1551232624116BA70J;JK Tyre;AGRI KING 70;320/70R24 JK Tyre AGRI KING 70 116B TL;rolnicze;Wózek widłowy;WZORZEC;Wózek widłowy
MO2_1551232620123BA70J;JK Tyre;AGRI KING 70;320/70R20 JK Tyre AGRI KING 70 123B TL;rolnicze;Wózek widłowy;WZORZEC;Wózek widłowy
MO2_1551228618114BA70J;JK Tyre;AGRI KING 70;280/70R18 JK Tyre AGRI KING 70 114B TL;rolnicze;Wózek widłowy;WZORZEC;Wózek widłowy
MO2_153129502200800J50;JK Tyre;JTR 45;9.5-22 JK Tyre JTR 45 110A6 8PR TL;rolnicze;Wózek widłowy;WZORZEC;Wózek widłowy
MO2_15312600120080TRM0;JK Tyre;TRAC MASTER;6.00-12 JK Tyre TRAC MASTER 84A6 8PR TL;rolnicze;Wózek widłowy;WZORZEC;Wózek widłowy
MO2_15312600120060TRM0;JK Tyre;TRAC MASTER;6.00-12 JK Tyre TRAC MASTER 6PR TL;rolnicze;Wózek widłowy;WZORZEC;Wózek widłowy
MO2_15312230260146TRM0;JK Tyre;TRAC MASTER;23.1-26 JK Tyre TRAC MASTER 156A6 14PR TL;rolnicze;Wózek widłowy;WZORZEC;Wózek widłowy
MO2_153121803001200J50;JK Tyre;JTR 45;18.4-30 JK Tyre JTR 45 149A6 12PR TL;rolnicze;Wózek widłowy;WZORZEC;Wózek widłowy
MO2_15311200380168TRM0;JK Tyre;TRAC MASTER;20.8-38 JK Tyre TRAC MASTER 16PR TT;rolnicze;Wózek widłowy;WZORZEC;Wózek widłowy
MO2_153111803801200J50;JK Tyre;JTR 45;18.4-38 JK Tyre JTR 45 153A6 12PR TT;rolnicze;Wózek widłowy;WZORZEC;Wózek widłowy
MO2_153111803401000J50;JK Tyre;JTR 45;18.4-34 JK Tyre JTR 45 146A6 10PR TT;rolnicze;Wózek widłowy;WZORZEC;Wózek widłowy
MO2_153111503801000J50;JK Tyre;JTR 45;15.5-38 JK Tyre JTR 45 138A6 10PR TT;rolnicze;Wózek widłowy;WZORZEC;Wózek widłowy
MO2_153111402801200J50;JK Tyre;JTR 45;14.9-28 JK Tyre JTR 45 137A6 12PR TT;rolnicze;Wózek widłowy;WZORZEC;Wózek widłowy
MO2_153111402800800J50;JK Tyre;JTR 45;14.9-28 JK Tyre JTR 45 130A6 8PR TT;rolnicze;Wózek widłowy;WZORZEC;Wózek widłowy
MO2_153111202800800J50;JK Tyre;JTR 45;12.4-28 JK Tyre JTR 45 123A6 8PR TT;rolnicze;Wózek widłowy;WZORZEC;Wózek widłowy
MO2_153111202400800J50;JK Tyre;JTR 45;12.4-24 JK Tyre JTR 45 121A6 8PR TT;rolnicze;Wózek widłowy;WZORZEC;Wózek widłowy
MO2_153111102800800J50;JK Tyre;JTR 45;11.2-28 JK Tyre JTR 45 118A6 8PR TT;rolnicze;Wózek widłowy;WZORZEC;Wózek widłowy
MO2_15151830200080SO10;JK Tyre;SONA-1 R-1 TRACTOR REAR;8.3-20 JK Tyre SONA-1 R-1 TRACTOR REAR 8PR TT;rolnicze;Wózek widłowy;WZORZEC;Wózek widłowy
MO2_15151050120040TRM0;JK Tyre;TRAC MASTER;5-12 JK Tyre TRAC MASTER TT;rolnicze;Wózek widłowy;WZORZEC;Wózek widłowy
MO2_125222461H018KUH50;JK Tyre;JETWAY JUH5;245/70R17.5 JK Tyre JETWAY JUH5 143/141J 3PMSF M+S;ciężarowe;Wózek widłowy;WZORZEC;Wózek widłowy
MO2_115323852C020KUCD0;JK Tyre;JETWAY JUC-XD;385/65R22.5 JK Tyre JETWAY JUC-XD 164K 3PMSF M+S;ciężarowe;Wózek widłowy;WZORZEC;Wózek widłowy
MO2_115223852C020KUH60;JK Tyre;JETWAY JUH6;385/65R22.5 JK Tyre JETWAY JUH6 164K/158L 3PMSF M+S;ciężarowe;Wózek widłowy;WZORZEC;Wózek widłowy
MO2_115221102C016LUL30;JK Tyre;JETWAY JUL3;11R22.5 JK Tyre JETWAY JUL3 146L/143L 3PMSF M+S;ciężarowe;Wózek widłowy;WZORZEC;Wózek widłowy
MO2_P884208318;Mitas;FL-08;250-15 Mitas FL-08 20PR TT;przemysłowe;Wózek widłowy;PEWNE;Wózek widłowy
MO2_P869208318;Mitas;FL-08;27x10-12 Mitas FL-08 20PR TT;przemysłowe;Wózek widłowy;PEWNE;Wózek widłowy
MO2_P861208318;Mitas;FL-08;23x9-10 Mitas FL-08 20PR TT;przemysłowe;Wózek widłowy;PEWNE;Wózek widłowy
MO2_P854168318;Mitas;FL-08;21x8-9 Mitas FL-08 16PR TT;przemysłowe;Wózek widłowy;PEWNE;Wózek widłowy
MO2_P848168318;Mitas;FL-08;18x7-8 Mitas FL-08 16PR TT;przemysłowe;Wózek widłowy;PEWNE;Wózek widłowy
MO2_P845168318;Mitas;FL-08;16x6-8 Mitas FL-08 16PR TT;przemysłowe;Wózek widłowy;PEWNE;Wózek widłowy
MO2_P769188318;Mitas;FL-08;8.25-15 Mitas FL-08 18PR TT;przemysłowe;Wózek widłowy;PEWNE;Wózek widłowy
MO2_P758168318;Mitas;FL-08;7.50-15 Mitas FL-08 16PR TT;przemysłowe;Wózek widłowy;PEWNE;Wózek widłowy
MO2_P744168318;Mitas;FL-08;7.00-12 Mitas FL-08 16PR TT;przemysłowe;Wózek widłowy;PEWNE;Wózek widłowy
MO2_P733148318;Mitas;FL-08;6.50-10 Mitas FL-08 14PR TT;przemysłowe;Wózek widłowy;PEWNE;Wózek widłowy
MO2_P727128318;Mitas;FL-08;6.00-9 Mitas FL-08 12PR TT;przemysłowe;Wózek widłowy;PEWNE;Wózek widłowy
MO2_P719108318;Mitas;FL-08;5.00-8 Mitas FL-08 10PR TT;przemysłowe;Wózek widłowy;PEWNE;Wózek widłowy
MO2_P717108318;Mitas;FL-08;4.00-8 Mitas FL-08 8PR TT;przemysłowe;Wózek widłowy;PEWNE;Wózek widłowy
MO2_MIWD150315705L080;Mitas;FL-08;300-15 Mitas FL-08 22PR TT;przemysłowe;Wózek widłowy;PEWNE;Wózek widłowy
MO3_23513TR;Trelleborg;EliteXP std;23x5-13 Trelleborg EliteXP std 60J;przemysłowe;Wózek widłowy;PEWNE;Wózek widłowy
MO2_AM84881685;Trelleborg;XP800;18x7-8 Trelleborg XP800;przemysłowe;Wózek widłowy;PEWNE;Wózek widłowy
MO9_101998;BKT;LG 306;23x10.50-12 BKT LG 306 12PR TL;przemysłowe;kosiarka/ogród;PEWNE;Kosiarka
MO9_98659;BKT;LG 306;23x8.5-12 BKT LG 306 8PR TL;rolnicze;kosiarka/ogród;PEWNE;Kosiarka
MO9_69044;BKT;LG 306;15x6.00-6 BKT LG 306 4PR TL;rolnicze;kosiarka/ogród;PEWNE;Kosiarka
MO9_57772;BKT;LG 306;13x5.00-6 BKT LG 306 4PR TL;rolnicze;kosiarka/ogród;PEWNE;Kosiarka
MO9_56138;BKT;LG 306;18x8.5-8 BKT LG 306 6PR TL;przemysłowe;kosiarka/ogród;PEWNE;Kosiarka
MO9_51978;BKT;LG 306;23x8.5-12 BKT LG 306 6PR TL;rolnicze;kosiarka/ogród;PEWNE;Kosiarka
MO9_48931;BKT;LG 306;20x8.00-10 BKT LG 306 4PR TL;rolnicze;kosiarka/ogród;PEWNE;Kosiarka
MO9_45914;BKT;LG 306;25x8.50-14 BKT LG 306 6PR TL;przemysłowe;kosiarka/ogród;PEWNE;Kosiarka
MO9_45894;BKT;LG RIB;13x5.00-6 BKT LG RIB 4PR TL;rolnicze;kosiarka/ogród;PEWNE;Kosiarka
MO9_45126;BKT;LG 408;26.5x14.00-12 BKT LG 408 6PR TL;przemysłowe;kosiarka/ogród;PEWNE;Kosiarka
MO9_42728;BKT;LG SMOOTH;20x10-10 BKT LG SMOOTH 6PR TL;rolnicze;kosiarka/ogród;PEWNE;Kosiarka
MO9_38580;BKT;LG 306;11x4.00-5 BKT LG 306 4PR TL;przemysłowe;kosiarka/ogród;PEWNE;Kosiarka
MO9_38369;BKT;LG 306;20x10-8 BKT LG 306 6PR TL;przemysłowe;kosiarka/ogród;PEWNE;Kosiarka
MO9_37974;BKT;GF 304;18x8.50-8 BKT GF 304 4PR TL;rolnicze;kosiarka/ogród;PEWNE;Kosiarka
MO9_30604;BKT;LG RIB;16x6.50-8 BKT LG RIB 4PR TL;rolnicze;kosiarka/ogród;PEWNE;Kosiarka
MO9_25823;BKT;LG 306;26x12-12 BKT LG 306 8PR TL;przemysłowe;kosiarka/ogród;PEWNE;Kosiarka
MO9_20480;BKT;LG 306;23x10.50-12 BKT LG 306 8PR TL;rolnicze;kosiarka/ogród;PEWNE;Kosiarka
MO9_20425;BKT;LG 306;31x15.5-15 BKT LG 306 4PR TL;rolnicze;kosiarka/ogród;PEWNE;Kosiarka
MO9_18261;BKT;LG 408;24x13.00-12 BKT LG 408 6PR TL;przemysłowe;kosiarka/ogród;PEWNE;Kosiarka
MO9_16483;BKT;LG 307 x10;20x12.00 BKT LG 307 x10 4PR TL;rolnicze;kosiarka/ogród;PEWNE;Kosiarka
MO9_15755;BKT;LG 306;18x9.5-8 BKT LG 306 6PR TL;przemysłowe;kosiarka/ogród;PEWNE;Kosiarka
MO9_12525;BKT;LG 306;16x6.50-8 BKT LG 306 6PR TL;rolnicze;kosiarka/ogród;PEWNE;Kosiarka
MO9_6880;BKT;LG 306;20x10.00-10 BKT LG 306 6PR TL;przemysłowe;kosiarka/ogród;PEWNE;Kosiarka
MO9_6823;BKT;LG RIB;15x6.00-6 BKT LG RIB 4PR TL;rolnicze;kosiarka/ogród;PEWNE;Kosiarka
MO9_6701;BKT;LG RIB;15x6.00-6 BKT LG RIB 6PR TL;rolnicze;kosiarka/ogród;PEWNE;Kosiarka
MO3_2485014BKTLG3064;BKT;LG 306;24x8.50-14 BKT LG 306 4PR TL;rolnicze;kosiarka/ogród;PEWNE;Kosiarka
MO3_27105015BKTLG30612;BKT;LG 306;27x10.50-15 BKT LG 306 12PR TL;rolnicze;kosiarka/ogród;PEWNE;Kosiarka
MO3_26120012BKTLG30614;BKT;LG 306;26x12.00-12 BKT LG 306 8PR TL;rolnicze;kosiarka/ogród;PEWNE;Kosiarka
MO3_31155015BR;Bridgestone;PD1;31x15.50-15 Bridgestone PD1 4PR TL;rolnicze;kosiarka/ogród;PEWNE;Kosiarka
MO3_4756520BR;Bridgestone;PD1;475/65-20 Bridgestone PD1 122A6 4PR TT;przemysłowe;kosiarka/ogród;PEWNE;Kosiarka
MO1_10004655;CEAT;Lawnmax;240/70R16 CEAT Lawnmax 104A8/104B TL;rolnicze;kosiarka/ogród;PEWNE;Kosiarka
MO1_10004654;CEAT;Lawnmax;240/60R12 CEAT Lawnmax 89A8/89B TL;rolnicze;kosiarka/ogród;PEWNE;Kosiarka
MO1_10004241;CEAT;Lawnmax;320/70R20 CEAT Lawnmax 113A8/113B TL;rolnicze;kosiarka/ogród;PEWNE;Kosiarka
MO1_10004228;CEAT;Lawnmax;360/70R24 CEAT Lawnmax 122A8/122B TL;rolnicze;kosiarka/ogród;PEWNE;Kosiarka
MO1_10004222;CEAT;Lawnmax;200/60R15 CEAT Lawnmax 83A8/83B TL;rolnicze;kosiarka/ogród;PEWNE;Kosiarka
MO1_10004221;CEAT;Lawnmax;215/65R14 CEAT Lawnmax 90A8/90B TL;rolnicze;kosiarka/ogród;PEWNE;Kosiarka
MO2_3068180442090400;Galaxy;MIGHTY MOW;44x18.00-20 Galaxy MIGHTY MOW 4PR TL;przemysłowe;kosiarka/ogród;PEWNE;Kosiarka
MO2_135433-33;Galaxy;MIGHTY MOW;17.5-24 Galaxy MIGHTY MOW 8PR TL;przemysłowe;kosiarka/ogród;PEWNE;Kosiarka
MO5_KARD080F16004LWG0;Kabat;LWG-02 Implement Klockowa;16x6.50-8 Kabat LWG-02 Implement Klockowa 73A4 6PR TL;rolnicze;kosiarka/ogród;PEWNE;Kosiarka
MO5_KARD080F160040000;Kabat;LWG-02 Implement Klockowa;16x6.50-8 Kabat LWG-02 Implement Klockowa 73A4 6PR TT;rolnicze;kosiarka/ogród;PEWNE;Kosiarka
MO5_KARD080189004LWG2;Kabat;LWG-02 Implement Klockowa;18x8.50-8 Kabat LWG-02 Implement Klockowa 82A4 6PR TL;rolnicze;kosiarka/ogród;PEWNE;Kosiarka
MO5_KARD080189004LWG0;Kabat;LWG-02 Implement Klockowa;18x8.50-8 Kabat LWG-02 Implement Klockowa 82A4 6PR TT;rolnicze;kosiarka/ogród;PEWNE;Kosiarka
MO5_KARD060156004LWG1;Kabat;LWG-02 Implement Klockowa;15x6.00-6 Kabat LWG-02 Implement Klockowa 73A4 6PR TT;rolnicze;kosiarka/ogród;PEWNE;Kosiarka
MO4_KARD080F16004LWG0;Kabat;LWG-02 Implement Klockowa;16x6.50-8 Kabat LWG-02 Implement Klockowa 73A4 6PR TL;rolnicze;kosiarka/ogród;PEWNE;Kosiarka
MO4_KARD080F160040000;Kabat;LWG-02 Implement Klockowa;16x6.50-8 Kabat LWG-02 Implement Klockowa 73A4 6PR TT;rolnicze;kosiarka/ogród;PEWNE;Kosiarka
MO4_KARD080189004LWG2;Kabat;LWG-02 Implement Klockowa;18x8.50-8 Kabat LWG-02 Implement Klockowa 82A4 6PR TL;rolnicze;kosiarka/ogród;PEWNE;Kosiarka
MO4_KARD080189004LWG0;Kabat;LWG-02 Implement Klockowa;18x8.50-8 Kabat LWG-02 Implement Klockowa 82A4 6PR TT;rolnicze;kosiarka/ogród;PEWNE;Kosiarka
MO4_KARD060156004LWG1;Kabat;LWG-02 Implement Klockowa;15x6.00-6 Kabat LWG-02 Implement Klockowa 73A4 6PR TT;rolnicze;kosiarka/ogród;PEWNE;Kosiarka
MO2_KOIM81885062T;Kabat;LWG-02 IMP KLOCKOWA;18x8.50-8 Kabat LWG-02 IMP KLOCKOWA 6PR TT;rolnicze małe;kosiarka/ogród;PEWNE;Kosiarka
MO2_KOIM81885062L;Kabat;LWG-02 IMP KLOCKOWA;18x8.50-8 Kabat LWG-02 IMP KLOCKOWA 6PR TL;rolnicze małe;kosiarka/ogród;PEWNE;Kosiarka
MO5_HLRD120238006MG50;MRL;MG 54 -WIDE;23x8.50-12 MRL MG 54 -WIDE 102A6/106A3 12PR TL;rolnicze;kosiarka/ogród;PEWNE;Kosiarka
MO5_HLRD080F16003MG50;MRL;MG 54 -WIDE;16x6.50-8 MRL MG 54 -WIDE 72A3 6PR TL;rolnicze;kosiarka/ogród;PEWNE;Kosiarka
MO4_HLRD120238006MG50;MRL;MG 54 -WIDE;23x8.50-12 MRL MG 54 -WIDE 102A6/106A3 12PR TL;rolnicze;kosiarka/ogród;PEWNE;Kosiarka
MO4_HLRD080F16003MG50;MRL;MG 54 -WIDE;16x6.50-8 MRL MG 54 -WIDE 72A3 6PR TL;rolnicze;kosiarka/ogród;PEWNE;Kosiarka
MO4_HLRD080189003MGC0;MRL;MG 41 SAW TOOTH;18x8.50-8 MRL MG 41 SAW TOOTH 82A3 6PR TL;rolnicze;kosiarka/ogród;PEWNE;Kosiarka
MO5_MIRD150E50008TS60;Mitas;TS-06;5.00-15 Mitas TS-06 84A8/71A8 6PR TT;rolnicze;kosiarka/ogród;PEWNE;Kosiarka
MO5_MIRD150180008TS70;Mitas;TS-07;690x180-15 Mitas TS-07 100A8/88A8 4PR TT;rolnicze;kosiarka/ogród;PEWNE;Kosiarka
MO5_MIRD120E50000B1S2;Mitas;B-12;5.00-12 Mitas B-12 4PR TT;rolnicze;kosiarka/ogród;PEWNE;Kosiarka
MO5_MIRD120E40000B1S2;Mitas;B-12;4.00-12 Mitas B-12 4PR TT;rolnicze;kosiarka/ogród;PEWNE;Kosiarka
MO5_MIRD120D65808TS66;Mitas;TS-06;50/80-12 Mitas TS-06 89A8/76A8 6PR TT;rolnicze;kosiarka/ogród;PEWNE;Kosiarka
MO5_MIRD100E50000B1A1;Mitas;B-16;5.00-10 Mitas B-16 4PR TT;rolnicze;kosiarka/ogród;PEWNE;Kosiarka
MO5_MIRD100E40000B1S3;Mitas;B-12;4.00-10 Mitas B-12 4PR TT;rolnicze;kosiarka/ogród;PEWNE;Kosiarka
MO5_MIRD100E40000B1S2;Mitas;B-12;4.00-10 Mitas B-12 2PR TT;rolnicze;kosiarka/ogród;PEWNE;Kosiarka
MO5_MIRD080F18000B633;Mitas;B-63;18.5x8.50-8 Mitas B-63 12PR TL;rolnicze;kosiarka/ogród;PEWNE;Kosiarka
MO5_MIRD080F16000B195;Mitas;B-19;16x6.50-8 Mitas B-19 12PR TL;rolnicze;kosiarka/ogród;PEWNE;Kosiarka
MO5_MIRD080E40000V551;Mitas;V-5501;4.00-8 Mitas V-5501 2PR TT;rolnicze;kosiarka/ogród;PEWNE;Kosiarka
MO5_MIRD080E40000V550;Mitas;V-5501;4.00-8 Mitas V-5501 4PR TT;rolnicze;kosiarka/ogród;PEWNE;Kosiarka
MO5_MIRD080E40000B1S2;Mitas;B-12;4.00-8 Mitas B-12 4PR TT;rolnicze;kosiarka/ogród;PEWNE;Kosiarka
MO5_MIRD080E35000V551;Mitas;V-5501;3.50-8 Mitas V-5501 4PR TT;rolnicze;kosiarka/ogród;PEWNE;Kosiarka
MO5_MIRD080E35000B1A1;Mitas;B-16;3.50-8 Mitas B-16 4PR TT;rolnicze;kosiarka/ogród;PEWNE;Kosiarka
MO5_MIRD080E35000B151;Mitas;B-15;3.50-8 Mitas B-15 4PR TT;rolnicze;kosiarka/ogród;PEWNE;Kosiarka
MO5_MIRD080E35000B111;Mitas;B-11;3.50-8 Mitas B-11 4PR TT;rolnicze;kosiarka/ogród;PEWNE;Kosiarka
MO5_MIRD060E40000V552;Mitas;V-5501;4.00-6 Mitas V-5501 6PR TT;rolnicze;kosiarka/ogród;PEWNE;Kosiarka
MO5_MIRD060E40000V551;Mitas;V-5501;4.00-6 Mitas V-5501 4PR TT;rolnicze;kosiarka/ogród;PEWNE;Kosiarka
MO5_MIRD060E35000B1A1;Mitas;B-16;3.50-6 Mitas B-16 4PR TT;rolnicze;kosiarka/ogród;PEWNE;Kosiarka
MO5_MIRD06013A000B1S1;Mitas;B-12;13x5.00-6 Mitas B-12 4PR TL;rolnicze;kosiarka/ogród;PEWNE;Kosiarka
MO5_MIRD06013A000B193;Mitas;B-19;13x5.00-6 Mitas B-19 8PR TL;rolnicze;kosiarka/ogród;PEWNE;Kosiarka
MO5_MIPD140D63005SN00;Mitas;SNOWTRAC;6.3-14 Mitas SNOWTRAC 114A5 10PR TT;rolnicze;kosiarka/ogród;PEWNE;Kosiarka
MO5_MIPD130E60006SN00;Mitas;SNOWTRAC;6.00-13 Mitas SNOWTRAC 10PR TT;rolnicze;kosiarka/ogród;PEWNE;Kosiarka
MO5_MIPD120E55006SN00;Mitas;SNOWTRAC;5.50-12 Mitas SNOWTRAC 93A6 10PR TT;rolnicze;kosiarka/ogród;PEWNE;Kosiarka
MO4_MIRD120E40000B1S2;Mitas;B-12;4.00-12 Mitas B-12 4PR TT;rolnicze;kosiarka/ogród;PEWNE;Kosiarka
MO4_MIRD100E50000B1A1;Mitas;B-16;5.00-10 Mitas B-16 4PR TT;rolnicze;kosiarka/ogród;PEWNE;Kosiarka
MO4_MIRD080F18000B633;Mitas;B-63;18.5x8.50-8 Mitas B-63 12PR TL;rolnicze;kosiarka/ogród;PEWNE;Kosiarka
MO4_MIRD080F16000B195;Mitas;B-19;16x6.50-8 Mitas B-19 12PR TL;rolnicze;kosiarka/ogród;PEWNE;Kosiarka
MO4_MIRD080E40000V551;Mitas;V-5501;4.00-8 Mitas V-5501 2PR TT;rolnicze;kosiarka/ogród;PEWNE;Kosiarka
MO4_MIRD080E40000B1S2;Mitas;B-12;4.00-8 Mitas B-12 4PR TT;rolnicze;kosiarka/ogród;PEWNE;Kosiarka
MO4_MIRD080E35000V551;Mitas;V-5501;3.50-8 Mitas V-5501 4PR TT;rolnicze;kosiarka/ogród;PEWNE;Kosiarka
MO4_MIRD080E35000B151;Mitas;B-15;3.50-8 Mitas B-15 4PR TT;rolnicze;kosiarka/ogród;PEWNE;Kosiarka
MO4_MIRD060E40000V552;Mitas;V-5501;4.00-6 Mitas V-5501 6PR TT;rolnicze;kosiarka/ogród;PEWNE;Kosiarka
MO4_MIRD060E40000V551;Mitas;V-5501;4.00-6 Mitas V-5501 4PR TT;rolnicze;kosiarka/ogród;PEWNE;Kosiarka
MO4_MIRD060E40000B111;Mitas;B-11;4.00-6 Mitas B-11 6PR TT;rolnicze;kosiarka/ogród;PEWNE;Kosiarka
MO4_MIRD06013A000B1S1;Mitas;B-12;13x5.00-6 Mitas B-12 4PR TL;rolnicze;kosiarka/ogród;PEWNE;Kosiarka
MO4_MIRD06013A000B193;Mitas;B-19;13x5.00-6 Mitas B-19 8PR TL;rolnicze;kosiarka/ogród;PEWNE;Kosiarka
MO2_5001516580000;Mitas;TS05;10.0/75-15.3 Mitas TS05 10PR TL;rolnicze;kosiarka/ogród;PEWNE;Kosiarka
MO2_5001516050000;Mitas;TS05;11.5/80-15.3 Mitas TS05 14PR TL;rolnicze;kosiarka/ogród;PEWNE;Kosiarka
MO2_5001506710000;Mitas;AC30;28x9.00-15 Mitas AC30 6PR TT;rolnicze;kosiarka/ogród;PEWNE;Kosiarka
MO2_5001506500000;Mitas;TS04;7.50-20 Mitas TS04 6PR TT;rolnicze;kosiarka/ogród;PEWNE;Kosiarka
MO2_5001506260000;Mitas;TS07;690x180-15 Mitas TS07 4PR TT;rolnicze;kosiarka/ogród;PEWNE;Kosiarka
MO2_5001506160000;Mitas;TS06;90-15 Mitas TS06 6PR TT;rolnicze;kosiarka/ogród;PEWNE;Kosiarka
MO2_5001506110000;Mitas;TS-06;80-12 Mitas TS-06 6PR TT;rolnicze;kosiarka/ogród;PEWNE;Kosiarka
MO2_5001506080000;Mitas;TS02;5.00-12 Mitas TS02 6PR TT;rolnicze;kosiarka/ogród;PEWNE;Kosiarka
MO2_5001504870000;Mitas;TS06;5.00-15 Mitas TS06 6PR TT;rolnicze;kosiarka/ogród;PEWNE;Kosiarka
MO2_5001504570000;Mitas;TS04;6.00-16 Mitas TS04 8PR TT;rolnicze;kosiarka/ogród;PEWNE;Kosiarka
MO2_2000025280101;Mitas;K-01;11/7.10-5 Mitas K-01 24J TL;rolnicze;kosiarka/ogród;PEWNE;Kosiarka
MO2_11606000;Mitas;B19;16x6.50-8 Mitas B19 10PR TL;rolnicze;kosiarka/ogród;PEWNE;Kosiarka
MO2_11605900;Mitas;B19;16x6.50-8 Mitas B19 6PR TL;rolnicze;kosiarka/ogród;PEWNE;Kosiarka
MO2_11468000;Mitas;B12;4.00-10 Mitas B12 2PR TT;rolnicze;kosiarka/ogród;PEWNE;Kosiarka
MO2_11467900;Mitas;B18;80-12 Mitas B18 4PR TT;rolnicze;kosiarka/ogród;PEWNE;Kosiarka
MO5_MIRD080F16000B196;Mitas;B-19;16x6.50-8 Mitas B-19 6PR TL;rolnicze;kosiarka/ogród;PEWNE;Kosiarka
MO5_MIRD060E40000B111;Mitas;B-11;4.00-6 Mitas B-11 6PR TT;rolnicze;kosiarka/ogród;PEWNE;Kosiarka
MO2_IND00342;Speedways;POWERPLUS;20.5x8.00-10 Speedways POWERPLUS 10PR TL;rolnicze;kosiarka/ogród;PEWNE;Kosiarka
MO2_IND00341;Speedways;POWERPLUS HD;18x8.50-8 Speedways POWERPLUS HD 6PR TL;rolnicze;kosiarka/ogród;PEWNE;Kosiarka
MO2_IND00325;Speedways;POWERPLUS HD;18x8.50-8 Speedways POWERPLUS HD 10PR TL;rolnicze;kosiarka/ogród;PEWNE;Kosiarka
MO2_IND00136;Speedways;TRACKING;16x6.50-8 Speedways TRACKING 10PR TL;rolnicze;kosiarka/ogród;PEWNE;Kosiarka
MO2_IND00135;Speedways;TRACKING;16x6.50-8 Speedways TRACKING 6PR TL;rolnicze;kosiarka/ogród;PEWNE;Kosiarka
MO2_IND00134;Speedways;TRACKING;15x6.00-6 Speedways TRACKING 10PR TL;rolnicze;kosiarka/ogród;PEWNE;Kosiarka
MO2_IND00133;Speedways;TRACKING;15x6.00-6 Speedways TRACKING 6PR TL;rolnicze;kosiarka/ogród;PEWNE;Kosiarka
MO5_TRRD080191000TDR0;Trelleborg;DRIVER;18x9.50-8 Trelleborg DRIVER 4PR TL;rolnicze;kosiarka/ogród;PEWNE;Kosiarka
MO5_TRRD040114000T7S0;Trelleborg;537S;11x4.00-4 Trelleborg -537S 2PR TL;rolnicze;kosiarka/ogród;PEWNE;Kosiarka
MO3_23105012TR;Trelleborg;T463;23x10.50-12 Trelleborg T463 10PR TL;rolnicze;kosiarka/ogród;PEWNE;Kosiarka
MO3_2385012TR;Trelleborg;T463;23x8.50-12 Trelleborg T463 10PR TL;przemysłowe;kosiarka/ogród;PEWNE;Kosiarka
MO2_1472500;Trelleborg;T539;220/60-12 Trelleborg T539 88A8 TL;rolnicze małe;kosiarka/ogród;PEWNE;Kosiarka
MO2_1169800;Trelleborg;T539;4.10-4 Trelleborg T539 6PR TT;rolnicze małe;kosiarka/ogród;PEWNE;Kosiarka
MO8_10557200;Trelleborg;T539;20x8.00-8 Trelleborg T539 4PR TL;rolnicze;kosiarka/ogród;PEWNE;Kosiarka
MO8_6140600;Trelleborg;T539;18x7.50-8 Trelleborg T539 2PR TT;rolnicze;kosiarka/ogród;PEWNE;Kosiarka
MO8_6140400;Trelleborg;T539 GRIP;15x6.00-6 Trelleborg T539 GRIP 4PR TT;rolnicze;kosiarka/ogród;PEWNE;Kosiarka
MO8_6140500;Trelleborg;T539;13x5.00-6 Trelleborg T539 4PR TT;rolnicze;kosiarka/ogród;PEWNE;Kosiarka
MO8_11233600;Trelleborg;T539 HS;16.5x6.5-8 Trelleborg T539 HS 72J TL;rolnicze;kosiarka/ogród;PEWNE;Kosiarka
MO8_1148800;Trelleborg;T539 HS;16.5x6.5-8 Trelleborg T539 HS 64J TL;rolnicze;kosiarka/ogród;PEWNE;Kosiarka
MO8_1472100;Trelleborg;T539 SOFT GRIP;380/60-15 Trelleborg T539 SOFT GRIP 114A8 TL;rolnicze;kosiarka/ogród;PEWNE;Kosiarka
MO8_11221700;Trelleborg;T539;320/70-15 Trelleborg T539 122A8 TL;rolnicze;kosiarka/ogród;PEWNE;Kosiarka
MO8_1472500;Trelleborg;T539 SOFT GRIP;220/60-12 Trelleborg T539 SOFT GRIP 88A8 TL;rolnicze;kosiarka/ogród;PEWNE;Kosiarka
MO8_1444000;Trelleborg;DRIVER;23x10.50-12 Trelleborg DRIVER 6PR TL;rolnicze;kosiarka/ogród;PEWNE;Kosiarka
MO8_1150400;Trelleborg;T539;23x10.50-12 Trelleborg T539 4PR TL;rolnicze;kosiarka/ogród;PEWNE;Kosiarka
MO8_1150200;Trelleborg;T539 GT;20x8.00-10 Trelleborg T539 GT 4PR TL;rolnicze;kosiarka/ogród;PEWNE;Kosiarka
MO8_1443600;Trelleborg;T539;20x8.00-8 Trelleborg T539 4PR TL;rolnicze;kosiarka/ogród;PEWNE;Kosiarka
MO8_1443800;Trelleborg;DRIVER;18x9.50-8 Trelleborg DRIVER 4PR TL;rolnicze;kosiarka/ogród;PEWNE;Kosiarka
MO8_1149600;Trelleborg;T539;18x8.50-8 Trelleborg T539 4PR TL;rolnicze;kosiarka/ogród;PEWNE;Kosiarka
MO8_1194600;Trelleborg;T539;18x7.50-8 Trelleborg T539 2PR TL;rolnicze;kosiarka/ogród;PEWNE;Kosiarka
MO8_1443500;Trelleborg;T539;16x7.50-8 Trelleborg T539 4PR TL;rolnicze;kosiarka/ogród;PEWNE;Kosiarka
MO8_6467500;Trelleborg;T539 GRIP;16x6.50-8 Trelleborg T539 GRIP 4PR TL;rolnicze;kosiarka/ogród;PEWNE;Kosiarka
MO8_6467200;Trelleborg;T539 GRIP;100/65-6 Trelleborg T539 GRIP 24A8 TL;rolnicze;kosiarka/ogród;PEWNE;Kosiarka
MO8_1169900;Trelleborg;T539 GRIP;15x6.00-6 Trelleborg T539 GRIP 4PR TL;rolnicze;kosiarka/ogród;PEWNE;Kosiarka
MO8_1298800;Trelleborg;T539;13x5.00-6 Trelleborg T539 4PR TL;rolnicze;kosiarka/ogród;PEWNE;Kosiarka
MO8_1148200;Trelleborg;T537S;11x4.00-4 Trelleborg T537S 2PR TL;rolnicze;kosiarka/ogród;PEWNE;Kosiarka
MO8_1467500;Trelleborg;T539;23x12.50-12 Trelleborg T539 6PR TL;rolnicze;kosiarka/ogród;PEWNE;Kosiarka
MO8_1444600;Trelleborg;T539 GREY;23x8.50-12 Trelleborg T539 GREY 10PR TT;rolnicze;kosiarka/ogród;PEWNE;Kosiarka
MO8_1159700;Trelleborg;T539 GREY;3.00-8 Trelleborg T539 GREY 2PR TT;rolnicze;kosiarka/ogród;PEWNE;Kosiarka
MO8_12754500;Trelleborg;T539 EWR;13x5.00-6 Trelleborg T539 EWR 6PR TL;rolnicze;kosiarka/ogród;PEWNE;Kosiarka
MO8_1300000;Trelleborg;T539;13x5.00-6 Trelleborg T539 6PR TL;rolnicze;kosiarka/ogród;PEWNE;Kosiarka
MO8_1481700;Trelleborg;T539;100/100-4 Trelleborg T539 60A8 TT;rolnicze;kosiarka/ogród;PEWNE;Kosiarka
MO8_1169800;Trelleborg;T539;10/3.50-4 Trelleborg T539 6PR TT;rolnicze;kosiarka/ogród;PEWNE;Kosiarka
MO8_1443700;Trelleborg;T463;400/50-15 Trelleborg T463 135A8 TL;rolnicze;kosiarka/ogród;PEWNE;Kosiarka
MO8_11789000;Trelleborg;T463 Flot;29x12.50-15 Trelleborg T463 Flot 90B/99A3 TL;rolnicze;kosiarka/ogród;PEWNE;Kosiarka
MO8_1151000;Trelleborg;T539;26x12.00-12 Trelleborg T539 8PR TT;rolnicze;kosiarka/ogród;PEWNE;Kosiarka
MO8_6151100;Trelleborg;T539;26x12.00-12 Trelleborg T539 8PR TL;rolnicze;kosiarka/ogród;PEWNE;Kosiarka
MO8_1169500;Trelleborg;T463;26x12.00-12 Trelleborg T463 8PR TL;rolnicze;kosiarka/ogród;PEWNE;Kosiarka
MO8_1464900;Trelleborg;T463;23x10.50-12 Trelleborg T463 10PR TL;rolnicze;kosiarka/ogród;PEWNE;Kosiarka
MO8_1227900;Trelleborg;T539;23x10.50-12 Trelleborg T539 6PR TL;rolnicze;kosiarka/ogród;PEWNE;Kosiarka
MO8_1465600;Trelleborg;T463;23x10.50-12 Trelleborg T463 4PR TL;rolnicze;kosiarka/ogród;PEWNE;Kosiarka
MO8_6150600;Trelleborg;T539;23x8.50-12 Trelleborg T539 10PR TT;rolnicze;kosiarka/ogród;PEWNE;Kosiarka
MO8_6146100;Trelleborg;T463;23x8.50-12 Trelleborg T463 10PR TL;rolnicze;kosiarka/ogród;PEWNE;Kosiarka
MO8_1146200;Trelleborg;T463;23x8.50-12 Trelleborg T463 4PR TL;rolnicze;kosiarka/ogród;PEWNE;Kosiarka
MO8_1150000;Trelleborg;T539;20x10.00-10 Trelleborg T539 6PR TL;rolnicze;kosiarka/ogród;PEWNE;Kosiarka
MO8_10871100;Trelleborg;T539;20.5x8.00-10 Trelleborg T539 10PR TL;rolnicze;kosiarka/ogród;PEWNE;Kosiarka
MO8_1150300;Trelleborg;T539;20x8.00-10 Trelleborg T539 6PR TL;rolnicze;kosiarka/ogród;PEWNE;Kosiarka
MO8_0579600;Trelleborg;T463 PLUS;220/60-8 Trelleborg T463 PLUS 74A8 TL;rolnicze;kosiarka/ogród;PEWNE;Kosiarka
MO8_6150100;Trelleborg;T539;20x10.00-8 Trelleborg T539 6PR TT;rolnicze;kosiarka/ogród;PEWNE;Kosiarka
MO8_6170400;Trelleborg;T539;18x8.50-8 Trelleborg T539 6PR TT;rolnicze;kosiarka/ogród;PEWNE;Kosiarka
MO8_1170000;Trelleborg;T539;16x6.50-8 Trelleborg T539 6PR TT;rolnicze;kosiarka/ogród;PEWNE;Kosiarka
MO8_1194200;Trelleborg;T539;140-6 Trelleborg T539 6PR TT;rolnicze;kosiarka/ogród;PEWNE;Kosiarka
MO2_83900020AL-IG;Alliance;839;11.00-20 Alliance 839 16PR TT;przemysłowe;maszyny górnicze;PEWNE;Maszyny górnicze/kamieniołomy
MO2_83900010AL-IG;Alliance;839;10.00-20 Alliance 839 16PR TT;przemysłowe;maszyny górnicze;PEWNE;Maszyny górnicze/kamieniołomy
MO2_70500004AL-IG;Alliance;705;26.5R25 Alliance 705 209A2 TL;przemysłowe;maszyny górnicze;PEWNE;Maszyny górnicze/kamieniołomy
MO2_70410001AL-IG;Alliance;704;23.5R25 Alliance 704 185B/201A2 TL;przemysłowe;maszyny górnicze;PEWNE;Maszyny górnicze/kamieniołomy
MO2_70310001AL-IG;Alliance;703;23.5R25 Alliance 703 185B/201A2 TL;przemysłowe;maszyny górnicze;PEWNE;Maszyny górnicze/kamieniołomy
MO2_30910280AL-IG;Alliance;309;14.00-24 Alliance 309 28PR TL;przemysłowe;maszyny górnicze;PEWNE;Maszyny górnicze/kamieniołomy
MO2_30800800AL-IN;Alliance;308;15.5-25 Alliance 308 12PR TL;przemysłowe;maszyny górnicze;PEWNE;Maszyny górnicze/kamieniołomy
MO2_30700050AL-IG;Alliance;307;17.5-25 Alliance 307 16PR TL;przemysłowe;maszyny górnicze;PEWNE;Maszyny górnicze/kamieniołomy
MO2_30700019AL-IG;Alliance;307;14.00-24 Alliance 307 16PR TL;przemysłowe;maszyny górnicze;PEWNE;Maszyny górnicze/kamieniołomy
MO2_30700018AL-IG;Alliance;307;14.00-24 Alliance 307 12PR TL;przemysłowe;maszyny górnicze;PEWNE;Maszyny górnicze/kamieniołomy
MO2_30612809AL-IN;Alliance;306;17.5-25 Alliance 306 16PR TL;przemysłowe;maszyny górnicze;PEWNE;Maszyny górnicze/kamieniołomy
MO2_30610407AL-IN;Alliance;306;14.00-24 Alliance 306 16PR TL;przemysłowe;maszyny górnicze;PEWNE;Maszyny górnicze/kamieniołomy
MO1_15272572;Alliance;318;20.5-25 Alliance 318 170B 20PR TL;rolnicze;maszyny górnicze;PEWNE;Maszyny górnicze/kamieniołomy
MO1_15272542;Alliance;308;17.5-25 Alliance 308 158B 16PR TL;rolnicze;maszyny górnicze;PEWNE;Maszyny górnicze/kamieniołomy
MO1_10003672;Alliance;704;23.5R25 Alliance 704 201A2/185B TL;rolnicze;maszyny górnicze;PEWNE;Maszyny górnicze/kamieniołomy
MO1_10003623;Alliance;704;26.5R25 Alliance 704 209A2/193B TL;rolnicze;maszyny górnicze;PEWNE;Maszyny górnicze/kamieniołomy
MO1_10003620;Alliance;703;23.5R25 Alliance 703 201A2/185B TL;rolnicze;maszyny górnicze;PEWNE;Maszyny górnicze/kamieniołomy
MO1_10001611;Alliance;839;10.00-20 Alliance 839 148B 16PR TT;rolnicze;maszyny górnicze;PEWNE;Maszyny górnicze/kamieniołomy
MO9_107116;BKT;LOADER SPL L-5;35/65-33 BKT LOADER SPL L-5 42PR TL;przemysłowe;maszyny górnicze;PEWNE;Maszyny górnicze/kamieniołomy
MO9_102605;BKT;EARTHMAX SR 50 L5;26.5R25 BKT EARTHMAX SR 50 L5 TL;przemysłowe;maszyny górnicze;PEWNE;Maszyny górnicze/kamieniołomy
MO9_102383;BKT;EARTHMAX SR41 CR E4**;29.5R25 BKT EARTHMAX SR41 CR E4**;przemysłowe;maszyny górnicze;PEWNE;Maszyny górnicze/kamieniołomy
MO9_99888;BKT;EARTHMAX SR 33;335/80R20 BKT EARTHMAX SR 33 150K;przemysłowe;maszyny górnicze;PEWNE;Maszyny górnicze/kamieniołomy
MO9_99398;BKT;EARTHMAX SR412 E4** L4* CR;750/65R25 BKT EARTHMAX SR412 E4** L4* CR;przemysłowe;maszyny górnicze;PEWNE;Maszyny górnicze/kamieniołomy
MO9_69596;BKT;EM 936 ZESTAW-SET;8.25x20 BKT EM 936 ZESTAW-SET 14PR TT;przemysłowe;maszyny górnicze;PEWNE;Maszyny górnicze/kamieniołomy
MO9_69580;BKT;EM 936 ZESTAW-SET;10.00x20 BKT EM 936 ZESTAW-SET 16PR TT;przemysłowe;maszyny górnicze;PEWNE;Maszyny górnicze/kamieniołomy
MO9_66275;BKT;Earthmax SR 35 E-3** CR;650/65R25 BKT Earthmax SR 35 E-3** CR 180B TL;przemysłowe;maszyny górnicze;PEWNE;Maszyny górnicze/kamieniołomy
MO9_64286;BKT;EARTHMAX SR31 L3* E3**;23.5R25 BKT EARTHMAX SR31 L3* E3** TL;przemysłowe;maszyny górnicze;PEWNE;Maszyny górnicze/kamieniołomy
MO9_60037;BKT;EARTHMAX SR 45 E4**C.R.;24.00R35 BKT EARTHMAX SR 45 E4**C.R. TL;przemysłowe;maszyny górnicze;PEWNE;Maszyny górnicze/kamieniołomy
MO9_59529;BKT;EARTHMAX SR 53 CR L5*;20.5R25 BKT EARTHMAX SR 53 CR L5* 186A2 TL;przemysłowe;maszyny górnicze;PEWNE;Maszyny górnicze/kamieniołomy
MO9_57557;BKT;Earthmax SR 51 L5*;20.5R25 BKT Earthmax SR 51 L5* 186A2 TL;przemysłowe;maszyny górnicze;PEWNE;Maszyny górnicze/kamieniołomy
MO9_56911;BKT;EM 936;16.0/70x20 BKT EM 936 14PR TL;przemysłowe;maszyny górnicze;PEWNE;Maszyny górnicze/kamieniołomy
MO9_52519;BKT;XL GRIP PORT IND-3;12.00x24 BKT XL GRIP PORT IND-3 189A2 24PR TT;przemysłowe;maszyny górnicze;PEWNE;Maszyny górnicze/kamieniołomy
MO9_50624;BKT;XL GRIP IND-3;16.00x25 BKT XL GRIP IND-3 32PR TL;przemysłowe;maszyny górnicze;PEWNE;Maszyny górnicze/kamieniołomy
MO9_48489;BKT;EM 936;11.00x20 BKT EM 936 16PR TT;przemysłowe;maszyny górnicze;PEWNE;Maszyny górnicze/kamieniołomy
MO9_46526;BKT;EM 936;9.00x20 BKT EM 936 14PR TT;przemysłowe;maszyny górnicze;PEWNE;Maszyny górnicze/kamieniołomy
MO9_45281;BKT;Earthmax SR 51 L5*;17.5R25 BKT Earthmax SR 51 L5* 176A2 TL;przemysłowe;maszyny górnicze;PEWNE;Maszyny górnicze/kamieniołomy
MO9_35198;BKT;EM 936;16.0/70x24 BKT EM 936 14PR TL;przemysłowe;maszyny górnicze;PEWNE;Maszyny górnicze/kamieniołomy
MO9_34771;BKT;Earthmax SR 30 L3* E3**;20.5R25 BKT Earthmax SR 30 L3* E3** 186A2/177B TL;przemysłowe;maszyny górnicze;PEWNE;Maszyny górnicze/kamieniołomy
MO9_34051;BKT;EARTHMAX SR 41 E4** L4*;26.5R25 BKT EARTHMAX SR 41 E4** L4*;przemysłowe;maszyny górnicze;PEWNE;Maszyny górnicze/kamieniołomy
MO9_33947;BKT;XL GRIP DOT;18.00x25 BKT XL GRIP DOT 40PR TL;przemysłowe;maszyny górnicze;PEWNE;Maszyny górnicze/kamieniołomy
MO9_33267;BKT;XL GRIP DOT;18.00x33 BKT XL GRIP DOT 40PR TL;przemysłowe;maszyny górnicze;PEWNE;Maszyny górnicze/kamieniołomy
MO9_30437;BKT;EARTHMAX SR30 E;17.5R25 BKT EARTHMAX SR30 E TL;przemysłowe;maszyny górnicze;PEWNE;Maszyny górnicze/kamieniołomy
MO9_30276;BKT;XL GRIP;17.5x25 BKT XL GRIP 16PR TL;przemysłowe;maszyny górnicze;PEWNE;Maszyny górnicze/kamieniołomy
MO9_27435;BKT;XL GRIP;23.5x25 BKT XL GRIP 24PR TL;przemysłowe;maszyny górnicze;PEWNE;Maszyny górnicze/kamieniołomy
MO9_27416;BKT;XL GRIP;23.5x25 BKT XL GRIP 20PR TL;przemysłowe;maszyny górnicze;PEWNE;Maszyny górnicze/kamieniołomy
MO9_27253;BKT;EARTH MAX SR 51 L-5 DOT2016;23.5R25 BKT EARTH MAX SR 51 L-5 DOT2016 TL;przemysłowe;maszyny górnicze;PEWNE;Maszyny górnicze/kamieniołomy
MO9_25651;BKT;EARTHMAX SR 30 L3* E3**;15.5R25 BKT EARTHMAX SR 30 L3* E3** 169A2/160B TL;przemysłowe;maszyny górnicze;PEWNE;Maszyny górnicze/kamieniołomy
MO9_24024;BKT;EM 936;20x24 BKT EM 936 12PR TL;przemysłowe;maszyny górnicze;PEWNE;Maszyny górnicze/kamieniołomy
MO9_21020;BKT;EARTHMAX SR 30 E3** L3*;23.5R25 BKT EARTHMAX SR 30 E3** L3* TL;przemysłowe;maszyny górnicze;PEWNE;Maszyny górnicze/kamieniołomy
MO9_18043;BKT;EM 936;10.00x20 BKT EM 936 16PR TT;przemysłowe;maszyny górnicze;PEWNE;Maszyny górnicze/kamieniołomy
MO9_14957;BKT;XL GRIP;20.5x25 BKT XL GRIP 20PR TL;przemysłowe;maszyny górnicze;PEWNE;Maszyny górnicze/kamieniołomy
MO9_11709;BKT;XL GRIP;16.0/70x20 BKT XL GRIP 16PR TL;przemysłowe;maszyny górnicze;PEWNE;Maszyny górnicze/kamieniołomy
MO9_9746;BKT;XL GRIP;29.5x25 BKT XL GRIP 28PR TL;przemysłowe;maszyny górnicze;PEWNE;Maszyny górnicze/kamieniołomy
MO9_7989;BKT;EARTHMAX SR 41 E4** L4* CR;29.5R25 BKT EARTHMAX SR 41 E4** L4* CR;przemysłowe;maszyny górnicze;PEWNE;Maszyny górnicze/kamieniołomy
MO9_6959;BKT;EARTHMAX SR 30 E3** L3*;26.5R25 BKT EARTHMAX SR 30 E3** L3* TL;przemysłowe;maszyny górnicze;PEWNE;Maszyny górnicze/kamieniołomy
MO9_3901;BKT;XL GRIP;12.00x24 BKT XL GRIP 20PR TT;przemysłowe;maszyny górnicze;PEWNE;Maszyny górnicze/kamieniołomy
MO9_7;BKT;EM 936;8.25x20 BKT EM 936 14PR TT;przemysłowe;maszyny górnicze;PEWNE;Maszyny górnicze/kamieniołomy
MO1_15172672;CEAT;Trac-XL;26.5-25 CEAT Trac-XL 28PR TL;rolnicze;maszyny górnicze;PEWNE;Maszyny górnicze/kamieniołomy
MO1_15172581;CEAT;Trac-XL;23.5-25 CEAT Trac-XL 20PR TL;rolnicze;maszyny górnicze;PEWNE;Maszyny górnicze/kamieniołomy
MO1_15172543;CEAT;Trac-XL;17.5-25 CEAT Trac-XL 16PR TL;rolnicze;maszyny górnicze;PEWNE;Maszyny górnicze/kamieniołomy
MO1_10003386;CEAT;Grip Master EX;10.00-20 CEAT Grip Master EX 146B 16PR TT;rolnicze;maszyny górnicze;PEWNE;Maszyny górnicze/kamieniołomy
MO1_10001857;CEAT;Grip Master EX;10.00-20 CEAT Grip Master EX 146B 16PR TT;rolnicze;maszyny górnicze;PEWNE;Maszyny górnicze/kamieniołomy
MO3_4607024contiEM;Continental;CompactMaster EM;460/70R24 Continental 159A8/159B TL;rolnicze;maszyny górnicze;PEWNE;Maszyny górnicze/kamieniołomy
MO2_06700030000;Continental;COMPACTMASTER EM;17.5R24 Continental COMPACTMASTER EM 159A8/159B TL;rolnicze;maszyny górnicze;PEWNE;Maszyny górnicze/kamieniołomy
MO2_25970;Firestone;MULTI BLOCK T MS DE2;23.5R25 Firestone MULTI BLOCK T MS DE2 185B TL;przemysłowe;maszyny górnicze;PEWNE;Maszyny górnicze/kamieniołomy
MO2_362698-36;Galaxy;LDSR 500;23.5R25 Galaxy LDSR 500 201A2 TL;przemysłowe;maszyny górnicze;PEWNE;Maszyny górnicze/kamieniołomy
MO2_362696-36;Galaxy;LDSR 500;20.5R25 Galaxy LDSR 500 193A2 TL;przemysłowe;maszyny górnicze;PEWNE;Maszyny górnicze/kamieniołomy
MO2_348418-36;Galaxy;SUPER TRAC;14.00-24 Galaxy SUPER TRAC 28PR TT;przemysłowe;maszyny górnicze;PEWNE;Maszyny górnicze/kamieniołomy
MO2_304702-36;Galaxy;HTSR 400;29.5R25 Galaxy HTSR 400 200B/216A2 TL;przemysłowe;maszyny górnicze;PEWNE;Maszyny górnicze/kamieniołomy
MO1_15272548;Galaxy;LDSR 300;17.5R25 Galaxy LDSR 300 182A2/167B TL;rolnicze;maszyny górnicze;PEWNE;Maszyny górnicze/kamieniołomy
MO2_18112230250200V990;JK Tyre;VEM 99;23.5-25 JK Tyre VEM 99 171B/191A2 20PR TL;przemysłowe;maszyny górnicze;PEWNE;Maszyny górnicze/kamieniołomy
MO5_HLPD250G7500B4562;MRL;ME3 456 ROCK GRIP;17.5-25 MRL ME3 456 ROCK GRIP E-3/L-3 164B/181A2 20PR TL;rolnicze;maszyny górnicze;PEWNE;Maszyny górnicze/kamieniołomy
MO5_HLPD250G230024562;MRL;ME3 456 ROCK GRIP;23.5-25 MRL ME3 456 ROCK GRIP E-3/L-3 191A2 20PR TL;rolnicze;maszyny górnicze;PEWNE;Maszyny górnicze/kamieniołomy
MO5_MIRR22556060DR020;Mitas;AR-02;560/60R22.5 Mitas AR-02 161D TL;ciężarowe;maszyny górnicze;PEWNE;Maszyny górnicze/kamieniołomy
MO5_MIPD200H1000BE220;Mitas;EM 22;11.00-20 Mitas EM 22 148B 16PR TT;przemysłowe;maszyny górnicze;PEWNE;Maszyny górnicze/kamieniołomy
MO5_MIPD200H0000BE230;Mitas;EM-23;10.00-20 Mitas EM-23 146B 16PR TT;przemysłowe;maszyny górnicze;PEWNE;Maszyny górnicze/kamieniołomy
MO5_MIPD200H0000BE220;Mitas;EM-22;10.00-20 Mitas EM-22 146B 16PR TT;przemysłowe;maszyny górnicze;PEWNE;Maszyny górnicze/kamieniołomy
MO4_MIPD200H0000BE230;Mitas;EM-23;10.00-20 Mitas EM-23 146B 16PR TT;przemysłowe;maszyny górnicze;PEWNE;Maszyny górnicze/kamieniołomy
MO2_5001501744000;Mitas;TL01;16.9-30 Mitas TL01 12PR TT;leśne;maszyny górnicze;PEWNE;Maszyny górnicze/kamieniołomy
MO2_4006201460000;Mitas;EM01;405/70R20 Mitas EM01 143B TL;przemysłowe;maszyny górnicze;PEWNE;Maszyny górnicze/kamieniołomy
MO2_4006201440000;Mitas;EM-02;12.5R18 Mitas EM-02 132G TL;przemysłowe;maszyny górnicze;PEWNE;Maszyny górnicze/kamieniołomy
MO2_4006201400000;Mitas;EM01;12.5R20 Mitas EM01 136B TL;przemysłowe;maszyny górnicze;PEWNE;Maszyny górnicze/kamieniołomy
MO2_4006201380000;Mitas;EM-02;12.5R18 Mitas EM-02 139B TL;przemysłowe;maszyny górnicze;PEWNE;Maszyny górnicze/kamieniołomy
MO2_4006201280000;Mitas;EM01;14.5R20 Mitas EM01 141B TL;przemysłowe;maszyny górnicze;PEWNE;Maszyny górnicze/kamieniołomy
MO2_4006201200000;Mitas;EM01;365/70R18 Mitas EM01 135B TL;przemysłowe;maszyny górnicze;PEWNE;Maszyny górnicze/kamieniołomy
MO2_4006201020000;Mitas;EM01;405/70R18 Mitas EM01 156B TL;przemysłowe;maszyny górnicze;PEWNE;Maszyny górnicze/kamieniołomy
MO2_25029862;Mitas;MPT04 IND;360/85-20 Mitas MPT04 IND 14PR TL;przemysłowe;maszyny górnicze;PEWNE;Maszyny górnicze/kamieniołomy
MO2_25029382;Mitas;TI09;440/80-30 Mitas TI09 14PR TL;przemysłowe;maszyny górnicze;PEWNE;Maszyny górnicze/kamieniołomy
MO2_25028054;Mitas;EM23;10.00-20 Mitas EM23 16PR TT;przemysłowe;maszyny górnicze;PEWNE;Maszyny górnicze/kamieniołomy
MO2_25027655;Mitas;MPT06 IND;480/65-22.5 Mitas MPT06 IND 16PR TL;przemysłowe;maszyny górnicze;PEWNE;Maszyny górnicze/kamieniołomy
MO2_13219200;Mitas;MPT01;405/70-20 Mitas MPT01 16PR TL;przemysłowe;maszyny górnicze;PEWNE;Maszyny górnicze/kamieniołomy
MO2_1014202690000;Mitas;MPT06;480/65-22.5 Mitas MPT06 16PR TL;przemysłowe;maszyny górnicze;PEWNE;Maszyny górnicze/kamieniołomy
MO2_1012307230000;Mitas;EM20;23.5-25 Mitas EM20 20PR TL;przemysłowe;maszyny górnicze;PEWNE;Maszyny górnicze/kamieniołomy
MO2_1012305850000;Mitas;EM30;20.5-25 Mitas EM30 16PR TL;przemysłowe;maszyny górnicze;PEWNE;Maszyny górnicze/kamieniołomy
MO2_1012305620000;Mitas;EM20;20.5-25 Mitas EM20 16PR TL;przemysłowe;maszyny górnicze;PEWNE;Maszyny górnicze/kamieniołomy
MO2_1012305040000;Mitas;EM70;20-24 Mitas EM70 12PR TL;przemysłowe;maszyny górnicze;PEWNE;Maszyny górnicze/kamieniołomy
MO2_1011313680000;Mitas;MPT04 IND;360/85-20 Mitas MPT04 IND 14PR TL;przemysłowe;maszyny górnicze;PEWNE;Maszyny górnicze/kamieniołomy
MO2_1011313210000;Mitas;MPT03;14.5-20 Mitas MPT03 12PR TL;przemysłowe;maszyny górnicze;PEWNE;Maszyny górnicze/kamieniołomy
MO2_1011312750000;Mitas;MPT05;14.5-20 Mitas MPT05 12PR TL;przemysłowe;maszyny górnicze;PEWNE;Maszyny górnicze/kamieniołomy
MO2_1011312300000;Mitas;MPT04;360/85-20 Mitas MPT04 12PR TL;przemysłowe;maszyny górnicze;PEWNE;Maszyny górnicze/kamieniołomy
MO2_1011304930000;Mitas;MPT05;10.5-20 Mitas MPT05 10PR TL;przemysłowe;maszyny górnicze;PEWNE;Maszyny górnicze/kamieniołomy
MO2_1011304470000;Mitas;MPT04;10.5-20 Mitas MPT04 10PR TL;przemysłowe;maszyny górnicze;PEWNE;Maszyny górnicze/kamieniołomy
MO2_1011204690000;Mitas;NB41;10.00-20 Mitas NB41 16PR;ciężarowe;maszyny górnicze;PEWNE;Maszyny górnicze/kamieniołomy
MO7_T445547;NOKIAN;Mine King L-5S;29.5-29 NOKIAN Mine King L-5S 40PR TL;przemysłowe;maszyny górnicze;PEWNE;Maszyny górnicze/kamieniołomy
MO7_T445546;NOKIAN;Mine King L-5S;26.5-25 NOKIAN Mine King L-5S 36PR TL;przemysłowe;maszyny górnicze;PEWNE;Maszyny górnicze/kamieniołomy
MO7_T445545;NOKIAN;Mine King L-5S;18.00-25 NOKIAN Mine King L-5S 32PR TL;przemysłowe;maszyny górnicze;PEWNE;Maszyny górnicze/kamieniołomy
MO7_T445580;NOKIAN;Mine King L-5S;17.5-25 NOKIAN Mine King L-5S 34PR TL;przemysłowe;maszyny górnicze;PEWNE;Maszyny górnicze/kamieniołomy
MO7_T445540;NOKIAN;Mine King L-5S;17.5-25 NOKIAN Mine King L-5S 24PR TL;przemysłowe;maszyny górnicze;PEWNE;Maszyny górnicze/kamieniołomy
MO7_T445544;NOKIAN;Mine King L-5S;12.00-20 NOKIAN Mine King L-5S 20PR TT;przemysłowe;maszyny górnicze;PEWNE;Maszyny górnicze/kamieniołomy
MO7_T445709;NOKIAN;Mine King E-4;14.00-24 NOKIAN Mine King E-4 28PR TL;przemysłowe;maszyny górnicze;PEWNE;Maszyny górnicze/kamieniołomy
MO7_T445617;NOKIAN;Mine King E-4;14.00-20 NOKIAN Mine King E-4 20PR TT;przemysłowe;maszyny górnicze;PEWNE;Maszyny górnicze/kamieniołomy
MO7_T445712;NOKIAN;Mine King E-4;12.00-20 NOKIAN Mine King E-4 20PR TT;przemysłowe;maszyny górnicze;PEWNE;Maszyny górnicze/kamieniołomy
MO2_IND00261;Speedways;ROCKLUG E3;23.5-25 Speedways ROCKLUG E3 28PR TL;przemysłowe;maszyny górnicze;PEWNE;Maszyny górnicze/kamieniołomy
MO2_IND00254;Speedways;ROCKLUG E3;23.5-25 Speedways ROCKLUG E3 24PR TL;przemysłowe;maszyny górnicze;PEWNE;Maszyny górnicze/kamieniołomy
MO2_IND00092;Speedways;ROCKLUG E3;15.5-25 Speedways ROCKLUG E3 16PR TL;przemysłowe;maszyny górnicze;PEWNE;Maszyny górnicze/kamieniołomy
MO2_4007112210000;Trelleborg;EMR 1030;26.5R25 Trelleborg EMR 1030 209A2/193B TL;przemysłowe;maszyny górnicze;PEWNE;Maszyny górnicze/kamieniołomy
MO2_4007112200000;Trelleborg;EMR 1050;23.5R25 Trelleborg EMR 1050 201A2 TL;przemysłowe;maszyny górnicze;PEWNE;Maszyny górnicze/kamieniołomy
MO2_4007112160000;Trelleborg;EMR 1030;23.5R25 Trelleborg EMR 1030 201A2/185B TL;przemysłowe;maszyny górnicze;PEWNE;Maszyny górnicze/kamieniołomy
MO2_2000044370101;Trelleborg;EMR 1050;26.5R25 Trelleborg EMR 1050 209A2 TL;przemysłowe;maszyny górnicze;PEWNE;Maszyny górnicze/kamieniołomy
MO2_2000044250101;Trelleborg;EMR 1030;23.5R25 Trelleborg EMR 1030 201A2/185B TL;przemysłowe;maszyny górnicze;PEWNE;Maszyny górnicze/kamieniołomy
MO9_63169;BKT;LOADER PLUS L-3;23.5x25 BKT LOADER PLUS L-3 20PR TT;przemysłowe;suwnica/dźwig;PEWNE;Suwnice/dźwig
MO9_43031;BKT;PORT KING PLUS GCRC IND-4;18.00x25 BKT PORT KING PLUS GCRC IND-4 40PR TL;przemysłowe;suwnica/dźwig;PEWNE;Suwnice/dźwig
MO9_21856;BKT;AIROMAX AM27 E;445/95R25 BKT AIROMAX AM27 E 174F;rolnicze;suwnica/dźwig;PEWNE;Suwnice/dźwig
MO9_15511;BKT;PORT KING USZKODZONE;18.00x25 BKT PORT KING USZKODZONE 40PR TL;przemysłowe;suwnica/dźwig;PEWNE;Suwnice/dźwig
MO7_T445468;NOKIAN;RTG;18.00-25 NOKIAN RTG 40PR TL;przemysłowe;suwnica/dźwig;PEWNE;Suwnice/dźwig
MO7_T445471;NOKIAN;RTG;14.00-24 NOKIAN RTG 28PR TL;przemysłowe;suwnica/dźwig;PEWNE;Suwnice/dźwig
MO7_T445663;NOKIAN;HTS G2 L-4S;18.00-33 NOKIAN HTS G2 L-4S 40PR TL;przemysłowe;suwnica/dźwig;PEWNE;Suwnice/dźwig
MO7_T445805;NOKIAN;HTS G2 L-5S;18.00-25 NOKIAN HTS G2 L-5S 40PR TL;przemysłowe;suwnica/dźwig;PEWNE;Suwnice/dźwig
MO7_T445638;NOKIAN;HTS G2 L-4S;18.00-25 NOKIAN HTS G2 L-4S 40PR TL;przemysłowe;suwnica/dźwig;PEWNE;Suwnice/dźwig
MO7_T445662;NOKIAN;HTS G2 E-4;18.00-33 NOKIAN HTS G2 E-4 40PR TL;przemysłowe;suwnica/dźwig;PEWNE;Suwnice/dźwig
MO7_T445637;NOKIAN;HTS G2 E-4;18.00-25 NOKIAN HTS G2 E-4 40PR TL;przemysłowe;suwnica/dźwig;PEWNE;Suwnice/dźwig
MO7_T445711;NOKIAN;HTS G2 E-4;16.00-25 NOKIAN HTS G2 E-4 36PR TL;przemysłowe;suwnica/dźwig;PEWNE;Suwnice/dźwig
MO7_T445710;NOKIAN;HTS G2 E-4;14.00-24 NOKIAN HTS G2 E-4 28PR TL;przemysłowe;suwnica/dźwig;PEWNE;Suwnice/dźwig
MO7_T845482;NOKIAN;NORDMAN MINE E-4;29.5R25 NOKIAN NORDMAN MINE E-4 TL;przemysłowe;suwnica/dźwig;PEWNE;Suwnice/dźwig
MO7_T845483;NOKIAN;NORDMAN MINE E-4;26.5R25 NOKIAN NORDMAN MINE E-4 TL;przemysłowe;suwnica/dźwig;PEWNE;Suwnice/dźwig
MO3_5007024A580;Alliance;580;500/70R24 Alliance 580 164A8/164B TL;rolnicze;Ładowarka;PEWNE;Ładowarka kołowa
MO3_4607024A580demo;Alliance;580;460/70R24 Alliance 580 150A8 TL demo;rolnicze;Ładowarka;PEWNE;Ładowarka kołowa
MO3_11580153A323tl12;Alliance;A323;11.5/80-15.3 Alliance A323 12PR TL;rolnicze;Ładowarka;PEWNE;Ładowarka rolnicza
MO3_1658524AA-35812tt;Alliance;A-358;16.5/85-24 Alliance A-358 12PR TT;rolnicze;Ładowarka;PEWNE;Ładowarka rolnicza
MO3_40060155AA-320VP143A;Alliance;A-320 VP;400/60-15.5 Alliance A-320 VP 143A6/135A8 16PR TL;rolnicze;Ładowarka;PEWNE;Ładowarka rolnicza
MO3_1904517A320;Alliance;320;19.0/45-17 Alliance 320 14PR TL;rolnicze;Ładowarka;PEWNE;Ładowarka rolnicza
MO3_32090R46A350148D151A;Alliance;350;320/90R46 Alliance 350 148D/151A8 TL;rolnicze;Ładowarka;PEWNE;Ładowarka rolnicza
MO3_11580153A;Alliance;A320 VP;11.5/80-15.3 Alliance A320 VP 14PR TL;rolnicze;Ładowarka;PEWNE;Ładowarka rolnicza
MO2_58024810AL-IN;Alliance;580;19.5R24 Alliance 580 164A8 TL;przemysłowe;Ładowarka;PEWNE;Ładowarka kołowa
MO2_58024530AL-IN;Alliance;580;500/70R28 Alliance 580 164A8 TL;rolnicze;Ładowarka;PEWNE;Ładowarka kołowa
MO2_58020806AL-IN;Alliance;580;17.5R24 Alliance 580 159A8 TL;przemysłowe;Ładowarka;PEWNE;Ładowarka kołowa
MO2_58010350AL-IG;Alliance;580;300/75R18 Alliance 580 142A8 TL;rolnicze;Ładowarka;PEWNE;Ładowarka kołowa
MO2_35075050AL;Alliance;350;320/90R50 Alliance 350 153A8/150D TL;rolnicze;Ładowarka;PEWNE;Ładowarka rolnicza
MO2_32610706AL-IN;Alliance;326;16.0/70-20 Alliance 326 14PR TL;rolnicze;Ładowarka;PEWNE;Ładowarka rolnicza
MO2_32122690AL-IG;Alliance;321 PLUS;12.5/80-18 Alliance 321 PLUS 12PR TL;przemysłowe;Ładowarka;PEWNE;Ładowarka rolnicza
MO2_32021701VP-IG;Alliance;320 VALUE PLUS;19.0/45-17 Alliance 320 VALUE PLUS 14PR TL;rolnicze;Ładowarka;PEWNE;Ładowarka rolnicza
MO2_32021611AL-IN;Alliance;320;16.0/70-20 Alliance 320 14PR TT;rolnicze;Ładowarka;PEWNE;Ładowarka rolnicza
MO2_32017610VP-IG;Alliance;320 VALUE PLUS;16.0/70-20 Alliance 320 VALUE PLUS 12PR TL;rolnicze;Ładowarka;PEWNE;Ładowarka rolnicza
MO2_32016450VP-IG;Alliance;320 VALUE PLUS;15.0/55-17 Alliance 320 VALUE PLUS 14PR TL;rolnicze;Ładowarka;PEWNE;Ładowarka rolnicza
MO2_32016400VP-IN;Alliance;320 VALUE PLUS;15.0/55-17 Alliance 320 VALUE PLUS 10PR TL;rolnicze;Ładowarka;PEWNE;Ładowarka rolnicza
MO2_32016400VP-IG;Alliance;320 VALUE PLUS;15.0/55-17 Alliance 320 VALUE PLUS 10PR TL;rolnicze;Ładowarka;PEWNE;Ładowarka rolnicza
MO2_32015010VP-IG;Alliance;320 VALUE PLUS;13.0/55-16 Alliance 320 VALUE PLUS 14PR TL;rolnicze;Ładowarka;PEWNE;Ładowarka rolnicza
MO2_32014930VP-IG;Alliance;320 VALUE PLUS;12.5/80-18 Alliance 320 VALUE PLUS 16PR TL;rolnicze;Ładowarka;PEWNE;Ładowarka rolnicza
MO2_32014918VP-IG;Alliance;A320 VALUE PLUS;12.5/80-18 Alliance A320 VALUE PLUS 12PR TL;rolnicze;Ładowarka;PEWNE;Ładowarka rolnicza
MO2_32013120VP-IG;Alliance;320 VALUE PLUS;500/50-17 Alliance 320 VALUE PLUS 153A6 14PR TL;rolnicze;Ładowarka;PEWNE;Ładowarka rolnicza
MO2_32012112VP-IN;Alliance;320 VALUE PLUS;400/60-15.5 Alliance 320 VALUE PLUS 16PR TL;rolnicze;Ładowarka;PEWNE;Ładowarka rolnicza
MO2_32012112VP-IG;Alliance;320 VALUE PLUS;400/60-15.5 Alliance 320 VALUE PLUS 16PR TL;rolnicze;Ładowarka;PEWNE;Ładowarka rolnicza
MO2_32011957VP-IG;Alliance;A320 VALUE PLUS;12.5/80-15.3 Alliance A320 VALUE PLUS 148A6/144A8 14PR TL;rolnicze;Ładowarka;PEWNE;Ładowarka rolnicza
MO2_32011922VP-IG;Alliance;320 VALUE PLUS;11.5/80-15.3 Alliance 320 VALUE PLUS 14PR TL;rolnicze;Ładowarka;PEWNE;Ładowarka rolnicza
MO1_15285312;Alliance;Agro Industrial 580;460/70R24 Alliance Agro Industrial 580 159A8/159B SB TL;przemysłowe;Ładowarka;PEWNE;Ładowarka kołowa
MO1_15285305;Alliance;Agro Industrial 580;405/70R24 Alliance Agro Industrial 580 152A8/152B SB TL;przemysłowe;Ładowarka;PEWNE;Ładowarka kołowa
MO1_15272630;Alliance;321 Plus;440/80-28 Alliance 321 Plus 152A8 12PR TL;rolnicze;Ładowarka;PEWNE;Ładowarka rolnicza
MO1_15272625;Alliance;202;18.4-26 Alliance 202 14PR TL;rolnicze;Ładowarka;PEWNE;Ładowarka rolnicza
MO1_15272620;Alliance;321 Plus;480/80-26 Alliance 321 Plus 156A8 12PR TL;rolnicze;Ładowarka;PEWNE;Ładowarka rolnicza
MO1_15272465;Alliance;326;16/70-24 Alliance 326 169A2/152B 14PR TL;rolnicze;Ładowarka;PEWNE;Ładowarka rolnicza
MO1_15272280;Alliance;326;16.0/70-20 Alliance 326 166A2/149B 14PR TL;rolnicze;Ładowarka;PEWNE;Ładowarka rolnicza
MO1_15272127;Alliance;202;12x16.5 Alliance 202 12PR TL;rolnicze;Ładowarka;PEWNE;Ładowarka rolnicza
MO1_15272084;Alliance;321 Plus;12.5/80-18 Alliance 321 Plus 129A8/142A8 12PR TL;rolnicze;Ładowarka;PEWNE;Ładowarka rolnicza
MO1_15231505;Alliance;Tough Trac 325;400/80-24 Alliance Tough Trac 325 162A8 TL;rolnicze;Ładowarka;PEWNE;Ładowarka rolnicza
MO1_15231500;Alliance;Tough Trac 325;340/80-20 Alliance Tough Trac 325 144A8 TL;rolnicze;Ładowarka;PEWNE;Ładowarka rolnicza
MO1_15231490;Alliance;Tough Trac 325;280/80-18 Alliance Tough Trac 325 132A8 TL;rolnicze;Ładowarka;PEWNE;Ładowarka rolnicza
MO1_15226130;Alliance;350;320/85R34 Alliance 350 141A8 TL;rolnicze;Ładowarka;PEWNE;Ładowarka rolnicza
MO1_15215692;Alliance;380 Industrial HD;600/55R26.5 Alliance 380 Industrial HD 177D SB TL;przemysłowe;Ładowarka;PEWNE;Ładowarka kołowa
MO1_15212485;Alliance;320;16.0/70-20 Alliance 320 154A8/150B 14PR TT;rolnicze;Ładowarka;PEWNE;Ładowarka rolnicza
MO1_15212337;Alliance;320 Value Plus;12.5/80-18 Alliance 320 Value Plus 152A6/148A8 16PR TL;rolnicze;Ładowarka;PEWNE;Ładowarka rolnicza
MO1_15212332;Alliance;320 Value Plus;12.5/80-18 Alliance 320 Value Plus 145A6/142A8 12PR TL;rolnicze;Ładowarka;PEWNE;Ładowarka rolnicza
MO1_15212311;Alliance;320 Value Plus;10.5/80-18 Alliance 320 Value Plus 135A6/131A8 10PR TL;rolnicze;Ładowarka;PEWNE;Ładowarka rolnicza
MO1_15211691;Alliance;320 Value Plus;15.0/55-17 Alliance 320 Value Plus 138A6/134A8 10PR TL;rolnicze;Ładowarka;PEWNE;Ładowarka rolnicza
MO1_15211689;Alliance;320 Value Plus;500/50-17 Alliance 320 Value Plus 153A6/149A8 14PR TL;rolnicze;Ładowarka;PEWNE;Ładowarka rolnicza
MO1_15211688;Alliance;320 Value Plus;19.0/45-17 Alliance 320 Value Plus 148A6/144A8 14PR TL;rolnicze;Ładowarka;PEWNE;Ładowarka rolnicza
MO1_15211687;Alliance;320 Value Plus;15.0/55-17 Alliance 320 Value Plus 141A6/138A8 14PR TL;rolnicze;Ładowarka;PEWNE;Ładowarka rolnicza
MO1_15211664;Alliance;320 Value Plus;400/60-15.5 Alliance 320 Value Plus 152A6/148A8 16PR TL;rolnicze;Ładowarka;PEWNE;Ładowarka rolnicza
MO1_15211633;Alliance;320 Value Plus;12.5/80-15.3 Alliance 320 Value Plus 148A6/144A8 14PR TL;rolnicze;Ładowarka;PEWNE;Ładowarka rolnicza
MO1_15211621;Alliance;320;10.0/75-15.3 Alliance 320 122A8/135A8 18PR TL;rolnicze;Ładowarka;PEWNE;Ładowarka rolnicza
MO1_10003996;Alliance;350;320/90R46 Alliance 350 151A8/148D TL;rolnicze;Ładowarka;PEWNE;Ładowarka rolnicza
MO9_106987;BKT;SKID POWER HD E;23x8.5-12 BKT SKID POWER HD E 12PR TL;przemysłowe;Ładowarka;PEWNE;Ładowarka kołowa
MO9_98657;BKT;SKID POWER HD IMP E;15x19.5 BKT SKID POWER HD IMP E 14PR TL;przemysłowe;Ładowarka;PEWNE;Ładowarka kołowa
MO9_98182;BKT;MULTIMAX MP 569 E;445/65R22.5 BKT MULTIMAX MP 569 E 169J;przemysłowe;Ładowarka;PEWNE;Ładowarka rolnicza
MO9_98124;BKT;SKID POWER HD;18x8.5-8 BKT SKID POWER HD 8PR TL;przemysłowe;Ładowarka;PEWNE;Ładowarka kołowa
MO9_69538;BKT;PT - HD ZESTAW-SET;10.00x20 BKT PT - HD ZESTAW-SET 18PR TT;przemysłowe;Ładowarka;PEWNE;Ładowarka kołowa
MO9_69470;BKT;PT - HD ZESTAW-SET;250x15 BKT PT - HD ZESTAW-SET 20PR TT;przemysłowe;Ładowarka;PEWNE;Ładowarka kołowa
MO9_69418;BKT;PT - HD ZESTAW-SET;23x9-10 BKT PT - HD ZESTAW-SET 20PR TT;przemysłowe;Ładowarka;PEWNE;Ładowarka kołowa
MO9_68018;BKT;PT - HD;28x12.5-15 BKT PT - HD 24PR TT;przemysłowe;Ładowarka;PEWNE;Ładowarka kołowa
MO9_67021;BKT;MULTIMAX MP 527;16.0/70R24 BKT MULTIMAX MP 527 152A8/B TL;przemysłowe;Ładowarka;PEWNE;Ładowarka rolnicza
MO9_66731;BKT;AS 504;10.0/80x12 BKT AS 504 10PR TL;rolnicze;Ładowarka;PEWNE;Ładowarka kołowa
MO9_66351;BKT;MULTIMAX MP 527 164 B;19.5L-24 BKT MULTIMAX MP 527 164 B 164A8 TL;rolnicze;Ładowarka;PEWNE;Ładowarka rolnicza
MO9_65625;BKT;MP 590;18x22.5 BKT MP 590 20PR TL;przemysłowe;Ładowarka;PEWNE;Ładowarka rolnicza
MO9_65296;BKT;MP 567 E;18x19.5 BKT MP 567 E 18PR TL;przemysłowe;Ładowarka;PEWNE;Ładowarka rolnicza
MO9_65100;BKT;PT - HD IMP;10x16.5 BKT PT - HD IMP 10PR TL;przemysłowe;Ładowarka;PEWNE;Ładowarka kołowa
MO9_64554;BKT;TR387 HD DLBD SPL;23.1x26 BKT TR387 HD DLBD SPL 18PR TL;rolnicze;Ładowarka;PEWNE;Ładowarka kołowa
MO9_64363;BKT;SP HD IMP;10x16.5 BKT SP HD IMP 8PR TL;przemysłowe;Ładowarka;PEWNE;Ładowarka kołowa
MO9_64279;BKT;MULTIMAX MP 522;19.5L-24 BKT MULTIMAX MP 522 164A8/164B TL;przemysłowe;Ładowarka;PEWNE;Ładowarka rolnicza
MO9_62208;BKT;SURE-TRAX HD;10x16.5 BKT SURE-TRAX HD 10PR;przemysłowe;Ładowarka;PEWNE;Ładowarka kołowa
MO9_60049;BKT;SKID POWER HD;26x12-12 BKT SKID POWER HD 8PR TL;rolnicze;Ładowarka;PEWNE;Ładowarka kołowa
MO9_60034;BKT;MULTIMAX MP 522;17.5L-24 BKT MULTIMAX MP 522 159A8 TL;rolnicze;Ładowarka;PEWNE;Ładowarka rolnicza
MO9_59786;BKT;AS 504;80x12 BKT AS 504 6PR TT;rolnicze;Ładowarka;PEWNE;Ładowarka kołowa
MO9_59616;BKT;MP 600;16.0/70x24 BKT MP 600 14PR TL;rolnicze;Ładowarka;PEWNE;Ładowarka rolnicza
MO9_58068;BKT;MULTIMAX MP 527;400/80R24 BKT MULTIMAX MP 527 162A8/B TL;przemysłowe;Ładowarka;PEWNE;Ładowarka rolnicza
MO9_57321;BKT;MULTIMAX MP 513;365/70R18 BKT MULTIMAX MP 513 133G TL;rolnicze;Ładowarka;PEWNE;Ładowarka rolnicza
MO9_57305;BKT;PT - HD;6.00x9 BKT PT - HD 10PR TT;przemysłowe;Ładowarka;PEWNE;Ładowarka kołowa
MO9_57201;BKT;MULTIMAX MP 540;12.5R20 BKT MULTIMAX MP 540 149K TL;przemysłowe;Ładowarka;PEWNE;Ładowarka rolnicza
MO9_56040;BKT;AS 504;420/55x17 BKT AS 504 145A8/133A8 16PR TL;rolnicze;Ładowarka;PEWNE;Ładowarka kołowa
MO9_55787;BKT;SP HD;10x16.5 BKT SP HD 10PR TL;przemysłowe;Ładowarka;PEWNE;Ładowarka kołowa
MO9_55498;BKT;ROCK GRIP;16.00x25 BKT ROCK GRIP 196A2/177B 32PR TL;przemysłowe;Ładowarka;PEWNE;Ładowarka kołowa
MO9_53736;BKT;MULTIMAX MP 513;16.0/70R20 BKT MULTIMAX MP 513 136G TL;przemysłowe;Ładowarka;PEWNE;Ładowarka rolnicza
MO9_53558;BKT;SKID POWER HD;31x15.5-15 BKT SKID POWER HD 10PR TL;przemysłowe;Ładowarka;PEWNE;Ładowarka kołowa
MO9_53089;BKT;AS 504;15.5/80x24 BKT AS 504 14PR TL;rolnicze;Ładowarka;PEWNE;Ładowarka kołowa
MO9_52988;BKT;SKID POWER HD;27x10-12 BKT SKID POWER HD 152A2 14PR TT;przemysłowe;Ładowarka;PEWNE;Ładowarka kołowa
MO9_51582;BKT;AS 504;11.0/65x12 BKT AS 504 8PR TL;rolnicze;Ładowarka;PEWNE;Ładowarka kołowa
MO9_51392;BKT;JUMBOTRAX HD;12x16.5 BKT JUMBOTRAX HD 10PR TL;przemysłowe;Ładowarka;PEWNE;Ładowarka kołowa
MO9_51366;BKT;PT - HD;250x15 BKT PT - HD 20PR TT;przemysłowe;Ładowarka;PEWNE;Ładowarka kołowa
MO9_50938;BKT;MP 567;10.0/75x15.3 BKT MP 567 14PR TL;rolnicze;Ładowarka;PEWNE;Ładowarka rolnicza
MO9_47845;BKT;MP 567;14.5x20 BKT MP 567 12PR TL;rolnicze;Ładowarka;PEWNE;Ładowarka rolnicza
MO9_47285;BKT;MP 585;10.5x20 BKT MP 585 10PR TL;przemysłowe;Ładowarka;PEWNE;Ładowarka rolnicza
MO9_47040;BKT;AS 504;15.5/80x24 BKT AS 504 16PR TL;rolnicze;Ładowarka;PEWNE;Ładowarka kołowa
MO9_47020;BKT;PT - HD;8.15x15 BKT PT - HD 14PR TT;przemysłowe;Ładowarka;PEWNE;Ładowarka kołowa
MO9_46048;BKT;MULTIMAX MP 522 E;18.4x26 BKT MULTIMAX MP 522 E 160A8/B;przemysłowe;Ładowarka;PEWNE;Ładowarka rolnicza
MO9_45695;BKT;PT - HD;8.25x15 BKT PT - HD 14PR TT;przemysłowe;Ładowarka;PEWNE;Ładowarka kołowa
MO9_45486;BKT;MP 600;16.0/70x24 BKT MP 600 158A8 18PR TL;rolnicze;Ładowarka;PEWNE;Ładowarka rolnicza
MO9_45351;BKT;AS 504;27x10-15.3 BKT AS 504 8PR TL;rolnicze;Ładowarka;PEWNE;Ładowarka kołowa
MO9_45313;BKT;MP 567;11.5/80x15.3 BKT MP 567 14PR TL;rolnicze;Ładowarka;PEWNE;Ładowarka rolnicza
MO9_45300;BKT;MP 567;16.0/70x20 BKT MP 567 14PR TL;rolnicze;Ładowarka;PEWNE;Ładowarka rolnicza
MO9_45077;BKT;SKID POWER HD;26x12-12 BKT SKID POWER HD 12PR TL;przemysłowe;Ładowarka;PEWNE;Ładowarka kołowa
MO9_44559;BKT;AS 504;7.50x18 BKT AS 504 8PR TT;rolnicze;Ładowarka;PEWNE;Ładowarka kołowa
MO9_43233;BKT;PT - HD;18x7-8 BKT PT - HD 16PR TT;przemysłowe;Ładowarka;PEWNE;Ładowarka kołowa
MO9_41836;BKT;JUMBOTRAX HD;10x16.5 BKT JUMBOTRAX HD 10PR TL;przemysłowe;Ładowarka;PEWNE;Ładowarka kołowa
MO9_41483;BKT;AS 504;7.50x16 BKT AS 504 8PR TT;rolnicze;Ładowarka;PEWNE;Ładowarka kołowa
MO9_41314;BKT;MP 570;12.5x18 BKT MP 570 10PR TL;przemysłowe;Ładowarka;PEWNE;Ładowarka rolnicza
MO9_40292;BKT;MP 567;14.5x20 BKT MP 567 18PR TL;rolnicze;Ładowarka;PEWNE;Ładowarka rolnicza
MO9_39768;BKT;SKID POWER HD;27x8.5-15 BKT SKID POWER HD 8PR TL;przemysłowe;Ładowarka;PEWNE;Ładowarka kołowa
MO9_38131;BKT;SKID POWER HD;31.5x13-16.5 BKT SKID POWER HD 10PR TL;przemysłowe;Ładowarka;PEWNE;Ładowarka kołowa
MO9_37723;BKT;MULTIMAX MP 513;495/70R24 BKT MULTIMAX MP 513 155G TL;rolnicze;Ładowarka;PEWNE;Ładowarka rolnicza
MO9_36502;BKT;AS 504;16.5/85x24 BKT AS 504 16PR TL;rolnicze;Ładowarka;PEWNE;Ładowarka kołowa
MO9_36067;BKT;SKID POWER HD;18x8.5-10 BKT SKID POWER HD 8PR TL;przemysłowe;Ładowarka;PEWNE;Ładowarka kołowa
MO9_36021;BKT;AS 504;12.5/80x18 BKT AS 504 16PR TL;rolnicze;Ładowarka;PEWNE;Ładowarka kołowa
MO9_35607;BKT;AS 504;10.5/80x18 BKT AS 504 10PR TL;rolnicze;Ładowarka;PEWNE;Ładowarka kołowa
MO9_34671;BKT;BK-LOADER 53;16.0/70R20 BKT BK-LOADER 53 155A2/151A4 TL;przemysłowe;Ładowarka;PEWNE;Ładowarka kołowa
MO9_34461;BKT;AS 504;6.00x16 BKT AS 504 6PR TT;rolnicze;Ładowarka;PEWNE;Ładowarka kołowa
MO9_32899;BKT;MP 567;12.5x18 BKT MP 567 12PR TL;rolnicze;Ładowarka;PEWNE;Ładowarka rolnicza
MO9_31862;BKT;PT - HD;27x10-12 BKT PT - HD 16PR TT;przemysłowe;Ładowarka;PEWNE;Ładowarka kołowa
MO9_30845;BKT;AS 504;10.0/75x15.3 BKT AS 504 10PR TL;rolnicze;Ładowarka;PEWNE;Ładowarka kołowa
MO9_30305;BKT;AS 504;7.00x12 BKT AS 504 6PR TL;rolnicze;Ładowarka;PEWNE;Ładowarka kołowa
MO9_29613;BKT;MP 567;10.5x20 BKT MP 567 10PR TL;rolnicze;Ładowarka;PEWNE;Ładowarka rolnicza
MO9_29447;BKT;SKID POWER HD;23x8.5-12 BKT SKID POWER HD 6PR TL;przemysłowe;Ładowarka;PEWNE;Ładowarka kołowa
MO9_29405;BKT;AS 504;10.0/75x15.3 BKT AS 504 18PR TL;rolnicze;Ładowarka;PEWNE;Ładowarka kołowa
MO9_29237;BKT;AS 504;15.0/55x17 BKT AS 504 14PR TL;rolnicze;Ładowarka;PEWNE;Ładowarka kołowa
MO9_29113;BKT;PT - HD;6.50x10 BKT PT - HD 14PR TT;przemysłowe;Ładowarka;PEWNE;Ładowarka kołowa
MO9_28879;BKT;SURETRAX HD;12x16.5 BKT SURETRAX HD 12PR TL;przemysłowe;Ładowarka;PEWNE;Ładowarka kołowa
MO9_27582;BKT;MULTIMAX MP 527 E;18.4x26 BKT MULTIMAX MP 527 E 160A8/B;przemysłowe;Ładowarka;PEWNE;Ładowarka rolnicza
MO9_26836;BKT;SKID POWER CHEVRON;7.00x15 BKT SKID POWER CHEVRON 6PR;przemysłowe;Ładowarka;PEWNE;Ładowarka kołowa
MO9_26704;BKT;AS 504;4.00x16 BKT AS 504 4PR TT;rolnicze;Ładowarka;PEWNE;Ładowarka kołowa
MO9_26058;BKT;PT - HD;5.00x8 BKT PT - HD 10PR TT;przemysłowe;Ładowarka;PEWNE;Ładowarka kołowa
MO9_25629;BKT;MP 585;12.5x20 BKT MP 585 12PR TL;przemysłowe;Ładowarka;PEWNE;Ładowarka rolnicza
MO9_23238;BKT;SKID POWER;14x17.5 BKT SKID POWER 14PR TL;przemysłowe;Ładowarka;PEWNE;Ładowarka kołowa
MO9_20965;BKT;MULTIMAX MP-522 NOWOŚĆ;340/80R18 BKT MULTIMAX MP-522 NOWOŚĆ 143A8/B TL;rolnicze;Ładowarka;PEWNE;Ładowarka rolnicza
MO9_20935;BKT;MP 567;10.0/75x15.3 BKT MP 567 18PR TL;rolnicze;Ładowarka;PEWNE;Ładowarka rolnicza
MO9_20515;BKT;MP 590;18x22.5 BKT MP 590 16PR TL;przemysłowe;Ładowarka;PEWNE;Ładowarka rolnicza
MO9_20335;BKT;AS 504;5.00x15 BKT AS 504 6PR TT;rolnicze;Ładowarka;PEWNE;Ładowarka kołowa
MO9_19800;BKT;PT - HD;23x9-10 BKT PT - HD 20PR TT;przemysłowe;Ładowarka;PEWNE;Ładowarka kołowa
MO9_19593;BKT;PT - HD;12.00x20 BKT PT - HD 20PR TT;przemysłowe;Ładowarka;PEWNE;Ładowarka kołowa
MO9_19085;BKT;PT - HD;27x10-12 BKT PT - HD 20PR TT;przemysłowe;Ładowarka;PEWNE;Ładowarka kołowa
MO9_18025;BKT;PT - HD;28x12.5-15 BKT PT - HD 24PR TT;przemysłowe;Ładowarka;PEWNE;Ładowarka kołowa
MO9_17352;BKT;MULTIMAX MP 513;425/55R17 BKT MULTIMAX MP 513 134G TL;przemysłowe;Ładowarka;PEWNE;Ładowarka rolnicza
MO9_14028;BKT;PT - HD;7.00x12 BKT PT - HD 14PR TT;przemysłowe;Ładowarka;PEWNE;Ładowarka kołowa
MO9_13111;BKT;AS 504;15.0/55x17 BKT AS 504 10PR TL;rolnicze;Ładowarka;PEWNE;Ładowarka kołowa
MO9_11344;BKT;MP 570;14.5x20 BKT MP 570 12PR TL;przemysłowe;Ładowarka;PEWNE;Ładowarka rolnicza
MO9_11295;BKT;MP 570;12.5x20 BKT MP 570 12PR TL;przemysłowe;Ładowarka;PEWNE;Ładowarka rolnicza
MO9_11160;BKT;MP 567;10.5x18 BKT MP 567 10PR TL;rolnicze;Ładowarka;PEWNE;Ładowarka rolnicza
MO9_10626;BKT;MULTIMAX MP 527 NOWOŚĆ;340/80R18 BKT MULTIMAX MP 527 NOWOŚĆ 143A8/B TL;przemysłowe;Ładowarka;PEWNE;Ładowarka rolnicza
MO9_10342;BKT;PT - HD;300x15 BKT PT - HD 20PR TT;przemysłowe;Ładowarka;PEWNE;Ładowarka kołowa
MO9_10237;BKT;SKID POWER HD;33x15.5-16.5 BKT SKID POWER HD 12PR TL;przemysłowe;Ładowarka;PEWNE;Ładowarka kołowa
MO9_8663;BKT;PT - HD;6.50x10 BKT PT - HD 10PR TT;przemysłowe;Ładowarka;PEWNE;Ładowarka kołowa
MO9_8435;BKT;AS 504;70x16 BKT AS 504 10PR TL;rolnicze;Ładowarka;PEWNE;Ładowarka kołowa
MO9_7726;BKT;SKID POWER;25x8.5-14 BKT SKID POWER 6PR TL;przemysłowe;Ładowarka;PEWNE;Ładowarka kołowa
MO9_7445;BKT;PT - HD;10.00x20 BKT PT - HD 18PR TT;przemysłowe;Ładowarka;PEWNE;Ładowarka kołowa
MO9_7297;BKT;AS 504;7.50x16 BKT AS 504 8PR TL;rolnicze;Ładowarka;PEWNE;Ładowarka kołowa
MO9_6425;BKT;AS 504;12.5/80x18 BKT AS 504 12PR TL;rolnicze;Ładowarka;PEWNE;Ładowarka kołowa
MO9_6264;BKT;AS 504;7.50x20 BKT AS 504 8PR TT;rolnicze;Ładowarka;PEWNE;Ładowarka kołowa
MO9_5229;BKT;SP HD;12x16.5 BKT SP HD 10PR TL;przemysłowe;Ładowarka;PEWNE;Ładowarka kołowa
MO9_4559;BKT;MP 567;12.5x20 BKT MP 567 12PR TL;rolnicze;Ładowarka;PEWNE;Ładowarka rolnicza
MO9_4181;BKT;AS 504;11.5/80x15.3 BKT AS 504 14PR TT;rolnicze;Ładowarka;PEWNE;Ładowarka kołowa
MO9_3164;BKT;AS 504;19.0/45x17 BKT AS 504 14PR TL;rolnicze;Ładowarka;PEWNE;Ładowarka kołowa
MO9_2779;BKT;AS 504;11.5/80x15.3 BKT AS 504 12PR TL;rolnicze;Ładowarka;PEWNE;Ładowarka kołowa
MO9_2385;BKT;AS 504;16.0/70x20 BKT AS 504 14PR TL;rolnicze;Ładowarka;PEWNE;Ładowarka kołowa
MO9_2361;BKT;SKID POWER HD;27x10.5-15 BKT SKID POWER HD 8PR TL;przemysłowe;Ładowarka;PEWNE;Ładowarka kołowa
MO9_1987;BKT;MP 567;18x19.5 BKT MP 567 16PR TL;rolnicze;Ładowarka;PEWNE;Ładowarka rolnicza
MO9_855;BKT;SP HD;12x16.5 BKT SP HD 12PR TL;przemysłowe;Ładowarka;PEWNE;Ładowarka kołowa
MO9_628;BKT;MP 600;12.5x18 BKT MP 600 10PR TL;przemysłowe;Ładowarka;PEWNE;Ładowarka rolnicza
MO9_613;BKT;MULTIMAX MP 527;17.5L-24 BKT MULTIMAX MP 527 159A8/B TL;rolnicze;Ładowarka;PEWNE;Ładowarka rolnicza
MO9_266;BKT;MP 600;10.5x18 BKT MP 600 10PR TL;przemysłowe;Ładowarka;PEWNE;Ładowarka rolnicza
MO9_151;BKT;MULTIMAX MP 513;375/70R20 BKT MULTIMAX MP 513 136G TL;przemysłowe;Ładowarka;PEWNE;Ładowarka rolnicza
MO3_70012BKTpthd;BKT;PT-HD;7.00-12 BKT PT-HD 14PR TT;przemysłowe;Ładowarka;PEWNE;Ładowarka kołowa
MO3_6009BKTpthd;BKT;PT-HD;6.00-9 BKT PT-HD 10PR TT;przemysłowe;Ładowarka;PEWNE;Ładowarka kołowa
MO3_5008BKTpthd;BKT;PT-HD;5.00-8 BKT PT-HD 10PR TT;przemysłowe;Ładowarka;PEWNE;Ładowarka kołowa
MO3_1885010BKT;BKT;Skid Power HD;18x8.50-10 BKT Skid Power HD 8PR TL;przemysłowe;Ładowarka;PEWNE;Ładowarka kołowa
MO3_26120012BKTSPHD12;BKT;Skid Power HD;26x12.00-12 BKT Skid Power HD 12PR TL;przemysłowe;Ładowarka;PEWNE;Ładowarka kołowa
MO3_31155015BKTsphd;BKT;Skid Power HD;31x15.50-15 BKT Skid Power HD 10PR TL;przemysłowe;Ładowarka;PEWNE;Ładowarka kołowa
MO3_1505517BKTAS14TL;BKT;AS 504;15.0/55-17 BKT AS 504 14PR TL;rolnicze;Ładowarka;PEWNE;Ładowarka kołowa
MO3_60016BKTas;BKT;AS 504;6.00-16 BKT AS 504 6PR TT;rolnicze;Ładowarka;PEWNE;Ładowarka kołowa
MO3_75016BKTAS8TL;BKT;AS 504;7.50-16 BKT AS 504 8PR TL;rolnicze;Ładowarka;PEWNE;Ładowarka kołowa
MO3_658012BKTAS6TT;BKT;6.5/ AS 504;80-12 BKT 6.5/ AS 504 6PR TT;rolnicze;Ładowarka;PEWNE;Ładowarka kołowa
MO3_188508BKTSkidPowerHD;BKT;Skid Power HD;18x8.50-8 BKT Skid Power HD 8PR TL;przemysłowe;Ładowarka;PEWNE;Ładowarka kołowa
MO3_27105015BKTSkidPower;BKT;Skid Power HD;27x10.50-15 BKT Skid Power HD 8PR TL;przemysłowe;Ładowarka;PEWNE;Ładowarka kołowa
MO3_2585014BKT;BKT;Skid Power HD;25x8.50-14 BKT Skid Power HD 6PR TL;przemysłowe;Ładowarka;PEWNE;Ładowarka kołowa
MO3_50015BKT;BKT;AS 504;5.00-15 BKT AS 504 6PR TT;rolnicze;Ładowarka;PEWNE;Ładowarka kołowa
MO3_4607024brvh;Bridgestone;VH-IND;460/70R24 Bridgestone VH-IND 159A8/156B TL;rolnicze;Ładowarka;PEWNE;Ładowarka rolnicza
MO1_15185314;CEAT;Loadpro;500/70R24 CEAT Loadpro 164A8/164B SB TL;rolnicze;Ładowarka;PEWNE;Ładowarka rolnicza
MO1_15185313;CEAT;Loadpro;460/70R24 CEAT Loadpro 159A8/159B SB TL;rolnicze;Ładowarka;PEWNE;Ładowarka rolnicza
MO1_15131233;CEAT;MPT 800;405/70-24 CEAT MPT 800 152B 14PR TL;rolnicze;Ładowarka;PEWNE;Ładowarka rolnicza
MO1_15131210;CEAT;MPT 602;405/70-20 CEAT MPT 602 148D 14PR TL;rolnicze;Ładowarka;PEWNE;Ładowarka rolnicza
MO1_15131161;CEAT;MPT 602;12.5-20 CEAT MPT 602 135D 12PR TL;rolnicze;Ładowarka;PEWNE;Ładowarka rolnicza
MO1_15131071;CEAT;MPT 602;12.5-18 CEAT MPT 602 134D 12PR TL;rolnicze;Ładowarka;PEWNE;Ładowarka rolnicza
MO1_10003814;CEAT;Loadpro;340/80R18 CEAT Loadpro 143A8/143B TL;rolnicze;Ładowarka;PEWNE;Ładowarka rolnicza
MO1_10002904;CEAT;Loadpro Hard Surface;405/70R18 CEAT Loadpro Hard Surface 147A8/147B SB TL;rolnicze;Ładowarka;PEWNE;Ładowarka rolnicza
MO1_10002903;CEAT;Loadpro Hard Surface;405/70R20 CEAT Loadpro Hard Surface 149A8/149B SB TL;rolnicze;Ładowarka;PEWNE;Ładowarka rolnicza
MO1_10002693;CEAT;Loadpro Hard Surface;500/70R24 CEAT Loadpro Hard Surface 164A8/164B SB TL;rolnicze;Ładowarka;PEWNE;Ładowarka rolnicza
MO1_10002620;CEAT;Loadpro;440/80R28 CEAT Loadpro 156A8/156B SB TL;rolnicze;Ładowarka;PEWNE;Ładowarka rolnicza
MO1_10002081;CEAT;Loadpro;400/70R20 CEAT Loadpro 149A8/149B SB TL;rolnicze;Ładowarka;PEWNE;Ładowarka rolnicza
MO1_10001314;CEAT;Loadpro;440/80R24 CEAT Loadpro 161A8/161B SB TL;rolnicze;Ładowarka;PEWNE;Ładowarka rolnicza
MO1_10001268;CEAT;Loadpro;380/75R20 CEAT Loadpro 148A8/148B SB TL;rolnicze;Ładowarka;PEWNE;Ładowarka rolnicza
MO1_10001266;CEAT;Loadpro;405/70R24 CEAT Loadpro 152A8/152B SB TL;rolnicze;Ładowarka;PEWNE;Ładowarka rolnicza
MO1_10000985;CEAT;Loadpro Hard Surface;460/70R24 CEAT Loadpro Hard Surface 159A8/159B SB TL;rolnicze;Ładowarka;PEWNE;Ładowarka rolnicza
MO1_10000984;CEAT;Loadpro;500/70R28 CEAT Loadpro 164A8/164B SB TL;rolnicze;Ładowarka;PEWNE;Ładowarka rolnicza
MO1_10000843;CEAT;Loadpro;440/80-24 CEAT Loadpro 168A8 TL;rolnicze;Ładowarka;PEWNE;Ładowarka rolnicza
MO1_10000324;CEAT;Loadpro;480/80R26 CEAT Loadpro 167A8/167B SB TL;rolnicze;Ładowarka;PEWNE;Ładowarka rolnicza
MO1_10000255;CEAT;MPT 808;10.0/75-15.3 CEAT MPT 808 118A8/130A8 14PR TL;rolnicze;Ładowarka;PEWNE;Ładowarka rolnicza
MO1_10000254;CEAT;MPT 808;14.5-20 CEAT MPT 808 143B 14PR TL;rolnicze;Ładowarka;PEWNE;Ładowarka rolnicza
MO1_10000253;CEAT;MPT 808;12.5-20 CEAT MPT 808 140B 12PR TL;rolnicze;Ładowarka;PEWNE;Ładowarka rolnicza
MO5_MCPD280G69008I2S0;Cultor;INDUSTRIAL 20;16.9-28 Cultor INDUSTRIAL 20 151A8 12PR TL;rolnicze;Ładowarka;PEWNE;Ładowarka rolnicza
MO5_MCPD240G69006IN40;Cultor;INDUSTRIAL 40 ER;16.9-24 Cultor INDUSTRIAL 40 ER 149A6 12PR TL;rolnicze;Ładowarka;PEWNE;Ładowarka rolnicza
MO2_5002611700000;Cultor;INDUSTRIAL 10;17.5-24 Cultor INDUSTRIAL 10 12PR TL;przemysłowe;Ładowarka;PEWNE;Ładowarka rolnicza
MO2_5002611660000;Cultor;AGRO-INDUSTRIAL 10;17.5-24 Cultor AGRO-INDUSTRIAL 10 12PR TL;rolnicze;Ładowarka;PEWNE;Ładowarka rolnicza
MO5_BFPR250M65000MBT0;Firestone;MBT MS DE2 **;26.5R25 Firestone MBT MS DE2 ** E-3/L-3 193B TL;rolnicze;Ładowarka;PEWNE;Ładowarka
MO5_BFPR250G75000MBT0;Firestone;MBT MS DE2 **;17.5R25 Firestone MBT MS DE2 ** E-3/L-3 167B TL;rolnicze;Ładowarka;PEWNE;Ładowarka
MO5_BFPR250G23000MBT0;Firestone;MBT MS DE2 **;23.5R25 Firestone MBT MS DE2 ** E-3/L-3 185B TL;rolnicze;Ładowarka;PEWNE;Ładowarka
MO5_BFPR250G21000MBT0;Firestone;MBT MS DE2 **;20.5R25 Firestone MBT MS DE2 ** E-3/L-3 177B TL;rolnicze;Ładowarka;PEWNE;Ładowarka
MO5_BFPR240460708R8U1;Firestone;R8000 UTILITY;460/70R24 Firestone R8000 UTILITY 159A8/159B TL;rolnicze;Ładowarka;PEWNE;Ładowarka rolnicza
MO5_BFPR240460708DUT1;Firestone;DURAFORCE UTILITY;460/70R24 Firestone DURAFORCE UTILITY 159A8 TL;rolnicze;Ładowarka;PEWNE;Ładowarka rolnicza
MO4_BFPR250G75000MBT0;Firestone;MBT MS DE2 **;17.5R25 Firestone MBT MS DE2 ** E-3/L-3 167B TL;rolnicze;Ładowarka;PEWNE;Ładowarka
MO4_BFPR250G23000MBT0;Firestone;MBT MS DE2 **;23.5R25 Firestone MBT MS DE2 ** E-3/L-3 185B TL;rolnicze;Ładowarka;PEWNE;Ładowarka
MO3_4607024FIR8000U;Firestone;R8000 Utility;460/70R24 Firestone R8000 Utility 159A8/159B TL;przemysłowe;Ładowarka;PEWNE;Ładowarka rolnicza
MO2_6029;Firestone;DURA-UT;500/70R24 Firestone DURA-UT 164A/164B TL;rolnicze;Ładowarka;PEWNE;Ładowarka rolnicza
MO2_2937;Firestone;DURA-UT;17.5R24 Firestone DURA-UT 159A TL;rolnicze;Ładowarka;PEWNE;Ładowarka rolnicza
MO2_2009;Firestone;DURA-UT;405/70R18 Firestone DURA-UT 141B;przemysłowe;Ładowarka;PEWNE;Ładowarka rolnicza
MO2_1770;Firestone;DURA-UT;16.9R28 Firestone DURA-UT 156A8 TL;przemysłowe;Ładowarka;PEWNE;Ładowarka rolnicza
MO2_1748;Firestone;DURA-UT;340/80R18 Firestone DURA-UT 143A8 TL;przemysłowe;Ładowarka;PEWNE;Ładowarka rolnicza
MO2_1060;Firestone;DURA-UT;400/70R20 Firestone DURA-UT 149A TL;rolnicze;Ładowarka;PEWNE;Ładowarka rolnicza
MO2_10474;Firestone;R8000UT;17.5R24 Firestone R8000UT 159A/159B TL;rolnicze;Ładowarka;PEWNE;Ładowarka rolnicza
MO10_PMB1241;GRI;GRIP EX MP500;16.0/70-20 GRI GRIP EX MP500 14PR R-4 TL;rolnicze;Ładowarka;PEWNE;Ładowarka rolnicza
MO10_PCR6911;GRI;GRIP XLR EARTH TH200;460/70R24 GRI GRIP XLR EARTH TH200 159A8 R-4 TL;rolnicze;Ładowarka;PEWNE;Ładowarka rolnicza
MO10_PCR6012;GRI;GRIP XLR TH210;460/70R24 GRI GRIP XLR TH210 161A8 R-4 TL;rolnicze;Ładowarka;PEWNE;Ładowarka rolnicza
MO10_PCR6011;GRI;GRIP XLR TH200;460/70R24 GRI GRIP XLR TH200 159A8 R-4 TL;rolnicze;Ładowarka;PEWNE;Ładowarka rolnicza
MO10_PCR1109;GRI;GRIP XLR MP55;500/70R24 GRI GRIP XLR MP55 164A8 R-4 TL;rolnicze;Ładowarka;PEWNE;Ładowarka rolnicza
MO10_PCR1108;GRI;GRIP XLR MP55;500/70R24 GRI GRIP XLR MP55 157A8 R-4 TL;rolnicze;Ładowarka;PEWNE;Ładowarka rolnicza
MO10_PCB7102;GRI;GRIP EX R410;18.4-26 GRI GRIP EX R410 16PR R-4 TL;rolnicze;Ładowarka;PEWNE;Ładowarka rolnicza
MO10_PCB7101;GRI;GRIP EX R410;18.4-26 GRI GRIP EX R410 14PR R-4 TL;rolnicze;Ładowarka;PEWNE;Ładowarka rolnicza
MO10_PCB4214;GRI;GRIP EX LT200;17.5-25 GRI GRIP EX LT200 16PR L-2 TL;przemysłowe;Ładowarka;PEWNE;Ładowarka kołowa
MO10_PCB4213;GRI;GRIP EX LT200;20.5-25 GRI GRIP EX LT200 16PR L-2 TL;przemysłowe;Ładowarka;PEWNE;Ładowarka kołowa
MO10_PCB3503;GRI;GRIP EX MP500;12.5-20 GRI GRIP EX MP500 12PR R-4 TL;rolnicze;Ładowarka;PEWNE;Ładowarka rolnicza
MO10_PCB3502;GRI;GRIP EX MP500;12.5-18 GRI GRIP EX MP500 10PR R-4 TL;rolnicze;Ładowarka;PEWNE;Ładowarka rolnicza
MO10_PCB3501;GRI;GRIP EX MP500;12.5-18 GRI GRIP EX MP500 12PR R-4 TL;rolnicze;Ładowarka;PEWNE;Ładowarka rolnicza
MO10_PCB1803;GRI;GRIP EX R400;16.9-24 GRI GRIP EX R400 14PR R-4 TL;rolnicze;Ładowarka;PEWNE;Ładowarka rolnicza
MO10_PCB1802;GRI;GRIP EX R400;16.9-28 GRI GRIP EX R400 14PR R-4 TL;rolnicze;Ładowarka;PEWNE;Ładowarka rolnicza
MO10_PCB1801;GRI;GRIP EX R400;16.9-30 GRI GRIP EX R400 12PR R-4 TL;rolnicze;Ładowarka;PEWNE;Ładowarka rolnicza
MO10_PCB1408;GRI;XPT+;31x15.5-15 GRI XPT+ 10PR R-4 TL;rolnicze;Ładowarka;PEWNE;Ładowarka rolnicza
MO10_PCB1321;GRI;GRIP EX TL200;15.5/80-24 GRI GRIP EX TL200 20PR R-4 TL;rolnicze;Ładowarka;PEWNE;Ładowarka rolnicza
MO10_PCB1307;GRI;GRIP EX LT100;12.5/80-18 GRI GRIP EX LT100 16PR R-4 TL;rolnicze;Ładowarka;PEWNE;Ładowarka rolnicza
MO10_PCB1306;GRI;GRIPEX LT100;12.5/80-18 GRI GRIPEX LT100 14PR R-4 TL;rolnicze;Ładowarka;PEWNE;Ładowarka rolnicza
MO10_PCB1303;GRI;GRIP EX R400;19.5L-24 GRI GRIP EX R400 16PR R-4 TL;rolnicze;Ładowarka;PEWNE;Ładowarka rolnicza
MO10_PCB1301;GRI;GRIPEX LT100;12.5/80-18 GRI GRIPEX LT100 12PR R-4 TL;rolnicze;Ładowarka;PEWNE;Ładowarka rolnicza
MO10_PCB1297;GRI;GRIP EX LT200;15.5-25 GRI GRIP EX LT200 12PR L-2 TL;przemysłowe;Ładowarka;PEWNE;Ładowarka kołowa
MO10_PCB1287;GRI;GRIP EX R400;16.0/70-20 GRI GRIP EX R400 14PR R-4 TL;rolnicze;Ładowarka;PEWNE;Ładowarka rolnicza
MO10_PCB1286;GRI;GRIP EX TL200;16.5/85-24 GRI GRIP EX TL200 16PR R-4 TL;rolnicze;Ładowarka;PEWNE;Ładowarka rolnicza
MO10_PCB1285;GRI;GRIP EX LT122;14.9-24 GRI GRIP EX LT122 12PR R-4 TL;rolnicze;Ładowarka;PEWNE;Ładowarka rolnicza
MO10_PCB1284;GRI;GRIP EX R400;18.4-26 GRI GRIP EX R400 12PR R-4 TL;rolnicze;Ładowarka;PEWNE;Ładowarka rolnicza
MO10_PCB1283;GRI;GRIP EX TX100;10.5/80-18 GRI GRIP EX TX100 10PR R-4 TL;rolnicze;Ładowarka;PEWNE;Ładowarka rolnicza
MO10_PCB1281;GRI;GRIP EX TX100;15.0/55-17 GRI GRIP EX TX100 10PR R-4 TL;rolnicze;Ładowarka;PEWNE;Ładowarka rolnicza
MO10_PCB1236;GRI;GRIP EX TL200;15.5/80-24 GRI GRIP EX TL200 16PR R-4 TL;rolnicze;Ładowarka;PEWNE;Ładowarka rolnicza
MO10_PCB1202;GRI;GRIP EX R400;17.5L-24 GRI GRIP EX R400 12PR R-4 TL;rolnicze;Ładowarka;PEWNE;Ładowarka rolnicza
MO5_OTPR240460708R110;GTK;RI11;460/70R24 GTK RI11 159A8/159B TL;rolnicze;Ładowarka;PEWNE;Ładowarka rolnicza
MO5_OTPD300G69008LD00;GTK;LD90;16.9-30 GTK LD90 R-4 156A8 16PR TL;przemysłowe;Ładowarka;PEWNE;Ładowarka rolnicza
MO5_OTPD280G69008LD00;GTK;LD90;16.9-28 GTK LD90 R-4 156A8 14PR TL;rolnicze;Ładowarka;PEWNE;Ładowarka rolnicza
MO5_OTPD260G84008LD00;GTK;LD90;18.4-26 GTK LD90 R-4 160A8 14PR TL;rolnicze;Ładowarka;PEWNE;Ładowarka rolnicza
MO5_OTPD250G55008LD00;GTK;LD90 -;15.5-25 GTK LD90 - 173A2 14PR TL;rolnicze;Ładowarka;PEWNE;Ładowarka rolnicza
MO5_OTPD240G75002LD00;GTK;LD90;17.5L-24 GTK LD90 R-4 154A8 14PR TL;rolnicze;Ładowarka;PEWNE;Ładowarka rolnicza
MO5_OTPD240G69008LD00;GTK;LD90;16.9-24 GTK LD90 R-4 154A8 16PR TL;przemysłowe;Ładowarka;PEWNE;Ładowarka rolnicza
MO5_OTPD240G60708LD00;GTK;LD90;16.0/70-24 GTK LD90 R-4 169A2 16PR TL;przemysłowe;Ładowarka;PEWNE;Ładowarka rolnicza
MO5_OTPD200G60708LD00;GTK;LD90;16.0/70-20 GTK LD90 R-4 166A2 16PR TL;przemysłowe;Ładowarka;PEWNE;Ładowarka rolnicza
MO5_OTPD200400702LD00;GTK;LD90;405/70-20 GTK LD90 166A2 16PR TL;przemysłowe;Ładowarka;PEWNE;Ładowarka rolnicza
MO5_OTPD180G25808DL90;GTK;LD92;12.5/80-18 GTK LD92 R-4 146A8 14PR TL;rolnicze;Ładowarka;PEWNE;Ładowarka rolnicza
MO2_276469-39;Galaxy;THE GIANT HIPPO;20.5-25 Galaxy THE GIANT HIPPO 20PR TL;przemysłowe;Ładowarka;PEWNE;Ładowarka kołowa
MO5_KAPD280G69000GE11;Kabat;GTR-03;440/80-28 Kabat GTR-03 156A8 14PR TL;rolnicze;Ładowarka;PEWNE;Ładowarka rolnicza
MO5_KAPD280G69000GE10;Kabat;GTR-03;440/80-28 Kabat GTR-03 152A8 12PR TL;rolnicze;Ładowarka;PEWNE;Ładowarka rolnicza
MO5_KAPD180340808KGT0;Kabat;GTR-03;340/80-18 Kabat GTR-03 146A8 14PR TL;rolnicze;Ładowarka;PEWNE;Ładowarka rolnicza
MO5_KAPD180340808GE10;Kabat;GTR-03;340/80-18 Kabat GTR-03 143A8 12PR TL;rolnicze;Ładowarka;PEWNE;Ładowarka rolnicza
MO4_KAPD280G69000GE11;Kabat;GTR-03;440/80-28 Kabat GTR-03 156A8 14PR TL;rolnicze;Ładowarka;PEWNE;Ładowarka rolnicza
MO4_KAPD180340808KGT0;Kabat;GTR-03;340/80-18 Kabat GTR-03 146A8 14PR TL;rolnicze;Ładowarka;PEWNE;Ładowarka rolnicza
MO4_KAPD180340808GE10;Kabat;GTR-03;340/80-18 Kabat GTR-03 143A8 12PR TL;rolnicze;Ładowarka;PEWNE;Ładowarka rolnicza
MO5_HLRD090E600027MT0;MRL;MT 007 MOBI;6.00-9 MRL MT 007 MOBI 143J 12PR TT;rolnicze;Ładowarka;PEWNE;Ładowarka rolnicza
MO5_HLPD280G69008MTU0;MRL;MTU 428 SUPER CAT;16.9-28 MRL MTU 428 SUPER CAT 152A8 12PR TL;rolnicze;Ładowarka;PEWNE;Ładowarka rolnicza
MO5_HLPD280G69008MTL1;MRL;MTU 430 ROCKY HD;16.9-28 MRL MTU 430 ROCKY HD 157A8 16PR TL;przemysłowe;Ładowarka;PEWNE;Ładowarka rolnicza
MO5_HLPD280G69008MTL0;MRL;MTU 430 ROCKY HD;16.9-28 MRL MTU 430 ROCKY HD 152A8 12PR TL;rolnicze;Ładowarka;PEWNE;Ładowarka rolnicza
MO5_HLPD260G84008MTL0;MRL;MTU 430 ROCKY HD;18.4-26 MRL MTU 430 ROCKY HD 156A8 12PR TL;rolnicze;Ładowarka;PEWNE;Ładowarka rolnicza
MO5_HLPD240H40008MGM2;MRL;MG2 402 BLACK CAT;14.00-24 MRL MG2 402 BLACK CAT G-2 155A8 20PR TL;rolnicze;Ładowarka;PEWNE;Ładowarka rolnicza
MO5_HLPD240G95008MTL0;MRL;MTU 430 ROCKY HD;500/70-24 MRL MTU 430 ROCKY HD 157A8 16PR TL;przemysłowe;Ładowarka;PEWNE;Ładowarka rolnicza
MO5_HLPD240G75008MTU0;MRL;MTU 428 SUPER CAT;17.5L-24 MRL MTU 428 SUPER CAT 150A8 14PR TL;rolnicze;Ładowarka;PEWNE;Ładowarka rolnicza
MO5_HLPD240G69008MTU0;MRL;MTU 428 SUPER CAT;16.9-24 MRL MTU 428 SUPER CAT 149A8 12PR TL;rolnicze;Ładowarka;PEWNE;Ładowarka rolnicza
MO5_HLPD240G69008MTL0;MRL;MTU 430 ROCKY HD;16.9-24 MRL MTU 430 ROCKY HD 152A8 14PR TL;rolnicze;Ładowarka;PEWNE;Ładowarka rolnicza
MO5_HLPD240G55808MTL0;MRL;MTU 430 ROCKY HD;400/80-24 MRL MTU 430 ROCKY HD 162A8 20PR TL;rolnicze;Ładowarka;PEWNE;Ładowarka rolnicza
MO5_HLPD200G60708MTL0;MRL;MTU 430 ROCKY HD;16.0/70-20 MRL MTU 430 ROCKY HD 149A8 16PR TL;przemysłowe;Ładowarka;PEWNE;Ładowarka rolnicza
MO5_HLPD200G2500GM460;MRL;MPT 446;12.5-20 MRL MPT 446 137A8/132G 12PR TL;rolnicze;Ładowarka;PEWNE;Ładowarka rolnicza
MO5_HLPD200G0500GM460;MRL;MPT 446;10.5-20 MRL MPT 446 133A8/128G 10PR TL;rolnicze;Ładowarka;PEWNE;Ładowarka rolnicza
MO5_HLPD180G25808ATU2;MRL;ATU 410 SUPER CAT;12.5/80-18 MRL ATU 410 SUPER CAT 148A6 16PR TL;przemysłowe;Ładowarka;PEWNE;Ładowarka rolnicza
MO5_HLPD180G25808ATU0;MRL;ATU 410 SUPER CAT;12.5/80-18 MRL ATU 410 SUPER CAT 145A6 14PR TL;rolnicze;Ładowarka;PEWNE;Ładowarka rolnicza
MO5_HLPD180G2500GM460;MRL;MPT 446;12.5-18 MRL MPT 446 136A8/131G 12PR TL;rolnicze;Ładowarka;PEWNE;Ładowarka rolnicza
MO5_HLPD153G15808MP04;MRL;MPT 446;11.5/80-15.3 MRL MPT 446 139A8/143A6 14PR TL;rolnicze;Ładowarka;PEWNE;Ładowarka rolnicza
MO5_HLPD153G10758M460;MRL;MPT 446;10.0/75-15.3 MRL MPT 446 130A8/130A8 14PR TL;rolnicze;Ładowarka;PEWNE;Ładowarka rolnicza
MO4_HLRD090E600027MT0;MRL;MT 007 MOBI;6.00-9 MRL MT 007 MOBI 143J 12PR TT;rolnicze;Ładowarka;PEWNE;Ładowarka rolnicza
MO4_HLPD280G69008MTL0;MRL;MTU 430 ROCKY HD;16.9-28 MRL MTU 430 ROCKY HD 152A8 12PR TL;rolnicze;Ładowarka;PEWNE;Ładowarka rolnicza
MO4_HLPD200G60708MTL0;MRL;MTU 430 ROCKY HD;16.0/70-20 MRL MTU 430 ROCKY HD 149A8 16PR TL;przemysłowe;Ładowarka;PEWNE;Ładowarka rolnicza
MO4_HLPD180G25808ATU2;MRL;ATU 410 SUPER CAT;12.5/80-18 MRL ATU 410 SUPER CAT 148A6 16PR TL;przemysłowe;Ładowarka;PEWNE;Ładowarka rolnicza
MO4_HLPD180G25808ATU0;MRL;ATU 410 SUPER CAT;12.5/80-18 MRL ATU 410 SUPER CAT 145A6 14PR TL;rolnicze;Ładowarka;PEWNE;Ładowarka rolnicza
MO4_HLPD153G15808MP04;MRL;MPT 446;11.5/80-15.3 MRL MPT 446 139A8/143A6 14PR TL;rolnicze;Ładowarka;PEWNE;Ładowarka rolnicza
MO4_HLPD153G10758M460;MRL;MPT 446;10.0/75-15.3 MRL MPT 446 130A8/130A8 14PR TL;rolnicze;Ładowarka;PEWNE;Ładowarka rolnicza
MO5_MIRR240500708A7G0;Mitas;AC 70 IMP;500/70R24 Mitas AC 70 IMP 167A8/155A8 TL;rolnicze;Ładowarka;PEWNE;Ładowarka rolnicza
MO5_MIRR240460708A7G0;Mitas;AC 70 IMP;460/70R24 Mitas AC 70 IMP 163A8/151A8 TL;rolnicze;Ładowarka;PEWNE;Ładowarka rolnicza
MO5_MIRR22544565GA7G0;Mitas;AC 70+ MPT;445/65R22.5 Mitas AC 70+ MPT 160G TL;ciężarowe;Ładowarka;PEWNE;Ładowarka rolnicza
MO5_MIRR17042555GA7G1;Mitas;AC 70 MPT;425/55R17 Mitas AC 70 MPT 134G TL;rolnicze;Ładowarka;PEWNE;Ładowarka rolnicza
MO5_MIPR260480808TI20;Mitas;TI-20 INDUST;480/80R26 Mitas TI-20 INDUST 160A8 TL;rolnicze;Ładowarka;PEWNE;Ładowarka rolnicza
MO5_MIPR24040570JM210;Mitas;MPT-21;405/70R24 Mitas MPT-21 152J TL;rolnicze;Ładowarka;PEWNE;Ładowarka rolnicza
MO5_MIPR20040570JM210;Mitas;MPT-21;405/70R20 Mitas MPT-21 152J TL;rolnicze;Ładowarka;PEWNE;Ładowarka rolnicza
MO5_MIPR20040570B01E0;Mitas;EM-01;405/70R20 Mitas EM-01 143B TL;rolnicze;Ładowarka;PEWNE;Ładowarka rolnicza
MO5_MIPR18040570B01E1;Mitas;EM-01;405/70R18 Mitas EM-01 156B TL;rolnicze;Ładowarka;PEWNE;Ładowarka rolnicza
MO5_MIPR18036570B01E0;Mitas;EM-01;365/70R18 Mitas EM-01 135B/146A2 TL;rolnicze;Ładowarka;PEWNE;Ładowarka rolnicza
MO5_MIPR180340808TI20;Mitas;TI-20;340/80R18 Mitas TI-20 143A8 TL;rolnicze;Ładowarka;PEWNE;Ładowarka rolnicza
MO5_MIPD280G69008T6L0;Mitas;TI-06 INDUST;16.9-28 Mitas TI-06 INDUST 152A8 12PR TL;rolnicze;Ładowarka;PEWNE;Ładowarka rolnicza
MO5_MIPD250G2300BEM20;Mitas;EM-20;23.5-25 Mitas EM-20 L-2 177B 20PR TL;rolnicze;Ładowarka;PEWNE;Ładowarka rolnicza
MO5_MIPD240G95708GNR0;Mitas;GRIP-n-RIDE;500/70-24 Mitas GRIP-n-RIDE 151A8 12PR TL;rolnicze;Ładowarka;PEWNE;Ładowarka rolnicza
MO5_MIPD240G75008TI00;Mitas;TI-02;17.5L-24 Mitas TI-02 144A8 10PR TL;rolnicze;Ładowarka;PEWNE;Ładowarka rolnicza
MO5_MIPD240G69008T4L1;Mitas;TI-04 INDUST;16.9-24 Mitas TI-04 INDUST 149A8 12PR TL;rolnicze;Ładowarka;PEWNE;Ładowarka rolnicza
MO5_MIPD24040570BMT40;Mitas;MPT-04;405/70-24 Mitas MPT-04 152B 14PR TL;rolnicze;Ładowarka;PEWNE;Ładowarka rolnicza
MO5_MIPD24040070DMT40;Mitas;MPT-04;400/70-24 Mitas MPT-04 151D 14PR TL;rolnicze;Ładowarka;PEWNE;Ładowarka rolnicza
MO5_MIPD225600408TIR0;Mitas;TI-12;600/40-22.5 Mitas TI-12 169A8 16PR TL;przemysłowe;Ładowarka;PEWNE;Ładowarka rolnicza
MO5_MIPD200H1000BB380;Mitas;NB 38;11.00-20 Mitas NB 38 148B 16PR TT;przemysłowe;Ładowarka;PEWNE;Ładowarka rolnicza
MO5_MIPD200H0000BB380;Mitas;NB 38;10.00-20 Mitas NB 38 146B 16PR TT;przemysłowe;Ładowarka;PEWNE;Ładowarka rolnicza
MO5_MIPD200F6070GMT54;Mitas;MPT-05;16.0/70-20 Mitas MPT-05 145G 14PR TL;rolnicze;Ładowarka;PEWNE;Ładowarka rolnicza
MO5_MIPD200E9000BB380;Mitas;NB 38;9.00-20 Mitas NB 38 140B 14PR TT;rolnicze;Ładowarka;PEWNE;Ładowarka rolnicza
MO5_MIPD200A8200BB380;Mitas;NB 38;8.25-20 Mitas NB 38 122B 14PR TT;rolnicze;Ładowarka;PEWNE;Ładowarka rolnicza
MO5_MIPD200500458TIR0;Mitas;TI-12;500/45-20 Mitas TI-12 160A8 TL;rolnicze;Ładowarka;PEWNE;Ładowarka rolnicza
MO5_MIPD20040570BMT11;Mitas;MPT-01;405/70-20 Mitas MPT-01 152B 16PR TL;przemysłowe;Ładowarka;PEWNE;Ładowarka rolnicza
MO5_MIPD20040570BMT10;Mitas;MPT-01;405/70-20 Mitas MPT-01 149B 14PR TL;rolnicze;Ładowarka;PEWNE;Ładowarka rolnicza
MO5_MIPD20040070DMT40;Mitas;MPT-04;400/70-20 Mitas MPT-04 148D 14PR TL;rolnicze;Ładowarka;PEWNE;Ładowarka rolnicza
MO5_MIPD20036085DMT41;Mitas;MPT-04;360/85-20 Mitas MPT-04 142D 14PR TL;rolnicze;Ładowarka;PEWNE;Ładowarka rolnicza
MO5_MIPD20034080DMT41;Mitas;MPT-04;340/80-20 Mitas MPT-04 135D 12PR TL;rolnicze;Ładowarka;PEWNE;Ładowarka rolnicza
MO5_MIPD2001670014O5L;Mitas;MPT-05;16/70-20 Mitas MPT-05 14PR TL;rolnicze;Ładowarka;PEWNE;Ładowarka rolnicza
MO5_MICD200E6500LB60T;Mitas;NB 60;6.50-20 Mitas NB 60 113L 10PR TT;rolnicze;Ładowarka;PEWNE;Ładowarka rolnicza
MO4_MIPD260G84008T6L0;Mitas;TI-06 INDUST;18.4-26 Mitas TI-06 INDUST 156A8 12PR TL;rolnicze;Ładowarka;PEWNE;Ładowarka rolnicza
MO4_MIPD200H0000BB380;Mitas;NB 38;10.00-20 Mitas NB 38 146B 16PR TT;przemysłowe;Ładowarka;PEWNE;Ładowarka rolnicza
MO4_MIPD200A8200BB380;Mitas;NB 38;8.25-20 Mitas NB 38 122B 14PR TT;rolnicze;Ładowarka;PEWNE;Ładowarka rolnicza
MO3_4807024MI;Mitas;AC 70 G;480/70R24 Mitas AC 70 G 138A8 TL;rolnicze;Ładowarka;PEWNE;Ładowarka rolnicza
MO2_4006340840000;Mitas;AC70 G;380/70R24 Mitas AC70 G 125A8/125B TL;rolnicze;Ładowarka;PEWNE;Ładowarka rolnicza
MO2_4006340730000;Mitas;AC70;380/70R28 Mitas AC70 127A8/127B TL;rolnicze;Ładowarka;PEWNE;Ładowarka rolnicza
MO2_4006340320000;Mitas;AC70 G;480/70R24 Mitas AC70 G 138A8/138B TL;rolnicze;Ładowarka;PEWNE;Ładowarka rolnicza
MO2_4006208420000;Mitas;EM-01;19.5R24 Mitas EM-01 164A8 TL;przemysłowe;Ładowarka;PEWNE;Ładowarka rolnicza
MO2_4006204020000;Mitas;AC70+;445/65R22.5 Mitas AC70+ 160G TL;rolnicze;Ładowarka;PEWNE;Ładowarka rolnicza
MO2_4006202000000;Mitas;MPT-21;12.5R20 Mitas MPT-21 139J TL;przemysłowe;Ładowarka;PEWNE;Ładowarka rolnicza
MO2_25029588;Mitas;MPT-04;340/80-18 Mitas MPT-04 16PR TL;przemysłowe;Ładowarka;PEWNE;Ładowarka rolnicza
MO2_25029093;Mitas;MPT-04;405/70-24 Mitas MPT-04 152B 14PR TL;przemysłowe;Ładowarka;PEWNE;Ładowarka rolnicza
MO2_1011301780000;Mitas;MPT-01;280/80-18 Mitas MPT-01 140B 16PR TL;przemysłowe;Ładowarka;PEWNE;Ładowarka rolnicza
MO5_OZPD280G69008IN80;Ozka;IND 80;16.9-28 Ozka IND 80 R-4 156A8 14PR TL;rolnicze;Ładowarka;PEWNE;Ładowarka rolnicza
MO5_OZPD260L31008K770;Ozka;KNK 77 COMPACTOR;23.1-26 Ozka KNK 77 COMPACTOR R-3 166A8 14PR TL;rolnicze;Ładowarka;PEWNE;Ładowarka rolnicza
MO5_OZPD260G84008IN80;Ozka;IND 80;18.4-26 Ozka IND 80 R-4 160A8 14PR TL;rolnicze;Ładowarka;PEWNE;Ładowarka rolnicza
MO5_OZPD250G55002IN80;Ozka;IND 80 -;15.5-25 Ozka IND 80 - 173A2 14PR TL;rolnicze;Ładowarka;PEWNE;Ładowarka rolnicza
MO5_OZPD240G60702IN80;Ozka;IND 80;16.0/70-24 Ozka IND 80 R-4 169A2 16PR TL;przemysłowe;Ładowarka;PEWNE;Ładowarka rolnicza
MO5_OZPD180G25808IN80;Ozka;IND 80;12.5/80-18 Ozka IND 80 R-4 146A8 14PR TL;rolnicze;Ładowarka;PEWNE;Ładowarka rolnicza
MO4_OZPD280G69008IN80;Ozka;IND 80;16.9-28 Ozka IND 80 R-4 156A8 14PR TL;rolnicze;Ładowarka;PEWNE;Ładowarka rolnicza
MO4_OZPD260G84008IN80;Ozka;IND 80;18.4-26 Ozka IND 80 R-4 160A8 14PR TL;rolnicze;Ładowarka;PEWNE;Ładowarka rolnicza
MO4_OZPD240G75008IN80;Ozka;IND 80;17.5L-24 Ozka IND 80 R-4 154A8 14PR TL;rolnicze;Ładowarka;PEWNE;Ładowarka rolnicza
MO5_TRPR260480808TH40;Trelleborg;TH 400;480/80R26 Trelleborg TH 400 160A8/160B TL;rolnicze;Ładowarka;PEWNE;Ładowarka rolnicza
MO5_TRPR240440808TH40;Trelleborg;TH 400;440/80R24 Trelleborg TH 400 161A8/161B TL;rolnicze;Ładowarka;PEWNE;Ładowarka rolnicza
MO5_TRPR240400708TH40;Trelleborg;TH 400;400/70R24 Trelleborg TH 400 158A8/158B TL;rolnicze;Ładowarka;PEWNE;Ładowarka rolnicza
MO5_TRPD150291002SK90;Trelleborg;SK-900;29x12.50-15 Trelleborg SK-900 118A2 8PR TL;rolnicze;Ładowarka;PEWNE;Ładowarka rolnicza
MO5_TRPD150278002SK80;Trelleborg;SK-800;27x8.50-15 Trelleborg SK-800 118A2 8PR TL;rolnicze;Ładowarka;PEWNE;Ładowarka rolnicza
MO5_TRPD120D85002SK90;Trelleborg;SK-900;23x8.50-12 Trelleborg SK-900 116A2 12PR TL;rolnicze;Ładowarka;PEWNE;Ładowarka rolnicza
MO4_TRPD120D85002SK90;Trelleborg;SK-900;23x8.50-12 Trelleborg SK-900 116A2 12PR TL;rolnicze;Ładowarka;PEWNE;Ładowarka rolnicza
MO3_4607024TR1;Trelleborg;TH500;460/70R24 Trelleborg TH500 159A8/159B TL;przemysłowe;Ładowarka;PEWNE;Ładowarka kołowa
MO3_4007018TR;Trelleborg;TH400;400/70R18 Trelleborg TH400 147A8/147B TL;przemysłowe;Ładowarka;PEWNE;Ładowarka rolnicza
MO2_5017215580001;Trelleborg;TH500;460/70R24 Trelleborg TH500 159A8/159B TL;rolnicze;Ładowarka;PEWNE;Ładowarka kołowa
MO2_5017215580000;Trelleborg;TH500;460/70R24 Trelleborg TH500 159A8/159B TL;rolnicze;Ładowarka;PEWNE;Ładowarka kołowa
MO8_5017215710000;Trelleborg;TH400;440/80R28 Trelleborg TH400 156A8/156B TL;rolnicze;Ładowarka;PEWNE;Ładowarka rolnicza
MO8_13467600;Trelleborg;TH500;480/80R26 Trelleborg TH500 167A8/167B TL;rolnicze;Ładowarka;PEWNE;Ładowarka kołowa
MO8_5017215700000;Trelleborg;TH400;480/80R26 Trelleborg TH400 160A8/160B TL;rolnicze;Ładowarka;PEWNE;Ładowarka rolnicza
MO8_5017215720000;Trelleborg;TH500;500/70R24 Trelleborg TH500 164A8/164B TL;rolnicze;Ładowarka;PEWNE;Ładowarka kołowa
MO8_1110600;Trelleborg;TH400;500/70R24 Trelleborg TH400 164A8/164B TL;rolnicze;Ładowarka;PEWNE;Ładowarka rolnicza
MO8_5017215580000;Trelleborg;TH500;460/70R24 Trelleborg TH500 159A8/159B TL;rolnicze;Ładowarka;PEWNE;Ładowarka kołowa
MO8_5017215680000;Trelleborg;TH400;460/70R24 Trelleborg TH400 159A8/159B TL;rolnicze;Ładowarka;PEWNE;Ładowarka rolnicza
MO8_5017215670000;Trelleborg;TH400;440/80R24 Trelleborg TH400 161A8/161B TL;rolnicze;Ładowarka;PEWNE;Ładowarka rolnicza
MO8_5017215660000;Trelleborg;TH400;400/70R24 Trelleborg TH400 152A8/152B TL;rolnicze;Ładowarka;PEWNE;Ładowarka rolnicza
MO8_5017215650000;Trelleborg;TH400;400/70R20 Trelleborg TH400 149A8/149B TL;rolnicze;Ładowarka;PEWNE;Ładowarka rolnicza
MO8_12643100;Trelleborg;TH500;400/70R20 Trelleborg TH500 149A8/149B TL;rolnicze;Ładowarka;PEWNE;Ładowarka kołowa
MO8_5017215640000;Trelleborg;TH400;400/70R18 Trelleborg TH400 147A8/147B TL;rolnicze;Ładowarka;PEWNE;Ładowarka rolnicza
MO8_5017215630000;Trelleborg;TH400;340/80R18 Trelleborg TH400 143A8/143B TL;rolnicze;Ładowarka;PEWNE;Ładowarka rolnicza
MO8_5017215610000;Trelleborg;TH400;11L-16 Trelleborg TH400 130A8 TL;rolnicze;Ładowarka;PEWNE;Ładowarka rolnicza
