Kod producenta;ean;id JMK;Producent;Bieżnik;Sezon;Rodzaj;nazwa;szerokosc;profil;srednica;Indeks prędkości 1;Indeks Prędkości 2;Indeks Nośność 1;Indeks Nośność 2;Zamiennik;System;Magazyn 1 ilosc;Magazyn 2 ilosc;Cena detal netto;Cena klient netto;Opór toczenia;Przyczepność;Hałas Klasa;Hałas dB;Dot;Konstrukcja;Masa brutto;EPRELURL;Informacje_dodatkowe
003-01-01-06-08-0001;0440000011215;28146;Stomil Poznań;S29;;przemysłowe;OPONA 23.5-25 S29 20PR TL Stomil Poznań;23.5;;25;;;20PR;;;;1;1;12933,00;10605,06;;;;;;-;0;;
024095;3528700240955;36412;Kleber;GRIPKER;;rolnicze;OPONA 540/65R30 GRIPKER 143D TL Kleber;540;65;30;D;;143;;;;4;4;8200,00;4346,00;;;;;;R;0;;
04121950000;4019238100006;81112;Continental;LSR1;;ciężarowe;OPONA 10R17.5 LSR1 134/132L FRONT Continental (D,C,A,70dB);10;;17.5;L;;134/132;;;FRONT;2;2;2254,00;1397,48;D;C;A;70dB;;R;31 kg;https://eprel.ec.europa.eu/qr/1421707;
04220740000;4019238012613;62308;Continental;LDR1;;ciężarowe;OPONA 10R17.5 LDR1 134/132L 3PMSF DRIVE Continental (D,C,2,74dB);10;;17.5;;L;134;132;;;4;4;2254,00;1363,67;D;C;2;74dB;;R;0;;
050267;3528700502671;4989;Michelin;POWER CL;;przemysłowe;OPONA 15.5/80-24 (400/80-24) POWER CL 162A8/20PR TL Michelin;15.5;80;24;A8;;162;20PR;400/80-24;;6;6;5737,00;2954,55;;;;;;-;74 kg;;
05124690000;0440000111861;70193;Barum;BF 200;;ciężarowe;OPONA 385/65R22.5 BF 200 160K/158L 3PMSF M+S FRONT Barum (C,B,B,73dB);385;65;22.5;K;L;160;158;;;2;2;2526,00;1566,12;C;B;B;73dB;;R;0 kg;;
05126270000;4019238046120;77247;Continental;HS5 CONTI HYBRID;;ciężarowe;OPONA 315/70R22.5 HS5 CONTI HYBRID 156L/150M 3PMSF M+S FRONT Continental (C,B,A,70dB);315;70;22.5;L;M;156;150;;EU LRL 20PR;2;2;3217,00;1930,20;C;B;A;70dB;;R;0 kg;;
05127970000;4019238084559;85776;Continental;CONTI ECO HS 5;;ciężarowe;OPONA 385/55R22.5 CONTI ECO HS 5 162K/158L 3PMSF M+S Continental (B,B,A,71dB);385;55;22.5;K;L;162;158;;;4;4;3581,00;2148,60;B;B;A;71dB;;R;0 kg;;
05128600000;4019238099546;90695;Continental;CONTI ECO HS 5;;ciężarowe;OPONA 385/65R22.5 CONTI ECO HS 5 164K 3PMSF M+S FRONT Continental (B,B,A,71dB);385;65;22.5;K;;164;;;;2;2;3482,00;2071,79;B;B;A;71dB;;R;0 kg;;
05128730000;4019238303100;89337;Continental;CONTI ECO HS 5;;ciężarowe;OPONA 315/60R22.5 CONTI ECO HS 5 154/150L 3PMSF M+S FRONT Continental (B,B,A,71dB);315;60;22.5;;L;154;150;;;2;2;3586,00;2133,67;B;B;A;71dB;;R;0 kg;;
05129240000;4019238298376;94451;Continental;CONTI ECO HS 5;;ciężarowe;OPONA 315/70R22.5 CONTI ECO HS 5 158/150L M+S FRONT Continental (B,B,A,71dB);315;70;22.5;;L;158;150;;;2;2;3346,00;2174,90;B;B;A;71dB;;R;0 kg;;
05153280000;4019238662443;80319;Continental;Conti CrossTrac HS3 ;;ciężarowe;OPONA 385/65R22.5 Conti CrossTrac HS3  160K/158L ON/OFF 3PMSF FRONT Continental (C,B,B,72dB);385;65;22.5;K;L;160;158;;;4;4;3345,00;2007,00;C;B;B;72dB;;R;0 kg;;
05153350000;4019238669138;80489;Continental;Conti CrossTrac HS3 ;;ciężarowe;OPONA 385/65R22.5 Conti CrossTrac HS3  164K/20 PR ON/OFF 3PMSF M+S FRONT Continental (C,B,B,72dB);385;65;22.5;K;;164;20 PR;;;2;2;3378,00;2043,69;C;B;B;72dB;;R;0 kg;;
05211850000;4019238062144;72923;Continental;HD3+ CONTI ECOPLUS;;ciężarowe;OPONA 315/60R22.5 HD3+ CONTI ECOPLUS 152/148L 3PMSF M+S DRIVE Continental (B,C,A,73dB);315;60;22.5;;L;152;148;;;1;1;3572,00;1821,72;B;C;A;73dB;;R;60 kg;;
05225280000;4019238078077;85832;Continental;HD5 CONTI ECO;;ciężarowe;OPONA 315/70R22.5 HD5 CONTI ECO 154/150L/152/148M 3PMSF M+S DRIVE Continental (B,C,A,73dB);315;70;22.5;;;154/150L;152/148M;;;8;8;3313,00;1954,67;B;C;A;73dB;;R;64 kg;https://eprel.ec.europa.eu/qr/777615;
05322380000;4019238062885;76815;Continental;HT3+ CONTI HYBRID;;ciężarowe;OPONA 385/55R19.5 HT3+ CONTI HYBRID 156J 3PMSF M+S TRAILER Continental (B,C,A,70dB);385;55;19.5;J;;156;;;;9;9;3645,00;2059,42;B;C;A;70dB;;R;63 kg;;
05322730000;4019238071139;92997;Continental;CONTI HYBRID HT5;;ciężarowe;OPONA 385/65R22.5 CONTI HYBRID HT5 164K RFID 3PMSF M+S TRAILER Continental (B,B,A,70dB);385;65;22.5;K;;164;;;TRAILER;7;7;3097,00;1811,74;B;B;A;70dB;;R;75,4 kg;;
05322760000;4019238071283;81009;Continental;CONTI HYBRID HT3+;;ciężarowe;OPONA 445/45R19.5 CONTI HYBRID HT3+ 160J/22PR FR 3PMSF M+S TRAILER Continental (B,C,B,72dB);445;45;19.5;J;;160;22PR;;;4;4;3590,00;1938,60;B;C;B;72dB;;R;70 kg;;
05322770000;4019238071276;81035;Continental;HT3+ CONTI HYBRID;;ciężarowe;OPONA 435/50R19.5 HT3+ CONTI HYBRID 160J 3PMSF M+S TRAILER Continental (B,C,B,73dB);435;50;19.5;J;;160;;;;12;12;3416,00;1895,88;B;C;B;73dB;;R;0 kg;;
05740150000;4019238026016;58837;Continental;MPT81;;przemysłowe;OPONA 365/80R20 MPT81 152K TL Continental;365;80;20;K;;152;;;TL LR-G;1;1;3769,00;2751,37;;;;;;R;0;;
06202050000;0440000055776;68923;Continental;TRACTOR MASTER;;rolnicze;OPONA 600/65R28 TRACTOR MASTER 154D/157A8 TL Continental;600;65;28;D;A8;154;157;;;1;1;8000,00;5200,00;;;;;;R;0 kg;;
06700030000;4019238052435;70629;Continental;COMPACTMASTER EM;;rolnicze;OPONA 17.5R24 (460/70r24) COMPACTMASTER EM 159A8/159B TL Continental;17.5;;24;A8;B;159;159;460/70r24;;10;10;4300,00;2795,00;;;;;;R;0 kg;;
07003620000;4019238135565;1340;Continental;IC10;;przemysłowe;OPONA 4.00-8 IC10 97A5/10PR TT Continental;4.00;;8;A5;;97;10PR;;;1;1;269,00;196,37;;;;;;-;2,58 kg;;
07003700000;0440000110215;3024;Continental;IC10;;przemysłowe;OPONA 5.00-8 IC10 8PR/106A5 TT Continental;5.00;;8;;A5;8PR;106;;;6;6;368,00;268,64;;;;;;-;0;;
07004220000;0440000002541;1280;Continental;IC10;;przemysłowe;OPONA 7.00-12 IC10 16PR/136A5 TT Continental;7.00;;12;;A5;16PR;136;;;2;2;830,00;605,90;;;;;;-;0 kg;;
07006640000;0440000124915;92945;Continental;IC12;;przemysłowe;OPONA 300-15 IC12 165A5/22PR Continental;300;;15;A5;;165;22PR;;;1;1;900,00;657,00;;;;;2018;-;0;;
07020880000;0440000055615;1248;Continental;IC40;;przemysłowe;OPONA 18X7-8 (180/70-8) IC40 125A5/16PR TT Continental;18X7;;8;A5;;125;16PR;180/70-8;;6;6;580,00;423,40;;;;;;-;0 kg;;
07021060000;0440000055639;3906;Continental;IC40;;przemysłowe;OPONA 6.50-10 IC40 128A5/14PR Continental;6.50;;10;A5;;128;14PR;;;5;5;711,00;519,03;;;;;;-;15 kg;;
07021220000;0440000055646;3481;Continental;IC40;;przemysłowe;OPONA 7.00-12 IC40 136A5/16PR TT Continental;7.00;;12;A5;;136;16PR;;;4;4;977,00;713,21;;;;;;-;0 kg;;
07021360000;0440000055653;3482;Continental;IC40;;przemysłowe;OPONA 27X10-12 (250/75-12) IC40 152A5/20PR TT Continental;27X10;;12;A5;;152;20PR;250/75-12;;2;2;1718,00;1254,14;;;;;;-;0 kg;;
07021800000;0440000002701;3483;Continental;IC40;;przemysłowe;OPONA 28X9-15 IC40 146A5/14PR TT Continental;28X9;;15;A5;;146;14PR;;;4;4;1365,00;996,45;;;;;;-;0;;
07022640000;0440000055677;1251;Continental;IC40;;przemysłowe;OPONA 300-15 IC40 165A5/22PR TT Continental;300;;15;A5;;165;22PR;;;6;6;2291,00;1672,43;;;;;;-;0;;
07022760000;0440000056063;3029;Continental;IC40;;przemysłowe;OPONA 8.25-15 IC40 18PR/153A5 TT Continental;8.25;;15;;A5;18PR;153;;;1;1;1914,00;1397,22;;;;;;-;0;;
07300500000;0440000079697;3484;Continental;IC40;;przemysłowe;OPONA 23X9-10 (225/75-10) IC40 142A5/20PR TT Continental;23X9;;10;A5;;142;20PR;225/75-10;;4;4;1040,00;759,20;;;;;;-;0 kg;;
07423000000;0440000002640;33056;Continental;IC40;;przemysłowe;OPONA 355/65-15 IC40 170A5/24PR TL Continental;355;65;15;A5;;170;24PR;;;2;2;3352,00;2446,96;;;;;;-;0;;
10000674;0440000109264;86509;Alliance;AGRISTAR II;;rolnicze;OPONA 210/95R16 AGRISTAR II 106D TL Alliance;210;95;16;D;;106;;;;2;2;800,00;520,00;;;;;;R;28 kg;;
10001929;0440000112974;88268;Alliance;FORESTAR 345;;leśne;OPONA 28L-26 FORESTAR 345 20PR/177A2/165A6 TL Alliance;28L;;26;;;20PR;177A2/165A6;;;1;1;13668,00;8884,20;;;;;;-;0 kg;;
10004368;0440000128203;94064;Alliance;372 AGRIFLEX+;;rolnicze;OPONA 620/70R26 372 AGRIFLEX+ 173D VF TL Alliance;620;70;26;D;;173;;;;2;2;7795,80;5067,27;;;;;;R;0;;
100054;3528701000541;29597;Michelin;XMCL;;przemysłowe;OPONA 340/80R18 (12.5/80R18) XMCL 143A8/143B TL Michelin;340;80;18;A8;B;143;143;12.5/80R18;;2;2;4531,00;2378,77;;;;;;R;0 kg;;
100374-33;0440000008581;67643;Galaxy;BEEFY BABY R-4;;przemysłowe;OPONA 18-22.5 BEEFY BABY R-4 18PR TL Galaxy;18;;22.5;;;18PR;;;;5;5;3550,00;2343,00;;;;;;-;0;;
1011204690000;8590341007346;916;Mitas;NB41;;ciężarowe;OPONA 10.00-20 NB41 16PR ALL POSITION Mitas;10.00;;20;;;16PR;;;;1;1;1590,00;1049,40;;;;;;-;46,6 kg;;
1011206320000;8590341007230;949;Mitas;NB59;;przemysłowe;OPONA 11.00-20 NB59 16PR TT Mitas;11.00;;20;;;16PR;;;;4;4;1982,00;1308,12;;;;;;-;50 kg;;
1011304470000;8590341006875;1098;Mitas;MPT04;;przemysłowe;OPONA 10.5-20 MPT04 10PR TL Mitas;10.5;;20;;;10PR;;;;2;2;1650,00;1089,00;;;;;;-;30 kg;;
1011304930000;8590341006851;969;Mitas;MPT05;;przemysłowe;OPONA 10.5-20 MPT05 10PR TL Mitas;10.5;;20;;;10PR;;;;1;1;1480,00;976,80;;;;;;-;30 kg;;
1011307930000;8590341110978;64812;Mitas;MPT01;;przemysłowe;OPONA 340/80-20 (12.5-20) MPT01 133B TL Mitas;340;80;20;B;;133;;12.5-20;;1;1;1362,00;898,92;;;;;;-;50 kg;;
1011312300000;8590341111487;44906;Mitas;MPT04;;przemysłowe;OPONA 360/85-20 (14.5-20) MPT04 12PR TL Mitas;360;85;20;;;12PR;;14.5-20;;2;2;2650,00;1749,00;;;;;;-;0;;
1011312750000;8590341006585;27632;Mitas;MPT05;;przemysłowe;OPONA 14.5-20 MPT05 12PR TL Mitas;14.5;;20;;;12PR;;;;3;3;2500,00;1650,00;;;;;;-;58 kg;;
1011313210000;8590341006578;1071;Mitas;MPT03;;przemysłowe;OPONA 14.5-20 MPT03 12PR TL Mitas;14.5;;20;;;12PR;;;;2;2;2500,00;1650,00;;;;;;-;58 kg;;
1011313680000;8590341111494;46007;Mitas;MPT04 IND;;przemysłowe;OPONA 360/85-20 (14.5-20) MPT04 IND 14PR TL Mitas;360;85;20;;;14PR;;14.5-20;;1;1;2807,00;1852,62;;;;;;-;0;;
1012102160000;8590341006356;922;Mitas;NB38 EXTRA ML;;przemysłowe;OPONA 9.00-20 NB38 EXTRA ML 14PR TT Mitas;9.00;;20;;;14PR;;;;1;1;1570,00;1036,20;;;;;;-;38 kg;;
1012303550000;8590341006035;3124;Mitas;EM30;;przemysłowe;OPONA 17.5-25 EM30 16PR TL Mitas;17.5;;25;;;16PR;;;;2;2;4848,00;3199,68;;;;;;-;128 kg;;
1012304140000;0440000124472;92677;Mitas;EM60;;przemysłowe;OPONA 17.5-25 EM60 22PR TL Mitas;17.5;;25;;;22PR;;;;1;1;7100,00;4686,00;;;;;2023;-;128 kg;;
1012305040000;8590341005878;955;Mitas;EM70;;przemysłowe;OPONA 20-24 EM70 12PR TL Mitas;20;;24;;;12PR;;;;2;2;5200,00;3432,00;;;;;;-;139 kg;;
1012305620000;8590341005861;1350;Mitas;EM20;;przemysłowe;OPONA 20.5-25 EM20 16PR TL Mitas;20.5;;25;;;16PR;;;;2;2;6507,00;4294,62;;;;;;-;190 kg;;
1012305850000;8590341005847;1078;Mitas;EM30;;przemysłowe;OPONA 20.5-25 EM30 16PR TL Mitas;20.5;;25;;;16PR;;;;3;3;6877,00;4538,82;;;;;;-;190 kg;;
1012308390000;8590341005564;3362;Mitas;EM60;;przemysłowe;OPONA 26.5-25 EM60 28PR TL Mitas;26.5;;25;;;28PR;;;;1;1;9028,00;5958,48;;;;;;-;370 kg;;
1012308450000;8590341005502;17307;Mitas;EM60;;przemysłowe;OPONA 26.5-25 EM60 32PR TL Mitas;26.5;;25;;;32PR;;;;2;2;9479,00;6256,14;;;;;;-;370 kg;;
1013101720000;8590341004864;3365;Mitas;TI02;;przemysłowe;OPONA 17.5-24 (17.5L-24) TI02 10PR TL Mitas;17.5;;24;;;10PR;;17.5L-24;;1;1;2720,00;1795,20;;;;;;-;85 kg;;
1013102640000;8590341004796;31330;Mitas;TI05 S116;;przemysłowe;OPONA 19.5-24 (19.5L-24) TI05 S116 12PR TL Mitas;19.5;;24;;;12PR;;19.5L-24;;3;3;3466,00;2287,56;;;;;;-;86 kg;;
1013201880000;8590341004598;1904;Mitas;TD02;;rolnicze;OPONA 12.4-28 (320/85-28) TD02 8PR TT Mitas;12.4;;28;;;8PR;;320/85-28;;4;4;1623,00;1071,18;;;;;;-;43 kg;;
1013205490000;8590341050557;1238;Mitas;TD05;;rolnicze;OPONA 14.9-38 (380/85-38) TD05 6PR TT Mitas;14.9;;38;;;6PR;;380/85-38;;2;2;2593,00;1711,38;;;;;;-;80 kg;;
1013309710000;8590341004123;3809;Mitas;IM04;;rolnicze;OPONA 15.0/55-17 IM04 14PR TL Mitas;15.0;55;17;;;14PR;;;;4;4;1340,00;884,40;;;;;;-;30 kg;;
1013311480000;8590341004093;2916;Mitas;IM04;;rolnicze;OPONA 12.5/80-18 (320/80-18) IM04 14PR TT Mitas;12.5;80;18;;;14PR;;320/80-18;;1;1;1191,00;786,06;;;;;;-;48 kg;;
1014101010000;8590341078889;29299;Mitas;SK02;;przemysłowe;OPONA 31X15.50-15 SK02 8PR TL Mitas;31X15.50;;15;;;8PR;;;;1;1;1397,00;922,02;;;;;;-;27 kg;;
1014108020000;8590341106889;44908;Mitas;TR-10 IND;;przemysłowe;OPONA 14-17.5 TR-10 IND 14PR/139B TL Mitas;14;;17.5;;B;14PR;139;;;6;6;1650,00;1089,00;;;;;;-;0;;
1014113220000;8590341066916;1131;Mitas;TR08 HD;;rolnicze;OPONA 600/50-22.5 TR08 HD 156A8/168A8 TL Mitas;600;50;22.5;A8;A8;156;168;;;5;5;3180,00;2098,80;;;;;;-;97 kg;;
1014201480000;8590341003560;872;Mitas;MPT02;;przemysłowe;OPONA 18-19.5 MPT02 156B/16PR TL Mitas;18;;19.5;B;;156;16PR;;;4;4;3264,00;2154,24;;;;;;-;80 kg;;
1014201730000;8590341003546;1143;Mitas;MPT06;;przemysłowe;OPONA 18-19.5 MPT06 16PR TL Mitas;18;;19.5;;;16PR;;;;1;1;2125,00;1402,50;;;;;;-;80 kg;;
1014202690000;8590341111722;44133;Mitas;MPT06;;przemysłowe;OPONA 480/65-22.5 (18-22.5) MPT06 16PR TL Mitas;480;65;22.5;;;16PR;;18-22.5;;4;4;3100,00;2046,00;;;;;;-;0;;
1014309870000;8590341003461;3353;Mitas;IM04;;rolnicze;OPONA 19.0/45-17 IM04 14PR TL Mitas;19.0;45;17;;;14PR;;;;15;15;1724,00;1137,84;;;;;;-;41 kg;;
1014503680000;8590341003003;4925;Mitas;TG02;;przemysłowe;OPONA 14.00-24 TG02 16PR TL Mitas;14.00;;24;;;16PR;;;;2;2;3118,00;2057,88;;;;;;-;88 kg;;
1032400;8059971003338;78883;Trelleborg;TM800 HIGH SPEED;;rolnicze;OPONA 540/65R30 TM800 HIGH SPEED 150D/147E TL Trelleborg;540;65;30;D;E;150;147;;;1;1;8600,00;4816,00;;;;;;R;136 kg;;
10336;3286341033618;44156;Dayton;D800M;;ciężarowe;OPONA 315/80R22.5 D800M 156K/150K ON/OFF FRONT Dayton (C,B,1,69dB);315;80;22.5;K;K;156;150;;FRONT ON/OFF;2;2;2700,00;1026,00;C;B;1;69dB;;R;0 kg;;
10371;3286341037111;45607;Bridgestone;RD2;;ciężarowe;OPONA 265/70R19.5 RD2 140M/138M DRIVE Bridgestone (C,B ,2,74dB);265;70;19.5;M;M;140;138;;;8;8;2000,00;1100,00;C;B ;2;74dB;;R;0 kg;;
10372;3286341037210;58473;Bridgestone;RD2;;ciężarowe;OPONA 285/70R19.5 RD2 146M/144M 3PMSF DRIVE Bridgestone (C,C,2,74dB);285;70;19.5;M;M;146;144;;;4;4;2314,00;1295,84;C;C;2;74dB;;R;0;;
10374;3286341037418;49593;Bridgestone;RD2;;ciężarowe;OPONA 225/75R17.5 RD2 129M/127M 3PMSF DRIVE Bridgestone (C,B,2,74dB);225;75;17.5;M;M;129;127;;;4;4;1566,00;861,30;C;B;2;74dB;;R;0;;
10377;3286341037715;49299;Bridgestone;RS2;;ciężarowe;OPONA 225/75R17.5 RS2 129M/127M 3PMSF FRONT Bridgestone (C,B,1,70dB);225;75;17.5;M;M;129;127;;;2;2;1566,00;908,28;C;B;1;70dB;;R;0;;
10378;3286341037814;41980;Bridgestone;RS2;;ciężarowe;OPONA 215/75R17.5 RS2 128M/126M FRONT Bridgestone (C,C,1,68);215;75;17.5;M;M;128;126;;;2;2;1424,00;811,68;C;C;1;68;;R;0 kg;;
10386;3286341038613;51330;Bridgestone;RT1;;ciężarowe;OPONA 235/75R17.5 RT1 143J/146F 3PMSF TRAILER Bridgestone (C,B,1,68dB);235;75;17.5;J;F;143;146;;;4;4;1806,00;1029,42;C;B;1;68dB;;R;0;;
10452;0440000047788;58274;Bridgestone;VT-TRACTOR;;rolnicze;OPONA 600/65R28 VT-TRACTOR 159D/156E VF TL Bridgestone;600;65;28;D;E;159;156;;;2;2;13614,00;4220,34;;;;;;R;0;;
10456;3286341045611;71111;Bridgestone;VT-TRACTOR;;rolnicze;OPONA 600/70R30 VT-TRACTOR 165D/161E TL Bridgestone;600;70;30;D;E;165;161;;TL NRO;2;2;24639,00;7576,49;;;;;;R;0 kg;;
10474;0440000009632;49479;Firestone;R8000UT;;rolnicze;OPONA 17.5R24 (460/70R24) R8000UT 159A/159B TL Firestone;17.5;;24;A;B;159;159;460/70R24;;8;8;5449,00;1961,64;;;;;;R;0;;
10852;3286341085211;62276;Bridgestone;RT2 DURAVIS;;ciężarowe;OPONA 385/65R22.5 RT2 DURAVIS 160K/158L TRAILER Bridgestone (B,B,1,70dB);385;65;22.5;K;L;160;158;;;20;20;3380,00;1656,20;B;B;1;70dB;;R;76 kg;;
10861;3286341086119;56031;Bridgestone;RT1;;ciężarowe;OPONA 245/70R17.5 RT1 143J/146F 3PMSF TRAILER Bridgestone (C,B,1,69dB);245;70;17.5;J;F;143;146;;;1;1;1948,00;1110,36;C;B;1;69dB;;R;0;;
10862;3286341086218;75674;Bridgestone;HT2 ECOPIA;;ciężarowe;OPONA 445/45R19.5 HT2 ECOPIA 160J 3PMSF M+S TRAILER Bridgestone (B,A,B,72dB);445;45;19.5;J;;160;;;;3;3;3931,00;2162,05;B;A;B;72dB;;R;0 kg;;
1103700;8059971006902;24055;Trelleborg;T404;;rolnicze;OPONA 710/40-22.5 T404 158A8 TL Trelleborg;710;40;22.5;A8;;158;;;;1;1;5200,00;2912,00;;;;;2017;-;0;;
110650;3528701106502;7213;Michelin;XZL;;ciężarowe;OPONA 255/100R16 XZL 126K ON/OFF ALL POSITION Michelin;255;100;16;K;;126;;;;1;1;4753,00;2804,27;;;;;;R;0;;
11082;3286341108217;49307;Firestone;FS411;;ciężarowe;OPONA 265/70R19.5 FS411 140M/138M 3PMSF FRONT Firestone (C,B,1,71dB);265;70;19.5;M;M;140;138;;;2;2;1738,00;1025,42;C;B;1;71dB;;R;0;;
11084;3286341108415;49306;Firestone;FD611;;ciężarowe;OPONA 265/70R19.5 FD611 140M/138M 3PMSF DRIVE Firestone (C,B,1,72dB);265;70;19.5;M;M;140;138;;;4;4;1738,00;1042,80;C;B;1;72dB;;R;0;;
1121182020016KDEP0;0440000121181;90685;JK Tyre;JETSTEEL JDE++;;ciężarowe;OPONA 8.25R20 JETSTEEL JDE++ 137/135K DRIVE JK Tyre;8.25;;20;;K;137;135;;;4;4;910,00;646,10;;;;;;R;30 kg;;
1121190020016KDEP0;0440000120740;90671;JK Tyre;JETSTEEL JDE++;;ciężarowe;OPONA 9.00R20 JETSTEEL JDE++ 142/140K M+S DRIVE JK Tyre (D,B,B,73dB);9.00;;20;;K;142;140;;12PR + DĘTKA;20;20;1140,00;809,40;D;B;B;73dB;;R;0;;
112513;3528701125138;52226;Michelin;X MULTI T;;ciężarowe;OPONA 385/65R22.5 X MULTI T 160K 3PMSF TRAILER Michelin (B,B,1,69dB);385;65;22.5;K;;160;;;;1;1;4066,00;2215,97;B;B;1;69dB;;R;0;;
11467600;0440000008864;69144;Mitas;B17;;rolnicze;OPONA 5.00-10 B17 4PR TT Mitas;5.00;;10;;;4PR;;;;2;2;202,00;133,32;;;;;;-;0 kg;;
11467900;0440000008895;69145;Mitas;B18;;rolnicze;OPONA 6.5/80-12 B18 4PR TT Mitas;6.5;80;12;;;4PR;;;;3;3;266,00;175,56;;;;;;-;0 kg;;
11468000;0440000008888;69140;Mitas;B12;;rolnicze;OPONA 4.00-10 B12 2PR TT Mitas;4.00;;10;;;2PR;;;;1;1;128,00;84,48;;;;;;-;0 kg;;
1147700;8059971011173;5051;Trelleborg;T510;;rolnicze małe;OPONA 15X6.00-6 T510 6PR TT Trelleborg;15X6.00;;6;;;6PR;;;;1;1;209,00;177,65;;;;;;-;3 kg;;
115122942C018LDL30;8906140922702;86766;JK Tyre;JETSTEEL JDL3;;ciężarowe;OPONA 295/60R22.5 JETSTEEL JDL3 150/147L 3PMSF M+S DRIVE JK Tyre (D,B,B,73dB);295;60;22.5;;L;150;147;;;20;20;1260,00;894,60;D;B;B;73dB;;R;0 kg;https://eprel.ec.europa.eu/screen/product/tyres/2190495;
115123142C020LDL30;8906140922252;88168;JK Tyre;JETSTEEL JDL3;;ciężarowe;OPONA 315/60R22.5 JETSTEEL JDL3 152L/148L 3PMSF M+S DRIVE JK Tyre (D,B,B,73dB);315;60;22.5;L;L;152;148;;;20;20;1400,00;994,00;D;B;B;73dB;;R;0 kg;;
115123162C018LDL30;8906140920463;86767;JK Tyre;JETSTEEL JDL3;;ciężarowe;OPONA 315/70R22.5 JETSTEEL JDL3 154L/150J 3PMSF M+S DRIVE JK Tyre (D,B,B,73dB);315;70;22.5;L;J;154;150;;;20;20;1540,00;1093,40;D;B;B;73dB;;R;0 kg;https://eprel.ec.europa.eu/screen/product/tyres/2190501;
115123162C018LL4PU;0440000111502;87629;Celestis;CDL4+;;ciężarowe;OPONA 315/70R22.5 CDL4+ 154L/150J 3PMSF M+S DRIVE Celestis (E,B,B,73dB);315;70;22.5;L;J;154;150;;;20;20;1120,00;795,20;E;B;B;73dB;;R;59 kg;;
115123182C018KDC1U;0440000111519;87630;Celestis;CDC1;;ciężarowe;OPONA 315/80R22.5 CDC1 156K/150J ON/OFF 3PMSF M+S DRIVE Celestis (D,C,B,73dB);315;80;22.5;K;J;156;150;;;20;20;1190,00;844,90;D;C;B;73dB;;R;0 kg;;
115123182C018KDC30;8906140920616;86770;JK Tyre;JETSTEEL JDC3;;ciężarowe;OPONA 315/80R22.5 JETSTEEL JDC3 156K/150J ON/OFF 3PMSF M+S DRIVE JK Tyre (D,C,B,73dB);315;80;22.5;K;J;156;150;;;20;20;1480,00;1050,80;D;C;B;73dB;;R;0 kg;https://eprel.ec.europa.eu/screen/product/tyres/2190503;
115123182C018LDL30;8906140920005;86771;JK Tyre;JETSTEEL JDL3;;ciężarowe;OPONA 315/80R22.5 JETSTEEL JDL3 156L/150J 3PMSF M+S DRIVE JK Tyre (D,B,B,73dB);315;80;22.5;L;J;156;150;;;20;20;1520,00;1079,20;D;B;B;73dB;;R;0 kg;https://eprel.ec.europa.eu/screen/product/tyres/2190503;
115123182C018LL4PU;0440000111526;87631;Celestis;CDL4+;;ciężarowe;OPONA 315/80R22.5 CDL4+ 156L/150J 3PMSF M+S DRIVE Celestis (E,B,B,73dB);315;80;22.5;L;J;156;150;;;20;20;1260,00;894,60;E;B;B;73dB;;R;0 kg;;
115221102C016LTH10;8906140921262;86765;JK Tyre;JETWAY JTH1;;ciężarowe;OPONA 11R22.5 JETWAY JTH1 148L/145L 3PMSF M+S ALL POSITION JK Tyre (D,C,B,72dB);11;;22.5;L;L;148;145;;;1;1;1150,00;816,50;D;C;B;72dB;;R;0 kg;https://eprel.ec.europa.eu/screen/product/tyres/2221342;
115221102C016LUL30;0440000113568;88166;JK Tyre;JETWAY JUL3;;ciężarowe;OPONA 11R22.5 JETWAY JUL3 146L/143L 3PMSF M+S ALL POSITION JK Tyre (D,B,B,72dB);11;;22.5;L;L;146;143;;;18;18;1160,00;823,60;D;B;B;72dB;;R;0 kg;;
115222982C016MUL30;8906140924171;88167;JK Tyre;JETWAY JUL3;;ciężarowe;OPONA 295/80R22.5 JETWAY JUL3 152M/148H 3PMSF M+S FRONT JK Tyre (D,B,B,72dB);295;80;22.5;M;H;152;148;;;20;20;1290,00;915,90;D;B;B;72dB;;R;0 kg;;
115223162C018LUH2U;0440000118952;89908;Celestis;CUH2;;ciężarowe;OPONA 315/70R22.5 CUH2 156/150L 3PMSF M+S FRONT Celestis (D,B,C,73dB);315;70;22.5;;L;156;150;;;20;20;1080,00;766,80;D;B;C;73dB;;R;59 kg;;
115223162C018LUL40;8906140920449;86769;JK Tyre;JETWAY JUL4;;ciężarowe;OPONA 315/70R22.5 JETWAY JUL4 156L/150J 3PMSF M+S FRONT JK Tyre (D,B,B,73dB);315;70;22.5;L;J;156;150;;;1;1;1290,00;915,90;D;B;B;73dB;;R;0 kg;https://eprel.ec.europa.eu/screen/product/tyres/2190502;
115223182C018LUH2U;0440000118860;89907;Celestis;CUH2;;ciężarowe;OPONA 315/80R22.5 CUH2 156/150L 3PMSF M+S FRONT Celestis (D,B,C,73dB);315;80;22.5;;L;156;150;;;20;20;1180,00;837,80;D;B;C;73dB;;R;0 kg;;
115223182C018LUL40;8906140920432;86772;JK Tyre;JETWAY JUL4;;ciężarowe;OPONA 315/80R22.5 JETWAY JUL4 156L/150J 3PMSF M+S FRONT JK Tyre (D,B,B,73dB);315;80;22.5;L;J;156;150;;;20;20;1380,00;979,80;D;B;B;73dB;;R;0 kg;https://eprel.ec.europa.eu/screen/product/tyres/2190510;
115223832C020KJTL0;8906140920425;88165;JK Tyre;JETWAY JTL;;ciężarowe;OPONA 385/55R22.5 JETWAY JTL 160K/(158L) 3PMSF M+S TRAILER JK Tyre (C,B,B,72dB);385;55;22.5;K;;160;(158L);;;20;20;1290,00;915,90;C;B;B;72dB;;R;0 kg;;
115223852C020KJTL0;8906140920418;87614;JK Tyre;JETWAY JTL;;ciężarowe;OPONA 385/65R22.5 JETWAY JTL 164K 3PMSF M+S TRAILER JK Tyre (C,B,B,72dB);385;65;22.5;K;;164;;;;20;20;1540,00;1093,40;C;B;B;72dB;;R;0 kg;https://eprel.ec.europa.eu/screen/product/tyres/2190512;
115223852C020KTH2U;0440000118969;89909;Celestis;CTH2;;ciężarowe;OPONA 385/65R22.5 CTH2 164K 3PMSF M+S TRAILER Celestis (B,C,B,73dB);385;65;22.5;K;;164;;;;20;20;1310,00;930,10;B;C;B;73dB;;R;0 kg;;
115223852C020KUH60;8906140920401;86773;JK Tyre;JETWAY JUH6;;ciężarowe;OPONA 385/65R22.5 JETWAY JUH6 164K/(158L) 3PMSF M+S ALL POSITION JK Tyre (D,B,B,73dB);385;65;22.5;K;;164;(158L);;;20;20;1570,00;1114,70;D;B;B;73dB;;R;0 kg;https://eprel.ec.europa.eu/screen/product/tyres/2190514;
115323182C018LUC40;8906140920012;88285;JK Tyre;JETWAY JUC4;;ciężarowe;OPONA 315/80R22.5 JETWAY JUC4 156/150L 3PMSF M+S FRONT JK Tyre (D,C,B,73dB);315;80;22.5;;L;156;150;;;20;20;1530,00;1086,30;D;C;B;73dB;;R;0 kg;;
115323852C020KUCD0;8906140921842;87615;JK Tyre;JETWAY JUC-XD;;ciężarowe;OPONA 385/65R22.5 JETWAY JUC-XD 164K ON/OFF 3PMSF M+S ALL POSITION JK Tyre (C,B,B,74dB);385;65;22.5;K;;164;;;;20;20;1510,00;1072,10;C;B;B;74dB;;R;0 kg;https://eprel.ec.europa.eu/screen/product/tyres/2190513;
11605900;0440000008734;69148;Mitas;B19;;rolnicze;OPONA 16X6.50-8 B19 6PR TL Mitas;16X6.50;;8;;;6PR;;;;20;20;140,00;92,40;;;;;;-;3 kg;;
11606000;0440000109400;86561;Mitas;B19;;rolnicze;OPONA 16X6.50-8 B19 10PR TL Mitas;16X6.50;;8;;;10PR;;;;20;20;145,00;95,70;;;;;;-;3 kg;;
1168500;8059971011883;90327;Trelleborg;T510;;rolnicze;OPONA 13X5.00-6 T510 4PR TL Trelleborg;13X5.00;;6;;;4PR;;;;1;1;115,00;69,00;;;;;;-;0 kg;;
1169800;8059971011913;38905;Trelleborg;T539;;rolnicze małe;OPONA 4.10-4 T539 6PR TT Trelleborg;4.10;;4;;;6PR;;;;9;9;85,00;72,25;;;;;;-;0;;
121315;3528701213156;86923;Michelin;X MULTI ENERGY Z2;;ciężarowe;OPONA 315/70R22.5 X MULTI ENERGY Z2 158/150L 3PMSF M+S FRONT Michelin (B,C,2,72dB);315;70;22.5;;L;158;150;;;2;2;4802,00;2497,04;B;C;2;72dB;;R;0;https://eprel.ec.europa.eu/qr/1921551;
125222461H018KUH50;0440000121150;90679;JK Tyre;JETWAY JUH5;;ciężarowe;OPONA 245/70R17.5 JETWAY JUH5 143/141J 3PMSF M+S TRAILER JK Tyre;245;70;17.5;J;;143/141;;;;20;20;720,00;511,20;;;;;;R;32,5 kg;;
12872500;8059971066081;94488;Cultor;RD01;;rolnicze;OPONA 13.6R28 (340/85R28) RD01 127A8/124B TL Cultor;13.6;;28;A8;B;127;124;340/85R28;;2;2;1660,00;1095,60;;;;;;R;62 kg;;
12873900;0440000108281;85922;Cultor;RD-02;;rolnicze;OPONA 480/70R28 RD-02 140A8/140B TL Cultor;480;70;28;A8;B;140;140;;;2;2;2696,00;1779,36;;;;;;R;102 kg;;
129099;0440000077235;6998;Kenda;K500 SUPER TURF;;rolnicze;OPONA 23X8.50-12 K500 SUPER TURF 6PR/92A4 TL Kenda;23X8.50;;12;;A4;6PR;92;;;20;20;230,00;230,00;;;;;;-;0;;
130553;3528701305530;26638;Michelin;X LINE ENERGY F ;;ciężarowe;OPONA 385/65R22.5 X LINE ENERGY F  160K ANTISPLASH 3PMSF FRONT Michelin (B,B,1,69dB);385;65;22.5;K;;160;;;ANTISPLASH FRONT;4;4;4844,00;2615,76;B;B;1;69dB;;R;75,4 kg;;
13219300;0440000118068;89622;Mitas;TR06;;rolnicze;OPONA 31X15.50-15 TR06 8PR TL Mitas;31X15.50;;15;;;8PR;;;;10;10;1009,00;665,94;;;;;;-;27 kg;;
13219600;0440000124359;92610;Mitas;TR12;;rolnicze;OPONA 600/40-22.5 TR12 172A8/160A8 IMP TL Mitas;600;40;22.5;A8;A8;172;160;;;2;2;3200,00;2112,00;;;;;;-;85 kg;;
13261;3286341326116;48733;Bridgestone;RS2;;ciężarowe;OPONA 235/75R17.5 RS2 132M/130M FRONT Bridgestone (C,B,1,70dB);235;75;17.5;M;M;132;130;;;4;4;1703,00;885,56;C;B;1;70dB;;R;0;;
1327700;8059971014990;2995;Trelleborg;AW305;;rolnicze;OPONA 340/55-16 AW305 128A8/140A8 TL Trelleborg;340;55;16;A8;A8;128;140;;;20;20;1292,00;775,20;;;;;;-;0;;
13390;3286341339017;91875;Bridgestone;VX-TRACTOR;;rolnicze;OPONA 540/65R38 VX-TRACTOR 153D/150E TL Bridgestone;540;65;38;D;E;153;150;;;2;2;12974,00;4411,16;;;;;;R;0;;
13405;3286341340518;67559;Bridgestone;VX-TRACTOR;;rolnicze;OPONA 480/70R28 VX-TRACTOR 145D/142E TL Bridgestone;480;70;28;D;E;145;142;;;7;7;9121,00;3101,14;;;;;;R;0 kg;;
13416600;8059971053951;93989;Mitas;AGRITERRA ULTRA;;rolnicze;OPONA 600/50R22.5 AGRITERRA ULTRA 163D TL Mitas;600;50;22.5;D;;163;;;;1;1;5135,00;3389,10;;;;;;R;120 kg;;
13417800;0440000117795;89490;Mitas;AGRITERRA ULTRA;;rolnicze;OPONA 710/50R26.5 AGRITERRA ULTRA 170D TL Mitas;710;50;26.5;D;;170;;;;7;7;6200,00;4092,00;;;;;;R;190 kg;;
13432;3286341343212;59532;Bridgestone;VX-TRACTOR;;rolnicze;OPONA 580/70R38 VX-TRACTOR 160D/157E TL Bridgestone;580;70;38;D;E;160;157;;;2;2;17987,00;5575,97;;;;;;R;240,1 kg;;
13434;0440000092573;63568;Bridgestone;VX-TRACTOR;;rolnicze;OPONA 14.9R24 (380/85R24) VX-TRACTOR 137D/134E TL Bridgestone;14.9;;24;D;E;137;134;380/85R24;;6;6;5995,00;2038,30;;;;;;R;0;;
13437900;0440000120900;90884;Mitas;TR01;;rolnicze;OPONA 15.0/55-17 TR01 10PR TL Mitas;15.0;55;17;;;10PR;;;;4;4;1185,00;782,10;;;;;;-;0;;
13454;3286341345414;77434;Firestone;FT833;;ciężarowe;OPONA 385/65R22.5 FT833 160K ON/OFF 3PMSF M+S TRAILER Firestone (C,B,B,71dB);385;65;22.5;K;;160;;;;4;4;2602,00;1483,14;C;B;B;71dB;;R;0 kg;;
13456;3286341345612;62685;Firestone;FD833;;ciężarowe;OPONA 315/80R22.5 FD833 156K/150K ON/OFF 3PMSF DRIVE Firestone (D,B,2,75dB);315;80;22.5;K;K;156;150;;;7;7;4550,00;1638,00;D;B;2;75dB;;R;0;;
13464;3286341346411;58234;Bridgestone;RS2;;ciężarowe;OPONA 245/70R19.5 RS2 136M/134M 3PMSF FRONT Bridgestone (C,B,1,69dB);245;70;19.5;M;M;136;134;;;2;2;1953,00;1122,97;C;B;1;69dB;;R;0;;
13467;3286341346718;63448;Bridgestone;RD2;;ciężarowe;OPONA 205/75R17.5 RD2 124/122M 3PMSF DRIVE Bridgestone (C,B,C,71dB);205;75;17.5;;M;124;122;;;4;4;1376,00;784,32;C;B;C;71dB;;R;0;;
13469;3286341346916;49570;Bridgestone;RD2;;ciężarowe;OPONA 265/70R17.5 RD2 138M/136M 3PMSF DRIVE Bridgestone (C,B,2,75dB);265;70;17.5;M;M;138;136;;;4;4;2047,00;1166,79;C;B;2;75dB;;R;0;;
13480;3286341348019;67688;Firestone;FD611;;ciężarowe;OPONA 245/70R19.5 FD611 136M/134M 3PMSF DRIVE Firestone (D,B,2,75dB);245;70;19.5;M;M;136;134;;;10;10;1695,00;966,15;D;B;2;75dB;;R;0 kg;;
13481;3286341348118;51320;Firestone;FD611;;ciężarowe;OPONA 225/75R17.5 FD611 129M/127M 3PMSF DRIVE Firestone (C,B,1,72dB);225;75;17.5;M;M;129;127;;;4;4;1342,00;798,49;C;B;1;72dB;;R;0;;
13482;3286341348217;80886;Firestone;FS411;;ciężarowe;OPONA 205/75R17.5 FS411 124/122M 3PMSF FRONT Firestone (C,B,B,72dB);205;75;17.5;;M;124;122;;FRONT;2;2;1179,00;695,61;C;B;B;72dB;;R;0;;
13484;3286341348415;60795;Firestone;FS411;;ciężarowe;OPONA 285/70R19.5 FS411 145M/146M FRONT Firestone (C,B,2,72dB);285;70;19.5;M;M;145;146;;;2;2;2009,00;1185,31;C;B;2;72dB;;R;37,6 kg;;
13488;3286341348811;59199;Firestone;FS411;;ciężarowe;OPONA 245/70R19.5 FS411 136M/134M 3PMSF FRONT Firestone;245;70;19.5;M;M;136;134;;;4;4;1695,00;966,15;;;;;;R;0;;
13491;3286341349115;81425;Firestone;FD611;;ciężarowe;OPONA 205/75R17.5 FD611 124M/122M 3PMSF M+S DRIVE Firestone (D,C,A,73dB);205;75;17.5;M;M;124;122;;;4;4;1179,00;707,40;D;C;A;73dB;;R;0 kg;https://eprel.ec.europa.eu/screen/product/tyres/383612;
13496;3286341349610;53748;Bridgestone;ECO HT2;;ciężarowe;OPONA 385/65R22.5 ECO HT2 160K/158L 3PMSF TRAILER Bridgestone (A,B,1,68dB);385;65;22.5;K;L;160;158;;;8;8;3415,00;1775,80;A;B;1;68dB;;R;0;;
13499;3286341349917;57696;Bridgestone;HT2 ECOPIA;;ciężarowe;OPONA 385/55R22.5 HT2 ECOPIA 160K/158L 3PMSF TRAILER Bridgestone (A,B,1,68dB);385;55;22.5;K;L;160;158;;;4;4;3385,00;1743,27;A;B;1;68dB;;R;0;;
13502900;0440000124342;92609;Mitas;TR08;;rolnicze;OPONA 550/60-22.5 TR08 171A8 TL Mitas;550;60;22.5;A8;;171;;;;3;3;3020,00;1993,20;;;;;;-;88 kg;;
13503000;0440000122508;91748;Mitas;TR08;;rolnicze;OPONA 550/60-22.5 TR08 16PR TL Mitas;550;60;22.5;;;16PR;;;;5;5;2889,00;1906,74;;;;;;-;88 kg;;
135433-33;0440000010461;67203;Galaxy;MIGHTY MOW;;przemysłowe;OPONA 17.5-24 (17.5L-24) MIGHTY MOW 8PR TL Galaxy;17.5;;24;;;8PR;;17.5L-24;;4;4;2620,00;1729,20;;;;;;-;0;;
13560;3286341356014;58977;Bridgestone;RT1;;ciężarowe;OPONA 245/70R19.5 RT1 141J/140J TRAILER Bridgestone (C,B,1,69dB);245;70;19.5;J;J;141;140;;;9;9;2116,00;1206,12;C;B;1;69dB;;R;0;;
1370;4250427424965;79723;Falken;RI151;;ciężarowe;OPONA 205/75R17.5 RI151 124/122M 3PMSF M+S ALL POSITION Falken (E,C,B,72dB);205;75;17.5;;M;124;122;;;3;3;1300,00;663,00;E;C;B;72dB;;R;0 kg;;
13760520000;0440000005962;6369;Continental;SC20;;przemysłowe;OPONA 21X8-9 (200/75-9) SC20 6.00 CLIP Clean Continental;21X8;;9;;;;;200/75-9;;2;2;1819,00;1327,87;;;;;;-;0;;
13760530000;0440000097097;2558;Continental;SC20;;przemysłowe;OPONA 23X9-10 (225/75-10) SC20 6.50 CLIP Clean Continental;23X9;;10;;;;;225/75-10;;4;4;2591,00;1891,43;;;;;;-;0 kg;;
13760540000;0440000006020;3888;Continental;SC20;;przemysłowe;OPONA 27X10-12 (250/75-12) SC20 /8.00 CLIP Clean Continental;27X10;;12;;;;;250/75-12;;1;1;2100,00;1533,00;;;;;2016;-;0 kg;;
13760560000;0440000006075;1219;Continental;SC20;;przemysłowe;OPONA 23X10-12 (250/60-12) SC20 /8.00 CLIP Clean Continental;23X10;;12;;;;;250/60-12;;2;2;2787,00;2034,51;;;;;;-;0 kg;;
13760580000;0440000009403;3921;Continental;SC20;;przemysłowe;OPONA 125/75-8 (15X4 1/2-8) SC20 /3.00 STD Clean Continental;125;75;8;;;;;15X4 1/2-8;;1;1;752,00;548,96;;;;;;-;0;;
13760680000;4019238426205;2977;Continental;SC20;;przemysłowe;OPONA 6.50-10 SC20 5.00 CLIP Clean Continental;6.50;;10;;;;;;;2;2;2044,00;1492,12;;;;;;-;15 kg;;
13760690000;0440000005979;4020;Continental;SC20;;przemysłowe;OPONA 6.50-10 SC20 5.00 STD Clean Continental;6.50;;10;;;;;;;2;2;2044,00;1492,12;;;;;;-;15 kg;;
13760740000;0440000006068;4001;Continental;SC20;;przemysłowe;OPONA 140/55-9 SC20 4.00 CLIP Clean Continental;140;55;9;;;;;;;8;8;1189,00;867,97;;;;;;-;10,16 kg;;
13760750000;0440000124946;92949;Continental;SC20;;przemysłowe;OPONA 140/55-9 SC20 /4.00 STD Clean Continental;140;55;9;;;;;;;1;1;300,00;219,00;;;;;2012;-;0;;
13760760000;4019238426281;89422;Continental;SC20 SIT;;przemysłowe;OPONA 6.00-9 SC20 SIT 4.00 Clean Continental;6.00;;9;;;;;;;2;2;1545,00;1127,85;;;;;;-;7 kg;;
13760840000;0440000121105;91010;Continental;SC20;;przemysłowe;OPONA 180/60-10 SC20 5.00 CLIP Clean Continental;180;60;10;;;;;;;1;1;1404,00;1024,92;;;;;2012;-;0;;
13760840000;0440000124953;92950;Continental;SC20;;przemysłowe;OPONA 180/60-10 SC20 5.00 CLIP Clean Continental;180;60;10;;;;;;;1;1;1404,00;1024,92;;;;;2017;-;0;;
13760860000;0440000006167;5781;Continental;SC20;;przemysłowe;OPONA 200/50-10 SC20 6.50 CLIP Clean Continental;200;50;10;;;;;;;4;4;1622,00;1184,06;;;;;;-;22,85 kg;;
13760880000;0440000006099;27957;Continental;SC20;;przemysłowe;OPONA 8.25-15 SC20 6.50 CLIP Clean Continental;8.25;;15;;;;;;;4;4;4861,00;3548,53;;;;;;-;89,1 kg;;
13760920000;0440000055349;2988;Continental;SC20;;przemysłowe;OPONA 18X7-8 (180/70-8) SC20 4.33 CLIP Clean Continental;18X7;;8;;;;;180/70-8;;4;4;1234,00;900,82;;;;;;-;20,72 kg;;
13760930000;0440000005986;1221;Continental;SC20;;przemysłowe;OPONA 18X7-8 (180/70-8) SC20 /4.33 STD Clean Continental;18X7;;8;;;;;180/70-8;;1;1;1234,00;900,82;;;;;;-;20 kg;;
13763160000;4019238610055;72234;Continental;CS20;;przemysłowe;OPONA 18X7-8 (180x70-8) CS20 /4.33 CLIP Clean Continental;18X7;;8;;;;;180x70-8;;1;1;1234,00;900,82;;;;;;-;0 kg;;
13763450000;0440000006242;50397;Continental;SC20+;;przemysłowe;OPONA 125/75-8 (15x4 1/2-8) SC20+ /3.00 CLIP Continental;125;75;8;;;;;15x4 1/2-8;;4;4;579,00;422,67;;;;;;-;0;;
13763490000;0440000077648;46553;Continental;SC20+;;przemysłowe;OPONA 150/75-8 (16X6-8) SC20+ /4.33 CLIP Continental;150;75;8;;;;;16X6-8;;3;3;820,00;598,60;;;;;;-;0;;
13763510000;0440000056049;3790;Continental;SC20+;;przemysłowe;OPONA 18X7-8 (180/70-8) SC20+ 4.33 CLIP Continental;18X7;;8;;;;;180/70-8;;4;4;977,00;713,21;;;;;;-;20,5 kg;;
13763530000;0440000124960;92951;Continental;SC20 MILEAGE+;;przemysłowe;OPONA 18X7-8 (180/70-8) SC20 MILEAGE+ 4.33 STD Continental;18X7;;8;;;;;180/70-8;;1;1;949,00;692,77;;;;;2011;-;0 kg;;
13763530000;0440000125042;92952;Continental;SC20 MILEAGE+;;przemysłowe;OPONA 18X7-8 (180/70-8) SC20 MILEAGE+ 4.33 STD Continental;18X7;;8;;;;;180/70-8;;1;1;949,00;692,77;;;;;2012;-;0 kg;;
13763540000;0440000055356;46024;Continental;SC20+;;przemysłowe;OPONA 140/55-9 SC20+ /4.00 CLIP Continental;140;55;9;;;;;;;6;6;913,00;666,49;;;;;;-;10,15 kg;;
13763600000;0440000055387;8209;Continental;SC20+;;przemysłowe;OPONA 6.50-10 SC20+ 5.00 CLIP Continental;6.50;;10;;;;;;;2;2;1571,00;1146,83;;;;;;-;15 kg;;
13763610000;0440000008901;8210;Continental;SC20+;;przemysłowe;OPONA 6.50-10 SC20+ 5.00 STD Continental;6.50;;10;;;;;;;2;2;1571,00;1146,83;;;;;;-;35 kg;;
13763640000;0440000055394;41179;Continental;SC20+;;przemysłowe;OPONA 200/50-10 SC20+ 6.50 CLIP Continental;200;50;10;;;;;;;2;2;1246,00;909,58;;;;;;-;22,9 kg;;
13763660000;0440000055400;7003;Continental;SC20+;;przemysłowe;OPONA 23X9-10 (225/75-10) SC20+ 6.50 CLIP Continental;23X9;;10;;;;;225/75-10;;2;2;2055,00;1500,15;;;;;;-;43,54 kg;;
13763700000;0440000056056;49167;Continental;SC20+;;przemysłowe;OPONA 250/60-12 (23X10-12) SC20+ /8.00 CLIP Continental;250;60;12;;;;;23X10-12;;1;1;2208,00;1611,84;;;;;;-;46,25 kg;;
13763730000;0440000006235;24825;Continental;SC20+;;przemysłowe;OPONA 27X10-12 (250/75-12) SC20+ /8.00 STD Continental;27X10;;12;;;;;250/75-12;;1;1;2702,00;1972,46;;;;;;-;0 kg;;
13763830000;0440000124977;92954;Continental;SC20+ STD;;przemysłowe;OPONA 8.25-15 SC20+ STD 153A5 6.50 STD Continental;8.25;;15;A5;;153;;;;1;1;1990,00;1452,70;;;;;2015;-;0;;
13763840000;0440000006105;7610;Continental;SC20+;;przemysłowe;OPONA 28X9-15 (225/75-15) SC20+ /7.00 CLIP Continental;28X9;;15;;;;;225/75-15;;2;2;2607,00;1903,11;;;;;;-;0;;
13763860000;0440000055431;29669;Continental;SC20+;;przemysłowe;OPONA 250-15 (250/70-15) SC20+ 153A5 /7.00 CLIP Continental;250;;15;A5;;153;;250/70-15;;4;4;2765,00;2018,45;;;;;;-;68,1 kg;;
13763910000;0440000006198;3386;Continental;SC20+ SIT ;;przemysłowe;OPONA 300-15 (315/70-15) SC20+ SIT  /8.00 Continental;300;;15;;;;;315/70-15;;2;2;4480,00;3270,40;;;;;;-;0;;
13763920000;0440000006174;7690;Continental;SC20 STD MILEAGE+;;przemysłowe;OPONA 300-15 (315/70-15) SC20 STD MILEAGE+ /8.00 Continental;300;;15;;;;;315/70-15;;2;2;4480,00;3270,40;;;;;;-;0;;
142336;3528701423364;90714;Michelin;X LINE ENERGY Z 3;;ciężarowe;OPONA 355/50R22.5 X LINE ENERGY Z 3 158K 3PMSF M+S FRONT Michelin (A,C,A,71dB);355;50;22.5;K;;158;;;;2;2;5135,00;2849,92;A;C;A;71dB;;R;0 kg;;
146722;3528701467221;57239;BFGoodrich;ROUTE CONTROL D;;ciężarowe;OPONA 295/80R22.5 ROUTE CONTROL D 152/148M 3PMSF M+S DRIVE BFGoodrich (D,C,1,73dB);295;80;22.5;;M;152;148;;;3;3;2809,00;1320,23;D;C;1;73dB;;R;0;;
1472500;8059971017724;2425;Trelleborg;T539;;rolnicze małe;OPONA 220/60-12 T539 88A8 TL Trelleborg;220;60;12;A8;;88;;;;1;1;686,00;583,10;;;;;;-;0;;
15151050120040TRM0;0440000123338;91911;JK Tyre;TRAC MASTER ;;rolnicze;OPONA 5.00-12 TRAC MASTER  G1 TT JK Tyre;5.00;;12;;;;;;;20;20;190,00;134,90;;;;;;-;0 kg;;
15151830200080SO10;0440000121198;90683;JK Tyre;SONA-1 R-1 TRACTOR REAR;;rolnicze;OPONA 8.3-20 SONA-1 R-1 TRACTOR REAR 8PR TT JK Tyre;8.3;;20;;;8PR;;;;7;7;510,00;362,10;;;;;;-;28 kg;;
152.11.646;0440000095468;34097;Alliance;GRASSLAND FLOTATION 221;;rolnicze;OPONA 33x15.50-15 GRASSLAND FLOTATION 221 124B/8PR TL Alliance;33x15.50;;15;B;;124;8PR;;;1;1;1300,00;845,00;;;;;;-;0;;
152.26.100;0440000108861;63342;Alliance;350;;rolnicze;OPONA 9.5R32 (230/95r32) 350 131A8/128D TL Alliance;9.5;;32;A8;D;131;128;230/95r32;;2;2;1700,00;1105,00;;;;;;R;0;;
152.26.205;0440000105518;84703;Alliance;350;;rolnicze;OPONA 9.5R42 (230/95R42) 350 133D TL Alliance;9.5;;42;D;;133;;230/95R42;;1;1;2236,00;1453,40;;;;;;R;0;;
152.28.691;0440000088538;78219;Alliance;AGRISTAR II;;rolnicze;OPONA 16.9R34 (420/85R34) AGRISTAR II 142D TL Alliance;16.9;;34;D;;142;;420/85R34;;2;2;3300,00;2145,00;;;;;;R;0;;
152.28.692;0440000089245;76023;Alliance;AGRISTAR II;;rolnicze;OPONA 16.9R34 (420/85R34) AGRISTAR II 147D TL Alliance;16.9;;34;D;;147;;420/85R34;;2;2;3300,00;2145,00;;;;;;R;0;;
152.28.812;0440000124274;70098;Alliance;AGRISTAR II;;rolnicze;OPONA 280/70R20 AGRISTAR II 116D TL Alliance;280;70;20;D;;116;;;;2;2;1120,00;728,00;;;;;;R;0 kg;;
15212648;0440000107819;85828;Alliance;328 FLOTATION;;rolnicze;OPONA 600/55-22.5 328 FLOTATION 162D/161E TL Alliance;600;55;22.5;D;E;162;161;;TL 16PR ;4;4;5295,00;3441,75;;;;;;-;0;;
15222035;0440000101091;83640;Alliance;FARM PRO 324;;rolnicze;OPONA 5.00-12 FARM PRO 324 4PR/56A6 TT Alliance;5.00;;12;;A6;4PR;56;;;1;1;214,00;139,10;;;;;;-;0;;
15222434;0440000128944;94467;Alliance;324;;rolnicze;OPONA 12.4-28 (320/85-28) 324 12PR/125A8 TT Alliance;12.4;;28;;125A8;12PR;;320/85-28;TT;2;2;1535,60;998,14;;;;;;-;43 kg;;
153111102800800J50;0440000123482;92033;JK Tyre;JTR 45;;rolnicze;OPONA 11.2-28 JTR 45 8PR/118A6 TT JK Tyre;11.2;;28;;A6;8PR;118;;;1;1;882,00;626,22;;;;;;-;34 kg;;
153111202400800J50;0440000122560;91504;JK Tyre;JTR 45;;rolnicze;OPONA 12.4-24 (320/85-24) JTR 45 8PR/121A6 TT JK Tyre;12.4;;24;;A6;8PR;121;320/85-24;;15;15;830,00;589,30;;;;;;-;0;;
153111202800800J50;0440000118587;88307;JK Tyre;JTR 45;;rolnicze;OPONA 12.4-28 JTR 45 8PR/123A6 TT JK Tyre;12.4;;28;;A6;8PR;123;;TT;20;20;860,00;610,60;;;;;;-;0;;
153111402800800J50;0440000119515;88308;JK Tyre;JTR 45;;rolnicze;OPONA 14.9-28 (380/85-28) JTR 45 8PR/130A6 TT JK Tyre;14.9;;28;;A6;8PR;130;380/85-28;TT;20;20;1120,00;795,20;;;;;;-;0;;
153111402801200J50;0440000127374;93743;JK Tyre;JTR 45;;rolnicze;OPONA 14.9-28 (380/85-28) JTR 45 12PR/137A6 TT JK Tyre;14.9;;28;;A6;12PR;137;380/85-28;TT;4;4;1160,00;823,60;;;;;;-;0;;
153111503801000J50;0440000119522;88309;JK Tyre;JTR 45;;rolnicze;OPONA 15.5-38 JTR 45 10PR/138A6 TT JK Tyre;15.5;;38;;A6;10PR;138;;TT;20;20;1480,00;1050,80;;;;;;-;0;;
153111603001200J50;0440000129118;94543;JK Tyre;JTR 45;;rolnicze;OPONA 16.9-30 JTR 45 12 PR/144A6 TT JK Tyre;16.9;;30;;A6;12 PR;144;;;20;20;1640,00;1164,40;;;;;;-;0;;
153111803401000J50;0440000119539;88310;JK Tyre;JTR 45;;rolnicze;OPONA 18.4-34 JTR 45 10PR/146A6 TT JK Tyre;18.4;;34;;A6;10PR;146;;TT;11;11;2020,00;1434,20;;;;;;-;0;;
153111803801200J50;0440000119546;88311;JK Tyre;JTR 45;;rolnicze;OPONA 18.4-38 JTR 45 12PR/153A6 TT JK Tyre;18.4;;38;;A6;12PR;153;;TT;15;15;2160,00;1533,60;;;;;;-;0;;
15311200380168TRM0;0440000121143;90677;JK Tyre;TRAC MASTER;;rolnicze;OPONA 20.8-38 (520/85-38) TRAC MASTER 16PR TT JK Tyre;20.8;;38;;;16PR;;520/85-38;;7;7;3550,00;2520,50;;;;;;-;193 kg;;
15312230260146TRM0;0440000118518;88312;JK Tyre;TRAC MASTER;;rolnicze;OPONA 23.1-26 TRAC MASTER 14PR/156A6 TL JK Tyre;23.1;;26;;A6;14PR;156;;TT;3;3;2980,00;2115,80;;;;;;-;0;;
15312600120060TRM0;0440000121167;90680;JK Tyre;TRAC MASTER;;rolnicze;OPONA 6.00-12 TRAC MASTER 6PR TL JK Tyre;6.00;;12;;;6PR;;;;2;2;250,00;177,50;;;;;;-;0;;
15312600120080TRM0;0440000127480;93752;JK Tyre;TRAC MASTER;;rolnicze;OPONA 6.00-12 TRAC MASTER 8PR/84A6 TL JK Tyre;6.00;;12;;A6;8PR;84;;;20;20;260,00;184,60;;;;;;-;0;;
153129502200800J50;0440000123369;91915;JK Tyre;JTR 45;;rolnicze;OPONA 9.5-22 JTR 45 8PR/110A6 TL JK Tyre;9.5;;22;;A6;8PR;110;;;8;8;660,00;468,60;;;;;;-;0 kg;;
1551228616112BA70J;0440000129149;94544;JK Tyre;AGRI KING 70;;rolnicze;OPONA 280/70R16 AGRI KING 70 112B TL JK Tyre;280;70;16;B;;112;;;;3;3;800,00;568,00;;;;;;R;0;;
1551228618114BA70J;0440000122614;91506;JK Tyre;AGRI KING 70;;rolnicze;OPONA 280/70R18 AGRI KING 70 114B TL JK Tyre;280;70;18;B;;114;;;;20;20;765,00;543,15;;;;;;R;0;;
1551232620123BA70J;0440000122621;91507;JK Tyre;AGRI KING 70;;rolnicze;OPONA 320/70R20 AGRI KING 70 123B TL JK Tyre;320;70;20;B;;123;;;;8;8;1050,00;745,50;;;;;;R;0;;
1551232624116BA70J;0440000122638;91508;JK Tyre;AGRI KING 70;;rolnicze;OPONA 320/70R24 AGRI KING 70 116B TL JK Tyre;320;70;24;B;;116;;;;7;7;1190,00;844,90;;;;;;R;0 kg;;
1551232924122BA85J;0440000129101;94545;JK Tyre;AGRI KING 85;;rolnicze;OPONA 12.4R24 (320/85R24) AGRI KING 85 122B TL JK Tyre;12.4;;24;B;;122;;320/85R24;;6;6;1240,00;880,40;;;;;;R;0;;
1551238624125BA70J;0440000122645;91509;JK Tyre;AGRI KING 70;;rolnicze;OPONA 380/70R24 AGRI KING 70 125B TL JK Tyre;380;70;24;B;;125;;;;1;1;1400,00;994,00;;;;;;R;0 kg;;
1551238628127BA70J;0440000129156;94546;JK Tyre;AGRI KING 70;;rolnicze;OPONA 380/70R28 AGRI KING 70 127B TL JK Tyre;380;70;28;B;;127;;;;4;4;1595,00;1132,45;;;;;;R;0 kg;;
1551242628133BA70J;0440000122652;91511;JK Tyre;AGRI KING 70;;rolnicze;OPONA 420/70R28 AGRI KING 70 133B TL JK Tyre;420;70;28;B;;133;;;;4;4;1970,00;1398,70;;;;;;R;0;;
1551242930140BA85J;0440000127404;93750;JK Tyre;AGRI KING 85 TORNEL;;rolnicze;OPONA 16.9R30 (420/85R30) AGRI KING 85 TORNEL 140B TL JK Tyre;16.9;;30;B;;140;;420/85R30;;10;10;2150,00;1526,50;;;;;;R;0;;
1551242934142BA85J;0440000122584;91512;JK Tyre;AGRI KING 85;;rolnicze;OPONA 16.9R34 (420/85R34) AGRI KING 85 142B TL JK Tyre;16.9;;34;B;;142;;420/85R34;;1;1;2850,00;2023,50;;;;;;R;113 kg;;
1551246934147BA85J;0440000129132;94547;JK Tyre;AGRI KING 85;;rolnicze;OPONA 18.4R34 (460/85R34) AGRI KING 85 147B TL JK Tyre;18.4;;34;B;;147;;460/85R34;;2;2;3040,00;2158,40;;;;;;R;0 kg;;
1551246938149BA85J;0440000129125;94548;JK Tyre;AGRI KING 85;;rolnicze;OPONA 18.4R38 (460/85R38) AGRI KING 85 149B TL JK Tyre;18.4;;38;B;;149;;460/85R38;;8;8;3750,00;2662,50;;;;;;R;0;;
16121750160080SHR0;0440000123543;92032;JK Tyre;SHRESTH TRACTOR FRONT;;rolnicze;OPONA 7.50-16 SHRESTH TRACTOR FRONT 8PR/103A6 TT JK Tyre;7.50;;16;;A6;8PR;103;;TT;20;20;350,00;248,50;;;;;;-;0;;
16151600160080SHR0;0440000123352;91913;JK Tyre;SHRESTH TRACTOR FRONT;;rolnicze;OPONA 6.00-16 SHRESTH TRACTOR FRONT 8PR/94A6 TT JK Tyre;6.00;;16;;A6;8PR;94;;;20;20;225,00;159,75;;;;;;-;0;;
16152500150060SON0;0440000123321;91912;JK Tyre;SONA TRACTOR FRONT;;rolnicze;OPONA 5.00-15 SONA TRACTOR FRONT 6PR/82A8 TL JK Tyre;5.00;;15;;A8;6PR;82;;;20;20;188,00;133,48;;;;;;-;0 kg;;
161783;3528701617831;27861;Kleber;TRAKER;;rolnicze;OPONA 18.4R38 (460/85R38) TRAKER 149A8/146B TL Kleber;18.4;;38;A8;B;149;146;460/85R38;;1;1;7000,00;3640,00;;;;;;R;0;;
162527;3528701625270;46420;Michelin;XTE3;;ciężarowe;OPONA 385/65R22.5 XTE3 160J/126 M+S TRAILER Michelin (C,B,71dB);385;65;22.5;J;126;160;;;;5;5;3990,00;2114,70;C;B;;71dB;;R;0 kg;;
1629813;8808956036324;85786;Kumho;KRS03;;ciężarowe;OPONA 305/70R19.5 KRS03 148/145M FRONT Kumho (D,B,B,73dB);305;70;19.5;;M;148;145;;;20;20;1812,36;1250,53;D;B;B;73dB;;R;0;;
16321750200086S3R0;0440000119553;88313;JK Tyre;SONA1 3R;;rolnicze;OPONA 7.50-20 SONA1 3R 8PR/103A6 TT JK Tyre;7.50;;20;;A6;8PR;103;;TT;20;20;340,00;241,40;;;;;;-;0;;
165338;3528701653389;33852;Michelin;X LINE ENERGY D;;ciężarowe;OPONA 315/80R22.5 X LINE ENERGY D 156/150L 3PMSF DRIVE Michelin (B,C,1,69dB);315;80;22.5;;L;156;150;;;4;4;4526,00;2444,04;B;C;1;69dB;;R;0 kg;;
165629;3528701656298;5065;Michelin;POWER CL;;przemysłowe;OPONA 16.9-24 (440/80-24) POWER CL 168A8 TL Michelin;16.9;;24;A8;;168;;440/80-24;;3;3;7116,00;3629,16;;;;;;-;0;;
16816;3286341681611;71729;Bridgestone;U-AP002;;ciężarowe;OPONA 245/70R19.5 U-AP002 136L 3PMSF ALL POSITION Bridgestone (C,C,3,70dB);245;70;19.5;L;;136;;;;12;12;2211,00;1193,94;C;C;3;70dB;;R;0 kg;;
16882;3286341688214;60454;Bridgestone;HS2 ECO;;ciężarowe;OPONA 315/60R22.5 HS2 ECO 154L/148L 3PMSF M+S FRONT Bridgestone (B,B,2,72dB);315;60;22.5;L;L;154;148;;;2;2;3548,00;1791,74;B;B;2;72dB;;R;0;;
16883;3286341688313;59612;Bridgestone;HD2 ECO;;ciężarowe;OPONA 315/60R22.5 HD2 ECO 153L/148L DRIVE Bridgestone (B,B,2,75dB);315;60;22.5;L;L;153;148;;;4;4;3548,00;1809,48;B;B;2;75dB;;R;0;;
16926;3286341692617;64425;Bridgestone;COACH-AP01;;ciężarowe;OPONA 295/80R22.5 COACH-AP01 154M/149M 3PMSF ALL POSITION Bridgestone (B,B,1,69dB);295;80;22.5;M;M;154;149;;;6;6;3053,00;1679,15;B;B;1;69dB;;R;0;;
16933;3286341693317;65319;Bridgestone;RS2 EVO DURAVIS;;ciężarowe;OPONA 385/65R22.5 RS2 EVO DURAVIS 164K/158L FRONT Bridgestone (B,B,1,71dB);385;65;22.5;K;L;164;158;;;4;4;3428,00;1782,56;B;B;1;71dB;;R;0;;
16937;3286341693713;63808;Bridgestone;RS2 DURAVIS;;ciężarowe;OPONA 315/60R22.5 RS2 DURAVIS 154L/148L 3PMSF FRONT Bridgestone (C,C,1,70dB);315;60;22.5;L;L;154;148;;;4;4;3346,00;1739,92;C;C;1;70dB;;R;56,7 kg;;
16939;3286341693911;64749;Bridgestone;RS2 DURAVIS;;ciężarowe;OPONA 385/65R22.5 RS2 DURAVIS 160K/158L FRONT Bridgestone (B,B,1,69dB);385;65;22.5;K;L;160;158;;;15;15;3329,00;1747,72;B;B;1;69dB;;R;0;;
16940;3286341694017;62416;Bridgestone;RS2 DURAVIS;;ciężarowe;OPONA 385/55R22.5 RS2 DURAVIS 160K/158L FRONT Bridgestone (B,B,2,72dB);385;55;22.5;K;L;160;158;;;5;5;3423,00;1814,19;B;B;2;72dB;;R;0;;
16943;3286341694314;64424;Bridgestone;RS2 DURAVIS;;ciężarowe;OPONA 295/80R22.5 RS2 DURAVIS 154M/149M 3PMSF FRONT Bridgestone (B,B,1,70dB);295;80;22.5;M;M;154;149;;;7;7;3174,00;1587,00;B;B;1;70dB;;R;0;;
16947;3286341694710;62279;Bridgestone;RS2 DURAVIS;;ciężarowe;OPONA 315/80R22.5 RS2 DURAVIS 156L/154M 3PMSF FRONT Bridgestone (B,A,1,71dB);315;80;22.5;L;M;156;154;;;20;20;3277,00;1720,42;B;A;1;71dB;;R;0;;
16950;3286341695014;66687;Bridgestone;RD2 DURAVIS;;ciężarowe;OPONA 295/80R22.5 RD2 DURAVIS 152M/148M DRIVE Bridgestone (C,B,2,75);295;80;22.5;M;M;152;148;;;4;4;3174,00;1618,74;C;B;2;75;;R;0;;
16952;3286341695212;64074;Bridgestone;DURAVIS RD2;;ciężarowe;OPONA 315/60R22.5 DURAVIS RD2 152L/148L 3PMSF DRIVE Bridgestone (C,B,2,74dB);315;60;22.5;L;L;152;148;;;8;8;3479,00;1739,50;C;B;2;74dB;;R;0;;
16953;0440000086930;61948;Bridgestone;RD2 DURAVIS;;ciężarowe;OPONA 315/70R22.5 RD2 DURAVIS 154L/152M DRIVE Bridgestone (C,B,2,76);315;70;22.5;L;M;154;152;;;20;20;3389,00;1711,44;C;B;2;76;;R;67,55 kg;;
16954;3286341695410;62280;Bridgestone;RD2 DURAVIS;;ciężarowe;OPONA 315/80R22.5 RD2 DURAVIS 156L/154M 3PMSF DRIVE Bridgestone (C,B,2,75dB);315;80;22.5;L;M;156;154;;;4;4;3277,00;1736,81;C;B;2;75dB;;R;0;;
17009;3286341700916;72600;Bridgestone;HS2 ECO;;ciężarowe;OPONA 355/50R22.5 HS2 ECO 156L 3PMSF M+S FRONT Bridgestone (C,B,A,70dB);355;50;22.5;L;;156;;;;11;11;3686,00;1916,72;C;B;A;70dB;;R;0 kg;;
17024;0440000010294;62943;Bridgestone;VX-TRACTOR;;rolnicze;OPONA 380/70R24 VX-TRACTOR 130D/127E TL Bridgestone;380;70;24;D;E;130;127;;;2;2;5995,00;2338,05;;;;;;R;0;;
17049;3286341704914;83771;Firestone;FT524;;ciężarowe;OPONA 385/65R22.5 FT524 160K/158L 3PMSF M+S TRAILER Firestone (B,B,A,69dB);385;65;22.5;K;L;160;158;;;20;20;2770,00;1385,00;B;B;A;69dB;;R;0 kg;https://eprel.ec.europa.eu/screen/product/tyres/1819380;
175857;3528701758572;41697;Michelin;X WORKS D;;ciężarowe;OPONA 13R22.5 X WORKS D 156/150K ON/OFF 3PMSF DRIVE Michelin (C,B,2,74dB);13;;22.5;;K;156;150;;;4;4;4618,00;2447,54;C;B;2;74dB;;R;0;;
1770;3286340177016;50092;Firestone;DURA-UT;;przemysłowe;OPONA 16.9R28 (440/80R28) DURA-UT 156A8 TL Firestone;16.9;;28;A8;;156;;440/80R28;;2;2;7925,00;2932,25;;;;;;R;124 kg;;
1771;3286340177115;972;Firestone;DURA-UT;;rolnicze;OPONA 18.4R26 (480/80R26) DURA-UT 160A TL Firestone;18.4;;26;A;;160;;480/80R26;;4;4;8046,00;2977,02;;;;;;R;0 kg;;
178690;3528701786902;32734;Michelin;XMCL;;przemysłowe;OPONA 400/70R24 XMCL 152A8/152B TL Michelin;400;70;24;A8;B;152;152;;;8;8;6373,00;3059,04;;;;;;R;0;;
18112230250200V990;0440000118532;88304;JK Tyre;VEM 99;;przemysłowe;OPONA 23.5-25 VEM 99 L3/E3 20PR/171B/191A2 TL JK Tyre;23.5;;25;;;20PR;171B/191A2;;;6;6;5420,00;3848,20;;;;;;-;0;;
183637;3528701836379;28243;Michelin;X MULTI D;;ciężarowe;OPONA 265/70R17.5 X MULTI D 140/138M 3PMSF DRIVE Michelin (D,C,1,72dB);265;70;17.5;;M;140;138;;;4;4;3154,00;1766,24;D;C;1;72dB;;R;0;;
183666;3528701836669;46399;Michelin;X MULTI D;;ciężarowe;OPONA 295/60R22.5 X MULTI D 150/147L 3PMSF M+S DRIVE Michelin (D,C,2,74dB);295;60;22.5;;L;150;147;;;4;4;4526,00;2421,41;D;C;2;74dB;;R;0;;
187913;3528701879130;87009;Michelin;X LINE ENERGY D3;;ciężarowe;OPONA 295/60R22.5 X LINE ENERGY D3 150/147K 3PMSF M+S DRIVE Michelin (A,C,A,73dB);295;60;22.5;;K;150;147;;;4;4;4660,00;2516,40;A;C;A;73dB;;R;0;;
188562;0440000128777;94403;West Lake;WAU1 URBAN MASTER;;ciężarowe;OPONA 275/70R22.5 WAU1 URBAN MASTER 152J/148J 3PMSF M+S ALL POSITION West Lake;275;70;22.5;J;J;152;148;;;2;2;1360,00;965,60;;;;;;R;0;;
19339;3286341933918;62901;Bridgestone;R249 ECO;;ciężarowe;OPONA 295/60R22.5 R249 ECO 150L/147L 3PMSF FRONT Bridgestone (D,C,1,70dB);295;60;22.5;L;L;150;147;;;5;5;3243,00;1589,07;D;C;1;70dB;;R;0;;
195307;3528701953076;62089;Michelin;X MULTI Z;;ciężarowe;OPONA 315/60R22.5 X MULTI Z 154/148L 3PMSF ALL POSITION Michelin (C,B,1,72dB);315;60;22.5;L;;154/148;;;;2;2;4777,00;2460,15;C;B;1;72dB;;R;0;;
19539;3286341953916;87325;Bridgestone;M840;;ciężarowe;OPONA 10R17.5 M840 143/141J 3PMSF M+S Bridgestone (E,D,1,70dB);10;;17.5;;J;143;141;;;1;1;1832,60;1062,91;E;D;1;70dB;;R;0 kg;;
19728;3286341972818;84880;Firestone;FS424;;ciężarowe;OPONA 295/80R22.5 FS424 152/148M Enliten 3PMSF M+S FRONT Firestone (C,B,A,69dB);295;80;22.5;;M;152;148;;M+S;20;20;2512,00;1406,72;C;B;A;69dB;;R;63,2 kg;https://eprel.ec.europa.eu/screen/product/tyres/1840975;
19729;3286341972917;85235;Firestone;FS424;;ciężarowe;OPONA 385/55R22.5 FS424 160K/158L 3PMSF M+S FRONT Firestone (B,C,B,70dB);385;55;22.5;K;L;160;158;;M+S;1;1;2727,00;1540,75;B;C;B;70dB;;R;63,2 kg;https://eprel.ec.europa.eu/screen/product/tyres/1939963;
19731;3286341973112;81462;Firestone;FS424;;ciężarowe;OPONA 315/80R22.5 FS424 156L/150L 3PMSF M+S FRONT Firestone (C,B,A,69dB);315;80;22.5;L;L;156;150;;;20;20;2611,00;1475,21;C;B;A;69dB;;R;0 kg;https://eprel.ec.europa.eu/screen/product/tyres/1659617;
19732;3286341973211;81423;Firestone;FS424;;ciężarowe;OPONA 315/70R22.5 FS424 154L/150L 3PMSF M+S FRONT Firestone (B,B,A,71dB);315;70;22.5;L;L;154;150;;;20;20;2542,00;1410,81;B;B;A;71dB;;R;0 kg;;
19733;3286341973310;85951;Firestone;FS424;;ciężarowe;OPONA 385/65R22.5 FS424 160K 3PMSF M+S FRONT Firestone (B,B,A,71dB);385;65;22.5;K;;160;;;;20;20;2649,00;1456,95;B;B;A;71dB;;R;0 kg;;
19734;3286341973419;85234;Firestone;FD624;;ciężarowe;OPONA 295/60R22.5 FD624 150/147L 3PMSF M+S DRIVE Firestone (C,C,B,74dB);295;60;22.5;;L;150;147;;;8;8;2705,00;1514,80;C;C;B;74dB;;R;0;;
19735;3286341973518;86471;Firestone;FD624;;ciężarowe;OPONA 315/60R22.5 FD624 152/148L DRIVE Firestone (C,C,B,76dB);315;60;22.5;;L;152;148;;#;10;10;2705,00;1501,27;C;C;B;76dB;;R;0 kg;;
19736;3286341973617;81464;Firestone;FD624;;ciężarowe;OPONA 315/80R22.5 FD624 156L/150L 3PMSF M+S DRIVE Firestone (C,C,B,74dB);315;80;22.5;L;L;156;150;;;20;20;2611,00;1475,21;C;C;B;74dB;;R;0;https://eprel.ec.europa.eu/screen/product/tyres/1659618;
19737;3286341973716;81370;Firestone;FD624;;ciężarowe;OPONA 315/70R22.5 FD624 154L/152M 3PMSF M+S DRIVE Firestone (C,C,B,74dB);315;70;22.5;L;M;154;152;;;20;20;2542,00;1423,52;C;C;B;74dB;;R;0;https://eprel.ec.europa.eu/screen/product/tyres/1648378;
19738;3286341973815;85616;Firestone;FD624;;ciężarowe;OPONA 295/80R22.5 FD624 152M/148M 3PMSF DRIVE Firestone (C,C,C,72dB);295;80;22.5;M;M;152;148;;;1;1;2512,00;1406,72;C;C;C;72dB;;R;0;;
19754;3286341975413;75398;Bridgestone;VX-TRACTOR;;rolnicze;OPONA 480/70R24 VX-TRACTOR 143D/140E TL Bridgestone;480;70;24;D;E;143;140;;;2;2;7409,00;2593,15;;;;;;R;0 kg;;
19855;3286341985511;90667;Bridgestone;MD2;;ciężarowe;OPONA 315/80R22.5 MD2 156/150K ON/OFF 3PMSF M+S DRIVE Bridgestone (C,C,A,73dB);315;80;22.5;;K;156;150;;;8;8;3354,00;1744,08;C;C;A;73dB;;R;74,66 kg;;
19857;3286341985719;90666;Bridgestone;M-STEER 002;;ciężarowe;OPONA 13R22.5 M-STEER 002 156/150K ON/OFF 3PMSF M+S FRONT Bridgestone (C,B,A,71dB);13;;22.5;;K;156;150;;;4;4;3389,00;1863,95;C;B;A;71dB;;R;0;;
19863;3286341986310;93000;Bridgestone;M-STEER 002;;ciężarowe;OPONA 385/65R22.5 M-STEER 002 160K 3PMSF M+S FRONT Bridgestone (B,B,A,70dB);385;65;22.5;K;;160;;;;2;2;3357,00;1846,35;B;B;A;70dB;;R;0;;
19874;3286341987416;89836;Bridgestone;ECOPIA DRIVE;;ciężarowe;OPONA 295/60R22.5 ECOPIA DRIVE 150/147L Enliten 3PMSF M+S DRIVE Bridgestone (B,B,B,75dB);295;60;22.5;;L;150;147;;;4;4;3372,00;1736,58;B;B;B;75dB;;R;0 kg;;
19878;3286341987812;87891;Bridgestone;ECOPIA DRIVE ENLITEN;;ciężarowe;OPONA 315/80R22.5 ECOPIA DRIVE ENLITEN 156/150L 3PMSF M+S DRIVE Bridgestone (A,B,A,71dB);315;80;22.5;;L;156;150;;;8;8;3337,00;1801,98;A;B;A;71dB;;R;0;https://eprel.ec.europa.eu/screen/product/tyres/1840924;
19879;3286341987911;85928;Bridgestone;ECOPIA DRIVE ENLITEN;;ciężarowe;OPONA 315/70R22.5 ECOPIA DRIVE ENLITEN 154L/152M 3PMSF M+S DRIVE Bridgestone (A,B,A,71dB);315;70;22.5;L;M;154;152;;;9;9;3445,00;1808,62;A;B;A;71dB;;R;0 kg;https://eprel.ec.europa.eu/screen/product/tyres/1819609;
19911;3286341991116;93027;Bridgestone;ECOPIA STEER ENLITEN;;ciężarowe;OPONA 315/60R22.5 ECOPIA STEER ENLITEN 154/148L 3PMSF FRONT Bridgestone (B,C,1,70dB);315;60;22.5;;L;154;148;;;20;20;3410,00;1841,40;B;C;1;70dB;;R;0 kg;;
19912;3286341991215;87237;Bridgestone;ECOPIA STEER;;ciężarowe;OPONA 315/80R22.5 ECOPIA STEER 156L/154M RFID ENLITEN 3PMSF FRONT Bridgestone (A,B,A,67dB);315;80;22.5;L;M;156;154;;TL;5;5;3337,00;1735,24;A;B;A;67dB;;R;0;https://eprel.ec.europa.eu/screen/product/tyres/1840965;
19914;3286341991413;87431;Bridgestone;ECOPIA STEER;;ciężarowe;OPONA 385/55R22.5 ECOPIA STEER 160K/158L 3PMSF M+S FRONT Bridgestone (A,B,A,69dB);385;55;22.5;K;L;160;158;;;4;4;3608,00;1876,16;A;B;A;69dB;;R;0;;
1E1116501001400LT0;0440000111472;87617;JK Tyre;JETLIFT;;przemysłowe;OPONA 6.50-10 JETLIFT 14PR TT JK Tyre;6.50;;10;;;14PR;;;;20;20;380,00;269,80;;;;;;-;15 kg;;
1E1118101501600LT0;0440000111458;87619;JK Tyre;JETLIFT;;przemysłowe;OPONA 8.15-15 JETLIFT 16PR TT JK Tyre;8.15;;15;;;16PR;;;;6;6;630,00;447,30;;;;;;-;0;;
1E1118201501600LT0;0440000111441;87620;JK Tyre;JETLIFT;;przemysłowe;OPONA 8.25-15 JETLIFT 16PR TT JK Tyre;8.25;;15;;;16PR;;;;7;7;975,00;692,25;;;;;;-;89,1 kg;;
1E1121802601200V20;0440000118501;88302;JK Tyre;VBH PLUS II;;przemysłowe;OPONA 18.4-26 VBH PLUS II R4 12PR/156A8 TL JK Tyre;18.4;;26;;A8;12PR;156;;;1;1;2100,00;1491,00;;;;;;-;0;;
1E151700120165JLT0;0440000111465;87618;JK Tyre;JETLIFT;;przemysłowe;OPONA 7.00-12 JETLIFT 16PR TT JK Tyre;7.00;;12;;;16PR;;;;20;20;450,00;319,50;;;;;;-;0 kg;;
1E3116000901000LT0;0440000111489;87616;JK Tyre;JETLIFT;;przemysłowe;OPONA 6.00-9 JETLIFT 10PR TT JK Tyre;6.00;;9;;;10PR;;;;20;20;280,00;198,80;;;;;;-;0;;
1E3121001G01200TU0;0440000118563;88293;JK Tyre;JET TRAX ULTIMA;;przemysłowe;OPONA 10-16.5 JET TRAX ULTIMA L5 12PR/138A2 TL JK Tyre;10;;16.5;;A2;12PR;138;;;6;6;720,00;511,20;;;;;;-;0;;
1E3121401H01400T20;0440000118624;88298;JK Tyre;JET TRAX SUPER II;;przemysłowe;OPONA 14-17.5 JET TRAX SUPER II R4 14PR/155A2 TL JK Tyre;14;;17.5;;A2;14PR;155;;;20;20;1080,00;766,80;;;;;;-;0;;
1E3121602801200V20;0440000127381;93744;JK Tyre;VBH PLUS II;;przemysłowe;OPONA 16.9-28 (420/85-28) VBH PLUS II R4 12PR/152A8 TL JK Tyre;16.9;;28;;A8;12PR;152;420/85-28;;10;10;1950,00;1384,50;;;;;;-;0;;
1E3122501400600DX0;0440000123284;91907;JK Tyre;INDUSTRIAL DX;;rolnicze;OPONA 25X8.50-14 INDUSTRIAL DX 6PR/107A2 TL JK Tyre;25X8.50;;14;;A2;6PR;107;;;10;10;700,00;497,00;;;;;;-;0 kg;;
1E3123101500800T20;0440000123291;91908;JK Tyre;JET TRAX SUPER II;;rolnicze;OPONA 31X15.50-15 JET TRAX SUPER II 8PR/132A2 TL JK Tyre;31X15.50;;15;;A2;8PR;132;;;12;12;800,00;568,00;;;;;;-;0 kg;;
1E3124082401600V20;0440000123499;92031;JK Tyre;VBH PLUS II;;przemysłowe;OPONA 15.5/80-24 (400/80-24) VBH PLUS II 162A8 TL JK Tyre;15.5;80;24;A8;;162;;400/80-24;;1;1;1680,00;1192,80;;;;;;-;74 kg;;
1E41Z210090005GS20;0440000127435;93747;JK Tyre;ST-02 PREMIUM;;przemysłowe;OPONA 21X8-9 ST-02 PREMIUM STD JK Tyre;21X8;;9;;;;;;;10;10;730,00;518,30;;;;;;-;0;;
1E41Z250150005GS20;0440000127442;93748;JK Tyre;ST-02 PREMIUM;;przemysłowe;OPONA 250-15 ST-02 PREMIUM STD JK Tyre;250;;15;;;;;;;10;10;1410,00;1001,10;;;;;;-;0;;
1E41Z280150005GS10;0440000127466;93749;JK Tyre;ST-01 PREMIUM;;przemysłowe;OPONA 28X9-15 ST-01 PREMIUM STD JK Tyre;28X9;;15;;;;;;;10;10;1180,00;837,80;;;;;;-;0;;
1E41Z600090005FS10;0440000127497;93753;JK Tyre;ST-01 STANDARD;;przemysłowe;OPONA 6.00-9 ST-01 STANDARD STD JK Tyre;6.00;;9;;;;;;;20;20;500,00;355,00;;;;;;-;0;;
1E41Z650100005GS20;0440000127503;93754;JK Tyre;ST-02 PREMIUM ;;przemysłowe;OPONA 6.50-10 ST-02 PREMIUM  5.00 STD JK Tyre;6.50;;10;;;;;;;6;6;720,00;511,20;;;;;;-;0;;
1E41Z820150005GS10;0440000127510;93755;JK Tyre;ST-02 PREMIUM;;przemysłowe;OPONA 8.25-15 ST-02 PREMIUM STD JK Tyre;8.25;;15;;;;;;;4;4;1680,00;1192,80;;;;;;-;0;;
1G3321071K0148IMP0;0440000118549;88305;JK Tyre;IMP 99;;rolnicze;OPONA 10.0/75-15.3 IMP 99 14PR/118/130A8 TL JK Tyre;10.0;75;15.3;;;14PR;118/130A8;;TT;20;20;322,00;228,62;;;;;;-;0;;
1G3321181K0148IMP0;0440000118570;88306;JK Tyre;IMP 99;;rolnicze;OPONA 11.5/80-15.3 IMP 99 14PR/126/139A8 TL JK Tyre;11.5;80;15.3;;;14PR;126/139A8;;TT;12;12;388,00;275,48;;;;;;-;0;;
2000025280101;0440000124984;92957;Mitas;K-01;;rolnicze;OPONA 11/7.10-5 K-01 24J TL Mitas;11;7.10;5;J;;24;;;HA TL;1;1;50,00;33,00;;;;;2005;-;3 kg;;
2000044250101;0440000100490;58902;Trelleborg;EMR 1030;;przemysłowe;OPONA 23.5R25 EMR 1030 201A2/185B TL Trelleborg;23.5;;25;A2;B;201;185;;;2;2;14750,00;9735,00;;;;;;R;0;;
2000044370101;0440000074548;58912;Trelleborg;EMR 1050;;przemysłowe;OPONA 26.5R25 EMR 1050 209A2 TL Trelleborg;26.5;;25;A2;;209;;;;2;2;24000,00;15840,00;;;;;;R;0;;
2000061774001;0440000001391;69285;Cultor;AS-AGRI 10;;rolnicze;OPONA 4.00-16 AS-AGRI 10 2PR TL Cultor;4.00;;16;;;2PR;;;;1;1;220,00;145,20;;;;;;-;0 kg;;
201435-33;0440000077051;41254;Galaxy;SUPER INDUSTRIAL LUG R-4;;przemysłowe;OPONA 17.5-24 (17.5L24) SUPER INDUSTRIAL LUG R-4 12PR TL Galaxy;17.5;;24;;;12PR;;17.5L24;;2;2;2100,00;1386,00;;;;;;-;0;;
203435-33;8903635004837;76103;Galaxy;INDUSTRIAL R-1;;przemysłowe;OPONA 17.5-24 (17.5L-24) INDUSTRIAL R-1 12PR TL Galaxy;17.5;;24;;;12PR;;17.5L-24;;12;12;2250,00;1485,00;;;;;;-;0;;
2116463;0440000109158;86064;Kumho;MA12;;ciężarowe;OPONA 385/65R22.5 MA12 160K 3PMSF ALL POSITION Kumho (D,B,B,74dB);385;65;22.5;K;;160;;;;20;20;2111,00;1456,59;D;B;B;74dB;;R;0 kg;https://eprel.ec.europa.eu/qr/458557;
2138173;8808956121624;86074;Kumho;MA11;;ciężarowe;OPONA 13R22.5 MA11 156/150K ON/OFF 3PMSF M+S FRONT Kumho (D,B,B,74dB);13;;22.5;;K;156;150;;(gr.Kumho / Korea);20;20;2100,00;1449,00;D;B;B;74dB;;R;0 kg;https://eprel.ec.europa.eu/qr/458172;
2138183;8808956121631;68661;Marshal;MA11;;ciężarowe;OPONA 13R22.5 MA11 156/150K ON/OFF 3PMSF M+S FRONT Marshal (D,B,2,74dB);13;;22.5;;K;156;150;;(gr.Kumho / Korea);1;1;1500,00;1035,00;D;B;2;74dB;;R;0 kg;;
216743;3528702167434;91099;Michelin;X MULTI D2;;ciężarowe;OPONA 285/70R19.5 X MULTI D2 148/146L 3PMSF M+S DRIVE Michelin (D,C,1,74dB);285;70;19.5;;L;148;146;;;1;1;3154,00;1734,70;D;C;1;74dB;;R;0 kg;;
21733;3286342173313;64859;Firestone;TSP3000;;ciężarowe;OPONA 285/70R19.5 TSP3000 150J/148J TRAILER Firestone (D,C,1,70dB);285;70;19.5;J;J;150;148;;;2;2;2284,00;1301,88;D;C;1;70dB;;R;0;;
2204723;0440000108076;85910;Kumho;XS10;;ciężarowe;OPONA 315/80R22.5 XS10 156L/150L 3PMSF M+S FRONT Kumho (D,C,B,74dB);315;80;22.5;L;L;156;150;;(gr.Kumho / Korea);5;5;1995,00;1376,55;D;C;B;74dB;;R;0 kg;https://eprel.ec.europa.eu/qr/456364;
2204943;0440000109387;86063;Kumho;XD10;;ciężarowe;OPONA 315/80R22.5 XD10 156L/150L 3PMSF M+S DRIVE Kumho (D,C,B,76dB);315;80;22.5;L;L;156;150;;(gr.Kumho / Korea);20;20;1970,00;1359,30;D;C;B;76dB;;R;0 kg;https://eprel.ec.europa.eu/qr/448922;
22101404AL-IG;0440000079987;74613;Alliance;221;;rolnicze;OPONA 31X15.50-15 221 8PR TL Alliance;31X15.50;;15;;;8PR;;;;8;8;945,00;614,25;;;;;;-;0;;
2218383;8808956218751;72948;Marshal;RD50;;ciężarowe;OPONA 265/70R19.5 RD50 140/138M 3PMSF M+S DRIVE Marshal (E,C,C,73dB);265;70;19.5;;M;140;138;;(gr.Kumho);1;1;800,00;552,00;E;C;C;73dB;;R;0 kg;;
2234563;0440000120177;90308;Kumho;RT03;;ciężarowe;OPONA 205/65R17.5 RT03 129/127J 3PMSF M+S TRAILER Kumho (D,B,B,73dB);205;65;17.5;;J;129;127;;(gr. Kumho);4;4;1170,00;807,30;D;B;B;73dB;;R;0 kg;;
22400509AL-IN;8903635009795;32596;Alliance;224;;rolnicze;OPONA 18-19.5 224 16PR TL Alliance;18;;19.5;;;16PR;;;;3;3;2417,00;1571,05;;;;;;-;0;;
2243603;8808956248611;86066;Kumho;CA03;;ciężarowe;OPONA 295/80R22.5 CA03 154/149J 3PMSF M+S ALL POSITION Kumho (D,C,B,73dB);295;80;22.5;;J;154;149;;(gr. Kumho);14;14;2020,00;1393,80;D;C;B;73dB;;R;0 kg;https://eprel.ec.europa.eu/qr/458623;
2246083;0440000086626;76962;Marshal;RS50;;ciężarowe;OPONA 265/70R19.5 RS50 140M 3PMSF M+S FRONT Marshal (D,C,B,71dB);265;70;19.5;M;;140;;;(gr.Kumho/ Korea) M+S STEER;1;1;800,00;552,00;D;C;B;71dB;;R;0 kg;;
2246103;8808956251819;68666;Marshal;RD50;;ciężarowe;OPONA 315/60R22.5 RD50 152/148L 3PMSF DRIVE Marshal (D,B,1,73dB);315;60;22.5;;L;152;148;;;1;1;800,00;552,00;D;B;1;73dB;;R;0 kg;;
2261563;8808956269432;86122;Kumho;MA31;;ciężarowe;OPONA 315/80R22.5 MA31 156/150K 3PMSF ALL POSITION Kumho (D,C,B,72dB);315;80;22.5;;K;156;150;;(gr.Kumho);20;20;2126,05;1466,97;D;C;B;72dB;;R;0 kg;https://eprel.ec.europa.eu/qr/459552;
2261583;8808956269456;86069;Kumho;MD51;;ciężarowe;OPONA 315/80R22.5 MD51 156/150K ON/OFF DRIVE Kumho (E,C,B,76dB);315;80;22.5;;K;156;150;;;20;20;2020,00;1393,80;E;C;B;76dB;;R;73,54 kg;https://eprel.ec.europa.eu/qr/458465;
2263623;0440000109165;86336;Kumho;XA10;;ciężarowe;OPONA 285/70R19.5 XA10 146/144M 3PMSF FRONT Kumho (C,B,A,69dB);285;70;19.5;;M;146;144;;;8;8;1500,00;1035,00;C;B;A;69dB;;R;0 kg;https://eprel.ec.europa.eu/qr/459749;
2267683;8808956276553;86065;Kumho;XD10;;ciężarowe;OPONA 285/70R19.5 XD10 146/144M 3PMSF DRIVE Kumho (D,C,B,75dB);285;70;19.5;;M;146;144;;;4;4;1473,00;1016,37;D;C;B;75dB;;R;0 kg;;
2270643;8808956280147;86070;Kumho;LS23;;ciężarowe;OPONA 385/55R22.5 LS23 160K 3PMSF FRONT Kumho (A,C,A,71dB);385;55;22.5;K;;160;;;(gr.Kumho / Korea);2;2;2250,00;1507,50;A;C;A;71dB;;R;0 kg;;
2289843;8808956301248;86463;Kumho;XD10;;ciężarowe;OPONA 315/60R22.5 XD10 152/148L 3PMSF DRIVE Kumho (D,C,B,76dB);315;60;22.5;;L;152;148;;;8;8;2182,00;1505,58;D;C;B;76dB;;R;0 kg;https://eprel.ec.europa.eu/screen/product/tyres/779270;
2302223;8808956315672;87094;Kumho;XS10;;ciężarowe;OPONA 355/50R22.5 XS10 156K 3PMSF FRONT Kumho (B,B,A,72dB);355;50;22.5;K;;156;;;;20;20;2542,47;1754,30;B;B;A;72dB;;R;0 kg;https://eprel.ec.europa.eu/qr/1648103;
2303153;8808956316679;86073;Kumho;LT23;;ciężarowe;OPONA 435/50R19.5 LT23 160J 3PMSF TRAILER Kumho (B,C,A,71dB);435;50;19.5;J;;160;;;TRAILER M+S;20;20;2200,00;1430,00;B;C;A;71dB;;R;0;https://eprel.ec.europa.eu/qr/1345194;
2306153;0440000107727;85789;Kumho;LT23;;ciężarowe;OPONA 445/45R19.5 LT23 160J 3PMSF TRAILER Kumho (B,C,A,71dB);445;45;19.5;J;;160;;;(gr.Kumho/ Korea);12;12;2480,00;1587,20;B;C;A;71dB;;R;0 kg;https://eprel.ec.europa.eu/qr/1345197;
23080;3286342308012;83130;Bridgestone;L317 EVO;;ciężarowe;OPONA 13R22.5 L317 EVO 158G/156K ON/OFF 3PMSF DRIVE Bridgestone (E,B,2,73dB);13;;22.5;G;K;158;156;;;20;20;3114,00;1619,28;E;B;2;73dB;;R;0;;
2311793;8808956325770;86072;Kumho;XD10;;ciężarowe;OPONA 295/60R22.5 XD10 150/147K 3PMSF DRIVE Kumho (C,C,B,76dB);295;60;22.5;;K;150;147;;;20;20;1860,00;1283,40;C;C;B;76dB;;R;0;https://eprel.ec.europa.eu/screen/product/tyres/1493363;
2327543;0440000109721;86450;Kumho;XA11;;ciężarowe;OPONA 385/55R19.5 XA11 156J 3PMSF ALL POSITION Kumho (B,B,A,71dB);385;55;19.5;J;;156;;;;16;16;2450,00;1666,00;B;B;A;71dB;;R;0 kg;https://eprel.ec.europa.eu/screen/product/tyres/1605499;
23435;3286342343518;81369;Firestone;FS424 EVO;;ciężarowe;OPONA 315/70R22.5 FS424 EVO 156L/150L M+S FRONT Firestone (C,B,A,70dB);315;70;22.5;L;L;156;150;;;18;18;2593,00;1465,04;C;B;A;70dB;;R;0;https://eprel.ec.europa.eu/screen/product/tyres/1619668;
2361073;0440000120443;90460;Kumho;KXT31;;ciężarowe;OPONA 385/55R22.5 KXT31 160K 3PMSF M+S TRAILER Kumho (B,B,A,71dB);385;55;22.5;K;;160;;;;5;5;2150,00;1483,50;B;B;A;71dB;;R;0 kg;https://eprel.ec.europa.eu/qr/2290982;
2362093;0440000125509;93162;Kumho;KXA31;;ciężarowe;OPONA 315/70R22.5 KXA31 156L/150L FRONT Kumho (B,C,A,71dB);315;70;22.5;L;L;156;150;;;6;6;1920,00;1324,80;B;C;A;71dB;;R;0 kg;;
2362113;8808956608477;91277;Kumho;KXA31;;ciężarowe;OPONA 385/65R22.5 KXA31 164K 3PMSF M+S FRONT/TRAILER Kumho (B,B,A,71dB);385;65;22.5;K;;164;;;;11;11;2150,00;1419,00;B;B;A;71dB;;R;0 kg;https://eprel.ec.europa.eu/screen/product/tyres/2245789;
2362153;8808956608514;90309;Kumho;XD31;;ciężarowe;OPONA 315/70R22.5 XD31 154/150L 3PMSF M+S DRIVE Kumho (C,B,B,75dB);315;70;22.5;;L;154;150;;;20;20;1950,00;1345,50;C;B;B;75dB;;R;0 kg;https://eprel.ec.europa.eu/qr/2255147;
2364313;0440000120436;90461;Kumho;LA31;;ciężarowe;OPONA 385/55R22.5 LA31 160K 3PMSF FRONT/TRAILER Kumho (B,A,A,70dB);385;55;22.5;K;;160;;;;9;9;2250,00;1485,00;B;A;A;70dB;;R;0 kg;https://eprel.ec.europa.eu/qr/2255149;
2364603;8808956611507;91598;Kumho;LA31;;ciężarowe;OPONA 315/60R22.5 LA31 154/148L 3PMSF M+S ALL POSITION Kumho (B,A,A,70dB);315;60;22.5;;L;154;148;;;4;4;2250,00;1507,50;B;A;A;70dB;;R;0 kg;https://eprel.ec.europa.eu/qr/2290995;
2371293;8808956618315;91764;Kumho;KXA31;;ciężarowe;OPONA 265/70R19.5 KXA31 144/142J 3PMSF M+S ALL POSITION Kumho (C,B,A,71dB);265;70;19.5;;J;144;142;;;6;6;1360,00;938,40;C;B;A;71dB;;R;0 kg;;
23728;0440000042196;70249;Bridgestone;MT 001 PLUS;;ciężarowe;OPONA 385/65R22.5 MT 001 PLUS 160K/158L ON/OFF TRAILER Bridgestone (C,B,2,73);385;65;22.5;K;L;160;158;;;5;5;3329,00;1731,08;C;B;2;73;;R;0 kg;;
2373183;8808956624132;93086;Kumho;XA11;;ciężarowe;OPONA 385/65R22.5 XA11 164K 3PMSF ALL POSITION Kumho (B,A,A,70dB);385;65;22.5;K;;164;;;;12;12;2050,00;1414,50;B;A;A;70dB;;R;0 kg;https://eprel.ec.europa.eu/qr/2182088;
2373233;0440000123703;92179;Kumho;XS10;;ciężarowe;OPONA 315/60R22.5 XS10 154/148L 3PMSF FRONT Kumho (C,B,A,73dB);315;60;22.5;;L;154;148;;(gr.Kumho);11;11;2170,00;1453,90;C;B;A;73dB;;R;0 kg;https://eprel.ec.europa.eu/screen/product/tyres/2182093;
2373373;0440000126247;93479;Kumho;RD02;;ciężarowe;OPONA 305/70R19.5 RD02 148M/145M 3PMSF DRIVE Kumho (D,C,B,76dB);305;70;19.5;M;M;148;145;;;12;12;1980,00;1366,20;D;C;B;76dB;;R;0 kg;;
23832;3286342383217;83570;Bridgestone;RT1;;ciężarowe;OPONA 215/75R17.5 RT1 136/134K 3PMSF M+S TRAILER Bridgestone (C,C,3,69dB);215;75;17.5;;K;136;134;;;8;8;1751,00;980,56;C;C;3;69dB;;R;0;https://eprel.ec.europa.eu/screen/product/tyres/1331484;
239365;0440000046514;70319;Michelin;BIBLOAD H/S;;przemysłowe;OPONA 400/70R18 BIBLOAD H/S 147A8/147B TL Michelin;400;70;18;A8;B;147;147;;;2;2;5800,00;2958,00;;;;;;R;0;;
24836800;0440000006495;44844;Lassa;MAXIWAYS 110D;;ciężarowe;OPONA 215/75R17.5 MAXIWAYS 110D 126/124M 3PMSF M+S DRIVE Lassa (E,B,1,69db);215;75;17.5;;M;126;124;;;3;3;935,00;645,15;E;B;1;69db;;R;0 kg;https://eprel.ec.europa.eu/qr/568444;
24838200;8697322483547;44847;Lassa;MAXIWAYS 100S;;ciężarowe;OPONA 235/75R17.5 MAXIWAYS 100S 132/130M M+S FRONT Lassa (E,A,2,73db);235;75;17.5;;M;132;130;;;14;14;970,00;669,30;E;A;2;73db;;R;0 kg;https://eprel.ec.europa.eu/qr/568422;
248398;0440000007416;64465;Lassa;MAXIWAYS 110D;;ciężarowe;OPONA 235/75R17.5 MAXIWAYS 110D 132/130M DRIVE Lassa (A,D,1,73dB);235;75;17.5;M;;132/130;;;;20;20;975,00;672,75;A;D;1;73dB;;R;0;;
24846200;0440000006501;63939;Lassa;MAXIWAYS 100S;;ciężarowe;OPONA 225/75R17.5 MAXIWAYS 100S 129/127M FRONT Lassa (B,D,2,73dB);225;75;17.5;M;;129/127;;;;12;12;910,00;627,90;B;D;2;73dB;;R;0;https://eprel.ec.europa.eu/qr/568423;
24846800;8697322484681;44845;Lassa;MAXIWAYS 110D;;ciężarowe;OPONA 225/75R17.5 MAXIWAYS 110D 129/127M DRIVE Lassa (D,A,2,73db);225;75;17.5;;M;129;127;;;2;2;925,00;638,25;D;A;2;73db;;R;0;https://eprel.ec.europa.eu/qr/568447;
24865900;8697322486593;81655;Lassa;MAXIWAYS 100S;;ciężarowe;OPONA 245/70R17.5 MAXIWAYS 100S 136/134M 3PMSF M+S FRONT Lassa (D,C,A,70dB);245;70;17.5;;M;136;134;;DRIVE;10;10;1000,00;690,00;D;C;A;70dB;;R;0 kg;https://eprel.ec.europa.eu/qr/568425;
249703;0440000108168;85758;Michelin;X LINE ENERGY Z;;ciężarowe;OPONA 295/60R22.5 X LINE ENERGY Z 150/147L 3PMSF FRONT Michelin (B,B,1,70dB);295;60;22.5;;L;150;147;;;1;1;4526,00;2534,56;B;B;1;70dB;;R;0;https://eprel.ec.europa.eu/qr/1717376;
25020821;0440000118051;89620;Mitas;SK02;;przemysłowe;OPONA 27X8.50-15 SK02 8PR TL Mitas;27X8.50;;15;;;8PR;;;;2;2;778,00;513,48;;;;;;-;13 kg;;
25020823;0440000107239;85619;Mitas;SK01;;rolnicze;OPONA 10.0/75-15.3 (260/75-15.3) SK01 10PR TL Mitas;10.0;75;15.3;;;10PR;;260/75-15.3;;6;6;885,00;584,10;;;;;;-;17 kg;;
25020824;8059971615524;87532;Mitas;SK02;;przemysłowe;OPONA 23X8.50-12 SK02 10PR TL Mitas;23X8.50;;12;;;10PR;;;;12;12;510,00;336,60;;;;;;-;10 kg;;
25027655;0440000120924;90886;Mitas;MPT06 IND;;przemysłowe;OPONA 480/65-22.5 (18-22.5) MPT06 IND 16PR TL Mitas;480;65;22.5;;;16PR;;18-22.5;;2;2;3100,00;2046,00;;;;;;-;0;;
25028052;0440000119003;89976;Mitas;COMP SMOOTH;;przemysłowe;OPONA 11.00-20 COMP SMOOTH 18PR TT Mitas;11.00;;20;;;18PR;;;TT DA;9;9;2267,00;1496,22;;;;;;-;0;;
25028054;0440000124281;92600;Mitas;EM23;;przemysłowe;OPONA 10.00-20 EM23 /16PR TT Mitas;10.00;;20;;;;16PR;;;16;16;1510,00;996,60;;;;;;-;45 kg;;
25028056;0440000119744;90301;Mitas;MPT04 IND;;przemysłowe;OPONA 400/70-24 MPT04 IND 14PR/151D TL Mitas;400;70;24;;D;14PR;151;;;4;4;2199,00;1451,34;;;;;;-;0;;
25028196;0440000119713;90300;Mitas;NB38;;przemysłowe;OPONA 10.00-20 NB38 16PR TT Mitas;10.00;;20;;;16PR;;;;4;4;1452,00;958,32;;;;;;-;45 kg;;
25029093;0440000126438;93533;Mitas;MPT-04;;przemysłowe;OPONA 405/70-24 MPT-04 14PR/152B TL Mitas;405;70;24;;B;14PR;152;;;2;2;2199,00;1451,34;;;;;;-;0;;
25029381;0440000124304;92601;Mitas;TI06 S116;;przemysłowe;OPONA 16.9-28 TI06 S116 12PR IND TL Mitas;16.9;;28;;;12PR;;;TL;6;6;2946,00;1944,36;;;;;;-;75,8 kg;;
25029382;0440000127862;93994;Mitas;TI09;;przemysłowe;OPONA 440/80-30 (16.9-30) TI09 14PR TL Mitas;440;80;30;;;14PR;;16.9-30;;2;2;3275,00;2161,50;;;;;;-;0;;
25029530;0440000124373;92604;Mitas;TR09 S116 IND;;przemysłowe;OPONA 12.5/80-18 (320/80-18) TR09 S116 IND 12PR TL Mitas;12.5;80;18;;;12PR;;320/80-18;;9;9;1296,00;855,36;;;;;;-;45 kg;;
25029531;0440000120894;90883;Mitas;TR09 IND;;przemysłowe;OPONA 12.5/80-18 (320/80-18) TR09 IND 12PR TL Mitas;12.5;80;18;;;12PR;;320/80-18;;9;9;1296,00;855,36;;;;;;-;0;;
25029588;0440000124335;92606;Mitas;MPT-04;;przemysłowe;OPONA 340/80-18 (12.5/80-18) MPT-04 16PR IND TL Mitas;340;80;18;;;16PR;;12.5/80-18;;10;10;1600,00;1056,00;;;;;;-;0;;
25029862;0440000127848;93991;Mitas;MPT04 IND;;przemysłowe;OPONA 360/85-20 (14.5-20) MPT04 IND 14PR TL Mitas;360;85;20;;;14PR;;14.5-20;;3;3;1455,00;960,30;;;;;;-;0;;
25030149;0440000124298;92607;Mitas;TR09 IND;;przemysłowe;OPONA 16.0/70-20 (400/75-20) TR09 IND 14PR TL Mitas;16.0;70;20;;;14PR;;400/75-20;;12;12;2011,00;1327,26;;;;;;-;0;;
25030150;0440000127824;93987;Mitas;MPT03;;przemysłowe;OPONA 12.5-20 MPT03 132G/12PR TL Mitas;12.5;;20;G;;132;12PR;;;2;2;1354,00;893,64;;;;;;-;55 kg;;
25031827;0440000125202;93036;Mitas;NB38;;przemysłowe;OPONA 11.00-20 NB38 16PR TT Mitas;11.00;;20;;;16PR;;;;8;8;1575,00;1039,50;;;;;;-;50 kg;;
25031833;0440000124366;92608;Mitas;NB38;;przemysłowe;OPONA 9.00-20 NB38 14PR TT Mitas;9.00;;20;;;14PR;;;;2;2;1370,00;904,20;;;;;;-;38 kg;;
250392-36;0440000122669;91195;Galaxy;YARDMASTER RADIAL;;przemysłowe;OPONA 12.00R24 YARDMASTER RADIAL 178A5 TL Galaxy;12.00;;24;A5;;178;;;;2;2;5150,00;3399,00;;;;;;R;0 kg;;
250802-33TTR;0440000098186;80940;Galaxy;YARD MASTER;;przemysłowe;OPONA 300-15 YARD MASTER 20PR +Dętka TT Galaxy;300;;15;;;20PR;;;;2;2;1417,00;935,22;;;;;;-;0;;
255154;3528702551547;93127;Michelin;X MULTI Z2;;ciężarowe;OPONA 265/70R19.5 X MULTI Z2 140/138M 3PMSF ALL POSITION Michelin (C,C,A,70dB);265;70;19.5;;M;140;138;;;4;4;2682,00;1595,79;C;C;A;70dB;;R;38 kg;https://eprel.ec.europa.eu/qr/2163042;
25597;0440000086565;76601;Firestone;UT3000 PLUS;;ciężarowe;OPONA 11R22.5 UT3000 PLUS 148K/145 ON/OFF ALL POSITION Firestone (E,C,A,70dB);11;;22.5;K;;148;145;;;13;13;1875,00;1162,50;E;C;A;70dB;;R;0 kg;;
256178;0440000003883;40866;Galaxy;YARD MASTER ULTRA;;przemysłowe;OPONA 250-15 YARD MASTER ULTRA 16PR TT Galaxy;250;;15;;;16PR;;;;15;15;923,73;609,66;;;;;;-;0 kg;;
256338-33;0440000080730;74478;Galaxy;YARD MASTER ULTRA;;przemysłowe;OPONA 12.00-20 YARD MASTER ULTRA 28PR TT Galaxy;12.00;;20;;;28PR;;;;6;6;3200,00;2112,00;;;;;;-;101 kg;;
256801-33;0440000079765;73156;Galaxy;YARD MASTER ULTRA;;przemysłowe;OPONA 21X8-9 (200/75-9) YARD MASTER ULTRA 14PR TT Galaxy;21X8;;9;;;14PR;;200/75-9;;9;9;490,00;323,40;;;;;;-;0;;
256802-33TTR;0440000098193;80939;Galaxy;YARD MASTER ULTRA;;przemysłowe;OPONA 300-15 YARD MASTER ULTRA 20PR +Dętka TT Galaxy;300;;15;;;20PR;;;;11;11;1520,00;1003,20;;;;;;-;0;;
25914;3286342591414;72508;Bridgestone;L355 EVO;;ciężarowe;OPONA 13R22.5 L355 EVO 158G/156K ON/OFF 3PMSF DRIVE Bridgestone (E,B,B,75dB);13;;22.5;G;K;158;156;;;6;6;3423,00;1779,96;E;B;B;75dB;;R;0 kg;;
25917;3286342591711;75085;Bridgestone;M840 ;;ciężarowe;OPONA 11R22.5 M840  148K/145L ON/OFF 3PMSF ALL POSITION Bridgestone (D,C,A,70);11;;22.5;K;L;148;145;;;2;2;2335,00;1225,87;D;C;A;70;;R;0 kg;;
25920;3286342592015;72108;Bridgestone;V-STEEL MIX M840;;ciężarowe;OPONA 275/70R22.5 V-STEEL MIX M840 148/145K 3PMSF M+S ALL POSITION Bridgestone (D,C,A,69dB);275;70;22.5;;K;148;145;;;16;16;2757,00;1378,50;D;C;A;69dB;;R;0 kg;https://eprel.ec.europa.eu/screen/product/tyres/629577;
25947;3286342594712;90414;Bridgestone;R164;;ciężarowe;OPONA 425/65R22.5 R164 165K TRAILER Bridgestone (C,D,A,70dB);425;65;22.5;K;;165;;;;4;4;4111,00;2096,61;C;D;A;70dB;;R;84,9 kg;https://eprel.ec.europa.eu/screen/product/tyres/629593;
25970;3286342597010;69363;Firestone;MULTI BLOCK T MS DE2;;przemysłowe;OPONA 23.5R25 MULTI BLOCK T MS DE2 185B TL Firestone;23.5;;25;B;;185;;;;3;3;14740,00;5896,00;;;;;;R;307 kg;;
26041900;0440000003708;62059;Lassa;TR68;;rolnicze;OPONA 6.00-16 TR68 8PR/94A6 TT Lassa;6.00;;16;;A6;8PR;94;;;20;20;254,00;175,26;;;;;;-;0;;
260439;0440000000332;68314;Lassa;TR68;;rolnicze;OPONA 7.50-16 TR68 8PR/103A6 TT Lassa;7.50;;16;;A6;8PR;103;;;20;20;395,00;272,55;;;;;;-;0 kg;;
270239;0440000007157;68135;Lassa;TR70;;rolnicze;OPONA 12.4-28 TR70 8PR/123A6 TT Lassa;12.4;;28;;A6;8PR;123;;;1;1;1040,00;717,60;;;;;;-;0 kg;;
270251;0440000045920;68312;Lassa;TR70;;rolnicze;OPONA 14.9-28 TR70 8PR/130A6 TT Lassa;14.9;;28;;A6;8PR;130;;;20;20;1440,00;993,60;;;;;;-;0 kg;;
27028400;0440000008086;68737;Lassa;TR70;;rolnicze;OPONA 18.4-30 TR70 14PR 151A6 TT Lassa;18.4;;30;;;14PR 151A6;;;;9;9;2350,00;1621,50;;;;;;-;0 kg;;
276469-39;0440000107154;84752;Galaxy;THE GIANT HIPPO;;przemysłowe;OPONA 20.5-25 THE GIANT HIPPO 20 PR TL Galaxy;20.5;;25;;;20 PR;;;;4;4;7036,00;4643,76;;;;;;-;0 kg;;
276740;3528702767405;81625;Michelin;X WORKS HD D;;ciężarowe;OPONA 315/80R22.5 X WORKS HD D 156/150K ON/OFF 3PMSF M+S DRIVE Michelin (D,B,A,74dB);315;80;22.5;;K;156;150;;;4;4;4660,00;2539,70;D;B;A;74dB;;R;0 kg;https://eprel.ec.europa.eu/screen/product/tyres/1360445;
27823;3286342782317;91838;Firestone;FS424 EVO;;ciężarowe;OPONA 385/65R22.5 FS424 EVO 164K 3PMSF M+S Firestone (B,B,2,70dB);385;65;22.5;K;;164;;;;4;4;2778,00;1583,46;B;B;2;70dB;;R;0 kg;;
27828;3286342782812;81470;Firestone;TSP3000;;ciężarowe;OPONA 215/75R17.5 TSP3000 135K/133K 3PMSF TRAILER Firestone (D,C,A,71dB);215;75;17.5;K;K;135;133;;;1;1;1387,06;859,98;D;C;A;71dB;;R;0;https://eprel.ec.europa.eu/screen/product/tyres/1330872;
27829;3286342782911;79184;Firestone;TSP3000;;ciężarowe;OPONA 235/75R17.5 TSP3000 143J/144F M+S TRAILER Firestone (C,B,A,70dB);235;75;17.5;J;F;143;144;;;13;13;1557,00;918,63;C;B;A;70dB;;R;0;;
27830;3286342783017;81471;Firestone;TSP3000;;ciężarowe;OPONA 245/70R17.5 TSP3000 143J/146F 3PMSF TRAILER Firestone (D,B,A,70dB);245;70;17.5;J;F;143;146;;;12;12;1669,00;951,33;D;B;A;70dB;;R;0 kg;https://eprel.ec.europa.eu/screen/product/tyres/1330871;
28001500;0440000006655;68738;Lassa;EARTH GRIPPER ;;przemysłowe;OPONA 12.5/80-18 (340/80-18) EARTH GRIPPER  12PR TL Lassa;12.5;80;18;;;12PR;;340/80-18;;20;20;1200,00;828,00;;;;;;-;0 kg;;
280025;0440000046569;68316;Lassa;EG;;przemysłowe;OPONA 16.0/70-20 (400/70-20) EG 12PR TL Lassa;16.0;70;20;;;12PR;;400/70-20;;20;20;2090,00;1442,10;;;;;;-;0 kg;;
28003500;0440000010348;68910;Lassa;EARTH GRIPPER EX;;przemysłowe;OPONA 10.00-20 EARTH GRIPPER EX 16PR/146/143B TT Lassa;10.00;;20;;B;16PR;146/143;;;2;2;1300,00;897,00;;;;;;-;0 kg;;
280153;0440000082246;76119;Lassa;G2;;przemysłowe;OPONA 14.00-24 G2 12PR TL Lassa;14.00;;24;;;12PR;;;;3;3;2050,00;1414,50;;;;;;-;0 kg;;
28049;3286342804910;93996;Bridgestone;VT TRACTOR;;rolnicze;OPONA 900/65R46 VT TRACTOR 193D/190E TL Bridgestone;900;65;46;D;E;193;190;;;2;2;37608,00;12410,64;;;;;;R;0 kg;;
28087;3286342808710;87961;Bridgestone;VX-TRACTOR;;rolnicze;OPONA 13.6R24 (340/85R24) VX-TRACTOR 125D/122E TL Bridgestone;13.6;;24;D;E;125;122;340/85R24;;6;6;4868,00;1509,08;;;;;;R;0;;
28095;3286342809519;86891;Bridgestone;VX-R TRACTOR;;rolnicze;OPONA 360/70R24 VX-R TRACTOR 122D/119E TL Bridgestone;360;70;24;D;E;122;119;;;2;2;4417,00;1457,61;;;;;;R;0 kg;;
28100;3286342810010;85218;Bridgestone;VX-R TRACTOR;;rolnicze;OPONA 380/70R24 VX-R TRACTOR 125D/122E TL Bridgestone;380;70;24;D;E;125;122;;;4;4;5449,00;1798,17;;;;;;R;0 kg;;
28104;3286342810416;85216;Bridgestone;VX-R TRACTOR;;rolnicze;OPONA 380/85R28 (14.9R28) VX-R TRACTOR 133D/130E TL Bridgestone;380;85;28;D;E;133;130;14.9R28;;2;2;5982,00;1974,06;;;;;;R;0 kg;;
28135;3286342813516;85916;Bridgestone;VX-R TRACTOR;;rolnicze;OPONA 420/70R28 VX-R TRACTOR 133D/130E TL Bridgestone;420;70;28;D;E;133;130;;;2;2;6880,00;2270,40;;;;;;R;0;;
28146;3286342814612;85225;Bridgestone;VX-R TRACTOR;;rolnicze;OPONA 520/70R34 VX-R TRACTOR 148D/145E TL Bridgestone;520;70;34;D;E;148;145;;;2;2;11258,00;3602,56;;;;;;R;0 kg;;
28158;3286342815817;85591;Bridgestone;VX-R TRACTOR;;rolnicze;OPONA 480/65R24 VX-R TRACTOR 133D/130E TL Bridgestone;480;65;24;D;E;133;130;;;2;2;7044,00;2324,52;;;;;;R;0;;
28172;3286342817217;85875;Bridgestone;VX-R TRACTOR;;rolnicze;OPONA 600/65R34 VX-R TRACTOR 151D/148E TL Bridgestone;600;65;34;D;E;151;148;;;2;2;13756,00;4677,04;;;;;;R;0;;
282038;8697322820380;92427;Lassa;TELEGRIPPER;;przemysłowe;OPONA 16.9-24 (440/80-24) TELEGRIPPER 168A8/20 PR TL Lassa;16.9;;24;A8;;168;20 PR;440/80-24;;20;20;2500,00;1725,00;;;;;;-;0;;
28204200;8697322820427;92428;Lassa;TELEGRIPPER;;przemysłowe;OPONA 15.5/80-24 (400/80-24) TELEGRIPPER 20PR/162A8 TL Lassa;15.5;80;24;;A8;20PR;162;400/80-24;;17;17;2500,00;1725,00;;;;;;-;74 kg;;
282055;0440000080266;75286;Lassa;EG;;przemysłowe;OPONA 18.4-26 EG 12PR TL Lassa;18.4;;26;;;12PR;;;;13;13;2850,00;1966,50;;;;;;-;0 kg;;
282068;0440000008215;52160;Lassa;EG;;przemysłowe;OPONA 16.9-28 (440/80-28) EG 14PR TL Lassa;16.9;;28;;;14PR;;440/80-28;;20;20;2600,00;1794,00;;;;;;-;0;;
282195;0440000007249;2966;Lassa;L2;;przemysłowe;OPONA 15.5-25 L2 12PR TL Lassa;15.5;;25;;;12PR;;;;19;19;2850,00;1966,50;;;;;;-;91 kg;;
28529;3286342852911;84721;Bridgestone;L355 EVO;;ciężarowe;OPONA 315/80R22.5 L355 EVO 158G/156K ON/OFF M+S DRIVE Bridgestone (E,B,A,73dB);315;80;22.5;G;K;158;156;;;8;8;3428,00;1799,70;E;B;A;73dB;;R;0 kg;https://eprel.ec.europa.eu/screen/product/tyres/1043269;
292036;3528702920367;86924;Michelin;X MULTI ENERGY D2;;ciężarowe;OPONA 315/70R22.5 X MULTI ENERGY D2 156/150L 3PMSF M+S DRIVE Michelin (B,C,2,75dB);315;70;22.5;;L;156;150;;;4;4;4760,00;2522,80;B;C;2;75dB;;R;0;https://eprel.ec.europa.eu/qr/1898753;
2937;3286340293716;8075;Firestone;DURA-UT;;rolnicze;OPONA 17.5R24 (460/70R24) DURA-UT 159A TL Firestone;17.5;;24;A;;159;;460/70R24;;19;19;6360,00;2257,80;;;;;;R;0 kg;;
3001882;8808563333410;7751;Hankook;DH31;;ciężarowe;OPONA 315/70R22.5 DH31 154/150L DRIVE Hankook (D,cf,2,75dB);315;70;22.5;;L;154;150;;;4;4;3350,00;1608,00;D;cf;2;75dB;;R;64,5 kg;https://eprel.ec.europa.eu/qr/461627;
3002433;8808563377810;32425;Hankook;AM09;;ciężarowe;OPONA 315/80R22.5 AM09 156/150K ON/OFF FRONT Hankook (D,B,1,67dB);315;80;22.5;;K;156;150;;;6;6;4587,00;1628,38;D;B;1;67dB;;R;0 kg;https://eprel.ec.europa.eu/qr/461660;
3002454;8808563380575;40835;Hankook;DH31;;ciężarowe;OPONA 315/60R22.5 DH31 152/148L DRIVE Hankook (D,C,2,75dB);315;60;22.5;;L;152;148;;#;8;8;3724,00;1787,52;D;C;2;75dB;;R;0 kg;https://eprel.ec.europa.eu/qr/471295;
3002580;8808563397436;41695;Hankook;AH35;;ciężarowe;OPONA 205/75R17.5 AH35 124/122M FRONT Hankook (D,C,1,65dB);205;75;17.5;;M;124;122;;#;2;2;1991,50;716,94;D;C;1;65dB;;R;0;https://eprel.ec.europa.eu/qr/471360;
3002584;8808563397474;36302;Hankook;AH35;;ciężarowe;OPONA 245/70R17.5 AH35 136/134M FRONT Hankook (C,C,1,67dB);245;70;17.5;;M;136;134;;#;1;1;2667,00;960,12;C;C;1;67dB;;R;0 kg;https://eprel.ec.europa.eu/qr/476755;
3002586;8808563397498;41819;Hankook;TM15;;ciężarowe;OPONA 385/65R22.5 TM15 160K ON/OFF TRAILER Hankook (D,C,1,69dB);385;65;22.5;K;;160;;;#;18;18;3415,00;1587,97;D;C;1;69dB;;R;0 kg;https://eprel.ec.europa.eu/qr/476771;
3002633;8808563399942;34775;Hankook;AH35;;ciężarowe;OPONA 285/70R19.5 AH35 146/144M 3PMSF M+S FRONT Hankook (C,C,1,67dB);285;70;19.5;;M;146;144;;#;1;1;3320,50;1261,79;C;C;1;67dB;;R;0 kg;https://eprel.ec.europa.eu/qr/476794;
3002635;8808563399966;34095;Hankook;AH35;;ciężarowe;OPONA 265/70R19.5 AH35 140/138M 3PMSF M+S FRONT Hankook (C,C,1,67dB);265;70;19.5;;M;140;138;;#;4;4;2835,50;1034,96;C;C;1;67dB;;R;0 kg;https://eprel.ec.europa.eu/qr/476823;
3002653;8808563401270;46030;Hankook;AL20;;ciężarowe;OPONA 385/55R22.5 AL20 160K 3PMSF M+S FRONT Hankook (A,C,1,69dB);385;55;22.5;K;;160;;;;1;1;3724,00;1824,76;A;C;1;69dB;;R;0 kg;https://eprel.ec.europa.eu/qr/469074;
3002658;8808563401324;71033;Hankook;AH35;;ciężarowe;OPONA 305/70R19.5 AH35 148/145M 3PMSF M+S FRONT Hankook (C,C,1,71dB);305;70;19.5;;M;148;145;;;4;4;4135,00;1529,95;C;C;1;71dB;;R;47,35 kg;https://eprel.ec.europa.eu/qr/476848;
3002700;8808563405803;43081;Hankook;DH35;;ciężarowe;OPONA 265/70R19.5 DH35 140/138M DRIVE Hankook (D,B,1,73dB);265;70;19.5;;M;140;138;;#;4;4;2835,00;1063,12;D;B;1;73dB;;R;0 kg;https://eprel.ec.europa.eu/qr/461558;
3002702;8808563405827;59767;Hankook;DH35;;ciężarowe;OPONA 305/70R19.5 DH35 148/145M 3PMSF M+S DRIVE Hankook (D,B,1,73);305;70;19.5;;M;148;145;;#;1;1;4142,00;1573,96;D;B;1;73;;R;0;https://eprel.ec.europa.eu/qr/469093;
3002801;8808563414669;77648;Hankook;DM09 SMART WORK;;ciężarowe;OPONA 315/80R22.5 DM09 SMART WORK 156/150K ON/OFF 3PMSF M+S DRIVE Hankook (D,C,A,70dB);315;80;22.5;;K;156;150;;;8;8;4587,00;1697,19;D;C;A;70dB;;R;73,55 kg;;
3003106;8808563432830;43924;Hankook;DH35;;ciężarowe;OPONA 265/70R17.5 DH35 140/138M DRIVE Hankook (D,C,1,73dB);265;70;17.5;;M;140;138;;;12;12;3219,00;1126,65;D;C;1;73dB;;R;0;https://eprel.ec.europa.eu/qr/461553;
3003309;0440000084578;77011;Hankook;SMART FLEX TH31;;ciężarowe;OPONA 385/65R22.5 SMART FLEX TH31 164K 3PMSF M+S TRAILER Hankook (B,B,1,69dB);385;65;22.5;K;;164;;;;2;2;4333,00;1538,21;B;B;1;69dB;;R;0 kg;https://eprel.ec.europa.eu/qr/470942;
3003421;8808563459554;78240;Hankook;SMART FLEX AH51;;ciężarowe;OPONA 315/70R22.5 SMART FLEX AH51 156/150L 3PMSF M+S FRONT Hankook (C,B,1,72dB);315;70;22.5;;L;156;150;;;20;20;3553,00;1634,38;C;B;1;72dB;;R;61 kg;;
3003423;8808563459578;76285;Hankook;DH51 SMART FLEX;;ciężarowe;OPONA 315/70R22.5 DH51 SMART FLEX 154/150L 3PMSF M+S DRIVE Hankook (D,B,2,76dB);315;70;22.5;;L;154;150;;;20;20;3553,00;1687,67;D;B;2;76dB;;R;64,5 kg;;
3003439;8808563460864;69325;Hankook;TH31 SMART FLEX;;ciężarowe;OPONA 385/55R19.5 TH31 SMART FLEX 156J 3PMSF M+S TRAILER Hankook (B,B,1,70);385;55;19.5;J;;156;;;;20;20;5270,00;1739,10;B;B;1;70;;R;0 kg;https://eprel.ec.europa.eu/qr/471031;
3003446;8808563461021;63355;Hankook;TH31 SMART FLEX;;ciężarowe;OPONA 385/55R22.5 TH31 SMART FLEX 160K 3PMSF M+S TRAILER Hankook (B,C,2,73dB);385;55;22.5;K;;160;;;;8;8;4499,00;1687,12;B;C;2;73dB;;R;0;https://eprel.ec.europa.eu/qr/471041;
3003604;8808563505756;87225;Hankook;SMART TOURING AL22;;ciężarowe;OPONA 295/80R22.5 SMART TOURING AL22 154/149M M+S FRONT Hankook (C,B,1,69dB);295;80;22.5;;M;154;149;;;15;15;3225,00;1515,75;C;B;1;69dB;;R;0;https://eprel.ec.europa.eu/qr/461698;
3003707;8808563521503;84920;Hankook;AL51;;ciężarowe;OPONA 315/70R22.5 AL51 156/150L 3PMSF M+S FRONT Hankook (B,B,A,72dB);315;70;22.5;;L;156;150;;;7;7;3553,00;1581,08;B;B;A;72dB;;R;0 kg;;
3003708;0440000102760;83815;Hankook;DL51;;ciężarowe;OPONA 315/70R22.5 DL51 154/150L 3PMSF M+S DRIVE Hankook (C,B,A,73dB);315;70;22.5;;L;154;150;;;20;20;4724,50;1700,82;C;B;A;73dB;;R;64,5 kg;;
3003746;8808563531267;77737;Hankook;TH31 SMART FLEX;;ciężarowe;OPONA 245/70R17.5 TH31 SMART FLEX 143/141K 3PMSF M+S TRAILER Hankook (C,B,A,70dB);245;70;17.5;;K;143;141;;;6;6;2819,50;1015,02;C;B;A;70dB;;R;0 kg;https://eprel.ec.europa.eu/qr/471163;
3003834;8808563540481;78243;Hankook;DH51 SMART FLEX;;ciężarowe;OPONA 315/80R22.5 DH51 SMART FLEX 156/150L 3PMSF M+S DRIVE Hankook (D,B,2,76dB);315;80;22.5;;L;156;150;;;20;20;3600,50;1670,63;D;B;2;76dB;;R;0 kg;;
3003835;8808563540498;78241;Hankook;SMART FLEX AH51;;ciężarowe;OPONA 315/80R22.5 SMART FLEX AH51 156/150L 3PMSF M+S FRONT Hankook (C,B,1,72dB);315;80;22.5;;L;156;150;;;20;20;4767,00;1692,28;C;B;1;72dB;;R;0 kg;;
3003837;8808563540511;77741;Hankook;SMART FLEX AH51;;ciężarowe;OPONA 385/65R22.5 SMART FLEX AH51 164K 3PMSF M+S FRONT Hankook (B,B,A,70dB);385;65;22.5;K;;164;;;;19;19;5095,00;1834,20;B;B;A;70dB;;R;0 kg;;
3003874;8808563551777;91823;Hankook;SMART FLEX DH51;;ciężarowe;OPONA 315/60R22.5 SMART FLEX DH51 152/148L 3PMSF M+S DRIVE Hankook (C,B,B,76dB);315;60;22.5;;L;152;148;;;8;8;5132,50;1873,36;C;B;B;76dB;;R;0 kg;;
3003876;8808563551791;82874;Hankook;DH51 SMART FLEX;;ciężarowe;OPONA 295/60R22.5 DH51 SMART FLEX 150/147K 3PMSF M+S DRIVE Hankook (C,B,2,76dB);295;60;22.5;;K;150;147;;#;14;14;4639,00;1670,04;C;B;2;76dB;;R;62,5 kg;;
3003877;8808563551807;85643;Hankook;AH51;;ciężarowe;OPONA 295/80R22.5 AH51 154/149M 3PMSF M+S FRONT Hankook (C,B,1,72dB);295;80;22.5;;M;154;149;;;4;4;4397,50;1583,10;C;B;1;72dB;;R;61 kg;;
3003878;8808563551814;83082;Hankook;AH51;;ciężarowe;OPONA 385/55R22.5 AH51 160K 3PMSF M+S FRONT Hankook (B,B,1,70dB);385;55;22.5;K;;160;;;;2;2;5174,50;1862,82;B;B;1;70dB;;R;0 kg;;
3003942;8808563572659;83271;Hankook;AL50 SMART LINE;;ciężarowe;OPONA 315/70R22.5 AL50 SMART LINE 156/150L 3PMSF M+S FRONT Hankook (A,B,A,71dB);315;70;22.5;;L;156;150;;#;8;8;3553,00;1545,55;A;B;A;71dB;;R;63,1 kg;;
3003957;8808563577999;83038;Hankook;DL50;;ciężarowe;OPONA 315/60R22.5 DL50 152/148L 3PMSF M+S DRIVE Hankook (B,C,1,72dB);315;60;22.5;L;;152/148;;;;8;8;5144,00;1851,84;B;C;1;72dB;;R;0;;
3003958;8808563578002;80975;Hankook;DL50;;ciężarowe;OPONA 295/60R22.5 DL50 150/147L 3PMSF M+S DRIVE Hankook (B,C,A,72dB);295;60;22.5;L;;150/147;;;;16;16;4539,50;2201,66;B;C;A;72dB;;R;0 kg;;
3003960;8808563578026;84919;Hankook;AL50;;ciężarowe;OPONA 355/50R22.5 AL50 156L 3PMSF M+S FRONT Hankook (A,B,A,72dB);355;50;22.5;L;;156;;;;2;2;6069,00;2215,18;A;B;A;72dB;;R;0 kg;;
3003975;8808563585048;86172;Hankook;SMART FLEX AL51;;ciężarowe;OPONA 385/65R22.5 SMART FLEX AL51 160K 3PMSF M+S FRONT Hankook (B,B,A,73dB);385;65;22.5;K;;160;;;#;20;20;4944,50;1854,19;B;B;A;73dB;;R;0 kg;https://eprel.ec.europa.eu/qr/1858786;
3004084;8808563623870;90307;Hankook;TH31 SMART FLEX;;ciężarowe;OPONA 435/50R19.5 TH31 SMART FLEX 164J 3PMSF M+S TRAILER Hankook (B,B,2,73dB);435;50;19.5;J;;164;;;;4;4;4867,00;1752,12;B;B;2;73dB;;R;0;;
3004085;8808563623887;90888;Hankook;TH31 SMART FLEX;;ciężarowe;OPONA 445/45R19.5 TH31 SMART FLEX 164J 3PMSF M+S TRAILER Hankook (B,B,1,69dB);445;45;19.5;J;;164;;;;2;2;5451,00;2834,52;B;B;1;69dB;;R;63 kg;https://eprel.ec.europa.eu/qr/2079205;
30215508AL-IN;8903635000020;3912;Alliance;302;;przemysłowe;OPONA 15.5-25 302 12PR TL Alliance;15.5;;25;;;12PR;;;;1;1;1985,00;1290,25;;;;;;-;96 kg;;
30219708AL-IN;8903635001829;4935;Alliance;302;;przemysłowe;OPONA 14.9-28 (380/85-28) 302 12PR TT Alliance;14.9;;28;;;12PR;;380/85-28;;4;4;2450,00;1592,50;;;;;;-;72 kg;;
304702-36;0440000073404;71558;Galaxy;HTSR 400;;przemysłowe;OPONA 29.5R25 HTSR 400 L4/E4 200B/216A2 TL Galaxy;29.5;;25;B;A2;200;216;;ALL STEEL;6;6;11200,00;7392,00;;;;;;R;0;;
30606;3286343060612;85593;Bridgestone;U-AP002;;ciężarowe;OPONA 275/70R22.5 U-AP002 152J/150K 3PMSF M+S ALL POSITION Bridgestone (B,B,A,69dB);275;70;22.5;J;K;152;150;;;14;14;2869,00;1506,22;B;B;A;69dB;;R;0;https://eprel.ec.europa.eu/screen/product/tyres/1895397;
30610407AL-IN;8903635001423;964;Alliance;306;;przemysłowe;OPONA 14.00-24 306 16PR TL Alliance;14.00;;24;;;16PR;;;;13;13;2304,00;1497,60;;;;;;-;88 kg;;
30612809AL-IN;8903635000228;28056;Alliance;306;;przemysłowe;OPONA 17.5-25 306 16PR TL Alliance;17.5;;25;;;16PR;;;;2;2;2555,00;1660,75;;;;;;-;128 kg;;
3068180442090400;0440000064457;70454;Galaxy;MIGHTY MOW;;przemysłowe;OPONA 44x18.00-20 MIGHTY MOW 4PR TL Galaxy;44x18.00;;20;;;4PR;;;;1;1;2480,00;1636,80;;;;;;-;0;;
30700018AL-IG;0440000110802;86789;Alliance;307;;przemysłowe;OPONA 14.00-24 307 12PR TL Alliance;14.00;;24;;;12PR;;;;6;6;1940,00;1261,00;;;;;;-;0 kg;;
30700019AL-IG;8903635017790;72450;Alliance;307;;przemysłowe;OPONA 14.00-24 307 16PR TL Alliance;14.00;;24;;;16PR;;;;9;9;2194,00;1426,10;;;;;;-;0 kg;;
30700050AL-IG;8903635017813;35226;Alliance;307;;przemysłowe;OPONA 17.5-25 307 16PR TL Alliance;17.5;;25;;;16PR;;;;6;6;2597,00;1688,05;;;;;;-;0;;
3070600502200009;0440000128715;69106;Alliance;882 STEEL BELTED;;rolnicze;OPONA 600/50R22.5 882 STEEL BELTED 159E TL Alliance;600;50;22.5;E;;159;;;;4;4;5856,00;3806,40;;;;;;R;0 kg;;
3071230953610000;0440000118075;68653;Alliance;350;;rolnicze;OPONA 230/95R36 (9.5R36) 350 133A8/130D TL Alliance;230;95;36;A8;D;133;130;9.5R36;;1;1;2500,00;1625,00;;;;;;R;0 kg;;
3071380904610009;0440000128159;94057;Alliance;AGRISTAR II RC;;rolnicze;OPONA 14.9R46 (380/90R46) AGRISTAR II RC 173D/170E TL Alliance;14.9;;46;D;E;173;170;380/90R46;;3;3;5325,75;3461,74;;;;;;R;138 kg;;
3071480703810002;0440000129262;94630;Alliance;AGRISTAR II;;rolnicze;OPONA 480/70R38 AGRISTAR II 145D TL Alliance;480;70;38;D;;145;;;;1;1;4270,00;2775,50;;;;;;R;0;;
3076012801612004;0440000010522;64922;Galaxy;MIGHTY MOW;;przemysłowe;OPONA 12-16.5 MIGHTY MOW 12PR TL Galaxy;12;;16.5;;;12PR;;;;4;4;1350,00;891,00;;;;;;-;0;;
30800800AL-IN;8903635000259;28983;Alliance;308;;przemysłowe;OPONA 15.5-25 308 12PR TL Alliance;15.5;;25;;;12PR;;;;4;4;2112,00;1372,80;;;;;;-;96 kg;;
30910280AL-IG;8903635002314;91203;Alliance;309;;przemysłowe;OPONA 14.00-24 309 28PR TL Alliance;14.00;;24;;;28PR;;;;12;12;4300,00;2795,00;;;;;;-;0 kg;;
31114;3286343111413;81605;Firestone;FD611;;ciężarowe;OPONA 235/75R17.5 FD611 132M/130M 3PMSF M+S DRIVE Firestone (D,B,A,73dB);235;75;17.5;M;M;132;130;;DRIVE;14;14;1475,00;870,25;D;B;A;73dB;;R;0 kg;https://eprel.ec.europa.eu/screen/product/tyres/1438150;
31117;3286343111710;79127;Firestone;FS411;;ciężarowe;OPONA 235/75R17.5 FS411 132M/130M 3PMSF M+S FRONT Firestone (C,B,A,71dB);235;75;17.5;M;M;132;130;;;10;10;1475,00;862,87;C;B;A;71dB;;R;26,5 kg;;
31119;3286343111918;79183;Firestone;FS411;;ciężarowe;OPONA 245/70R17.5 FS411 136M/134M 3PMSF M+S FRONT Firestone (C,B,B,72dB);245;70;17.5;M;M;136;134;;;7;7;1604,00;922,30;C;B;B;72dB;;R;0;;
31373;3286343137314;80817;Bridgestone;R168+;;ciężarowe;OPONA 385/65R22.5 R168+ 160K/158L 3PMSF M+S TRAILER Bridgestone (C,B,A,71dB);385;65;22.5;K;L;160;158;;;20;20;3260,00;1597,40;C;B;A;71dB;;R;0 kg;;
31714354AL-IN;8903635001454;4793;Alliance;317 MPT;;przemysłowe;OPONA 12.5/80-18 (320/80-18) 317 MPT 12PR TL Alliance;12.5;80;18;;;12PR;;320/80-18;;11;11;1350,00;877,50;;;;;;-;48 kg;;
31714551AL-IN;8903635013235;24096;Alliance;317 MPT;;przemysłowe;OPONA 14.5-20 317 MPT 14PR TL Alliance;14.5;;20;;;14PR;;;;6;6;1821,00;1183,65;;;;;;-;58 kg;;
32001652VP-IN;0440000081928;25812;Alliance;A320 VALUE PLUS;;rolnicze;OPONA 10.0/75-15.3 (260/75-15.3) A320 VALUE PLUS 14PR TL Alliance;10.0;75;15.3;;;14PR;;260/75-15.3;;20;20;370,00;240,50;;;;;;-;17 kg;;
32011922VP-IG;8903635012146;29829;Alliance;320 VALUE PLUS;;rolnicze;OPONA 11.5/80-15.3 320 VALUE PLUS 14PR TL Alliance;11.5;80;15.3;;;14PR;;;;20;20;503,00;326,95;;;;;;-;22 kg;;
32012112VP-IG;0440000079253;32534;Alliance;320 VALUE PLUS;;rolnicze;OPONA 400/60-15.5 320 VALUE PLUS 16PR TL Alliance;400;60;15.5;;;16PR;;;;20;20;730,00;474,50;;;;;;-;36 kg;;
32012112VP-IN;8903635012290;8016;Alliance;320 VALUE PLUS;;rolnicze;OPONA 400/60-15.5 320 VALUE PLUS 16PR TL Alliance;400;60;15.5;;;16PR;;;;17;17;730,00;474,50;;;;;;-;36 kg;;
32014918VP-IG;8903635019534;46291;Alliance;A320 VALUE PLUS;;rolnicze;OPONA 12.5/80-18 (320/80-18) A320 VALUE PLUS 12PR TL Alliance;12.5;80;18;;;12PR;;320/80-18;;20;20;907,00;589,55;;;;;;-;0;;
32014930VP-IG;8903635020653;41233;Alliance;320 VALUE PLUS;;rolnicze;OPONA 12.5/80-18 (320/80-18) 320 VALUE PLUS 16PR TL Alliance;12.5;80;18;;;16PR;;320/80-18;;18;18;949,00;616,85;;;;;;-;0;;
32015010VP-IG;8903635019541;67388;Alliance;320 VALUE PLUS;;rolnicze;OPONA 13.0/55-16 (340/55-16) 320 VALUE PLUS 14PR TL Alliance;13.0;55;16;;;14PR;;340/55-16;;20;20;640,00;416,00;;;;;;-;0;;
32016400VP-IG;0440000056322;70269;Alliance;320 VALUE PLUS;;rolnicze;OPONA 15.0/55-17 320 VALUE PLUS 10PR TL Alliance;15.0;55;17;;;10PR;;;;5;5;808,00;525,20;;;;;;-;0 kg;;
32016400VP-IN;8903635019558;50214;Alliance;320 VALUE PLUS;;rolnicze;OPONA 15.0/55-17 320 VALUE PLUS 10PR TL Alliance;15.0;55;17;;;10PR;;;;1;1;808,00;525,20;;;;;;-;0;;
32016450VP-IG;0440000045586;69165;Alliance;320 VALUE PLUS;;rolnicze;OPONA 15.0/55-17 320 VALUE PLUS 14 PR TL Alliance;15.0;55;17;;;14 PR;;;;7;7;833,00;541,45;;;;;;-;0 kg;;
32017610VP-IG;8903635019565;66203;Alliance;320 VALUE PLUS;;rolnicze;OPONA 16.0/70-20 320 VALUE PLUS 12PR TL Alliance;16.0;70;20;;;12PR;;;;20;20;1217,00;791,05;;;;;;-;46,78 kg;;
32021603AL-IN;8903635002499;776;Alliance;320;;rolnicze;OPONA 16.0/70-20 320 12PR TT Alliance;16.0;70;20;;;12PR;;;;1;1;1360,00;884,00;;;;;;-;60 kg;;
32021611AL-IN;8903635002505;2126;Alliance;320;;rolnicze;OPONA 16.0/70-20 320 14PR TT Alliance;16.0;70;20;;;14PR;;;;2;2;1416,00;920,40;;;;;;-;60 kg;;
32021870AL-IN;8903635001904;1241;Alliance;320;;rolnicze;OPONA 15.0/70-18 320 16PR TL Alliance;15.0;70;18;;;16PR;;;;6;6;1360,00;884,00;;;;;;-;45 kg;;
32122690AL-IG;0440000106508;63917;Alliance;321 PLUS;;przemysłowe;OPONA 12.5/80-18 321 PLUS 12PR TL Alliance;12.5;80;18;;;12PR;;;;12;12;1020,00;663,00;;;;;;-;0;;
32301022AL-IN;8903635012207;8025;Alliance;323;;rolnicze;OPONA 405/70-20 (16.0/70-20) 323 16PR TL Alliance;405;70;20;;;16PR;;16.0/70-20;;1;1;2179,00;1416,35;;;;;;-;60 kg;;
32301130AL-IN;8903635004332;3100;Alliance;323;;rolnicze;OPONA 405/70-24 (16.0/70-24) 323 14PR TL Alliance;405;70;24;;;14PR;;16.0/70-24;;2;2;2197,00;1428,05;;;;;;-;78 kg;;
32400720FP-IG;8903635029144;78518;Alliance;324 FARM PRO;;rolnicze;OPONA 16.9-38 (420/85-38) 324 FARM PRO 8PR TL Alliance;16.9;;38;;;8PR;;420/85-38;;1;1;2650,00;1722,50;;;;;;-;0;;
32401708AL-IN;8903635001539;3105;Alliance;324;;rolnicze;OPONA 7.50-16 324 8PR TT Alliance;7.50;;16;;;8PR;;;;20;20;570,00;370,50;;;;;;-;16 kg;;
32402251AL-IN;8903635000518;3594;Alliance;324;;rolnicze;OPONA 9.5-22 324 6PR TT Alliance;9.5;;22;;;6PR;;;;2;2;740,00;481,00;;;;;;-;24,279 kg;;
32405808FP-IG;0440000008130;68890;Alliance;324 FARM PRO;;rolnicze;OPONA 9.5-24 324 FARM PRO 8PR TT Alliance;9.5;;24;;;8PR;;;;6;6;692,00;449,80;;;;;;-;0 kg;;
32406112FP-IG;8903635014720;27872;Alliance;324 FARM PRO;;rolnicze;OPONA 13.6-24 (340/85-24) 324 FARM PRO 8PR TT Alliance;13.6;;24;;;8PR;;340/85-24;;1;1;1222,00;794,30;;;;;;-;49 kg;;
32409815AL;7291050037556;90419;Alliance;324;;rolnicze;OPONA 8.3/8-28 324 8PR TT Alliance;8.3;8;28;;;8PR;;;;1;1;785,00;510,25;;;;;;-;22 kg;;
32411304AL-IN;8903635000624;874;Alliance;324;;rolnicze;OPONA 11.2-28 324 8PR TT Alliance;11.2;;28;;;8PR;;;TT;1;1;1035,00;672,75;;;;;;-;41 kg;;
32412860FP-IG;0440000056650;72238;Alliance;324 FARM PRO;;rolnicze;OPONA 13.6-36 324 FARM PRO 8PR TL Alliance;13.6;;36;;;8PR;;;;2;2;1610,00;1046,50;;;;;;-;0 kg;;
32414002FP-IG;8903635014751;27868;Alliance;324 FARM PRO;;rolnicze;OPONA 14.9-28 (380/85-28) 324 FARM PRO 8PR TT Alliance;14.9;;28;;;8PR;;380/85-28;;20;20;1400,00;910,00;;;;;;-;72 kg;;
32421492AL-IN;8903635001560;8382;Alliance;324;;rolnicze;OPONA 9.5-36 324 6PR TT Alliance;9.5;;36;;;6PR;;;;5;5;1151,00;748,15;;;;;;-;40 kg;;
32422150FP-IG;8903635014843;86847;Alliance;324 FARM PRO;;rolnicze;OPONA 18.4-38 324 FARM PRO 143A8 TT Alliance;18.4;;38;A8;;143;;;;1;1;2949,00;1916,85;;;;;;-;0;;
32422403AL-IN;8903635000808;2666;Alliance;324;;rolnicze;OPONA 9.5-20 324 6PR TT Alliance;9.5;;20;;;6PR;;;TT;8;8;689,00;447,85;;;;;;-;25,629 kg;;
32453011FP-IG;8903635023340;66545;Alliance;324 FARM PRO;;rolnicze;OPONA 15.5-38 324 FARM PRO 12PR TT Alliance;15.5;;38;;;12PR;;;;1;1;2121,00;1378,65;;;;;;-;0;;
32470010FP-IN;8903635014003;50432;Alliance;324 FARM PRO;;rolnicze;OPONA 18.4-26 324 FARM PRO 12PR TL Alliance;18.4;;26;;;12PR;;;;1;1;2150,00;1397,50;;;;;;-;0;;
32500008AL-IN;8903635013525;36313;Alliance;325;;przemysłowe;OPONA 16.9-24 (440/80-24) 325 168A8 TL Alliance;16.9;;24;A8;;168;;440/80-24;;5;5;3066,00;1992,90;;;;;;-;0;;
32500110AL-IN;8903635008231;36314;Alliance;325;;przemysłowe;OPONA 15.5/80-24 (400/80-24) 325 162A8 TL Alliance;15.5;80;24;A8;;162;;400/80-24;;20;20;2723,00;1769,95;;;;;;-;0;;
32538;3286343253816;83191;Bridgestone;RT1;;ciężarowe;OPONA 205/65R17.5 RT1 132J/133F 3PMSF M+S TRAILER Bridgestone (C,C,A,69dB);205;65;17.5;J;F;132;133;;(gr. Kumho);13;13;1682,00;891,46;C;C;A;69dB;;R;0 kg;https://eprel.ec.europa.eu/screen/product/tyres/1604103;
32580;3286343258019;83571;Bridgestone;RS2 SEVERE DUTY DURAVIS;;ciężarowe;OPONA 315/80R22.5 RS2 SEVERE DUTY DURAVIS 156L/154M 3PMSF FRONT Bridgestone (C,C,3,71dB);315;80;22.5;L;M;156;154;;;2;2;3277,00;1769,58;C;C;3;71dB;;R;0;;
32581;3286343258118;83572;Bridgestone;RD2 SEVERE DUTY DURAVIS;;ciężarowe;OPONA 315/80R22.5 RD2 SEVERE DUTY DURAVIS 156L/154M 3PMSF DRIVE Bridgestone (D,C,3,75dB);315;80;22.5;L;M;156;154;;;4;4;3277,00;1769,58;D;C;3;75dB;;R;0;;
32610706AL-IN;8903635002536;900;Alliance;326;;rolnicze;OPONA 16.0/70-20 326 14PR TL Alliance;16.0;70;20;;;14PR;;;;6;6;1940,00;1261,00;;;;;;-;60 kg;;
32634;3286343263419;85038;Bridgestone;M840 EVO;;ciężarowe;OPONA 315/80R22.5 M840 EVO 158G/156K ON/OFF 3PMSF M+S ALL POSITION Bridgestone (C,C,A,69dB);315;80;22.5;G;K;158;156;;;4;4;3397,00;1766,44;C;C;A;69dB;;R;72 kg;;
32700025AL-IN;8903635010425;39385;Alliance;327;;rolnicze;OPONA 15.0/55-17 (380/55-17) 327 12PR TL Alliance;15.0;55;17;;;12PR;;380/55-17;;2;2;876,00;569,40;;;;;;-;0;;
32700050AL-IN;8903635006428;3103;Alliance;327;;rolnicze;OPONA 19.0/45-17 (480/45-17) 327 14PR TL Alliance;19.0;45;17;;;14PR;;480/45-17;;5;5;1173,00;762,45;;;;;;-;41 kg;;
32700112AL-IN;8903635010067;4798;Alliance;327 FARMPRO IMPLEMENT;;rolnicze;OPONA 12.5/80-18 (320/80-18) 327 FARMPRO IMPLEMENT 12PR TL Alliance;12.5;80;18;;;12PR;;320/80-18;;3;3;920,00;598,00;;;;;;-;48 kg;;
32700265AL-IN;8903635013655;91530;Alliance;327 FARMPRO IMPLEMENT;;rolnicze;OPONA 19.0/45-17 (480/45-17) 327 FARMPRO IMPLEMENT 149A8/136A8 TL Alliance;19.0;45;17;A8;A8;149;136;480/45-17;;4;4;1450,00;942,50;;;;;;-;41 kg;;
32700300AL-IN;8903635004318;2197;Alliance;327;;rolnicze;OPONA 340/55-16 327 12PR TL Alliance;340;55;16;;;12PR;;;;5;5;800,00;520,00;;;;;;-;29,5 kg;;
32800011VP-IN;8903635027928;64182;Alliance;328 VALUE PLUS;;rolnicze;OPONA 19.0/45-17 328 VALUE PLUS 14PR TL Alliance;19.0;45;17;;;14PR;;;;20;20;1328,00;863,20;;;;;;-;0;;
32800016AL-IN;8903635065593;91205;Alliance;328;;rolnicze;OPONA 500/50R17 328 158A8/155B TL Alliance;500;50;17;A8;B;158;155;;;3;3;1674,00;1088,10;;;;;;R;54 kg;;
32800027AL-AP;0440000117832;88210;Alliance;328 XP;;rolnicze;OPONA 800/45-26.5 328 XP 177A8/173B/16PR TL Alliance;800;45;26.5;;;177A8/173B;16PR;;TL;1;1;7300,00;4745,00;;;;;;-;152,87 kg;;
32822012VP-IN;8903635015918;62878;Alliance;328 VALUE PLUS;;rolnicze;OPONA 10.0/75-15.3 (260/75-15.3) 328 VALUE PLUS 126A8/12PR TL Alliance;10.0;75;15.3;A8;;126;12PR;260/75-15.3;;20;20;520,00;338,00;;;;;;-;0;;
32826825VP-IG;8903635011415;68247;Alliance;328 VALUE PLUS;;rolnicze;OPONA 400/60-15.5 328 VALUE PLUS 16 PR/148A8/144B TL Alliance;400;60;15.5;;;16 PR;148A8/144B;;;18;18;929,00;603,85;;;;;;-;0 kg;;
32826825VP-IN;0440000079604;26459;Alliance;328 VALUE PLUS;;rolnicze;OPONA 400/60-15.5 328 VALUE PLUS 16PR TL Alliance;400;60;15.5;;;16PR;;;;17;17;929,00;603,85;;;;;;-;36 kg;;
32827045AL-IN;8903635008934;762;Alliance;328;;rolnicze;OPONA 400/60-22.5 328 160A8/18PR TL Alliance;400;60;22.5;A8;;160;18PR;;;20;20;1757,00;1142,05;;;;;;-;61 kg;;
32827054AL-IG;0440000008437;34746;Alliance;328 FLOTATION;;rolnicze;OPONA 550/45-22.5 328 FLOTATION 16PR/159A8/156B TL Alliance;550;45;22.5;;;16PR;159A8/156B;;;6;6;2250,00;1462,50;;;;;;-;0 kg;;
32827054AL-IN;8903635002611;3592;Alliance;328 FLOTATION;;rolnicze;OPONA 550/45-22.5 328 FLOTATION 159A8/147A8 TL 16PR Alliance;550;45;22.5;A8;A8;159;147;;;1;1;2250,00;1462,50;;;;;;-;80 kg;;
32827075AL-IN;8903635020363;58994;Alliance;328 FORESTRY;;leśne;OPONA 400/60-15.5 328 FORESTRY 152A8/20PR Alliance;400;60;15.5;A8;;152;20PR;;20PR TL;20;20;1483,00;963,95;;;;;;-;0;;
32827076AL-IG;8903635058915;90439;Alliance;328 FORESTRY;;leśne;OPONA 500/45-22.5 328 FORESTRY 144A8/16PR TL Alliance;500;45;22.5;A8;;144;16PR;;TL;4;4;4294,00;2791,10;;;;;;-;74,3 kg;;
32827420AL;7291050058827;64085;Alliance;328;;rolnicze;OPONA 500/50R17 328 145D TL Alliance;500;50;17;D;;145;;;;2;2;2601,00;1690,65;;;;;;R;54 kg;;
32828108VP-IG;0440000008376;32530;Alliance;328 VALUE PLUS;;rolnicze;OPONA 500/60-22.5 328 VALUE PLUS 16PR TL Alliance;500;60;22.5;;;16PR;;;;1;1;2150,00;1397,50;;;;;;-;74 kg;;
32832150VP-IG;8903635011354;62514;Alliance;328 VALUE PLUS;;rolnicze;OPONA 550/60-22.5 328 VALUE PLUS 16PR/166A8 TL Alliance;550;60;22.5;;A8;16PR;166;;;3;3;2340,00;1521,00;;;;;;-;88 kg;;
32832520AL-IG;0440000007584;29831;Alliance;328;;rolnicze;OPONA 600/50-22.5 328 16PR TL Alliance;600;50;22.5;;;16PR;;;;20;20;3024,00;1965,60;;;;;;-;97 kg;;
32835319AL-IN;8903635002697;8321;Alliance;328;;rolnicze;OPONA 700/40-22.5 328 16PR TL Alliance;700;40;22.5;;;16PR;;;;13;13;4200,00;2730,00;;;;;;-;115 kg;;
32840020AL-IG;0440000007607;62515;Alliance;328 FLOTATION;;rolnicze;OPONA 700/50-22.5 328 FLOTATION 174A8/170B TL 16PR Alliance;700;50;22.5;A8;B;174;170;;;20;20;4380,00;2847,00;;;;;;-;0;;
32841144;7291050039505;8323;Alliance;328;;rolnicze;OPONA 700/50-22.5 328 167D/166E TL Alliance;700;50;22.5;D;E;167;166;;TL;3;3;3933,00;2556,45;;;;;;-;121 kg;;
32852215AL;7291050008204;3215;Alliance;328;;rolnicze;OPONA 600/55-26.5 328 163C TL Alliance;600;55;26.5;C;;163;;;;9;9;5916,00;3845,40;;;;;;-;125 kg;;
32853003AL-IG;8903635027522;66860;Alliance;328;;rolnicze;OPONA 600/55-26.5 328 16PR/170A8/167B TL Alliance;600;55;26.5;;;16PR;170A8/167B;;;20;20;4837,00;3144,05;;;;;;-;125 kg;;
32862023AL;7291050009232;2109;Alliance;328;;rolnicze;OPONA 700/50-26.5 328 174A8/170B TL Alliance;700;50;26.5;A8;B;174;170;;;1;1;6400,00;4160,00;;;;;;-;140 kg;;
32862024AL-AP;0440000117726;88595;Alliance;328 XP;;rolnicze;OPONA 700/50-26.5 328 XP 174A8/170B TL Alliance;700;50;26.5;A8;B;174;170;;;20;20;4057,00;2637,05;;;;;;-;140 kg;;
32887060VP-IG;0440000008352;32531;Alliance;328 VALUE PLUS;;rolnicze;OPONA 550/45-22.5 328 VALUE PLUS 16PR TL Alliance;550;45;22.5;;;16PR;;;;15;15;2100,00;1365,00;;;;;;-;0 kg;;
32897021VP-IG;0440000056339;71772;Alliance;328 VALUE PLUS;;rolnicze;OPONA 400/55-22.5 328 VALUE PLUS 16PR TL Alliance;400;55;22.5;;;16PR;;;;20;20;1608,00;1045,20;;;;;;-;50 kg;;
32897081VP-IG;8903635011361;32651;Alliance;328 VALUE PLUS;;rolnicze;OPONA 500/45-22.5 328 VALUE PLUS 16PR TL Alliance;500;45;22.5;;;16PR;;;;20;20;1930,00;1254,50;;;;;;-;55 kg;;
32905250AL-IG;0440000007935;34750;Alliance;329;;przemysłowe;OPONA 23.1-26 329 16PR TL Alliance;23.1;;26;;;16PR;;;;1;1;4500,00;2925,00;;;;;;-;150 kg;;
32905250AL-IN;8903635000907;6753;Alliance;329;;przemysłowe;OPONA 23.1-26 329 16PR TL Alliance;23.1;;26;;;16PR;;;;2;2;4500,00;2925,00;;;;;;-;150 kg;;
33005202AL-IN;8903635002727;2199;Alliance;330;;przemysłowe;OPONA 23.1-26 330 16PR/159A8 TL Alliance;23.1;;26;;;16PR/159A8;;;;20;20;5350,00;3477,50;;;;;;-;150 kg;;
33005205AL-IN;8903635000938;6755;Alliance;330;;przemysłowe;OPONA 23.1-26 330 16PR/168A8 TL Alliance;23.1;;26;;A8;16PR;168;;;18;18;5850,00;3802,50;;;;;;-;150 kg;;
33005610AL-IN;8903635010326;2777;Alliance;330;;przemysłowe;OPONA 23.1R26 330 153A8/153B TL Alliance;23.1;;26;A8;B;153;153;;;3;3;5800,00;3770,00;;;;;;R;156 kg;;
33005662AL-IN;8903635010319;64511;Alliance;330;;przemysłowe;OPONA 28R26 330 173A8/170B TL Alliance;28;;26;A8;B;173;170;;;4;4;7000,00;4550,00;;;;;;R;181 kg;;
33020017AL-IG;0440000099190;32533;Alliance;330;;przemysłowe;OPONA 28-26 (28L-26) 330 16PR/173A8 TL Alliance;28;;26;;A8;16PR;173;28L-26;TL;2;2;6200,00;4030,00;;;;;;-;0 kg;;
33020017AL-IN;8903635000952;3279;Alliance;330;;przemysłowe;OPONA 28-26 (28L-26) 330 16PR/173A8 TL Alliance;28;;26;;A8;16PR;173;28L-26;;20;20;6200,00;4030,00;;;;;;-;175 kg;;
33117108AL;8903635001980;84416;Alliance;331 FLOTATION;;leśne;OPONA 500/60-22.5 331 FLOTATION 16PR/163A8/159B TL Alliance;500;60;22.5;;;16PR;163A8/159B;;;6;6;3360,00;2184,00;;;;;;-;0;;
33120536AL;7291050013253;59059;Alliance;331;;leśne;OPONA 550/45-22.5 331 12PR Alliance;550;45;22.5;;;12PR;;;TL;4;4;4665,00;3032,25;;;;;;-;0;;
33300012AL-IN;8903635012580;31203;Alliance;AF-333;;leśne;OPONA 12.4-24 (320/85-24) AF-333 14PR TL Alliance;12.4;;24;;;14PR;;320/85-24;;2;2;2651,00;1723,15;;;;;;-;40 kg;;
33300054AL-IN;8903635010678;32153;Alliance;333 FORESTRY;;leśne;OPONA 14.9-24 (380/85-24) 333 FORESTRY 14PR TL Alliance;14.9;;24;;;14PR;;380/85-24;;8;8;3150,00;2047,50;;;;;;-;0;;
33300104AL-IN;8903635010661;58995;Alliance;333;;leśne;OPONA 14.9-28 (380/85-28) 333 139A8/136B TL Alliance;14.9;;28;A8;B;139;136;380/85-28;14PR TL;6;6;3725,00;2421,25;;;;;;-;0;;
33300118AL-IN;8903635011958;31703;Alliance;333 FORESTRY;;leśne;OPONA 16.9-28 (420/85-28) 333 FORESTRY 144A8/141B TL Alliance;16.9;;28;A8;B;144;141;420/85-28;;8;8;4536,00;2948,40;;;;;;-;91 kg;;
33300126AL-IN;8903635012115;58996;Alliance;333;;leśne;OPONA 420/85-30 (16.9-30) 333 145A8/142B TL Alliance;420;85;30;A8;B;145;142;16.9-30;14PR TL;4;4;4778,00;3105,70;;;;;;-;0;;
33300128AL-IN;8903635014461;91197;Alliance;AF 333;;leśne;OPONA 420/85-30 (16.9-30) AF 333 150A8/147B TL Alliance;420;85;30;A8;B;150;147;16.9-30;14PR TL;4;4;4667,00;3033,55;;;;;;-;0;;
33300134AL-IN;8903635010685;58997;Alliance;333;;leśne;OPONA 460/85-30 333 150A8/147B TL Alliance;460;85;30;A8;B;150;147;;14PR TL;2;2;5800,00;3770,00;;;;;;-;0;;
33300138AL-IN;8903635014478;89572;Alliance;AF-333;;rolnicze;OPONA 18.4R30 (460/85R30) AF-333 155A8/152B TL Alliance;18.4;;30;A8;B;155;152;460/85R30;TL;2;2;5774,00;3753,10;;;;;;R;0;;
33300146AL-IN;8903635012214;31201;Alliance;AF-333;;leśne;OPONA 16.9-34 (420/85-34) AF-333 147A8 TL Alliance;16.9;;34;A8;;147;;420/85-34;;4;4;5525,00;3591,25;;;;;;-;113 kg;;
33300149AL-IN;8903635012221;58998;Alliance;333;;leśne;OPONA 16.9R38 (420/85R38) 333 149A8/146B TL Alliance;16.9;;38;A8;B;149;146;420/85R38;14PR TL;4;4;6122,00;3979,30;;;;;;R;0;;
33300242AL-IN;8903635010128;32154;Alliance;333 FORESTRY;;leśne;OPONA 18.4-38 (460/85-38) 333 FORESTRY 14PR TL Alliance;18.4;;38;;;14PR;;460/85-38;;8;8;6300,00;4095,00;;;;;;-;0;;
33300275AL-IN;8903635011590;31202;Alliance;333 AGRO-FORESTRY;;leśne;OPONA 20.8-38 (520/85-38) 333 AGRO-FORESTRY 160A8/157B TL Alliance;20.8;;38;A8;B;160;157;520/85-38;;3;3;8514,00;5534,10;;;;;;-;185 kg;;
33300276AL-IN;8903635021636;58999;Alliance;333;;leśne;OPONA 20.8-38 (520/85-38) 333 164A8/160B TL Alliance;20.8;;38;A8;B;164;160;520/85-38;16PR TL;13;13;8687,00;5646,55;;;;;;-;0;;
33300285AL-IN;8903635014126;30044;Alliance;333 AGRO-FORESTRY;;leśne;OPONA 20.8-42 (520/85-42) 333 AGRO-FORESTRY 162A8/159B TL Alliance;20.8;;42;A8;B;162;159;520/85-42;;4;4;9781,00;6357,65;;;;;;-;0;;
33301001AL-IN;8903635058137;93807;Alliance;333;;rolnicze;OPONA 16.9-34 (420/85-34) 333 153A8/150B TL Alliance;16.9;;34;A8;B;153;150;420/85-34;;1;1;4650,00;3022,50;;;;;;-;0;;
33303003AL-IN;8903635058519;92065;Alliance;AF 333;;rolnicze;OPONA 13.6-24 (340/85-24) AF 333 128A8/125B TL Alliance;13.6;;24;A8;B;128;125;340/85-24;;2;2;3085,00;2005,25;;;;;;-;49 kg;;
335295;4250427424743;72995;Falken;RI151;;ciężarowe;OPONA 385/65R22.5 RI151 160K/158L M+S ALL POSITION Falken (D,C,B,72dB);385;65;22.5;K;L;160;158;;M+S ALL POSITION;8;8;2836,00;1446,36;D;C;B;72dB;;R;74 kg;https://eprel.ec.europa.eu/qr/577835;
335296;4250427422527;71425;Falken;RI151;;ciężarowe;OPONA 385/55R22.5 RI151 160K/(158L) M+S ALL POSITION Falken (C,C,B,72dB);385;55;22.5;K;;160;(158L);;STEER M+S;20;20;2988,00;1523,88;C;C;B;72dB;;R;0 kg;https://eprel.ec.europa.eu/qr/512278;
335334;4250427423425;75583;Falken;RI151;;ciężarowe;OPONA 285/70R19.5 RI151 146/144M M+S FRONT Falken (E,C,A,71dB);285;70;19.5;;M;146;144;;;6;6;2100,00;1071,00;E;C;A;71dB;;R;0 kg;https://eprel.ec.europa.eu/qr/563588;
335336;4250427424767;72199;Falken;RI151;;ciężarowe;OPONA 265/70R19.5 RI151 140/138M M+S FRONT Falken (E,C,A,71dB);265;70;19.5;M;;140/138;;;;20;20;1850,00;943,50;E;C;A;71dB;;R;0 kg;https://eprel.ec.europa.eu/qr/532477;
335661;4250427425177;71570;Falken;BI856;;ciężarowe;OPONA 245/70R17.5 BI856 136/134M M+S DRIVE Falken (E,C,B,74dB);245;70;17.5;;M;136;134;;;20;20;1685,00;859,35;E;C;B;74dB;;R;0 kg;https://eprel.ec.europa.eu/qr/561318;
335662;4250427425184;71200;Falken;BI856 DRIVE;;ciężarowe;OPONA 295/60R22.5 BI856 DRIVE 150/147L 3PMSF M+S DRIVE Falken (E,C,2,74dB);295;60;22.5;L;;150/147;;;;20;20;2685,00;1369,35;E;C;2;74dB;;R;0 kg;https://eprel.ec.europa.eu/qr/601806;
335664;0440000055813;71136;Falken;BI856 DRIVE;;ciężarowe;OPONA 265/70R17.5 BI856 DRIVE 140/138M M+S DRIVE Falken (E,C,2,74dB);265;70;17.5;;M;140;138;;;14;14;1880,00;940,00;E;C;2;74dB;;R;0 kg;https://eprel.ec.europa.eu/qr/578404;
335665;4250427425214;76514;Falken;BI856 DRIVE;;ciężarowe;OPONA 315/80R22.5 BI856 DRIVE 156L M+S DRIVE Falken (D,C,B,74dB);315;80;22.5;L;;156;;;;20;20;2815,00;1435,65;D;C;B;74dB;;R;0 kg;https://eprel.ec.europa.eu/qr/532516;
335667;4250427425221;70966;Falken;BI856;;ciężarowe;OPONA 315/70R22.5 BI856 154/150L 3PMSF M+S DRIVE Falken (D,C,2,74dB);315;70;22.5;L;;154/150;;;;8;8;2730,00;1392,30;D;C;2;74dB;;R;0 kg;https://eprel.ec.europa.eu/qr/528811;
335670;4250427425252;86418;Falken;BI856;;ciężarowe;OPONA 265/70R19.5 BI856 140/138M M+S DRIVE Falken (D,C,B,74dB);265;70;19.5;M;;140/138;;;;4;4;1830,00;933,30;D;C;B;74dB;;R;0 kg;https://eprel.ec.europa.eu/qr/577017;
335674;0440000098629;80403;Falken;BI856;;ciężarowe;OPONA 315/60R22.5 BI856 152L/148 3PMSF DRIVE Falken (D,C,B,74dB);315;60;22.5;L;;152;148;;;4;4;2890,00;1473,90;D;C;B;74dB;;R;0 kg;https://eprel.ec.europa.eu/qr/601270;
335778;4250427423562;76005;Falken;RI151;;ciężarowe;OPONA 295/80R22.5 RI151 154M/149M M+S FRONT Falken (E,C,A,71dB);295;80;22.5;M;M;154;149;;;20;20;2641,00;1346,91;E;C;A;71dB;;R;0 kg;https://eprel.ec.europa.eu/qr/534575;
336786;4250427424996;71569;Falken;RI151 ;;ciężarowe;OPONA 245/70R17.5 RI151  136/134M 3PMSF M+S FRONT Falken (E,C,B,72dB);245;70;17.5;;M;136;134;;;20;20;1670,00;851,70;E;C;B;72dB;;R;0 kg;https://eprel.ec.europa.eu/qr/528612;
336807;4250427429045;76230;Falken;RI128;;ciężarowe;OPONA 385/65R22.5 RI128 160K/(158L) M+S TRAILER Falken (D,C,A,67dB);385;65;22.5;K;;160;(158L);;;20;20;2240,00;1142,40;D;C;A;67dB;;R;0 kg;https://eprel.ec.europa.eu/qr/754231;
336875;0440000125523;93190;Falken;RI151;;ciężarowe;OPONA 205/75R17.5 RI151 124M/122M 3PMSF M+S ALL POSITION Falken (E,C,B,72dB);205;75;17.5;M;M;124;122;;;8;8;1300,00;663,00;E;C;B;72dB;;R;0 kg;;
339794;4250427427355;81295;Falken;RI151 ;;ciężarowe;OPONA 385/65R22.5 RI151  164K 3PMSF M+S ALL POSITION Falken (C,C,B,72dB);385;65;22.5;K;;164;;;;20;20;2870,00;1463,70;C;C;B;72dB;;R;0 kg;https://eprel.ec.europa.eu/screen/product/tyres/582145;
339802;4250427427065;79719;Falken;GI378;;ciężarowe;OPONA 445/65R22.5 GI378 169K ON/OFF 3PMSF M+S FRONT/TRAILER Falken (C,C,B,73dB);445;65;22.5;K;;169;;;;1;1;3800,00;1938,00;C;C;B;73dB;;R;0 kg;https://eprel.ec.europa.eu/qr/612481;
3411;0440000008529;29422;Firestone;PERFORMER 70;;rolnicze;OPONA 360/70R24 PERFORMER 70 122D/119E TL Firestone;360;70;24;D;E;122;119;;;2;2;3432,00;1149,72;;;;;;R;0;;
3412;3286340341219;40409;Firestone;PERFORMER 70;;rolnicze;OPONA 380/70R24 PERFORMER 70 125D/122E TL Firestone;380;70;24;D;E;125;122;;;4;4;4227,00;1437,18;;;;;;R;0;;
3413;3286340341318;8034;Firestone;PERFORMER 70;;rolnicze;OPONA 420/70R24 PERFORMER 70 130D/127E TL Firestone;420;70;24;D;E;130;127;;;4;4;5195,00;1792,27;;;;;;R;0;;
3414;3286340341417;8083;Firestone;PERFORMER 70;;rolnicze;OPONA 480/70R24 PERFORMER 70 138D/135E TL Firestone;480;70;24;D;E;138;135;;;2;2;6167,00;1973,44;;;;;;R;0;;
3416;3286340341615;24595;Firestone;PERFORMER 70;;rolnicze;OPONA 380/70R28 PERFORMER 70 127D TL Firestone;380;70;28;D;;127;;;;2;2;5130,00;1744,20;;;;;;R;0;;
3417;0440000010973;1140;Firestone;PERFORMER 70;;rolnicze;OPONA 420/70R28 PERFORMER 70 133D/130E TL Firestone;420;70;28;D;E;133;130;;;1;1;5268,00;1775,32;;;;;;R;0;;
3418;3286340341813;1138;Firestone;PERFORMER 70;;rolnicze;OPONA 480/70R28 PERFORMER 70 140D/137E TL Firestone;480;70;28;D;E;140;137;;;2;2;6816,00;2215,20;;;;;;R;0;;
3420;3286340342018;8091;Firestone;PERFORMER 70;;rolnicze;OPONA 480/70R30 PERFORMER 70 141D/138E TL Firestone;480;70;30;D;E;141;138;;;2;2;7336,00;2494,24;;;;;;R;0;;
34201040AL;7291050061308;59112;Alliance;342;;leśne;OPONA 710/55R34 342 171A8/178A2 TL Alliance;710;55;34;A8;A2;171;178;;;2;2;13100,00;8515,00;;;;;;R;0;;
3421;0440000009779;32627;Firestone;PERFORMER 70;;rolnicze;OPONA 480/70R34 PERFORMER 70 143D TL Firestone;480;70;34;D;;143;;;;2;2;8502,00;2805,66;;;;;;R;0;;
3422;3286340342216;45223;Firestone;PERFORMER 70;;rolnicze;OPONA 520/70R34 PERFORMER 70 148D TL Firestone;520;70;34;D;;148;;;;2;2;9800,00;3332,00;;;;;;R;0;;
3425;0440000009694;8176;Firestone;PERFORMER 70;;rolnicze;OPONA 580/70R38 PERFORMER 70 155D/152E Firestone;580;70;38;D;E;155;152;;;2;2;14388,00;4963,86;;;;;;R;0;;
34435416AL;7291050042840;59082;Alliance;344;;leśne;OPONA 710/40-22.5 344 16PR TL Alliance;710;40;22.5;;;16PR;;;;2;2;7344,00;4773,60;;;;;;-;0;;
34470444;0440000096144;8330;Alliance;344 FORESTRY;;leśne;OPONA 710/45-26.5 344 FORESTRY 20PR TL Alliance;710;45;26.5;;;20PR;;;;6;6;9078,00;5900,70;;;;;;-;213,25 kg;;
344930;0440000083274;76596;Michelin;X WORKS Z;;ciężarowe;OPONA 13R22.5 X WORKS Z 156/150K ON/OFF 3PMSF ALL POSITION Michelin (C,B,1,69dB);13;;22.5;;K;156;150;;;1;1;4618,00;2539,90;C;B;1;69dB;;R;0;;
34502875AL;7291050015264;58926;Alliance;345 FORESTAR;;leśne;OPONA 23.1-26 345 FORESTAR 16PR TL Alliance;23.1;;26;;;16PR;;;;8;8;12845,00;8349,25;;;;;;-;0;;
34502989AL;7291050058131;59122;Alliance;345;;leśne;OPONA 28L-26 345 20PR Alliance;28L;;26;;;20PR;;;TL;3;3;15920,00;10348,00;;;;;;-;0;;
34540000AL-IG;8903635022114;59001;Alliance;345 FORESTAR;;leśne;OPONA 16.9-30 (420/85-30) 345 FORESTAR 150A6 TT Alliance;16.9;;30;A6;;150;;420/85-30;16PR TT;8;8;7350,00;4777,50;;;;;;-;0;;
34540020AL-IG;8903635022138;59002;Alliance;345 FORESTAR;;leśne;OPONA 18.4-30 (460/85-30) 345 FORESTAR 153A6 Alliance;18.4;;30;A6;;153;;460/85-30;16PR TT;3;3;9104,31;5917,80;;;;;;-;0;;
34702220AL-IN;8903635000990;2778;Alliance;347;;rolnicze;OPONA 23.1-26 347 16PR TT Alliance;23.1;;26;;;16PR;;;;20;20;4400,00;2860,00;;;;;;-;150 kg;;
34702227AL-IN;8903635009047;32535;Alliance;347;;rolnicze;OPONA 23.1-26 347 16PR TL Alliance;23.1;;26;;;16PR;;;;20;20;4900,00;3185,00;;;;;;-;0;;
34710014AL-IN;8903635001058;3294;Alliance;347;;rolnicze;OPONA 18.4-38 (460/85-38) 347 14PR TT Alliance;18.4;;38;;;14PR;;460/85-38;;12;12;3050,00;1982,50;;;;;;-;113 kg;;
34710051AL-IN;8903635001072;3281;Alliance;347;;rolnicze;OPONA 20.8-38 (520/85-38) 347 14PR TT Alliance;20.8;;38;;;14PR;;520/85-38;;11;11;4520,00;2938,00;;;;;;-;185 kg;;
348418-36;8903635020110;69894;Galaxy;SUPER TRAC ;;przemysłowe;OPONA 14.00-24 SUPER TRAC  28PR TT Galaxy;14.00;;24;;;28PR;;;;12;12;4730,00;3121,80;;;;;;-;0 kg;;
35025009AL-IN;8903635014409;31198;Alliance;350;;rolnicze;OPONA 11.2R44 (270/95R44) 350 145A8/142D TL Alliance;11.2;;44;A8;D;145;142;270/95R44;;3;3;2500,00;1625,00;;;;;;R;70 kg;;
35045554ALL;7291050016346;2942;Alliance;350;;rolnicze;OPONA 12.4R46 (320/90R46) 350 148D/151A8 TL Alliance;12.4;;46;D;A8;148;151;320/90R46;;9;9;2650,00;1722,50;;;;;;R;83 kg;;
35050002AL-IN;8903635011880;31200;Alliance;350;;rolnicze;OPONA 11.2R36 (270/95R36) 350 136D/139A8 TL Alliance;11.2;;36;D;A8;136;139;270/95R36;;11;11;2223,00;1444,95;;;;;;R;57 kg;;
35050003AL-IN;8903635011897;36312;Alliance;350;;rolnicze;OPONA 11.2R38 (270/95R38) 350 137D/140A8 TL Alliance;11.2;;38;D;A8;137;140;270/95R38;;10;10;2353,00;1529,45;;;;;;R;0;;
35050007AL-IN;8903635015062;31206;Alliance;350;;rolnicze;OPONA 9.5R36 (230/95R36) 350 130D/133A8 TL Alliance;9.5;;36;D;A8;130;133;230/95R36;;3;3;1700,00;1105,00;;;;;;R;0;;
35050008AL-IN;8903635015819;32152;Alliance;350;;rolnicze;OPONA 8.3R32 (210/95R32) 350 116D/116A8 TL Alliance;8.3;;32;D;A8;116;116;210/95R32;;1;1;1347,00;875,55;;;;;;R;0;;
35050010AL-IN;8903635011903;31199;Alliance;350;;rolnicze;OPONA 9.5R44 (230/95R44) 350 137A8/134D TL Alliance;9.5;;44;A8;D;137;134;230/95R44;;1;1;2050,00;1332,50;;;;;;R;67,18 kg;;
35050016AL-IN;0440000080716;74475;Alliance;350;;rolnicze;OPONA 8.3R36 (210/95R36) 350 118D TL Alliance;8.3;;36;D;;118;;210/95R36;;2;2;1891,00;1229,15;;;;;;R;38 kg;;
35050020AL-IN;0440000092887;31305;Alliance;350;;rolnicze;OPONA 12.4R46 (300/95R46) 350 148D/151A8 TL Alliance;12.4;;46;D;A8;148;151;300/95R46;;3;3;2800,00;1820,00;;;;;;R;83 kg;;
35050030AL-IG;0440000078782;73116;Alliance;350;;rolnicze;OPONA 9.5R48 (230/95R48) 350 136D/139A8 TL Alliance;9.5;;48;D;A8;136;139;230/95R48;;2;2;2328,00;1513,20;;;;;;R;69 kg;;
35050032AL-IG;0440000075552;72531;Alliance;350;;rolnicze;OPONA 13.6R48 (340/85R48) 350 151D/154A8 TL Alliance;13.6;;48;D;A8;151;154;340/85R48;;3;3;3750,00;2437,50;;;;;;R;100 g;;
35050032AL-IN;8903635011927;31197;Alliance;350;;rolnicze;OPONA 13.6R48 (340/85R48) 350 151D/154A8 TL Alliance;13.6;;48;D;A8;151;154;340/85R48;;2;2;3750,00;2437,50;;;;;;R;100 g;;
35050033AL-IG;8903635058175;88583;Alliance;350;;rolnicze;OPONA 13.6R48 (340/85R48) 350 156D/159A8 TL Alliance;13.6;;48;D;A8;156;159;340/85R48;;6;6;3800,00;2470,00;;;;;;R;100 g;;
35055252AL-IN;8903635015109;32914;Alliance;350;;rolnicze;OPONA 11.2R46 (270/95R46) 350 144A8/141D TL Alliance;11.2;;46;A8;D;144;141;270/95R46;;19;19;2500,00;1625,00;;;;;;R;0;;
35067073AL;7291050016711;4783;Alliance;350;;rolnicze;OPONA 12.4R52 (300/95R52) 350 148D/151A8 TL Alliance;12.4;;52;D;A8;148;151;300/95R52;;3;3;4692,00;3049,80;;;;;;R;101 kg;;
35067085AL;7291050060141;2505;Alliance;350;;rolnicze;OPONA 12.4R52 (300/95R52) 350 159A8/156D TL Alliance;12.4;;52;A8;D;159;156;300/95R52;;4;4;4896,00;3182,40;;;;;;R;101 kg;;
35067090AL-IG;8903635012351;88495;Alliance;350;;rolnicze;OPONA 300/95R52 350 149D/152A8 TL Alliance;300;95;52;D;A8;149;152;;;1;1;3814,00;2479,10;;;;;;R;101 kg;;
35075050AL;7291050060523;72967;Alliance;350;;rolnicze;OPONA 320/90R50 (12.4R50) 350 153A8/150D TL Alliance;320;90;50;A8;D;153;150;12.4R50;;4;4;3800,00;2470,00;;;;;;R;96,5 kg;;
35075124AL;7291050043779;67674;Alliance;350;;rolnicze;OPONA 12.4R54 (320/90R54) 350 151D/154A8 TL Alliance;12.4;;54;D;A8;151;154;320/90R54;;2;2;5000,00;3250,00;;;;;;R;101 kg;;
35075255AL;7291050064835;830;Alliance;350;;rolnicze;OPONA 14.9R50 (380/90R50) 350 161A8/158D TL Alliance;14.9;;50;A8;D;161;158;380/90R50;;2;2;5304,00;3447,60;;;;;;R;149 kg;;
351775;4250427430003;76007;Falken;RI128;;ciężarowe;OPONA 385/55R22.5 RI128 160K/(158L) M+S TRAILER Falken (C,C,A,67dB);385;55;22.5;K;;160;(158L);;;12;12;2815,00;1407,50;C;C;A;67dB;;R;0 kg;https://eprel.ec.europa.eu/qr/972411;
352707;4250427429991;75199;Falken;RI151;;ciężarowe;OPONA 315/80R22.5 RI151 156/150L FRONT Falken (E,C,A,71dB);315;80;22.5;L;;156/150;;;;2;2;2880,00;1468,80;E;C;A;71dB;;R;0 kg;https://eprel.ec.europa.eu/qr/972400;
35400036AL;7291050077446;67150;Alliance;354 AGRIFLEX+;;rolnicze;OPONA 320/90R54 354 AGRIFLEX+ 168D VF TL Alliance;320;90;54;D;;168;;;;8;8;5200,00;3380,00;;;;;;R;0;;
35400052AL;7291050063999;67675;Alliance;354;;rolnicze;OPONA 320/105R46 354 166D IF TL Alliance;320;105;46;D;;166;;;;3;3;6500,00;4225,00;;;;;;R;0;;
35400250AL-IG;8903635054764;83535;Alliance;AGRIFLEX 354 +;;rolnicze;OPONA 12.4R42 (320/90R42) AGRIFLEX 354 + 163D VF TL Alliance;12.4;;42;D;;163;;320/90R42;;2;2;4300,00;2795,00;;;;;;R;0;;
35400255AL-IG;8903635056690;91806;Alliance;AGRIFLEX 354 +;;rolnicze;OPONA 9.5R42 (230/95R42) AGRIFLEX 354 + 145D VF TL Alliance;9.5;;42;D;;145;;230/95R42;;2;2;2288,00;1487,20;;;;;;R;0;;
35400258AL-IG;8903635056669;85115;Alliance;AGRIFLEX 354 +;;rolnicze;OPONA 380/85R46 AGRIFLEX 354 + 162D TL Alliance;380;85;46;D;;162;;;;2;2;5728,00;3723,20;;;;;;R;0;;
35450000AL-IG;8903635047353;75862;Alliance;354 AGRIFLEX+;;rolnicze;OPONA 420/80R46 354 AGRIFLEX+ 172D VF TL Alliance;420;80;46;D;;172;;;;4;4;7123,00;4629,95;;;;;;R;165 kg;;
35601529AL;7291050043922;59019;Alliance;356;;leśne;OPONA 13.6-24 (340/85-24) 356 128A8/136A2 TL Alliance;13.6;;24;A8;A2;128;136;340/85-24;10PR TL;1;1;3200,00;2080,00;;;;;;-;0;;
356991;4250427436548;87260;Falken;RI151A;;ciężarowe;OPONA 315/70R22.5 RI151A 156/150L/154/150M 3PMSF M+S ALL POSITION Falken (D,C,B,71dB);315;70;22.5;;;156/150L;154/150M;;;20;20;2772,00;1413,72;D;C;B;71dB;;R;0;https://eprel.ec.europa.eu/qr/1820474;
36016205AL;7291050065184;59033;Alliance;360;;leśne;OPONA 480/65-24 360 140A8 TL Alliance;480;65;24;A8;;140;;;;2;2;5610,00;3646,50;;;;;;-;0;;
36017501AL;7291050019729;61947;Alliance;360;;rolnicze;OPONA 750/65R26 (28LR26) 360 158A8/155B TL Alliance;750;65;26;A8;B;158;155;28LR26;;1;1;6000,00;3900,00;;;;;;R;0;;
36017507AL;7291050019750;7607;Alliance;360;;rolnicze;OPONA 28R26 (750/65R26, 28LR26) 360 166A8/163B TL Alliance;28;;26;A8;B;166;163;750/65R26, 28LR26;;5;5;8500,00;5525,00;;;;;;R;235 kg;;
36017698AL;7291050019781;3086;Alliance;360;;rolnicze;OPONA 28R26 (750/65R26, 28LR26) 360 173A8/170B TL Alliance;28;;26;A8;B;173;170;750/65R26, 28LR26;;4;4;10000,00;6500,00;;;;;;R;235 kg;;
36018032AL-IG;8903635070092;91808;Alliance;360 FORESTRY;;leśne;OPONA 600/65R28 360 FORESTRY 154D TL Alliance;600;65;28;D;;154;;;;1;1;6221,00;4043,65;;;;;;R;0;;
36018062AL;7291050065221;59036;Alliance;360;;leśne;OPONA 600/65-28 360 154A8/161A2 Alliance;600;65;28;A8;A2;154;161;;TL;1;1;7140,00;4641,00;;;;;;-;0;;
360188;0440000006938;41301;Michelin RMXE;MULTIWAY XD REMIX;;ciężarowe;OPONA 315/60R22.5 MULTIWAY XD REMIX 152/148L DRIVE Michelin RMXE;315;60;22.5;;L;152;148;;;1;1;2400,00;1152,00;;;;;2018;R;0 kg;;
36033498AL-IG;8903635011996;92755;Alliance;360;;rolnicze;OPONA 800/65R32 360 173A8/170B TL Alliance;800;65;32;A8;B;173;170;;;2;2;8800,00;5720,00;;;;;;R;0 kg;;
36035001AL-IG;0440000008123;68898;Alliance;360;;rolnicze;OPONA 800/65R32 360 181A8/178B TL Alliance;800;65;32;A8;B;181;178;;;2;2;10700,00;6955,00;;;;;;R;0 kg;;
36035001AL-IN;8903635010333;8366;Alliance;360;;rolnicze;OPONA 800/65R32 360 181A8/178B TL Alliance;800;65;32;A8;B;181;178;;;20;20;10700,00;6955,00;;;;;;R;316 kg;;
36061533AL;7291050045865;8250;Alliance;360;;rolnicze;OPONA 620/70R42 360 166A8/163B TL Alliance;620;70;42;A8;B;166;163;;;1;1;7947,00;5165,55;;;;;;R;270 kg;;
36061747AL-IN;0440000079901;73154;Alliance;360;;rolnicze;OPONA 620/70R42 360 173A8/170B TL Alliance;620;70;42;A8;B;173;170;;;4;4;9465,00;6152,25;;;;;;R;270 kg;;
36080041AL-AP;0440000124243;91963;Alliance;360;;rolnicze;OPONA 650/75R32 (24.5 R32) 360 172A8/B TL Alliance;650;75;32;A8;B;172;;24.5 R32;;1;1;8792,00;5714,80;;;;;;R;228,795 kg;;
361420;4250427440880;91863;Falken;BI856;;ciężarowe;OPONA 205/75R17.5 BI856 124M 3PMSF M+S DRIVE Falken (E,D,B,74dB);205;75;17.5;M;;124;;;;10;10;1320,00;673,20;E;D;B;74dB;;R;0 kg;https://eprel.ec.europa.eu/screen/product/tyres/2389993;
362696-36;8903635047254;85938;Galaxy;LDSR 500;;przemysłowe;OPONA 20.5R25 LDSR 500 L5 193A2 TL Galaxy;20.5;;25;A2;;193;;;ALL STEEL;16;16;9300,00;6138,00;;;;;;R;0 kg;;
362698-36;8903635047261;85963;Galaxy;LDSR 500;;przemysłowe;OPONA 23.5R25 LDSR 500 L5 201A2 TL Galaxy;23.5;;25;A2;;201;;;ALL STEEL;9;9;11850,00;7821,00;;;;;;R;0 kg;;
36300041AL-AP;0440000118266;88964;Alliance;AGRIFLEX 363+ XT;;rolnicze;OPONA 11.2R54 (270/95R54) AGRIFLEX 363+ XT 156D TL Alliance;11.2;;54;D;;156;;270/95R54;;4;4;3285,00;2135,25;;;;;;R;93 kg;;
36300042AL-AP;8903635057796;91812;Alliance;AGRIFLEX 363+ XT;;rolnicze;OPONA 320/90R50 (12.4R50) AGRIFLEX 363+ XT 166D VF TL Alliance;320;90;50;D;;166;;12.4R50;;4;4;5000,00;3250,00;;;;;;R;96,5 kg;;
36300053AL-AP;8903635069492;93173;Alliance;AGRIFLEX 363+ XT;;rolnicze;OPONA 12.4R54 (320/90R54) AGRIFLEX 363+ XT 168D VF TL Alliance;12.4;;54;D;;168;;320/90R54;;3;3;5863,00;3810,95;;;;;;R;101 kg;;
363318;4250427446516;94577;Falken;RI151;;ciężarowe;OPONA 315/60R22.5 RI151 154/148L 3PMSF M+S ALL POSITION Falken (D,C,A,71dB);315;60;22.5;;L;154;148;;;16;16;3004,00;1532,04;D;C;A;71dB;;R;0;;
36350020AL;7291050086004;93178;Alliance;agriflex 363+;;rolnicze;OPONA 12.4R46 (320/90R46) agriflex 363+ 155D VF TL Alliance;12.4;;46;D;;155;;320/90R46;;2;2;4200,00;2730,00;;;;;;R;83 kg;;
36516710AL-IN;8903635019169;64773;Alliance;365 AGRISTAR;;rolnicze;OPONA 440/65R28 365 AGRISTAR 138D/141A8 TL Alliance;440;65;28;D;A8;138;141;;;1;1;2623,00;1704,95;;;;;;R;0;;
36550120;7291050063616;28094;Alliance;365 AGRISTAR;;rolnicze;OPONA 600/65R30 365 AGRISTAR 149D TL Alliance;600;65;30;D;;149;;;;4;4;6159,00;4003,35;;;;;;R;0;;
37045111AL;7291050046299;59046;Alliance;370;;leśne;OPONA 380/70-28 370 138A8/134B Alliance;380;70;28;A8;B;138;134;;14PR TL;2;2;5000,00;3250,00;;;;;;-;0;;
37046511AL;7291050046305;59047;Alliance;370;;leśne;OPONA 420/70-28 370 140A8/14PR TL Alliance;420;70;28;A8;;140;14PR;;14PR TL;2;2;5916,00;3845,40;;;;;;-;0;;
37052109AL;7291050046336;59050;Alliance;370;;leśne;OPONA 520/70-34 370 154A8/151B Alliance;520;70;34;A8;B;154;151;;14PR TL;1;1;6630,00;4309,50;;;;;;-;0;;
37057100AL;7291050056465;64771;Alliance;370;;rolnicze;OPONA 580/70R42 370 158A8/158B TL Alliance;580;70;42;A8;B;158;158;;;8;8;6800,00;4420,00;;;;;;R;227 kg;;
37200010AL-IG;8903635051206;85667;Alliance;372;;rolnicze;OPONA 650/65R42 372 174D VF TL Alliance;650;65;42;D;;174;;;;2;2;10518,00;6836,70;;;;;;R;0;;
37200023AL-AP;0440000117597;87988;Alliance;372 + AGRIFLEX;;rolnicze;OPONA 600/60R30 372 + AGRIFLEX 158D VF TL Alliance;600;60;30;D;;158;;;;5;5;5354,00;3480,10;;;;;;R;0;;
37200026AL-AP;0440000117870;87985;Alliance;AGRIFLEX 372 +;;rolnicze;OPONA 710/75R42 AGRIFLEX 372 + 184D TL Alliance;710;75;42;D;;184;;;;2;2;13303,00;8646,95;;;;;;R;0;;
37200096AL;7291050064583;86618;Alliance;372 STUBBLE GUARD;;rolnicze;OPONA 600/70R28 372 STUBBLE GUARD 173D VF TL Alliance;600;70;28;D;;173;;;;2;2;6229,00;4048,85;;;;;;R;0;;
37200104AL;7291050065559;86583;Alliance;372;;rolnicze;OPONA 800/70R32 372 182A8 IF TL Alliance;800;70;32;A8;;182;;;;1;1;15096,00;9812,40;;;;;;R;0;;
37200137AL;7291050084802;86584;Alliance;AGRIFLEX 372+;;rolnicze;OPONA 800/70R32 AGRIFLEX 372+ 185A8 VF TL Alliance;800;70;32;A8;;185;;;;2;2;15912,00;10342,80;;;;;;R;0;;
37200141AL;7291050080262;75125;Alliance;AGRIFLEX 372+;;rolnicze;OPONA 710/70R38 AGRIFLEX 372+ 178D VF TL Alliance;710;70;38;D;;178;;;;2;2;12546,00;8154,90;;;;;;R;291 kg;;
37201050AL-IN;8903635050230;85771;Alliance;AGRIFLEX 372 +;;rolnicze;OPONA 650/65R38 AGRIFLEX 372 + 169D VF TL Alliance;650;65;38;D;;169;;;;1;1;7944,00;5163,60;;;;;;R;220 kg;;
37201051AL-IN;8903635050261;85640;Alliance;372 AGRIFLEX+;;rolnicze;OPONA 540/65R30 372 AGRIFLEX+ 161D VF TL Alliance;540;65;30;D;;161;;;;8;8;6083,00;3953,95;;;;;;R;152 kg;;
37250005AL-IG;0440000107734;85293;Alliance;372 AGRIFLEX+;;rolnicze;OPONA 650/75R38 372 AGRIFLEX+ 175D VF TL Alliance;650;75;38;D;;175;;;;4;4;13082,00;8503,30;;;;;;R;0;;
37250105AL-IG;0440000121440;90553;Alliance;372 + AGRIFLEX;;rolnicze;OPONA 900/60R32 372 + AGRIFLEX 170D VF TL Alliance;900;60;32;D;;170;;;;1;1;13000,00;8450,00;;;;;;R;0 kg;;
37250111AL-IG;0440000121716;90660;Alliance;AGRIFLEX 372+;;rolnicze;OPONA 650/85R42 AGRIFLEX 372+ 183D VF TL Alliance;650;85;42;D;;183;;;DA;4;4;14792,00;9614,80;;;;;;R;0 kg;;
37250121AL;7291050085045;86585;Alliance;372;;rolnicze;OPONA 800/70R38 372 190A8 VF TL Alliance;800;70;38;A8;;190;;;TL;2;2;14484,00;9414,60;;;;;;R;0;;
37301002AL-AP;8903635056492;93176;Alliance;AGRIFLEX 373+;;rolnicze;OPONA 650/65R34 AGRIFLEX 373+ 176D VF TL Alliance;650;65;34;D;;176;;;;2;2;9087,00;5906,55;;;;;;R;220 kg;;
37301011AL-IG;8903635056614;87165;Alliance;AGRIFLEX+373 STUBBLE GUARD;;rolnicze;OPONA 580/70R38 AGRIFLEX+373 STUBBLE GUARD 175D VF TL Alliance;580;70;38;D;;175;;;;2;2;7922,00;5149,30;;;;;;R;190 kg;;
37301013AL-AP;8903635056584;93174;Alliance;AGRIFLEX 373+;;rolnicze;OPONA 540/65R28 AGRIFLEX 373+ 163D VF TL Alliance;540;65;28;D;;163;;;;6;6;6484,00;4214,60;;;;;;R;110 kg;;
37301016AL-AP;8903635056546;93172;Alliance;AGRIFLEX 373+;;leśne;OPONA 600/70R30 AGRIFLEX 373+ 174D VF TL Alliance;600;70;30;D;;174;;;TL;2;2;8536,00;5548,40;;;;;;R;0;;
37301018AL-IG;8903635054542;89613;Alliance;373 VIBROFARM;;rolnicze;OPONA 420/70R24 (14.9R24) 373 VIBROFARM 146D TL Alliance;420;70;24;D;;146;;14.9R24;;4;4;3300,00;2145,00;;;;;;R;0;;
37350010AL-IG;8903635056195;87164;Alliance;AGRIFLEX+373 STUBBLE GUARD;;rolnicze;OPONA 480/70R28 AGRIFLEX+373 STUBBLE GUARD 160D VF TL Alliance;480;70;28;D;;160;;;;6;6;4520,00;2938,00;;;;;;R;0;;
37350012AL-AP;8903635056645;91187;Alliance;AGRIFLEX+373 STUBBLE GUARD;;rolnicze;OPONA 710/70R42 AGRIFLEX+373 STUBBLE GUARD 188D VF TL Alliance;710;70;42;D;;188;;;;6;6;13563,00;8815,95;;;;;;R;349 kg;;
37531150AL;7291050056502;8342;Alliance;375;;rolnicze;OPONA 710/75R34 375 178A8/178B TL Alliance;710;75;34;A8;B;178;178;;;1;1;12000,00;7800,00;;;;;;R;310 kg;;
37551004;7291050046411;4650;Alliance;375;;rolnicze;OPONA 1000/50R25 375 172A8/166D TL Alliance;1000;50;25;A8;D;172;166;;;2;2;20100,00;13065,00;;;;;;R;392 kg;;
37551431;7291050046428;805;Alliance;375;;rolnicze;OPONA 1050/50R32 375 180A8 TL Alliance;1050;50;32;A8;;180;;;TL;2;2;17442,00;11337,30;;;;;;R;485 kg;;
37555033AL;0440000105594;84145;Alliance;375;;rolnicze;OPONA 20.8R46 (520/85R46) 375 173A8 TL Alliance;20.8;;46;A8;;173;;520/85R46;;2;2;11000,00;7150,00;;;;;;R;230 kg;;
37582500AL-IN;8903635013914;93808;Alliance;375;;rolnicze;OPONA 650/75R32 (24.5 R32) 375 172A8/175B TL Alliance;650;75;32;A8;B;172;175;24.5 R32;;19;19;8792,00;5714,80;;;;;;R;228,795 kg;;
3774500;8019227377453;93185;Pirelli;FH:01;;ciężarowe;OPONA 295/60R22.5 FH:01 150/147L FRONT Pirelli (C,B,72,dB);295;60;22.5;;L;150;147;;;1;1;2700,00;1336,50;C;B;72;dB;;R;0 kg;;
37750006AL-AP;0440000117825;88502;Alliance;AGRIFLEX 377+ XT;;rolnicze;OPONA 1000/50R25 AGRIFLEX 377+ XT 184D VF TL Alliance;1000;50;25;D;;184;;;;7;7;25000,00;16250,00;;;;;;R;392 kg;;
38022968AL-IG;0440000119799;89837;Alliance;380;;rolnicze;OPONA 600/50R22.5 380 168D TL Alliance;600;50;22.5;D;;168;;;;14;14;5400,00;3510,00;;;;;;R;0 kg;;
38022999AL;7291050046473;8224;Alliance;380;;rolnicze;OPONA 600/55R22.5 380 165D/162E TL Alliance;600;55;22.5;D;E;165;162;;;2;2;6120,00;3978,00;;;;;;R;118,65 kg;;
38030522AL;7291050022552;72965;Alliance;380 STEEL BELTED;;rolnicze;OPONA 650/60R26.5 380 STEEL BELTED 173D TL Alliance;650;60;26.5;D;;173;;;;1;1;10710,00;6961,50;;;;;;R;0;;
380331-33;0440000096939;80633;Galaxy;SMOOTH COMPACTOR;;przemysłowe;OPONA 11.00-20 SMOOTH COMPACTOR 18PR TT Galaxy;11.00;;20;;;18PR;;;;8;8;1955,00;1290,30;;;;;;-;0;;
38100006AL-IN;8903635027409;80509;Alliance;381;;rolnicze;OPONA 500/50R17 381 146D TL Alliance;500;50;17;D;;146;;;;15;15;2703,00;1756,95;;;;;;R;54 kg;;
38100007AL;7291050070508;50538;Alliance;381;;rolnicze;OPONA 500/50R17 381 149D TL Alliance;500;50;17;D;;149;;;;3;3;2703,00;1756,95;;;;;;R;0 kg;;
38102600AL-IN;8903635012672;57772;Alliance;381 FLOTAMASTER;;rolnicze;OPONA 620/40R22.5 381 FLOTAMASTER 148D TL Alliance;620;40;22.5;D;;148;;;;20;20;4327,00;2812,55;;;;;;R;0;;
38102618AL-IN;0440000111083;86608;Alliance;381;;rolnicze;OPONA 620/50R22.5 381 161D TL Alliance;620;50;22.5;D;;161;;;;5;5;6110,00;3971,50;;;;;;R;0;;
38505605AL;7291050057721;827;Alliance;385;;rolnicze;OPONA 16.9R46 (420/80R46) 385 162A8/159D TL Alliance;16.9;;46;A8;D;162;159;420/80R46;;4;4;7800,00;5070,00;;;;;;R;139 kg;;
38900035AL-AP;8903635063377;94039;Alliance;AGRIFLEX+ 389 XT;;rolnicze;OPONA 600/50R22.5 AGRIFLEX+ 389 XT 164D VF TL Alliance;600;50;22.5;D;;164;;;;1;1;3984,75;2590,09;;;;;;R;120 kg;;
38900042AL-AP;8903635063520;93177;Alliance;AGRIFLEX+ 389 XT;;rolnicze;OPONA 850/50R30.5 AGRIFLEX+ 389 XT 188D VF TL Alliance;850;50;30.5;D;;188;;;;2;2;10398,00;6758,70;;;;;;R;0;;
38900050AL-AP;8903635072669;93389;Alliance;AGRIFLEX+ 389 XT;;rolnicze;OPONA 710/50R30.5 AGRIFLEX+ 389 XT 178D VF TL Alliance;710;50;30.5;D;;178;;;;4;4;7150,00;4647,50;;;;;;R;0 kg;;
38900054AL-AP;0440000128302;93780;Alliance;AGRIFLEX+ 389 XT;;rolnicze;OPONA 900/65R38 AGRIFLEX+ 389 XT 195D VF TL Alliance;900;65;38;D;;195;;;;4;4;17200,00;11180,00;;;;;;R;0 kg;;
38988005AL-IG;8903635056850;91809;Alliance;AGRIFLEX+ 389 XT;;rolnicze;OPONA 750/60R30.5 AGRIFLEX+ 389 XT 187D VF TL Alliance;750;60;30.5;D;;187;;;;4;4;9767,00;6348,55;;;;;;R;0 kg;;
38988006AL-IG;8903635056836;93852;Alliance;AGRIFLEX+ 389 XT;;rolnicze;OPONA 560/60R22.5 AGRIFLEX+ 389 XT 166D VF TL Alliance;560;60;22.5;D;;166;;;;3;3;4070,00;2645,50;;;;;;R;0;;
38988007AL-IG;8903635056881;93249;Alliance;AGRIFLEX+ 389 XT;;rolnicze;OPONA 600/55R26.5 AGRIFLEX+ 389 XT 170D TL Alliance;600;55;26.5;D;;170;;;;4;4;5084,00;3304,60;;;;;;R;0 kg;;
38988009AL-IG;8903635056843;91807;Alliance;AGRIFLEX+ 389;;rolnicze;OPONA 500/60R22.5 AGRIFLEX+ 389 160D VF TL Alliance;500;60;22.5;D;;160;;;;4;4;3521,00;2288,65;;;;;;R;0 kg;;
390188;0440000111250;87537;Michelin;X MULTI ENERGY D2;;ciężarowe;OPONA 315/80R22.5 X MULTI ENERGY D2 156/150L 3PMSF M+S DRIVE Michelin (B,C,A,74dB);315;80;22.5;;L;156;150;;;4;4;4802,00;2545,06;B;C;A;74dB;;R;0 kg;https://eprel.ec.europa.eu/screen/product/tyres/1908875;
39021040AL;7291050061636;67066;Alliance;390;;rolnicze;OPONA 500/45R22.5 390 154F TL Alliance;500;45;22.5;F;;154;;;;4;4;4100,00;2665,00;;;;;;R;99 kg;;
39022808AL;7291050022972;8220;Alliance;390;;rolnicze;OPONA 600/50R22.5 390 162D/159E TL Alliance;600;50;22.5;D;E;162;159;;;8;8;3500,00;2275,00;;;;;;R;120 kg;;
39800025AL;0440000056360;71897;Alliance;398 MPT;;rolnicze;OPONA 445/65R22.5 398 MPT 160J TL Alliance;445;65;22.5;J;;160;;;TL;3;3;4500,00;2925,00;;;;;;R;0;;
39810020AL;0440000056377;71898;Alliance;398 MPT;;rolnicze;OPONA 600/50R22.5 398 MPT 164J TL Alliance;600;50;22.5;J;;164;;;;1;1;6500,00;4225,00;;;;;;R;0 kg;;
4006200320000;8590341018731;3014;Mitas;COMPACTOR;;przemysłowe;OPONA 13/80R20 COMPACTOR 164A3 TT Mitas;13;80;20;A3;;164;;;;11;11;2900,00;1914,00;;;;;;R;61 kg;;
4006201020000;0440000047405;67514;Mitas;EM01;;przemysłowe;OPONA 405/70R18 (16.0/70R18) EM01 156B TL Mitas;405;70;18;B;;156;;16.0/70R18;;3;3;2862,00;1888,92;;;;;;R;64 kg;;
4006201200000;8590341018700;1109;Mitas;EM01;;przemysłowe;OPONA 365/70R18 EM01 135B TL Mitas;365;70;18;B;;135;;;;2;2;2614,00;1725,24;;;;;;R;56 kg;;
4006201280000;8590341018694;2088;Mitas;EM01;;przemysłowe;OPONA 14.5R20 (365/80R20) EM01 141B TL Mitas;14.5;;20;B;;141;;365/80R20;;4;4;3005,00;1983,30;;;;;;R;70 kg;;
4006201400000;8590341018670;25285;Mitas;EM01;;przemysłowe;OPONA 12.5R20 (335/80R20) EM01 136B TL Mitas;12.5;;20;B;;136;;335/80R20;;4;4;2900,00;1914,00;;;;;;R;59 kg;;
4006201420000;8590341018663;883;Mitas;MPT20;;przemysłowe;OPONA 12.5R20 (335/80R20) MPT20 147K TL Mitas;12.5;;20;K;;147;;335/80R20;;2;2;3047,00;2011,02;;;;;;R;59 kg;;
4006201440000;0440000107284;85642;Mitas;EM-02;;przemysłowe;OPONA 12.5R18 (335/80R18) EM-02 132G TL Mitas;12.5;;18;G;;132;;335/80R18;;4;4;2450,00;1617,00;;;;;;R;47,5 kg;;
4006201460000;0440000057084;67722;Mitas;EM01;;przemysłowe;OPONA 405/70R20 (16.0/70R20) EM01 143B TL Mitas;405;70;20;B;;143;;16.0/70R20;;6;6;3295,00;2174,70;;;;;;R;69 kg;;
4006201520000;0440000109325;86530;Mitas;AR01;;rolnicze;OPONA 385/65R22.5 (15.0R22.5) AR01 161F TL Mitas;385;65;22.5;F;;161;;15.0R22.5;;2;2;2946,00;1944,36;;;;;;R;75,4 kg;;
4006202000000;0440000086725;69095;Mitas;MPT-21;;przemysłowe;OPONA 12.5R20 (335/80r20) MPT-21 139J TL Mitas;12.5;;20;J;;139;;335/80r20;;3;3;2827,00;1865,82;;;;;;R;0 kg;;
4006202100000;8590341018595;3669;Mitas;MPT21;;przemysłowe;OPONA 14.5R20 (365/80R20) MPT21 152J TL Mitas;14.5;;20;J;;152;;365/80R20;;2;2;2970,00;1960,20;;;;;;R;70 kg;;
4006202150000;0440000074005;70532;Mitas;MPT20;;przemysłowe;OPONA 14.5R20 (365/80R20) MPT20 152K TL Mitas;14.5;;20;K;;152;;365/80R20;;7;7;3326,00;2195,16;;;;;;R;70 kg;;
4006202250000;8590341018564;8030;Mitas;MPT21;;przemysłowe;OPONA 405/70R20 (16.0/70R20) MPT21 152J TL Mitas;405;70;20;J;;152;;16.0/70R20;;4;4;3257,00;2149,62;;;;;;R;69 kg;;
4006204020000;8590341075505;76908;Mitas;AC70+;;rolnicze;OPONA 445/65R22.5 AC70+ 160G TL Mitas;445;65;22.5;G;;160;;;STEEL;12;12;4805,00;3171,30;;;;;;R;0 kg;;
4006204500000;0440000055301;70998;Mitas;MPT AR-05;;rolnicze;OPONA 355/60R18 MPT AR-05 142J TL Mitas;355;60;18;J;;142;;;;2;2;1821,00;1201,86;;;;;;R;0 kg;;
4006208420000;0440000009915;69967;Mitas;EM-01;;przemysłowe;OPONA 19.5R24 (500/70R24) EM-01 164A8 TL Mitas;19.5;;24;A8;;164;;500/70R24;;6;6;4500,00;2970,00;;;;;;R;0 kg;;
4006310090000;8590341090829;32656;Mitas;AGRITERRA 02;;rolnicze;OPONA 600/50R22.5 AGRITERRA 02 163D TL Mitas;600;50;22.5;D;;163;;;;1;1;4200,00;2772,00;;;;;;R;120 kg;;
4006310100000;0440000076092;72526;Mitas;AGRITERRA 02;;rolnicze;OPONA 650/55R26.5 AGRITERRA 02 169D TL Mitas;650;55;26.5;D;;169;;;;2;2;6454,00;4259,64;;;;;;R;0 kg;;
4006332730000;8590341099242;29940;Cultor;RD01;;rolnicze;OPONA 11.2R28 (280/85R28) RD01 118A8/115B TL Cultor;11.2;;28;A8;B;118;115;280/85R28;;2;2;1264,00;834,24;;;;;;R;49 kg;;
4006332810000;8590341099525;29714;Cultor;RD01;;rolnicze;OPONA 12.4R32 (320/85R32) RD01 142A8/142B TL Cultor;12.4;;32;A8;B;142;142;320/85R32;;1;1;1699,00;1121,34;;;;;;R;65 kg;;
4006332840000;8590341099556;29473;Cultor;RD01;;rolnicze;OPONA 18.4R34 (460/85R34) RD01 147A8/144B TL Cultor;18.4;;34;A8;B;147;144;460/85R34;;1;1;3350,00;2211,00;;;;;;R;129 kg;;
4006332900000;8590341099228;29709;Cultor;RD-02;;rolnicze;OPONA 380/70R24 RD-02 125A8/125B TL Cultor;380;70;24;A8;B;125;125;;;7;7;1768,00;1166,88;;;;;;R;65 kg;;
4006332910000;8590341099235;29941;Cultor;RD-02;;rolnicze;OPONA 380/70R28 RD-02 127A8/127B TL Cultor;380;70;28;A8;B;127;127;;;2;2;1927,00;1271,82;;;;;;R;70 kg;;
4006332960000;8590341099624;31417;Cultor;RD-02;;rolnicze;OPONA 480/70R30 RD-02 141A8/141B TL Cultor;480;70;30;A8;B;141;141;;;2;2;3068,00;2024,88;;;;;;R;110 kg;;
4006332980000;8590341099648;29715;Cultor;RD-02;;rolnicze;OPONA 480/70R38 RD-02 145A8/145B TL Cultor;480;70;38;A8;B;145;145;;;4;4;3597,00;2374,02;;;;;;R;127 kg;;
4006333020000;8590341100139;36039;Cultor;RD-02;;rolnicze;OPONA 320/70R24 RD-02 116A8 TL Cultor;320;70;24;A8;;116;;;;2;2;1339,00;883,74;;;;;;R;55 kg;;
4006333060000;8590341100177;40151;Cultor;RD-02;;rolnicze;OPONA 580/70R38 RD-02 155A8 TL Cultor;580;70;38;A8;;155;;;;2;2;5300,00;3498,00;;;;;;R;0;;
4006333070000;8590341100825;40746;Cultor;RD03;;rolnicze;OPONA 420/65R24 RD03 126D/129A8 TL Cultor;420;65;24;D;A8;126;129;;;2;2;1900,00;1254,00;;;;;;R;0;;
4006333110000;0440000086428;77037;Cultor;RD03;;rolnicze;OPONA 440/65R28 RD03 131D/134A8 TL Cultor;440;65;28;D;A8;131;134;;;2;2;2290,00;1511,40;;;;;;R;82,4 kg;;
4006333120000;8590341100870;31418;Cultor;RD03;;rolnicze;OPONA 480/65R28 RD03 139A8/136D TL Cultor;480;65;28;A8;D;139;136;;;2;2;2637,00;1740,42;;;;;;R;96 kg;;
4006333130000;8590341100887;30195;Cultor;RD03;;rolnicze;OPONA 540/65R28 RD03 142D8/145A8 TL Cultor;540;65;28;D8;A8;142;145;;;1;1;3150,00;2079,00;;;;;;R;110 kg;;
4006333140000;8590341100894;29943;Cultor;RD03;;rolnicze;OPONA 600/65R28 RD03 147D/150A8 TL Cultor;600;65;28;D;A8;147;150;;;1;1;4494,00;2966,04;;;;;;R;136 kg;;
4006333160000;8590341100924;30196;Cultor;RD03;;rolnicze;OPONA 540/65R34 RD03 145D/148A8 TL Cultor;540;65;34;D;A8;145;148;;;1;1;3700,00;2442,00;;;;;;R;127 kg;;
4006333190000;8590341100955;29716;Cultor;RD03;;rolnicze;OPONA 600/65R38 RD03 153D/156A8 TL Cultor;600;65;38;D;A8;153;156;;;1;1;5188,00;3424,08;;;;;;R;175 kg;;
4006340080000;8590341070517;1084;Mitas;AC90;;rolnicze;OPONA 270/80R32 AC90 131A8/128B TL Mitas;270;80;32;A8;B;131;128;;;7;7;2132,00;1407,12;;;;;;R;44 kg;;
4006340090000;8590341070524;31411;Mitas;AC85;;rolnicze;OPONA 12.4R32 (320/85R32) AC85 142A8/142B TL Mitas;12.4;;32;A8;B;142;142;320/85R32;;2;2;2220,00;1465,20;;;;;;R;65 kg;;
4006340100000;8590341070531;61956;Mitas;AC90;;rolnicze;OPONA 270/80R36 AC90 134A8/131B TL Mitas;270;80;36;A8;B;134;131;;;2;2;2337,00;1542,42;;;;;;R;0;;
4006340140000;8590341070562;30858;Mitas;AC85;;rolnicze;OPONA 14.9R46 (380/90R46) AC85 159A8/159B TL Mitas;14.9;;46;A8;B;159;159;380/90R46;;1;1;5117,00;3377,22;;;;;;R;138 kg;;
4006340180000;8590341071378;31660;Mitas;AC85;;rolnicze;OPONA 14.9R28 (380/85R28) AC85 133A8/130B TL Mitas;14.9;;28;A8;B;133;130;380/85R28;;4;4;2500,00;1650,00;;;;;;R;83 kg;;
4006340190000;8590341071439;29717;Mitas;AC65;;rolnicze;OPONA 600/65R28 AC65 147D/150A8 TL Mitas;600;65;28;D;A8;147;150;;;4;4;5776,00;3812,16;;;;;;R;136 kg;;
4006340210000;8590341071477;43755;Mitas;AC85;;rolnicze;OPONA 14.9R34 (380/85R34) AC85 146A8/146B TL Mitas;14.9;;34;A8;B;146;146;380/85R34;;2;2;3479,00;2296,14;;;;;;R;0;;
4006340270000;8590341071668;31911;Mitas;AC85;;rolnicze;OPONA 12.4R24 (320/85R24) AC85 122A8/119B TL Mitas;12.4;;24;A8;B;122;119;320/85R24;;3;3;1700,00;1122,00;;;;;;R;55 kg;;
4006340290000;8590341071682;25198;Mitas;AC85;;rolnicze;OPONA 14.9R24 (380/85R24) AC85 131A8/128B TL Mitas;14.9;;24;A8;B;131;128;380/85R24;;3;3;2250,00;1485,00;;;;;;R;75 kg;;
4006340300000;0440000054861;65218;Mitas;AC85;;rolnicze;OPONA 16.9R24 (420/85R24) AC85 137A8/137B TL Mitas;16.9;;24;A8;B;137;137;420/85R24;;2;2;2828,00;1866,48;;;;;;R;85 kg;;
4006340310000;8590341071705;29718;Mitas;AC85;;rolnicze;OPONA 13.6R28 (340/85R28) AC85 127A8/124B TL Mitas;13.6;;28;A8;B;127;124;340/85R28;;4;4;2247,00;1483,02;;;;;;R;62 kg;;
4006340320000;8590341071811;57607;Mitas;AC70 G;;rolnicze;OPONA 480/70R24 AC70 G 138A8/138B TL Mitas;480;70;24;A8;B;138;138;;;2;2;3881,00;2561,46;;;;;;R;0;;
4006340330000;8590341071828;31574;Mitas;AC85;;rolnicze;OPONA 16.9R28 (420/85R28) AC85 139A8/136B TL Mitas;16.9;;28;A8;B;139;136;420/85R28;;2;2;3078,00;2031,48;;;;;;R;93 kg;;
4006340340000;8590341071835;8085;Mitas;AC70T;;rolnicze;OPONA 480/70R28 AC70T 140A8/140B TL Mitas;480;70;28;A8;B;140;140;;;4;4;3832,00;2529,12;;;;;;R;102 kg;;
4006340440000;8590341071903;31571;Mitas;AC85;;rolnicze;OPONA 16.9R38 (420/85R38) AC85 144A8/144B TL Mitas;16.9;;38;A8;B;144;144;420/85R38;;2;2;4314,00;2847,24;;;;;;R;115 kg;;
4006340520000;8590341072344;4693;Mitas;AC85;;rolnicze;OPONA 11.2R28 (280/85R28) AC85 118A8 TL Mitas;11.2;;28;A8;;118;;280/85R28;;2;2;1710,00;1128,60;;;;;;R;49 kg;;
4006340530000;8590341072412;32299;Mitas;AC85;;rolnicze;OPONA 12.4R28 (320/85R28) AC85 124A8/121B TL Mitas;12.4;;28;A8;B;124;121;320/85R28;;4;4;1907,00;1258,62;;;;;;R;62 kg;;
4006340560000;8590341072528;29719;Mitas;AC65;;rolnicze;OPONA 650/65R42 AC65 165D/168A8 TL Mitas;650;65;42;D;A8;165;168;;;2;2;11180,00;7378,80;;;;;;R;220 kg;;
4006340580000;0440000055943;64782;Mitas;AC85;;rolnicze;OPONA 13.6R38 (340/85R38) AC85 133A8/133B TL Mitas;13.6;;38;A8;B;133;133;340/85R38;;2;2;2752,00;1816,32;;;;;;R;84 kg;;
4006340700000;8590341074546;7885;Mitas;AC70T;;rolnicze;OPONA 360/70R24 AC70T 122A8/122B TL Mitas;360;70;24;A8;B;122;122;;;5;5;2164,00;1428,24;;;;;;R;60 kg;;
4006340720000;8590341074560;8033;Mitas;AC70T;;rolnicze;OPONA 420/70R24 AC70T 130A8/130B TL Mitas;420;70;24;A8;B;130;130;;;7;7;2728,00;1800,48;;;;;;R;85 kg;;
4006340730000;0440000078362;65219;Mitas;AC70;;rolnicze;OPONA 380/70R28 AC70 127A8/127B TL Mitas;380;70;28;A8;B;127;127;;;4;4;2470,00;1630,20;;;;;;R;0;;
4006340740000;8590341074096;64117;Mitas;AC70T;;rolnicze;OPONA 420/70R28 AC70T 133A8/133B TL Mitas;420;70;28;A8;B;133;133;;;7;7;2977,00;1964,82;;;;;;R;85 kg;;
4006340770000;8590341074829;29945;Mitas;AC70T;;rolnicze;OPONA 480/70R34 AC70T 143A8/143B TL Mitas;480;70;34;A8;B;143;143;;;1;1;4528,00;2988,48;;;;;;R;115 kg;;
4006340840000;8590341075512;47841;Mitas;AC70 G;;rolnicze;OPONA 380/70R24 AC70 G 125A8/125B TL Mitas;380;70;24;A8;B;125;125;;;2;2;2569,00;1695,54;;;;;;R;0;;
4006341100000;8590341076809;2785;Mitas;AC65;;rolnicze;OPONA 480/65R28 AC65 136D/139A8 TL Mitas;480;65;28;D;A8;136;139;;;1;1;3431,00;2264,46;;;;;;R;96 kg;;
4006341120000;8590341076922;31423;Mitas;AC65;;rolnicze;OPONA 540/65R34 AC65 145D/148A8 TL Mitas;540;65;34;D;A8;145;148;;;4;4;5038,00;3325,08;;;;;;R;127 kg;;
4006341270000;8590341078551;86532;Mitas;SFT;;rolnicze;OPONA 600/70R28 SFT 161D TL Mitas;600;70;28;D;;161;;;;2;2;8294,00;5474,04;;;;;;R;0;;
4006341380001;0440000009571;66193;Mitas;HC70;;rolnicze;OPONA 360/70R24 HC70 122D/125A8 TL Mitas;360;70;24;D;A8;122;125;;;1;1;2750,00;1815,00;;;;;;R;60 kg;;
4006341620000;8590341071149;32146;Mitas;AC65;;rolnicze;OPONA 650/65R38 AC65 157D/160A8 TL Mitas;650;65;38;D;A8;157;160;;;2;2;9275,00;6121,50;;;;;;R;220 kg;;
4006341630000;0440000009540;66190;Mitas;AC65;;rolnicze;OPONA 710/70R38 AC65 166D/169A8 TL Mitas;710;70;38;D;A8;166;169;;;2;2;11937,00;7878,42;;;;;;R;0;;
4006341630001;0440000079826;75722;Mitas;AC65;;rolnicze;OPONA 710/70R38 AC65 166D/169A8 TL Mitas;710;70;38;D;A8;166;169;;;1;1;11837,00;7812,42;;;;;;R;0;;
4006341720000;8590341070968;29936;Mitas;AC85;;rolnicze;OPONA 20.8R38 (520/85R38) AC85 155A8/155B TL Mitas;20.8;;38;A8;B;155;155;520/85R38;;2;2;6300,00;4158,00;;;;;;R;190 kg;;
4006341720001;0440000081768;30174;Mitas;AC85;;rolnicze;OPONA 20.8R38 (520/85R38) AC85 155A8/155B TL Mitas;20.8;;38;A8;B;155;155;520/85R38;150;1;1;6300,00;4158,00;;;;;;R;183,5 kg;;
4006341740000;8590341071729;30435;Mitas;AC85;;rolnicze;OPONA 18.4R34 (460/85R34) AC85 147A8/147B TL Mitas;18.4;;34;A8;B;147;147;460/85R34;;6;6;4390,00;2897,40;;;;;;R;129 kg;;
4006341900000;8590341100313;32145;Mitas;AC85;;rolnicze;OPONA 13.6R48 (340/90R48) AC85 154A8/154B TL Mitas;13.6;;48;A8;B;154;154;340/90R48;;7;7;4321,00;2851,86;;;;;;R;100 kg;;
4006342150000;8590341099662;32775;Mitas;AR-03 IMP UNI SERVICE;;rolnicze;OPONA 500/50R17 AR-03 IMP UNI SERVICE 149D TL Mitas;500;50;17;D;;149;;;;4;4;2074,00;1368,84;;;;;;R;54 kg;;
4006343190000;8590341113702;57751;Mitas;AC85;;rolnicze;OPONA 12.4R32 (320/85R32) AC85 145A8/145B TL Mitas;12.4;;32;A8;B;145;145;320/85R32;;8;8;2364,00;1560,24;;;;;;R;65 kg;;
4007112160000;0440000100506;83408;Trelleborg;EMR 1030;;przemysłowe;OPONA 23.5R25 EMR 1030 201A2/185B TL Trelleborg;23.5;;25;A2;B;201;185;;;2;2;14750,00;9735,00;;;;;;R;0;;
4007112200000;0440000083281;50695;Trelleborg;EMR 1050;;przemysłowe;OPONA 23.5R25 EMR 1050 201A2 TL Trelleborg;23.5;;25;A2;;201;;;;4;4;22000,00;14520,00;;;;;;R;0;;
4007112210000;0440000009519;57367;Trelleborg;EMR 1030;;przemysłowe;OPONA 26.5R25 EMR 1030 209A2/193B TL Trelleborg;26.5;;25;A2;B;209;193;;;1;1;16900,00;11154,00;;;;;;R;0;;
4103400;0440000101015;83603;Pirelli;R02 PROFUEL STEER;;ciężarowe;OPONA 265/70R17.5 R02 PROFUEL STEER 140/138M M+S FRONT Pirelli (C,B,A,71dB);265;70;17.5;;M;140;138;;DRIVE;5;5;3016,00;1296,88;C;B;A;71dB;;R;0;;
4103500;8019227410358;83604;Pirelli;R02 PROFUEL DRIVE;;ciężarowe;OPONA 265/70R17.5 R02 PROFUEL DRIVE 140/138M 3PMSF M+S DRIVE Pirelli (C,C,A,71dB);265;70;17.5;;M;140;138;;DRIVE;4;4;2756,00;1198,86;C;C;A;71dB;;R;0;;
4125;0440000009625;25408;Firestone;PERFORMER 85;;rolnicze;OPONA 16.9R24 (420/85R24) PERFORMER 85 142A8/142B XL TL Firestone;16.9;;24;A8;B;142;142;420/85R24;;2;2;4718,00;1745,66;;;;;;R;0;;
4133700;8019227413373;88453;Pirelli;R02 PROFUEL STEER;;ciężarowe;OPONA 265/70R19.5 R02 PROFUEL STEER 140/138M FRONT Pirelli;265;70;19.5;;M;140;138;;FRONT;2;2;2350,00;1163,25;;;;;;R;0 kg;;
415829;3528704158294;24466;Michelin;BIBLOAD;;przemysłowe;OPONA 340/80R18 (12.5/80R18) BIBLOAD 143A8/143B TL Michelin;340;80;18;A8;B;143;143;12.5/80R18;;7;7;4815,00;2359,35;;;;;;R;0 kg;;
42400007AL-IG;8903635070849;93341;Alliance;AGRI NOVA;;rolnicze;OPONA 14.9-24 (380/85-24) AGRI NOVA 136A8/12PR TT Alliance;14.9;;24;A8;;136;12PR;380/85-24;;3;3;1540,00;1001,00;;;;;;-;0;;
42400015AL-IG;0440000123888;91921;Alliance;AGRI NOVA;;rolnicze;OPONA 15.5-38 AGRI NOVA 12PR/141A8 TT Alliance;15.5;;38;;A8;12PR;141;;;8;8;1968,00;1279,20;;;;;;-;83 kg;;
42400031AL-IN;8903635071556;93851;Alliance;AGRI NOVA;;rolnicze;OPONA 12.4-24 (320/85-24) AGRI NOVA 8PR/121A8 TL Alliance;12.4;;24;;A8;8PR;121;320/85-24;;6;6;1000,00;650,00;;;;;;-;0;;
42400037AL-IN;8903635071891;93805;Alliance;AGRI NOVA;;rolnicze;OPONA 16.9-28 (420/85-28) AGRI NOVA 12PR/143A8 TT Alliance;16.9;;28;;A8;12PR;143;420/85-28;;4;4;2010,00;1306,50;;;;;;-;91 kg;;
42400038AAL-IN;0440000123932;91804;Alliance;AGRI NOVA;;rolnicze;OPONA 16.9-28 (420/85-28) AGRI NOVA 8PR/135A8 TT Alliance;16.9;;28;;A8;8PR;135;420/85-28;;7;7;1800,00;1170,00;;;;;;-;0;;
42400049AL-IG;0440000125103;92137;Alliance;AGRI NOVA;;rolnicze;OPONA 8.25-16 AGRI NOVA 6PR/98A6 TT Alliance;8.25;;16;;A6;6PR;98;;;8;8;710,00;461,50;;;;;;-;21 kg;;
42400056AL-IN;8903635071785;93169;Alliance;AGRI NOVA;;rolnicze;OPONA 6.5/80-15 AGRI NOVA 98A6/6PR TT Alliance;6.5;80;15;A6;;98;6PR;;;20;20;300,00;195,00;;;;;;-;0 kg;;
42400061AL-IG;0440000127312;93248;Alliance;AGRI NOVA;;rolnicze;OPONA 9.5-22 AGRI NOVA 8PPR/106A8 TL Alliance;9.5;;22;;A8;8PPR;106;;;6;6;730,00;474,50;;;;;;-;75,22 kg;;
42400070AL-IN;0440000126223;92482;Alliance;AGRI NOVA;;rolnicze;OPONA 5.00-12 AGRI NOVA 6PR/72A6 TT Alliance;5.00;;12;;A6;6PR;72;;;1;1;230,00;149,50;;;;;;-;0 kg;;
42400097AL-IG;0440000123901;91919;Alliance;AGRI NOVA;;rolnicze;OPONA 18.4-34 (460/85-34) AGRI NOVA 8PR/142A8 TT Alliance;18.4;;34;;A8;8PR;142;460/85-34;;1;1;2397,00;1558,05;;;;;;-;129 kg;;
42400111AL-IG;0440000123871;91917;Alliance;AGRI NOVA;;rolnicze;OPONA 13.6-24 (340/85-24) AGRI NOVA 8PR/123A8 TT Alliance;13.6;;24;;A8;8PR;123;340/85-24;;6;6;1160,00;754,00;;;;;;-;0;;
42400115AL-IG;0440000125080;92211;Alliance;AGRI NOVA;;przemysłowe;OPONA 15.5/80-24 (400/80-24) AGRI NOVA 12PR/157A8 TL Alliance;15.5;80;24;;A8;12PR;157;400/80-24;;18;18;1600,00;1040,00;;;;;;-;0;;
429970;0440000105983;84976;Michelin;MACHXBIB;;rolnicze;OPONA 600/65R28 MACHXBIB 154D/150E TL Michelin;600;65;28;D;E;154;150;;TL;2;2;14459,00;7229,50;;;;;;R;0;;
434435;3528704344352;91865;Michelin;X MULTI Z+ AS;;ciężarowe;OPONA 385/65R22.5 X MULTI Z+ AS 160K 3PMSF M+S Michelin (B,C,A,71dB);385;65;22.5;K;;160;;;;2;2;4555,00;2573,57;B;C;A;71dB;;R;0 kg;;
45045001AL-IN;8903635066682;91199;Alliance;AGRISTAR II RC;;rolnicze;OPONA 9.5R32 (230/95R32) AGRISTAR II RC 128D/125E TL Alliance;9.5;;32;D;E;128;125;230/95R32;;4;4;1505,00;978,25;;;;;;R;0;;
45045004AL-AP;8903635066712;91188;Alliance;AGRISTAR II RC;;rolnicze;OPONA 11.2R32 (270/95R32) AGRISTAR II RC 136D/133E TL Alliance;11.2;;32;D;E;136;133;270/95R32;;20;20;1680,00;1092,00;;;;;;R;52,98 kg;;
45045005AL-IN;8903635066729;91201;Alliance;AGRISTAR II RC;;rolnicze;OPONA 9.5R44 (230/95R44) AGRISTAR II RC 134D/131E TL Alliance;9.5;;44;D;E;134;131;230/95R44;;20;20;1973,00;1282,45;;;;;;R;67,18 kg;;
45045009AL-AP;8903635066767;91525;Alliance;AGRISTAR II RC;;rolnicze;OPONA 13.6R48 (340/85R48) AGRISTAR II RC 156D/153E TL Alliance;13.6;;48;D;E;156;153;340/85R48;;7;7;3800,00;2470,00;;;;;;R;100 g;;
45045011AL-AP;8903635066477;90659;Alliance;AGRISTAR II RC;;rolnicze;OPONA 11.2R48 (270/95R48) AGRISTAR II RC 142D/139E TL Alliance;11.2;;48;D;E;142;139;270/95R48;;2;2;2407,00;1564,55;;;;;;R;77 kg;;
45045012AL-AP;8903635066484;90663;Alliance;AGRISTAR II RC;;rolnicze;OPONA 11.2R42 (270/95R42) AGRISTAR II RC 140D/137E TL Alliance;11.2;;42;D;E;140;137;270/95R42;;20;20;2550,00;1657,50;;;;;;R;138 kg;;
45045014AL-IN;8903635066507;92688;Alliance;AGRISTAR II RC;;rolnicze;OPONA 230/95R48 (9.5R48) AGRISTAR II RC 136D/133E TL Alliance;230;95;48;D;E;136;133;9.5R48;;11;11;2100,00;1365,00;;;;;;R;0 kg;;
45045016AL-IN;8903635066521;91189;Alliance;AGRISTAR II RC;;rolnicze;OPONA 11.2R44 (270/95R44) AGRISTAR II RC 142D/139E TL Alliance;11.2;;44;D;E;142;139;270/95R44;;20;20;2500,00;1625,00;;;;;;R;0;;
45045017AL-AP;8903635066538;90661;Alliance;AGRISTAR II RC;;rolnicze;OPONA 13.6R46 (340/85R46) AGRISTAR II RC 150D/147E TL Alliance;13.6;;46;D;E;150;147;340/85R46;;20;20;3690,00;2398,50;;;;;;R;138 kg;;
45045021AL-AP;8903635066576;90658;Alliance;AGRISTAR II RC;;rolnicze;OPONA 11.2R36 (270/95R36) AGRISTAR II RC 139D/136E TL Alliance;11.2;;36;D;E;139;136;270/95R36;;20;20;2100,00;1365,00;;;;;;R;57 kg;;
45045023AL-IN;8903635066590;91198;Alliance;AGRISTAR II RC;;rolnicze;OPONA 8.3R32 (210/95R32) AGRISTAR II RC 117D/114E TL Alliance;8.3;;32;D;E;117;114;210/95R32;;5;5;1306,00;848,90;;;;;;R;28 kg;;
45045024AL-AP;8903635066606;93477;Alliance;AGRISTAR II RC;;rolnicze;OPONA 380/105R50 (14.9R50) AGRISTAR II RC 168D/165E TL Alliance;380;105;50;D;E;168;165;14.9R50;;1;1;7218,00;4691,70;;;;;;R;181 kg;;
45045028AL-IN;8903635066637;91813;Alliance;AGRISTAR II RC;;rolnicze;OPONA 9.5R42 (230/95R42) AGRISTAR II RC 133D/130E TL Alliance;9.5;;42;D;E;133;130;230/95R42;;12;12;2011,00;1307,15;;;;;;R;0;;
46500002AL-IG;8903635054214;83515;Alliance;AGRISTAR II;;rolnicze;OPONA 540/65R28 AGRISTAR II 149D TL Alliance;540;65;28;D;;149;;;;20;20;3900,00;2535,00;;;;;;R;0;;
46500003AL-AP;8903635056324;83229;Alliance;AGRISTAR II;;rolnicze;OPONA 650/65R42 AGRISTAR II 170D TL Alliance;650;65;42;D;;170;;;;1;1;7900,00;5135,00;;;;;;R;0;;
46500004AL-AP;8903635056980;83228;Alliance;AGRISTAR II;;rolnicze;OPONA 650/65R38 AGRISTAR II 171D TL Alliance;650;65;38;D;;171;;;;3;3;6925,00;4501,25;;;;;;R;0;;
46500005AL-AP;0440000105815;83890;Alliance;AGRISTAR II;;rolnicze;OPONA 650/65R38 AGRISTAR II 166D TL Alliance;650;65;38;D;;166;;;;8;8;6600,00;4290,00;;;;;;R;0;;
46500006AL-AP;8903635056379;83519;Alliance;AGRISTAR II;;rolnicze;OPONA 600/65R28 AGRISTAR II 154D TL Alliance;600;65;28;D;;154;;;;20;20;5392,00;3504,80;;;;;;R;0 kg;;
46500007AL-AP;8903635056386;83534;Alliance;AGRISTAR II;;rolnicze;OPONA 540/65R38 AGRISTAR II 153D TL Alliance;540;65;38;D;;153;;;;20;20;4991,00;3244,15;;;;;;R;0;;
46500008AL-AP;8903635056287;83230;Alliance;AGRISTAR II;;rolnicze;OPONA 540/65R34 AGRISTAR II 152D TL Alliance;540;65;34;D;;152;;;;7;7;4550,00;2957,50;;;;;;R;0;;
46500010AL-AP;8903635056331;83892;Alliance;AGRISTAR II;;rolnicze;OPONA 650/65R42 AGRISTAR II 158D TL Alliance;650;65;42;D;;158;;;;14;14;7700,00;5005,00;;;;;;R;231,7 kg;;
46500011AL-AP;8903635056430;83893;Alliance;AGRISTAR II;;rolnicze;OPONA 540/65R24 AGRISTAR II 146D TL Alliance;540;65;24;D;;146;;;;13;13;3548,00;2306,20;;;;;;R;0 kg;;
46500012AL-AP;8903635056393;83517;Alliance;AGRISTAR II;;rolnicze;OPONA 480/65R28 AGRISTAR II 142D TL Alliance;480;65;28;D;;142;;;;2;2;3300,00;2145,00;;;;;;R;129 kg;;
46500015AL-AP;8903635056973;85113;Alliance;AGRISTAR II;;rolnicze;OPONA 540/65R34 AGRISTAR II 145D TL Alliance;540;65;34;D;;145;;;;4;4;4400,00;2860,00;;;;;;R;0 kg;;
46500017AL-AP;8903635056294;83523;Alliance;AGRISTAR II;;rolnicze;OPONA 440/65R24 AGRISTAR II 135D TL Alliance;440;65;24;D;;135;;;;7;7;2378,00;1545,70;;;;;;R;0 kg;;
46500018AL-AP;8903635056362;83227;Alliance;AGRISTAR II;;rolnicze;OPONA 600/65R34 AGRISTAR II 157D TL Alliance;600;65;34;D;;157;;;;10;10;5800,00;3770,00;;;;;;R;0;;
46500019AL-AP;8903635056447;83888;Alliance;AGRISTAR II;;rolnicze;OPONA 420/65R24 AGRISTAR II 138D TL Alliance;420;65;24;D;;138;;;;20;20;2201,00;1430,65;;;;;;R;70 kg;;
46500020AL-AP;0440000105808;83891;Alliance;AGRISTAR II;;rolnicze;OPONA 420/65R20 AGRISTAR II 135D TL Alliance;420;65;20;D;;135;;;;6;6;1800,00;1170,00;;;;;;R;0;;
46500024AL-AP;0440000127329;93390;Alliance;AGRISTAR II;;rolnicze;OPONA 320/65R16 AGRISTAR II 117D TL Alliance;320;65;16;D;;117;;;;4;4;1092,00;709,80;;;;;;R;32 kg;;
46500026AL-AP;8903635056423;83518;Alliance;AGRISTAR II;;rolnicze;OPONA 540/65R30 AGRISTAR II 150D TL Alliance;540;65;30;D;;150;;;;20;20;3950,00;2567,50;;;;;;R;125 kg;;
46500027AL-AP;8903635056355;83894;Alliance;AGRISTAR II;;rolnicze;OPONA 650/65R38 AGRISTAR II 157D TL Alliance;650;65;38;D;;157;;;;12;12;6500,00;4225,00;;;;;;R;0;;
47000000AL-IN;8903635028376;64324;Alliance;AGRISTAR II;;rolnicze;OPONA 280/70R18 AGRISTAR II 114D TL Alliance;280;70;18;D;;114;;;;9;9;950,00;617,50;;;;;;R;0;;
47000001AL-IN;8903635028208;63462;Alliance;AGRISTAR II;;rolnicze;OPONA 380/70R24 AGRISTAR II 125D TL Alliance;380;70;24;D;;125;;;;20;20;1840,00;1196,00;;;;;;R;65 kg;;
47000002AL-IN;8903635028185;61997;Alliance;AGRISTAR II;;rolnicze;OPONA 420/70R28 AGRISTAR II 133D TL Alliance;420;70;28;D;;133;;;;20;20;2450,00;1592,50;;;;;;R;0;;
47000004AL-IN;8903635028161;61995;Alliance;AGRISTAR II;;rolnicze;OPONA 520/70R38 AGRISTAR II 150D TL Alliance;520;70;38;D;;150;;;;20;20;4668,00;3034,20;;;;;;R;0;;
47000005AL-IN;8903635028123;62429;Alliance;AGRISTAR II;;rolnicze;OPONA 420/70R24 AGRISTAR II 130D TL Alliance;420;70;24;D;;130;;;;20;20;2170,00;1410,50;;;;;;R;0;;
47000006AL-IN;8903635028147;64483;Alliance;AGRISTAR II;;rolnicze;OPONA 710/70R42 AGRISTAR II 173D TL Alliance;710;70;42;D;;173;;;;11;11;9900,00;6435,00;;;;;;R;346 kg;;
47000007AL-IN;8903635028154;62418;Alliance;AGRISTAR II;;rolnicze;OPONA 600/70R30 AGRISTAR II 152D TL Alliance;600;70;30;D;;152;;;;20;20;4900,00;3185,00;;;;;;R;0;;
47000009AL-IN;8903635028338;64323;Alliance;AGRISTAR II;;rolnicze;OPONA 420/70R30 AGRISTAR II 134D TL Alliance;420;70;30;D;;134;;;;9;9;2926,00;1901,90;;;;;;R;88 kg;;
47000011AL-IN;8903635028369;64479;Alliance;AGRISTAR II;;rolnicze;OPONA 580/70R38 AGRISTAR II 180D TL Alliance;580;70;38;D;;180;;;;20;20;6228,00;4048,20;;;;;;R;190 kg;;
47000013AL-IN;8903635028321;63797;Alliance;AGRISTAR II;;rolnicze;OPONA 480/70R24 AGRISTAR II 138D TL Alliance;480;70;24;D;;138;;;;20;20;2750,00;1787,50;;;;;;R;0;;
47000018AL-AP;0440000111038;86958;Alliance;AGRISTAR II;;rolnicze;OPONA 480/70R30 AGRISTAR II 156D TL Alliance;480;70;30;D;;156;;;;12;12;3986,00;2590,90;;;;;;R;110 kg;;
47000022AL-IN;8903635028413;65942;Alliance;AGRISTAR II;;rolnicze;OPONA 600/70R28 AGRISTAR II 161D TL Alliance;600;70;28;D;;161;;;;9;9;4800,00;3120,00;;;;;;R;0;;
47000025AL-IN;8903635028420;64482;Alliance;AGRISTAR II;;rolnicze;OPONA 480/70R28 AGRISTAR II 151D TL Alliance;480;70;28;D;;151;;;;20;20;3450,00;2242,50;;;;;;R;0;;
47000026AL-IN;8903635028277;62430;Alliance;AGRISTAR II;;rolnicze;OPONA 360/70R24 AGRISTAR II 122D TL Alliance;360;70;24;D;;122;;;;20;20;1650,00;1072,50;;;;;;R;0;;
47000027AL-IN;8903635028291;68229;Alliance;AGRISTAR II;;rolnicze;OPONA 300/70R20 AGRISTAR II 120D TL Alliance;300;70;20;D;;120;;;;6;6;1200,00;780,00;;;;;;R;36 kg;;
47000028AL-IN;8903635028314;63798;Alliance;AGRISTAR II;;rolnicze;OPONA 480/70R34 AGRISTAR II 143D TL Alliance;480;70;34;D;;143;;;;20;20;3450,00;2242,50;;;;;;R;0;;
47000029AL-IN;8903635028246;63446;Alliance;AGRISTAR II;;rolnicze;OPONA 480/70R28 AGRISTAR II 140D TL Alliance;480;70;28;D;;140;;;;20;20;3050,00;1982,50;;;;;;R;112 kg;;
47000030AL-IN;8903635028260;64487;Alliance;AGRISTAR II;;rolnicze;OPONA 380/70R28 AGRISTAR II 127D TL Alliance;380;70;28;D;;127;;;;11;11;2060,00;1339,00;;;;;;R;0;;
47000031AL-IN;8903635028178;63461;Alliance;AGRISTAR II;;rolnicze;OPONA 580/70R38 AGRISTAR II 155D TL Alliance;580;70;38;D;;155;;;;6;6;5208,00;3385,20;;;;;;R;190 kg;;
47000032AL-IN;8903635028215;64180;Alliance;AGRISTAR II;;rolnicze;OPONA 480/70R30 AGRISTAR II 141D TL Alliance;480;70;30;D;;141;;;;20;20;3150,00;2047,50;;;;;;R;110 kg;;
47000033AL-IN;8903635028390;64307;Alliance;AGRISTAR II;;rolnicze;OPONA 280/70R20 AGRISTAR II 116D TL Alliance;280;70;20;D;;116;;;;10;10;1070,00;695,50;;;;;;R;0;;
47000034AL-IN;8903635028253;63796;Alliance;AGRISTAR II;;rolnicze;OPONA 320/70R24 AGRISTAR II 116D TL Alliance;320;70;24;D;;116;;;;3;3;1400,00;910,00;;;;;;R;0;;
47000035AL-IN;8903635028352;64302;Alliance;AGRISTAR II;;rolnicze;OPONA 360/70R20 AGRISTAR II 129D TL Alliance;360;70;20;D;;129;;;;20;20;1624,00;1055,60;;;;;;R;50 kg;;
47000037AL-IN;8903635028284;86333;Alliance;AGRISTAR II;;rolnicze;OPONA 260/70R16 AGRISTAR II 109D TL Alliance;260;70;16;D;;109;;;;2;2;851,00;553,15;;;;;;R;23,28 kg;;
47000039AL-IN;8903635028192;64308;Alliance;AGRISTAR II;;rolnicze;OPONA 320/70R20 AGRISTAR II 123D TL Alliance;320;70;20;D;;123;;;;4;4;1300,00;845,00;;;;;;R;0;;
47000040AL-IN;8903635028130;63447;Alliance;AGRISTAR II;;rolnicze;OPONA 710/70R38 AGRISTAR II 172D TL Alliance;710;70;38;D;;172;;;;20;20;8193,00;5325,45;;;;;;R;0;;
47000041AL-IN;8903635028239;61996;Alliance;AGRISTAR II;;rolnicze;OPONA 520/70R34 AGRISTAR II 148D TL Alliance;520;70;34;D;;148;;;;20;20;4264,00;2771,60;;;;;;R;0;;
47000043AL-IN;8903635049562;86935;Alliance;AGRISTAR II;;rolnicze;OPONA 360/70R28 AGRISTAR II 125D TL Alliance;360;70;28;D;;125;;;;14;14;1950,00;1267,50;;;;;;R;0;;
47000044AL-IG;8903635049555;83248;Alliance;AGRISTAR II;;rolnicze;OPONA 800/70R38 AGRISTAR II 173D TL Alliance;800;70;38;D;;173;;;TL;6;6;12900,00;8385,00;;;;;;R;0;;
47000047AL-IN;8903635049517;90236;Alliance;AGRISTAR II;;rolnicze;OPONA 240/70R16 AGRISTAR II 104D TL Alliance;240;70;16;D;;104;;;;4;4;760,00;494,00;;;;;;R;20 kg;;
47001541AL-IN;8903635028451;64486;Alliance;AGRISTAR II;;rolnicze;OPONA 480/70R34 AGRISTAR II 155D TL Alliance;480;70;34;D;;155;;;;20;20;4035,00;2622,75;;;;;;R;0;;
47002588AL-IN;8903635028475;64480;Alliance;AGRISTAR II;;rolnicze;OPONA 710/70R38 AGRISTAR II 178D TL Alliance;710;70;38;D;;178;;;;8;8;9702,00;6306,30;;;;;;R;0;;
47025030AL-IN;8903635028437;64300;Alliance;AGRISTAR II;;rolnicze;OPONA 480/70R30 AGRISTAR II 150D TL Alliance;480;70;30;D;;150;;;;12;12;3811,00;2477,15;;;;;;R;110 kg;;
47025034AL-IN;0440000007287;68390;Alliance;AGRISTAR II;;rolnicze;OPONA 520/70R34 AGRISTAR II 168D TL Alliance;520;70;34;D;;168;;;;1;1;5650,00;3672,50;;;;;;R;0 kg;;
474495;3528704744954;1065;Michelin;XMCL;;przemysłowe;OPONA 400/70R20 (16.0/70R20) XMCL 149A8/149B TL Michelin;400;70;20;A8;B;149;149;16.0/70R20;;2;2;6021,00;3161,02;;;;;;R;0;;
4800012;3286348000125;86215;Bridgestone;M749;;ciężarowe;OPONA 315/70R22.5 M749 152M/154L 3PMSF DRIVE Bridgestone (C,C,2,75dB);315;70;22.5;M;L;152;154;;;20;20;3127,00;1672,94;C;C;2;75dB;;R;0;https://eprel.ec.europa.eu/qr/2045642;
480150-33;8903635028031;80767;Galaxy;TURF SPECIAL;;rolnicze;OPONA 25X10.50-15 TURF SPECIAL 114A2/100A6 6PR TL Galaxy;25X10.50;;15;A2;A6;114;100;;;1;1;900,83;594,55;;;;;;-;0 kg;;
4801894;3286348018946;92164;Bridgestone;R166;;ciężarowe;OPONA 435/50R19.5 R166 160J 3PMSF TRAILER Bridgestone (D,C,B,73dB);435;50;19.5;J;;160;;;;3;3;3337,00;1902,09;D;C;B;73dB;;R;0 kg;;
481323;3528704813230;39757;Michelin;X LINE ENERGY F;;ciężarowe;OPONA 385/55R22.5 X LINE ENERGY F 160K ANTISPLASH 3PMSF FRONT Michelin (A,B,1,70dB);385;55;22.5;K;;160;;;FRONT Antisplash;8;8;4977,00;2724,91;A;B;1;70dB;;R;0 kg;;
483739;3528704837397;39798;Michelin;X MULTI F;;ciężarowe;OPONA 385/55R22.5 X MULTI F 160K 3PMSF FRONT Michelin (B,B,2,72dB);385;55;22.5;K;;160;;;;4;4;4927,00;2586,67;B;B;2;72dB;;R;0 kg;;
48500001AL-IG;0440000111328;86846;Alliance;AGRISTAR II;;rolnicze;OPONA 12.4R36 (320/85R36) AGRISTAR II 147D TL Alliance;12.4;;36;D;;147;;320/85R36;;7;7;2641,00;1716,65;;;;;;R;76,4 kg;;
48500020AL-IG;8903635028628;63464;Alliance;AGRISTAR II;;rolnicze;OPONA 280/85R24 (11.2R24) AGRISTAR II 115D TL Alliance;280;85;24;D;;115;;11.2R24;;20;20;1210,00;786,50;;;;;;R;44 kg;;
48500021AL-IG;8903635028635;63800;Alliance;AGRISTAR II;;rolnicze;OPONA 11.2R28 (280/85R28) AGRISTAR II 118D TL Alliance;11.2;;28;D;;118;;280/85R28;;20;20;1320,00;858,00;;;;;;R;48,5 kg;;
48500022AL-IG;8903635028642;63465;Alliance;AGRISTAR II;;rolnicze;OPONA 12.4R20 (320/85R20) AGRISTAR II 119D TL Alliance;12.4;;20;D;;119;;320/85R20;;17;17;1250,00;812,50;;;;;;R;47 kg;;
48500025AL-IG;8903635028659;63922;Alliance;AGRISTAR II;;rolnicze;OPONA 12.4R24 (320/85R24) AGRISTAR II 122D TL Alliance;12.4;;24;D;;122;;320/85R24;;20;20;1500,00;975,00;;;;;;R;0;;
48500026AL-IG;8903635028666;63801;Alliance;AGRISTAR II;;rolnicze;OPONA 12.4R28 (320/85R28) AGRISTAR II 124D TL Alliance;12.4;;28;D;;124;;320/85R28;;20;20;1670,00;1085,50;;;;;;R;0;;
48500031AL-IG;8903635028697;63804;Alliance;AGRISTAR II;;rolnicze;OPONA 12.4R38 (320/85R38) AGRISTAR II 143D TL Alliance;12.4;;38;D;;143;;320/85R38;;11;11;2350,00;1527,50;;;;;;R;85,2 kg;;
48500032AL-IG;8903635028673;63802;Alliance;AGRISTAR II;;rolnicze;OPONA 12.4R32 (320/85R32) AGRISTAR II 126D TL Alliance;12.4;;32;D;;126;;320/85R32;;20;20;1850,00;1202,50;;;;;;R;68 kg;;
48500033AL-IG;8903635028680;63803;Alliance;AGRISTAR II;;rolnicze;OPONA 12.4R36 (320/85R36) AGRISTAR II 128D TL Alliance;12.4;;36;D;;128;;320/85R36;;20;20;2080,00;1352,00;;;;;;R;76,4 kg;;
48500035AL-IG;8903635028703;63795;Alliance;AGRISTAR II;;rolnicze;OPONA 340/85R24 (13.6R24) AGRISTAR II 125D TL Alliance;340;85;24;D;;125;;13.6R24;;20;20;1550,00;1007,50;;;;;;R;0;;
48500037AL-IG;8903635028581;62705;Alliance;AGRISTAR II;;rolnicze;OPONA 14.9R34 (380/85R34) AGRISTAR II 137D TL Alliance;14.9;;34;D;;137;;380/85R34;;6;6;2541,00;1651,65;;;;;;R;0;;
48500038AL-IG;0440000095550;80289;Alliance;AGRISTAR II;;rolnicze;OPONA 9.5R24 (250/85R24) AGRISTAR II 109D TL Alliance;9.5;;24;D;;109;;250/85R24;;10;10;1022,00;664,30;;;;;;R;34 kg;;
48500040AL-IG;8903635028710;64183;Alliance;AGRISTAR II;;rolnicze;OPONA 13.6R28 (340/85R28) AGRISTAR II 127D TL Alliance;13.6;;28;D;;127;;340/85R28;;1;1;1870,00;1215,50;;;;;;R;0;;
48500044AL-IG;8903635028727;64772;Alliance;AGRISTAR II;;rolnicze;OPONA 13.6R36 (340/85R36) AGRISTAR II 132D TL Alliance;13.6;;36;D;;132;;340/85R36;;20;20;2300,00;1495,00;;;;;;R;82 kg;;
48500046AL-IG;0440000054847;70175;Alliance;AGRISTAR II;;rolnicze;OPONA 13.6R38 (340/85R38) AGRISTAR II 133D TL Alliance;13.6;;38;D;;133;;340/85R38;;18;18;2400,00;1560,00;;;;;;R;0 kg;;
48500047AL-IG;8903635028222;62706;Alliance;AGRISTAR II;;rolnicze;OPONA 14.9R24 (380/85R24) AGRISTAR II 131D TL Alliance;14.9;;24;D;;131;;380/85R24;;20;20;1950,00;1267,50;;;;;;R;0;;
48500048AL-IG;8903635028840;80390;Alliance;AGRISTAR II;;rolnicze;OPONA 13.6R38 (340/85R38) AGRISTAR II 151D TL Alliance;13.6;;38;D;;151;;340/85R38;;20;20;3200,00;2080,00;;;;;;R;0 kg;;
48500070AL-IG;8903635028550;62707;Alliance;AGRISTAR II;;rolnicze;OPONA 14.9R28 (380/85R28) AGRISTAR II 133D TL Alliance;14.9;;28;D;;133;;380/85R28;;20;20;2220,00;1443,00;;;;;;R;83 kg;;
48500071AL-IG;8903635028512;67850;Alliance;AGRISTAR II;;rolnicze;OPONA 14.9R30 (380/85R30) AGRISTAR II 135D TL Alliance;14.9;;30;D;;135;;380/85R30;;4;4;2379,00;1546,35;;;;;;R;0;;
48500100AL-IG;8903635028826;63469;Alliance;AGRISTAR II;;rolnicze;OPONA 16.9R34 (420/85R34) AGRISTAR II 142D TL Alliance;16.9;;34;D;;142;;420/85R34;;20;20;3120,00;2028,00;;;;;;R;0;;
48500101AL-IG;0440000046361;69287;Alliance;AGRISTAR II;;rolnicze;OPONA 12.4R24 (320/85R24) AGRISTAR II 142D TL Alliance;12.4;;24;D;;142;;320/85R24;;14;14;1795,00;1166,75;;;;;;R;0 kg;;
48500103AL-IG;8903635049623;80392;Alliance;AGRISTAR II;;rolnicze;OPONA 320/85R34 AGRISTAR II 133D TL Alliance;320;85;34;D;;133;;;;4;4;2108,00;1370,20;;;;;;R;0 kg;;
48500104AL-IG;8903635049616;83531;Alliance;AGRISTAR II;;rolnicze;OPONA 16.9R46 (420/80R46) AGRISTAR II 159D TL Alliance;16.9;;46;D;;159;;420/80R46;;20;20;5500,00;3575,00;;;;;;R;0;;
48500106AL-IG;8903635049593;77588;Alliance;AGRISTAR II;;rolnicze;OPONA 11.2R20 (280/85r20) AGRISTAR II 112D TL Alliance;11.2;;20;D;;112;;280/85r20;;20;20;1070,00;695,50;;;;;;R;38 kg;;
48500110AL-IG;8903635028789;65130;Alliance;AGRISTAR II;;rolnicze;OPONA 20.8R42 (520/85R42) AGRISTAR II 157D TL Alliance;20.8;;42;D;;157;;520/85R42;;4;4;5800,00;3770,00;;;;;;R;0;;
48500120AL-IG;8903635028598;83249;Alliance;AGRISTAR II;;rolnicze;OPONA 380/80R38 AGRISTAR II 142D TL Alliance;380;80;38;D;;142;;;;12;12;3136,00;2038,40;;;;;;R;0 kg;;
48500125AL-IG;8903635028819;64185;Alliance;AGRISTAR II;;rolnicze;OPONA 650/85R38 AGRISTAR II 173D TL Alliance;650;85;38;D;;173;;;;20;20;9180,00;5967,00;;;;;;R;314 kg;;
48500130AL-IG;8903635028741;63920;Alliance;AGRISTAR II;;rolnicze;OPONA 16.9R38 (420/85R38) AGRISTAR II 144D TL Alliance;16.9;;38;D;;144;;420/85R38;;20;20;3350,00;2177,50;;;;;;R;0;;
48500140AL-AP;0440000103804;83250;Alliance;AGRISTAR II;;rolnicze;OPONA 18.4R30 (460/85R30) AGRISTAR II 145D TL Alliance;18.4;;30;D;;145;;460/85R30;TL;20;20;3292,00;2139,80;;;;;;R;0;;
48500151AL-IG;8903635028864;67219;Alliance;AGRISTAR II;;rolnicze;OPONA 18.4R34 (460/85R34) AGRISTAR II 157D TL Alliance;18.4;;34;D;;157;;460/85R34;;20;20;3950,00;2567,50;;;;;;R;129 kg;;
48500165AL-IG;8903635028567;63799;Alliance;AGRISTAR II;;rolnicze;OPONA 16.9R24 (420/85R24) AGRISTAR II 137D TL Alliance;16.9;;24;D;;137;;420/85R24;;20;20;2470,00;1605,50;;;;;;R;0;;
48500167AL-IG;8903635028611;65944;Alliance;AGRISTAR II;;rolnicze;OPONA 18.4R38 (460/85R38) AGRISTAR II 167D TL Alliance;18.4;;38;D;;167;;460/85R38;;20;20;4947,00;3215,55;;;;;;R;0;;
48500190AL-IG;8903635028505;63914;Alliance;AGRISTAR II;;rolnicze;OPONA 16.9R28 (420/85R28) AGRISTAR II 139D TL Alliance;16.9;;28;D;;139;;420/85R28;;20;20;2580,00;1677,00;;;;;;R;0;;
48500200AL-IG;8903635028574;63915;Alliance;AGRISTAR II;;rolnicze;OPONA 16.9R30 (420/85R30) AGRISTAR II 140D TL Alliance;16.9;;30;D;;140;;420/85R30;;5;5;2750,00;1787,50;;;;;;R;106,5 kg;;
48500260AL-IG;8903635028499;66544;Alliance;AGRISTAR II;;rolnicze;OPONA 18.4R46 (480/80R46) AGRISTAR II 158D TL Alliance;18.4;;46;D;;158;;480/80R46;;20;20;6000,00;3900,00;;;;;;R;185,3 kg;;
48500264AL-IN;8903635028604;83886;Alliance;AGRISTAR II;;rolnicze;OPONA 480/80R50 AGRISTAR II 159D TL Alliance;480;80;50;D;;159;;;;3;3;6728,00;4373,20;;;;;;R;185,3 kg;;
48500300AL-IG;8903635028765;63769;Alliance;AGRISTAR II;;rolnicze;OPONA 20.8R38 (520/85R38) AGRISTAR II 155D TL Alliance;20.8;;38;D;;155;;520/85R38;;11;11;4850,00;3152,50;;;;;;R;0;;
48500301AL-IG;8903635028772;63772;Alliance;AGRISTAR II;;rolnicze;OPONA 20.8R38 (520/85R38) AGRISTAR II 169D TL Alliance;20.8;;38;D;;169;;520/85R38;;5;5;5241,00;3406,65;;;;;;R;0;;
48500301AL-IN;0440000117818;86971;Alliance;AGRISTAR II;;rolnicze;OPONA 20.8R38 (520/85R38) AGRISTAR II 169D TL Alliance;20.8;;38;D;;169;;520/85R38;;2;2;5241,00;3406,65;;;;;;R;0;;
48500325AL-IG;8903635028758;64184;Alliance;AGRISTAR II;;rolnicze;OPONA 18.4R42 (480/80R42) AGRISTAR II 151D TL Alliance;18.4;;42;D;;151;;480/80R42;;17;17;5250,00;3412,50;;;;;;R;0;;
48500334AL-IG;8903635028796;63916;Alliance;AGRISTAR II;;rolnicze;OPONA 20.8R42 (520/85R42) AGRISTAR II 169D TL Alliance;20.8;;42;D;;169;;520/85R42;;3;3;6000,00;3900,00;;;;;;R;210 kg;;
48500360AL-IG;8903635028802;63805;Alliance;AGRISTAR II;;rolnicze;OPONA 20.8R46 (520/85R46) AGRISTAR II 158D TL Alliance;20.8;;46;D;;158;;520/85R46;150;10;10;7000,00;4550,00;;;;;;R;0;;
48500361AL-IG;0440000121297;90232;Alliance;AGRISTAR II;;rolnicze;OPONA 20.8R46 (520/85R46) AGRISTAR II 169D/173A8 TL Alliance;20.8;;46;D;A8;169;173;520/85R46;150;10;10;7800,00;5070,00;;;;;;R;0;;
48504730AL-IG;8903635028482;65129;Alliance;AGRISTAR II;;rolnicze;OPONA 16.9R34 (420/85R34) AGRISTAR II 147D TL Alliance;16.9;;34;D;;147;;420/85R34;;9;9;3100,00;2015,00;;;;;;R;0;;
485710;3528704857104;66446;Michelin;X MULTI Z;;ciężarowe;OPONA 315/80R22.5 X MULTI Z 156/150L 3PMSF M+S ALL POSITION Michelin (C,B,1,72dB);315;80;22.5;L;;156/150;;;;1;1;4358,00;2396,90;C;B;1;72dB;;R;0;;
48801002AL-IG;0440000122874;91384;Alliance;488;;rolnicze;OPONA 600/50-22.5 488 164J TL Alliance;600;50;22.5;J;;164;;;;3;3;8519,00;5537,35;;;;;;-;97 kg;;
49000001AL-IG;0440000111304;86933;Alliance;AGRISTAR II;;rolnicze;OPONA 12.4R42 (320/90R42) AGRISTAR II 147D TL Alliance;12.4;;42;D;;147;;320/90R42;;5;5;3790,00;2463,50;;;;;;R;0;;
49000002AL-IG;8903635051664;86844;Alliance;AGRISTAR II;;rolnicze;OPONA 420/90R30 AGRISTAR II 147D TL Alliance;420;90;30;D;;147;;;;1;1;4259,00;2768,35;;;;;;R;0;;
495444;3528704954445;32690;Michelin;X LINE ENERGY 2D;;ciężarowe;OPONA 315/70R22.5 X LINE ENERGY 2D 154/150L 3PMSF DRIVE Michelin (A,B,1,70dB);315;70;22.5;;L;154;150;;;4;4;4660,00;2446,50;A;B;1;70dB;;R;64,5 kg;;
5001500214000;8590341005212;8380;Mitas;TD02;;rolnicze;OPONA 9.5-24 TD02 8PR TT Mitas;9.5;;24;;;8PR;;;;1;1;903,00;595,98;;;;;;-;26 kg;;
5001501432000;8590341039187;3487;Mitas;TD19;;rolnicze;OPONA 14.9-28 (380/85-28) TD19 8PR TT Mitas;14.9;;28;;;8PR;;380/85-28;;3;3;1560,00;1029,60;;;;;;-;72 kg;;
5001501743000;8590341055453;14910;Mitas;TD13;;rolnicze;OPONA 16.9-30 (420/85-30) TD13 12PR TT Mitas;16.9;;30;;;12PR;;420/85-30;;4;4;2259,00;1490,94;;;;;;-;80 kg;;
5001501744000;8590341039705;863;Mitas;TL01;;leśne;OPONA 16.9-30 (420/85-30) TL01 12PR TT Mitas;16.9;;30;;;12PR;;420/85-30;;4;4;3579,00;2362,14;;;;;;-;80 kg;;
5001502370000;8590341039651;3664;Mitas;TD19;;rolnicze;OPONA 18.4-34 (460/85-34) TD19 8PR TT Mitas;18.4;;34;;;8PR;;460/85-34;;4;4;2850,00;1881,00;;;;;;-;124 kg;;
5001502878000;8590341033390;854;Mitas;TD17;;rolnicze;OPONA 12.4-38 TD17 8PR TT Mitas;12.4;;38;;;8PR;;;;1;1;1982,00;1308,12;;;;;;-;63 kg;;
5001503183000;8590341041012;817;Mitas;TD19;;rolnicze;OPONA 18.4-38 (460/85-38) TD19 8PR TT Mitas;18.4;;38;;;8PR;;460/85-38;;2;2;2961,00;1954,26;;;;;;-;113 kg;;
5001504500000;8590341066589;14663;Mitas;AF01;;leśne;OPONA 18.4-34 (460/85-34) AF01 152A8 TT Mitas;18.4;;34;A8;;152;;460/85-34;;5;5;3842,00;2535,72;;;;;;-;124 kg;;
5001504510000;8590341066596;26401;Mitas;AF01;;leśne;OPONA 16.9-34 (420/85-34) AF01 147A8 TT Mitas;16.9;;34;A8;;147;;420/85-34;;2;2;3474,00;2292,84;;;;;;-;113 kg;;
5001504550000;8590341066664;57730;Mitas;TD13;;rolnicze;OPONA 13.6-38 (340/85-38) TD13 14PR TT Mitas;13.6;;38;;;14PR;;340/85-38;;1;1;2400,00;1584,00;;;;;;-;67 kg;;
5001504570000;0440000088224;78137;Mitas;TS04;;rolnicze;OPONA 6.00-16 TS04 8PR TT Mitas;6.00;;16;;;8PR;;;;11;11;421,00;277,86;;;;;;-;10 kg;;
5001504610000;8590341017321;51881;Mitas;TF03;;rolnicze;OPONA 6.00-16 TF03 6PR TT Mitas;6.00;;16;;;6PR;;;;10;10;375,00;247,50;;;;;;-;0;;
5001504700000;8590341039842;50869;Mitas;TD19;;rolnicze;OPONA 12.4-24 (320/85-24) TD19 8PR TT Mitas;12.4;;24;;;8PR;;320/85-24;;1;1;1238,00;817,08;;;;;;-;0;;
5001504800000;8590341004420;3257;Mitas;TD02;;rolnicze;OPONA 18.4-34 (460/85-34) TD02 12PR TT Mitas;18.4;;34;;;12PR;;460/85-34;;3;3;2967,00;1958,22;;;;;;-;124 kg;;
5001504870000;8590341017147;58844;Mitas;TS06;;rolnicze;OPONA 5.00-15 TS06 6PR TT Mitas;5.00;;15;;;6PR;;;;2;2;301,00;198,66;;;;;;-;6 kg;;
5001505790000;8590341062703;51875;Mitas;TF03;;rolnicze;OPONA 7.50-16 TF03 8PR TT Mitas;7.50;;16;;;8PR;;;;1;1;500,00;330,00;;;;;;-;0;;
5001505800000;8590341016621;85618;Mitas;TF03;;rolnicze;OPONA 7.50-16 TF03 6PR TT Mitas;7.50;;16;;;6PR;;;;14;14;455,00;300,30;;;;;;-;16 kg;;
5001506080000;8590341018526;51883;Mitas;TS02;;rolnicze;OPONA 5.00-12 TS02 6PR TT Mitas;5.00;;12;;;6PR;;;;3;3;273,00;180,18;;;;;;-;0;;
5001506110000;8590341108708;51860;Mitas;TS-06;;rolnicze;OPONA 6.5/80-12 (6.5/90-12) TS-06 6PR TT Mitas;6.5;80;12;;;6PR;;6.5/90-12;;4;4;329,00;217,14;;;;;;-;0;;
5001506160000;8590341109231;76531;Mitas;TS06;;rolnicze;OPONA 6.5/90-15 TS06 6PR TT Mitas;6.5;90;15;;;6PR;;;;5;5;426,00;281,16;;;;;;-;8 kg;;
5001506260000;8590341017253;1000;Mitas;TS07;;rolnicze;OPONA 690X180-15 TS07 4PR TT Mitas;690X180;;15;;;4PR;;;;15;15;420,00;277,20;;;;;;-;9 kg;;
5001506370000;8059971037821;72428;Mitas;TF01;;rolnicze;OPONA 7.50-16 TF01 6PR TT Mitas;7.50;;16;;;6PR;;;;6;6;476,00;314,16;;;;;;-;16 kg;;
5001506480000;0440000110000;86799;Mitas;TF03;;rolnicze;OPONA 6.50-20 TF03 6PR TT Mitas;6.50;;20;;;6PR;;;;3;3;533,00;351,78;;;;;;-;16 kg;;
5001506500000;0440000108274;85923;Mitas;TS04;;rolnicze;OPONA 7.50-20 TS04 6PR TT Mitas;7.50;;20;;;6PR;;;;2;2;576,00;380,16;;;;;;-;16 kg;;
5001506510000;0440000056605;72505;Mitas;TF01;;rolnicze;OPONA 7.50-20 TF01 6PR TT Mitas;7.50;;20;;;6PR;;;;8;8;570,00;376,20;;;;;;-;16 kg;;
5001506520000;8059971042603;76832;Mitas;TF03;;rolnicze;OPONA 7.50-20 TF03 6PR TT Mitas;7.50;;20;;;6PR;;;;17;17;583,00;384,78;;;;;;-;16 kg;;
5001506710000;8590341102997;76632;Mitas;AC30;;rolnicze;OPONA 28X9.00-15 AC30 6PR TT Mitas;28X9.00;;15;;;6PR;;;;3;3;820,00;541,20;;;;;;-;0;;
5001506730000;0440000084240;76831;Mitas;TF04;;rolnicze;OPONA 6.00-18 TF04 6PR TT Mitas;6.00;;18;;;6PR;;;;3;3;435,00;287,10;;;;;;-;11 kg;;
5001506770000;8059971059144;89121;Mitas;TF03;;rolnicze;OPONA 6.50-16 TF03 8PR TT Mitas;6.50;;16;;;8PR;;;;6;6;468,00;308,88;;;;;;-;13 kg;;
5001510710000;8590341065964;968;Mitas;BIG BOY;;przemysłowe;OPONA 10-16.5 BIG BOY 8PR TL Mitas;10;;16.5;;;8PR;;;;6;6;939,00;619,74;;;;;;-;25 kg;;
5001510790000;8590341004901;5069;Mitas;TI04;;przemysłowe;OPONA 16.9-24 (420/85-24) TI04 12PR TL Mitas;16.9;;24;;;12PR;;420/85-24;;7;7;2750,00;1815,00;;;;;;-;66 kg;;
5001510810000;8590341065971;2572;Mitas;BIG BOY;;przemysłowe;OPONA 12-16.5 BIG BOY 12PR TL Mitas;12;;16.5;;;12PR;;;;1;1;1250,00;825,00;;;;;;-;40 kg;;
5001510820000;8590341065988;58461;Mitas;BIG BOY;;przemysłowe;OPONA 12-16.5 BIG BOY 14PR TL Mitas;12;;16.5;;;14PR;;;;10;10;1615,00;1065,90;;;;;;-;0;;
5001510900000;8590341065995;50486;Mitas;BIG BOY;;przemysłowe;OPONA 10.5/80-18 BIG BOY 10PR TL Mitas;10.5;80;18;;;10PR;;;;6;6;1340,00;884,40;;;;;;-;0;;
5001510916000;8590341033413;3334;Mitas;TD19;;rolnicze;OPONA 18.4-26 TD19 12PR TL Mitas;18.4;;26;;;12PR;;;;1;1;2705,00;1785,30;;;;;;-;90 kg;;
5001510992000;8590341004765;5303;Mitas;TI06;;przemysłowe;OPONA 18.4-26 TI06 12PR TL Mitas;18.4;;26;;;12PR;;;;11;11;3173,00;2094,18;;;;;;-;90 kg;;
5001514320000;8590341039729;3332;Mitas;TG-01;;przemysłowe;OPONA 16.9-24 (420/85-24) TG-01 12PR TL Mitas;16.9;;24;;;12PR;;420/85-24;;2;2;2750,00;1815,00;;;;;;-;66 kg;;
5001514680000;8590341003850;3128;Mitas;SK02;;przemysłowe;OPONA 10-16.5 SK02 8PR TL Mitas;10;;16.5;;;8PR;;;;12;12;1010,00;666,60;;;;;;-;25 kg;;
5001514690000;8590341003843;3003;Mitas;SK02;;przemysłowe;OPONA 12-16.5 SK02 10PR TL Mitas;12;;16.5;;;10PR;;;;2;2;1224,00;807,84;;;;;;-;40 kg;;
5001514700000;0440000092764;72506;Mitas;SK02;;przemysłowe;OPONA 10-16.5 SK02 10PR TL Mitas;10;;16.5;;;10PR;;;;5;5;1030,00;679,80;;;;;;-;25 kg;;
5001514710000;8590341110732;62961;Mitas;SK02;;przemysłowe;OPONA 12-16.5 SK02 12PR TL Mitas;12;;16.5;;;12PR;;;;4;4;1250,00;825,00;;;;;;-;0;;
5001515220000;8590341003713;1234;Mitas;TR08;;rolnicze;OPONA 400/60-15.5 TR08 14PR TL Mitas;400;60;15.5;;;14PR;;;;7;7;980,00;646,80;;;;;;-;36 kg;;
5001515240000;8590341003430;50119;Mitas;IM07;;rolnicze;OPONA 500/50-17 IM07 14PR TL Mitas;500;50;17;;;14PR;;;;20;20;1477,00;974,82;;;;;;-;0;;
5001515290000;8590341041340;50390;Mitas;IM07;;rolnicze;OPONA 500/50-17 IM07 18PR TL Mitas;500;50;17;;;18PR;;;;4;4;1545,00;1019,70;;;;;;-;0;;
5001515680000;8590341017710;51879;Mitas;IM04;;rolnicze;OPONA 10.0/80-12 IM04 10PR TL Mitas;10.0;80;12;;;10PR;;;;20;20;446,00;294,36;;;;;;-;0;;
5001515770000;8590341001375;63323;Mitas;IM04;;rolnicze;OPONA 10.0/75-15.3 (260/75-15.3) IM04 14PR TL Mitas;10.0;75;15.3;;;14PR;;260/75-15.3;;3;3;563,00;371,58;;;;;;-;17 kg;;
5001515920000;8590341017536;51880;Mitas;IM04;;rolnicze;OPONA 11.5/80-15.3 IM04 14PR TL Mitas;11.5;80;15.3;;;14PR;;;;1;1;697,00;460,02;;;;;;-;0;;
5001516020000;8590341017444;51887;Mitas;TR03;;rolnicze;OPONA 11.5/80-15.3 TR03 14PR TL Mitas;11.5;80;15.3;;;14PR;;;;1;1;821,00;541,86;;;;;;-;0;;
5001516580000;0440000075958;72429;Mitas;TS05;;rolnicze;OPONA 10.0/75-15.3 (260/75-15.3) TS05 10PR TL Mitas;10.0;75;15.3;;;10PR;;260/75-15.3;;20;20;760,00;501,60;;;;;;-;17 kg;;
5002601450000;8590341052421;3892;Cultor;AS-AGRI13;;rolnicze;OPONA 13.6-24 (340/85-24) AS-AGRI13 8PR TT Cultor;13.6;;24;;;8PR;;340/85-24;;2;2;1260,00;831,60;;;;;;-;49 kg;;
5002601820000;8590341052476;889;Cultor;AS-AGRI10;;rolnicze;OPONA 14.9-26 AS-AGRI10 8PR TT Cultor;14.9;;26;;;8PR;;;;3;3;1651,00;1089,66;;;;;;-;51 kg;;
5002601859000;8590341052483;2574;Cultor;AS-AGRI10;;rolnicze;OPONA 16.9-26 AS-AGRI10 10PR TT Cultor;16.9;;26;;;10PR;;;;1;1;1831,00;1208,46;;;;;;-;75 kg;;
5002602010000;8590341052537;846;Cultor;AS-AGRI10;;rolnicze;OPONA 8.3-28 AS-AGRI10 8PR TT Cultor;8.3;;28;;;8PR;;;;3;3;743,00;490,38;;;;;;-;22 kg;;
5002602290000;8059971060843;51064;Cultor;AS-AGRI20;;rolnicze;OPONA 14.9-28 (380/85-28) AS-AGRI20 8PR TT Cultor;14.9;;28;;;8PR;;380/85-28;;20;20;1321,00;871,86;;;;;;-;0;;
5002602460000;8590341052612;15588;Cultor;AS-AGRI10;;rolnicze;OPONA 14.9-30 (380/85-30) AS-AGRI10 6PR TT Cultor;14.9;;30;;;6PR;;380/85-30;;2;2;1961,00;1294,26;;;;;;-;68 kg;;
5002602680000;8590341052650;40244;Cultor;AS-AGRI10;;rolnicze;OPONA 8.3-32 AS-AGRI10 6PR TT Cultor;8.3;;32;;;6PR;;;;3;3;835,00;551,10;;;;;;-;0;;
5002602680000;0440000112998;88275;Cultor;AS-AGRI10;;rolnicze;OPONA 8.3-32 AS-AGRI10 6PR TT Cultor;8.3;;32;;;6PR;;;;2;2;750,00;495,00;;;;;2022;-;0;;
5002602710000;8590341052667;935;Cultor;AS-AGRI13;;rolnicze;OPONA 9.5-32 AS-AGRI13 6PR TT Cultor;9.5;;32;;;6PR;;;;15;15;871,00;574,86;;;;;;-;31 kg;;
5002602730000;8590341052674;3761;Cultor;AS-AGRI13;;rolnicze;OPONA 12.4-32 (320/85-32) AS-AGRI13 6PR TT Cultor;12.4;;32;;;6PR;;320/85-32;;2;2;1386,00;914,76;;;;;;-;50 kg;;
5002602790000;8590341052681;3705;Cultor;AS-AGRI10;;rolnicze;OPONA 16.9-34 (420/85-34) AS-AGRI10 8PR TT Cultor;16.9;;34;;;8PR;;420/85-34;;1;1;2086,00;1376,76;;;;;;-;113 kg;;
5002602900000;8590341052780;2575;Cultor;AS-AGRI10;;rolnicze;OPONA 8.3-36 AS-AGRI10 6PR TT Cultor;8.3;;36;;;6PR;;;;2;2;894,00;590,04;;;;;;-;24 kg;;
5002602910000;8590341052773;2570;Cultor;AS-AGRI 10;;rolnicze;OPONA 9.5-36 AS-AGRI 10 6PR TT Cultor;9.5;;36;;;6PR;;;;20;20;800,00;528,00;;;;;;-;40 kg;;
5002602970000;8590341052759;3255;Cultor;AS-AGRI13;;rolnicze;OPONA 12.4-36 AS-AGRI13 6PR TT Cultor;12.4;;36;;;6PR;;;;2;2;1384,00;913,44;;;;;;-;54 kg;;
5002603920000;8590341052551;3561;Cultor;AS-AGRI19;;rolnicze;OPONA 12.4-28 (320/85-28) AS-AGRI19 8PR TT Cultor;12.4;;28;;;8PR;;320/85-28;;1;1;1090,00;719,40;;;;;;-;43 kg;;
5002604060000;8590341052438;3562;Cultor;AS-AGRI19;;rolnicze;OPONA 14.9-24 (380/85-24) AS-AGRI19 8PR TT Cultor;14.9;;24;;;8PR;;380/85-24;;1;1;1289,00;850,74;;;;;;-;63 kg;;
5002604130000;8590341052599;5074;Cultor;AS-AGRI13;;rolnicze;OPONA 16.9-28 (420/85-28) AS-AGRI13 12PR TT Cultor;16.9;;28;;;12PR;;420/85-28;;1;1;1921,00;1267,86;;;;;;-;91 kg;;
5002604150000;8590341052643;3872;Cultor;AS-AGRI 13;;rolnicze;OPONA 16.9-30 (420/85-30) AS-AGRI 13 14PR TT Cultor;16.9;;30;;;14PR;;420/85-30;;3;3;2053,00;1354,98;;;;;;-;80 kg;;
5002604160000;8590341052735;3004;Cultor;AS-AGRI13;;rolnicze;OPONA 13.6-38 (340/85-38) AS-AGRI13 8PR TT Cultor;13.6;;38;;;8PR;;340/85-38;;2;2;1768,00;1166,88;;;;;;-;67 kg;;
5002604170000;8590341052711;5314;Cultor;AS-AGRI19;;rolnicze;OPONA 18.4-38 (460/85-38) AS-AGRI19 10PR TT Cultor;18.4;;38;;;10PR;;460/85-38;;2;2;2817,00;1859,22;;;;;;-;113 kg;;
5002604180000;8590341052704;3412;Cultor;AS-AGRI19;;rolnicze;OPONA 18.4-38 (460/85-38) AS-AGRI19 14PR TT Cultor;18.4;;38;;;14PR;;460/85-38;;2;2;2987,00;1971,42;;;;;;-;113 kg;;
5002604970000;8590341102805;43762;Cultor;AS-AGRI 10;;rolnicze;OPONA 9.5-42 AS-AGRI 10 10PR TT Cultor;9.5;;42;;;10PR;;;;4;4;1651,00;1089,66;;;;;;-;0;;
5002605590000;8590341110749;40945;Cultor;AW-IMPLEMENT 13;;rolnicze;OPONA 300/90-24 AW-IMPLEMENT 13 132A6 TT Cultor;300;90;24;A6;;132;;;;4;4;960,00;633,60;;;;;;-;0;;
5002606330000;8590341052209;79055;Cultor;AS-FRONT 08;;rolnicze;OPONA 7.50-16 AS-FRONT 08 8PR TT Cultor;7.50;;16;;;8PR;;;;3;3;345,00;227,70;;;;;;-;16 kg;;
5002610710000;8590341066411;56737;Cultor;SKID STEER 30;;rolnicze;OPONA 10-16.5 SKID STEER 30 8PR TL Cultor;10;;16.5;;;8PR;;;;4;4;1080,00;712,80;;;;;;-;0;;
5002610750000;8590341061034;4619;Cultor;SKID STEER 20;;przemysłowe;OPONA 10-16.5 SKID STEER 20 8PR TL Cultor;10;;16.5;;;8PR;;;;4;4;757,00;499,62;;;;;;-;25 kg;;
5002610810000;8590341066428;29119;Cultor;SKID STEER 30;;przemysłowe;OPONA 12-16.5 SKID STEER 30 12PR TL Cultor;12;;16.5;;;12PR;;;;2;2;1092,00;720,72;;;;;;-;40 kg;;
5002611660000;8590341066459;5180;Cultor;AGRO-INDUSTRIAL 10;;rolnicze;OPONA 17.5-24 (17.5L-24) AGRO-INDUSTRIAL 10 12PR TL Cultor;17.5;;24;;;12PR;;17.5L-24;;1;1;1980,00;1306,80;;;;;;-;85 kg;;
5002611700000;8590341066442;3563;Cultor;INDUSTRIAL 10;;przemysłowe;OPONA 17.5-24 (17.5L-24) INDUSTRIAL 10 12PR TL Cultor;17.5;;24;;;12PR;;17.5L-24;;4;4;1980,00;1306,80;;;;;;-;85 kg;;
5002614710000;8590341052070;4760;Cultor;AS-AGRI19;;rolnicze;OPONA 12.4-24 (320/85-24) AS-AGRI19 8PR TL Cultor;12.4;;24;;;8PR;;320/85-24;;1;1;1082,00;714,12;;;;;;-;40 kg;;
5011514950000;0440000080563;56069;Mitas;AC90;;rolnicze;OPONA 11.2R42 (300/85R42) AC90 144A8/141A8 TL Mitas;11.2;;42;A8;A8;144;141;300/85R42;;8;8;3299,00;2177,34;;;;;;R;0;;
5011514960000;8590341070548;26947;Mitas;AC90;;rolnicze;OPONA 12.4R42 (300/95R42) AC90 147A8/144B TL Mitas;12.4;;42;A8;B;147;144;300/95R42;;8;8;3473,00;2292,18;;;;;;R;0;;
5011515380000;8590341074690;41266;Mitas;AC70T;;rolnicze;OPONA 280/70R16 AC70T 112A8/112B TL Mitas;280;70;16;A8;B;112;112;;;4;4;1298,00;856,68;;;;;;R;0;;
5012614820000;8590341100733;29948;Cultor;RD01;;rolnicze;OPONA 20.8R42 (520/85R42) RD01 162B TL Cultor;20.8;;42;B;;162;;520/85R42;;1;1;5300,00;3498,00;;;;;;R;213 kg;;
5012615110000;8590341099327;29757;Cultor;RD01;;rolnicze;OPONA 13.6R24 (340/85R24) RD01 125A8/122B TL Cultor;13.6;;24;A8;B;125;122;340/85R24;;2;2;1544,00;1019,04;;;;;;R;59 kg;;
5012615150000;8590341099303;34766;Cultor;RD01;;rolnicze;OPONA 16.9R30 (420/85R30) RD01 140A8/137B TL Cultor;16.9;;30;A8;B;140;137;420/85R30;;1;1;2510,00;1656,60;;;;;;R;100 kg;;
5012615210000;8590341099594;29889;Cultor;RD01;;rolnicze;OPONA 20.8R38 (520/85R38) RD01 155A8/152B TL Cultor;20.8;;38;A8;B;155;152;520/85R38;TL;2;2;4891,00;3228,06;;;;;;R;190 kg;;
5017215580000;8059971005424;44849;Trelleborg;TH500;;rolnicze;OPONA 460/70R24 (17.5R24) TH500 159A8/159B TL Trelleborg;460;70;24;A8;B;159;159;17.5R24;;1;1;4907,00;2747,92;;;;;;R;55,4 kg;;
5017215580001;0440000112493;88017;Trelleborg;TH500;;rolnicze;OPONA 460/70R24 (17.5R24) TH500 159A8/159B TL Trelleborg;460;70;24;A8;B;159;159;17.5R24;;1;1;4768,00;2670,08;;;;;;R;0;;
520276;3528705202767;51017;BFGoodrich;ROUTE CONTROL S;;ciężarowe;OPONA 265/70R19.5 ROUTE CONTROL S 140/138M M+S FRONT BFGoodrich (C,B,1,68dB);265;70;19.5;;M;140;138;;;2;2;1910,00;1012,30;C;B;1;68dB;;R;0;;
53305512AL-IG;0440000010171;62513;Alliance;533;;przemysłowe;OPONA 16.9-28 (420/85-28) 533 12PR TL Alliance;16.9;;28;;;12PR;;420/85-28;;1;1;2481,00;1612,65;;;;;;-;91 kg;;
53305522AL-IN;8903635009313;3472;Alliance;533 HD;;przemysłowe;OPONA 16.9-28 (420/85-28) 533 HD 12PR TL Alliance;16.9;;28;;;12PR;;420/85-28;;6;6;2875,00;1868,75;;;;;;-;91 kg;;
53310205AL-IG;0440000079307;72661;Alliance;533;;przemysłowe;OPONA 16.9-24 (420/85-24) 533 12PR TL Alliance;16.9;;24;;;12PR;;420/85-24;;6;6;2206,00;1433,90;;;;;;-;66 kg;;
53311008AL-IN;8903635001218;923;Alliance;533;;przemysłowe;OPONA 17.5-24 (17.5L-24) 533 10PR TL Alliance;17.5;;24;;;10PR;;17.5L-24;;2;2;2252,00;1463,80;;;;;;-;85 kg;;
53312004AL-IN;8903635001232;3593;Alliance;533;;przemysłowe;OPONA 19.5-24 (19.5L-24) 533 12PR TL Alliance;19.5;;24;;;12PR;;19.5L-24;;6;6;2800,00;1820,00;;;;;;-;86 kg;;
53316323AL-IN;8903635009320;3993;Alliance;533;;przemysłowe;OPONA 18.4-26 533 12PR HEAVY DUTY TL Alliance;18.4;;26;;;12PR;;;HD TL;4;4;3113,00;2023,45;;;;;;-;90 kg;;
53350015AL-IN;8903635001607;4984;Alliance;533;;przemysłowe;OPONA 15.5/80-24 (400/80-24) 533 12PR TT Alliance;15.5;80;24;;;12PR;;400/80-24;;6;6;2350,00;1527,50;;;;;;-;74 kg;;
53350022AL-IN;8903635002123;4983;Alliance;533;;przemysłowe;OPONA 15.5/80-24 (400/80-24) 533 12PR TL Alliance;15.5;80;24;;;12PR;;400/80-24;;1;1;2400,00;1560,00;;;;;;-;74 kg;;
534025;3528705340254;92998;Michelin;X MULTI D2;;ciężarowe;OPONA 265/70R19.5 X MULTI D2 140/138M 3PMSF M+S DRIVE Michelin (C,C,A,73dB);265;70;19.5;;M;140;138;;;8;8;2682,00;1555,56;C;C;A;73dB;;R;0 kg;https://eprel.ec.europa.eu/screen/product/tyres/2161774;
54200107AL-IG;8903635011316;76057;Alliance;I-1 RIB IMPLEMENT;;rolnicze;OPONA 11-15 (11L-15SL) I-1 RIB IMPLEMENT 12PR TL Alliance;11;;15;;;12PR;;11L-15SL;;11;11;728,00;473,20;;;;;;-;0;;
5435;0440000009595;8233;Firestone;MAXI TRACTION;;rolnicze;OPONA 600/65R28 MAXI TRACTION 154D/151E TL Firestone;600;65;28;D;E;154;151;;;2;2;13421,00;4160,51;;;;;;R;0;;
5437;3286340543712;74603;Firestone;MAXTRAC;;rolnicze;OPONA 600/70R28 MAXTRAC 157D/154E Firestone;600;70;28;D;E;157;154;;;2;2;16994,00;5608,02;;;;;;R;0 kg;;
5438;0440000008505;8245;Firestone;MAXI TRACTION;;rolnicze;OPONA 600/70R30 MAXI TRACTION 158D/155E TL Firestone;600;70;30;D;E;158;155;;;2;2;17050,00;5200,25;;;;;;R;0;;
5439;0440000010966;8251;Firestone;MAXI TRACTION;;rolnicze;OPONA 620/70R42 MAXI TRACTION 166D/163E TL Firestone;620;70;42;D;E;166;163;;;2;2;21212,00;6681,78;;;;;;R;0;;
5442;0440000008499;8270;Firestone;MAXI TRACTION;;rolnicze;OPONA 650/85R38 MAXI TRACTION 173D/170E TL Firestone;650;85;38;D;E;173;170;;;2;2;34813,00;12184,55;;;;;;R;0 kg;;
5443;0440000009762;876;Firestone;MAXI TRACTION;;rolnicze;OPONA 710/70R38 MAXI TRACTION 171D/168E TL Firestone;710;70;38;D;E;171;168;;;2;2;27555,00;8817,60;;;;;;R;0;;
5465;0440000119119;90011;Firestone;MAXI TRACTION;;rolnicze;OPONA 710/70R42 MAXI TRACTION 179D/176E TL Firestone;710;70;42;D;E;179;176;;;2;2;37789,00;12092,48;;;;;;R;0;;
55001615AL;7291050060684;25157;Alliance;550;;rolnicze;OPONA 340/80R24 550 140A8/135D TL Alliance;340;80;24;A8;D;140;135;;;3;3;2550,00;1657,50;;;;;;R;0;;
55002475;7291050060158;8032;Alliance;550;;rolnicze;OPONA 420/65R24 550 151A8/146D TL Alliance;420;65;24;A8;D;151;146;;;1;1;3800,00;2470,00;;;;;;R;70 kg;;
55002475;0440000125004;92961;Alliance;550;;rolnicze;OPONA 420/65R24 550 151A8/146D TL Alliance;420;65;24;A8;D;151;146;;;1;1;3672,00;2386,80;;;;;2019;R;70 kg;;
55002610AL-IN;0440000074586;72385;Alliance;550 MULTIUSE;;przemysłowe;OPONA 440/80R28 (16.9R28) 550 MULTIUSE 156A8/151D TL Alliance;440;80;28;A8;D;156;151;16.9R28;;1;1;5104,00;3317,60;;;;;;R;108 kg;;
55007160AL-IN;8903635019862;81336;Alliance;550;;przemysłowe;OPONA 650/65R42 550 176A8/171D Alliance;650;65;42;A8;D;176;171;;TL;12;12;11009,00;7155,85;;;;;;R;220 kg;;
5590050;3528705590055;80348;Michelin;X WORKS HD D;;ciężarowe;OPONA 13R22.5 X WORKS HD D 156/151K ON/OFF 3PMSF DRIVE Michelin (D,B,B,74dB);13;;22.5;K;;156/151;;;;4;4;4346,00;2564,14;D;B;B;74dB;;R;0;;
5623;3286340562317;4772;Firestone;PERFORMER 85;;rolnicze;OPONA 12.4R24 (320/85R24) PERFORMER 85 122D/119E TL Firestone;12.4;;24;D;E;122;119;320/85R24;;2;2;2817,00;1014,12;;;;;;R;0;;
5625;0440000008512;2465;Firestone;PERFORMER 85;;rolnicze;OPONA 14.9R24 (380/85R24) PERFORMER 85 131D/128E TL Firestone;14.9;;24;D;E;131;128;380/85R24;;2;2;3948,00;1421,28;;;;;;R;70 kg;;
5628;0440000125240;32820;Firestone;PERFORMER 85;;rolnicze;OPONA 280/85R28 PERFORMER 85 118D/115E TL Firestone;280;85;28;D;E;118;115;;;2;2;2645,00;952,20;;;;;;R;0;;
5630;0440000090104;4863;Firestone;PERFORMER 85;;rolnicze;OPONA 13.6R28 (340/85R28) PERFORMER 85 127D/124E TL Firestone;13.6;;28;D;E;127;124;340/85R28;;2;2;3823,00;1357,16;;;;;;R;0;;
5631;0440000010959;24617;Firestone;PERFORMER 85;;rolnicze;OPONA 14.9R28 (380/85R28) PERFORMER 85 133D/130E TL Firestone;14.9;;28;D;E;133;130;380/85R28;;4;4;4184,00;1516,70;;;;;;R;0;;
5635;3286340563512;3958;Firestone;PERFORMER 85;;rolnicze;OPONA 16.9R34 (420/85R34) PERFORMER 85 142D/139E TL Firestone;16.9;;34;D;E;142;139;420/85R34;;2;2;6433,00;2187,22;;;;;;R;0;;
5638;3286340563819;26734;Firestone;PERFORMER 85;;rolnicze;OPONA 13.6R36 (340/85R36) PERFORMER 85 132D/129E TL Firestone;13.6;;36;D;E;132;129;340/85R36;;2;2;4227,00;1521,72;;;;;;R;0;;
5639;3286340563918;46359;Firestone;PERFORMER 85;;rolnicze;OPONA 13.6R38 (340/85R38) PERFORMER 85 133D/130E TL Firestone;13.6;;38;D;E;133;130;340/85R38;;2;2;4804,00;1729,44;;;;;;R;0;;
5641;0440000009656;5322;Firestone;PERFORMER 85;;rolnicze;OPONA 18.4R38 (460/85R38) PERFORMER 85 149D/146E TL Firestone;18.4;;38;D;E;149;146;460/85R38;;2;2;8828,00;2913,24;;;;;;R;0;;
5642;0440000009663;15293;Firestone;PERFORMER 85;;rolnicze;OPONA 20.8R38 (520/85R38) PERFORMER 85 155D/152E TL Firestone;20.8;;38;D;E;155;152;520/85R38;;2;2;11731,00;4047,19;;;;;;R;192 kg;;
5644;3286340564410;24608;Firestone;PERFORMER 70;;rolnicze;OPONA 580/70R42 PERFORMER 70 158D/155E XL TL Firestone;580;70;42;D;E;158;155;;;2;2;16925,00;5923,75;;;;;;R;0;;
568900;5452000540942;33857;Dunlop;SP346;;ciężarowe;OPONA 315/80R22.5 SP346 156L/154M 3PMSF M+S FRONT Dunlop (C,B,B,73dB);315;80;22.5;L;M;156;154;;;7;7;3410,00;1687,95;C;B;B;73dB;;R;62,7 kg;https://eprel.ec.europa.eu/qr/530408;
568902;5452000540966;43778;Dunlop;SP346;;ciężarowe;OPONA 385/55R22.5 SP346 160K/158L 3PMSF M+S FRONT Dunlop (B,B,A,70dB);385;55;22.5;K;L;160;158;;;2;2;3520,00;1742,40;B;B;A;70dB;;R;0 kg;https://eprel.ec.europa.eu/qr/530409;
568905;5452000424860;35787;Dunlop;SP346;;ciężarowe;OPONA 385/65R22.5 SP346 160K/158L 3PMSF M+S FRONT Dunlop (B,B,B,73dB);385;65;22.5;K;L;160;158;;;17;17;3260,00;1760,40;B;B;B;73dB;;R;0 kg;https://eprel.ec.europa.eu/qr/530411;
568915;5452000541024;35380;Dunlop;SP446;;ciężarowe;OPONA 315/80R22.5 SP446 156L/154M 3PMSF M+S DRIVE Dunlop (C,C,A,72dB);315;80;22.5;L;M;156;154;;;8;8;3410,00;1705,00;C;C;A;72dB;;R;0 kg;https://eprel.ec.europa.eu/qr/530418;
570198;5452000575548;85465;Fulda;REGIOCONTROL 3;;ciężarowe;OPONA 315/80R22.5 REGIOCONTROL 3 156L/154M 3PMSF M+S FRONT Fulda (C,C,B,71dB);315;80;22.5;L;M;156;154;;FRONT;3;3;1480,00;1480,00;C;C;B;71dB;;R;0 kg;https://eprel.ec.europa.eu/screen/product/tyres/707983;
57020150AL-IN;8903635013198;34744;Alliance;570;;rolnicze;OPONA 17.5R24 (460/70R24) 570 159A8/159B TL Alliance;17.5;;24;A8;B;159;159;460/70R24;;20;20;2770,00;1800,50;;;;;;R;0 kg;;
57020300AL-IG;0440000079123;66350;Alliance;570;;przemysłowe;OPONA 17.5-24 (460/70-24) 570 12PR TL Alliance;17.5;;24;;;12PR;;460/70-24;;3;3;2700,00;1755,00;;;;;;-;0;;
57020300AL-IN;8903635002147;30406;Alliance;570;;rolnicze;OPONA 17.5-24 (17.5L-24, 460/70-24) 570 12PR TL Alliance;17.5;;24;;;12PR;;17.5L-24, 460/70-24;;20;20;2500,00;1625,00;;;;;;-;85 kg;;
57024008AL-IN;8903635008132;3283;Alliance;570;;przemysłowe;OPONA 19.5R24 (19.5LR24, 500/70R24) 570 156A8/153B TL Alliance;19.5;;24;A8;B;156;153;19.5LR24, 500/70R24;;20;20;4043,00;2627,95;;;;;;R;112 kg;;
570243;5452000574770;70456;Sava;ORJAK 5;;ciężarowe;OPONA 315/80R22.5 ORJAK 5 156L/154M 3PMSF M+S DRIVE Sava (D,C,B);315;80;22.5;L;M;156;154;;;12;12;2590,00;1476,30;D;C;;B;;R;61,6 kg;https://eprel.ec.europa.eu/qr/652447;
570244;5452000574787;70342;Sava;AVANT 5;;ciężarowe;OPONA 315/80R22.5 AVANT 5 156L/154M 3PMSF FRONT Sava (C,C,72dB);315;80;22.5;L;M;156;154;;;8;8;2590,00;1398,60;C;C;;72dB;;R;71 kg;https://eprel.ec.europa.eu/qr/652187;
570307;5452000577375;66281;Sava;CARGO 5;;ciężarowe;OPONA 435/50R19.5 CARGO 5 160J 3PMSF TRAILER Sava;435;50;19.5;J;;160;;;;4;4;2930,00;1582,20;;;;;;R;0;https://eprel.ec.europa.eu/qr/528288;
570667;5452000582409;75276;Sava;AVANT 5;;ciężarowe;OPONA 315/60R22.5 AVANT 5 152/148L 3PMSF M+S FRONT Sava (B,C,B,73dB);315;60;22.5;;L;152;148;;;4;4;2660,00;1436,40;B;C;B;73dB;;R;0 kg;https://eprel.ec.europa.eu/qr/1095744;
570669;5452000582423;75578;Sava;ORJAK 5;;ciężarowe;OPONA 315/60R22.5 ORJAK 5 152/148L 3PMSF M+S DRIVE Sava (D,B,B,75dB);315;60;22.5;;L;152;148;;;8;8;2660,00;1396,50;D;B;B;75dB;;R;0 kg;https://eprel.ec.europa.eu/qr/1095743;
570672;5452000582454;70519;Sava;AVANT 5 HL;;ciężarowe;OPONA 315/70R22.5 AVANT 5 HL 156/150L 3PMSF FRONT Sava (C,C,1,B);315;70;22.5;;L;156;150;;;10;10;2550,00;1377,00;C;C;1;B;;R;57 kg;https://eprel.ec.europa.eu/qr/666145;
570673;5452000582461;70743;Sava;ORJAK 5;;ciężarowe;OPONA 315/70R22.5 ORJAK 5 154L/152M 3PMSF DRIVE Sava (D,C,2,74dB);315;70;22.5;L;M;154;152;;;19;19;2550,00;1275,00;D;C;2;74dB;;R;0 kg;https://eprel.ec.europa.eu/qr/610463;
570675;5452000582485;72963;Sava;ORJAK 5;;ciężarowe;OPONA 295/80R22.5 ORJAK 5 152/148M 3PMSF DRIVE Sava (D,C,B,74dB);295;80;22.5;M;;152/148;;;;4;4;2460,00;1365,30;D;C;B;74dB;;R;0 kg;https://eprel.ec.europa.eu/qr/759767;
570677;5452000582508;73010;Sava;AVANT 5;;ciężarowe;OPONA 385/55R22.5 AVANT 5 160K/158L 3PMSF M+S FRONT Sava (C,C,B,72dB);385;55;22.5;K;L;160;158;;;2;2;2670,00;1521,90;C;C;B;72dB;;R;0 kg;https://eprel.ec.europa.eu/qr/942603;
570680;5452000582539;75295;Sava;AVANT 5;;ciężarowe;OPONA 385/65R22.5 AVANT 5 160K/158L 3PMSF FRONT Sava (C,C,B,72);385;65;22.5;K;L;160;158;;;4;4;2620,00;1441,00;C;C;B;72;;R;69,75 kg;https://eprel.ec.europa.eu/qr/982515;
570681;5452000582546;72536;Sava;AVANT 5 HL;;ciężarowe;OPONA 295/80R22.5 AVANT 5 HL 154/149M 3PMSF FRONT Sava (C,C,B,72dB);295;80;22.5;M;;154/149;;;;4;4;2610,00;1461,60;C;C;B;72dB;;R;54,65 kg;https://eprel.ec.europa.eu/qr/860836;
571630;5452000678386;63072;Sava;COMET PLUS;;ciężarowe;OPONA 9.5R17.5 COMET PLUS 129/127M 3PMSF FRONT Sava (D,B,1,69dB);9.5;;17.5;M;;129/127;;;;2;2;1410,00;860,10;D;B;1;69dB;;R;0;https://eprel.ec.europa.eu/qr/530566;
572202;5452000711946;64333;Dunlop;SP247 HL;;ciężarowe;OPONA 385/65R22.5 SP247 HL 164K/158L 3PMSF M+S TRAILER Dunlop (C,B,B,72dB);385;65;22.5;K;L;164;158;;;2;2;3100,00;1550,00;C;B;B;72dB;;R;0;https://eprel.ec.europa.eu/qr/530603;
572203;5452000712455;67660;Dunlop;SP247;;ciężarowe;OPONA 435/50R19.5 SP247 160J 3PMSF TRAILER Dunlop (B,B,B,72dB);435;50;19.5;J;;160;;;;2;2;3400,00;1819,00;B;B;B;72dB;;R;0 kg;https://eprel.ec.europa.eu/qr/530604;
572260;5452000711663;64967;Sava;CARGO 5 HL;;ciężarowe;OPONA 385/65R22.5 CARGO 5 HL 164K/158L 3PMSF M+S TRAILER Sava (C,B,71dB);385;65;22.5;K;L;164;158;;;20;20;2500,00;1325,00;C;B;;71dB;;R;69 kg;https://eprel.ec.europa.eu/qr/530612;
572844;5452000735959;78721;Goodyear;KMAX S G2 HL;;ciężarowe;OPONA 355/50R22.5 KMAX S G2 HL 156K 3PMSF M+S FRONT Goodyear (C,B,A,71dB);355;50;22.5;K;;156;;;;4;4;4040,00;2080,60;C;B;A;71dB;;R;0 kg;;
573247;5452000749789;44111;Sava;ORJAK MS;;ciężarowe;OPONA 315/80R22.5 ORJAK MS 156/150K 3PMSF DRIVE Sava (D,B,2,75dB);315;80;22.5;;K;156;150;;;1;1;2880,00;1728,00;D;B;2;75dB;;R;0 kg;https://eprel.ec.europa.eu/qr/530712;
573974;5452000822062;52231;Sava;ORJAK O3;;ciężarowe;OPONA 265/70R19.5 ORJAK O3 140/138M 3PMSF DRIVE Sava (E,C,2,74dB);265;70;19.5;;M;140;138;;;4;4;1530,00;872,10;E;C;2;74dB;;R;0;https://eprel.ec.europa.eu/qr/530758;
577414;4038526031389;62070;Sava;AVANT 4;;ciężarowe;OPONA 205/75R17.5 AVANT 4 124/122M 3PMSF FRONT Sava (D,B,1,70dB);205;75;17.5;M;;124/122;;;;2;2;1060,00;646,60;D;B;1;70dB;;R;0;https://eprel.ec.europa.eu/qr/530980;
577419;4038526032133;62778;Sava;AVANT A3;;ciężarowe;OPONA 265/70R19.5 AVANT A3 140/138M 3PMSF FRONT Sava (D,B,1,70dB);265;70;19.5;;M;140;138;;;5;5;1510,00;845,60;D;B;1;70dB;;R;0;https://eprel.ec.europa.eu/qr/530985;
577430;4038526032140;62048;Sava;AVANT A3;;ciężarowe;OPONA 285/70R19.5 AVANT A3 146L/140M FRONT Sava (D,B,2,72dB);285;70;19.5;L;M;146;140;;;4;4;1900,00;1083,00;D;B;2;72dB;;R;0;https://eprel.ec.europa.eu/qr/530988;
57900004AL-IN;8903635029045;79147;Alliance;579;;rolnicze;OPONA 360/70R24 579 122A8/B TL Alliance;360;70;24;A8;B;122;;;;2;2;2700,00;1755,00;;;;;;R;0 kg;;
57900008AL-IN;8903635029069;79444;Alliance;579;;rolnicze;OPONA 280/70R16 579 112A8/B TL Alliance;280;70;16;A8;B;112;;;;4;4;1243,00;807,95;;;;;;R;0;;
57900022AL-IG;0440000120016;90420;Alliance;579;;rolnicze;OPONA 260/70R18 579 114A8/B TL Alliance;260;70;18;A8;B;114;;;;2;2;800,00;520,00;;;;;;R;23,28 kg;;
580107;4038526059826;66280;Sava;CARGO C4;;ciężarowe;OPONA 235/75R17.5 CARGO C4 143/141J 3PMSF TRAILER Sava;235;75;17.5;J;;143/141;;;;2;2;1430,00;872,30;;;;;;R;0;https://eprel.ec.europa.eu/qr/531154;
58020806AL-IN;8903635021964;63459;Alliance;580;;przemysłowe;OPONA 17.5R24 (460/70R24) 580 159A8 TL Alliance;17.5;;24;A8;;159;;460/70R24;;20;20;3070,00;1995,50;;;;;;R;95 kg;;
58024530AL-IN;8903635010784;70267;Alliance;580;;rolnicze;OPONA 500/70R28 (19.5LR28) 580 164A8 TL Alliance;500;70;28;A8;;164;;19.5LR28;;2;2;6037,00;3924,05;;;;;;R;0 kg;;
58024810AL-IN;8903635010357;5486;Alliance;580;;przemysłowe;OPONA 19.5R24 (19.5LR24, 500/70R24) 580 164A8 TL Alliance;19.5;;24;A8;;164;;19.5LR24, 500/70R24;;6;6;4364,00;2836,60;;;;;;R;112 kg;;
581003;4038526070968;71034;Goodyear;KMAX D A;;ciężarowe;OPONA 295/60R22.5 KMAX D A 150K/149L DRIVE Goodyear (D,B,A,73dB);295;60;22.5;K;L;150;149;;;4;4;3980,00;1671,60;D;B;A;73dB;;R;0 kg;https://eprel.ec.europa.eu/qr/531229;
581326;4038526073747;76346;Dunlop;SP346+ HL;;ciężarowe;OPONA 315/60R22.5 SP346+ HL 154/148L 3PMSF M+S FRONT Dunlop (B,B,B,74dB);315;60;22.5;;L;154;148;;;4;4;3280,00;1656,40;B;B;B;74dB;;R;53,6 kg;https://eprel.ec.europa.eu/qr/1107286;
581328;4038526073761;70471;Dunlop;SP346+ HL;;ciężarowe;OPONA 315/70R22.5 SP346+ HL 156/150L 3PMSF FRONT Dunlop (C,B,B,74);315;70;22.5;;L;156;150;;;10;10;3360,00;1680,00;C;B;B;74;;R;59,1 kg;https://eprel.ec.europa.eu/qr/531235;
581621;4038526076021;88383;Goodyear;EQMAX D;;ciężarowe;OPONA 315/70R22.5 EQMAX D 154L/152M Electric drive 3PMSF M+S DRIVE Goodyear (B,B,b,75dB);315;70;22.5;L;M;154;152;;;8;8;4370,00;1922,80;B;B;b;75dB;;R;0 kg;;
582392;4038526084460;91392;Goodyear;KMAX D G3;;ciężarowe;OPONA 315/70R22.5 KMAX D G3 154L/152M ELECTRIC DRIVE RFID 3PMSF M+S DRIVE Goodyear (C,B,A,73dB);315;70;22.5;L;M;154;152;;;4;4;4260,00;1874,40;C;B;A;73dB;;R;0 kg;;
582514;4038526086259;90934;Goodyear;KMAX S G3 HL;;ciężarowe;OPONA 315/70R22.5 KMAX S G3 HL 156L/150 3PMSF M+S FRONT Goodyear (B,B,A,71dB);315;70;22.5;L;;156;150;;;2;2;4260,00;1853,10;B;B;A;71dB;;R;0 kg;;
582534;4038526086471;88336;Goodyear;EQMAX S HL;;ciężarowe;OPONA 315/70R22.5 EQMAX S HL 158/150L Electric 3PMSF M+S FRONT Goodyear (B,B,A,71dB);315;70;22.5;;L;158;150;;;2;2;4370,00;1944,65;B;B;A;71dB;;R;0 kg;;
582546;4038526086594;89930;Goodyear;EQMAX S HL;;ciężarowe;OPONA 385/65R22.5 EQMAX S HL 164K/158L 3PMSF M+S FRONT Goodyear (B,B,A,71dB);385;65;22.5;K;L;164;158;;;2;2;4520,00;2079,20;B;B;A;71dB;;R;0 kg;;
582641;4038526088826;70418;Sava;CARGO MS;;ciężarowe;OPONA 385/65R22.5 CARGO MS 160K ON/OFF 3PMSF M+S TRAILER Sava (C,B,B,72dB);385;65;22.5;K;;160;;;;2;2;2560,00;1689,60;C;B;B;72dB;;R;0;https://eprel.ec.europa.eu/qr/652466;
582974;4038526096456;69295;Dunlop;SP246;;ciężarowe;OPONA 215/75R17.5 SP246 136J/134 TRAILER Dunlop (C,B,A,66dB);215;75;17.5;J;;136;134;;;3;3;1540,00;770,00;C;B;A;66dB;;R;0 kg;https://eprel.ec.europa.eu/qr/531301;
583922;4038526103918;91649;Goodyear;EQMAX T ULT HL;;ciężarowe;OPONA 435/50R19.5 EQMAX T ULT HL 164K 3PMSF M+S TRAILER Goodyear (A,C,A,71dB);435;50;19.5;K;;164;;;;2;2;4200,00;1848,00;A;C;A;71dB;;R;0;;
58500003AL-IG;8903635046325;77587;Alliance;585;;przemysłowe;OPONA 440/80R28 (16.9R28 IND) 585 163A8/163B TL Alliance;440;80;28;A8;B;163;163;16.9R28 IND;;1;1;4678,00;3040,70;;;;;;R;105 kg;;
58500004AL-IG;8903635046783;84766;Alliance;585;;rolnicze;OPONA 480/80R26 585 167A8/B TL Alliance;480;80;26;A8;B;167;;;;2;2;4748,00;3086,20;;;;;;R;0 kg;;
58500035AL-IG;8903635029397;84594;Alliance;585;;rolnicze;OPONA 12.5R18 (340/80R18) 585 143A8/B TL Alliance;12.5;;18;A8;B;143;;340/80R18;;2;2;2050,00;1332,50;;;;;;R;0;;
58510748AL-IG;8903635029175;84749;Alliance;585;;leśne;OPONA 400/70R20 (16/70R20) 585 149A8/B/20PR TL Alliance;400;70;20;A8/B;;149;20PR;16/70R20;TL;8;8;2500,00;1625,00;;;;;;R;0;;
586229;0440000125820;89138;Sava;AVANT MSS 2;;ciężarowe;OPONA 315/80R22.5 AVANT MSS 2 156/150K 3PMSF M+S Sava (D,B,B);315;80;22.5;K;;156/150;;;;2;2;2810,00;1573,60;D;B;;B;;R;0 kg;;
59000008AL-AP;8903635057291;93579;Alliance;590;;rolnicze;OPONA 710/50R26.5 590 170D TL Alliance;710;50;26.5;D;;170;;;;8;8;4919,00;3197,35;;;;;;R;0;;
59000292AL-IG;8903635046721;81494;Alliance;590;;rolnicze;OPONA 560/60R22.5 590 169D TL Alliance;560;60;22.5;D;;169;;;;1;1;3915,00;2544,75;;;;;;R;120,5 kg;;
59000315AL-IG;8903635047186;85117;Alliance;590;;leśne;OPONA 600/55R26.5 590 173D TL Alliance;600;55;26.5;D;;173;;;;10;10;5252,00;3413,80;;;;;;R;0;;
59000621AL-IG;8903635047179;85114;Alliance;590;;rolnicze;OPONA 650/55R26.5 590 177D TL Alliance;650;55;26.5;D;;177;;;;4;4;5433,00;3531,45;;;;;;R;0 kg;;
59000795AL-IG;8903635047223;89615;Alliance;590;;rolnicze;OPONA 650/65R30.5 590 184D TL Alliance;650;65;30.5;D;;184;;;;4;4;7080,00;4602,00;;;;;;R;215 kg;;
594494;4038526400475;80512;Dunlop;SP446;;ciężarowe;OPONA 265/70R17.5 SP446 139/136M 3PMSF M+S DRIVE Dunlop (D,C,A,71dB);265;70;17.5;;M;139;136;;;8;8;1960,00;1078,00;D;C;A;71dB;;R;0;;
594495;4038526400482;78249;Dunlop;SP346;;ciężarowe;OPONA 265/70R17.5 SP346 139/136M 3PMSF M+S FRONT Dunlop (C,C,B,73dB);265;70;17.5;;M;139;136;;;6;6;1960,00;1097,60;C;C;B;73dB;;R;0 kg;;
595771;4038526411716;83566;Dunlop;SP446+;;ciężarowe;OPONA 295/60R22.5 SP446+ 150K/149L 3PMSF M+S DRIVE Dunlop (D,B,A,73dB);295;60;22.5;K;L;150;149;;;20;20;3210,00;1669,20;D;B;A;73dB;;R;0;https://eprel.ec.europa.eu/screen/product/tyres/1669739;
598774;4038526435804;94445;Goodyear;EQMAX S ULT;;ciężarowe;OPONA 385/65R22.5 EQMAX S ULT 164K/158L Electric drive 3PMSF M+S FRONT Goodyear (A,B,A,70dB);385;65;22.5;K;L;164;158;;;2;2;3970,00;2044,55;A;B;A;70dB;;R;0 kg;;
60100192AL-IN;0440000106287;64515;Alliance;601 ;;przemysłowe;OPONA 15.5/55R18 (385/55R18) 601  TL Alliance;15.5;55;18;;;;;385/55R18;;7;7;2760,00;1794,00;;;;;;R;0;;
60800010AL-IN;0440000126636;93247;Alliance;608;;przemysłowe;OPONA 405/70R18 (16.0/70R18) 608 153A2/141B TL Alliance;405;70;18;A2;B;153;141;16.0/70R18;;5;5;2550,00;1657,50;;;;;;R;0 kg;;
60800025AL-IN;8903635022398;88596;Alliance;608;;przemysłowe;OPONA 405/70R20 (16.0/70R20) 608 155A2/143B Steel Belted TL Alliance;405;70;20;A2;B;155;143;16.0/70R20;;2;2;2708,00;1760,20;;;;;;R;0 kg;;
610873;3528706108730;3506;Michelin;POWER CL;;przemysłowe;OPONA 340/80-18 (12.5/80-18) POWER CL 143A8 TL Michelin;340;80;18;A8;;143;;12.5/80-18;;4;4;3721,00;1934,92;;;;;;-;48 kg;;
6144700;8059971018752;51093;Trelleborg;T448;;rolnicze małe;OPONA 200/60-14.5 T448 10PR TT Trelleborg;200;60;14.5;;;10PR;;;;1;1;665,00;432,25;;;;;;-;10,97 kg;;
616569;3528706165696;68327;Michelin;X MULTI ENERGY D;;ciężarowe;OPONA 315/80R22.5 X MULTI ENERGY D 156/150L 3PMSF M+S DRIVE Michelin (C,C,2,75dB);315;80;22.5;;L;156;150;;;6;6;4306,00;2497,48;C;C;2;75dB;;R;0 kg;;
64300045AL-IG;8903635022916;49242;Alliance;643 FORESTAR RIII;;leśne;OPONA 710/45-26.5 643 FORESTAR RIII 20PR TT Alliance;710;45;26.5;;;20PR;;;;2;2;10886,00;7075,90;;;;;;-;0;;
64400010AL-IG;8903635022923;59008;Alliance;644 FORESTAR III;;leśne;OPONA 600/50-22.5 644 FORESTAR III 20PR/159A8/167A2 Alliance;600;50;22.5;;;20PR;159A8/167A2;;TT;7;7;7400,00;4810,00;;;;;;-;0;;
64400011AL-IG;8903635048053;91743;Alliance;644 FORESTAR III;;leśne;OPONA 600/50-22.5 644 FORESTAR III 20 PR/159A8/167A2 Alliance;600;50;22.5;;;20 PR;159A8/167A2;;TL 16PR ;8;8;7400,00;4810,00;;;;;;-;124,7 kg;;
64400020AL-IG;8903635024972;59009;Alliance;644 FORESTAR III;;leśne;OPONA 600/55-26.5 644 FORESTAR III 20PR TT Alliance;600;55;26.5;;;20PR;;;;17;17;9697,00;6303,05;;;;;;-;0;;
64400036AL;8903635048077;86511;Alliance;644 FORESTAR III;;leśne;OPONA 710/40-22.5 644 FORESTAR III 20PR TL Alliance;710;40;22.5;;;20PR;;;TT;20;20;7600,00;4940,00;;;;;;-;0;;
64400041AL-IG;0440000115999;87986;Alliance;644 FORESTAR III;;leśne;OPONA 710/40-24.5 644 FORESTAR III 20PR TL Alliance;710;40;24.5;;;20PR;;;;20;20;9039,00;5875,35;;;;;;-;0;;
64400045AL-IG;8903635022930;59010;Alliance;644 FORESTAR III;;leśne;OPONA 710/45-26.5 644 FORESTAR III 20PR TT Alliance;710;45;26.5;;;20PR;;;;20;20;8149,00;5296,85;;;;;;-;0;;
64400051AL-IG;8903635047773;91815;Alliance;644 FORESTAR III;;leśne;OPONA 780/50-28.5 644 FORESTAR III 182A8/190A2 TL Alliance;780;50;28.5;A8;A2;182;190;;;1;1;15519,00;10087,35;;;;;;-;0;;
64400071AL-IG;8903635047759;84986;Alliance;644 FORESTAR III;;leśne;OPONA 750/55-26.5 644 FORESTAR III 24PR TL Alliance;750;55;26.5;;;24PR;;;;8;8;12638,00;8214,70;;;;;;-;0 kg;;
64400090AL-IG;0440000056537;72178;Alliance;644 FORESTAR III;;leśne;OPONA 800/40-26.5 644 FORESTAR III 20 PR Alliance;800;40;26.5;;;20 PR;;;;8;8;11357,00;7382,05;;;;;;-;230 kg;;
64450050AL-IG;8903635047513;93157;Alliance;644 FORESTAR III ELIT;;leśne;OPONA 710/45-26.5 644 FORESTAR III ELIT 20PR/168A8/175A2 TL Alliance;710;45;26.5;;;20PR;168A8/175A2;;;20;20;8000,00;5200,00;;;;;;-;0;;
64450052AL-IG;8903635046615;83415;Alliance;644 FORESTAR III;;leśne;OPONA 710/45-26.5 644 FORESTAR III 24PR TL Alliance;710;45;26.5;;;24PR;;;;1;1;10760,00;6994,00;;;;;;-;0;;
66800006AL-IG;8903635056966;93168;Alliance;668 FORESTAR III;;rolnicze;OPONA 650/65R38 668 FORESTAR III 169D TL Alliance;650;65;38;D;;169;;;;4;4;11710,00;7611,50;;;;;;R;0;;
66800008AL-IG;8903635059660;92068;Alliance;668 FORESTAR III;;leśne;OPONA 650/65R42 668 FORESTAR III 170D TL Alliance;650;65;42;D;;170;;;;1;1;13088,00;8507,20;;;;;;R;0;;
66800011AL-IG;8903635056812;93166;Alliance;668 FORESTAR III;;leśne;OPONA 540/65-28 668 FORESTAR III 154D TL Alliance;540;65;28;D;;154;;;;4;4;7470,00;4855,50;;;;;;-;110 kg;;
66800012AL-IG;8903635069430;87704;Alliance;668 FORESTAR III;;leśne;OPONA 600/60R28 668 FORESTAR III 157D Alliance;600;60;28;D;;157;;;TL;4;4;8613,00;5598,45;;;;;;R;0;;
66800018AL-IG;8903635059622;91204;Alliance;668 FORESTAR III;;leśne;OPONA 710/60R38 668 FORESTAR III 171D TL Alliance;710;60;38;D;;171;;;;4;4;12982,00;8438,30;;;;;;R;0 kg;;
66900002AL-IN;8903635057529;91758;Alliance;AF 669;;leśne;OPONA 600/65-34 AF 669 157A8/154B TL Alliance;600;65;34;A8;B;157;154;;TL FORESTRY;2;2;11244,00;7308,60;;;;;;-;0;;
66900003AL-IN;8903635057536;87521;Alliance;AF 669;;leśne;OPONA 600/65-34 AF 669 160A8/157B TL Alliance;600;65;34;A8;B;160;157;;TL FORESTRY;4;4;11580,00;7527,00;;;;;;-;0;;
66900004AL-IN;8903635057390;87470;Alliance;AF 669;;leśne;OPONA 600/65-38 AF 669 159A8/156B Alliance;600;65;38;A8;B;159;156;;;4;4;10780,00;7007,00;;;;;;-;0;;
66900005AL-IN;0440000109509;85936;Alliance;AF 669;;leśne;OPONA 650/65-38 AF 669 171A8/168B TL Alliance;650;65;38;A8;B;171;168;;16PR;4;4;11892,00;7729,80;;;;;;-;0 kg;;
66900006AAL-IG;0440000110420;86693;Alliance;AF 669;;leśne;OPONA 540/65-28 AF 669 155A8/152A8 TL Alliance;540;65;28;A8;A8;155;152;;;1;1;7699,00;5004,35;;;;;;-;110 kg;;
67000005AL-IN;8903635058014;87524;Alliance;AF 670;;leśne;OPONA 480/70-34 AF 670 146A8/143B TL Alliance;480;70;34;A8;B;146;143;;;2;2;7000,00;4550,00;;;;;;-;0 kg;;
67000006AL-IN;8903635058359;87525;Alliance;AF 670;;leśne;OPONA 520/70-34 AF 670 154A8/151B Alliance;520;70;34;A8;B;154;151;;14PR TL;4;4;8304,00;5397,60;;;;;;-;0;;
67000007AL-IN;0440000121426;90662;Alliance;AF 670;;leśne;OPONA 480/70-38 AF 670 150A8/147B TL Alliance;480;70;38;A8;B;150;147;;;4;4;8474,00;5508,10;;;;;;-;0;;
67000009AL-IN;8903635058335;89573;Alliance;AF 670;;leśne;OPONA 580/70-38 AF 670 160A8/157B TL Alliance;580;70;38;A8;B;160;157;;;2;2;8235,00;5352,75;;;;;;-;190 kg;;
67000010AL-IG;8903635065319;87705;Alliance;AF 670;;leśne;OPONA 710/70R38 AF 670 168A8/175A2 Alliance;710;70;38;A8;A2;168;175;;;3;3;12273,00;7977,45;;;;;;R;291 kg;;
67000012AL-IN;0440000124533;91814;Alliance;AF 670;;leśne;OPONA 600/70R30 AF 670 165D TL Alliance;600;70;30;D;;165;;;TL;6;6;8364,00;5436,60;;;;;;R;0;;
679547;3528706795473;63177;BFGoodrich;ROUTE CONTROL D;;ciężarowe;OPONA 225/75R17.5 ROUTE CONTROL D 129/127M DRIVE BFGoodrich (E,B,1,70dB);225;75;17.5;;M;129;127;;;2;2;1563,00;750,24;E;B;1;70dB;;R;0;;
684118;0440000087814;59350;Michelin RMXE;X WORKS D REMIX;;ciężarowe;OPONA 315/80R22.5 X WORKS D REMIX 156/150K ON/OFF DRIVE Michelin RMXE;315;80;22.5;K;;156/150;;;;1;1;1600,00;992,00;;;;;;R;0;;
684989;0440000110055;86671;Michelin;X LINE ENERGY Z 3;;ciężarowe;OPONA 315/60R22.5 X LINE ENERGY Z 3 154L/148 3PMSF M+S ALL POSITION Michelin (A,C,A,70dB);315;60;22.5;L;;154;148;;;2;2;4994,00;2546,94;A;C;A;70dB;;R;0 kg;;
690253;3528706902536;68422;Michelin;X MULTI ENERGY Z;;ciężarowe;OPONA 315/80R22.5 X MULTI ENERGY Z 156L 3PMSF M+S FRONT Michelin (B,C,2,74);315;80;22.5;L;;156;;;;2;2;4306,00;2325,24;B;C;2;74;;R;0;;
691745;3528706917455;77357;Michelin;X MULTI T2;;ciężarowe;OPONA 235/75R17.5 X MULTI T2 143/141J 3PMSF M+S TRAILER Michelin (C,C,A,68dB);235;75;17.5;;J;143;141;;;4;4;2610,00;1383,30;C;C;A;68dB;;R;0 kg;;
694767;3528706947674;39373;Michelin;POWER CL;;przemysłowe;OPONA 280/80-20 POWER CL 133A8 TL Michelin;280;80;20;A8;;133;;;;2;2;3182,00;1686,46;;;;;;-;0;;
70310001AL-IG;0440000109578;85937;Alliance;703;;przemysłowe;OPONA 23.5R25 703 185B/201A2 TL Alliance;23.5;;25;B;A2;185;201;;;17;17;8500,00;5525,00;;;;;;R;0;;
70310003AL-IG;0440000109974;86174;Alliance;703;;przemysłowe;OPONA 20.5R25 703 177B/193A2 TL Alliance;20.5;;25;B;A2;177;193;;;3;3;6495,00;4221,75;;;;;;R;0;;
70410001AL-IG;0440000109967;86358;Alliance;704;;przemysłowe;OPONA 23.5R25 704 185B/201A2 TL E4**/L4** Alliance;23.5;;25;B;A2;185;201;;;20;20;12000,00;7800,00;;;;;;R;0;;
70500004AL-IG;8903635069850;92284;Alliance;705;;przemysłowe;OPONA 26.5R25 705 209A2 TL Alliance;26.5;;25;A2;;209;;;;6;6;17300,00;11245,00;;;;;;R;370 kg;;
716751;3528707167514;44202;Michelin;X MULTI D;;ciężarowe;OPONA 315/60R22.5 X MULTI D 152/148L 3PMSF DRIVE Michelin (D,C,2,74dB);315;60;22.5;;L;152;148;;;4;4;4844,00;2518,88;D;C;2;74dB;;R;0 kg;;
719814;3528707198143;39855;Michelin;X MULTI Z;;ciężarowe;OPONA 315/70R22.5 X MULTI Z 156/150L 3PMSF M+S ALL POSITION Michelin (C,B,1,72dB);315;70;22.5;;L;156;150;;;2;2;4225,00;2260,37;C;B;1;72dB;;R;0 kg;;
720829;4038526466129;90819;Goodyear;KMAX T G3 RFID;;ciężarowe;OPONA 385/65R22.5 KMAX T G3 RFID 164K/158L 3PMSF TRAILER Goodyear (B,B,1,71dB);385;65;22.5;K;L;164;158;;;6;6;4250,00;1827,50;B;B;1;71dB;;R;0;;
728147;4038526528162;92186;Goodyear;KMAX D G3;;ciężarowe;OPONA 315/70R22.5 KMAX D G3 154L/152M ELECTRIC DRIVE RFID 3PMSF M+S DRIVE Goodyear (B,B,A,73dB);315;70;22.5;L;M;154;152;;;12;12;3630,00;1833,15;B;B;A;73dB;;R;0 kg;;
729531;4038526541635;93055;Dunlop;SP446;;ciężarowe;OPONA 315/70R22.5 SP446 154L/152M 3PMSF M+S DRIVE Dunlop (C,C,A,71dB);315;70;22.5;L;M;154;152;;;18;18;3160,00;1659,00;C;C;A;71dB;;R;57,1 kg;;
744200;3528707442000;52262;Michelin;X MULTI D;;ciężarowe;OPONA 225/75R17.5 X MULTI D 129/127M 3PMSF M+S DRIVE Michelin (D,C,1,69dB);225;75;17.5;;M;129;127;;;4;4;2234,00;1139,34;D;C;1;69dB;;R;0;;
76800001AL-IN;8903635012320;5606;Alliance;768;;rolnicze;OPONA 195/65-15 768 8PR TL Alliance;195;65;15;;;8PR;;;;20;20;380,00;247,00;;;;;;-;12 kg;;
778211;0440000081300;76139;Michelin;MULTIBIB;;rolnicze;OPONA 420/65R28 MULTIBIB 135D TL Michelin;420;65;28;D;;135;;;;2;2;6698,00;3549,94;;;;;;R;70 kg;;
793611;3528707936110;62482;Michelin;BIBLOAD;;rolnicze;OPONA 400/70R20 BIBLOAD 149A8/149B TL Michelin;400;70;20;A8;B;149;149;;;4;4;6173,00;3086,50;;;;;;R;0;;
83900010AL-IG;8903635015772;69890;Alliance;839;;przemysłowe;OPONA 10.00-20 839 16PR TT Alliance;10.00;;20;;;16PR;;;;20;20;1130,00;734,50;;;;;;-;0 kg;;
83900020AL-IG;0440000055257;70660;Alliance;839;;przemysłowe;OPONA 11.00-20 839 16PR TT Alliance;11.00;;20;;;16PR;;;;12;12;1339,00;870,35;;;;;;-;0 kg;;
84200310AL-IG;0440000087036;77389;Alliance;FARM PRO RADIAL 90;;rolnicze;OPONA 14.9R46 (380/90R46) FARM PRO RADIAL 90 165A8 TL Alliance;14.9;;46;A8;;165;;380/90R46;;8;8;4622,00;3004,30;;;;;;R;138 kg;;
84600002AL-IG;8903635027454;65127;Alliance;FARM PRO 846;;rolnicze;OPONA 420/85R26 (16.9R26) FARM PRO 846 135A8 TL Alliance;420;85;26;A8;;135;;16.9R26;;12;12;2629,00;1708,85;;;;;;R;0;;
856291;3528708562912;52263;Michelin;X COACH Z;;ciężarowe;OPONA 295/80R22.5 X COACH Z 154/150M 3PMSF M+S ALL POSITION Michelin (C,B,A,71dB);295;80;22.5;;M;154;150;;;4;4;4434,00;2505,21;C;B;A;71dB;;R;0;;
856711;3528708567115;33197;Michelin;X MULTI Z;;ciężarowe;OPONA 245/70R19.5 X MULTI Z 135/134M 3PMSF ALL POSITION Michelin (D,B,1,68dB);245;70;19.5;;M;135;134;;;1;1;2619,00;1466,64;D;B;1;68dB;;R;0;;
8690;3286340869010;34617;Bridgestone;MD1;;ciężarowe;OPONA 13R22.5 MD1 156/150K ON/OFF DRIVE Bridgestone (D,B,1,73dB);13;;22.5;;K;156;150;;;1;1;3315,27;1757,09;D;B;1;73dB;;R;0;;
8696;3286340869614;40410;Bridgestone;MS1;;ciężarowe;OPONA 13R22.5 MS1 156K ON/OFF FRONT Bridgestone (C,B,1,70dB);13;;22.5;K;;156;;;;1;1;3389,00;1762,28;C;B;1;70dB;;R;0;;
870944;3528708709447;52260;BFGoodrich;ROUTE CONTROL D;;ciężarowe;OPONA 245/70R17.5 ROUTE CONTROL D 136/134M 3PMSF M+S DRIVE BFGoodrich (D,B,1,69dB);245;70;17.5;;M;136;134;;;1;1;1700,00;918,00;D;B;1;69dB;;R;0;;
88200008AL-IN;8903635014010;39386;Alliance;882;;rolnicze;OPONA 500/60R22.5 882 155D TL Alliance;500;60;22.5;D;;155;;;;18;18;2796,00;1817,40;;;;;;R;0;;
88200020AL-IN;8903635013877;25243;Alliance;882;;rolnicze;OPONA 385/65R22.5 882 164D TL Alliance;385;65;22.5;D;;164;;;;20;20;2000,00;1300,00;;;;;;R;80,6 kg;;
88200200AL-IN;8903635018919;56019;Alliance;882;;rolnicze;OPONA 600/50R22.5 882 162D/159E TL Alliance;600;50;22.5;D;E;162;159;;;1;1;3253,00;2114,45;;;;;;R;0;;
88500582AL-IN;0440000077150;72663;Alliance;885;;rolnicze;OPONA 600/50R22.5 885 159D TL Alliance;600;50;22.5;D;;159;;;;1;1;3135,00;2037,75;;;;;;R;105 kg;;
88500612AL-IN;8903635016335;34724;Alliance;885;;rolnicze;OPONA 650/50R22.5 885 163D TL Alliance;650;50;22.5;D;;163;;;;10;10;4308,00;2800,20;;;;;;R;0 kg;;
88500622AL-IN;0440000010706;69905;Alliance;885;;rolnicze;OPONA 710/45R22.5 885 165D TL Alliance;710;45;22.5;D;;165;;;;4;4;4241,00;2756,65;;;;;;R;0 kg;;
88500640AL-IG;0440000008543;63770;Alliance;A-885;;rolnicze;OPONA 710/50R26.5 A-885 170D TL Alliance;710;50;26.5;D;;170;;;;20;20;4600,00;2990,00;;;;;;R;0;;
88500645AL-IN;0440000045654;69269;Alliance;885;;rolnicze;OPONA 710/50R30.5 885 173D TL Alliance;710;50;30.5;D;;173;;;;1;1;5610,00;3646,50;;;;;;R;0 kg;;
88500670AL-IG;0440000007560;62517;Alliance;885;;rolnicze;OPONA 750/45R26.5 885 170D TL Alliance;750;45;26.5;D;;170;;;;7;7;5250,00;3412,50;;;;;;R;0;;
88500710AL-IG;0440000055035;70271;Alliance;885;;rolnicze;OPONA 750/60R30.5 885 181D TL Alliance;750;60;30.5;D;;181;;;;10;10;6969,00;4529,85;;;;;;R;0 kg;;
88500710AL-IN;8903635015840;58039;Alliance;885;;rolnicze;OPONA 750/60R30.5 885 181D TL Alliance;750;60;30.5;D;;181;;;;20;20;6969,00;4529,85;;;;;;R;0;;
88500800AL-IN;8903635018896;84414;Alliance;885;;rolnicze;OPONA 800/45R30.5 885 176D TL Alliance;800;45;30.5;D;;176;;;;3;3;8027,00;5217,55;;;;;;R;194 kg;;
88500801AL-IG;8903635053736;90257;Alliance;885;;rolnicze;OPONA 850/50R30.5 885 182D TL Alliance;850;50;30.5;D;;182;;;;2;2;8532,00;5545,80;;;;;;R;0;;
8886;3286340888615;69044;Firestone;MAXI TRACTION 65;;rolnicze;OPONA 540/65R30 MAXI TRACTION 65 143D/140E TL Firestone;540;65;30;D;E;143;140;;;5;5;8975,00;3096,37;;;;;;R;0 kg;;
8887;3286340888714;32877;Firestone;MAXI TRACTION 65;;rolnicze;OPONA 650/65R42 MAXI TRACTION 65 158D/155E TL Firestone;650;65;42;D;E;158;155;;;2;2;19174,00;6806,77;;;;;;R;0;;
889899;3528708898998;39797;Michelin;X MULTI D;;ciężarowe;OPONA 315/70R22.5 X MULTI D 154/150L 3PMSF DRIVE Michelin (D,C,2,75dB);315;70;22.5;;L;154;150;;;4;4;4275,00;2308,50;D;C;2;75dB;;R;0 kg;;
894373;0440000113322;44852;Treadmax;FUELMAX T;;ciężarowe;OPONA 385/55R22.5 FUELMAX T 160K TRAILER Treadmax;385;55;22.5;K;;160;;;;1;1;900,00;900,00;;;;;;R;0 kg;;
8946;3286340894616;41833;Firestone;MAXI TRACTION 65;;rolnicze;OPONA 440/65R28 MAXI TRACTION 65 131D/128E TL Firestone;440;65;28;D;E;131;128;;;2;2;5642,00;1974,70;;;;;;R;87 kg;;
8958;0440000009724;37063;Firestone;MAXI TRACTION 65;;rolnicze;OPONA 540/65R24 MAXI TRACTION 65 140D/137E TL Firestone;540;65;24;D;E;140;137;;;4;4;7345,00;2497,30;;;;;;R;0;;
8961;3286340896115;33005;Firestone;MAXI TRACTION 65;;rolnicze;OPONA 540/65R28 MAXI TRACTION 65 142D/139E TL Firestone;540;65;28;D;E;142;139;;;2;2;8256,00;2930,88;;;;;;R;0;;
8965;0440000047146;34978;Firestone;MAXI TRACTION 65;;rolnicze;OPONA 540/65R30 MAXI TRACTION 65 150D/147E TL Firestone;540;65;30;D;E;150;147;;;5;5;9336,00;3174,24;;;;;;R;0;;
8969;3286340896917;77356;Firestone;MAXI TRACTION 65;;rolnicze;OPONA 540/65R34 MAXI TRACTION 65 145D/142E XL TL Firestone;540;65;34;D;E;145;142;;;2;2;9362,00;3276,70;;;;;;R;0;;
8974;3286340897419;43850;Firestone;MAXI TRACTION 65;;rolnicze;OPONA 540/65R38 MAXI TRACTION 65 147D/144E TL Firestone;540;65;38;D;E;147;144;;;2;2;10282,00;3701,52;;;;;;R;137 kg;;
8978;0440000009717;43278;Firestone;MAXI TRACTION 65;;rolnicze;OPONA 600/65R34 MAXI TRACTION 65 151D/148E TL Firestone;600;65;34;D;E;151;148;;;2;2;11851,00;3910,83;;;;;;R;0;;
8980;3286340897914;38750;Firestone;MAXI TRACTION 65;;rolnicze;OPONA 600/65R38 MAXI TRACTION 65 153D/150E TL Firestone;600;65;38;D;E;153;150;;;2;2;12900,00;4515,00;;;;;;R;0;;
8984;3286340898416;41750;Firestone;MAXI TRACTION 65;;rolnicze;OPONA 650/65R38 MAXI TRACTION 65 157D/154E TL Firestone;650;65;38;D;E;157;154;;;2;2;16887,00;5657,14;;;;;;R;0;;
900383;0440000011826;18299;West Lake;CR976A;;ciężarowe;OPONA 275/80R22.5 CR976A 149/146M 3PMSF M+S FRONT West Lake (D,C,3,76dB);275;80;22.5;;M;149;146;;;1;1;500,00;355,00;D;C;3;76dB;2015;R;0;https://eprel.ec.europa.eu/screen/product/tyres/2005948;
907751;3528709077514;51750;BFGoodrich;ROUTE CONTROL S;;ciężarowe;OPONA 11R22.5 ROUTE CONTROL S 148/145L FRONT BFGoodrich (C,C,1,69dB);11;;22.5;;L;148;145;;;2;2;2000,00;1160,00;C;C;1;69dB;;R;0;;
936570;0440000010720;39739;Michelin;OMNIBIB;;rolnicze;OPONA 480/70R38 OMNIBIB 145D TL Michelin;480;70;38;D;;145;;;;1;1;11081,00;5872,93;;;;;2024;R;0;;
948730;3528709487306;27316;Michelin;XMCL;;przemysłowe;OPONA 340/80R20 XMCL 144A8/144B TL Michelin;340;80;20;A8;B;144;144;;;2;2;5545,00;2938,85;;;;;;R;0;;
954749;3528709547499;1090;Michelin;XMCL;;przemysłowe;OPONA 16.9R24 (440/80R24) XMCL 161A8 TL Michelin;16.9;;24;A8;;161;;440/80R24;;2;2;7600,00;3876,00;;;;;;R;0;;
999908804;8859305513966;71737;West Lake;WTX1;;ciężarowe;OPONA 285/70R19.5 WTX1 150/148J 3PMSF M+S TRAILER West Lake (C,C,B,72dB);285;70;19.5;;J;150;148;;;20;20;980,00;695,80;C;C;B;72dB;;R;0 kg;https://eprel.ec.europa.eu/screen/product/tyres/1620640;
999991152;8859305517766;77033;Goldencrown;AT557;;ciężarowe;OPONA 425/65R22.5 AT557 165K ON/OFF M+S ALL POSITION Goldencrown (D,C,B,73dB);425;65;22.5;K;;165;;;;20;20;2040,00;1428,00;D;C;B;73dB;;R;0;;
999991497;0440000113544;88316;JK Tyre;JETSTEEL JDL3+;;ciężarowe;OPONA 315/80R22.5 JETSTEEL JDL3+ 156L/150J 3PMSF M+S DRIVE JK Tyre (E,B,B,74dB);315;80;22.5;L;J;156;150;;;20;20;1540,00;1093,40;E;B;B;74dB;;R;0 kg;;
999991602;0440000123055;91902;Goodride;WTX1;;ciężarowe;OPONA 245/70R17.5 WTX1 143/141J 3PMSF M+S TRAILER Goodride (D,C,B,71dB);245;70;17.5;J;;143/141;;;;1;1;450,00;450,00;D;C;B;71dB;;R;31,63 kg;;
999991606;0440000123307;91909;JK Tyre;JET TRAX SUPER II;;rolnicze;OPONA 33x15.50-16.5 JET TRAX SUPER II 14PRB TL JK Tyre;33x15.50;;16.5;B;;14PR;;;;10;10;940,00;667,40;;;;;;-;0;;
999991607;0440000123314;91910;JK Tyre;AGRI KING 65;;rolnicze;OPONA 480/65R28 AGRI KING 65 142D TL JK Tyre;480;65;28;D;;142;;;;12;12;2420,00;1718,20;;;;;;R;0 kg;;
999991614;0440000123505;92030;JK Tyre;AGRI GOLD;;rolnicze;OPONA 16.9R28 (420/85R28) AGRI GOLD 139A6 TL JK Tyre;16.9;;28;A6;;139;;420/85R28;;7;7;2302,00;1634,42;;;;;;R;113 kg;;
999991627;0440000124076;92331;JK Tyre;AGRI KING 70 TORNEL;;rolnicze;OPONA 380/70R28 AGRI KING 70 TORNEL 127B/A8 TL JK Tyre;380;70;28;B;A8;127;;;;13;13;1595,00;1132,45;;;;;;R;0 kg;;
999991628;0440000124069;92333;JK Tyre;AGRI KING 70 TORNEL;;rolnicze;OPONA 360/70R24 AGRI KING 70 TORNEL 122B/A8 TL JK Tyre;360;70;24;B;A8;122;;;;7;7;1400,00;994,00;;;;;;R;0;;
999991629;0440000124052;92334;JK Tyre;AGRI KING 70 TORNEL;;rolnicze;OPONA 280/70R18 AGRI KING 70 TORNEL 114B/A8 TL JK Tyre;280;70;18;B;A8;114;;;;20;20;765,00;543,15;;;;;;R;0;;
999991630;0440000124045;92335;JK Tyre;AGRI KING 70 TORNEL;;rolnicze;OPONA 260/70R16 AGRI KING 70 TORNEL 109B/A8 TL JK Tyre;260;70;16;B;A8;109;;;;19;19;740,00;525,40;;;;;;R;0;;
999991669;0440000127428;93746;JK Tyre;ST-02 PREMIUM;;przemysłowe;OPONA 18X7-8 ST-02 PREMIUM STD JK Tyre;18X7;;8;;;;;;;20;20;450,00;319,50;;;;;;-;0;;
999991670;0440000127473;93751;JK Tyre;ST-02 STANDARD;;przemysłowe;OPONA 5.00-8 ST-02 STANDARD STD JK Tyre;5.00;;8;;;;;;;18;18;320,00;227,20;;;;;;-;0;;
999991679;0440000127916;93976;;Novo Energy S13;;ciężarowe;OPONA 355/50R22.5 Novo Energy S13 156K 3PMSF M+S FRONT TRAZANO;355;50;22.5;K;;156;;;;1;1;1040,00;1040,00;;;;;;R;0 kg;;
999991682;0440000127923;94007;Cetroc;ELD11;;przemysłowe;OPONA 20.5R25 ELD11 177A2/193A2 Cetroc;20.5;;25;A2;A2;177;193;;;1;1;2400,00;2400,00;;;;;;R;0;;
999991683;0440000127930;94008;;ORION;;przemysłowe;OPONA 12.5/80-18 (320/80-18) ORION 18PR/150A8 RUBBER KING;12.5;80;18;;A8;18PR;150;320/80-18;;1;1;450,00;450,00;;;;;;-;0;;
999991684;0440000127947;94009;;FLOATSTAR;;rolnicze;OPONA 400/60-15.5 FLOATSTAR 148A8/136A8 TL RUBBER KING;400;60;15.5;A8;A8;148;136;;;1;1;300,00;300,00;;;;;;-;0;;
999991685;0440000128067;94010;;ROCKSLID;;przemysłowe;OPONA 6.50-10 ROCKSLID 5.00 STD RUBBER KING;6.50;;10;;;;;;;1;1;380,00;380,00;;;;;;-;15 kg;;
999991686;0440000127954;94011;;AIRLIFT;;przemysłowe;OPONA 7.00-12 AIRLIFT 14PR RUBBER KING;7.00;;12;;;14PR;;;;1;1;220,00;220,00;;;;;;-;0 kg;;
999991687;0440000127961;94012;;BLIMP;;rolnicze;OPONA 11.5/80-15.3 BLIMP 12PR TL RUBBER KING;11.5;80;15.3;;;12PR;;;;1;1;200,00;200,00;;;;;;-;22 kg;;
999991688;0440000127978;94013;;JUNCSTAR;;rolnicze;OPONA 18X8.50-8 JUNCSTAR 4PR TL RUBBER KING;18X8.50;;8;;;4PR;;;;1;1;80,00;80,00;;;;;;-;0 kg;;
999991690;0440000127985;94016;;;;rolnicze;OPONA 4.00-4 RUBBER KING;4.00;;4;;;;;;;1;1;150,00;150,00;;;;;;-;0 kg;;
999991691;0440000128081;94017;;;;rolnicze;OPASKA AMORTYZUJĄCA 21X7-15 RUBBER KING;21X7.00;;15;;;;;;TL;1;1;380,00;380,00;;;;;;-;0;;
999991694;0440000128050;94020;;TILLMAN;;rolnicze;OPONA 11.2R32 (270/95R32) TILLMAN 136B TL RUBBER KING;11.2;;32;B;;136;;270/95R32;;1;1;600,00;600,00;;;;;;R;52 kg;;
999991695;0440000128005;94022;;AIATOR;;rolnicze;OPONA 340/85R28 (13.6R28) AIATOR 127B TL RUBBER KING GREEN;340;85;28;B;;127;;13.6R28;;1;1;700,00;700,00;;;;;;R;0 kg;;
999991696;0440000128012;94024;;EMPERADOR;;przemysłowe;OPONA 460/70R24 (17.5R24) EMPERADOR 159A8 TL RUBBER KING;460;70;24;A8;;159;;17.5R24;;1;1;1000,00;1000,00;;;;;;R;0 kg;;
999991697;0440000128029;94025;;AIATOR;;rolnicze;OPONA 520/70R38 AIATOR 150D TL RUBBER KING;520;70;38;D;;150;;;;1;1;2000,00;1920,00;;;;;;R;171 kg;;
999991698;0440000128036;94026;;AGNIPUTRA;;rolnicze;OPONA 23.1-26 AGNIPUTRA (KOSTKA)153A6 TT RUBBER KING;23.1;;26;A6;;153;;;;1;1;1700,00;1700,00;;;;;;-;150 kg;;
999991699;0440000128043;94027;;AIATOR;;rolnicze;OPONA 540/65R30 AIATOR 150D TL RUBBER KING;540;65;30;D;;150;;;;1;1;1500,00;1440,00;;;;;;R;125 kg;;
999991711;0440000128906;94429;;ROADGUIDER IMP638;;rolnicze;OPONA 16.5/70-18 ROADGUIDER IMP638 18PR TT KPL;16.5;70;18;;;18PR;;;;6;6;1550,00;1550,00;;;;;;-;0;;
AM84881685;0440000123185;91999;Trelleborg;XP800;;przemysłowe;OPONA 18X7-8 XP800 4.33 STD Trelleborg;18X7;;8;;;;;;;2;2;710,00;468,60;;;;;;-;0 kg;;
CET0002;8859625700312;74562;Cetroc;GMA30;;ciężarowe;OPONA 13R22.5 GMA30 156/153L ON/OFF 3PMSF M+S FRONT Cetroc (D,B,71dB);13;;22.5;L;;156/153;;;;20;20;1250,00;887,50;D;B;;71dB;;R;0 kg;;
CET0003;8859625700299;74563;Cetroc;GHA20;;ciężarowe;OPONA 295/80R22.5 GHA20 154/149M 3PMSF M+S FRONT Cetroc (C,B,70dB);295;80;22.5;M;;154/149;;;;8;8;1300,00;923,00;C;B;;70dB;;R;0 kg;;
CET0004;8859625700244;74564;Cetroc;GHA20;;ciężarowe;OPONA 315/70R22.5 GHA20 154/151M 3PMSF M+S FRONT Cetroc (C,B,70dB);315;70;22.5;M;;154/151;;;;20;20;1320,00;937,20;C;B;;70dB;;R;0 kg;;
CET0005;8859625700251;74565;Cetroc;GHD20;;ciężarowe;OPONA 315/70R22.5 GHD20 154M/151 3PMSF M+S DRIVE Cetroc (D,C,75dB);315;70;22.5;M;;154;151;;;20;20;1370,00;972,70;D;C;;75dB;;R;0 kg;;
CET0007;0440000078522;75104;Cetroc;GMD30;;ciężarowe;OPONA 13R22.5 GMD30 156/153L ON/OFF 3PMSF M+S DRIVE Cetroc (D,B,73dB);13;;22.5;L;;156/153;;;;18;18;1280,00;908,80;D;B;;73dB;;R;0 kg;;
CET0008;0440000078478;75109;Cetroc;GHD20;;ciężarowe;OPONA 315/80R22.5 GHD20 154/151M 3PMSF M+S DRIVE Cetroc (D,C,75dB);315;80;22.5;M;;154/151;;;;11;11;1310,00;930,10;D;C;;75dB;;R;0 kg;;
CET0009;0440000078553;75110;Cetroc;GMA30 ;;ciężarowe;OPONA 315/80R22.5 GMA30  157/154L ON/OFF 3PMSF M+S FRONT Cetroc (D,B,71dB);315;80;22.5;;L;157;154;;;20;20;1300,00;923,00;D;B;;71dB;;R;0 kg;;
CET0010;0440000083977;76803;Cetroc;GMD30;;ciężarowe;OPONA 315/80R22.5 GMD30 154/151M ON/OFF 3PMSF M+S DRIVE Cetroc (D,B,B,73dB);315;80;22.5;;M;154;151;;ON/OFF;20;20;1320,00;937,20;D;B;B;73dB;;R;0 kg;;
CET0011;0440000088156;77895;Cetroc;GMT50;;ciężarowe;OPONA 385/65R22.5 GMT50 160K/(158L) ON/OFF 3PMSF M+S ALL POSITION Cetroc (C,B,B,75dB);385;65;22.5;K;;160;(158L);;ON/OF;20;20;1360,00;965,60;C;B;B;75dB;;R;0 kg;;
CET0012;0440000087944;77896;Cetroc;GHD20;;ciężarowe;OPONA 295/60R22.5 GHD20 150/147K 3PMSF M+S DRIVE Cetroc (D,C,B,75dB);295;60;22.5;;K;150;147;;;20;20;1160,00;823,60;D;C;B;75dB;;R;0 kg;;
CET0013;0440000087999;77897;Cetroc;GHT50;;ciężarowe;OPONA 385/55R22.5 GHT50 160K 3PMSF M+S TRAILER Cetroc (B,B,B,72dB);385;55;22.5;K;;160;;;;20;20;1300,00;923,00;B;B;B;72dB;;R;0 kg;;
CET0016;0440000108649;85826;Cetroc;GHT22;;ciężarowe;OPONA 435/50R19.5 GHT22 160J 3PMSF M+S FRONT/TRAILER Cetroc (C,A,B,72dB);435;50;19.5;J;;160;;;;20;20;1460,00;1036,60;C;A;B;72dB;;R;0 kg;;
CET0017;0440000108656;85848;Cetroc;GHT22;;ciężarowe;OPONA 445/45R19.5 GHT22 160J 3PMSF M+S TRAILER Cetroc (C,A,B,72dB);445;45;19.5;J;;160;;;;4;4;1475,00;1047,25;C;A;B;72dB;;R;0 kg;;
CET0018;0440000108625;85859;Cetroc;GHA20;;ciężarowe;OPONA 285/70R19.5 GHA20 150/148K 3PMSF M+S TRAILER/FRONT Cetroc (D,B,B,72dB);285;70;19.5;;K;150;148;;;20;20;930,00;660,30;D;B;B;72dB;;R;0 kg;;
CET0023;0440000113193;87927;Cetroc;GHD99;;ciężarowe;OPONA 315/80R22.5 GHD99 157/154L 3PMSF M+S DRIVE Cetroc (C,A,B,73dB);315;80;22.5;;L;157;154;;;20;20;1500,00;1065,00;C;A;B;73dB;;R;0 kg;;
CET0024;0440000117986;88862;Cetroc;GHA20;;ciężarowe;OPONA 215/75R17.5 GHA20 135/133K 3PMSF M+S TRAILER/FRONT Cetroc (D,B,B,72dB);215;75;17.5;;K;135;133;;;20;20;555,00;394,05;D;B;B;72dB;;R;0;;
CET0025;0440000117993;88875;Cetroc;GHD22;;ciężarowe;OPONA 215/75R17.5 GHD22 128/126M 3PMSF M+S DRIVE Cetroc (E,C,A,73dB);215;75;17.5;;M;128;126;;;20;20;600,00;426,00;E;C;A;73dB;;R;0;;
CET0026;0440000118013;88878;Cetroc;GHA20;;ciężarowe;OPONA 235/75R17.5 GHA20 143/141K 3PMSF M+S TRAILER/FRONT Cetroc (D,B,B,72dB);235;75;17.5;;K;143;141;;;20;20;630,00;447,30;D;B;B;72dB;;R;0;;
CET0028;0440000118136;89627;Cetroc;GHD22;;ciężarowe;OPONA 235/75R17.5 GHD22 132/130M 3PMSF M+S DRIVE Cetroc (E,C,A,73dB);235;75;17.5;;M;132;130;;;20;20;660,00;468,60;E;C;A;73dB;;R;0;;
CET0029;0440000118877;89642;Cetroc;LINE A50;;ciężarowe;OPONA 385/65R22.5 LINE A50 160K 3PMSF M+S FRONT/TRAILER Cetroc (C,B,B,72dB);385;65;22.5;K;;160;;;;20;20;1370,00;972,70;C;B;B;72dB;;R;0 kg;;
CET0031;0440000119072;89754;Cetroc;LINE A30;;ciężarowe;OPONA 385/65R22.5 LINE A30 164K 3PMSF M+S FRONT/TRAILER Cetroc (C,A,B,72dB);385;65;22.5;K;;164;;;;20;20;1530,00;1086,30;C;A;B;72dB;;R;0 kg;;
CET0035;0440000119874;89982;Cetroc;FORCE A98;;ciężarowe;OPONA 315/80R22.5 FORCE A98 160/157F ON/OFF 3PMSF M+S ALL POSITION Cetroc;315;80;22.5;;F;160;157;;;2;2;1540,00;1093,40;;;;;;R;0 kg;;
CET0036;0440000120078;89983;Cetroc;LINE A99;;ciężarowe;OPONA 385/65R22.5 LINE A99 164K 3PMSF M+S FRONT/TRAILER Cetroc (D,C,B,73dB);385;65;22.5;K;;164;;;;20;20;1565,00;1111,15;D;C;B;73dB;;R;0 kg;https://eprel.ec.europa.eu/screen/product/tyres/2455159;
CET0037;0440000120146;90365;Cetroc;GHA20;;ciężarowe;OPONA 245/70R17.5 GHA20 143K/141K 3PMSF M+S TRAILER/FRONT Cetroc (D,B,B,72dB);245;70;17.5;K;K;143;141;;;20;20;660,00;468,60;D;B;B;72dB;;R;0;;
CET0038;0440000121051;90558;Cetroc;MIX D88;;ciężarowe;OPONA 315/80R22.5 MIX D88 160/157K ON/OFF 3PMSF M+S DRIVE Cetroc (D,C,B,75dB);315;80;22.5;;K;160;157;;;20;20;1510,00;1072,10;D;C;B;75dB;;R;0 kg;;
CET0040;0440000121723;91403;Cetroc;GHD22;;ciężarowe;OPONA 245/70R19.5 GHD22 136/134M 3PMSF M+S DRIVE Cetroc;245;70;19.5;;M;136;134;;;16;16;670,00;475,70;;;;;;R;0 kg;;
CET0041;0440000122058;91541;Cetroc;GHD20;;ciężarowe;OPONA 315/60R22.5 GHD20 154L/148L 3PMSF M+S DRIVE Cetroc (E,C,A,73dB);315;60;22.5;L;L;154;148;;;20;20;1180,00;837,80;E;C;A;73dB;;R;0 kg;;
CET0043;0440000123789;92210;Cetroc;MIX D88;;ciężarowe;OPONA 13R22.5 MIX D88 156/153K ON/OFF 3PMSF M+S DRIVE Cetroc (D,C,B,75dB);13;;22.5;K;;156/153;;;;20;20;1400,00;994,00;D;C;B;75dB;;R;0 kg;;
CET0044;0440000126445;93551;Cetroc;LINE A99;;ciężarowe;OPONA 385/55R22.5 LINE A99 160K 3PMSF M+S TRAILER Cetroc;385;55;22.5;K;;160;;;;20;20;1350,00;958,50;;;;;;R;0 kg;;
CET0047;0440000128111;93950;Cetroc;LINE A99;;ciężarowe;OPONA 315/80R22.5 LINE A99 157/154L 3PMSF M+S FRONT Cetroc;315;80;22.5;L;;157/154;;;;20;20;1400,00;994,00;;;;;;R;0 kg;;
CET0048;0440000128258;93951;Cetroc;GHT50;;ciężarowe;OPONA 265/70R19.5 GHT50 143/141K 3PMSF M+S TRAILER/FRONT Cetroc;265;70;19.5;;K;143;141;;;20;20;870,00;617,70;;;;;;R;0;;
CET0049;0440000128241;93952;Cetroc;LINE A99;;ciężarowe;OPONA 315/70R22.5 LINE A99 154/151M 3PMSF M+S FRONT Cetroc;315;70;22.5;M;;154/151;;;;20;20;1360,00;965,60;;;;;;R;0 kg;;
CET0050;0440000128869;94015;Cetroc;GHA20;;ciężarowe;OPONA 245/70R19.5 GHA20 141K/140K 3PMSF M+S FRONT/TRAILER Cetroc;245;70;19.5;K;K;141;140;;;14;14;650,00;461,50;;;;;;R;0 kg;;
GLO00006;0440000005269;1295;Globestar;GLOBE;;przemysłowe;OPONA 16X6-8 GLOBE 4.33 STD Globestar;16X6;;8;;;;;;;3;3;450,00;315,00;;;;;;-;0;;
GLO00011;0440000005252;1218;Globestar;GLOBE;;przemysłowe;OPONA 200/50-10 GLOBE 6.50 STD Clean Globestar;200;50;10;;;;;;;1;1;200,00;140,00;;;;;2008;-;0;;
GLO00041;0440000005542;3622;Globestar;GLOBE;;przemysłowe;OPONA 7.00-12 GLOBE 5.00 STD Clean Globestar;7.00;;12;;;;;;;1;1;735,00;514,50;;;;;;-;0 kg;;
GLO00048;0440000125011;92963;Globestar;GLOBE;;przemysłowe;OPONA 8.25-15 GLOBE 6.50 STD Globestar;8.25;;15;;;;;;;1;1;1000,00;700,00;;;;;2013;-;0;;
GLO00058;0440000054670;8106;Globestar;PERFORMER;;przemysłowe;OPONA 5.00-8 PERFORMER /3.00 STD Globestar;5.00;;8;;;;;;;20;20;376,00;263,20;;;;;;-;0;;
GLO00059;4792290015104;5471;Globestar;PERFORMER;;przemysłowe;OPONA 18X7-8 (180/70-8) PERFORMER 4.33 CLIP Globestar;18X7;;8;;;;;180/70-8;;18;18;530,00;371,00;;;;;;-;0 kg;;
GLO00060;4792290015579;8187;Globestar;PERFORMER;;przemysłowe;OPONA 6.00-9 PERFORMER 4.00 STD Globestar;6.00;;9;;;;;;;15;15;638,00;446,60;;;;;;-;7 kg;;
GLO00062;0440000005160;6367;Globestar;PERFORMER;;przemysłowe;OPONA 21X8-9 PERFORMER 6.00 CLIP Globestar;21X8;;9;;;;;;;14;14;921,96;645,37;;;;;;-;0;;
GLO00063;0440000054687;8208;Globestar;PERFORMER;;przemysłowe;OPONA 6.50-10 PERFORMER 5.00 STD Globestar;6.50;;10;;;;;;;20;20;860,00;602,00;;;;;;-;15 kg;;
GLO00064;4792290015678;8207;Globestar;PERFORMER;;przemysłowe;OPONA 6.50-10 PERFORMER 5.00 CLIP Globestar;6.50;;10;;;;;;;7;7;901,00;630,70;;;;;;-;15 kg;;
GLO00065;0440000005924;5780;Globestar;PERFORMER;;przemysłowe;OPONA 200/50-10 PERFORMER 6.50 CLIP Globestar;200;50;10;;;;;;;17;17;700,00;490,00;;;;;;-;0;;
GLO00066;0440000054656;7002;Globestar;PERFORMER;;przemysłowe;OPONA 23X9-10 (225/75-10) PERFORMER 6.50 CLIP Globestar;23X9;;10;;;;;225/75-10;;6;6;1243,00;870,10;;;;;;-;0 kg;;
GLO00067;4792290015692;8277;Globestar;PERFORMER;;przemysłowe;OPONA 7.00-12 PERFORMER 5.00 STD Globestar;7.00;;12;;;;;;;10;10;1185,00;829,50;;;;;;-;0 kg;;
GLO00069;0440000004644;8347;Globestar;PERFORMER;;przemysłowe;OPONA 8.15-15 PERFORMER /7.00 STD Globestar;8.15;;15;;;;;;;10;10;1390,00;973,00;;;;;;-;0;;
GLO00070;0440000005290;8346;Globestar;PERFORMER;;przemysłowe;OPONA 8.15-15 PERFORMER /7.00 CLIP Globestar;8.15;;15;;;;;;;14;14;1545,00;1081,50;;;;;;-;0;;
GLO00071;0440000007119;7205;Globestar;PERFORMER;;przemysłowe;OPONA 250-15 PERFORMER /7.00 STD Globestar;250;;15;;;;;;;14;14;1750,00;1225,00;;;;;;-;0 kg;;
GLO00074;0440000005771;7203;Globestar;GLOBE;;przemysłowe;OPONA 250-15 GLOBE 7.50 CLIP Clean Globestar;250;;15;;;;;;;1;1;1986,60;1390,62;;;;;;-;0 kg;;
GLO00075;0440000005313;7688;Globestar;PERFORMER;;przemysłowe;OPONA 300-15 PERFORMER /8.00 CLIP Globestar;300;;15;;;;;;;11;11;2845,50;1991,85;;;;;;-;0;;
GLO00077;0440000054663;7553;Globestar;PERFORMER;;przemysłowe;OPONA 27X10-12 (250/75-12) PERFORMER /8.00 CLIP Globestar;27X10;;12;;;;;250/75-12;;17;17;1930,00;1351,00;;;;;;-;0 kg;;
GLO00081;0440000005139;30617;Globestar;PERFORMER;;przemysłowe;OPONA 15X4 1/2-8 PERFORMER /3.00 CLIP Globestar;15X4 1/2;;8;;;;;;;13;13;300,00;210,00;;;;;;-;0;;
GLO00082;0440000005122;30618;Globestar;PERFORMER;;przemysłowe;OPONA 23X10-12 PERFORMER /8.00 CLIP Globestar;23X10;;12;;;;;;;10;10;1190,00;833,00;;;;;;-;0 kg;;
GLO00083;4792290001565;46862;Globestar;GLOBE WIDE-TREAD;;przemysłowe;OPONA 16X6-8 GLOBE WIDE-TREAD /4.33 CLIP Globestar;16X6;;8;;;;;;;15;15;524,00;366,80;;;;;;-;0;;
GLO00084;0440000005719;46863;Globestar;GLOBE WIDE-TREAD;;przemysłowe;OPONA 16X6-8 GLOBE WIDE-TREAD /4.33 CLIP Clean Globestar;16X6;;8;;;;;;;17;17;681,00;476,70;;;;;;-;0;;
GLO00085;4792290005204;46864;Globestar;GLOBE WIDE-TREAD;;przemysłowe;OPONA 6.00-9 GLOBE WIDE-TREAD 4.00 STD Clean Globestar;6.00;;9;;;;;;;10;10;857,46;600,22;;;;;;-;0;;
GLO00086;0440000007096;46865;Globestar;GLOBE WIDE-TREAD;;przemysłowe;OPONA 21X8-9 GLOBE WIDE-TREAD /6.00 CLIP Globestar;21X8;;9;;;;;;;9;9;1018,00;712,60;;;;;;-;0;;
GLO00087;0440000004613;46866;Globestar;PERFORMER;;przemysłowe;OPONA 200/50-10 PERFORMER /6.50 STD Globestar;200;50;10;;;;;;;4;4;535,50;374,85;;;;;;-;0;;
GLO00088;0440000076214;46867;Globestar;GLOBE WIDE-TREAD;;przemysłowe;OPONA 7.00-12 GLOBE WIDE-TREAD /5.00 STD Clean Globestar;7.00;;12;;;;;;;6;6;1580,00;1106,00;;;;;;-;0;;
GLO00095;4792290002029;50340;Globestar;GLOBE WIDE-TREAD;;przemysłowe;OPONA 18X7-8 GLOBE WIDE-TREAD /4.33 STD Globestar;18X7;;8;;;;;;;1;1;550,00;385,00;;;;;;-;0;;
GLO00097;4792290002074;50342;Globestar;GLOBE WIDE-TREAD;;przemysłowe;OPONA 18X7-8 GLOBE WIDE-TREAD /4.33 CLIP Clean Globestar;18X7;;8;;;;;;;8;8;773,23;541,26;;;;;;-;0;;
GLO00099;4792290002364;50344;Globestar;GLOBE WIDE-TREAD;;przemysłowe;OPONA 200/50-10 GLOBE WIDE-TREAD /6.50 CLIP Globestar;200;50;10;;;;;;;20;20;803,00;562,10;;;;;;-;0;;
GLO00100;4792290003668;50345;Globestar;GLOBE WIDE-TREAD;;przemysłowe;OPONA 250-15 GLOBE WIDE-TREAD /7.00 CLIP Globestar;250;;15;;;;;;;3;3;2200,00;1540,00;;;;;;-;0;;
GLO00102;0440000004798;50347;Globestar;GLOBE WIDE-TREAD;;przemysłowe;OPONA 355/65-15 GLOBE WIDE-TREAD /9.75 CLIP Globestar;355;65;15;;;;;;;1;1;4100,00;2870,00;;;;;;-;0;;
GLO00103;4792290005471;50348;Globestar;GLOBE WIDE-TREAD;;przemysłowe;OPONA 6.50-10 GLOBE WIDE-TREAD 5.00 STD Globestar;6.50;;10;;;;;;;16;16;928,00;649,60;;;;;;-;0;;
GLO00104;4792290005518;50349;Globestar;GLOBE WIDE-TREAD;;przemysłowe;OPONA 6.50-10 GLOBE WIDE-TREAD /5.00 CLIP Globestar;6.50;;10;;;;;;;20;20;975,00;682,50;;;;;;-;0;;
GLO00105;0440000056452;50350;Globestar;GLOBE WIDE-TREAD;;przemysłowe;OPONA 6.50-10 GLOBE WIDE-TREAD /5.00 CLIP Clean Globestar;6.50;;10;;;;;;;8;8;1210,00;847,00;;;;;;-;0;;
GLO00109;4792290002067;51743;Globestar;GLOBE WIDE-TREAD;;przemysłowe;OPONA 18X7-8 GLOBE WIDE-TREAD 4.33 CLIP Globestar;18X7;;8;;;;;;;20;20;590,00;413,00;;;;;;-;0;;
GLO00110;0440000004699;51772;Globestar;GLOBE WIDE-TREAD;;przemysłowe;OPONA 8.15-15 (28X9-15) GLOBE WIDE-TREAD /7.00 CLIP Globestar;8.15;;15;;;;;28X9-15;;20;20;1670,00;1169,00;;;;;;-;0;;
GLO00111;4792290003293;51745;Globestar;GLOBE WIDE-TREAD;;przemysłowe;OPONA 23X9-10 (225/75-10) GLOBE WIDE-TREAD 6.50 CLIP Globestar;23X9;;10;;;;;225/75-10;;17;17;1344,00;940,80;;;;;;-;0;;
GLO00113;0440000005283;51747;Globestar;GLOBE WIDE-TREAD;;przemysłowe;OPONA 27X10-12 (250/75-12) GLOBE WIDE-TREAD 8.00 CLIP Clean Globestar;27X10;;12;;;;;250/75-12;;8;8;2778,24;1944,77;;;;;;-;0;;
GLO00114;4792290004917;51748;Globestar;GLOBE WIDE-TREAD;;przemysłowe;OPONA 5.00-8 GLOBE WIDE-TREAD /3.00 STD Globestar;5.00;;8;;;;;;;20;20;419,00;293,30;;;;;;-;0;;
GLO00116;0440000004712;51763;Globestar;GLOBE WIDE-TREAD;;przemysłowe;OPONA 5.00-8 GLOBE WIDE-TREAD /3.00 CLIP Globestar;5.00;;8;;;;;;;8;8;410,27;287,19;;;;;;-;0;;
GLO00118;4792290005198;51766;Globestar;GLOBE WIDE-TREAD;;przemysłowe;OPONA 6.00-9 GLOBE WIDE-TREAD 4.00 STD Globestar;6.00;;9;;;;;;;20;20;708,00;495,60;;;;;;-;0;;
GLO00119;0440000079628;51767;Globestar;GLOBE WIDE-TREAD;;przemysłowe;OPONA 6.00-9 GLOBE WIDE-TREAD 4.00 CLIP Globestar;6.00;;9;;;;;;;5;5;640,00;448,00;;;;;;-;0;;
GLO00120;4792290005709;51768;Globestar;GLOBE WIDE-TREAD;;przemysłowe;OPONA 7.00-12 GLOBE WIDE-TREAD 5.00 STD Globestar;7.00;;12;;;;;;;20;20;1144,50;801,15;;;;;;-;0;;
GLO00122;4792290005747;51770;Globestar;GLOBE WIDE-TREAD;;przemysłowe;OPONA 7.00-12 GLOBE WIDE-TREAD 5.00 CLIP Globestar;7.00;;12;;;;;;;2;2;1290,00;903,00;;;;;;-;0;;
GLO00123;4792290006164;51771;Globestar;GLOBE WIDE-TREAD;;przemysłowe;OPONA 8.15-15 (28X9-15) GLOBE WIDE-TREAD /7.00 STD Globestar;8.15;;15;;;;;28X9-15;;10;10;1484,00;1038,80;;;;;;-;0;;
GLO00125;0440000004637;57618;Globestar;GLOBE WIDE-TREAD;;przemysłowe;OPONA 250-15 GLOBE WIDE-TREAD /7.00 STD Clean Globestar;250;;15;;;;;;;16;16;2386,65;1670,65;;;;;;-;0;;
GLO00126;0440000005481;57619;Globestar;GLOBE WIDE-TREAD;;przemysłowe;OPONA 300-15 GLOBE WIDE-TREAD 8.00 CLIP Globestar;300;;15;;;;;;;9;9;3076,50;2153,55;;;;;;-;0;;
GLO00127;0440000005450;57638;Globestar;GLOBE WIDE-TREAD;;przemysłowe;OPONA 8.15-15 (28X9-15) GLOBE WIDE-TREAD /7.00 STD Clean Globestar;8.15;;15;;;;;28X9-15;;8;8;2038,00;1426,60;;;;;;-;0;;
GLO00128;0440000005436;57639;Globestar;GLOBE WIDE-TREAD;;przemysłowe;OPONA 8.25-15 GLOBE WIDE-TREAD 5.50 CLIP Globestar;8.25;;15;;;;;;;8;8;2100,00;1470,00;;;;;;-;0;;
GLO00131;0440000079611;60768;Globestar;GLOBE WIDE-TREAD;;przemysłowe;OPONA 15X4 1/2-8 GLOBE WIDE-TREAD /3.00 STD Globestar;15X4 1/2;;8;;;;;;;4;4;300,00;210,00;;;;;;-;0;;
GLO00139;0440000004828;60771;Globestar;GLOBE WIDE-TREAD;;przemysłowe;OPONA 200/50-10 GLOBE WIDE-TREAD 6.50 CLIP Clean Globestar;200;50;10;;;;;;;7;7;1075,00;752,50;;;;;;-;0;;
GLO00140;0440000084219;60772;Globestar;GLOBE WIDE-TREAD;;przemysłowe;OPONA 300-15 GLOBE WIDE-TREAD 8.00 STD Globestar;300;;15;;;;;;;8;8;3051,90;2136,33;;;;;;-;0;;
GLO00141;0440000004620;60773;Globestar;GLOBE WIDE-TREAD;;przemysłowe;OPONA 6.50-10 GLOBE WIDE-TREAD 5.00 STD Clean Globestar;6.50;;10;;;;;;;6;6;1150,00;805,00;;;;;;-;0;;
GLO00142;0440000004736;62867;Globestar;GLOBE WIDE-TREAD;;przemysłowe;OPONA 27X10-12 (250/75-12) GLOBE WIDE-TREAD 8.00 CLIP Globestar;27X10;;12;;;;;250/75-12;;4;4;2153,00;1507,10;;;;;;-;0;;
GLO00143;0440000007102;62868;Globestar;GLOBE WIDE-TREAD;;przemysłowe;OPONA 4.00-8 GLOBE WIDE-TREAD /3.00 STD Globestar;4.00;;8;;;;;;;5;5;345,00;241,50;;;;;;-;0;;
GLO00144;0440000005276;62869;Globestar;GLOBE WIDE-TREAD;;przemysłowe;OPONA 8.25-15 GLOBE WIDE-TREAD 6.50 STD Globestar;8.25;;15;;;;;;;8;8;2010,00;1407,00;;;;;;-;0;;
GLO00146;0440000007034;63897;Globestar;GLOBE WIDE-TREAD;;przemysłowe;OPONA 8.25-15 GLOBE WIDE-TREAD 6.50 CLIP Globestar;8.25;;15;;;;;;;14;14;2550,00;1785,00;;;;;;-;0;;
GLO00147;0440000004811;66245;Globestar;GLOBE WIDE-TREAD;;przemysłowe;OPONA 200/50-10 GLOBE WIDE-TREAD /6.50 STD Clean Globestar;200;50;10;;;;;;;4;4;798,00;558,60;;;;;;-;0;;
GLO00148;0440000007072;66246;Globestar;GLOBE WIDE-TREAD;;przemysłowe;OPONA 21X8-9 GLOBE WIDE-TREAD /6.00 CLIP Clean Globestar;21X8;;9;;;;;;;10;10;1280,00;896,00;;;;;;-;0;;
GLO00149;0440000007010;66247;Globestar;GLOBE WIDE-TREAD;;przemysłowe;OPONA 4.00-8 GLOBE WIDE-TREAD /3.00 CLIP Clean Globestar;4.00;;8;;;;;;;7;7;442,03;309,42;;;;;;-;0;;
GLO00150;0440000007126;66249;Globestar;GLOBE WIDE-TREAD;;przemysłowe;OPONA 8.15-15 (28X9-15) GLOBE WIDE-TREAD /7.00 CLIP Clean Globestar;8.15;;15;;;;;28X9-15;;8;8;2000,00;1400,00;;;;;;-;0;;
GLO00152;4792290031227;66251;Globestar;ULTIMATE XT;;przemysłowe;OPONA 23X9-10 (225/75-10) ULTIMATE XT 6.50 CLIP Globestar;23X9;;10;;;;;225/75-10;;1;1;1585,00;1109,50;;;;;;-;0;;
GLO00154;4792290003309;69357;Globestar;GLOBE WIDE-TREAD;;przemysłowe;OPONA 23X9-10 (225/75-10) GLOBE WIDE-TREAD 6.50 CLIP Clean Globestar;23X9;;10;;;;;225/75-10;;14;14;1586,30;1110,41;;;;;;-;0 kg;;
GLO00158;0440000079635;75713;Globestar;GLOBE WIDE-TREAD STD;;przemysłowe;OPONA 9.00-20 GLOBE WIDE-TREAD STD 6.50 ANS STD Globestar;9.00;;20;;;;;;;2;2;4450,00;3115,00;;;;;;-;0;;
GLO00159;0440000091965;78706;Globestar;GLOBE WIDE-TREAD;;przemysłowe;OPONA 27X10-12 (250/75-12) GLOBE WIDE-TREAD 8.00 STD Globestar;27X10;;12;;;;;250/75-12;;2;2;2038,27;1426,79;;;;;;-;0;;
GLO00160;0440000091972;78707;Globestar;GLOBE WIDE-TREAD;;przemysłowe;OPONA 4.00-8 GLOBE WIDE-TREAD /3.00 STD Clean Globestar;4.00;;8;;;;;;;14;14;455,00;318,50;;;;;;-;0;;
GLO00161;0440000109653;86282;Globestar;GLOBE WIDE-TREAD;;przemysłowe;OPONA 4.00-8 GLOBE WIDE-TREAD /3.00 CLIP Globestar;4.00;;8;;;;;;;10;10;436,51;305,56;;;;;;-;0;;
GLO00163;0440000112844;87963;Globestar;ULTIMATE XT CLEAN;;przemysłowe;OPONA 8.15-15 ULTIMATE XT CLEAN /7.00 STD Globestar;8.15;;15;;;;;;;10;10;2200,00;1540,00;;;;;;-;0;;
GLO00164;0440000128128;94031;Globestar;ULTIMATE XT SM;;przemysłowe;OPONA 6.00-9 ULTIMATE XT SM 4.00 STD Globestar;6.00;;9;;;;;;;10;10;720,00;504,00;;;;;;-;0;;
GLO00165;0440000123147;91816;Globestar;PERFORMER;;przemysłowe;OPONA 250-15 PERFORMER 7.50 CLIP Globestar;250;;15;;;;;;;18;18;2085,00;1459,50;;;;;;-;0 kg;;
GLO00180;0440000119089;89987;Globestar;ULTIMATE XT SM SLICK;;przemysłowe;OPONA 6.00-9 ULTIMATE XT SM SLICK 4.00 STD Globestar;6.00;;9;;;;;;;8;8;720,00;504,00;;;;;;-;0;;
GO0026;8859305513430;63934;Goldencrown;CR976A;;ciężarowe;OPONA 255/70R22.5 CR976A 140/137M FRONT Goldencrown;255;70;22.5;M;;140/137;;;;4;4;990,00;693,00;;;;;;R;0;;
GOL0002;8859305513331;50129;Goldencrown;CR976A;;ciężarowe;OPONA 295/80R22.5 CR976A 154/149M M+S FRONT Goldencrown (C,C,2,73dB);295;80;22.5;;M;154;149;;;2;2;1380,00;966,00;C;C;2;73dB;;R;0;;
GOL0003;8859305513386;50130;Goldencrown;CR960A;;ciężarowe;OPONA 315/70R22.5 CR960A 156/150L M+S FRONT Goldencrown (D,C,2,71dB);315;70;22.5;;L;156;150;;;4;4;1400,00;980,00;D;C;2;71dB;;R;58 kg;;
GOL0004;8859305513362;50131;Goldencrown;CM335;;ciężarowe;OPONA 315/80R22.5 CM335 154/151M 3PMSF M+S DRIVE Goldencrown (E,B,2,74dB);315;80;22.5;;M;154;151;;;20;20;1520,00;1064,00;E;B;2;74dB;;R;70 kg;;
GOL0005;8859305513355;50132;Goldencrown;CR960A;;ciężarowe;OPONA 315/80R22.5 CR960A 154/151M M+S FRONT Goldencrown (E,C,2,71dB);315;80;22.5;;M;154;151;;;8;8;1440,00;1008,00;E;C;2;71dB;;R;62 kg;;
GOL0006;8859305513379;50133;Goldencrown;MD777;;ciężarowe;OPONA 315/80R22.5 MD777 154/151L ON/OFF M+S DRIVE Goldencrown (D,B,2,74dB);315;80;22.5;;L;154;151;;;20;20;1340,00;938,00;D;B;2;74dB;;R;0;;
GOL0007;0440000091019;50134;Goldencrown;CR966;;ciężarowe;OPONA 385/55R22.5 CR966 160K M+S TRAILER Goldencrown (C,B,2,72dB);385;55;22.5;K;;160;;;;12;12;1500,00;1050,00;C;B;2;72dB;;R;0;;
GOL0009;8859305513324;50136;Goldencrown;CR976A;;ciężarowe;OPONA 385/65R22.5 CR976A 158L/160K M+S TRAILER Goldencrown (C,C,2,73dB);385;65;22.5;L;K;158;160;;;7;7;1540,00;1078,00;C;C;2;73dB;;R;0;;
GOL0011;8859305513447;51337;Goldencrown;CR976A;;ciężarowe;OPONA 275/70R22.5 CR976A 148/145M M+S FRONT Goldencrown (D,C,2,73dB);275;70;22.5;;M;148;145;;;20;20;1250,00;875,00;D;C;2;73dB;;R;47,2 kg;;
GOL0013;8859305513393;51339;Goldencrown;CM335;;ciężarowe;OPONA 315/70R22.5 CM335 154/150L 3PMSF M+S DRIVE Goldencrown (E,C,2,74dB);315;70;22.5;;L;154;150;;;20;20;1310,00;917,00;E;C;2;74dB;;R;65 kg;;
GOL0014;8859305513423;52167;Goldencrown;AT557;;ciężarowe;OPONA 385/65R22.5 AT557 160K/158L ON/OFF M+S ALL POSITION Goldencrown (D,C,2,72dB);385;65;22.5;K;L;160;158;;;20;20;1535,00;1074,50;D;C;2;72dB;;R;76,6 kg;;
GOL0016;8859305513317;57198;Goldencrown;AD153;;ciężarowe;OPONA 315/80R22.5 AD153 154/151M 3PMSF M+S DRIVE Goldencrown (E,C,2,73dB);315;80;22.5;;M;154;151;;;20;20;1470,00;1029,00;E;C;2;73dB;;R;0;;
GOL0017;8859305514918;58237;Goldencrown;CR926 ON/OFF;;ciężarowe;OPONA 13R22.5 CR926 ON/OFF 156/151K ON/OFF FRONT Goldencrown (D,C,2,73dB);13;;22.5;K;;156/151;;;;20;20;1380,00;966,00;D;C;2;73dB;;R;66,4 kg;;
GOL0018;8859305514840;58238;Goldencrown;CM335;;ciężarowe;OPONA 295/60R22.5 CM335 150/147K 3PMSF M+S DRIVE Goldencrown (E,C,2,74dB);295;60;22.5;K;;150/147;;;;20;20;1140,00;798,00;E;C;2;74dB;;R;50 kg;;
GOL0019;8859305514857;58239;Goldencrown;CM335;;ciężarowe;OPONA 315/60R22.5 CM335 152/148M 3PMSF M+S DRIVE Goldencrown (E,C,2,74dB);315;60;22.5;M;;152/148;;;;12;12;1350,00;945,00;E;C;2;74dB;;R;57,33 kg;;
GOL0020;8859305514888;58492;Goldencrown;CR931;;ciężarowe;OPONA 425/65R22.5 CR931 165K M+S TRAILER Goldencrown (C,B,2,73dB);425;65;22.5;K;;165;;;;2;2;1970,00;1379,00;C;B;2;73dB;;R;0;;
GOL0021;8859305514895;58495;Goldencrown;CR931;;ciężarowe;OPONA 445/65R22.5 CR931 169K M+S TRAILER Goldencrown (C,B,2,73dB);445;65;22.5;K;;169;;;;20;20;2000,00;1400,00;C;B;2;73dB;;R;0;;
GOL0022;0440000048303;59641;Goldencrown;MD777;;ciężarowe;OPONA 13R22.5 MD777 156/151K ON/OFF M+S DRIVE Goldencrown (D,C,2,75dB);13;;22.5;;K;156;151;;;20;20;1470,00;1029,00;D;C;2;75dB;;R;72,5 kg;;
GOL0023;8859305514871;60631;Goldencrown;CR966;;ciężarowe;OPONA 315/60R22.5 CR966 152/148M M+S FRONT Goldencrown (D,B,2,72dB);315;60;22.5;M;;152/148;;;;16;16;1280,00;896,00;D;B;2;72dB;;R;54,15 kg;;
GOL0024;0440000091026;61052;Goldencrown;AT555;;ciężarowe;OPONA 435/50R19.5 AT555 160J/20 PR M+S TRAILER Goldencrown (C,C,2,72dB);435;50;19.5;J;;160;20 PR;;;1;1;1420,00;994,00;C;C;2;72dB;;R;69,8 kg;;
GOL0025;8859305514864;61394;Goldencrown;CR966;;ciężarowe;OPONA 295/60R22.5 CR966 150/147L FRONT Goldencrown (C,B,2,72dB);295;60;22.5;;L;150;147;;18PR;18;18;1240,00;868,00;C;B;2;72dB;;R;0;;
GOL0026;0440000046699;65176;Goldencrown;MD101;;ciężarowe;OPONA 315/80R22.5 MD101 157/154K ON/OFF 3PMSF DRIVE Goldencrown (B,D,74dB);315;80;22.5;;K;157;154;;ON/OFF;20;20;1280,00;896,00;B;D;;74dB;;R;70 kg;;
GOL0027;0440000046620;65178;Goldencrown;AZ170;;ciężarowe;OPONA 385/65R22.5 AZ170 160K 3PMSF M+S ALL POSITION Goldencrown (C,C,2,73dB);385;65;22.5;K;;160;;;;20;20;1270,00;889,00;C;C;2;73dB;;R;74 kg;;
GOL0028;8859305523972;67013;Goldencrown;AD153;;ciężarowe;OPONA 315/70R22.5 AD153 154/150L DRIVE Goldencrown (C,E,73dB);315;70;22.5;;L;154;150;;;20;20;1100,00;770,00;C;E;;73dB;;R;59 kg;;
GOL0029;0440000055967;67685;Goldencrown;MD101;;ciężarowe;OPONA 13R22.5 MD101 156/151K ON/OFF 3PMSF M+S DRIVE Goldencrown (D,B,B,74dB);13;;22.5;;K;156;151;;;20;20;1320,00;924,00;D;B;B;74dB;;R;70 kg;;
GOL0030;8859305515137;68762;Goldencrown;CR926B;;ciężarowe;OPONA 315/80R22.5 CR926B 154/151M ON/OFF FRONT Goldencrown (D,C,B,73dB);315;80;22.5;;M;154;151;;ON/OFF;10;10;1420,00;994,00;D;C;B;73dB;;R;64 kg;;
GOL0031;0440000081478;69858;Goldencrown;AZ170;;ciężarowe;OPONA 385/55R22.5 AZ170 160K/(158L) 3PMSF M+S ALL POSITION Goldencrown (B,B,B,73dB);385;55;22.5;K;;160;(158L);;;20;20;1260,00;882,00;B;B;B;73dB;;R;60,84 kg;;
GOL0032;0440000046651;70136;Goldencrown;AZ170;;ciężarowe;OPONA 315/70R22.5 AZ170 156/150L 3PMSF M+S FRONT Goldencrown (C,C,B,73dB);315;70;22.5;;L;156;150;;;20;20;1180,00;826,00;C;C;B;73dB;;R;0 kg;;
GOL0036;0440000079925;71668;Goldencrown;AZ170;;ciężarowe;OPONA 295/80R22.5 AZ170 154/149M 3PMSF M+S FRONT Goldencrown (C,C,B,73dB);295;80;22.5;;M;154;149;;;20;20;1210,00;847,00;C;C;B;73dB;;R;54,21 kg;;
GOL0037;0440000081843;71881;Goldencrown;AT556;;ciężarowe;OPONA 445/45R19.5 AT556 160J TRAILER Goldencrown (C,C,2,72dB);445;45;19.5;J;;160;;;;19;19;1410,00;987,00;C;C;2;72dB;;R;0 kg;;
GOL0038;0440000086510;77616;Goldencrown;AZ170;;ciężarowe;OPONA 315/80R22.5 AZ170 156/153L 3PMSF FRONT Goldencrown (C,C,B,73dB);315;80;22.5;;L;156;153;;;20;20;1190,00;833,00;C;C;B;73dB;;R;0 kg;;
GOL0039;0440000095406;80412;Goldencrown;CR960A;;ciężarowe;OPONA 235/75R17.5 CR960A 143/141J M+S FRONT/TRAILER Goldencrown (D,C,B,71dB);235;75;17.5;;J;143;141;;;13;13;710,00;497,00;D;C;B;71dB;;R;0;;
GOL0040;0440000095413;80417;Goldencrown;AT557;;ciężarowe;OPONA 445/65R22.5 AT557 169K ON/OFF 3PMSF M+S ALL POSITION Goldencrown (D,C,B,73dB);445;65;22.5;K;;169;;;;20;20;2140,00;1498,00;D;C;B;73dB;;R;94,6 kg;;
GOL00411;0440000123062;91893;Goldencrown;AZ170;;ciężarowe;OPONA 225/75R17.5 AZ170 129/127M M+S ALL POSITION Goldencrown (D,D,B,73dB);225;75;17.5;;M;129;127;;DRIVE;16;16;670,00;469,00;D;D;B;73dB;;R;0;;
GOL0042;0440000109806;86493;Goldencrown;AZ170;;ciężarowe;OPONA 235/75R17.5 AZ170 143/141J M+S FRONT/TRAILER Goldencrown (D,C,B,71dB);235;75;17.5;;J;143;141;;;20;20;650,00;455,00;D;C;B;71dB;;R;28,9 kg;;
GOL0043;0440000110734;87015;Goldencrown;AS121;;ciężarowe;OPONA 315/60R22.5 AS121 154/150L/(152/148M) 3PMSF M+S FRONT Goldencrown (B,D,B,74dB);315;60;22.5;L;;154/150;(152/148M);;;20;20;1200,00;840,00;B;D;B;74dB;;R;54,15 kg;;
GOL0044;0440000115265;87198;Goldencrown;AZ170;;ciężarowe;OPONA 265/70R19.5 AZ170 143/141J M+S FRONT/TRAILER Goldencrown (D,C,B,71dB);265;70;19.5;;J;143;141;;;20;20;810,00;567,00;D;C;B;71dB;;R;37,5 kg;;
GOL0050;0440000117221;88870;Goldencrown;AZ170;;ciężarowe;OPONA 215/75R17.5 AZ170 128/126M M+S FRONT Goldencrown;215;75;17.5;;M;128;126;;;20;20;600,00;420,00;;;;;;R;54,21 kg;;
GOL0452;0440000111359;87573;Goldencrown;AS121;;ciężarowe;OPONA 295/60R22.5 AS121 150/147L 3PMSF M+S FRONT Goldencrown (B,C,B,74dB);295;60;22.5;;L;150;147;;18PR;20;20;1120,00;784,00;B;C;B;74dB;;R;0;;
IND00003;0440000055202;4627;Speedways;PK-303;;rolnicze;OPONA 10.0/75-15.3 (260/75-15.3) PK-303 14PR TL Speedways;10.0;75;15.3;;;14PR;;260/75-15.3;;11;11;345,00;241,50;;;;;;-;0;;
IND00005;0440000006877;808;Speedways;PK-303;;rolnicze;OPONA 10.0/80-12 PK-303 10PR TL Speedways;10.0;80;12;;;10PR;;;;20;20;285,00;199,50;;;;;;-;0;;
IND00006;0440000010850;3514;Speedways;PK-303;;rolnicze;OPONA 11.5/80-15.3 PK-303 14PR TL Speedways;11.5;80;15.3;;;14PR;;;;20;20;380,00;266,00;;;;;;-;0;;
IND00008;0440000055196;838;Speedways;PK-303;;rolnicze;OPONA 11.5/80-15.3 PK-303 22PR TL Speedways;11.5;80;15.3;;;22PR;;;;20;20;672,00;470,40;;;;;;-;0;;
IND00014;0440000002749;3198;Speedways;RIB-777;;rolnicze;OPONA 200/60-14.5 RIB-777 14PR TL Speedways;200;60;14.5;;;14PR;;;;20;20;302,00;211,40;;;;;;-;0;;
IND00017;0440000006693;8182;Speedways;SW-201;;rolnicze;OPONA 6.00-16 SW-201 8PR TT Speedways;6.00;;16;;;8PR;;;;20;20;205,00;143,50;;;;;;-;0;;
IND00018;0440000047641;21311;Speedways;GRIPKING;;rolnicze;OPONA 9.5-24 GRIPKING 8PR TT Speedways;9.5;;24;;;8PR;;;;4;4;600,00;420,00;;;;;;-;0;;
IND00019;0440000010980;3193;Speedways;SW-201;;rolnicze;OPONA 7.50-16 SW-201 8PR TT Speedways;7.50;;16;;;8PR;;;;20;20;290,00;203,00;;;;;;-;0;;
IND000212;0440000082673;63310;Speedways;POWERLUG R-4;;przemysłowe;OPONA 19.5-24 POWERLUG R-4 12 PR TL Speedways;19.5;;24;;;12 PR;;;;4;4;1650,00;1155,00;;;;;;-;0;;
IND00023;0440000004446;3195;Speedways;GRIPKING;;rolnicze;OPONA 16.9-28 GRIPKING 12PR TT Speedways;16.9;;28;;;12PR;;;;8;8;1700,00;1190,00;;;;;;-;0;;
IND00036;0440000008338;4849;Speedways;GRIPKING;;rolnicze;OPONA 13.6-24 (340/85-24) GRIPKING 12PR TT Speedways;13.6;;24;;;12PR;;340/85-24;;12;12;1000,00;700,00;;;;;;-;0;;
IND00037;0440000045685;4685;Speedways;GRIPKING;;rolnicze;OPONA 11.2-28 GRIPKING 8PR TT Speedways;11.2;;28;;;8PR;;;;9;9;800,00;560,00;;;;;;-;0;;
IND00082;0440000010454;4850;Speedways;GRIPKING;;rolnicze;OPONA 13.6-24 (340/85-24) GRIPKING 8PR TT Speedways;13.6;;24;;;8PR;;340/85-24;;10;10;900,00;630,00;;;;;;-;0;;
IND00084;0440000007133;4680;Speedways;GRIPKING;;rolnicze;OPONA 11.2-20 GRIPKING 8PR TT Speedways;11.2;;20;;;8PR;;;;4;4;710,00;497,00;;;;;;-;0;;
IND00088;0440000011055;27926;Speedways;GRIPKING;;rolnicze;OPONA 9.5-32 GRIPKING 8PR TT Speedways;9.5;;32;;;8PR;;;;20;20;612,00;428,40;;;;;;-;0;;
IND00089;0440000006624;27927;Speedways;STEERKING+;;rolnicze;OPONA 12-16.5 STEERKING+ 12PR TL Speedways;12;;16.5;;;12PR;;;;14;14;700,00;490,00;;;;;;-;0;;
IND00092;0440000004361;27930;Speedways;ROCKLUG E3;;przemysłowe;OPONA 15.5-25 ROCKLUG E3 16PR TL Speedways;15.5;;25;;;16PR;;;;2;2;1900,00;1330,00;;;;;;-;0;;
IND00093;0440000007188;27931;Speedways;POWERGRIP G-2;;przemysłowe;OPONA 14.00-24 POWERGRIP G-2 12PR TL Speedways;14.00;;24;;;12PR;;;;4;4;1350,00;945,00;;;;;;-;0 kg;;
IND00107;0440000048211;28034;Speedways;SW-201;;rolnicze;OPONA 6.00-18 SW-201 8PR TT Speedways;6.00;;18;;;8PR;;;;16;16;339,00;237,30;;;;;;-;0;;
IND00109;0440000008321;28036;Speedways;POWERLUG R-4;;przemysłowe;OPONA 16.9-24 POWERLUG R-4 12PR TL Speedways;16.9;;24;;;12PR;;;;4;4;1490,00;1043,00;;;;;;-;0;;
IND00112;0440000048204;28039;Speedways;GRIPKING;;przemysłowe;OPONA 15.5/80-24 (400/80-24) GRIPKING 12PR TL Speedways;15.5;80;24;;;12PR;;400/80-24;;10;10;1430,00;1001,00;;;;;;-;0;;
IND00120;0440000045678;28125;Speedways;GRIPKING;;rolnicze;OPONA 18.4-38 GRIPKING 8PR TT Speedways;18.4;;38;;;8PR;;;;4;4;2300,00;1610,00;;;;;;-;0;;
IND00125;0440000010836;28657;Speedways;GRIPKING;;rolnicze;OPONA 4.00-16 GRIPKING 6PR TT Speedways;4.00;;16;;;6PR;;;;9;9;180,00;126,00;;;;;;-;0;;
IND00128;0440000004460;28660;Speedways;GRIPKING FORESTRY;;leśne;OPONA 16.9-28 GRIPKING FORESTRY 16PR TT Speedways;16.9;;28;;;16PR;;;;7;7;1900,00;1330,00;;;;;;-;0;;
IND00129;0440000047672;28661;Speedways;GRIPKING FORESTRY;;leśne;OPONA 18.4-38 GRIPKING FORESTRY 162A2/16 PR TT Speedways;18.4;;38;A2;;162;16 PR;;;10;10;2900,00;2030,00;;;;;;-;0;;
IND00132;0440000009472;28674;Speedways;POWERLUG R-4;;przemysłowe;OPONA 17.5-24 (17.5L-24) POWERLUG R-4 12PR TL Speedways;17.5;;24;;;12PR;;17.5L-24;;5;5;1600,00;1120,00;;;;;;-;0;;
IND00133;0440000008703;28675;Speedways;TRACKING;;rolnicze;OPONA 15X6.00-6 TRACKING 6PR TL Speedways;15X6.00;;6;;;6PR;;;;6;6;90,00;63,00;;;;;;-;3 kg;;
IND00135;0440000006785;28677;Speedways;TRACKING;;rolnicze;OPONA 16X6.50-8 TRACKING 6PR TL Speedways;16X6.50;;8;;;6PR;;;;1;1;120,00;84,00;;;;;;-;0;;
IND00136;0440000002572;28678;Speedways;TRACKING;;rolnicze;OPONA 16X6.50-8 TRACKING 10PR TL Speedways;16X6.50;;8;;;10PR;;;;20;20;120,00;84,00;;;;;;-;0;;
IND00139;0440000056209;29622;Speedways;GRIPKING FORESTRY;;leśne;OPONA 18.4-34 GRIPKING FORESTRY 16PR TT Speedways;18.4;;34;;;16PR;;;;8;8;3300,00;2310,00;;;;;;-;0;;
IND00143;0440000006976;29626;Speedways;PK-303;;rolnicze;OPONA 13.0/55-16 (340/55-16) PK-303 14PR TL Speedways;13.0;55;16;;;14PR;;340/55-16;;20;20;510,00;357,00;;;;;;-;0;;
IND00149;0440000011659;31822;Speedways;MPT-007;;przemysłowe;OPONA 18-19.5 MPT-007 16PR TL Speedways;18;;19.5;;;16PR;;;;4;4;1850,00;1295,00;;;;;;-;0;;
IND00151;0440000008710;29147;Speedways;F-2;;rolnicze;OPONA 4.00-12 F-2 4PR TT Speedways;4.00;;12;;;4PR;;;;13;13;126,00;88,20;;;;;;-;0;;
IND00152;0440000010645;32215;Speedways;MPT-007;;przemysłowe;OPONA 10.5-20 MPT-007 10PR TL Speedways;10.5;;20;;;10PR;;;;2;2;800,00;560,00;;;;;;-;0;;
IND00156;0440000055325;33170;Speedways;GRIPKING;;rolnicze;OPONA 5.00-15 GRIPKING 6PR TT Speedways;5.00;;15;;;6PR;;;;1;1;197,00;137,90;;;;;;-;0;;
IND00163;0440000055165;34205;Speedways;PK-305;;rolnicze;OPONA 15.0/55-17 PK-305 14PR TL Speedways;15.0;55;17;;;14PR;;;;8;8;680,00;476,00;;;;;;-;0;;
IND00168;0440000122126;34815;Speedways;POWERLUG R-4;;rolnicze;OPONA 18.4-26 POWERLUG R-4 16PR TL Speedways;18.4;;26;;;16PR;;;TL;2;2;1830,00;1281,00;;;;;;-;0;;
IND00174;0440000008307;40248;Speedways;GRIPKING;;przemysłowe;OPONA 15.5/80-24 (400/80-24) GRIPKING 16PR TL Speedways;15.5;80;24;;;16PR;;400/80-24;;2;2;1450,00;1015,00;;;;;;-;0;;
IND00176;0440000008062;40460;Speedways;POWERGRIP G-2;;przemysłowe;OPONA 14.00-24 POWERGRIP G-2 16PR TL Speedways;14.00;;24;;;16PR;;;;6;6;1650,00;1155,00;;;;;;-;0 kg;;
IND00178;0440000047634;43678;Speedways;GRIPKING;;rolnicze;OPONA 11.2-28 GRIPKING 12PR TT Speedways;11.2;;28;;;12PR;;;;1;1;900,00;630,00;;;;;;-;0;;
IND00181;0440000045715;50018;Speedways;TRENCHER;;rolnicze;OPONA 31X15.50-15 TRENCHER 10PR TL Speedways;31X15.50;;15;;;10PR;;;;10;10;716,00;501,20;;;;;;-;0;;
IND00183;0440000004385;50243;Speedways;FLOTATION KING;;rolnicze;OPONA 400/60-15.5 FLOTATION KING 14PR TL Speedways;400;60;15.5;;;14PR;;;;16;16;860,00;602,00;;;;;;-;0;;
IND00185;0440000054991;50537;Speedways;FLOTATION KING;;rolnicze;OPONA 400/60-15.5 FLOTATION KING 18PR TL Speedways;400;60;15.5;;;18PR;;;;20;20;900,00;630,00;;;;;;-;0;;
IND00186;0440000011628;50541;Speedways;GRIPKING;;rolnicze;OPONA 14.9-26 GRIPKING 12PR TT Speedways;14.9;;26;;;12PR;;;;3;3;1360,00;952,00;;;;;;-;0;;
IND00191;0440000004354;51356;Speedways;MPT-007;;przemysłowe;OPONA 18-19.5 MPT-007 18PR TL Speedways;18;;19.5;;;18PR;;;;10;10;1990,00;1393,00;;;;;;-;0;;
IND00197;0440000010423;52136;Speedways;SR-888;;rolnicze;OPONA 18.4R38 (460/85R38) SR-888 149A8/149B TL Speedways;18.4;;38;A8;B;149;149;460/85R38;;1;1;2850,00;1995,00;;;;;;R;0;;
IND00203;0440000045807;57589;Speedways;EV-999;;przemysłowe;OPONA 10.00-20 EV-999 16PR KPL TT Speedways;10.00;;20;;;16PR;;;;9;9;900,00;630,00;;;;;;-;0;;
IND00204;0440000056407;58176;Speedways;RC-999;;rolnicze;OPONA 11.2R44 (270/95R44) RC-999 142A8 TL Speedways;11.2;;44;A8;;142;;270/95R44;;2;2;1900,00;1330,00;;;;;;R;0;;
IND00207;0440000055110;60539;Speedways;MPT;;przemysłowe;OPONA 10.5/80-18 MPT 12PR TL Speedways;10.5;80;18;;;12PR;;;;1;1;750,00;525,00;;;;;;-;0;;
IND00208;0440000010867;60540;Speedways;RC-999;;rolnicze;OPONA 12.4R46 (300/95R46) RC-999 148A8/B TL Speedways;12.4;;46;A8;B;148;;300/95R46;;2;2;2800,00;1960,00;;;;;;R;0;;
IND00210;0440000006341;63443;Speedways;GRIPKING;;rolnicze;OPONA 4.00-36 GRIPKING 4PR TT Speedways;4.00;;36;;;4PR;;;;2;2;640,00;448,00;;;;;;-;0;;
IND00212;0440000082826;63752;Speedways;POWERLUG R-4;;przemysłowe;OPONA 16.9-24 POWERLUG R-4 16PR TL Speedways;16.9;;24;;;16PR;;;;2;2;1560,00;1092,00;;;;;;-;0;;
IND00214;0440000008024;64526;Speedways;RC-999;;rolnicze;OPONA 9.5R32 (230/95R32) RC-999 125A8/128B TL Speedways;9.5;;32;A8;B;125;128;230/95R32;;4;4;1090,00;763,00;;;;;;R;0;;
IND00218;0440000006792;67037;Speedways;MILITARY;;rolnicze;OPONA 6.00-16 MILITARY 6PR TT Speedways;6.00;;16;;;6PR;;;;12;12;500,00;350,00;;;;;;-;0 kg;;
IND00223;0440000045708;69945;Speedways;STEER PLUS;;przemysłowe;OPONA 27X8.50-15 STEER PLUS 8PR TL Speedways;27X8.50;;15;;;8PR;;;;1;1;350,00;245,00;;;;;;-;0 kg;;
IND00225;0440000047658;70209;Speedways;SW-201;;rolnicze;OPONA 7.50-16 SW-201 12PR TT Speedways;7.50;;16;;;12PR;;;;20;20;400,00;280,00;;;;;;-;0 kg;;
IND00229;0440000055103;70614;Speedways;PK-303;;rolnicze;OPONA 10.0/75-15.3 (260/75-15.3) PK-303 16PR TL Speedways;10.0;75;15.3;;;16PR;;260/75-15.3;;20;20;350,00;245,00;;;;;;-;0 kg;;
IND00234;0440000081638;75865;Speedways;PK-303;;rolnicze;OPONA 11.5/80-15.3 PK-303 18PR TL Speedways;11.5;80;15.3;;;18PR;;;;20;20;620,00;434,00;;;;;;-;0 kg;;
IND00243;0440000082321;75919;Speedways;ROCKLUG E3;;przemysłowe;OPONA 17.5-25 ROCKLUG E3 16PR TL Speedways;17.5;;25;;;16PR;;;;4;4;2350,00;1645,00;;;;;;-;0 kg;;
IND00254;0440000096571;80352;Speedways;ROCKLUG E3;;przemysłowe;OPONA 23.5-25 ROCKLUG E3 24PR TL Speedways;23.5;;25;;;24PR;;;;12;12;4950,00;3465,00;;;;;;-;0 kg;;
IND00257;0440000096205;80358;Speedways;GRIPKING;;rolnicze;OPONA 15.5-38 GRIPKING 12PR TT Speedways;15.5;;38;;;12PR;;;;14;14;1650,00;1155,00;;;;;;-;0;;
IND00260;0440000097400;80715;Speedways;MPT;;przemysłowe;OPONA 12.5/80-18 MPT 16PR TL Speedways;12.5;80;18;;;16PR;;;;4;4;830,00;581,00;;;;;;-;0;;
IND00261;0440000097431;80716;Speedways;ROCKLUG E3;;przemysłowe;OPONA 23.5-25 ROCKLUG E3 28PR TL Speedways;23.5;;25;;;28PR;;;;6;6;5250,00;3675,00;;;;;;-;0 kg;;
IND00302;0440000097448;80912;Speedways;POWERLUG R-4;;przemysłowe;OPONA 16.9-28 POWERLUG R-4 16PR TL Speedways;16.9;;28;;;16PR;;;;4;4;1900,00;1330,00;;;;;;-;0;;
IND00303;0440000097455;80913;Speedways;MILITARY;;rolnicze;OPONA 9.00-16 MILITARY 14PR/125G TT Speedways;9.00;;16;;G;14PR;125;;;6;6;650,00;455,00;;;;;;-;0 kg;;
IND00316;0440000127350;81535;Speedways;RC-999;;rolnicze;OPONA 9.5R48 (230/95R48) RC-999 136A8/B TL Speedways;9.5;;48;A8/B;;136;;230/95R48;;3;3;1550,00;1085,00;;;;;;R;69 kg;;
IND00325;0440000103576;83261;Speedways;POWERPLUS HD;;rolnicze;OPONA 18X8.50-8 POWERPLUS HD 10PR TL Speedways;18X8.50;;8;;;10PR;;;;3;3;220,00;154,00;;;;;;-;0;;
IND00341;0440000108908;85635;Speedways;POWERPLUS HD;;rolnicze;OPONA 18X8.50-8 POWERPLUS HD 6PR TL Speedways;18X8.50;;8;;;6PR;;;;3;3;220,00;154,00;;;;;;-;0;;
IND00342;0440000108915;85636;Speedways;POWERPLUS;;rolnicze;OPONA 20.5X8.00-10 POWERPLUS 10PR TL Speedways;20.5X8.00;;10;;;10PR;;;;3;3;230,00;161,00;;;;;;-;0;;
IND00396;0440000122119;91370;Speedways;GRIPKING HD;;rolnicze;OPONA 12.4-24 (320/85-24) GRIPKING HD 12PR TT Speedways;12.4;;24;;;12PR;;320/85-24;;12;12;890,00;623,00;;;;;;-;0;;
IND00400;0440000122355;91353;Speedways;PK-303;;rolnicze;OPONA 12.5/80-15.3 PK-303 22PR TL Speedways;12.5;80;15.3;;;22PR;;;;20;20;700,00;490,00;;;;;;-;0;;
IND00401;0440000122331;91354;Speedways;SW-201;;rolnicze;OPONA 6.50-20 SW-201 10PR TT Speedways;6.50;;20;;;10PR;;;;18;18;450,00;315,00;;;;;;-;0;;
IND00403;0440000127275;93362;Speedways;RC-999;;rolnicze;OPONA 9.5R36 (230/95R36) RC-999 130B/130A8 TL Speedways;9.5;;36;B;A8;130;130;230/95R36;;4;4;1350,00;945,00;;;;;;R;69 kg;;
IND00405;0440000127220;93365;Speedways;PK-307;;rolnicze;OPONA 19.0/45-17 PK-307 22PR TL Speedways;19.0;45;17;;;22PR;;;;2;2;1100,00;770,00;;;;;;-;0;;
IND00406;0440000127251;93366;Speedways;GRIPKING;;rolnicze;OPONA 7.00-12 GRIPKING 10PR TT Speedways;7.00;;12;;;10PR;;;TT;12;12;250,00;175,00;;;;;;-;0 kg;;
IND00407;0440000127190;93367;Speedways;GRIPKING HD;;rolnicze;OPONA 12.4-24 (320/85-24) GRIPKING HD 8PPR TT Speedways;12.4;;24;;;8PPR;;320/85-24;;8;8;850,00;595,00;;;;;;-;0;;
IND00408;0440000127206;93368;Speedways;GRIPKING;;rolnicze;OPONA 12.4-36 (320/85-36) GRIPKING 12PR TT Speedways;12.4;;36;;;12PR;;320/85-36;;4;4;1100,00;770,00;;;;;;-;0;;
IND00409;0440000128357;93369;Speedways;SR-777;;rolnicze;OPONA 280/70R20 SR-777 116B/116A8 TL Speedways;280;70;20;B;A8;116;116;;;8;8;820,00;574,00;;;;;;R;0;;
IND00410;0440000128340;93371;Speedways;GRIPKING;;rolnicze;OPONA 20.8-38 GRIPKING 28PR TT Speedways;20.8;;38;;;28PR;;;;4;4;4500,00;3150,00;;;;;;-;0 kg;;
IND004710;0440000128364;93370;Speedways;RC-999;;rolnicze;OPONA 9.5R44 (230/95R44) RC-999 134B/134A8 TL Speedways;9.5;;44;B;A8;134;134;230/95R44;;18;18;1420,00;994,00;;;;;;R;0;;
IND00480;0440000127213;93181;Speedways;GRIPKING HD;;rolnicze;OPONA 14.9-24 (380/85-24) GRIPKING HD 12PR TT Speedways;14.9;;24;;;12PR;;380/85-24;;14;14;1220,00;854,00;;;;;;-;0;;
IND00500;0440000127336;93180;Speedways;MONSTER L5;;przemysłowe;OPONA 10-16.5 MONSTER L5 12PR TL Speedways;10;;16.5;;;12PR;;;;20;20;720,00;504,00;;;;;;-;0;;
IND00501;0440000127244;93360;Speedways;FL-60;;rolnicze;OPONA 425/55R17 FL-60 129D TL Speedways;425;55;17;D;;129;;;;4;4;1300,00;910,00;;;;;;R;0;;
KOIM1040041T;5901765100019;25588;Kabat;IMP-02;;rolnicze;OPONA 4.00-10 IMP-02 4PR TT Kabat;4.00;;10;;;4PR;;;;17;17;91,01;76,45;;;;;;-;0;;
KOIM61560061L;0440000106492;67556;Kabat;IMP-06 LINIOWA IMPLEMENT;;rolnicze małe;OPONA 15X6.00-6 IMP-06 LINIOWA IMPLEMENT 6PR TL Kabat;15X6.00;;6;;;6PR;;;;6;6;97,04;97,04;;;;;;-;0;;
KOIM61560061T;5901765100323;76733;Kabat;IMP-06 LINIOWA IMPLEMENT;;rolnicze małe;OPONA 15X6.00-6 IMP-06 LINIOWA IMPLEMENT 6PR TT Kabat;15X6.00;;6;;;6PR;;;;4;4;97,04;97,04;;;;;;-;0;;
KOIM81885061T;5901765100422;61919;Kabat;IMP-06 LINIOWA;;rolnicze małe;OPONA 18X8.50-8 IMP-06 LINIOWA 6PR TT Kabat;18X8.50;;8;;;6PR;;;;7;7;118,64;118,64;;;;;;-;0 kg;;
KOIM81885062L;0440000098360;65081;Kabat;LWG-02 IMP KLOCKOWA;;rolnicze małe;OPONA 18X8.50-8 LWG-02 IMP KLOCKOWA 6PR TL Kabat;18X8.50;;8;;;6PR;;;;2;2;136,51;136,51;;;;;;-;0;;
KOIM81885062T;5901765100439;44240;Kabat;LWG-02 IMP KLOCKOWA;;rolnicze małe;OPONA 18X8.50-8 LWG-02 IMP KLOCKOWA 6PR TT Kabat;18X8.50;;8;;;6PR;;;;8;8;138,14;138,14;;;;;;-;0;;
KOIM840041T;5901765100002;25498;Kabat;IMP-01;;rolnicze;OPONA 4.00-8 IMP-01 4PR TT Kabat;4.00;;8;;;4PR;;;;20;20;56,88;47,78;;;;;;-;0;;
KOIM840061T;5901765100224;29920;Kabat;IMP-01;;rolnicze;OPONA 4.00-8 IMP-01 6PR TT Kabat;4.00;;8;;;6PR;;;;5;5;61,76;51,88;;;;;;-;0;;
KOIM950041T;5901765100125;28187;Kabat;IMP-02;;rolnicze;OPONA 5.00-9 IMP-02 4PR TT Kabat;5.00;;9;;;4PR;;;;5;5;159,26;133,78;;;;;;-;0;;
KOSG2814981T;0440000010584;41249;Kabat;SGP-03 SUPRA GRIP;;rolnicze;OPONA 14.9-28 SGP-03 SUPRA GRIP 8PR TT Kabat;14.9;;28;;;8PR;;;;1;1;1194,49;1003,37;;;;;;-;0;;
KOSR1660061T;5901765100064;49719;Kabat;SRF-01 SUPRA RIB;;rolnicze;OPONA 6.00-16 SRF-01 SUPRA RIB 6PR TT Kabat;6.00;;16;;;6PR;;;;2;2;209,64;176,10;;;;;;-;0;;
KOSR1660082T;5901765100705;89653;Kabat;SRF-03 SUPRA RIB;;rolnicze;OPONA 6.00-16 SRF-03 SUPRA RIB 8PR TT Kabat;6.00;;16;;;8PR;;;;2;2;251,90;211,60;;;;;;-;0;;
MIWD150315705L080;0440000127626;93861;Mitas;FL-08;;przemysłowe;OPONA 300-15 (315/70-15) FL-08 22PR TT Mitas;300;;15;;;22PR;;315/70-15;;15;15;1597,00;1054,02;;;;;;-;40 kg;;
P717108318;0440000099589;61880;Mitas;FL-08;;przemysłowe;OPONA 4.00-8 FL-08 8PR TT Mitas;4.00;;8;;;8PR;;;;2;2;281,00;185,46;;;;;;-;0;;
P727128318;0440000000264;61888;Mitas;FL-08;;przemysłowe;OPONA 6.00-9 FL-08 12PR TT Mitas;6.00;;9;;;12PR;;;;1;1;421,00;277,86;;;;;;-;0;;
P733148318;0440000000240;61893;Mitas;FL-08;;przemysłowe;OPONA 6.50-10 FL-08 14PR TT Mitas;6.50;;10;;;14PR;;;;20;20;485,00;320,10;;;;;;-;0;;
P758168318;0440000000141;61905;Mitas;FL-08;;przemysłowe;OPONA 7.50-15 FL-08 16PR TT Mitas;7.50;;15;;;16PR;;;;7;7;1047,00;691,02;;;;;;-;0;;
P845168318;0440000000219;61884;Mitas;FL-08;;przemysłowe;OPONA 16X6-8 (150/75-8) FL-08 16PR TT Mitas;16X6;;8;;;16PR;;150/75-8;;7;7;354,00;233,64;;;;;;-;0;;
P848168318;0440000000202;61886;Mitas;FL-08;;przemysłowe;OPONA 18X7-8 (180/70-8) FL-08 16PR TT Mitas;18X7;;8;;;16PR;;180/70-8;;20;20;396,00;261,36;;;;;;-;0;;
P854168318;0440000000165;61890;Mitas;FL-08;;przemysłowe;OPONA 21X8-9 (200/75-9) FL-08 16PR TT Mitas;21X8;;9;;;16PR;;200/75-9;;11;11;548,00;361,68;;;;;;-;0;;
P861208318;0440000000486;61894;Mitas;FL-08;;przemysłowe;OPONA 23X9-10 (225/75-10) FL-08 20PR TT Mitas;23X9;;10;;;20PR;;225/75-10;;10;10;730,00;481,80;;;;;;-;0;;
P884208318;0440000000349;61903;Mitas;FL-08;;przemysłowe;OPONA 250-15 (250/70-15) FL-08 20PR TT Mitas;250;;15;;;20PR;;250/70-15;;5;5;1092,00;720,72;;;;;;-;0;;
PAR1405;4792290023550;67476;Globestar;GRI GREEN XLR 65;;rolnicze;OPONA 600/65R28 GRI GREEN XLR 65 154D/157A8 TL Globestar;600;65;28;D;A8;154;157;;;1;1;3400,00;2380,00;;;;;;R;0 kg;;
S10166415113;0440000109646;86280;Globestar;GLOBE WIDE-TREAD;;przemysłowe;OPONA 16X6-8 GLOBE WIDE-TREAD /4.33 STD Globestar;16X6;;8;;;;;;;3;3;450,00;315,00;;;;;;-;0;;
S10166415223;0440000108793;86273;Globestar;GLOBE WIDE-TREAD;;przemysłowe;OPONA 16X6-8 GLOBE WIDE-TREAD /4.33 CLIP Clean Globestar;16X6;;8;;;;;;;1;1;650,00;455,00;;;;;;-;0;;
T445337;6419440453378;8056;Nokian;TRI2;;rolnicze;OPONA 440/80R28 TRI2 156/151A8 TL Nokian;440;80;28;;A8;156;151;;;2;2;8000,00;5200,00;;;;;;R;112 kg;;
T445338;0440000093181;79570;Nokian;TRI2;;przemysłowe;OPONA 540/80R38 TRI2 172/167A8 Nokian;540;80;38;;A8;172;167;;;1;1;9500,00;6175,00;;;;;2019;R;203 kg;;
T445372;0440000088453;904;Nokian;TRI2;;przemysłowe;OPONA 15.5/80R24 (400/80R24) TRI2 149/144A8 Nokian;15.5;80;24;;A8;149;144;400/80R24;;4;4;5600,00;3640,00;;;;;;R;87,5 kg;;
T445385;0440000079994;43094;Nokian;TRI 2;;rolnicze;OPONA 16.9R24 (440/80R24) TRI 2 154A8/149D TL Nokian;16.9;;24;A8;D;154;149;440/80R24;;4;4;5200,00;3380,00;;;;;;R;0;;
T445415;0440000064433;8259;Nokian;TR MULTIPLUS;;leśne;OPONA 650/65R38 TR MULTIPLUS 164A8/160B Nokian;650;65;38;A8;B;164;160;;;1;1;15000,00;9750,00;;;;;;R;0;;
T445496;0440000055936;71564;Nokian;COUNTRY KING;;rolnicze;OPONA 710/45R22.5 COUNTRY KING 165D TL Nokian;710;45;22.5;D;;165;;;;2;2;6800,00;4420,00;;;;;;R;0 kg;;
T445622;6419440228716;36168;Nokian;NORDMAN FOREST TRS L-2;;leśne;OPONA 600/50-22.5 NORDMAN FOREST TRS L-2 16PR TT Nokian;600;50;22.5;;;16PR;;;;1;1;8400,00;5460,00;;;;;;-;0;;
T445626;0440000095383;80422;Nokian;CT;;rolnicze;OPONA 560/60R22.5 CT 165D TL Nokian;560;60;22.5;D;;165;;;;1;1;8000,00;5200,00;;;;;;R;0 kg;;
T445725;6419440427362;68456;Nokian;GROUND KING;;rolnicze;OPONA 710/70R42 GROUND KING 179D/175E TL Nokian;710;70;42;D;E;179;175;;;1;1;21000,00;13650,00;;;;;;R;0 kg;;
T445729;0440000092955;79467;Nokian;GROUND KING;;rolnicze;OPONA 600/65R34 GROUND KING 163D/159E TL Nokian;600;65;34;D;E;163;159;;;2;2;12100,00;7865,00;;;;;;R;0 kg;;
T484390;6419440843902;2980;Nokian;TR FS FOREST;;leśne;OPONA 16.9-34 (420/85-34) TR FS FOREST 14PRA8/146A8 Nokian;16.9;;34;A8;A8;14PR;146;420/85-34;;2;2;6600,00;4290,00;;;;;;-;0;;
T484420;6419440844206;760;Nokian;TR FS FOREST;;leśne;OPONA 18.4-34 (460/85-34) TR FS FOREST 14PR/154A8 TT Nokian;18.4;;34;;A8;14PR;154;460/85-34;;4;4;8400,00;5460,00;;;;;;-;0;;
T485430;6419440854304;2611;Nokian;TR FOREST;;leśne;OPONA 18.4-38 (460/85-38) TR FOREST 14PR/155A8 Nokian;18.4;;38;;A8;14PR;155;460/85-38;;7;7;8400,00;5460,00;;;;;;-;0;;
T675035;6419440169521;78022;Nokian;HAKKA TRUCK DRIVE;;ciężarowe;OPONA 315/80R22.5 HAKKA TRUCK DRIVE 154/150M 3PMSF DRIVE Nokian (D,C,B,74dB);315;80;22.5;;M;154;150;;;6;6;2110,00;1350,40;D;C;B;74dB;;R;70,9 kg;;
T675219;6419440247779;64596;Nokian;E-TRUCK STEER;;ciężarowe;OPONA 315/80R22.5 E-TRUCK STEER 156/150L 3PMSF M+S FRONT Nokian (C,A,1,69dB);315;80;22.5;L;;156/150;;;;1;1;2010,00;1326,60;C;A;1;69dB;;R;68 kg;;
T675220;0440000011741;67724;Nokian;HAKKA TRUCK STEER;;ciężarowe;OPONA 315/70R22.5 HAKKA TRUCK STEER 156/150L 3PMSF M+S FRONT Nokian (C,B,1,70dB);315;70;22.5;L;;156/150;;;;2;2;2220,00;1420,80;C;B;1;70dB;;R;64,8 kg;;
T675254;6419440413501;68519;Nokian;E-TRUCK TRAILER;;ciężarowe;OPONA 215/75R17.5 E-TRUCK TRAILER 135/133J 3PMSF M+S TRAILER Nokian (D,B,1,69dB);215;75;17.5;J;;135/133;;;;1;1;1050,00;714,00;D;B;1;69dB;;R;28,5 kg;;
T675266;0440000083205;71551;Nokian;HAKKA TRUCK;;ciężarowe;OPONA 385/65R22.5 HAKKA TRUCK 160K 3PMSF M+S TRAILER Nokian (B,C,A,67dB);385;65;22.5;K;;160;;;;2;2;2000,00;1300,00;B;C;A;67dB;;R;74 kg;;
T675267;0440000075415;73268;Nokian;HAKKA TRUCK TRAILER;;ciężarowe;OPONA 385/55R22.5 HAKKA TRUCK TRAILER 160K 3PMSF M+S TRAILER Nokian (B,C,A,69dB);385;55;22.5;K;;160;;;;1;1;2000,00;1400,00;B;C;A;69dB;;R;72 kg;;
T675280;0440000077600;74642;Nokian;E-TRUCK DRIVE;wielosezonowe;ciężarowe;OPONA 315/80R22.5 E-TRUCK DRIVE 154/150M 3PMSF DRIVE Nokian (D,C,B,76dB);315;80;22.5;;M;154;150;;;4;4;2000,00;1320,00;D;C;B;76dB;;R;73 kg;;
ULT00001;4792290031159;29643;Globestar;ULTIMATE XT;;przemysłowe;OPONA 5.00-8 ULTIMATE XT /3.00 STD Globestar;5.00;;8;;;;;;;8;8;490,00;343,00;;;;;;-;0;;
ULT00005;0440000094409;29647;Globestar;ULTIMATE XT;;przemysłowe;OPONA 23X9-10 (225/75-10) ULTIMATE XT 6.50 CLIP Globestar;23X9;;10;;;;;225/75-10;;20;20;1615,00;1130,50;;;;;;-;0 kg;;
ULT00006;0440000006136;29648;Globestar;ULTIMATE XT;;przemysłowe;OPONA 7.00-12 ULTIMATE XT 5.00 STD Globestar;7.00;;12;;;;;;;8;8;1501,55;1051,08;;;;;;-;0 kg;;
ULT00009;0440000128104;94030;Globestar;ULTIMATE XT;;przemysłowe;OPONA 250-15 ULTIMATE XT /7.50 CLIP Globestar;250;;15;;;;;;;10;10;2430,00;1701,00;;;;;;-;0 kg;;
WL0043;8859305513829;51159;West Lake;WDR1;;ciężarowe;OPONA 295/80R22.5 WDR1 152/149M 3PMSF M+S DRIVE West Lake (E,C,2,74dB);295;80;22.5;;M;152;149;;;20;20;1640,00;1164,40;E;C;2;74dB;;R;0;https://eprel.ec.europa.eu/screen/product/tyres/1829043;
WL0044;0440000091705;51160;West Lake;WSR1;;ciężarowe;OPONA 295/80R22.5 WSR1 154/149M 3PMSF M+S FRONT West Lake (D,C,2,71dB);295;80;22.5;;M;154;149;;;16;16;1490,00;1057,90;D;C;2;71dB;;R;63,9 kg;https://eprel.ec.europa.eu/screen/product/tyres/1829033;
WL0045;8859305513812;51161;West Lake;WDR1;;ciężarowe;OPONA 315/70R22.5 WDR1 154/150L 3PMSF M+S DRIVE West Lake (E,C,2,74dB);315;70;22.5;;L;154;150;;;20;20;1490,00;1057,90;E;C;2;74dB;;R;66,3 kg;https://eprel.ec.europa.eu/screen/product/tyres/1829046;
WL0046;8859305513782;51162;West Lake;WSR1;;ciężarowe;OPONA 315/70R22.5 WSR1 156/150L 3PMSF M+S FRONT West Lake (C,C,2,71dB);315;70;22.5;;L;156;150;;;20;20;1460,00;1036,60;C;C;2;71dB;;R;63 kg;https://eprel.ec.europa.eu/screen/product/tyres/1829036;
WL0047;0440000090487;51163;West Lake;WSR1;;ciężarowe;OPONA 315/80R22.5 WSR1 154/151M 3PMSF M+S FRONT West Lake (C,C,2,71dB);315;80;22.5;;M;154;151;;;20;20;1610,00;1143,10;C;C;2;71dB;;R;65,5 kg;https://eprel.ec.europa.eu/screen/product/tyres/1829041;
WL0048;0440000090470;51164;West Lake;WDR1;;ciężarowe;OPONA 315/80R22.5 WDR1 156/153L 3PMSF M+S DRIVE West Lake (E,C,2,74dB);315;80;22.5;;L;156;153;;;20;20;1620,00;1150,20;E;C;2;74dB;;R;0;https://eprel.ec.europa.eu/screen/product/tyres/1829050;
WL00485;0440000127602;93841;West Lake;WDL2+;;ciężarowe;OPONA 295/60R22.5 WDL2+ 150/147K 3PMSF M+S DRIVE West Lake (B,C,B,75dB);295;60;22.5;;K;150;147;;;20;20;1370,00;972,70;B;C;B;75dB;;R;52,71 kg;;
WL0049;8859305513775;51165;West Lake;WSR1;;ciężarowe;OPONA 385/65R22.5 WSR1 160K 3PMSF M+S FRONT West Lake (C,C,2,71dB);385;65;22.5;K;;160;;;;20;20;1680,00;1192,80;C;C;2;71dB;;R;70,9 kg;https://eprel.ec.europa.eu/screen/product/tyres/1643951;
WL00498;0440000127596;93842;West Lake;WTR2X;;ciężarowe;OPONA 245/70R17.5 WTR2X 143J/141J TRAILER West Lake;245;70;17.5;J;J;143;141;;;20;20;850,00;603,50;;;;;;R;74,11 kg;;
WL0078;0440000091576;52166;West Lake;WTR1;;ciężarowe;OPONA 385/55R22.5 WTR1 160K 3PMSF M+S TRAILER West Lake (B,C,2,71dB);385;55;22.5;K;;160;;;;20;20;1540,00;1093,40;B;C;2;71dB;;R;0;https://eprel.ec.europa.eu/screen/product/tyres/1439119;
WL0080;8859305513881;56186;West Lake;WDM1;;ciężarowe;OPONA 315/80R22.5 WDM1 156/153K ON/OFF 3PMSF M+S DRIVE West Lake (D,B,2,74dB);315;80;22.5;;K;156;153;;ON/OFF ;20;20;1670,00;1185,70;D;B;2;74dB;;R;71,75 kg;https://eprel.ec.europa.eu/screen/product/tyres/444022;
WL0081;8859305514970;56187;West Lake;WTL1;;ciężarowe;OPONA 385/65R22.5 WTL1 160K 3PMSF M+S TRAILER West Lake (C,C,2,71dB);385;65;22.5;K;;160;;;TRAILER LONG RUN M+S;20;20;1680,00;1192,80;C;C;2;71dB;;R;0;https://eprel.ec.europa.eu/screen/product/tyres/1439115;
WL0082;8859305513904;56188;West Lake;WTM1;;ciężarowe;OPONA 385/65R22.5 WTM1 160K ON/OFF 3PMSF M+S TRAILER West Lake (C,C,2,71dB);385;65;22.5;K;;160;;;(MIXED TERRAIN);20;20;1715,00;1217,65;C;C;2;71dB;;R;0;https://eprel.ec.europa.eu/screen/product/tyres/438747;
WL0083;8859305515014;57578;West Lake;WTR1;;ciężarowe;OPONA 445/65R22.5 WTR1 169K/20PR 3PMSF M+S TRAILER West Lake (C,C,2,73dB);445;65;22.5;K;;169;20PR;;;19;19;2250,00;1597,50;C;C;2;73dB;;R;0;https://eprel.ec.europa.eu/screen/product/tyres/1439130;
WL0109;0440000090425;62794;West Lake;WTX1;;ciężarowe;OPONA 215/75R17.5 WTX1 135/133J 3PMSF M+S TRAILER West Lake (D,C,2,71dB);215;75;17.5;;J;135;133;;;3;3;690,00;489,90;D;C;2;71dB;;R;0;https://eprel.ec.europa.eu/screen/product/tyres/1620635;
WL0110;8859305515502;63602;West Lake;WDM1;;ciężarowe;OPONA 13R22.5 WDM1 156/151K ON/OFF 3PMSF M+S DRIVE West Lake (E,C,B,74dB);13;;22.5;;K;156;151;;(MIXED TERRAIN);20;20;1560,00;1107,60;E;C;B;74dB;;R;0;https://eprel.ec.europa.eu/screen/product/tyres/444005;
WL0111;8859305513713;63603;West Lake;WSR+1;;ciężarowe;OPONA 205/75R17.5 WSR+1 124/122M 3PMSF M+S FRONT West Lake (E,D,B,72dB);205;75;17.5;;M;124;122;;;12;12;700,00;497,00;E;D;B;72dB;;R;25,75 kg;https://eprel.ec.europa.eu/screen/product/tyres/442600;
WL0112;8859305513744;63604;West Lake;WSR+1;;ciężarowe;OPONA 265/70R19.5 WSR+1 140/138M 3PMSF M+S FRONT West Lake (D,D,72dB);265;70;19.5;;M;140;138;;;20;20;840,00;596,40;D;D;;72dB;;R;0 kg;https://eprel.ec.europa.eu/screen/product/tyres/442642;
WL0113;8859305515779;63606;West Lake;WDL1;;ciężarowe;OPONA 295/60R22.5 WDL1 150/147K 3PMSF M+S DRIVE West Lake (C,D,B,74dB);295;60;22.5;;K;150;147;;;20;20;1370,00;972,70;C;D;B;74dB;;R;52,71 kg;https://eprel.ec.europa.eu/screen/product/tyres/1439673;
WL0115;8859305515755;63607;West Lake;WSL1;;ciężarowe;OPONA 315/60R22.5 WSL1 154/150L 3PMSF M+S FRONT West Lake (D,C,2,73dB);315;60;22.5;;L;154;150;;;20;20;1490,00;1057,90;D;C;2;73dB;;R;0;https://eprel.ec.europa.eu/screen/product/tyres/1439104;
WL0117;8859305514987;63927;West Lake;WSR+1;;ciężarowe;OPONA 225/75R17.5 WSR+1 129/127M 3PMSF M+S FRONT West Lake (D,D,2,72dB);225;75;17.5;M;;129/127;;;;17;17;780,00;553,80;D;D;2;72dB;;R;0;https://eprel.ec.europa.eu/screen/product/tyres/442614;
WL0118;8859305515854;63928;West Lake;WDR+1;;ciężarowe;OPONA 235/75R17.5 WDR+1 132/130M 3PMSF M+S DRIVE West Lake (E,D,2,74dB);235;75;17.5;M;;132/130;;;NAPĘD;20;20;750,00;532,50;E;D;2;74dB;;R;0;https://eprel.ec.europa.eu/screen/product/tyres/442844;
WL0119;8859305513737;63931;West Lake;WSR+1;;ciężarowe;OPONA 235/75R17.5 WSR+1 132/130M 3PMSF M+S FRONT West Lake (D,D,2,72dB);235;75;17.5;M;;132/130;;;;2;2;730,00;518,30;D;D;2;72dB;;R;0;https://eprel.ec.europa.eu/screen/product/tyres/442621;
WL0120;8859305513911;64290;West Lake;WTX1;;ciężarowe;OPONA 205/65R17.5 WTX1 129/127J 3PMSF M+S TRAILER West Lake (D,C,2,71dB);205;65;17.5;J;;129/127;;;;20;20;730,00;518,30;D;C;2;71dB;;R;0;https://eprel.ec.europa.eu/screen/product/tyres/1620634;
WL0121;8859305515830;64291;West Lake;WDR+1;;ciężarowe;OPONA 215/75R17.5 WDR+1 128/126M 3PMSF M+S DRIVE West Lake (E,D,2,74dB);215;75;17.5;M;;128/126;;;;20;20;690,00;489,90;E;D;2;74dB;;R;0;https://eprel.ec.europa.eu/screen/product/tyres/442832;
WL0122;8859305515878;64292;West Lake;WDR+1;;ciężarowe;OPONA 245/70R17.5 WDR+1 136/134M 3PMSF M+S DRIVE West Lake (E,D,2,74dB);245;70;17.5;M;;136/134;;;;20;20;755,00;536,05;E;D;2;74dB;;R;0;https://eprel.ec.europa.eu/screen/product/tyres/442852;
WL0147;0440000091712;65025;West Lake;WDL1;;ciężarowe;OPONA 315/60R22.5 WDL1 154/150K 3PMSF M+S DRIVE West Lake (D,C,2,74dB);315;60;22.5;K;;154/150;;;;20;20;1545,00;1096,95;D;C;2;74dB;;R;59,5 kg;https://eprel.ec.europa.eu/screen/product/tyres/444041;
WL0155;8859305515748;65721;West Lake;WSL1;;ciężarowe;OPONA 295/60R22.5 WSL1 150/147K 3PMSF M+S FRONT West Lake (D,C,2,73dB);295;60;22.5;K;;150/147;;;;10;10;1350,00;958,50;D;C;2;73dB;;R;0;https://eprel.ec.europa.eu/screen/product/tyres/1439103;
WL0168;8859305522661;66187;West Lake;WSA2;;ciężarowe;OPONA 315/70R22.5 WSA2 156/150L 3PMSF M+S FRONT West Lake (D,B,2,73dB);315;70;22.5;L;;156/150;;;;20;20;1460,00;1036,60;D;B;2;73dB;;R;0;https://eprel.ec.europa.eu/screen/product/tyres/1439108;
WL0169;8859305522678;66188;West Lake;WSA2;;ciężarowe;OPONA 315/80R22.5 WSA2 156/153L 3PMSF M+S FRONT West Lake (D,B,2,73dB);315;80;22.5;L;;156/153;;;;20;20;1610,00;1143,10;D;B;2;73dB;;R;0;https://eprel.ec.europa.eu/screen/product/tyres/1439110;
WL0170;8859305513959;67015;West Lake;WTX1;;ciężarowe;OPONA 265/70R19.5 WTX1 143/141J 3PMSF M+S TRAILER West Lake (C,C,B,71dB);265;70;19.5;;J;143;141;;;20;20;960,00;681,60;C;C;B;71dB;;R;37,1 kg;https://eprel.ec.europa.eu/screen/product/tyres/1620639;
WL0171;8859305515762;67079;West Lake;WDL1;;ciężarowe;OPONA 295/55R22.5 WDL1 147/145K 3PMSF M+S DRIVE West Lake (D,C,2,74dB);295;55;22.5;K;;147/145;;;;20;20;1520,00;1079,20;D;C;2;74dB;;R;0 kg;https://eprel.ec.europa.eu/screen/product/tyres/1439669;
WL0172;8859305522890;67080;West Lake;WSA2;;ciężarowe;OPONA 385/55R22.5 WSA2 160K 3PMSF M+S FRONT West Lake (C,B,2,73dB);385;55;22.5;K;;160;;;;20;20;1690,00;1199,90;C;B;2;73dB;;R;0 kg;https://eprel.ec.europa.eu/screen/product/tyres/1439111;
WL0173;8859305515700;67115;West Lake;WSL1;;ciężarowe;OPONA 355/50R22.5 WSL1 156K 3PMSF M+S FRONT West Lake (B,C,B,73dB);355;50;22.5;K;;156;;;;20;20;1880,00;1334,80;B;C;B;73dB;;R;57,73 kg;https://eprel.ec.europa.eu/screen/product/tyres/1439106;
WL0174;8859305515908;67116;West Lake;WTR1;;ciężarowe;OPONA 385/65R22.5 WTR1 164K 3PMSF M+S TRAILER West Lake (B,C,B,72dB);385;65;22.5;;;164K;;;;20;20;1630,00;1157,30;B;C;B;72dB;;R;77,74 kg;https://eprel.ec.europa.eu/screen/product/tyres/1439124;
WL0181;0440000055073;67326;West Lake;WSA2;;ciężarowe;OPONA 235/75R17.5 WSA2 132/130M 3PMSF M+S FRONT West Lake (C,D,74dB);235;75;17.5;;M;132;130;;;20;20;740,00;525,40;C;D;;74dB;;R;0;https://eprel.ec.europa.eu/screen/product/tyres/758140;
WL020;8859305515328;63932;West Lake;WSR+1;;ciężarowe;OPONA 245/70R17.5 WSR+1 136/134M 3PMSF M+S FRONT West Lake (D,D,2,72dB);245;70;17.5;M;;136/134;;;;20;20;750,00;532,50;D;D;2;72dB;;R;0;https://eprel.ec.europa.eu/screen/product/tyres/442627;
WL021;0440000046712;63936;West Lake;WAU1 URBAN MASTER;;ciężarowe;OPONA 275/70R22.5 WAU1 URBAN MASTER 150145J 3PMSF M+S ALL POSITION West Lake (D,C,2,71dB);275;70;22.5;J;;150145;;;;20;20;1360,00;965,60;D;C;2;71dB;;R;0;https://eprel.ec.europa.eu/screen/product/tyres/444089;
WL0255;8859305522920;68113;West Lake;WDA2;;ciężarowe;OPONA 235/75R17.5 WDA2 132/130M 3PMSF M+S DRIVE West Lake (D,D,2,72dB);235;75;17.5;;M;132;130;;;20;20;720,00;511,20;D;D;2;72dB;;R;0;https://eprel.ec.europa.eu/screen/product/tyres/758112;
WL0256;8859305522883;68115;West Lake;WSA2;;ciężarowe;OPONA 265/70R19.5 WSA2 140/138M 3PMSF M+S FRONT West Lake (D,C,72dB);265;70;19.5;;M;140;138;;;20;20;860,00;610,60;D;C;;72dB;;R;0 kg;https://eprel.ec.europa.eu/screen/product/tyres/442723;
WL0257;8859305522715;68117;West Lake;WSM2;;ciężarowe;OPONA 315/80R22.5 WSM2 156/153K ON/OFF 3PMSF M+S FRONT West Lake (D,C,2,72dB);315;80;22.5;;K;156;153;;;20;20;1720,00;1221,20;D;C;2;72dB;;R;0;https://eprel.ec.europa.eu/screen/product/tyres/442659;
WL0284;8859305522708;68756;West Lake;WDA2;;ciężarowe;OPONA 315/70R22.5 WDA2 156/150L 3PMSF M+S DRIVE West Lake (C,C,B,74dB);315;70;22.5;;L;156;150;;;20;20;1520,00;1079,20;C;C;B;74dB;;R;0 kg;https://eprel.ec.europa.eu/screen/product/tyres/1439658;
WL0285;8859305515885;70134;West Lake;WDR+1;;ciężarowe;OPONA 265/70R19.5 WDR+1 140/138M 3PMSF M+S DRIVE West Lake (E,C,B,74dB);265;70;19.5;;M;140;138;;;20;20;920,00;653,20;E;C;B;74dB;;R;39,75 kg;https://eprel.ec.europa.eu/screen/product/tyres/442864;
WL0286;0440000046545;70139;West Lake;WSA2;;ciężarowe;OPONA 215/75R17.5 WSA2 128/126M 3PMSF M+S FRONT West Lake (E,D,B,74dB);215;75;17.5;;M;128;126;;;4;4;680,00;482,80;E;D;B;74dB;;R;0 kg;https://eprel.ec.europa.eu/screen/product/tyres/442723;
WL0287;8859305522722;70141;West Lake;WDM2;;ciężarowe;OPONA 315/80R22.5 WDM2 156K/153K ON/OFF 3PMSF M+S DRIVE West Lake (E,C,B,74dB);315;80;22.5;K;K;156;153;;ON/OFF;20;20;1720,00;1221,20;E;C;B;74dB;;R;0 kg;https://eprel.ec.europa.eu/screen/product/tyres/443999;
WL0329;8859305513942;71880;West Lake;WTX1;;ciężarowe;OPONA 245/70R17.5 WTX1 143/141J 3PMSF M+S TRAILER West Lake (D,C,B,71dB);245;70;17.5;J;;143/141;;;;20;20;760,00;539,60;D;C;B;71dB;;R;31,63 kg;https://eprel.ec.europa.eu/screen/product/tyres/1620637;
WL0358;0440000091699;72775;West Lake;WDA2;;ciężarowe;OPONA 265/70R19.5 WDA2 140/138M 3PMSF M+S DRIVE West Lake (E,C,B,74dB);265;70;19.5;M;;140/138;;;;20;20;900,00;639,00;E;C;B;74dB;;R;40,75 kg;https://eprel.ec.europa.eu/screen/product/tyres/444062;
WL0369;8859305513751;71451;West Lake;WSR+1;;ciężarowe;OPONA 285/70R19.5 WSR+1 146/144M 3PMSF M+S FRONT West Lake (D,D,2,72dB);285;70;19.5;M;;146/144;;;;20;20;1000,00;710,00;D;D;2;72dB;;R;43,95 kg;https://eprel.ec.europa.eu/screen/product/tyres/442650;
WL0390;8859305522869;76605;West Lake;WSA2;;ciężarowe;OPONA 225/75R17.5 WSA2 129/127M 3PMSF M+S FRONT West Lake (D,D,2,72dB);225;75;17.5;;M;129;127;;;10;10;750,00;532,50;D;D;2;72dB;;R;0 kg;https://eprel.ec.europa.eu/screen/product/tyres/442703;
WL0391;0440000083854;76608;Goldencrown;AT555;;ciężarowe;OPONA 385/55R19.5 AT555 156J M+S TRAILER Goldencrown (C,C,B,72dB);385;55;19.5;J;;156;;;;20;20;1340,00;938,00;C;C;B;72dB;;R;60,5 kg;;
WL0402;0440000085889;77439;West Lake;WSR+1;;ciężarowe;OPONA 245/70R19.5 WSR+1 136/134M 3PMSF M+S FRONT West Lake (D,D,2,72dB);245;70;19.5;;M;136;134;;;4;4;940,00;667,40;D;D;2;72dB;;R;0 kg;https://eprel.ec.europa.eu/screen/product/tyres/442633;
WL0406;8859305522654;77857;West Lake;WSA2;;ciężarowe;OPONA 295/80R22.5 WSA2 154/149L 3PMSF M+S FRONT West Lake (D,C,2,74dB);295;80;22.5;;L;154;149;;;18;18;1470,00;1043,70;D;C;2;74dB;;R;65 kg;;
WL0436;8859305522685;80005;West Lake;WDA2;;ciężarowe;OPONA 315/80R22.5 WDA2 156/153L 3PMSF M+S DRIVE West Lake (D,C,2,74dB);315;80;22.5;;L;156;153;;;20;20;1650,00;1171,50;D;C;2;74dB;;R;0 kg;https://eprel.ec.europa.eu/screen/product/tyres/1439659;
WL0438;0440000095543;80414;West Lake;WDR+1;;ciężarowe;OPONA 245/70R19.5 WDR+1 136/134M 3PMSF M+S DRIVE West Lake (E,C,B,75dB);245;70;19.5;;M;136;134;;;6;6;960,00;681,60;E;C;B;75dB;;R;36,12 kg;https://eprel.ec.europa.eu/screen/product/tyres/442858;
WL0439;0440000095857;80623;West Lake;WDR+1;;ciężarowe;OPONA 205/75R17.5 WDR+1 124/122M 3PMSF M+S DRIVE West Lake (E,D,B,74dB);205;75;17.5;;M;124;122;;;20;20;760,00;539,60;E;D;B;74dB;;R;0 kg;https://eprel.ec.europa.eu/screen/product/tyres/442821;
WL0467;0440000098483;81487;West Lake;WTR2;;ciężarowe;OPONA 385/65R22.5 WTR2 164K/24PR 3PMSF TRAILER West Lake (A,B,B,73dB);385;65;22.5;K;;164;24PR;;;20;20;1615,00;1146,65;A;B;B;73dB;;R;74,11 kg;https://eprel.ec.europa.eu/screen/product/tyres/1538295;
WL0469;0440000098940;82715;West Lake;WTR2;;ciężarowe;OPONA 385/55R22.5 WTR2 160K 3PMSF M+S TRAILER West Lake (A,B,B,73dB);385;55;22.5;K;;160;;;;20;20;1520,00;1079,20;A;B;B;73dB;;R;0;https://eprel.ec.europa.eu/screen/product/tyres/1538311;
WL0476;0440000099305;82835;West Lake;WTX2;;ciężarowe;OPONA 265/70R19.5 WTX2 143/141J TRAILER West Lake (C,C,B,74dB);265;70;19.5;;J;143;141;;;20;20;940,00;667,40;C;C;B;74dB;;R;38 kg;https://eprel.ec.europa.eu/screen/product/tyres/1620639;
WL0483;0440000100346;83297;West Lake;WTX2;;ciężarowe;OPONA 245/70R17.5 WTX2 143/141J 3PMSF M+S TRAILER West Lake;245;70;17.5;J;;143/141;;;;20;20;810,00;575,10;;;;;;R;0 kg;https://eprel.ec.europa.eu/screen/product/tyres/1620637;
WL0550;0440000111977;87718;West Lake;WAM2;;ciężarowe;OPONA 385/65R22.5 WAM2 160K/20PR ON/OFF 3PMSF M+S FRONT/TRAILER West Lake (C,B,A,73dB);385;65;22.5;K;;160;20PR;;;20;20;1800,00;1278,00;C;B;A;73dB;;R;0;https://eprel.ec.europa.eu/screen/product/tyres/2019029;
WL0613;0440000128548;90985;West Lake;WSA2;;ciężarowe;OPONA 385/55R22.5 WSA2 164K 3PMSF M+S FRONT West Lake (C,B,B,73dB);385;55;22.5;K;;164;;;;20;20;1690,00;1199,90;C;B;B;73dB;;R;0 kg;;
WL0614;0440000121778;91211;West Lake;WTX1;;ciężarowe;OPONA 245/70R19.5 WTX1 141/140J 3PMSF M+S TRAILER West Lake (C,C,B,71dB);245;70;19.5;;J;141;140;;;2;2;740,00;525,40;C;C;B;71dB;;R;36,12 kg;;
WL0615;0440000125424;92977;West Lake;WSL1;;ciężarowe;OPONA 385/55R22.5 WSL1 158L/(160K) 3PMSF M+S FRONT West Lake (D,C,B,73dB);385;55;22.5;L;;158;(160K);;;20;20;1700,00;1207,00;D;C;B;73dB;;R;57,73 kg;;
WL0758;0440000128432;94040;West Lake;WTR PRO;;ciężarowe;OPONA 385/65R22.5 WTR PRO 164K 3PMSF M+S TRAILER West Lake;385;65;22.5;K;;164;;;;20;20;1660,00;1178,60;;;;;;R;77,74 kg;;
WL0799;8859305566818;91006;West Lake;WSA2;;ciężarowe;OPONA 385/65R22.5 WSA2 164K 3PMSF M+S FRONT West Lake (B,C,B,73dB);385;65;22.5;K;;164;;;;20;20;1600,00;1136,00;B;C;B;73dB;;R;0 kg;;
WL0908;0440000126544;93588;West Lake;WDM2;;ciężarowe;OPONA 13R22.5 WDM2 156/151K ON/OFF 3PMSF M+S DRIVE West Lake (D,C,B,74dB);13;;22.5;;K;156;151;;(MIXED TERRAIN);8;8;1590,00;1128,90;D;C;B;74dB;;R;0;;
WL0910;0440000126537;93589;West Lake;WSM2;;ciężarowe;OPONA 13R22.5 WSM2 156/151K ON/OFF 3PMSF M+S FRONT West Lake (D,C,B,74dB);13;;22.5;;K;156;151;;(MIXED TERRAIN);6;6;1570,00;1114,70;D;C;B;74dB;;R;0;;
WL0911;0440000126650;93590;West Lake;WDA2;;ciężarowe;OPONA 245/70R17.5 WDA2 136M/134M 3PMSF M+S DRIVE West Lake (E,D,B,74dB);245;70;17.5;M;M;136;134;;;20;20;770,00;546,70;E;D;B;74dB;;R;0;;
WL0912;0440000127770;93591;West Lake;WSA2;;ciężarowe;OPONA 245/70R17.5 WSA2 136M/134M 3PMSF M+S FRONT West Lake;245;70;17.5;M;M;136;134;;;20;20;750,00;532,50;;;;;;R;65 kg;;
WL0914;0440000127619;93593;West Lake;WDL2+;;ciężarowe;OPONA 315/70R22.5 WDL2+ 154L/150L 3PMSF M+S DRIVE West Lake (B,C,B,75dB);315;70;22.5;L;L;154;150;;;20;20;1530,00;1086,30;B;C;B;75dB;;R;0 kg;;
WL0915;0440000127794;93594;West Lake;WSL2;;ciężarowe;OPONA 315/70R22.5 WSL2 156L/150L 3PMSF M+S FRONT West Lake;315;70;22.5;L;L;156;150;;;20;20;1460,00;1036,60;;;;;;R;0;;
WL0916;0440000127664;93843;West Lake;WSL2;;ciężarowe;OPONA 315/60R22.5 WSL2 154L/150L 3PMSF M+S FRONT West Lake (B,C,B,73dB);315;60;22.5;L;L;154;150;;;20;20;1550,00;1100,50;B;C;B;73dB;;R;0;;
WL0919;0440000127640;93844;West Lake;WTR2X;;ciężarowe;OPONA 215/75R17.5 WTR2X 135J/133J TRAILER West Lake (C,C,B,72dB);215;75;17.5;J;J;135;133;;;20;20;730,00;518,30;C;C;B;72dB;;R;74,11 kg;;
WL0920;0440000127657;93845;West Lake;WTR2X;;ciężarowe;OPONA 235/75R17.5 WTR2X 143J/141J TRAILER West Lake (C,C,B,72dB);235;75;17.5;J;J;143;141;;;20;20;790,00;560,90;C;C;B;72dB;;R;74,11 kg;;
WL0922;0440000128821;94412;West Lake;WSL2;;ciężarowe;OPONA 355/50R22.5 WSL2 156K 3PMSF M+S FRONT West Lake (B,C,B,73dB);355;50;22.5;K;;156;;;;20;20;1920,00;1363,20;B;C;B;73dB;;R;57,73 kg;;
WL0940;0440000128531;94054;West Lake;WSA2;;ciężarowe;OPONA 285/70R19.5 WSA2 146M/144M 3PMSF M+S FRONT West Lake;285;70;19.5;M;M;146;144;;;18;18;1070,00;759,70;;;;;;R;65 kg;;
WOG385/65R22.5;0440000007485;63080;Kabat;TRY1.AG.;;rolnicze;OPONA 385/65R22.5 TRY1.AG. TL Kabat;385;65;22.5;;;;;;;15;15;760,00;638,40;;;;;;R;0;;
