kod producenta;symbol handlopex;producent;nazwa;szerokosc;profil;srednica;indeks pr.;indeks nosn.;ilosc;cena det.;cena hurt netto;ean;opor toczenia;przyczepnosc;halas;dot;cena fix;waga;maxDpdQty;labelNoise;labelSnow;labelIce;labelEprel;isElectric;
HL00003478;ACRR24036070DAAR0;Alliance;360/70  R24  AGRISTAR  II  [122 D]  TL;360;70;24;D;122 D;1;1886.86;1145.62;;;;;2025;0;61.000;0;;0;0;0;0;
IZ10002016WE1T100;APPD200H0000B71A1;APOLLO;10.00 - 20  AWE 713 SET  16PR  [146 B]  TT;10.00;82;20;B;146 B;12;1984;959.42;8714692299094;;;;2025;0;48.000;0;;0;0;0;0;
IL16002812IT2L100;APPD280G690084260;APOLLO;16.9 - 28  AIT 426  12PR  [152 A8]  TL;16.9;82;28;A8;152 A8;8;3691;1880.62;8714692283734;;;;2025;0;94.000;0;;0;0;0;0;
IL45701841B45L100;APPR18040570B1040;APOLLO;405/70  R18  (16/70  R18)  TERRA PRO1045  [141 B]  TL;405;70;18;B;141 B;4;2958;1513.84;8714692805868;;;;2026;0;67.000;0;;0;0;0;0;
IL34802043D44L100;APPR20034080D10R0;APOLLO;340/80  R20  (12.5/80  R20)  TERRA PRO1044  [143 D]  TL;340;80;20;D;143 D;2;2829;1469.02;8714692999871;;;;2026;0;62.000;0;;0;0;0;0;
IL40702048D44L100;APPR20040070D10R0;APOLLO;400/70  R20  TERRA PRO1044  [148 D]  TL;400;70;20;D;148 D;1;3250;1537.62;8714692892950;;;;2024;0;71.000;0;;0;0;0;0;
IL45702043B45L100;APPR20040570B1040;APOLLO;405/70  R20  (16.0/70  R20)  TERRA PRO1045  [143 B]  TL;405;70;20;B;143 B;4;3398;1739.02;8714692805875;;;;2026;0;72.000;0;;0;0;0;0;
IL45702446B45L100;APPR24040570B1040;APOLLO;405/70  R24  (16/70  R24)  TERRA PRO1045  [146 B]  TL;405;70;24;B;146 B;4;3735;1870.82;8714692999901;;;;2025;0;78.000;0;;0;0;0;0;
IL46702458D45L100;APPR24046070D1040;APOLLO;460/70  R24  (17.5L  R24)  TERRA PRO1045  [158 D]  TL;460;70;24;D;158 D;4;4315;2160.9;8714692805882;;;;2026;0;103.000;0;;0;0;0;0;
IL46702458D44L100;APPR24046070D10R0;APOLLO;460/70  R24  TERRA PRO1044  [158 D]  TL;460;70;24;D;158 D;7;3939;1851.22;8714692805851;;;;2025;0;103.000;0;;0;0;0;0;
IL50702462D45L100;APPR24050070D1040;APOLLO;500/70  R24  (19.5L  R24)  TERRA PRO1045  [162 D]  TL;500;70;24;D;162 D;4;5303;2292.22;8714692999918;;;;2025;0;113.000;0;;0;0;0;0;
IL50702462D44L100;APPR24050070D10R0;APOLLO;500/70  R24  (19.5L  R24)  TERRA PRO1044  [162 D]  TL;500;70;24;D;162 D;3;4895;2184.42;8714692999888;;;;2024,2025;0;114.000;0;;0;0;0;0;
;BBCR225275700UAP0;Bandag Bridgestone;275/70  R22.5  U-AP2 240  BANDAG BRIDGESTONE  Bie¿nikowana  M+S  3PMSF KARKAS GOODYEAR;275;70;22.5;0;;35;1746;892.21;;;;;2025;0;50.200;0;;1;0;0;0;
726939;BBCR2252956007494;Bandag Bridgestone;295/60  R22.5  M749 270  BANDAG BRIDGESTONE  Bie¿nikowana  M+S  3PMSF KARKAS MICHELIN;295;60;22.5;0;;1;1779;834.57;;;;;2026;0;50.200;0;;1;0;0;0;
750672;BBCR225295600BHD2;Bandag Bridgestone;295/60  R22.5  HD02 270  BANDAG BRIDGESTONE  Bie¿nikowana  M+S  3PMSF KARKAS BRIDGESTONE;295;60;22.5;0;;4;1825;863.71;;;;;2025;0;50.200;0;;1;0;0;0;
;BBCR225295600DR30;Bandag Bridgestone;295/60  R22.5  PRO-DR3 270  PRO-TREAD BRIDGESTONE  Bie¿nikowana  M+S  3PMSF KARKAS BRIDGESTONE;295;60;22.5;0;;12;1690.46;672.34;;;;;2026;0;50.200;0;;1;0;0;0;
703500;BBCR2252958003552;Bandag Bridgestone;295/80  R22.5  L355 240  BANDAG BRIDGESTONE  Bie¿nikowana  M+S  3PMSF KARKAS MICHELIN;295;80;22.5;0;;1;1742;929.04;;;;;2025;0;60.100;0;;1;0;0;0;
;BBCR2252958003553;Bandag Bridgestone;295/80  R22.5  L355 260  BANDAG BRIDGESTONE  Bie¿nikowana  M+S  3PMSF KARKAS MICHELIN;295;80;22.5;0;;4;1742;1032.1;;;;;2026;0;60.100;0;;1;0;0;0;
726097;BBCR2252958007291;Bandag Bridgestone;295/80  R22.5  M729 240  BANDAG BRIDGESTONE  Bie¿nikowana  M+S  3PMSF KARKAS MICHELIN;295;80;22.5;0;;1;1742;892.61;;;;;2025;0;60.100;0;;1;0;0;0;
724497;BBCR2252958007883;Bandag Bridgestone;295/80  R22.5  M788 240  BANDAG BRIDGESTONE  Bie¿nikowana  M+S  3PMSF KARKAS MICHELIN;295;80;22.5;0;;4;1597;880.1;;;;;2026;0;60.100;0;;1;0;0;0;
;BBCR225295800RU10;Bandag Bridgestone;295/80  R22.5  PRO-RU1 240  BANDAG BRIDGESTONE  Bie¿nikowana  M+S  3PMSF KARKAS MICHELIN;295;80;22.5;0;;4;1950.65;775.83;;;;;2026;0;60.100;0;;1;0;0;0;
704765;BBCR2253156007291;Bandag Bridgestone;315/60  R22.5  M729 280  BANDAG BRIDGESTONE  Bie¿nikowana  M+S  3PMSF KARKAS BRIDGESTONE;315;60;22.5;0;;1;1821;925.28;;;;;2025;0;55.200;0;;1;0;0;0;
726941;BBCR2253156007492;Bandag Bridgestone;315/60  R22.5  M749 280  BANDAG BRIDGESTONE  Bie¿nikowana  M+S  3PMSF KARKAS MICHELN;315;60;22.5;0;;3;1781;923.35;;;;;2024,2025;0;55.200;0;;1;0;0;0;
726941;BBCR2253156007493;Bandag Bridgestone;315/60  R22.5  M749 280  BANDAG BRIDGESTONE  Bie¿nikowana  M+S  3PMSF KARKAS BRIDGESTONE;315;60;22.5;0;;16;1781;923.35;;;;;2024,2026;0;55.200;0;;1;0;0;0;
751145;BBCR225315600BDR1;Bandag Bridgestone;315/60  R22.5  BDR-WXT+ 280  BANDAG BRIDGESTONE  Bie¿nikowana  M+S  3PMSF KARKAS BRIDGESTONE;315;60;22.5;0;;8;1700;916.8;;;;;2025;0;55.200;0;;1;0;0;0;
750882;BBCR225315600HD20;Bandag Bridgestone;315/60  R22.5  HD2 270  BANDAG BRIDGESTONE  Bie¿nikowana  M+S  3PMSF KARKAS BRIDGESTONE;315;60;22.5;0;;4;1829;878.82;;;;;2025;0;55.200;0;;1;0;0;0;
726098;BBCR2253157007291;Bandag Bridgestone;315/70  R22.5  M729 270  BANDAG BRIDGESTONE  Bie¿nikowana  M+S  3PMSF KARKAS GOODYEAR;315;70;22.5;0;;8;1770;937.39;;;;;2026;0;60.100;0;;1;0;0;0;
726904;BBCR2253157007493;Bandag Bridgestone;315/70  R22.5  M749 270  BANDAG BRIDGESTONE  Bie¿nikowana  M+S  3PMSF KARKAS MICHELN;315;70;22.5;0;;2;1732;884.95;;;;;2026;0;59.100;0;;1;0;0;0;
726904;BBCR2253157007497;Bandag Bridgestone;315/70  R22.5  M749 270  BANDAG BRIDGESTONE  Bie¿nikowana  M+S  3PMSF KARKAS GOODYEAR;315;70;22.5;0;;32;1732;875.14;;;;;2024,2025;0;59.100;0;;1;0;0;0;
726904;BBCR225315700749D;Bandag Bridgestone;315/70  R22.5  M749 270  BANDAG BRIDGESTONE  Bie¿nikowana  M+S  3PMSF KARKAS DUNLOP;315;70;22.5;0;;2;1732;884.95;;;;;2025;0;59.100;0;;1;0;0;0;
;BBCR225315700749M;Bandag Bridgestone;315/70  R22.5  M749 270  BANDAG BRIDGESTONE  Bie¿nikowana  M+S  3PMSF KARKAS MATADOR;315;70;22.5;0;;1;1732;924.15;;;;;2026;0;59.100;0;;1;0;0;0;
750234;BBCR225315700BDR0;Bandag Bridgestone;315/70  R22.5  BDR-WXT+ 280  BANDAG BRIDGESTONE  Bie¿nikowana  M+S  3PMSF KARKAS MICHELN;315;70;22.5;0;;16;1742;947.8;;;;;2024;0;59.100;0;;1;0;0;0;
750234;BBCR225315700BDR1;Bandag Bridgestone;315/70  R22.5  BDR-WXT+ 270  BANDAG BRIDGESTONE  Bie¿nikowana  M+S  3PMSF KARKAS BRIDGESTONE;315;70;22.5;0;;15;1657;923.2;;;;;2024,2025;0;59.100;0;;1;0;0;0;
750234;BBCR225315700BDR2;Bandag Bridgestone;315/70  R22.5  BDR-WXT+ 270  BANDAG BRIDGESTONE  Bie¿nikowana  M+S  3PMSF KARKAS GOODYEAR;315;70;22.5;0;;4;1657;874.16;;;;;2024,2025;0;59.100;0;;1;0;0;0;
750234;BBCR225315700BDR4;Bandag Bridgestone;315/70  R22.5  BDR-WXT+ 280  BANDAG BRIDGESTONE  Bie¿nikowana  M+S  3PMSF KARKAS BRIDGESTONE;315;70;22.5;0;;4;1657;947.8;;;;;2024;0;59.100;0;;1;0;0;0;
;BBCR225315700DR30;Bandag Bridgestone;315/70  R22.5  PRO-DR3 270  PRO-TREAD BRIDGESTONE  Bie¿nikowana  M+S  3PMSF KARKAS BRIDGESTONE;315;70;22.5;0;;1;1739.09;691.68;;;;;2025;0;60.100;0;;1;0;0;0;
;BBCR225315700DR31;Bandag Bridgestone;315/70  R22.5  PRO-DR3 270  PRO-TREAD BRIDGESTONE  Bie¿nikowana  M+S  3PMSF KARKAS GOODYEAR;315;70;22.5;0;;4;1739.09;669.41;;;;;2026;0;60.100;0;;1;0;0;0;
750577;BBCR225315700HD20;Bandag Bridgestone;315/70  R22.5  HD2 280  BANDAG BRIDGESTONE  Bie¿nikowana  M+S  3PMSF KARKAS MICHELIN;315;70;22.5;0;;13;1778;774.2;;;;;2026;0;60.100;0;;1;0;0;0;
750577;BBCR225315700HD24;Bandag Bridgestone;315/70  R22.5  HD2 280  BANDAG BRIDGESTONE  Bie¿nikowana  M+S  3PMSF KARKAS BRIDGESTONE;315;70;22.5;0;;1;1778;774.2;;;;;2025;0;60.100;0;;1;0;0;0;
727292;BBCR225315700MD11;Bandag Bridgestone;315/70  R22.5  MD1 270  BANDAG BRIDGESTONE  Bie¿nikowana  M+S  3PMSF KARKAS MICHELIN;315;70;22.5;0;;4;1540;1010.28;;;;;2025,2026;0;59.100;0;;1;0;0;0;
750805;BBCR225315700RDB0;Bandag Bridgestone;315/70  R22.5  RD2 270  BANDAG BRIDGESTONE  Bie¿nikowana  M+S  3PMSF KARKAS BRIDGESTONE;315;70;22.5;0;;24;1958;1030.56;;;;;2024,2025;0;59.100;0;;1;0;0;0;
750805;BBCR225315700RDB1;Bandag Bridgestone;315/70  R22.5  RD2 270  BANDAG BRIDGESTONE  Bie¿nikowana  M+S  3PMSF KARKAS MICHELIN;315;70;22.5;0;;4;1958;1030.56;;;;;2026;0;59.100;0;;1;0;0;0;
750805;BBCR225315700RDB2;Bandag Bridgestone;315/70  R22.5  RD2 280  BANDAG BRIDGESTONE  Bie¿nikowana  M+S  3PMSF KARKAS BRIDGESTONE;315;70;22.5;0;;23;1958;1060.37;;;;;2024;0;59.100;0;;1;0;0;0;
750770;BBCR2253158000021;Bandag Bridgestone;315/80  R22.5  RD002 260  BANDAG BRIDGESTONE  Bie¿nikowana  M+S  3PMSF KARKAS BRIDGESTONE;315;80;22.5;0;;3;2071;1113.53;;;;;2025;0;60.100;0;;1;0;0;0;
702484;BBCR2253158003550;Bandag Bridgestone;315/80  R22.5  L355 260  BANDAG BRIDGESTONE  Bie¿nikowana  M+S  3PMSF KARKAS MICHELN;315;80;22.5;0;;5;1878;1113.84;;;;;2025,2026;0;60.100;0;;1;0;0;0;
702484;BBCR2253158003551;Bandag Bridgestone;315/80  R22.5  L355 260  BANDAG BRIDGESTONE  Bie¿nikowana  M+S  3PMSF KARKAS BRIDGESTONE;315;80;22.5;0;;9;1878;1113.84;;;;;2026;0;60.100;0;;1;0;0;0;
702484;BBCR2253158003556;Bandag Bridgestone;315/80  R22.5  L355 250  BANDAG BRIDGESTONE  Bie¿nikowana  M+S  3PMSF KARKAS MICHELIN;315;80;22.5;0;;2;1878;1016.22;;;;;2026;0;60.100;0;;1;0;0;0;
702484;BBCR2253158003557;Bandag Bridgestone;315/80  R22.5  L355 250  BANDAG BRIDGESTONE  Bie¿nikowana  M+S  3PMSF KARKAS GOODYEAR;315;80;22.5;0;;4;1878;1016.22;;;;;2026;0;60.100;0;;1;0;0;0;
726099;BBCR2253158007290;Bandag Bridgestone;315/80  R22.5  M729 260  BANDAG BRIDGESTONE  Bie¿nikowana  M+S  3PMSF KARKAS MICHELIN;315;80;22.5;0;;4;1878;1080.19;;;;;2026;0;60.100;0;;1;0;0;0;
750319;BBCR225315800BDR4;Bandag Bridgestone;315/80  R22.5  BDR-WXT+ 260  BANDAG BRIDGESTONE  Bie¿nikowana  M+S  3PMSF KARKAS MICHELIN;315;80;22.5;0;;4;1762;1030.35;;;;;2026;0;60.100;0;;1;0;0;0;
;BBCR225315800DM30;Bandag Bridgestone;315/80  R22.5  PRO-DM3 260  BANDAG BRIDGESTONE  Bie¿nikowana  M+S  3PMSF KARKAS PIRELLI;315;80;22.5;0;;4;2107.37;838.15;;;;;2026;0;60.100;0;;1;0;0;0;
;BBCR225315800DM32;Bandag Bridgestone;315/80  R22.5  PRO-DM3 260  BANDAG BRIDGESTONE  Bie¿nikowana  M+S  3PMSF KARKAS BRIDGESTONE;315;80;22.5;0;;6;2107.37;838.15;;;;;2026;0;60.100;0;;1;0;0;0;
;BBCR225315800DRB0;Bandag Bridgestone;315/80  R22.5  PRO-DR3 260  BANDAG BRIDGESTONE  Bie¿nikowana  M+S  3PMSF KARKAS GOODYEAR;315;80;22.5;0;;6;1955.05;777.58;;;;;2026;0;60.100;0;;1;0;0;0;
727281;BBCR225315800MD10;Bandag Bridgestone;315/80  R22.5  MD1 270  BANDAG BRIDGESTONE  Bie¿nikowana  M+S  3PMSF KARKAS MICHELIN;315;80;22.5;0;;8;1878;1122.06;;;;;2025;0;60.100;0;;1;0;0;0;
;BBCR225315800MD12;Bandag Bridgestone;315/80  R22.5  MD1 260  BANDAG BRIDGESTONE  Bie¿nikowana  M+S  3PMSF KARKAS DUNLOP;315;80;22.5;0;;4;1878;1018.74;;;;;2025;0;60.100;0;;1;0;0;0;
;BBCR225315800MD13;Bandag Bridgestone;315/80  R22.5  MD1 260  BANDAG BRIDGESTONE  Bie¿nikowana  M+S  3PMSF KARKAS BRIDGESTONE;315;80;22.5;0;;3;1878;1097.14;;;;;2026;0;60.100;0;;1;0;0;0;
;BBCR225385550R2T3;Bandag Bridgestone;385/55  R22.5  RT2 320  BANDAG BRIDGESTONE  Bie¿nikowana  M+S  3PMSF KARKAS MICHELIN;385;55;22.5;0;;3;1835;951.61;;;;;2026;0;71.500;0;;1;0;0;0;
;BBCR225385550T2H1;Bandag Bridgestone;385/55  R22.5  HT2 330  BANDAG BRIDGESTONE  Bie¿nikowana  M+S  3PMSF KARKAS MICHELIN;385;55;22.5;0;;8;1723;968.77;;;;;2026;0;71.500;0;;1;0;0;0;
727375;BBCR225385650MT10;Bandag Bridgestone;385/65  R22.5  MT1 305  BANDAG BRIDGESTONE  Bie¿nikowana  M+S  3PMSF KARKAS BRIDGESTONE;385;65;22.5;0;;3;1943;1044.2;;;;;2025;0;71.500;0;;1;0;0;0;
750710;BBCR225385650R2T1;Bandag Bridgestone;385/65  R22.5  RT2 300  BANDAG BRIDGESTONE  Bie¿nikowana  M+S  3PMSF KARKAS MICHELIN;385;65;22.5;0;;8;1716;967.1;;;;;2024;0;71.500;0;;1;0;0;0;
750710;BBCR225385650R2T2;Bandag Bridgestone;385/65  R22.5  RT2 300  BANDAG BRIDGESTONE  Bie¿nikowana  M+S  3PMSF KARKAS GOODYEAR;385;65;22.5;0;;22;1716;918.1;;;;;2024,2025;0;71.500;0;;1;0;0;0;
750446;BBCR225385650T2H1;Bandag Bridgestone;385/65  R22.5  HT2 300  BANDAG BRIDGESTONE  Bie¿nikowana  M+S  3PMSF KARKAS GOODYEAR;385;65;22.5;0;;8;1798;774.2;;;;;2025,2026;0;71.500;0;;1;0;0;0;
750446;BBCR225385650T2H2;Bandag Bridgestone;385/65  R22.5  HT2 300  BANDAG BRIDGESTONE  Bie¿nikowana  M+S  3PMSF KARKAS MICHELIN;385;65;22.5;0;;9;1798;774.2;;;;;2026;0;71.500;0;;1;0;0;0;
;BBCR225385650TR30;Bandag Bridgestone;385/65  R22.5  PRO-TR3 295  BANDAG BRIDGESTONE  Bie¿nikowana  M+S  3PMSF KARKAS GOODYEAR;385;65;22.5;0;;2;1888.63;751.16;;;;;2026;0;71.500;0;;1;0;0;0;
13491;BFCR17520575MFD40;Firestone;205/75  R17.5  FD611  [124/122] M  TL  M+S  3PMSF;205;75;17.5;M;124/122;3;1179;645.82;3286341349115;D;C;73dB;2024;0;25.100;0;A;1;0;383612;0;
13482;BFCR17520575MFS10;Firestone;205/75  R17.5  FS411  [124/122] M  TL  M+S  3PMSF;205;75;17.5;M;124/122;6;1131;675.22;3286341348217;C;B;72dB;2024,2025;0;25.100;0;B;1;0;383603;0;
11083;BFCR17521575MFD40;Firestone;215/75  R17.5  FD611  [126/124] M  TL  M+S  3PMSF;215;75;17.5;M;126/124;1;1187;724.22;3286341108316;C;B;72dB;2025;0;26.100;0;A;1;0;383560;0;
11000;BFCR17521575MFS10;Firestone;215/75  R17.5  FS411  [126/124] M  TL  M+S  3PMSF;215;75;17.5;M;126/124;1;1235;734.02;3286341100013;C;B;72dB;2026;0;26.100;0;B;1;0;383558;0;
13481;BFCR17522575MFD40;Firestone;225/75  R17.5  FD611  [129/127] M  TL  M+S  3PMSF;225;75;17.5;M;129/127;12;2164;704.62;3286341348118;C;B;72dB;2024;0;27.100;0;A;1;0;383602;0;
13485;BFCR17522575MFS10;Firestone;225/75  R17.5  FS411  [129/127] M  TL  M+S  3PMSF;225;75;17.5;M;129/127;7;2164;743.82;3286341348514;C;B;70dB;2025;0;27.100;0;A;1;0;383606;0;
27829;BFCR17523575JTSP2;Firestone;235/75  R17.5  TSP3000  [143J/144F]  TL  M+S  3PMSF;235;75;17.5;J;143J/144F;8;2508;926.1;3286342782911;C;B;70dB;2025;0;33.100;0;A;1;0;1330869;0;
31114;BFCR17523575MFD41;Firestone;235/75  R17.5  FD611  [132/130] M  TL  M+S  3PMSF;235;75;17.5;M;132/130;6;2382;871.22;3286343111413;D;B;72dB;2025;0;27.500;0;A;1;0;1438150;0;
31117;BFCR17523575MFS10;Firestone;235/75  R17.5  FS411  [132/130] M  TL  M+S  3PMSF;235;75;17.5;M;132/130;10;1419;862.4;3286343111710;C;B;71dB;2026;0;26.500;0;A;1;0;1438147;0;
27830;BFCR17524570JTSP2;Firestone;245/70  R17.5  TSP3000  [143/141] J  TL  M+S  3PMSF;245;70;17.5;J;143/141;6;1604;926.1;3286342783017;D;B;70dB;2024;0;31.600;0;A;1;0;1330871;0;
31118;BFCR17524570MFD41;Firestone;245/70  R17.5  FD611  [136/134] M  TL  M+S  3PMSF;245;70;17.5;M;136/134;5;2590;949.62;3286343111819;C;B;74dB;2025;0;31.600;0;B;1;0;1438148;0;
31119;BFCR17524570MFS11;Firestone;245/70  R17.5  FS411  [136/134] M  TL  M+S  3PMSF;245;70;17.5;M;136/134;12;2590;949.62;3286343111918;C;B;72dB;2025,2026;0;30.800;0;B;1;0;1438152;0;
21735;BFCR175D9500JTSP1;Firestone;9.5  R17.5  TSP3000  [143/141] J  TL  M+S  3PMSF;9.5;82;17.5;J;143/141;14;2498;881.02;3286342173511;D;D;72dB;2025;0;30.100;0;B;1;0;383754;0;
19351;BFCR175D9500MFS41;Firestone;9.5  R17.5  FS400  129 M  TL  M+S  3PMSF;9.5;82;17.5;M;;1;2455;851.62;3286341935110;E;B;74dB;2025;0;30.100;0;B;1;0;383733;0;
13480;BFCR19524570MFD40;Firestone;245/70  R19.5  FD611  [136/134] M  TL  M+S  3PMSF;245;70;19.5;M;136/134;2;1695;1018.22;3286341348019;D;B;75dB;2025;0;38.200;0;B;1;0;383601;0;
11082;BFCR19526570MFS10;Firestone;265/70  R19.5  FS411  [140] M  TL  M+S  3PMSF;265;70;19.5;M;140;1;2799;1018.22;3286341108217;C;B;71dB;2025;0;38.200;0;A;1;0;383559;0;
21733;BFCR19528570JTSP1;Firestone;285/70  R19.5  TSP3000  [150/148] J  TL  M+S  3PMSF;285;70;19.5;J;150/148;4;3686;1312.22;3286342173313;D;C;70dB;2024;0;43.100;0;A;1;0;383752;0;
13484;BFCR19528570MFS10;Firestone;285/70  R19.5  FS411  [145/143] M  TL  M+S  3PMSF;285;70;19.5;M;145/143;1;3240;1190.7;3286341348415;C;B;72dB;2025;0;43.100;0;B;1;0;383605;0;
19734;BFCR22529560LFD20;Firestone;295/60  R22.5  FD624  [150/147] L TL  M+S  3PMSF  NEW;295;60;22.5;L;150/147;16;2705;1497.44;3286341973419;C;C;74dB;2025,2026;0;50.300;0;B;1;0;1924401;0;
19728;BFCR22529580M24F0;Firestone;295/80  R22.5  FS424  [152/148] M  TL  M+S  3PMSF  NEW;295;80;22.5;M;152/148;36;4055;1396.5;3286341972818;C;B;69dB;2026;0;62.100;0;A;1;0;1840975;0;
22969W2023;BFCR22529580M6241;Firestone;295/80  R22.5  FD622+  [152/148] M  TL  M+S  3PMSF  DOT2023;295;80;22.5;M;152/148;1;4007;1341.62;3286342296913;D;C;73dB;2023;0;60.100;0;A;1;0;644924;0;
19738;BFCR22529580MFD20;Firestone;295/80  R22.5  FD624  [152/148] M  TL  M+S  3PMSF;295;80;22.5;M;152/148;2;4055;1396.5;3286341973815;C;C;72dB;2026;0;60.100;0;A;1;0;1840922;0;
19735;BFCR22531560LFD20;Firestone;315/60  R22.5  FD624  [152/148] L TL  M+S  3PMSF;315;60;22.5;L;152/148;10;4365;1425.9;3286341973518;C;C;76dB;2025;0;59.900;0;B;1;0;1895395;0;
19732;BFCR22531570L24F0;Firestone;315/70  R22.5  FS424  [154/150] L  TL  M+S  3PMSF  NEW;315;70;22.5;L;154/150;50;4264;1416.1;3286341973211;B;B;71dB;2026;0;60.400;0;A;1;0;1719201;0;
19737;BFCR22531570LFD20;Firestone;315/70  R22.5  FD624  [154L/152M]  TL  M+S  3PMSF  NEW;315;70;22.5;L;154L/152M;16;4264;1429.82;3286341973716;C;C;74dB;2026;0;62.100;0;B;1;0;1648378;0;
23435;BFCR22531570LFSE0;Firestone;315/70  R22.5  FS424 EVO  [156/150] L  TL  M+S  3PMSF  NEW;315;70;22.5;L;156/150;1;2697;1508.22;3286342343518;C;B;70dB;2026;0;66.400;0;A;1;0;1619668;0;
13456;BFCR22531580KFD81;Firestone;315/80  R22.5  FD833  [156/150] K  TL  M+S  3PMSF;315;80;22.5;K;156/150;55;2821;1576.82;3286341345612;D;B;75dB;2026;0;65.100;0;B;1;0;383587;0;
13458;BFCR22531580KFS31;Firestone;315/80  R22.5  FS833  [156/150] K  TL  M+S  3PMSF;315;80;22.5;K;156/150;8;2821;1576.82;3286341345810;C;B;70dB;2026;0;64.900;0;A;1;0;383589;0;
19731;BFCR22531580L24F0;Firestone;315/80  R22.5  FS424  [156/150] L  TL  M+S  3PMSF  NEW;315;80;22.5;L;156/150;14;4375;1484.7;3286341973112;C;B;69dB;2026;0;58.500;0;A;1;0;1659617;0;
19736;BFCR22531580LFD20;Firestone;315/80  R22.5  FD624  [156/150] L TL  M+S  3PMSF  NEW;315;80;22.5;L;156/150;17;4375;1474.9;3286341973617;C;C;74dB;2025;0;62.100;0;B;1;0;1659618;0;
19729;BFCR22538555K24F0;Firestone;385/55  R22.5  FS424  [160] K  TL  M+S  3PMSF;385;55;22.5;K;160;10;4569;1568;3286341972917;B;C;70dB;2026;0;67.200;0;B;1;0;1939963;0;
17050;BFCR22538555KFT40;Firestone;385/55  R22.5  FT524  [160] K  TL  M+S  3PMSF  NEW;385;55;22.5;K;160;9;2675;1523.9;3286341705010;B;B;70dB;2026;0;74.500;0;A;1;0;1627386;0;
19733;BFCR22538565K24F0;Firestone;385/65  R22.5  FS424  [160] K  TL  M+S  3PMSF  NEW;385;65;22.5;K;160;16;4438;1494.5;3286341973310;B;B;71dB;2026;0;65.400;0;A;1;0;2011375;0;
13454;BFCR22538565KFT31;Firestone;385/65  R22.5  FT833  [160] K  TL  M+S  3PMSF;385;65;22.5;K;160;4;4365;1488.62;3286341345414;C;B;71dB;2026;0;71.500;0;B;1;0;383585;0;
17049;BFCR22538565KFT41;Firestone;385/65  R22.5  FT524  [160] K  TL  M+S  3PMSF  NEW;385;65;22.5;K;160;32;2662;1449.42;3286341704914;B;B;69dB;2026;0;66.900;0;A;1;0;1819380;0;
25950;BFCR22542565KTSP1;Firestone;425/65  R22.5  TSP3000  [165] K  TL;425;65;22.5;K;165;4;5675;1939.42;3286342595016;C;D;70dB;2024,2025;0;83.300;0;A;1;0;629600;0;
2937;BFPR240460708DUT1;Firestone;460/70  R24  (17.5L  R24)  DURAFORCE UTILITY  [159 A8]  TL;460;70;24;A8;159 A8;11;6570;2292.22;3286340293716;;;;2026;0;105.200;0;;0;0;0;0;
10474;BFPR240460708R8U1;Firestone;460/70  R24  (17.5L  R24)  R8000 UTILITY  [159 A8/159 B]  TL;460;70;24;A8;159 A8/159 B;9;5980;1915.9;3286341047417;;;;2025,2026;0;100.000;0;;0;0;0;0;
25971;BFPR250G21000MBT0;Firestone;20.5  R25  MBT MS DE2  E-3/L-3 **  [177 B]  TL;20.5;82;25;0;177 B;7;12540;4056.22;;;;;2025,2026;0;156.000;0;;0;0;0;0;
25970;BFPR250G23000MBT0;Firestone;23.5  R25  MBT MS DE2  E-3/L-3 **  [185 B]  TL;23.5;82;25;0;185 B;9;13500;5300.82;;;;;2026;0;250.000;0;;0;0;0;0;
25973;BFPR250G75000MBT0;Firestone;17.5  R25  MBT MS DE2  E-3/L-3 **  [167 B]  TL;17.5;82;25;0;167 B;8;5840;2788.1;;;;;2025,2026;0;140.000;0;;0;0;0;0;
25972;BFPR250M65000MBT0;Firestone;26.5  R25  MBT MS DE2  E-3/L-3 **  [193 B]  TL;26.5;82;25;0;193 B;10;23980;7349.02;;;;;2026;0;360.000;0;;0;0;0;0;
5622;BFRR24028085DPE80;Firestone;280/85  R24  (11.2  R24)  PERFORMER 85  [115 D/112 E]  TL;280;85;24;D;115 D/112 E;9;2447;890.82;3286340562218;;;;2026;0;42.500;0;;0;0;0;0;
3410;BFRR24032070DPE70;Firestone;320/70  R24  PERFORMER 70  [116 D/113 E]  TL;320;70;24;D;116 D/113 E;8;3104;994.7;3286340341011;;;;2026;0;50.000;0;;0;0;0;0;
5624;BFRR24034085DPE80;Firestone;340/85  R24  (13.6  R24)  PERFORMER 85  [125 D/122 E]  TL;340;85;24;D;125 D/122 E;18;3332;1112.3;3286340562416;;;;2025;0;56.500;0;;0;0;0;0;
3412;BFRR24038070DPE70;Firestone;380/70  R24  PERFORMER 70  [125 D/122 E]  TL;380;70;24;D;125 D/122 E;1;4227;1455.3;3286340341219;;;;2025;0;69.700;0;;0;0;0;0;
5625;BFRR24038085DPE80;Firestone;380/85  R24  (14.9  R24)  PERFORMER 85  [131 D/128 E]  TL;380;85;24;D;131 D/128 E;1;3948;1439.62;3286340562515;;;;2026;0;70.200;0;;0;0;0;0;
3413;BFRR24042070DPE70;Firestone;420/70  R24  PERFORMER 70  [130 D/127 E]  TL;420;70;24;D;130 D/127 E;2;5195;1788.5;3286340341318;;;;2026;0;81.800;0;;0;0;0;0;
5626;BFRR24042085DPE80;Firestone;420/85  R24  (16.9  R24)  PERFORMER 85  [137 D/134 E]  TL;420;85;24;D;137 D/134 E;6;4690;1553.3;3286340562614;;;;2025,2026;0;91.200;0;;0;0;0;0;
8958;BFRR24054065DMX60;Firestone;540/65  R24  MAXITRACTION 65  [140 D/137 E]  TL;540;65;24;D;140 D/137 E;4;7586;2390.22;3286340895811;;;;2024,2025;0;111.500;0;;0;0;0;0;
5628;BFRR28028085DPE80;Firestone;280/85  R28  (11.2  R28)  PERFORMER 85  [118 D/115 E]  TL;280;85;28;D;118 D/115 E;4;2494;910.42;3286340562812;;;;2026;0;47.700;0;;0;0;0;0;
5629;BFRR28032085DPE80;Firestone;320/85  R28  (12.4  R28)  PERFORMER 85  [124 D/121 E]  TL;320;85;28;D;124 D/121 E;10;3381;1096.62;3286340562911;;;;2026;0;55.700;0;;0;0;0;0;
5630;BFRR28034085DPE80;Firestone;340/85  R28  (13.6  R28)  PERFORMER 85  [127 D/124 E]  TL;340;85;28;D;127 D/124 E;4;3608;1322.02;3286340563017;;;;2026;0;63.700;0;;0;0;0;0;
3416;BFRR28038070DPE70;Firestone;380/70  R28  PERFORMER 70  [127 D/124 E]  TL;380;70;28;D;127 D/124 E;2;4838;1655.22;3286340341615;;;;2025;0;75.200;0;;0;0;0;0;
5631;BFRR28038085DPE80;Firestone;380/85  R28  (14.9  R28)  PERFORMER 85  [133 D/130 E]  TL;380;85;28;D;133 D/130 E;1;4700;1445.5;3286340563116;;;;2026;0;78.800;0;;0;0;0;0;
3417;BFRR280420708PE70;Firestone;420/70  R28  PERFORMER 70  [133 D/130 E]  TL;420;70;28;A8;133 D/130 E;3;5450;1831.62;3286340341714;;;;2026;0;92.300;0;;0;0;0;0;
3418;BFRR28048070DPE70;Firestone;480/70  R28  PERFORMER 70  [140 D/137 E]  TL;480;70;28;D;140 D/137 E;1;7040;2204.02;3286340341813;;;;2025;0;115.000;0;;0;0;0;0;
8961;BFRR28054065DMX60;Firestone;540/65  R28  MAXITRACTION 65  [142 D/139 E]  TL;540;65;28;D;142 D/139 E;1;8256;2909.62;3286340896115;;;;2025;0;123.500;0;;0;0;0;0;
5635;BFRR34042085DPE80;Firestone;420/85  R34  (16.9  R34)  PERFORMER 85  [142 D/139 E]  TL;420;85;34;D;142 D/139 E;4;6433;2204.02;3286340563512;;;;2026;0;115.000;0;;0;0;0;0;
8978;BFRR34060065DMX60;Firestone;600/65  R34  MAXITRACTION 65  [151 D/148 E]  TL;600;65;34;D;151 D/148 E;2;12242;3850.42;3286340897815;;;;2024;0;175.000;0;;0;0;0;0;
8974;BFRR38054065DMX60;Firestone;540/65  R38  MAXITRACTION 65  [147 D/144 E]  TL;540;65;38;D;147 D/144 E;1;10282;3614.35;3286340897419;;;;2026;0;147.100;0;;0;0;0;0;
3302002257-3003;BLCR225F3000KBA20;BlackLion;13  R22.5  BlackLion BA220  20PR  [156/150] K  TL  M+S  3PMSF;13;82;22.5;K;156/150;1;1830.19;1067.22;;D;C;72dB;2024;0;71.000;0;B;0;0;2342253;0;
100111274;BLCR225F3000KBD80;BlackLion;13  R22.5  BlackLion BD280  20PR  [156/150] K  TL  M+S  3PMSF;13;82;22.5;K;156/150;3;1856.2;1067.22;9999127595887;E;C;75dB;2024;0;72.000;0;B;0;0;0;0;
32538;BRCR17520565JRT81;Bridgestone;205/65  R17.5  RT1  [132/130] J  TL  M+S  3PMSF;205;65;17.5;J;132/130;16;2818;969.22;3286343253816;C;C;69dB;2025,2026;0;24.800;0;A;1;0;1604103;0;
13465;BRCR17520575M2RS0;Bridgestone;205/75  R17.5  RS2  [124] M  TL  M+S  3PMSF;205;75;17.5;M;124;1;2304;792.82;3286341346510;C;B;69dB;2025;0;24.300;0;A;1;0;383594;0;
13467;BRCR17520575MRDB0;Bridgestone;205/75  R17.5  RD2  [124] M  TL  M+S;205;75;17.5;M;124;10;1376;783.02;3286341346718;C;B;71dB;2026;0;24.300;0;A;1;0;383596;0;
23832;BRCR17521575KRT81;Bridgestone;215/75  R17.5  RT1  [136/134] K  TL  M+S  3PMSF;215;75;17.5;K;136/134;4;2935;1008.42;3286342383217;C;C;69dB;2026;0;29.900;0;A;1;0;1331484;0;
10374;BRCR17522575MRD00;Bridgestone;225/75  R17.5  R-DRIVE 002  [129/127] M  TL  M+S  3PMSF;225;75;17.5;M;129/127;12;2624;877.1;3286341037418;C;B;74dB;2024,2025;0;27.100;0;B;1;0;383522;0;
10377;BRCR17522575MRS90;Bridgestone;225/75  R17.5  R-STEER 002  [129/127] M  TL  M+S  3PMSF;225;75;17.5;M;129/127;6;2624;877.1;3286341037715;C;B;70dB;2025;0;27.100;0;A;1;0;383525;0;
10386;BRCR17523575KRT80;Bridgestone;235/75  R17.5  RT1  [143/141] K  TL  M+S  3PMSF;235;75;17.5;K;143/141;7;3032;1043.7;3286341038613;C;B;68dB;2026;0;31.200;0;A;1;0;383532;0;
13263;BRCR17523575MRD00;Bridgestone;235/75  R17.5  R-DRIVE 002  [132] M  TL  M+S  3PMSF;235;75;17.5;M;132;14;2857;955.5;3286341326314;C;B;74dB;2024;0;31.200;0;B;1;0;383584;0;
13261;BRCR17523575MRS90;Bridgestone;235/75  R17.5  R-STEER 002  [132] M  TL  M+S  3PMSF;235;75;17.5;M;132;2;2857;890.82;3286340860215;C;B;70dB;2025;0;31.200;0;A;1;0;383581;0;
10861;BRCR17524570JRT80;Bridgestone;245/70  R17.5  RT1  [143/141] J  TL  M+S  3PMSF;245;70;17.5;J;143/141;8;1948;1126.02;3286341086119;C;B;69dB;2026;0;31.600;0;A;1;0;383556;0;
10373;BRCR17524570MRDB0;Bridgestone;245/70  R17.5  R-DRIVE 002  [136/134] M  TL  M+S  3PMSF;245;70;17.5;M;136/134;8;3100;1065.26;3286341037319;C;B;74dB;2026;0;31.600;0;B;1;0;383521;0;
10376;BRCR17524570MRS90;Bridgestone;245/70  R17.5  R-STEER 002  [136/134] M  TL  M+S  3PMSF;245;70;17.5;M;136/134;5;1849;1053.5;3286341037616;C;B;69dB;2025,2026;0;31.600;0;A;1;0;383524;0;
13469;BRCR17526570MRD00;Bridgestone;265/70  R17.5  R-DRIVE 002  [138/136] M  TL  M+S  3PMSF;265;70;17.5;M;138/136;14;3429;1155.42;3286341346916;C;B;75dB;2024,2025,2026;0;38.000;0;B;1;0;383597;0;
13463;BRCR17526570MRS90;Bridgestone;265/70  R17.5  R-STEER 002  [138] M  TL  M+S  3PMSF;265;70;17.5;M;138;8;2129;1180.9;3286341346312;C;B;70dB;2026;0;38.000;0;A;1;0;383592;0;
23253;BRCR175D9500J1682;Bridgestone;9.5  R17.5  R168  [143/141] J  TL;9.5;82;17.5;J;143/141;3;1746;969.22;3286342325316;D;C;71dB;2025;0;30.100;0;B;1;0;383771;0;
10380;BRCR19526570KRT80;Bridgestone;265/70  R19.5  RT1  [143/141] K  TL  M+S  3PMSF;265;70;19.5;K;143/141;14;3609;1224.02;3286341038019;C;B;69dB;2026;0;38.200;0;A;1;0;383528;0;
10371;BRCR19526570MRD00;Bridgestone;265/70  R19.5  R-DRIVE 002  [140/138] M  TL  M+S  3PMSF;265;70;19.5;M;140/138;8;2082;1155.42;3286341037111;C;B;74dB;2026;0;38.200;0;B;1;0;383519;0;
10379;BRCR19526570MRS90;Bridgestone;265/70  R19.5  R-STEER 002  [140/138] M  TL  M+S  3PMSF;265;70;19.5;M;140/138;8;2082;1171.1;3286341037913;C;B;70dB;2026;0;38.200;0;A;1;0;383527;0;
10372;BRCR19528570MRDB0;Bridgestone;285/70  R19.5  R-DRIVE 002  [146/144] M  TL  M+S  3PMSF;285;70;19.5;M;146/144;6;3880;1298.5;3286341037210;C;C;74dB;2026;0;43.100;0;B;1;0;383520;0;
10375;BRCR19528570MRS90;Bridgestone;285/70  R19.5  R-STEER 002  [146/144] M  TL  M+S  3PMSF;285;70;19.5;M;146/144;5;2314;1337.7;3286341037517;C;C;68dB;2026;0;43.100;0;A;1;0;383523;0;
4801894;BRCR19543550J1663;Bridgestone;435/50  R19.5  R166  [160] J  TL  M+S  3PMSF;435;50;19.5;J;160;7;3471;1929.62;3286348018946;D;C;73dB;2025,2026;0;64.900;0;B;1;0;2117895;0;
25919;BRCR22513080K8401;Bridgestone;13  R22.5  M840 EVO  [158/156] G  TL  M+S  3PMSF;130;80;22.5;K;158/156;4;5796;1808.1;3286342591919;D;B;72dB;2026;0;72.300;0;B;1;0;629578;0;
30606;BRCR22527570JUA21;Bridgestone;275/70  R22.5  U-AP2  [152/149] J  TL  M+S  3PMSF;275;70;22.5;J;152/149;3;2985;1563.1;3286343060612;B;B;69dB;2026;0;53.000;0;A;1;0;1895397;0;
25920;BRCR22527570K8402;Bridgestone;275/70  R22.5  M840  [148/145] K  M+S  3PMSF;275;70;22.5;K;148/145;5;4666;1420.02;3286342592015;D;C;69dB;2023,2025;0;53.000;0;A;1;0;629577;0;
19339;BRCR22529560L24E0;Bridgestone;295/60  R22.5  R249 ECO  [150/147] L  TL  M+S  3PMSF;295;60;22.5;L;150/147;8;5491;1635.62;3286341933918;D;C;70dB;2023,2024;0;50.200;0;A;1;0;383728;0;
19874;BRCR22529560LIVE0;Bridgestone;295/60  R22.5  ECOPIA DRIVE  [150/147] L  TL  M+S  3PMSF;295;60;22.5;L;150/147;12;3372;1733.62;3286341987416;B;B;75dB;2026;0;50.300;0;B;1;0;1840948;0;
16884;BRCR22529560LOHD0;Bridgestone;295/60  R22.5  ECOHD2  [150/147] L  TL  M+S  3PMSF;295;60;22.5;L;150/147;1;5384;1665.02;3286341688412;B;C;75dB;2024;0;50.200;0;B;1;0;383685;0;
16951;BRCR22529560LURD0;Bridgestone;295/60  R22.5  DURD2  [150/147] L  TL  M+S  3PMSF;295;60;22.5;L;150/147;8;3320;1704.22;3286341695113;C;B;76dB;2026;0;50.200;0;B;1;0;383695;0;
16951W2023;BRCR22529560LURD1;Bridgestone;295/60  R22.5  DURD2  [150/147] L  TL  M+S  3PMSF  DOT2023;295;60;22.5;L;150/147;1;5403;1429.82;3286341695113W2;C;B;76dB;2023;0;50.200;0;B;1;0;383695;0;
16950;BRCR22529580MURD0;Bridgestone;295/80  R22.5  DURD2  [152/148] M  TL  M+S  3PMSF;295;80;22.5;M;152/148;11;5369;1655.22;3286341695014;C;B;75dB;2025;0;60.100;0;B;1;0;383694;0;
16882;BRCR22531560LCOH0;Bridgestone;315/60  R22.5  ECOPIA H-STEER 002  [154/148] L  TL  M+S  3PMSF;315;60;22.5;L;154/148;9;5660;1802.22;3286341688214;B;B;72dB;2026;0;57.000;0;B;1;0;383683;0;
16937;BRCR22531560LDU20;Bridgestone;315/60  R22.5  DURS2  [154/148] L  TL  M+S  3PMSF;315;60;22.5;L;154/148;1;3479;1797.32;3286341693713;C;B;70dB;2024;0;57.000;0;A;1;0;383688;0;
16883;BRCR22531560LEJ20;Bridgestone;315/60  R22.5  ECOPIA H-DRIVE 002  [152/148] L  TL  M+S  3PMSF;315;60;22.5;L;152/148;7;3548;1798.3;3286341688313;B;B;75dB;2026;0;57.000;0;B;1;0;383684;0;
19911;BRCR22531560LSTE0;Bridgestone;315/60  R22.5  ECOPIA STEER  [154/148] L  TL  M+S  3PMSF;315;60;22.5;L;154/148;4;3410;1778.7;3286341991116;B;C;70dB;2026;0;53.000;0;A;1;0;2563028;0;
16952;BRCR22531560LURD0;Bridgestone;315/60  R22.5  DURD2  [152/148] L  TL  M+S  3PMSF;315;60;22.5;L;152/148;4;3346;1739.5;3286341695212;C;B;74dB;2026;0;57.000;0;B;1;0;383696;0;
16944;BRCR22531570LDU21;Bridgestone;315/70  R22.5  DURS2  [156/150] L  TL  M+S  3PMSF;315;70;22.5;L;156/150;16;5515;1719.9;3286341694413;B;B;71dB;2026;0;59.100;0;A;1;0;383692;0;
19879;BRCR22531570LIVE0;Bridgestone;315/70  R22.5  ECOPIA DRIVE  [154/150] L  TL  M+S  3PMSF;315;70;22.5;L;154/150;19;5719;1831.62;3286341987911;A;B;71dB;2026;0;66.100;0;A;1;0;1819609;0;
19913;BRCR22531570LSTE0;Bridgestone;315/70  R22.5  ECOPIA STEER  [156/150] L  TL  M+S  3PMSF;315;70;22.5;L;156/150;12;1869;1821.82;3286341991314;A;B;68dB;2025,2026;0;66.100;0;A;1;0;1820064;0;
16953;BRCR22531570LURD0;Bridgestone;315/70  R22.5  DURD2  [154/150] L  TL  M+S  3PMSF;315;70;22.5;L;154/150;8;5515;1733.62;3286341695311;C;B;75dB;2026;0;59.100;0;B;1;0;383697;0;
4800012;BRCR22531570M7491;Bridgestone;315/70  R22.5  V-STEEL M749  [152/148] M  TL  M+S  3PMSF;315;70;22.5;M;152/148;14;5238;1655.22;3286348000125;C;C;75dB;2024;0;67.100;0;B;1;0;2045642;0;
32634;BRCR22531580G8400;Bridgestone;315/80  R22.5  V-STEEL MIX M840 EVO  [158G/156K]  TL  M+S  3PMSF;315;80;22.5;G;158G/156K;6;3535;1812.02;3286343263419;C;C;69dB;2026;0;68.500;0;A;1;0;1772772;0;
28529;BRCR22531580K35V3;Bridgestone;315/80  R22.5  L355 EVO  [158/156] G  TL  M+S  3PMSF;315;80;22.5;K;158/156;20;3565;1821.82;3286342852911;E;B;73dB;2026;0;64.900;0;A;1;0;1043269;0;
8698;BRCR22531580KMS10;Bridgestone;315/80  R22.5  M-STEER 001  [156/150] K  TL  M+S  3PMSF;315;80;22.5;K;156/150;5;5675;1704.22;3286340869812;C;B;69dB;2024;0;64.900;0;A;1;0;383462;0;
19861;BRCR22531580KMSM0;Bridgestone;315/80  R22.5  M-STEER 002  [156/150] K  TL  M+S  3PMSF;315;80;22.5;K;156/150;2;3488;1805.21;3286341986112;C;B;70dB;2026;0;70.100;0;A;1;0;2112622;0;
16947;BRCR22531580LDU21;Bridgestone;315/80  R22.5  DURS2  [156/150] L TL  M+S  3PMSF;315;80;22.5;L;156/150;7;5544;1733.62;3286341694710;B;A;71dB;2026;0;64.900;0;A;1;0;383693;0;
13508;BRCR22531580LEH20;Bridgestone;315/80  R22.5  ECOPIA H-STEER 002  [156/150] L  TL  M+S  3PMSF;315;80;22.5;L;156/150;7;5539;1733.62;3286341350814;B;B;69dB;2022,2023;0;64.900;0;A;1;0;383627;0;
19912;BRCR22531580LSTE0;Bridgestone;315/80  R22.5  ECOPIA STEER  [156/150] L  TL  M+S  3PMSF;315;80;22.5;L;156/150;10;5539;1743.42;3286341991215;A;B;67dB;2024;0;63.100;0;A;1;0;1840965;0;
16954;BRCR22531580LURD1;Bridgestone;315/80  R22.5  DURD2  [156/150] L TL  M+S  3PMSF;315;80;22.5;L;156/150;15;5544;1729.7;3286341695410;C;B;75dB;2026;0;64.900;0;B;1;0;383698;0;
17009;BRCR22535550LEH20;Bridgestone;355/50  R22.5  ECOPIA H-STEER 002  [156] L  TL  M+S  3PMSF;355;50;22.5;L;156;5;6116;1939.42;3286341700916;C;B;70dB;2026;0;74.500;0;A;1;0;383705;0;
16940;BRCR22538555KDU21;Bridgestone;385/55  R22.5  DURS2  [160] K  TL  M+S   3PMSF;385;55;22.5;K;160;7;5796;1808.1;3286341694017;B;B;72dB;2026;0;63.700;0;B;1;0;383690;0;
13499;BRCR22538555KEZ20;Bridgestone;385/55  R22.5  ECOPIA H-TRAILER 002  [160] K  TL;385;55;22.5;K;160;31;5563;1714.02;3286341349917;A;B;68dB;2024;0;63.700;0;A;1;0;383618;0;
19914;BRCR22538555KSTE0;Bridgestone;385/55  R22.5  ECOPIA STEER  [160] K  TL  M+S  3PMSF;385;55;22.5;K;160;7;5990;1906.1;3286341991413;A;B;69dB;2025,2026;0;74.100;0;A;1;0;1840935;0;
10850;BRCR22538555KURT1;Bridgestone;385/55  R22.5  DURT2  [160] K  TL  M+S   3PMSF;385;55;22.5;K;160;10;5748;1792.42;3286341085013;B;B;70dB;2025,2026;0;63.700;0;A;1;0;383551;0;
31373;BRCR22538565K68P6;Bridgestone;385/65  R22.5  R168+  [160] K  TL  M+S  3PMSF;385;65;22.5;K;160;23;5437;1590.54;3286343137314;C;B;71dB;2026;0;74.100;0;A;1;0;1574452;0;
25916;BRCR22538565K7482;Bridgestone;385/65  R22.5  M748 EVO  [164] G  TL  M+S  3PMSF;385;65;22.5;K;164;5;3565;1821.82;3286342591612;D;B;72dB;2025;0;71.500;0;B;1;0;629566;0;
19917;BRCR22538565KEIA0;Bridgestone;385/65  R22.5  ECOPIA TRAILER  [160] K  TL  M+S  3PMSF;385;65;22.5;K;160;5;3415;1792.42;3286341991710;A;B;68dB;2026;0;74.100;0;A;1;0;2409738;0;
19915;BRCR22538565KSTE0;Bridgestone;385/65  R22.5  ECOPIA STEER  [160] K  TL  M+S  3PMSF;385;65;22.5;K;160;4;5845;1857.1;3286341991512;A;B;68dB;2026;0;74.400;0;A;1;0;1840925;0;
10852;BRCR22538565KURT0;Bridgestone;385/65  R22.5  DURT2  [160] K  TL  M+S   3PMSF;385;65;22.5;K;160;48;5723;1612.1;3286341085211;B;B;70dB;2026;0;63.700;0;A;1;0;383552;0;
25917;BRCR225F1000K8401;Bridgestone;11  R22.5  M840  [148/145] K  TL  M+S  3PMSF;11;82;22.5;K;148/145;16;2335;1224.02;3286342591711;D;C;70dB;2026;0;53.300;0;A;1;0;629573;0;
25914;BRCR225F3000G3550;Bridgestone;13  R22.5  L355 EVO  [158G/156K]  TL  M+S  3PMSF;13;82;22.5;G;158G/156K;8;5796;1808.1;3286342591414;E;B;75dB;2026;0;79.000;0;B;1;0;629557;0;
28077;BRRR24032070DVXR0;Bridgestone;320/70  R24  VX-R TRACTOR  [116 D/113 E]  TL;320;70;24;D;116 D/113 E;4;3997;1175.02;3286342807713;;;;2025;0;58.300;0;;0;0;0;0;
28078;BRRR24032085DVXR0;Bridgestone;320/85  R24  VX-R TRACTOR  [122 D/119 E]  TL;320;85;24;D;122 D/119 E;4;4351;1253.42;3286342807812;;;;2024,2025;0;64.100;0;;0;0;0;0;
28087;BRRR24034085DVXR0;Bridgestone;340/85  R24  VX-R TRACTOR  [125 D/122 E]  TL;340;85;24;D;125 D/122 E;2;5025;1508.22;3286342808710;;;;2025;0;70.800;0;;0;0;0;0;
28095;BRRR24036070DVXR0;Bridgestone;360/70  R24  VX-R TRACTOR  [122 D/119 E]  TL;360;70;24;D;122 D/119 E;1;4559;1390.62;3286342809519;;;;2026;0;71.300;0;;0;0;0;0;
13393;BRRR24048065DVXT0;Bridgestone;480/65  R24  VX-TRACTOR  [140 D/137 E]  TL;480;65;24;D;140 D/137 E;1;7178;2331.42;3286341339314;;;;2024;0;105.200;0;;0;0;0;0;
28162;BRRR24054065DVXR0;Bridgestone;540/65  R24  VX-R TRACTOR  [140 D/137 E]  TL;540;65;24;D;140 D/137 E;2;8248;2782.22;3286342816210;;;;2025;0;124.200;0;;0;0;0;0;
28115;BRRR28042085DVXR0;Bridgestone;420/85  R28  VX-R TRACTOR  [139 D/136 E]  TL;420;85;28;D;139 D/136 E;1;7290;2135.42;3286342811512;;;;2024,2025;0;111.100;0;;0;0;0;0;
13414;BRRR30060070DVXT0;Bridgestone;600/70  R30  VX-TRACTOR  [158 D/155 E]  TL;600;70;30;D;158 D/155 E;2;23547;6329.82;3286341341416;;;;2023;0;202.100;0;;0;0;0;0;
28146;BRRR34052070DVXR0;Bridgestone;520/70  R34  VX-R TRACTOR  [148 D/145 E]  TL;520;70;34;D;148 D/145 E;2;10621;4115.02;3286342814612;;;;2025;0;166.700;0;;0;0;0;0;
10464;BRRR34065060DVTT0;Bridgestone;VF  650/60  R34  VT-TRACTOR  [165 D/162 E]  TL;650;60;34;D;165 D/162 E;2;27709;9897.02;3286341046410;;;;2025;0;220.000;0;;0;0;0;0;
28148;BRRR38052070DVXR0;Bridgestone;520/70  R38  VX-R TRACTOR  [150 D/147 E]  TL;520;70;38;D;150 D/147 E;2;13750;4095.42;3286342814810;;;;2026;0;182.600;0;;0;0;0;0;
4920750000;CBCR17521575KORB0;Barum;215/75  R17.5  BT300R  16PR  [135/133] K  TL  M+S  3PMSF;215;75;17.5;K;135/133;2;1135;714.42;4024063005754;D;C;71dB;2025;0;27.000;0;A;1;0;710115;0;
4220560000;CBCR17521575MDRO0;Barum;215/75  R17.5  BD200R  12PR  [126/124] M  TL  M+S  3PMSF;215;75;17.5;M;126/124;7;1032;645.82;4024063749184;D;C;74dB;2025;0;26.500;0;B;1;0;525538;0;
4220870000;CBCR17522575MDRO1;Barum;225/75  R17.5  BD200R  12PR  [129/127] M  TL  M+S  3PMSF;225;75;17.5;M;129/127;4;1163;724.22;4024063002562;D;C;74dB;2025;0;27.900;0;B;1;0;525567;0;
4121250000;CBCR17522575MFRO1;Barum;225/75  R17.5  BF200R  12PR  [129/127] M  TL  M+S  3PMSF;225;75;17.5;M;129/127;1;1163;763.42;4024063002524;D;C;71dB;2025;0;26.300;0;A;1;0;505980;0;
4920760000;CBCR17523575KORB0;Barum;235/75  R17.5  BT300R  16PR  [143/141] K  TL  M+S  3PMSF;235;75;17.5;K;143/141;3;1345;847.7;4024063005761;C;C;70dB;2025;0;32.400;0;A;1;0;710134;0;
4920770000;CBCR17524570LORB0;Barum;245/70  R17.5  BT300R  16PR  [143/141] L  TL  M+S  3PMSF;245;70;17.5;L;143/141;7;1454;920.22;4024063005778;C;C;71dB;2025,2026;0;32.500;0;A;1;0;710118;0;
5224180000;CBCR19524570MDRO1;Barum;245/70  R19.5  BD200R  16PR  [136/134] M  TL  M+S  3PMSF;245;70;19.5;M;136/134;2;1414;881.02;4024063003477;E;C;74dB;2024;0;36.200;0;B;1;0;710171;0;
05224180000DOT2022;CBCR19524570MDRO2;Barum;245/70  R19.5  BD200R  16PR  [136/134] M  TL  M+S  DOT2020;245;70;19.5;M;136/134;1;1485;587.02;4024063003477DO;E;C;74dB;2020;0;36.200;0;B;1;0;710171;0;
5128770000;CBCR19524570MFRO2;Barum;245/70  R19.5  BF200R  16PR  [136/134] M  TL  M+S  3PMSF;245;70;19.5;M;136/134;6;1414;909.14;4024063006492;D;C;71dB;2025;0;34.600;0;A;1;0;1522399;0;
5224270000;CBCR19526570MD0R0;Barum;265/70  R19.5  BD200R  14PR  [140/138] M  TL  M+S  3PMSF;265;70;19.5;M;140/138;1;1440;900.62;4024063003484;D;C;74dB;2026;0;36.600;0;B;1;0;710175;0;
5128800000;CBCR19526570MF0R1;Barum;265/70  R19.5  BF200R  14PR  [140/138] M  TL  M+S  3PMSF;265;70;19.5;M;140/138;2;1484;945.7;4024063006485;D;C;71dB;2025;0;36.600;0;A;1;0;1522392;0;
5322550000;CBCR19544545JORB0;Barum;445/45  R19.5  BT300R  22PR  [160] J  TL  M+S  3PMSF;445;45;19.5;J;160;2;2772;1723.82;4024063005815;C;D;72dB;2024,2025;0;67.600;0;B;1;0;1375234;0;
5222080000;CBCR22529580MD0R0;Barum;295/80  R22.5  BD200R  16PR  [152/148] M  TL  M+S  3PMSF;295;80;22.5;M;152/148;2;2193;1367.1;4024063768574;D;C;74dB;2025;0;61.500;0;B;1;0;525558;0;
5211280000;CBCR22531560LD0R0;Barum;315/60  R22.5  BD200R  20PR  [152/148] L  TL  M+S  3PMSF;315;60;22.5;L;152/148;4;2405;1523.9;4024063753044;D;C;76dB;2025;0;58.800;0;B;1;0;506292;0;
5128890000;CBCR22531560LF0R2;Barum;315/60  R22.5  BF200R+  20PR  [154/148] L  TL  M+S  3PMSF;315;60;22.5;L;154/148;1;2405;1514.1;4024063006508;C;C;71dB;2025;0;53.900;0;A;1;0;1522404;0;
5225850000;CBCR22531580KDMR1;Barum;315/80  R22.5  BD200M  18PR  [156/150] K  TL  M+S  3PMSF /napêd budowlany;315;80;22.5;K;156/150;4;2336;1478.82;4024063006454;D;C;76dB;2025;0;69.200;0;B;1;0;1396092;0;
5124670000;CBCR22531580LF0R1;Barum;315/80  R22.5  BF200R  20PR  [156/150] L  TL  M+S  3PMSF;315;80;22.5;L;156/150;4;2268;1410.22;4024063002067;C;B;69dB;2025;0;63.500;0;A;1;0;491516;0;
5124700000;CBCR22538555KF0R0;Barum;385/55  R22.5  BF200R  20PR  [160] K  TL  M+S  3PMSF;385;55;22.5;K;160;5;2476;1543.5;4024063002036;C;B;73dB;2025,2026;0;68.100;0;B;1;0;491637;0;
5322440000;CBCR22538565KORB0;Barum;385/65  R22.5  BT300R  20PR  [164] K  TL  M+S  3PMSF;385;65;22.5;K;164;1;2195;1371.02;4024063005723;C;C;70dB;2026;0;69.900;0;A;1;0;710176;0;
5350240000;CBCR22538565KU490;Barum;385/65  R22.5  BU49  16PR  [160] K  TL  M+S;385;65;22.5;K;160;6;2452;1524.88;4024063630321;D;C;74dB;2025;0;67.400;0;B;0;0;506010;0;
5323220000;CBCR22542565KT442;Barum;425/65  R22.5  BT44  20PR  [165] K  TL  M+S;425;65;22.5;K;165;8;3166;2013.9;4024063014558;B;C;73dB;2026;0;79.900;0;B;0;0;2485452;0;
5350230000;CBCR22544565JS490;Barum;445/65  R22.5  BS49  20PR  [169] K  TL  M+S;445;65;22.5;J;169;1;3665;2272.62;4024063630338;C;C;73dB;2025;0;89.200;0;B;0;0;505960;0;
5225870000;CBCR225F3000KDMR1;Barum;13  R22.5  BD200M  18PR  [156/150] K  TL  M+S  3PMSF;13;82;22.5;K;156/150;7;2330;1449.42;4024063006461;D;C;75dB;2025;0;73.100;0;B;1;0;1396093;0;
4920620000;CCCR150A8200GHT90;Continental;8.25  R15  HTR+  18PR  [143/141] G  TT  M+S  3PMSF;8.25;82;15;G;143/141;9;2113;1288.7;4019238042955;D;C;71dB;2025,2026;0;27.900;0;A;1;0;525762;0;
4920910000;CCCR17520565JR2C0;Continental;205/65  R17.5  HTR2 +  16PR  [132/130] J  TL  M+S  3PMSF;205;65;17.5;J;132/130;12;1575;984.9;4019238071825;D;C;70dB;2026;0;24.700;0;A;1;0;658872;0;
4221620000;CCCR17520575MHD31;Continental;205/75  R17.5  CONTI HYBRID LD3  12PR  [124/122] M  TL  M+S  3PMSF;205;75;17.5;M;124/122;1;1455;886.9;4019238041262;D;C;74dB;2026;0;25.500;0;B;1;0;505813;0;
4121900000;CCCR17520575MHLS2;Continental;205/75  R17.5  CONTI HYBRID LS3  12PR  [124/122] M  TL  M+S  3PMSF;205;75;17.5;M;124/122;5;1455;906.6;4019238100013;C;C;71dB;2026;0;24.200;0;A;1;0;1421700;0;
4920920000;CCCR17521575KR2C0;Continental;215/75  R17.5  HTR2 +  16PR  [135/133] K  TL  M+S  3PMSF;215;75;17.5;K;135/133;24;1550;920.22;4019238071832;C;C;71dB;2025,2026;0;27.700;0;A;1;0;658834;0;
4121890000;CCCR17521575MH3S2;Continental;215/75  R17.5  CONTI HYBRID LS3  12PR  [126/124] M  TL  M+S  3PMSF;215;75;17.5;M;126/124;3;1339;792.82;4019238110012;D;C;71dB;2026;0;25.500;0;A;1;0;1421701;0;
4221590000;CCCR17521575MHD31;Continental;215/75  R17.5  CONTI HYBRID LD3  12PR  [126/124] M  TL  M+S  3PMSF;215;75;17.5;M;126/124;3;1339;779.87;4019238041293;D;C;74dB;2026;0;27.000;0;B;1;0;505814;0;
4121940000;CCCR17522575MH3S2;Continental;225/75  R17.5  CONTI HYBRID LS3  12PR  [129/127] M  TL  M+S   3PMSF;225;75;17.5;M;129/127;9;1556;969.22;4019238120011;C;C;71dB;2026;0;26.700;0;A;1;0;1421705;0;
4221580000;CCCR17522575MHD31;Continental;225/75  R17.5  CONTI HYBRID LD3  12PR  [129/127] M  TL  M+S  3PMSF;225;75;17.5;M;129/127;5;1511;959.42;4019238041309;D;C;76dB;2025,2026;0;28.400;0;B;1;0;525704;0;
4920930000;CCCR17523575KR2C0;Continental;235/75  R17.5  HTR2 +  16PR  [143/141] K  TL  M+S  3PMSF;235;75;17.5;K;143/141;13;1692;1028.02;4019238071849;C;C;71dB;2025,2026;0;32.700;0;A;1;0;658871;0;
4121920000;CCCR17523575MH3S4;Continental;235/75  R17.5  CONTI HYBRID LS3  12PR  [132/130] M  TL  M+S  3PMSF;235;75;17.5;M;132/130;6;1778;1096.62;4019238120028;C;C;71dB;2026;0;29.200;0;A;1;0;1421703;0;
4221640000;CCCR17523575MHD32;Continental;235/75  R17.5  CONTI HYBRID LD3  12PR  [132/130] M  TL  M+S  3PMSF;235;75;17.5;M;132/130;3;1726;1083.88;4019238041248;D;C;76dB;2026;0;30.400;0;B;1;0;525708;0;
4920940000;CCCR17524570LR2C0;Continental;245/70  R17.5  HTR2 +  16PR  [143/141] L  TL  M+S  3PMSF;245;70;17.5;L;143/141;9;1870;1155.42;4019238071856;C;C;71dB;2025,2026;0;32.700;0;A;1;0;658875;0;
4121910000;CCCR17524570MH3S2;Continental;245/70  R17.5  CONTI HYBRID LS3  14PR  [136/134] M  TL  M+S  3PMSF;245;70;17.5;M;136/134;4;1884;1165.22;4019238120035;C;C;71dB;2026;0;31.000;0;A;1;0;1421704;0;
4221610000;CCCR17524570MHD31;Continental;245/70  R17.5  CONTI HYBRID LD3  14PR  [136/134] M  TL  M+S  3PMSF;245;70;17.5;M;136/134;6;1884;1151.5;4019238041279;D;C;76dB;2026;0;34.400;0;B;1;0;525838;0;
4121930000;CCCR17526570MH3S2;Continental;265/70  R17.5  CONTI HYBRID LS3  14PR  [139/136] M  TL  M+S  3PMSF;265;70;17.5;M;139/136;18;2070;1302.42;4019238130034;C;C;71dB;2025,2026;0;32.200;0;A;1;0;1421702;0;
4221630000;CCCR17526570MHD31;Continental;265/70  R17.5  CONTI HYBRID LD3  14PR  [139/136] M  TL  M+S  3PMSF;265;70;17.5;M;139/136;15;2070;1282.82;4019238041255;D;C;76dB;2026;0;34.300;0;B;1;0;525706;0;
4221660000;CCCR175D9500LLD11;Continental;9.5  R17.5  LDR1  14PR  [129/127] L  TL  M+S  3PMSF;9.5;82;17.5;L;129/127;2;1808;1135.82;4019238049541;E;C;74dB;2025;0;31.100;0;B;1;0;525779;0;
4121700000;CCCR175D9500LLS11;Continental;9.5  R17.5  LSR1  14PR  [129/127] L TL;9.5;82;17.5;L;129/127;4;1863;1145.62;4019238042931;D;C;70dB;2026;0;30.500;0;A;0;0;481427;0;
4220740000;CCCR175F0000LLD11;Continental;10  R17.5  LDR1  16PR  [134/132] L  TL  M+S  3PMSF;10;82;17.5;L;134/132;4;2188;1373.96;4019238012613;D;C;74dB;2026;0;31.700;0;B;1;0;525746;0;
4121950000;CCCR175F0000LLS12;Continental;10  R17.5  LSR1  16PR  [134/132] L  TL;10;82;17.5;L;134/132;2;2254;1380.82;4019238100006;D;C;70dB;2026;0;41.100;0;A;0;0;1421707;0;
5322800000;CCCR19524570KHTC0;Continental;245/70  R19.5  CONTI HYBRID HT3+  16PR  [141/140] K  TL  M+S  3PMSF;245;70;19.5;K;141/140;3;2009;1224.02;4019238071245;C;C;73dB;2026;0;34.100;0;B;1;0;658787;0;
5220900000;CCCR19524570MH3D0;Continental;245/70  R19.5  CONTI HYBRID HD3  16PR  [136/134] M  TL  M+S  3PMSF;245;70;19.5;M;136/134;8;1928;1175.02;4019238560107;D;C;74dB;2026;0;36.300;0;B;1;0;505824;0;
5128660000;CCCR19524570MHS32;Continental;245/70  R19.5  CONTI HYBRID HS3  16PR  [136/134] M  TL  M+S  3PMSF;245;70;19.5;M;136/134;4;1872;1145.62;4019238130126;C;C;69dB;2025,2026;0;34.200;0;A;1;0;1421708;0;
5225540000;CCCR19526570MH3D1;Continental;265/70  R19.5  CONTI HYBRID HD3  14PR  [140/138] M  TL  M+S  3PMSF;265;70;19.5;M;140/138;1;1910;1106.42;4019238090819;D;C;76dB;2025;0;38.200;0;B;1;0;977382;0;
5128930000;CCCR19526570MH3H2;Continental;265/70  R19.5  CONTI HYBRID HD3+  14PR  [140/138] M  TL  M+S  3PMSF;265;70;19.5;M;140/138;12;1967;1171.1;4019238401325;D;C;76dB;2025,2026;0;38.200;0;B;1;0;1522395;0;
5128650000;CCCR19526570MHS32;Continental;265/70  R19.5  CONTI HYBRID HS3  14PR  [140/138] M  TL  3PMSF  M+S;265;70;19.5;M;140/138;1;1910;1106.42;4019238130157;C;C;69dB;2025;0;37.100;0;A;1;0;1421709;0;
5128920000;CCCR19526570MHSH0;Continental;265/70  R19.5  CONTI HYBRID HS3+  14PR  [140/138] M  TL  3PMSF  M+S;265;70;19.5;M;140/138;6;1967;1165.22;4019238401318;C;C;70dB;2026;0;37.100;0;A;1;0;0;0;
5322790000;CCCR19528570KHTC0;Continental;285/70  R19.5  CONTI HYBRID HT3+  18PR  [150/148] K  TL  M+S  3PMSF;285;70;19.5;K;150/148;2;2567;1567.02;4019238071252;C;C;73dB;2026;0;41.100;0;B;1;0;658788;0;
5220880000;CCCR19528570MH3D0;Continental;285/70  R19.5  CONTI HYBRID HD3 16PR  [146/144] M  TL  M+S  3PMSF;285;70;19.5;M;146/144;14;2373;1439.62;4019238560046;C;C;74dB;2026;0;44.100;0;B;1;0;481410;0;
5128630000;CCCR19528570MHS32;Continental;285/70  R19.5  CONTI HYBRID HS3  16PR  [146/144] M  TL  M+S  3PMSF;285;70;19.5;M;146/144;3;2445;1494.5;4019238130164;C;C;69dB;2026;0;42.300;0;A;1;0;1421710;0;
5220870000;CCCR19530570MH3D0;Continental;305/70  R19.5  CONTI HYBRID HD3  18PR  [148/145] M  TL  M+S  3PMSF;305;70;19.5;M;148/145;4;2770;1680.7;4019238560008;C;C;76dB;2025,2026;0;47.000;0;B;1;0;481283;0;
5128670000;CCCR19530570MHS13;Continental;305/70  R19.5  CONTI HYBRID HS3  18PR  [148/145] M  TL  M+S  3PMSF;305;70;19.5;M;148/145;4;2853;1739.5;4019238130119;C;C;70dB;2026;0;45.500;0;A;1;0;1421711;0;
5322760000;CCCR19544545JHTC0;Continental;445/45  R19.5  CONTI HYBRID HT3+  22PR  [160] J  TL  M+S  3PMSF;445;45;19.5;J;160;4;3485;2057.02;4019238071283;B;C;73dB;2025;0;68.800;0;B;1;0;658873;0;
5160540000;CCCR20036585JHC12;Continental;365/85  R20  HCS  18PR  [164] J  TL  M+S;365;85;20;J;164;1;6522;3968.02;4019238032628;G;E;78dB - )));2024;0;78.400;0;;0;0;0;0;
5141490000;CCCR22527570JHA50;Continental;275/70  R22.5  CONTI URBAN HA5  16PR  [152/148] J  TL  M+S  3PMSF;275;70;22.5;J;152/148;2;2474;1541.53;4019238089493;C;C;71dB;2026;0;55.400;0;A;1;0;1138499;0;
5225620000;CCCR22527570MH5D0;Continental;275/70  R22.5  CONTI HYBRID HD5  18PR  [148/145] M  TL  M+S  3PMSF;275;70;22.5;M;148/145;8;2865;1714.02;4019238090390;C;B;76dB;2025,2026;0;52.100;0;B;1;0;1174401;0;
5211860000;CCCR22529555KCEH0;Continental;295/55  R22.5  CONTI ECOPLUS HD3+  16PR  [147/145] K  TL  M+S  3PMSF;295;55;22.5;K;147/145;4;3761;2292.22;4019238062205;C;C;73dB;2026;0;48.800;0;A;1;0;673941;0;
5225860000;CCCR22529555KH3D1;Continental;295/55  R22.5  CONTI HYBRID HD3  16PR  [147/145] K  TL  M+S  3PMSF;295;55;22.5;K;147/145;4;3652;2229.5;4019238098778;C;C;73dB;2026;0;49.500;0;A;1;0;1396091;0;
5112580000;CCCR22529560LCES2;Continental;295/60  R22.5  CONTI ECOPLUS HS3  18PR  [150/147] L  TL  M+S  3PMSF;295;60;22.5;L;150/147;5;3145;1827.7;4019238130096;C;C;69dB;2025;0;49.800;0;A;1;0;1421706;0;
5211880000;CCCR22529560LEPH0;Continental;295/60  R22.5  CONTI ECOPLUS HD3+  18PR  [150/147] L  TL  M+S  3PMSF;295;60;22.5;L;150/147;5;3239;1920.8;4019238062199;C;C;73dB;2024,2025;0;53.300;0;A;1;0;673939;0;
5225570000;CCCR22529560LH3D1;Continental;295/60  R22.5  CONTI HYBRID HD3  18PR  [150/147] L  TL  M+S  3PMSF;295;60;22.5;L;150/147;25;3053;1802.22;4019238083613;D;C;73dB;2025,2026;0;52.200;0;A;1;0;1026768;0;
5224100000;CCCR22529580MCRD0;Continental;295/80  R22.5  CONTI ECOREGIONAL HD3  16PR  [152/148] M  TL  M+S  3PMSF;295;80;22.5;M;152/148;2;3193;1831.62;4019238035711;C;C;73dB;2024;0;60.700;0;A;1;0;482591;0;
5225580000;CCCR22529580MH5D0;Continental;295/80  R22.5  CONTI HYBRID HD5  16PR  [152/148] M  TL  M+S  3PMSF;295;80;22.5;M;152/148;8;3146;1792.42;4019238084573;D;B;76dB;2024,2025;0;62.000;0;B;1;0;1077441;0;
5128580000;CCCR22529580MHA50;Continental;295/80  R22.5  CONTI COACH HA5  16PR  [156/149] M  TL  M+S  3PMSF;295;80;22.5;M;156/149;16;3273;1945.3;4019238099225;B;B;70dB;2026;0;60.000;0;A;1;0;1404382;0;
5713070000;CCCR22530570LHS30;Continental;305/70  R22.5  HSR1  18PR  [152/148] L  TL;305;70;22.5;L;152/148;2;3086;1880.62;4019238221329;C;B;70dB;2026;0;53.600;0;A;0;0;505914;0;
5223460000;CCCR22530570MDMS1;Continental;305/70  R22.5  HDR  16PR  [150/148] M  TL  M+S  3PMSF;305;70;22.5;M;150/148;11;2996;1851.22;4019238011272;D;C;75dB;2025,2026;0;58.400;0;B;1;0;506053;0;
5128730000;CCCR22531560L5SH0;Continental;315/60  R22.5  CONTI ECO HS5  20PR  [154/150] L  TL  M+S  3PMSF;315;60;22.5;L;154/150;9;3586;2131.5;4019238303100;B;B;71dB;2026;0;54.100;0;A;1;0;1461540;0;
5225890000;CCCR22531560LH3D1;Continental;315/60  R22.5  CONTI HYBRID HD3  20PR  [152/148] L  TL  M+S  3PMSF;315;60;22.5;L;152/148;12;3380;2006.06;4019238130140;C;C;73dB;2026;0;58.800;0;A;1;0;1421717;0;
5225920000;CCCR22531560LHD50;Continental;315/60  R22.5  CONTI ECO HD5  20PR  [152/148] L  TL  M+S  3PMSF;315;60;22.5;L;152/148;4;3586;2135.42;4019238323115;B;C;73dB;2026;0;59.100;0;A;1;0;1461537;0;
5112610000;CCCR22531570L5HC0;Continental;315/70  R22.5  Conti EfficientPro HS5  18PR  [158/150] L  TL  M+S  3PMSF;315;70;22.5;L;158/150;2;3538;2106.02;4019238401813;A;B;71dB;2026;0;55.100;0;A;1;0;1530197;0;
5212270000;CCCR22531570L5HD0;Continental;315/70  R22.5  Conti EfficientPro HD5  18PR  [154/150] L  TL  M+S  3PMSF;315;70;22.5;L;154/150;7;3538;2103.08;4019238401837;A;C;73dB;2026;0;58.100;0;A;0;0;1530200;0;
5127960000;CCCR22531570L5SH0;Continental;315/70  R22.5  CONTI ECO HS5  20PR  [156/150] L  TL  M+S  3PMSF;315;70;22.5;L;156/150;6;3313;1890.42;4019238084566;B;B;71dB;2025,2026;0;60.100;0;A;1;0;1076712;0;
5129240000;CCCR22531570L5SH1;Continental;315/70  R22.5  CONTI ECO HS5  20PR  [158/150] L  TL  M+S  3PMSF;315;70;22.5;L;158/150;3;3249;1910.02;4019238298376;B;B;71dB;2025;0;60.100;0;A;1;0;1945826;0;
5126270000;CCCR22531570LCH50;Continental;315/70  R22.5  CONTI HYBRID HS5  20PR  [156/150] L  TL  M+S  3PMSF;315;70;22.5;L;156/150;6;3266;1910.02;4019238046120;C;B;70dB;2026;0;61.000;0;A;1;0;710214;0;
5224440000;CCCR22531570LH5D0;Continental;315/70  R22.5  CONTI HYBRID HD5  18PR  [154/150] L  TL  M+S  3PMSF;315;70;22.5;L;154/150;19;3217;1910.02;4019238046137;C;C;76dB;2026;0;61.000;0;B;1;0;710193;0;
5225280000;CCCR22531570LHD50;Continental;315/70  R22.5  CONTI ECO HD5  18PR  [154/150] L  TL  M+S  3PMSF;315;70;22.5;L;154/150;20;3313;1965.88;4019238078077;B;C;73dB;2026;0;62.100;0;A;1;0;777615;0;
5155400000;CCCR22531580K3CS0;Continental;315/80  R22.5  CONTI CROSS TRAC HS3  20PR  [156/150] K  TL  M+S  3PMSF;315;80;22.5;K;156/150;4;3315;1959.02;4019238033250;C;B;72dB;2025,2026;0;70.200;0;B;1;0;481759;0;
5128260000;CCCR22531580L5SH0;Continental;315/80  R22.5  CONTI ECO HS5  18PR  [156/150] L  TL  M+S  3PMSF;315;80;22.5;L;156/150;1;3283;1821.82;4019238090406;B;B;71dB;2026;0;65.100;0;A;1;0;1176741;0;
5127050000;CCCR22531580LCH50;Continental;315/80  R22.5  CONTI HYBRID HS5  18PR  [156/150] L  TL  M+S  3PMSF;315;80;22.5;L;156/150;27;3283;1959.02;4019238067811;C;B;71dB;2025,2026;0;64.000;0;A;1;0;710350;0;
5211840000;CCCR22531580LEPH0;Continental;315/80  R22.5  CONTI ECOPLUS HD3+  20PR  [156/150] L  TL  M+S  3PMSF;315;80;22.5;L;156/150;3;3442;1812.02;4019238062151;B;C;73dB;2024;0;67.300;0;A;1;0;673929;0;
5224890000;CCCR22531580LH5D0;Continental;315/80  R22.5  CONTI HYBRID HD5  18PR  [156/150] L  TL  M+S  3PMSF;315;80;22.5;L;156/150;2;3188;1900.22;4019238071191;C;C;75dB;2024,2026;0;70.000;0;B;1;0;658793;0;
5225630000;CCCR22531580LHD50;Continental;315/80  R22.5  CONTI ECO HD5  18PR  [156/150] L  TL  M+S  3PMSF;315;80;22.5;L;156/150;9;3283;1949.22;4019238090413;B;C;73dB;2024,2026;0;69.100;0;A;1;0;1176742;0;
5250780000;CCCR22531580MCD30;Continental;315/80  R22.5  Conti CrossTrac HD3  20PR  [156/150] K  TL  M+S  3PMSF /napêd budowlany;315;80;22.5;M;156/150;24;3315;1968.82;4019238659962;D;B;76dB;2025,2026;0;74.600;0;B;1;0;525810;0;
5251470000;CCCR22531580MHD10;Continental;315/80  R22.5  HDC1  18PR  [156/150] K  TL  M+S  3PMSF /napêd budowlany;315;80;22.5;M;156/150;2;3187;1910.02;4019238000382;D;C;74dB;2026;0;71.500;0;B;1;0;505854;0;
5128740000;CCCR22535550L5SH0;Continental;355/50  R22.5  CONTI ECO HS5  18PR  [158] L  TL  M+S  3PMSF;355;50;22.5;L;158;16;3939;2400.02;4019238301106;B;B;71dB;2026;0;60.700;0;A;1;0;1461538;0;
5127970000;CCCR22538555K5SH0;Continental;385/55  R22.5  CONTI ECO HS5  20PR  [162] K  TL  M+S  3PMSF;385;55;22.5;K;162;4;3581;2131.5;4019238084559;B;B;71dB;2026;0;69.100;0;A;1;0;1076713;0;
5322740000;CCCR22538555KHT50;Continental;385/55  R22.5  CONTI HYBRID HT5  20PR  [160] K  TL  M+S  3PMSF;385;55;22.5;K;160;1;3211;1910.02;4019238071122;B;B;70dB;2026;0;70.500;0;A;1;0;710194;0;
5310860000;CCCR22538555KHTP0;Continental;385/55  R22.5  CONTI ECOPLUS HT3+  20PR  [160] K  TL  M+S  3PMSF;385;55;22.5;K;160;2;3211;1910.02;4019238066753;A;C;70dB;2025;0;67.500;0;A;1;0;710216;0;
5252140000;CCCR22538565JHDC0;Continental;385/65  R22.5  HDC  20PR  [164] J  TL  M+S  3PMSF;385;65;22.5;J;164;6;3250;1870.82;4019238074765;D;C;75dB;2024,2025;0;77.900;0;B;1;0;658912;0;
5128600000;CCCR22538565K5SH0;Continental;385/65  R22.5  CONTI ECO HS5  20PR  [164] K  TL  M+S  3PMSF;385;65;22.5;K;164;2;3482;2037.42;4019238099546;B;B;71dB;2025;0;70.100;0;A;1;0;1411068;0;
5127060000;CCCR22538565KCH50;Continental;385/65  R22.5  CONTI HYBRID HS5  20PR  [164] K  TL  M+S  3PMSF;385;65;22.5;K;164;1;3432;1959.02;4019238067804;C;B;71dB;2025;0;70.600;0;A;1;0;710398;0;
5350540000;CCCR22538565KCTH1;Continental;385/65  R22.5  Conti CrossTrac HT3  20PR  [160K/158L]  M+S  3PMSF;385;65;22.5;K;160K/158L;4;3158;1870.82;4019238090840;C;A;72dB;2026;0;69.900;0;B;1;0;1209440;0;
5322730000;CCCR22538565KHT50;Continental;385/65  R22.5  CONTI HYBRID HT5  20PR  [164] K  TL  HL  M+S  3PMSF;385;65;22.5;K;164;19;3007;1812.02;4019238071139;B;B;70dB;2026;0;73.200;0;A;1;0;671854;0;
5321890000;CCCR22542565KHT22;Continental;425/65  R22.5  HTR2  20PR  [165] K  TL  M+S;425;65;22.5;K;165;5;4066;2478.42;4019238032581;B;C;73dB;2026;0;80.100;0;B;0;0;483143;0;
5230740000;CCCR225F0000KRMS1;Continental;10  R22.5  RMS  14PR  [144/142] K  TL  M+S  3PMSF;10;82;22.5;K;144/142;6;3011;1821.82;4019238074710;D;C;74dB;2025,2026;0;44.300;0;B;1;0;673949;0;
5752600000;CCCR225F0000KT9C0;Continental;10  R22.5  T9  14PR  [140/138] K  TL  M+S;10;82;22.5;K;140/138;2;3068;1870.82;4019238129267;;;;2025;0;44.300;0;;0;0;0;0;
5155580000;CCCR225F1000KSC13;Continental;11  R22.5  HSC1  16PR  [148/145] K  TL  M+S;11;82;22.5;K;148/145;6;2496;1523.9;4019238036992;D;C;73dB;2026;0;56.500;0;B;0;0;483068;0;
5252200000;CCCR225F3000KCD31;Continental;13  R22.5  Conti CrossTrac HD3  18PR  [156/150] K  TL  M+S  3PMSF;13;82;22.5;K;156/150;3;3212;1929.62;4019238130188;E;C;75dB;2026;0;77.300;0;B;1;0;1449662;0;
4920050000;CCCZ17521575KT3C0;Continental;215/75  R17.5  CONTI SCANDINAVIA HT3 16PR  [135/133] K  TL  M+S  zima  3PMSF;215;75;17.5;K;135/133;2;1692;1009.4;4019238540178;D;C;72dB;2025;0;28.300;0;B;1;0;505886;0;
4230000000;CCCZ17521575MD3C0;Continental;215/75  R17.5  CONTI SCANDINAVIA LD3  12PR  [126/124] M  TL  M+S  zima  3PMSF;215;75;17.5;M;126/124;4;1461;867.3;4019238540192;D;C;75dB;2025;0;26.800;0;B;1;0;525778;0;
4130030000;CCCZ17521575ML3S0;Continental;215/75  R17.5  CONTI SCANDINAVIA LS3  12PR  [126/124] M  TL  M+S  zima  3PMSF;215;75;17.5;M;126/124;2;878.78;867.3;4019238540338;D;C;73dB;2026;0;25.600;0;B;1;0;505893;0;
5330020000;CCCZ17523575KT3C0;Continental;235/75  R17.5  CONTI SCANDINAVIA HT3 16PR  [143/141] K  TL  M+S  zima  3PMSF;235;75;17.5;K;143/141;4;2043;1224.02;4019238540307;D;C;72dB;2024;0;33.000;0;B;1;0;505807;0;
4230010000;CCCZ17523575MD3C0;Continental;235/75  R17.5  CONTI SCANDINAVIA LD3  12PR  [132/130] M  TL  M+S  zima  3PMSF;235;75;17.5;M;132/130;8;1985;1175.02;4019238540383;D;C;75dB;2025;0;30.500;0;B;1;0;525745;0;
4130020000;CCCZ17523575ML3S0;Continental;235/75  R17.5  CONTI SCANDINAVIA LS3  12PR  [132/130] M  TL  M+S  zima  3PMSF;235;75;17.5;M;132/130;2;1985;1214.22;4019238540321;C;C;73dB;2026;0;28.500;0;B;1;0;483341;0;
5130160000;CCCZ19526570MH3C0;Continental;265/70  R19.5  CONTI SCANDINAVIA HD3  16PR  [140/138] M  TL  M+S  zima  3PMSF;265;70;19.5;M;140/138;4;2024;1184.82;4019238540826;D;C;75dB;2025;0;38.600;0;B;1;0;506062;0;
5130210000;CCCZ19526570MS3H0;Continental;265/70  R19.5  CONTI SCANDINAVIA HS3  16PR  [140/138] M  TL  M+S  zima  3PMSF;265;70;19.5;M;140/138;2;2024;1184.82;4019238560060;C;C;73dB;2025;0;37.400;0;B;1;0;483025;0;
5130460000;CCCZ19528570MS3H2;Continental;285/70  R19.5  CONTI SCANDINAVIA HS3  16PR  [146/144] M  TL  M+S  3PMSF;285;70;19.5;M;146/144;4;2578;1518.02;4019238043433;D;C;72dB;2024,2025;0;42.600;0;B;1;0;505912;0;
5330060000;CCCZ19544545JHTW0;Continental;445/45  R19.5  HTW2 SCANDINAVIA  22PR  [160] J  TL  M+S  zima  3PMSF;445;45;19.5;J;160;2;3623;2145.22;4019238558791;C;C;73dB;2025;0;68.900;0;B;1;0;505804;0;
5230330000;CCCZ22529560KHDW0;Continental;295/60  R22.5  HDW2 SCANDINAVIA  18PR  [150/147] L  TL  M+S  zima  3PMSF;295;60;22.5;K;150/147;4;3143;1862;4019238630961;D;C;75dB;2025,2026;0;52.400;0;B;1;0;505803;0;
5230500000;CCCZ22529580MUDS0;Continental;295/80  R22.5  CONTI SCANDINAVIA HD3  16PR  [152/148] M  TL  M+S  zima  3PMSF;295;80;22.5;M;152/148;2;3318;1851.22;4019238033274;D;B;75dB;2024,2025;0;59.800;0;B;1;0;505885;0;
5230940000;CCCZ22529580MUDS2;Continental;295/80  R22.5  CONTI SCANDINAVIA HD3  16PR  [152/148] M  TL  M+S  zima  3PMSF;295;80;22.5;M;152/148;4;3237;1919.82;4019238300598;D;C;76dB;2025,2026;0;64.100;0;B;1;0;2000341;0;
5230320000;CCCZ22531560LHDW0;Continental;315/60  R22.5  HDW2 SCANDINAVIA  20PR  [152/148] L  TL  M+S  zima  3PMSF;315;60;22.5;L;152/148;4;3378;2008.02;4019238630978;D;C;75dB;2026;0;59.600;0;B;1;0;505802;0;
5130110000;CCCZ22531560LSWS0;Continental;315/60  R22.5  HSW2 SCANDINAVIA  20PR  [154/150] L  XL  TL  M+S  zima  3PMSF;315;60;22.5;L;154/150;1;3378;2005.08;4019238518542;C;C;73dB;2025;0;54.400;0;B;1;0;483377;0;
5130310000;CCCZ22531570L3SH0;Continental;315/70  R22.5  CONTI SCANDINAVIA HS3  20PR  [156/150] L  TL  M+S  zima  3PMSF;315;70;22.5;L;156/150;5;3214;1890.42;4019238033137;C;B;72dB;2024;0;62.900;0;B;1;0;483111;0;
5230850000;CCCZ22531570LUDS0;Continental;315/70  R22.5  CONTI SCANDINAVIA HD3  20PR  [154/150] L  TL  M+S  zima  3PMSF;315;70;22.5;L;154/150;6;3214;1890.42;4019238289237;D;C;76dB;2025;0;64.100;0;B;1;0;1743507;0;
5130620000;CCCZ22531580LHWW0;Continental;315/80  R22.5  HSW2+ COACH  18PR  [156/150] L  TL  M+S  3PMSF;315;80;22.5;L;156/150;3;3154;1723.82;4019238072617;C;C;73dB;2024;0;66.700;0;B;1;0;659028;0;
5230880000;CCCZ22531580LUDS0;Continental;315/80  R22.5  CONTI SCANDINAVIA HD3  18PR  [156/150] L  TL  M+S  zima  3PMSF;315;80;22.5;L;156/150;8;3379;1949.22;4019238297171;D;C;76dB;2025;0;67.100;0;B;1;0;1880820;0;
5130720000;CCCZ22535550KHWS1;Continental;355/50  R22.5  HSW2 SCANDINAVIA  20PR  [156] K  TL  M+S  zima  3PMSF;355;50;22.5;K;156;3;3674;2194.22;4019238094220;C;C;73dB;2025;0;59.700;0;B;1;0;1268512;0;
5130550000;CCCZ22538555K3SH1;Continental;385/55  R22.5  CONTI SCANDINAVIA HS3 ED  20PR  [160] K  TL  M+S  zima  3PMSF;385;55;22.5;K;160;10;3579;2102.1;4019238062847;C;B;74dB;2025;0;68.100;0;B;1;0;704055;0;
5130330000;CCCZ22538565K3SH0;Continental;385/65  R22.5  CONTI SCANDINAVIA HS3  20PR  [160] K  TL  M+S  zima  3PMSF;385;65;22.5;K;160;5;3377;1988.42;4019238033151;C;B;74dB;2025;0;68.500;0;B;1;0;481288;0;
5330120000;CCCZ22538565KT3C1;Continental;385/65  R22.5  CONTI SCANDINAVIA HT3  20PR  [164] K  TL  M+S  zima  3PMSF;385;65;22.5;K;164;9;3063;1782.62;4019238088120;C;B;74dB;2024,2025;0;69.500;0;B;1;0;1046995;0;
5740150000;CCPR20036580KM811;Continental;365/80  R20  (14.5  R20)  MPT 81  [152 K]  TL  M+S;365;80;20;K;152 K;2;3659;2400.02;4019238026016;;;;2025;0;68.500;0;;0;0;0;0;
5741620000;CCPR200G2500JM802;Continental;12.5  R20  (335/80  R20)  MPT 80  22PR  [147 J]  TL;12.5;82;20;J;147 J;1;3028;2082.5;4019238129014;;;;2024;0;54.300;0;;0;0;0;0;
6700030000;CCPR240460708CME0;Continental;460/70  R24  COMPACT MASTER EM  [159 A8/159 B]  TL;460;70;24;A8;159 A8/159 B;1;5598;2605.82;4019238052435;;;;2025;0;113.000;0;;0;0;0;0;
6201880000;CCRR24036070DC700;Continental;360/70  R24  TRACTOR 70  [122 D/125 A8]  TL;360;70;24;D;122 D/125 A8;1;3532;1743.42;4019238012392;;;;2024;0;57.600;0;;0;0;0;0;
6201470000;CCRR24038070DC700;Continental;380/70  R24  TRACTOR 70  [125 D/128 A8]  TL;380;70;24;D;125 D/128 A8;1;3942;1968.82;4019238789874;;;;2024;0;65.000;0;;0;0;0;0;
6201340000;CCRR280380858C850;Continental;380/85  R28  (14.9  R28)  TRACTOR 85  [133 A8/130 B]  TL;380;85;28;A8;133 A8/130 B;2;4031;2027.62;4019238752960;;;;2024;0;79.700;0;;0;0;0;0;
6202160000;CCRR28060070DTMA0;Continental;600/70  R28  TRACTOR MASTER  [157 D/160 A8]  TL;600;70;28;D;157 D/160 A8;2;12647;6065.22;4019238020069;;;;2024;0;136.900;0;;0;0;0;0;
6202170000;CCRR30060070DTMA0;Continental;600/70  R30  TRACTOR MASTER  [152 D/155 A8]  TL;600;70;30;D;152 D/155 A8;2;13280;5095.02;4019238020052;;;;2022;0;163.100;0;;0;0;0;0;
6202270000;CCRR32080070BCBM0;Continental;800/70  R32  COMBINE MASTER CHO  [181 B/181 A8]  TL;800;70;32;B;181 B/181 A8;1;30135;11465.02;4019238029840;;;;2024;0;340.200;0;;0;0;0;0;
6202290000;CCRR32090060BCBM0;Continental;900/60  R32  COMBINE MASTER CHO  [181 B/181 A8]  TL;900;60;32;B;181 B/181 A8;1;33580;15963.22;4019238029826;;;;2024;0;355.200;0;;0;0;0;0;
6202880000;CCRR340420858C852;Continental;420/85  R34  (16.9  R34)  TRACTOR 85  [147 A8/147 B]  TL;420;85;34;A8;147 A8/147 B;1;6297;3086.02;4019238191110;;;;2024;0;112.700;0;;0;0;0;0;
6201640000;CCRR34052070DC700;Continental;520/70  R34  TRACTOR 70  [148 D/151 A8]  TL;520;70;34;D;148 D/151 A8;1;8749;4115.02;4019238789805;;;;2024;0;136.800;0;;0;0;0;0;
6201850000;CCRR34060065DTMA0;Continental;600/65  R34  TRACTOR MASTER  [151 D/154 A8]  TL;600;65;34;D;151 D/154 A8;1;10118;5046.02;4019238012309;;;;2024;0;159.500;0;;0;0;0;0;
6201660000;CCRR380420858C850;Continental;420/85  R38  (16.9  R38)  TRACTOR 85  [144 A8/144 B]  TL;420;85;38;A8;144 A8/144 B;1;6909;2899.82;4019238789881;;;;2024;0;117.000;0;;0;0;0;0;
6201870000;CCRR38054065DTMA0;Continental;540/65  R38  TRACTOR MASTER  [147 D/150 A8]  TL;540;65;38;D;147 D/150 A8;2;9245;4507.02;4019238012286;;;;2025;0;149.200;0;;0;0;0;0;
6201680000;CCRR38058070DC700;Continental;580/70  R38  TRACTOR 70  [155 D/158 A8]  TL;580;70;38;D;155 D/158 A8;2;13124;5624.22;4019238789782;;;;2024;0;184.700;0;;0;0;0;0;
6201730000;CCRR38065065DTMA0;Continental;650/65  R38  TRACTOR MASTER  [157 D/160 A8]  TL;650;65;38;D;157 D/160 A8;4;14283;6859.02;4019238012132;;;;2023,2024;0;209.200;0;;0;0;0;0;
115123182C018KDC1U;CLCR22531580KDC10;CELESTIS;315/80  R22.5  CDC1  18PR  [156/150] K  TL  M+S  3PMSF;315;80;22.5;K;156/150;16;1302.86;865.04;8906140924300;D;C;73dB;2026;0;67.300;0;B;1;0;0;0;
115223182C018LUH2U;CLCR22531580LCU20;CELESTIS;315/80  R22.5  CUH2  18PR  [156/150] L  TL  M+S  3PMSF;315;80;22.5;L;156/150;12;1221.43;832.02;8906140924423;D;B;73dB;2026;0;67.300;0;B;1;0;0;0;
115123182C018LL4PU;CLCR22531580LDL40;CELESTIS;315/80  R22.5  CDL4+  18PR  [156/150] L  TL  M+S  3PMSF;315;80;22.5;L;156/150;12;1270.29;841.82;8906140921057;E;B;73dB;2026;0;67.300;0;B;1;0;0;0;
115223852C020KTH2U;CLCR22538565K2HT0;CELESTIS;385/65  R22.5  CTH2  20PR  [164K/158L]  TL  M+S  3PMSF;385;65;22.5;K;164K/158L;100;1311;861.42;8906140922696;B;C;73dB;2026;0;74.000;0;B;1;0;0;0;
107229;CTCR17521575KX3D0;CEAT;215/75  R17.5  WINSUPER-X3-D  16PR  [135/133] K  TL  M+S  3PMSF;215;75;17.5;K;135/133;14;845.22;485.1;8904288104639;D;B;71dB;2026;0;32.500;0;A;1;0;1399013;0;
106627;CTCR17521575KX3E0;CEAT;215/75  R17.5  WINMILE-X3-R  16PR  [135/133] K  TL  M+S  3PMSF;215;75;17.5;K;135/133;14;804.97;449.82;8904288103991;D;A;69dB;2024,2025;0;31.500;0;A;1;0;1184655;0;
107333;CTCR17523575KX3D0;CEAT;235/75  R17.5  WINSUPER-X3-D  16PR  [143/141] K  TL  M+S  3PMSF;235;75;17.5;K;143/141;14;925.72;498.82;8904288104622;D;B;71dB;2025;0;35.700;0;A;1;0;1399033;0;
107334;CTCR17523575KX3E0;CEAT;235/75  R17.5  WINMILE-X3-R  16PR  [143/141] K  TL  M+S  3PMSF;235;75;17.5;K;143/141;24;885.47;489.02;8904288104004;D;A;69dB;2025;0;33.800;0;A;1;0;1184676;0;
107344;CTCR17524570JX3E0;CEAT;245/70  R17.5  WINMILE-X3-R  16PR  [143/141] J  TL  M+S  3PMSF;245;70;17.5;J;143/141;6;925.72;524.3;8904288104141;D;A;69dB;2026;0;33.800;0;A;1;0;1317415;0;
113597;CTCR19524570JEAW0;CEAT;245/70  R19.5  WINMILE-AW  16PR  [141/140] J  TL  M+S  3PMSF;245;70;19.5;J;141/140;2;1153.29;626.22;8904288113242;D;B;70dB;2025;0;36.600;0;A;1;0;2168778;0;
114532;CTCR22529580KX5D0;CEAT;295/80  R22.5  WINLOAD X5-D  [152/148] K  TL  M+S  3PMSF;295;80;22.5;K;152/148;6;1972.18;1145.62;8904288112740;D;B;73dB;2025;0;66.900;0;B;1;0;2114012;0;
112769;CTCR22529580MWX30;CEAT;295/80  R22.5  WINMILE-X3-AW  18PR  [154/149] M  TL  M+S  3PMSF;295;80;22.5;M;154/149;43;1553.6;867.3;8904288103885;D;B;69dB;2025,2026;0;65.400;0;A;1;0;1140097;0;
107343;CTCR22529580MX3D0;CEAT;295/80  R22.5  WINSUPER-X3-D  18PR  [154/149] M  TL  M+S  3PMSF;295;80;22.5;M;154/149;52;1626.04;900.62;8904288103892;D;B;71dB;2025,2026;0;68.700;0;A;1;0;1140605;0;
113287;CTCR22531560LWES0;CEAT;315/60  R22.5  WINMILE-S  20PR  [154/150] L  TL  M+S  3PMSF;315;60;22.5;L;154/150;32;1698.46;910.42;8904288108224;C;B;72dB;2024,2025;0;57.300;0;B;1;0;1905597;0;
113287W2024;CTCR22531560LWES1;CEAT;315/60  R22.5  WINMILE-S  20PR  [154/150] L  TL  M+S  3PMSF  DOT2024;315;60;22.5;L;154/150;100;1477.66;802.62;8904288108224W2;C;B;72dB;2024;0;57.300;0;B;1;0;1905597;0;
106920;CTCR22531570LWED0;CEAT;315/70  R22.5  WINMILE-D  [154/150] L  TL  M+S  3PMSF;315;70;22.5;L;154/150;100;1807.14;1028.02;8904288103168;D;B;75dB;2025,2026;0;65.800;0;B;1;0;575343;0;
106324;CTCR22531570LWES0;CEAT;315/70  R22.5  WINMILE-S  [156/150] L  TL  M+S  3PMSF;315;70;22.5;L;156/150;39;1807.16;1014.3;8904288102758;C;B;71dB;2025,2026;0;62.800;0;A;1;0;575290;0;
114324;CTCR22531580KDAD0;CEAT;315/80  R22.5  WINLOAD-D  [158/156] K  TL  M+S  3PMSF;315;80;22.5;K;158/156;42;2270.54;1229.9;8904288113228;D;A;73dB;2025,2026;0;73.500;0;B;1;0;2168761;0;
114325;CTCR22531580KDAW0;CEAT;315/80  R22.5  WINLOAD-AW  [158/156] K  TL  M+S  3PMSF;315;80;22.5;K;158/156;20;2237.63;1194.62;8904288113198;D;A;71dB;2025;0;69.100;0;A;1;0;2167222;0;
106919;CTCR22531580LWED0;CEAT;315/80  R22.5  WINMILE-D  [156/150] L  TL  M+S  3PMSF;315;80;22.5;L;156/150;25;1915.83;1047.62;8904288103182;C;B;75dB;2025;0;71.700;0;B;1;0;563651;0;
106439;CTCR22531580LWES0;CEAT;315/80  R22.5  WINMILE-S  [156/150] L  TL  M+S  3PMSF;315;80;22.5;L;156/150;24;1851.44;1024.1;8904288103175;C;B;71dB;2025;0;68.100;0;A;1;0;563643;0;
114323;CTCR22538565KDAW0;CEAT;385/65  R22.5  WINLOAD-AW  [164] K  TL  M+S  3PMSF;385;65;22.5;K;164;16;2227.35;1233.82;8904288113211;C;A;71dB;2025,2026;0;76.000;0;A;1;0;2168752;0;
113288;CTCR22538565KWES0;CEAT;385/65  R22.5  WINMILE-S  20PR  [164K/158L]  TL  M+S  3PMSF;385;65;22.5;K;164K/158L;8;2173.47;1220.1;8904288108200;C;B;72dB;2025;0;73.200;0;B;1;0;1905608;0;
113087;CTCR22538565KWET0;CEAT;385/65  R22.5  WINMILE-T  [164] K  TL  M+S  3PMSF;385;65;22.5;K;164;96;1964.13;1106.42;8904288103199;B;B;67dB;2026;0;75.100;0;A;1;0;1459332;0;
104107;CTCR225F1000JWER0;CEAT;11  R22.5  WINMILE-R  16PR  [141/140] J  TL  M+S  3PMSF;11;82;22.5;J;141/140;27;1760.49;959.42;8904288101355;D;B;71dB;2025,2026;0;55.800;0;B;1;0;2101413;0;
114322;CTCR225F3000KDAD0;CEAT;13  R22.5  WINLOAD-D  [158/156] K  TL  M+S  3PMSF;13;82;22.5;K;158/156;18;2319.9;1249.5;8904288113235;D;A;73dB;2025;0;77.100;0;B;1;0;2168773;0;
114321;CTCR225F3000KDAW0;CEAT;13  R22.5  WINLOAD-AW  [158/156] K  TL  M+S  3PMSF;13;82;22.5;K;158/156;13;2094.49;1155.42;8904288113204;D;A;71dB;2025;0;73.800;0;A;1;0;2167314;0;
4121520000;CUCR17520575MUH40;Uniroyal;205/75  R17.5  FH40  12PR  [124/122] M  TL  M+S  3PMSF;205;75;17.5;M;124/122;1;1156;665.42;4024068001997;D;C;71dB;2024;0;23.400;0;A;1;0;505589;0;
4920720000;CUCR17521575KUTU0;Uniroyal;215/75  R17.5  TH50  16PR  [135/133] K  TL  M+S  3PMSF;215;75;17.5;K;135/133;1;1268;724.22;4024068005278;D;C;71dB;2024;0;27.700;0;A;1;0;710137;0;
4221470000;CUCR17522575MUD40;Uniroyal;225/75  R17.5  DH40  12PR  [129/127] M  TL  M+S  3PMSF;225;75;17.5;M;129/127;8;1273;743.82;4024068002024;D;C;74dB;2025;0;27.800;0;B;1;0;505707;0;
4121410000;CUCR17522575MUH40;Uniroyal;225/75  R17.5  FH40  12PR  [129/127] M  TL  M+S  3PMSF;225;75;17.5;M;129/127;4;1273;720.3;4024068001980;D;C;71dB;2025;0;26.300;0;A;1;0;505691;0;
4920820000;CUCR17523575KUTU0;Uniroyal;235/75  R17.5  TH50  16PR  [143/141] K  TL  M+S  3PMSF;235;75;17.5;K;143/141;4;1472;886.9;4024068005285;C;C;70dB;2026;0;32.300;0;A;1;0;710119;0;
4121390000;CUCR17523575MUH40;Uniroyal;235/75  R17.5  FH40  12PR  [132/130] M  TL  M+S  3PMSF;235;75;17.5;M;132/130;4;1428;841.82;4024068001973;D;C;71dB;2024,2025;0;29.200;0;A;1;0;505578;0;
4920830000;CUCR17524570LUTU0;Uniroyal;245/70  R17.5  TH50  16PR  [143/141] L  TL  M+S  3PMSF;245;70;17.5;L;143/141;4;1576;939.82;4024068005292;C;C;71dB;2025,2026;0;32.300;0;A;1;0;710113;0;
4220890000;CUCR17524570MUD41;Uniroyal;245/70  R17.5  DH40  14PR  [136/134] M  TL  M+S  3PMSF;245;70;17.5;M;136/134;2;1543;930.02;4024068002000;D;C;74dB;2026;0;33.900;0;B;1;0;505706;0;
4121270000;CUCR17524570MUH41;Uniroyal;245/70  R17.5  FH40  14PR  [136/134] M  TL  M+S  3PMSF;245;70;17.5;M;136/134;1;1543;981.06;4024068001966;D;C;71dB;2025;0;31.600;0;A;1;0;505700;0;
5128840000;CUCR19526570MUH41;Uniroyal;265/70  R19.5  FH40  14PR  [140/138] M  TL  M+S  3PMSF;265;70;19.5;M;140/138;4;1578;930.02;4024068006169;D;C;71dB;2024,2025,2026;0;36.500;0;A;1;0;1522401;0;
5224290000;CUCR19528570MUD40;Uniroyal;285/70  R19.5  DH40  16PR  [146/144] M  TL  M+S  3PMSF;285;70;19.5;M;146/144;4;1884;1122.1;4024068004202;D;C;76dB;2025;0;43.400;0;B;1;0;710102;0;
5126020000W2023;CUCR19528570MUH40;Uniroyal;285/70  R19.5  FH40  16PR  [146/144] M  TL  M+S  3PMSF  DOT2023;285;70;19.5;M;146/144;1;1935;939.82;4024068004134W2;D;B;71dB;2023;0;41.400;0;A;1;0;505526;0;
5222070000;CUCR22529580MUD40;Uniroyal;295/80  R22.5  DH40  [152/148] M  TL  M+S  3PMSF;295;80;22.5;M;152/148;5;2401;1429.82;4024068768562;D;C;73dB;2024,2025;0;61.800;0;A;1;0;505525;0;
5222050000;CUCR22531570LUD40;Uniroyal;315/70  R22.5  DH40  [154/150] L  TL  M+S  3PMSF;315;70;22.5;L;154/150;12;2475;1494.5;4024068768548;D;C;73dB;2025;0;60.900;0;A;1;0;505752;0;
5155160000;CUCR22531580KUM40;Uniroyal;315/80  R22.5  FM40  [156/150] K  TL  M+S  3PMSF /prowadzšca budowlana;315;80;22.5;K;156/150;1;2556;1518.02;4024068001461;D;B;73dB;2024;0;66.200;0;B;1;0;525499;0;
5221970000;CUCR22531580LUD40;Uniroyal;315/80  R22.5  DH40  [156/150] L  TL  M+S  3PMSF;315;80;22.5;L;156/150;13;2508;1509.2;4024068732525;D;C;73dB;2025;0;68.400;0;A;1;0;505644;0;
5124610000;CUCR22538555KUH41;Uniroyal;385/55  R22.5  FH40  [160] K  TL  M+S  3PMSF;385;55;22.5;K;160;2;2710;1631.7;4024068001287;C;B;73dB;2026;0;68.400;0;B;1;0;490884;0;
5759770000W2022;CUCR22538565KUT50;Uniroyal;385/65  R22.5  T500  14PR  [160] K  TL  M+S  DOT2022;385;65;22.5;K;160;1;2689;1233.82;4024068130383W2;C;C;73dB;2022;0;75.100;0;B;0;0;490930;0;
DBB7410TH1734AF2;EGCR17521575MGHA0;GOODTRIP;215/75  R17.5  GHA20 (GOODTRIP)  14PR  [128/126] M  TL  M+S  3PMSF;215;75;17.5;M;128/126;45;552.29;367.5;8859625701159;D;B;74dB;2026;0;27.500;0;B;1;0;1589655;0;
DBB7410TH1766AF2;EGCR17523575KGHA0;GOODTRIP;235/75  R17.5  GHA20 (GOODTRIP)  16PR  [143/141] K  TL  M+S  3PMSF;235;75;17.5;K;143/141;39;649.76;420.42;8859625701241;D;B;74dB;2026;0;30.100;0;B;1;0;1589666;0;
ECA7310TH1766DS1;EGCR17523575MGH90;GOODTRIP;235/75  R17.5  GHD22 (GOODTRIP)  14PR  [132/130] M  TL  M+S  3PMSF;235;75;17.5;M;132/130;32;684;416.5;8859625701951;E;C;73dB;2024;0;30.100;0;A;1;0;1817710;0;
ECA7310TH1758DS1;EGCR19524570MGH90;GOODTRIP;245/70  R19.5  GHD22 (GOODTRIP)  16PR  [136/134] M  TL  M+S  3PMSF;245;70;19.5;M;136/134;11;767.41;469.42;8859625701975;E;C;73dB;2024,2025;0;35.400;0;A;1;0;1735462;0;
DBB7410TH1758AF2;EGCR19524570MGHA0;GOODTRIP;245/70  R19.5  GHA20 (GOODTRIP)  16PR  [136/134] M  TL  M+S  3PMSF;245;70;19.5;M;136/134;1;906.15;351.82;8859625701272;D;B;74dB;2024;0;34.100;0;B;1;0;1589663;0;
DBB7410TH1764AF2;EGCR19524570MGHA1;GOODTRIP;245/70  R19.5  GHA20 (GOODTRIP)  18PR  [141/140] K  TL  M+S  3PMSF;245;70;19.5;M;141/140;7;722.85;459.62;8859625701302;D;B;74dB;2025;0;35.400;0;B;1;0;1589668;0;
DBB7410TH170FAF2;EGCR19528570KGHA0;GOODTRIP;285/70  R19.5  GHA20 (GOODTRIP)  18PR  [150/148] K  TL  M+S  3PMSF;285;70;19.5;K;150/148;65;1053;577.22;8859625701364;D;B;74dB;2026;0;44.500;0;B;1;0;1589682;0;
CAB7210TH17674C5;EGCR19543550JGH20;GOODTRIP;435/50  R19.5  GHT22 TRAILER (GOODTRIP)  22PR  [160] J  TL  M+S  3PMSF;435;50;19.5;J;160;100;1461.95;959.42;8859625701036;C;A;72dB;2026;0;62.400;0;B;1;0;1226877;0;
CAB7210TH17684C5;EGCR19544545JGH20;GOODTRIP;445/45  R19.5  GHT22 TRAILER (GOODTRIP)  22PR  [160] J  TL  M+S  3PMSF;445;45;19.5;J;160;91;1437.59;910.42;8859625701043;C;A;72dB;2025,2026;0;63.400;0;B;1;0;1226899;0;
CBA7010TH1755AF2;EGCR22529560KGHA0;GOODTRIP;295/60  R22.5  GHA20 (GOODTRIP)  18PR  [150/147] K  TL  M+S  3PMSF;295;60;22.5;K;150/147;7;990.88;655.62;8859625700848;C;B;70dB;2026;0;50.600;0;A;1;0;1352611;0;
DCB7510TH1755AE2;EGCR22529560KGHD0;GOODTRIP;295/60  R22.5  GHD20 (GOODTRIP)  18PR  [150/147] K  TL  M+S  3PMSF;295;60;22.5;K;150/147;2;1080.22;704.62;8859625700855;D;C;75dB;2025;0;50.600;0;B;1;0;1352634;0;
CBA7010TH1720AF2;EGCR22529580MGHA0;GOODTRIP;295/80  R22.5  GHA20 (GOODTRIP)  18PR  [154/149] M  TL  M+S  3PMSF;295;80;22.5;M;154/149;85;1368;734.02;8859625700015;C;B;70dB;2025;0;60.100;0;A;1;0;1220868;0;
DCB7510TH1720AE2;EGCR22529580MGHD0;GOODTRIP;295/80  R22.5  GHD20 (GOODTRIP)  18PR  [154/149] M  TL  M+S  3PMSF;295;80;22.5;M;154/149;100;1315.76;773.22;8859625700039;D;C;74dB;2025,2026;0;61.200;0;B;1;0;1220887;0;
CP1798AF2;EGCR22531560LGHA0;GOODTRIP;315/60  R22.5  GHA20 (GOODTRIP)  20PR  [154/148] L  TL  M+S  3PMSF;315;60;22.5;L;154/148;64;1120.83;749.7;8859625703900;D;B;72dB;2026;0;53.900;0;B;1;0;2712512;0;
CP1798AE2;EGCR22531560LGHD0;GOODTRIP;315/60  R22.5  GHD20 (GOODTRIP)  20PR  [154/148] L  TL  M+S  3PMSF;315;60;22.5;L;154/148;90;1202.05;783.02;8859625703917;D;C;73dB;2026;0;53.900;0;A;1;0;2712518;0;
CBA7010TH1765AF2;EGCR22531570MGHA0;GOODTRIP;315/70  R22.5  GHA20 (GOODTRIP)  20PR  [154/151] M  TL  M+S  3PMSF;315;70;22.5;M;154/151;100;1250.78;773.22;8859625700053;C;B;70dB;2026;0;59.100;0;A;1;0;1220869;0;
DCB7510TH1765AE2;EGCR22531570MGHD0;GOODTRIP;315/70  R22.5  GHD20 (GOODTRIP)  20PR  [154/151] M  TL  M+S  3PMSF;315;70;22.5;M;154/151;100;1298.19;832.02;8859625700077;D;C;75dB;2026;0;59.100;0;B;1;0;1220888;0;
1726AF2;EGCR22531580LGHA0;GOODTRIP;315/80  R22.5  GHA20 (GOODTRIP)  20PR  [157/154] L  TL  M+S  3PMSF;315;80;22.5;L;157/154;100;1218.29;763.42;8859625700091;C;B;70dB;2026;0;67.300;0;A;1;0;1331613;0;
1726AE2;EGCR22531580LGHD0;GOODTRIP;315/80  R22.5  GHD20 (GOODTRIP)  20PR  [157/154] L  TL  M+S  3PMSF;315;80;22.5;L;157/154;24;1348.24;841.82;8859625700114;D;C;75dB;2025,2026;0;67.300;0;B;1;0;1331622;0;
1726AH2;EGCR22531580LGM00;GOODTRIP;315/80  R22.5  GMD30 ON-OFF ROAD (GOODTRIP)  20PR  [157/154] L  TL  M+S  3PMSF;315;80;22.5;L;157/154;100;1348.24;871.22;8859625700152;D;B;73dB;2026;0;67.300;0;B;1;0;1331632;0;
1726AK2;EGCR22531580LGMA0;GOODTRIP;315/80  R22.5  GMA30 ON-OFF ROAD (GOODTRIP)  20PR  [157/154] L  TL  M+S  3PMSF;315;80;22.5;L;157/154;19;1242.66;792.82;8859625700138;D;B;71dB;2026;0;67.300;0;B;1;0;1331627;0;
BBB7210TH1760AJ2;EGCR22538555KGHT0;GOODTRIP;385/55  R22.5  GHT50 TRAILER (GOODTRIP)  20PR  [160] K  TL  M+S  3PMSF;385;55;22.5;K;160;51;1356.37;890.82;8859625700862;B;B;72dB;2026;0;63.400;0;B;1;0;1310352;0;
CBB7510TH1745AG2;EGCR22538565K5GM0;GOODTRIP;385/65  R22.5  GMT50 TRAILER ON-OFF (GOODTRIP)  20PR  [160] K  TL  M+S  3PMSF;385;65;22.5;K;160;26;1421.34;910.42;8859625700565;C;B;75dB;2026;0;69.900;0;B;1;0;1221890;0;
CP1762AF2;EGCR22538565KGHA0;GOODTRIP;385/65  R22.5  GHA20 (GOODTRIP)  24PR  [164] K  TL  M+S  3PMSF;385;65;22.5;K;164;8;1486.32;920.22;8859625702521;B;B;72dB;2026;0;67.300;0;B;1;0;2340851;0;
BBA6910TH1745AJ2;EGCR22538565KGHT1;GOODTRIP;385/65  R22.5  GHT50 TRAILER (GOODTRIP)  20PR  [160] K  TL  M+S  3PMSF;385;65;22.5;K;160;41;1356.37;890.82;8859625700213;B;B;69dB;2026;0;69.900;0;A;1;0;1220902;0;
DBA7110TH1792AK2;EGCR225F3000LGM01;GOODTRIP;13  R22.5  GMD30 ON-OFF ROAD (GOODTRIP)  20PR  [156/153] L  TL  M+S  3PMSF;13;82;22.5;L;156/153;21;1429.46;890.82;8859625700190;D;B;73dB;2026;0;72.500;0;B;1;0;1221888;0;
DBB7310TH1792AH2;EGCR225F3000LGMA0;GOODTRIP;13  R22.5  GMA30 ON-OFF ROAD (GOODTRIP)  20PR  [156/153] L  TL  M+S  3PMSF;13;82;22.5;L;156/153;70;1348.24;837.9;8859625700176;D;B;71dB;2026;0;72.500;0;B;1;0;1220901;0;
339797;FKCR17521575MI151;Falken;215/75  R17.5  RI151  [128/126] M  TL  HL  M+S  3PMSF;215;75;17.5;M;128/126;2;1299;636.51;4250427427386;E;C;71dB;2025;0;28.660;0;A;0;0;568775;0;
335675;FKCR22527570MBI80;Falken;275/70  R22.5  BI856  [148/145] M  TL  M+S  3PMSF;275;70;22.5;M;148/145;3;2382;1175.02;4250427425696;D;C;74dB;2025;0;51.190;0;B;0;0;582153;0;
351776;FKCR22538565KI121;Falken;385/65  R22.5  RI128  [164] K  TL  HL  FRT  M+S  3PMSF;385;65;22.5;K;164;4;2750;1347.5;4250427429984;C;C;67dB;2025;0;70.100;0;A;0;0;972395;0;
577361;GFCR17520575MRCL1;Fulda;205/75  R17.5  REGIOCONTROL  [124/122] M  TL  M+S  3PMSF;205;75;17.5;M;124/122;3;1170;645.82;4038526031303;D;B;70dB;2025;0;24.300;0;A;1;0;530962;0;
573125;GFCR17520575MRGF1;Fulda;205/75  R17.5  REGIOFORCE  [124/122] M  TL  M+S  3PMSF napêd;205;75;17.5;M;124/122;4;1170;577.22;5452000745644;E;B;72dB;2025,2026;0;25.800;0;A;1;0;530685;0;
580102;GFCR17521575JETN0;Fulda;215/75  R17.5  ECOTONN  [135/133] J  TL  M+S  3PMSF;215;75;17.5;J;135/133;8;1380;710.5;4038526059079;C;C;68dB;2026;0;28.300;0;A;1;0;531149;0;
577362;GFCR17521575MRCL1;Fulda;215/75  R17.5  REGIOCONTROL  [126/124] M  TL  M+S  3PMSF;215;75;17.5;M;126/124;27;1170;587.02;4038526031815;D;C;70dB;2026;0;26.100;0;A;1;0;530963;0;
573133;GFCR17521575MRGF2;Fulda;215/75  R17.5  REGIOFORCE  [126/124] M  TL  M+S  3PMSF napêd;215;75;17.5;M;126/124;15;1170;598.03;5452000745927;E;C;70dB;2025,2026;0;27.300;0;A;1;0;530691;0;
577363;GFCR17522575MRCL1;Fulda;225/75  R17.5  REGIOCONTROL  [129/127] M  TL  M+S  3PMSF;225;75;17.5;M;129/127;6;1420;734.02;4038526031822;D;C;70dB;2026;0;27.100;0;A;1;0;530964;0;
573127;GFCR17522575MRGF3;Fulda;225/75  R17.5  REGIOFORCE  [129/127] M  TL  M+S  3PMSF napêd;225;75;17.5;M;129/127;4;1340;675.22;5452000745866;E;C;72dB;2025;0;29.200;0;A;1;0;530687;0;
580103;GFCR17523575JECT0;Fulda;235/75  R17.5  ECOTONN  [143/141] J  TL  M+S  3PMSF naczepa;235;75;17.5;J;143/141;18;1650;847.48;4038526059086;C;C;70dB;2025,2026;0;31.900;0;A;1;0;531150;0;
577364;GFCR17523575MRCL1;Fulda;235/75  R17.5  REGIOCONTROL  [132/130] M  TL  M+S  3PMSF;235;75;17.5;M;132/130;21;1500;724.22;4038526031839;D;C;69dB;2025;0;31.200;0;A;1;0;530965;0;
573126;GFCR17523575MRGF3;Fulda;235/75  R17.5  REGIOFORCE  [132/130] M  TL  M+S  3PMSF napêd;235;75;17.5;M;132/130;12;1500;743.82;5452000745859;E;C;72dB;2024,2025;0;31.900;0;A;1;0;530686;0;
580104;GFCR17524570JECT0;Fulda;245/70  R17.5  ECOTONN  [143/141] J  TL  M+S  3PMSF naczepa;245;70;17.5;J;143/141;20;1700;841.82;4038526059093;C;C;70dB;2026;0;34.800;0;A;1;0;531151;0;
573128;GFCR17524570MRGF2;Fulda;245/70  R17.5  REGIOFORCE  [136/134] M  TL  M+S  3PMSF napêd;245;70;17.5;M;136/134;12;1600;808.5;5452000745873;E;C;71dB;2026;0;35.400;0;A;1;0;530688;0;
580105;GFCR175D9500JETN1;Fulda;9.5  R17.5  ECOTONN  [143/141] J  TL  M+S  3PMSF;9.5;82;17.5;J;143/141;2;1560;769.3;4038526059109;C;C;69dB;2025;0;30.400;0;A;1;0;531152;0;
577486;GFCR175D9500MECS1;Fulda;9.5  R17.5  ECOSTAR  [129/127] M  TL  M+S;9.5;82;17.5;M;129/127;2;1540;779.1;4038526034458;D;B;70dB;2026;0;30.100;0;A;0;0;530993;0;
580180;GFCR19524570JETL2;Fulda;245/70  R19.5  ECOTONN  [141/140] J  TL  M+S  3PMSF naczepa;245;70;19.5;J;141/140;1;1870;894.74;4038526059857;C;C;71dB;2024;0;36.800;0;A;1;0;531158;0;
580181;GFCR19526570JECT1;Fulda;265/70  R19.5  ECOTONN  [143/141] J  M+S  3PMSF;265;70;19.5;J;143/141;17;1870;949.62;4038526059864;C;C;70dB;2025,2026;0;39.300;0;A;1;0;531159;0;
574010;GFCR19526570MRGF2;Fulda;265/70  R19.5  REGIOFORCE  [140/138] M  TL  M+S  3PMSF napêd;265;70;19.5;M;140/138;13;1680;832.02;5452000820846;E;C;74dB;2025,2026;0;41.300;0;B;1;0;530763;0;
580182;GFCR19528570JETN0;Fulda;285/70  R19.5  ECOTONN  [150/148] J  TL  M+S  3PMSF;285;70;19.5;J;150/148;2;2080;1018.22;4038526059871;B;B;69dB;2025;0;44.100;0;A;1;0;531160;0;
580182W2020;GFCR19528570JETN1;Fulda;285/70  R19.5  ECOTONN  [150/148] J  TL  M+S  3PMSF  DOT2020;285;70;19.5;J;150/148;2;2370;822.22;4038526059871W2;B;B;69dB;2020;0;44.100;0;A;1;0;531160;0;
577413;GFCR19528570LRCL2;Fulda;285/70  R19.5  REGIOCONTROL*  [146 L/140 M]  TL  M+S  3PMSF;285;70;19.5;L;146 L/140 M;4;2080;1145.62;4038526031372;D;B;70dB;2025,2026;0;43.100;0;A;1;0;530979;0;
596346;GFCR19528570LRGF3;Fulda;285/70  R19.5  REGIOFORCE  [146L/140M]  TL  M+S  3PMSF napêd;285;70;19.5;L;146L/140M;3;2080;1008.42;4038526419965;E;C;74dB;2024;0;43.600;0;B;1;0;1538284;0;
586224;GFCR22513000GVR20;Fulda;13  R22.5  VARIOCONTROL 2  [156/150] K  TL  M+S  3PMSF;130;82;22.5;G;156/150;2;2910;1439.62;4038526336767;C;B;71dB;2024;0;68.000;0;A;0;0;2151300;0;
553943W2021;GFCR22513000LRCL0;Fulda;13  R22.5  REGIOCONTROL  [156/150] L  TL  DOT2021;130;82;22.5;L;156/150;1;3530;969.22;5452000328564W2;D;C;72dB;2021;0;70.400;0;B;0;0;528278;0;
573522;GFCR22529555KRG30;Fulda;295/55  R22.5  REGIOFORCE 3  [147/145] K  TL  M+S  3PMSF;295;55;22.5;K;147/145;6;3290;1645.42;5452000808493;C;C;74dB;2025;0;57.100;0;B;1;0;1542051;0;
570676;GFCR22529560KRG30;Fulda;295/60  R22.5  REGIOFORCE 3  [150K/149L]  TL  M+S  3PMSF;295;60;22.5;K;150K/149L;24;2690;1341.62;5452000582492;D;C;74dB;2024,2025;0;51.200;0;B;1;0;1431179;0;
570269;GFCR22529580MRC30;Fulda;295/80  R22.5  REGIOCONTROL 3 HL  [154/149] M  TL  M+S  3PMSF;295;80;22.5;M;154/149;17;2690;1302.42;5452000576699;C;C;72dB;2025;0;54.100;0;B;1;0;1016090;0;
570674;GFCR22529580MRG30;Fulda;295/80  R22.5  REGIOFORCE 3  [152/148] M  TL  M+S  3PMSF;295;80;22.5;M;152/148;4;2690;1371.02;5452000582478;D;C;74dB;2026;0;57.000;0;B;1;0;860828;0;
570972W2022;GFCR22531560LE2R0;Fulda;315/60  R22.5  ECOFORCE 2+  [152/148] L  TL  M+S napêd  3PMSF  DOT2022;315;60;22.5;L;152/148;2;3550;1204.42;5452000590572W2;D;B;73dB;2022;0;57.200;0;A;1;0;530536;0;
570265;GFCR22531560LRC31;Fulda;315/60  R22.5  REGIOCONTROL 3  [152/148] L  TL  M+S  3PMSF;315;60;22.5;L;152/148;3;2910;1445.5;5452000576651;B;C;73dB;2024,2025;0;55.100;0;B;1;0;1214220;0;
570668;GFCR22531560LRG30;Fulda;315/60  R22.5  REGIOFORCE 3  [152/148] L  TL  M+S  3PMSF;315;60;22.5;L;152/148;10;2910;1351.42;5452000582416;D;B;75dB;2024;0;52.200;0;B;1;0;1210318;0;
570268;GFCR22531570LRC30;Fulda;315/70  R22.5  REGIOCONTROL 3 HL  [156/150] L  TL  M+S  3PMSF;315;70;22.5;L;156/150;12;2810;1420.02;5452000576682;C;C;72dB;2024,2026;0;56.100;0;B;1;0;534528;0;
570671;GFCR22531570LRG30;Fulda;315/70  R22.5  REGIOFORCE 3  [154L/152M]  TL  M+S  3PMSF;315;70;22.5;L;154L/152M;14;2810;1312.22;5452000582447;D;C;74dB;2025;0;56.100;0;B;1;0;534529;0;
570198;GFCR22531580LRC30;Fulda;315/80  R22.5  REGIOCONTROL 3  [156L/154M]  TL  M+S  3PMSF;315;80;22.5;L;156L/154M;10;2850;1411.2;5452000575548;C;C;72dB;2025;0;58.000;0;B;1;0;707983;0;
570197;GFCR22531580LRG30;Fulda;315/80  R22.5  REGIOFORCE 3  [156L/154M]  TL  M+S  3PMSF;315;80;22.5;L;156L/154M;4;2850;1420.02;5452000575531;D;C;74dB;2026;0;61.000;0;B;1;0;707982;0;
570267;GFCR22538555KRC30;Fulda;385/55  R22.5  REGIOCONTROL 3  [160K/158L]  TL  M+S  3PMSF;385;55;22.5;K;160K/158L;8;2930;1590.79;5452000576675;C;C;73dB;2026;0;62.000;0;B;1;0;1080902;0;
570670;GFCR22538565KRC30;Fulda;385/65  R22.5  REGIOCONTROL 3  [160K/158L]  TL  M+S  3PMSF;385;65;22.5;K;160K/158L;13;2880;1537.62;5452000582430;C;C;73dB;2025,2026;0;69.000;0;B;1;0;1038017;0;
572252;GFCR22538565KRN30;Fulda;385/65  R22.5  REGIOTONN 3 HL  [164K/158L]  TL  M+S  3PMSF;385;65;22.5;K;164K/158L;100;2740;1312.22;5452000712288;B;B;72dB;2026;0;69.700;0;B;1;0;530610;0;
582640;GFCR22538565KVAR1;Fulda;385/65  R22.5  VARIOTONN  [160] K  TL  M+S  3PMSF naczepa;385;65;22.5;K;160;8;2800;1357.3;4038526088819;C;B;72dB;2025;0;69.700;0;B;1;0;531278;0;
568820;GFCZ22529580LWCC0;Fulda;295/80  R22.5  WINTERCONTROL  [152/148] L  TL  M+S prowadzšca zima  3PMSF;295;80;22.5;L;152/148;7;2820;1380.82;5452000538802;D;C;74dB;2025;0;61.800;0;B;1;0;530372;0;
568810;GFCZ22529580LWFC1;Fulda;295/80  R22.5  WINTERFORCE  [152/148] L  TL  M+S napêd zima  3PMSF;295;80;22.5;L;152/148;8;2820;1396.5;5452000539052;E;C;75dB;2025;0;57.300;0;B;1;0;530369;0;
568811;GFCZ22531570KWFC0;Fulda;315/70  R22.5  WINTERFORCE  [154K 152L]  TL  M+S napêd zima  3PMSF;315;70;22.5;K;154K 152L;31;2910;1410.22;5452000539069;D;D;75dB;2024,2025;0;57.300;0;B;1;0;530370;0;
568821;GFCZ22531570LWCC0;Fulda;315/70  R22.5  WINTERCONTROL  [154K 152L]  TL  M+S prowadzšca zima  3PMSF;315;70;22.5;L;154K 152L;4;2910;1439.62;5452000539113;D;D;73dB;2023,2024;0;54.200;0;B;1;0;530373;0;
568822;GFCZ22531580KWCC0;Fulda;315/80  R22.5  WINTERCONTROL  [156K/154L]  TL  M+S prowadzaca zima  3PMSF;315;80;22.5;K;156K/154L;4;2960;1469.02;5452000539120;D;C;74dB;2024,2025;0;58.400;0;B;1;0;530374;0;
568812;GFCZ22531580KWRF0;Fulda;315/80  R22.5  WINTERFORCE  [156K/154L]  TL  M+S napêd zima  3PMSF;315;80;22.5;K;156K/154L;24;2960;1435.7;5452000539076;D;C;76dB;2023,2024;0;61.800;0;B;1;0;530371;0;
573940;GFCZ22538565LWCC0;Fulda;385/65  R22.5  WINTERCONTROL  [160K 158L]  TL  M+S prowadzšca zima  3PMSF;385;65;22.5;L;160K 158L;1;3160;1635.62;5452000557896;C;B;73dB;2025;0;71.500;0;B;1;0;530755;0;
588167;GGCR17520565KKT05;Goodyear;205/65  R17.5  KMAX T  [132J/133G]  TL  M+S  3PMSF;205;65;17.5;K;132J/133G;4;1740;945.7;4038526353214;C;C;70dB;2026;0;24.800;0;A;1;0;1222089;0;
568921;GGCR17520575MKD00;Goodyear;205/75  R17.5  KMAX D  [124M/126G]  TL  M+S  3PMSF;205;75;17.5;M;124M/126G;4;1690;792.82;5452000541079;D;C;74dB;2026;0;25.900;0;B;1;0;530420;0;
582973;GGCR17521575JKT01;Goodyear;215/75  R17.5  KMAX T  [135/133] J  TL  M+S  3PMSF;215;75;17.5;J;135/133;4;1820;920.22;4038526096449;C;B;67dB;2026;0;27.800;0;A;1;0;531300;0;
587738;GGCR17521575MKSG0;Goodyear;215/75  R17.5  KMAX S G2  [128/126] M  TL  M+S  3PMSF;215;75;17.5;M;128/126;4;1470;812.42;4038526347985;C;C;71dB;2026;0;28.100;0;A;1;0;1827618;0;
568930;GGCR17522575MKD00;Goodyear;225/75  R17.5  KMAX D  [129/127] M  TL  M+S  3PMSF;225;75;17.5;M;129/127;1;1870;828.1;5452000540171;D;C;73dB;2025;0;28.600;0;A;1;0;530424;0;
568896;GGCR17522575MKS00;Goodyear;225/75  R17.5  KMAX S  [129/127] M  TL  M+S  3PMSF;225;75;17.5;M;129/127;8;1670;906.5;5452000541314;D;B;69dB;2026;0;28.700;0;A;1;0;530404;0;
572912;GGCR17523575JKT01;Goodyear;235/75  R17.5  KMAX T  [143J/144F]  TL  M+S  3PMSF;235;75;17.5;J;143J/144F;20;2220;1008.42;5452000738073;C;B;69dB;2026;0;33.900;0;A;1;0;530671;0;
568932;GGCR17523575MKD00;Goodyear;235/75  R17.5  KMAX D  [132/130] M  TL  M+S  3PMSF;235;75;17.5;M;132/130;2;1870;1018.22;5452000540195;D;B;71dB;2026;0;30.800;0;A;1;0;530426;0;
568898;GGCR17523575MKS00;Goodyear;235/75  R17.5  KMAX S  [132/130] M  TL  M+S  3PMSF;235;75;17.5;M;132/130;1;1990;1077.02;5452000541345;D;B;69dB;2024;0;30.700;0;A;1;0;530406;0;
572913;GGCR17524570JKT01;Goodyear;245/70  R17.5  KMAX T  [143J/146F]  TL  M+S  3PMSF;245;70;17.5;J;143J/146F;5;2400;1028.02;5452000738080;B;B;70dB;2026;0;33.800;0;A;1;0;530672;0;
587740;GGCR17524570MKSG0;Goodyear;245/70  R17.5  KMAX S G2  [136/134] M  TL  M+S  3PMSF;245;70;17.5;M;136/134;6;2130;1092.7;4038526348005;C;C;71dB;2026;0;32.400;0;A;1;0;1827619;0;
587167;GGCR17526570MKD01;Goodyear;265/70  R17.5  KMAX D  [139/136] M  TL  M+S  3PMSF;265;70;17.5;M;139/136;6;2310;1224.02;4038526344342;D;B;72dB;2026;0;36.500;0;A;1;0;1255619;0;
595935;GGCR19524570MKD01;Goodyear;245/70  R19.5  KMAX D  [136/134] M  TL  M+S  3PMSF;245;70;19.5;M;136/134;11;2350;1106.42;4038526414922;D;C;72dB;2025;0;36.600;0;A;1;0;1447866;0;
570296;GGCR19526570JKT00;Goodyear;265/70  R19.5  KMAX T  [143/141] J  TL  M+S  3PMSF;265;70;19.5;J;143/141;5;2470;1214.22;5452000577184;C;B;70dB;2026;0;38.400;0;A;1;0;530502;0;
594765;GGCR19526570MKSG0;Goodyear;265/70  R19.5  KMAX S G2  [140/138] M  TL  M+S  3PMSF;265;70;19.5;M;140/138;8;2100;1141.7;4038526404770;C;C;71dB;2025,2026;0;40.400;0;A;1;0;1896704;0;
587736;GGCR19528570LKDG0;Goodyear;285/70  R19.5  KMAX D G2  [146L/144M]  TL  M+S  3PMSF;285;70;19.5;L;146L/144M;2;2890;1410.22;4038526347961;C;C;72dB;2026;0;41.400;0;A;1;0;1859409;0;
720975;GGCR19543550KKG30;Goodyear;435/50  R19.5  KMAX T G3  [160] K  TL  M+S  3PMSF;435;50;19.5;K;160;10;4200;1929.62;4038526466181;B;B;72dB;2026;0;60.100;0;B;1;0;2489095;0;
566821;GGCR20012000KMS20;Goodyear;12.00  R20  MSS II  [154/150] K  TT  M+S;120;82;20;K;154/150;2;3600;1949.22;5452000393630;C;B;71dB;2025;0;73.800;0;B;0;0;530290;0;
559432;GGCR22511000KMSS0;Goodyear;11  R22.5  OMNITRAC MSS  [148/145] K  TL  M+S;110;82;22.5;K;148/145;4;3480;1900.22;5452000986535;D;B;70dB;2026;0;55.900;0;A;0;0;530209;0;
580602;GGCR22529560KFXD1;Goodyear;295/60  R22.5  FUELMAX D A  [150K/149L]  TL  M+S  3PMSF;295;60;22.5;K;150K/149L;2;3980;1968.82;4038526066770;C;B;73dB;2023;0;50.900;0;A;1;0;531216;0;
581003;GGCR22529560KKD03;Goodyear;295/60  R22.5  KMAX D A  [150K/149L]  TL  M+S  3PMSF;295;60;22.5;K;150K/149L;7;3350;1665.02;4038526070968;D;B;73dB;2026;0;51.500;0;A;1;0;531229;0;
573160;GGCR22529580MCHL1;Goodyear;295/80  R22.5  MARATHON COACH HL  [154/149] M  TL  M+S  3PMSF;295;80;22.5;M;154/149;6;3520;1821.82;5452000745989;C;B;71dB;2025,2026;0;62.300;0;A;1;0;530696;0;
567433W2018;GGCR22529580MFXD1;Goodyear;295/80  R22.5  FUELMAX D  [152/148] M  TL  M+S  3PMSF  DOT2018;295;80;22.5;M;152/148;1;2420;1028.02;5452000662408W2;C;B;72dB - );2018;0;57.700;0;;1;0;0;0;
579004;GGCR22529580MKDG1;Goodyear;295/80  R22.5  KMAX D G2  [152/148] M  TL  M+S  3PMSF;295;80;22.5;M;152/148;3;3350;1802.22;5452000735416;D;C;72dB;2024,2025;0;60.600;0;A;1;0;531076;0;
571721;GGCR22530570LKD00;Goodyear;305/70  R22.5  KMAX D  [153L/150M]  TL  M+S  3PMSF;305;70;22.5;L;153L/150M;8;3320;1792.42;5452000679918;D;C;71dB;2025;0;56.500;0;A;1;0;530574;0;
583085;GGCR22530570LKS01;Goodyear;305/70  R22.5  KMAX S  [153L/150M]  TL  M+S  3PMSF;305;70;22.5;L;153L/150M;9;3870;1743.42;4038526097538;C;B;71dB;2025;0;55.000;0;A;1;0;531307;0;
573043;GGCR22531570KMS60;Goodyear;315/70  R22.5  OMNITRAC D  [154K/152M]  TL  M+S  3PMSF;315;70;22.5;K;154K/152M;4;3570;1772.82;5452000741677;D;C;76dB;2025;0;55.300;0;B;1;0;1038014;0;
582534;GGCR22531570LEQM0;Goodyear;315/70  R22.5  EQMAX S HL  [158/150] L  TL  M+S  3PMSF  RFID;315;70;22.5;L;158/150;2;3630;1880.62;4038526086471;B;B;71dB;2025;0;56.300;0;A;1;0;2097803;0;
582510;GGCR22531570LEQT0;Goodyear;315/70  R22.5  EQMAX D ULTRA  [154L/152M]  TL  M+S  3PMSF;315;70;22.5;L;154L/152M;4;3630;1959.02;4038526086211;A;B;74dB;2026;0;56.100;0;B;0;0;2103597;0;
728147;GGCR22531570LKD31;Goodyear;315/70  R22.5  KMAX D G3  [154L/152M]  TL  M+S  3PMSF;315;70;22.5;L;154L/152M;29;3630;1862.98;4038526528162;B;B;73dB;2025,2026;0;57.300;0;A;1;0;2453182;0;
582514;GGCR22531570LKS30;Goodyear;315/70  R22.5  KMAX S G3 HL  [156/150] L  TL  M+S  3PMSF;315;70;22.5;L;156/150;24;4260;1896.3;4038526086259;B;B;71dB;2026;0;59.800;0;A;1;0;2399015;0;
582484;GGCR22531570LULS0;Goodyear;315/70  R22.5  EQMAX S ULTRA  [158/150] L  TL  M+S  3PMSF;315;70;22.5;L;158/150;4;3630;1968.82;4038526086150;A;B;71dB;2026;0;58.800;0;A;0;0;2097795;0;
569513;GGCR22531580KMS50;Goodyear;315/80  R22.5  OMNITRAC S  [156/150] K  TL  M+S  3PMSF;315;80;22.5;K;156/150;5;4280;1567.02;5452000560261;D;B;73dB;2026;0;66.100;0;B;1;0;530472;0;
569565;GGCR22531580KMS60;Goodyear;315/80  R22.5  OMNITRAC D  [156/150] K  TL  M+S  3PMSF;315;80;22.5;K;156/150;8;4280;1557.22;5452000560865;D;B;75dB;2025;0;69.700;0;B;1;0;530491;0;
582394;GGCR22531580LKD30;Goodyear;315/80  R22.5  KMAX D G3  [156L/154M]  TL  M+S  3PMSF;315;80;22.5;L;156L/154M;17;4360;1919.82;4038526084484;C;B;73dB;2025,2026;0;65.600;0;A;1;0;2376311;0;
582516;GGCR22531580LKS30;Goodyear;315/80  R22.5  KMAX S G3  [158/150] L  TL  M+S  3PMSF;315;80;22.5;L;158/150;2;3690;2004.1;4038526086273;B;B;71dB;2026;0;62.400;0;A;1;0;2444894;0;
572844;GGCR22535550KKSG0;Goodyear;355/50  R22.5  KMAX S G2 HL  [156] K  TL  M+S  3PMSF;355;50;22.5;K;156;6;4040;2115.82;5452000735959;C;B;71dB;2026;0;56.100;0;A;1;0;1309908;0;
720971;GGCR22538555KKG30;Goodyear;385/55  R22.5  KMAX T G3  [160K/158L]  TL  M+S  3PMSF;385;55;22.5;K;160K/158L;2;3730;1861.02;4038526466143;B;B;72dB;2025;0;62.500;0;B;1;0;2350596;0;
582520;GGCR22538555KKS30;Goodyear;385/55  R22.5  KMAX S G3  [162K/158L]  TL  M+S  3PMSF;385;55;22.5;K;162K/158L;2;4650;1984.5;4038526086310;B;B;71dB;2026;0;63.100;0;A;1;0;2402002;0;
570286;GGCR22538555KUTM0;Goodyear;385/55  R22.5  UG MAX T  [160K/158L]  TL  M+S  3PMSF;385;55;22.5;K;160K/158L;6;4290;1753.22;5452000577597;C;B;73dB;2025;0;63.400;0;B;0;0;530500;0;
582522;GGCR22538565KKS30;Goodyear;385/65  R22.5  KMAX S G3  [164K/158L]  TL  M+S  3PMSF;385;65;22.5;K;164K/158L;22;4500;1939.42;4038526086334;B;B;71dB;2026;0;69.300;0;A;1;0;2402001;0;
580184;GGCR22538565KKSG1;Goodyear;385/65  R22.5  KMAX S G2 HL  [164K/158L]  TL  M+S  3PMSF;385;65;22.5;K;164K/158L;1;3770;2060.85;4038526059895;B;A;71dB;2026;0;69.300;0;A;1;0;531162;0;
586087;GGCR22538565KMS52;Goodyear;385/65  R22.5  OMNITRAC S HL  [164K/158L]  TL  M+S  3PMSF;385;65;22.5;K;164K/158L;19;3890;1812.02;4038526337443;C;B;73dB;2026;0;69.700;0;B;1;0;1224660;0;
583921;GGCR22538565KULT0;Goodyear;385/65  R22.5  EQMAX T ULTRA  HL  [164K/158L]  TL  M+S  3PMSF;385;65;22.5;K;164K/158L;4;3760;1919.82;4038526103802;A;C;70dB;2026;0;73.300;0;A;0;0;2119864;0;
573568;GGCR22545540JLHT1;Goodyear;455/40  R22.5  MARATHON LHT+  [160] J  TL;455;40;22.5;J;160;6;4710;1998.22;5452000814883;C;C;71dB;2025;0;68.600;0;B;0;0;530738;0;
558924;GGCR225F1000JLHT0;Goodyear;11  R22.5  MARATHON LHT  [148/145] J  TL;11;82;22.5;J;148/145;6;2890;1224.02;5452000975201;C;C;68dB;2025;0;55.900;0;A;0;0;530207;0;
569519;GGCR225F2000K0MD0;Goodyear;12  R22.5  OMN S HD  [152/148] K  TL  M+S  3PMSF;12;82;22.5;K;152/148;2;3630;1900.22;5452000560308;C;B;71dB;2025;0;66.700;0;A;1;0;530474;0;
568860;GGCZ22529560KUMS1;Goodyear;295/60  R22.5  ULTRAGRIP MAX S  [150K/149L]  TL  M+S  3PMSF;295;60;22.5;K;150K/149L;2;3520;1870.82;5452000539816;C;B;72dB;2025;0;46.000;0;B;1;0;530379;0;
568860W2019;GGCZ22529560KUMS2;Goodyear;295/60  R22.5  ULTRAGRIP MAX S  [150K/149L]  TL  M+S  3PMSF  DOT2019;295;60;22.5;K;150K/149L;1;2615;1204.42;5452000539816W2;C;B;72dB;2019;0;46.000;0;B;1;0;530379;0;
568863;GGCZ22529580LUMS0;Goodyear;295/80  R22.5  ULTRAGRIP MAX S HL  [154/149] L  TL  M+S  3PMSF;295;80;22.5;L;154/149;4;4000;1655.22;5452000539830;D;B;72dB;2023;0;60.800;0;B;1;0;530382;0;
567354;GGCZ22529580MUCL0;Goodyear;295/80  R22.5  ULTRAGRIP COACH HL  [154/149] M  TL  M+S  3PMSF;295;80;22.5;M;154/149;3;3520;1851.22;5452000659033;D;C;72dB;2025;0;63.700;0;A;1;0;530310;0;
568875;GGCZ22529580MUMD0;Goodyear;295/80  R22.5  ULTRAGRIP MAX D  [152/148] M  TL  M+S  3PMSF;295;80;22.5;M;152/148;4;3520;1763.02;5452000539960;E;C;73dB;2025;0;57.200;0;A;1;0;530394;0;
568877;GGCZ22531560LUMD0;Goodyear;315/60  R22.5  ULTRAGRIP MAX D  [152/148] L  TL  M+S  3PMSF;315;60;22.5;L;152/148;6;4340;1880.62;5452000539984;D;C;74dB;2024,2025;0;55.200;0;B;1;0;530396;0;
568865;GGCZ22531560LUMS0;Goodyear;315/60  R22.5  ULTRAGRIP MAX S HL  [152/148] L  TL  M+S  3PMSF;315;60;22.5;L;152/148;4;3810;1929.62;5452000539854;C;C;73dB;2025;0;55.900;0;B;1;0;530384;0;
568880;GGCZ22531570LUMD0;Goodyear;315/70  R22.5  ULTRAGRIP MAX D  [154L/152M]  TL  M+S  3PMSF;315;70;22.5;L;154L/152M;19;4140;1837.5;5452000540003;E;C;74dB;2025;0;56.500;0;B;1;0;530398;0;
568867;GGCZ22531570LUMS1;Goodyear;315/70  R22.5  ULTRAGRIP MAX S HL  [156/150] L  TL  M+S  3PMSF;315;70;22.5;L;156/150;4;4140;1910.02;5452000539878;C;B;73dB;2025;0;58.200;0;B;1;0;530386;0;
568092;GGCZ22531580LUMD0;Goodyear;315/80  R22.5  ULTRAGRIP MAX D  [156L/154M]  TL  M+S  3PMSF;315;80;22.5;L;156L/154M;5;3690;1910.02;5452000450562;E;B;74dB;2025;0;63.900;0;B;1;0;530340;0;
568090;GGCZ22531580LUMS0;Goodyear;315/80  R22.5  ULTRAGRIP MAX S  [156L/154M]  TL  M+S  3PMSF;315;80;22.5;L;156L/154M;4;4220;1733.62;5452000450548;C;B;72dB;2024,2025;0;63.100;0;B;1;0;530338;0;
567356;GGCZ22531580MUGC0;Goodyear;315/80  R22.5  UG COACH  [156L/154M]  TL  M+S  3PMSF;315;80;22.5;M;156L/154M;6;4270;1753.22;5452000659057;D;C;73dB;2024,2025;0;69.300;0;A;1;0;530312;0;
568263W2022;GGCZ22535550KWTS0;Goodyear;355/50  R22.5  UG WTS  [154K/152L]  TL  M+S  3PMSF;355;50;22.5;K;154K/152L;2;4710;2184.42;5452000454041;D;B;74dB;2022;0;55.400;0;B;1;0;530355;0;
586089;GGCZ22538565KUMS1;Goodyear;385/65  R22.5  ULTRAGRIP MAX S HL  [164K/158L]  TL  M+S  3PMSF;385;65;22.5;K;164K/158L;3;3740;1988.42;4038526337467;C;B;74dB;2024,2025;0;69.000;0;B;1;0;1058205;0;
573100;GGCZ22538565KUTM1;Goodyear;385/65  R22.5  ULTRAGRIP MAX T HL  [164K/158L]  TL  M+S  3PMSF;385;65;22.5;K;164K/158L;2;3550;1890.42;5452000577603;C;B;73dB;2025;0;67.000;0;B;1;0;530678;0;
569031;GNCR17520575M4360;Dunlop;205/75  R17.5  SP346  [124/122] M  TL  M+S  3PMSF;205;75;17.5;M;124/122;2;1520;714.42;5452000544445;E;C;71dB;2025;0;24.900;0;A;1;0;530438;0;
569051;GNCR17520575MP460;Dunlop;205/75  R17.5  SP446  [124M/126G]  TL  M+S  3PMSF;205;75;17.5;M;124M/126G;6;1520;714.42;5452000546449;D;C;71dB;2025;0;25.900;0;A;1;0;530448;0;
582974;GNCR17521575J2461;Dunlop;215/75  R17.5  SP246  [136/134] J  TL  M+S  3PMSF;215;75;17.5;J;136/134;5;1720;783.02;4038526096456;C;B;66dB;2025;0;27.800;0;A;1;0;531301;0;
569039;GNCR17521575M4360;Dunlop;215/75  R17.5  SP346  [126/124] M  TL  M+S  3PMSF;215;75;17.5;M;126/124;4;1400;702.57;5452000546326;E;C;71dB;2026;0;26.900;0;A;1;0;530442;0;
569053;GNCR17521575MP460;Dunlop;215/75  R17.5  SP446  [126/124] M  TL  M+S  3PMSF;215;75;17.5;M;126/124;8;1400;675.22;5452000546463;E;C;72dB;2025;0;27.000;0;A;1;0;530449;0;
569055;GNCR17522575MP460;Dunlop;225/75  R17.5  SP446  [129/127] M  TL  M+S  3PMSF;225;75;17.5;M;129/127;4;1690;812.42;5452000546487;D;C;71dB;2025;0;28.600;0;A;1;0;530450;0;
572077;GNCR17523575J2460;Dunlop;235/75  R17.5  SP246  [143J/144F]  TL  M+S  3PMSF;235;75;17.5;J;143J/144F;14;2000;928.31;5452000707871;C;B;69dB;2025,2026;0;33.900;0;A;1;0;530590;0;
569033;GNCR17523575M4360;Dunlop;235/75  R17.5  SP346  [132/130] M  TL  M+S  3PMSF;235;75;17.5;M;132/130;6;1680;947.41;5452000544469;E;B;71dB;2026;0;29.800;0;A;1;0;530439;0;
569057;GNCR17523575MP460;Dunlop;235/75  R17.5  SP446  [132/130] M  TL  M+S  3PMSF;235;75;17.5;M;132/130;4;1880;916.3;5452000546500;D;C;72dB;2025;0;30.800;0;A;1;0;530451;0;
572078;GNCR17524570J2460;Dunlop;245/70  R17.5  SP246  [143J/146F]  TL  M+S  3PMSF;245;70;17.5;J;143J/146F;9;1900;988.82;5452000707888;C;B;68dB;2025,2026;0;33.800;0;A;1;0;530591;0;
595808;GNCR17524570M4362;Dunlop;245/70  R17.5  SP346  [136/134] M  TL  M+S  3PMSF;245;70;17.5;M;136/134;12;1980;979.02;4038526414687;D;C;73dB;2025,2026;0;33.000;0;B;1;0;1470055;0;
569059;GNCR17524570MP460;Dunlop;245/70  R17.5  SP446  [136/134] M  TL  M+S  3PMSF;245;70;17.5;M;136/134;12;1980;969.22;5452000546524;D;C;72dB;2025;0;33.500;0;A;1;0;530452;0;
594495;GNCR17526570M4361;Dunlop;265/70  R17.5  SP346  [139/136] M  TL  M+S  3PMSF;265;70;17.5;M;139/136;16;2230;1102.5;4038526400482;C;C;73dB;2025,2026;0;36.100;0;B;1;0;1315386;0;
594494;GNCR17526570MP461;Dunlop;265/70  R17.5  SP446  [139/136] M  TL  M+S  3PMSF;265;70;17.5;M;139/136;3;2230;1102.5;4038526400475;D;C;72dB;2026;0;36.700;0;A;1;0;1315385;0;
572074;GNCR19524570J2460;Dunlop;245/70  R19.5  SP246  [141/140] J  TL  M+S  3PMSF;245;70;19.5;J;141/140;8;2300;1135.82;5452000707246;C;B;70dB;2025;0;35.900;0;A;1;0;530587;0;
572074W2022;GNCR19524570J2461;Dunlop;245/70  R19.5  SP246  [141/140] J  TL  M+S  3PMSF  DOT2022;245;70;19.5;J;141/140;2;2220;1047.62;5452000707246W2;C;B;70dB;2022;0;35.900;0;A;1;0;530587;0;
595993;GNCR19524570M4361;Dunlop;245/70  R19.5  SP346  [136/134] M  TL  M+S  3PMSF;245;70;19.5;M;136/134;6;2120;1018.22;4038526414069;D;C;72dB;2024,2025;0;35.700;0;B;1;0;1533716;0;
572075;GNCR19526570J2460;Dunlop;265/70  R19.5  SP246  [143/141] J  TL  M+S  3PMSF;265;70;19.5;J;143/141;2;2230;1141.7;5452000707857;C;B;70dB;2026;0;38.400;0;A;1;0;530588;0;
595809;GNCR19526570M4361;Dunlop;265/70  R19.5  SP346  [140/138] M  TL  M+S  3PMSF;265;70;19.5;M;140/138;4;2010;1096.62;4038526414694;D;C;72dB;2026;0;38.200;0;B;1;0;1463226;0;
595992;GNCR19526570MS441;Dunlop;265/70  R19.5  SP446  [140/138] M  TL  M+S  3PMSF;265;70;19.5;M;140/138;4;1890;1024.1;4038526414052;D;C;72dB;2025,2026;0;38.000;0;A;1;0;1470064;0;
572120W2022;GNCR19528570J2460;Dunlop;285/70  R19.5  SP246  [150/148] J  TL  M+S  3PMSF  DOT2022;285;70;19.5;J;150/148;16;3310;998.62;5452000703545W2;C;B;70dB;2022;0;43.800;0;A;1;0;530593;0;
596412;GNCR19528570L4361;Dunlop;285/70  R19.5  SP346  [146L/144M]  TL  M+S  3PMSF;285;70;19.5;L;146L/144M;4;2540;1253.42;4038526421203;D;C;72dB;2025;0;41.700;0;B;1;0;1588565;0;
596404;GNCR19528570L4641;Dunlop;285/70  R19.5  SP446  [146L/144M]  TL  M+S  3PMSF;285;70;19.5;L;146L/144M;4;2540;1318.1;4038526420725;D;C;73dB;2026;0;43.600;0;A;1;0;1589460;0;
569045;GNCR19530570M4360;Dunlop;305/70  R19.5  SP346  [148/145] M TL  M+S  3PMSF;305;70;19.5;M;148/145;2;2950;1612.1;5452000546388;C;C;72dB;2026;0;45.600;0;B;1;0;530445;0;
569069;GNCR19530570MS441;Dunlop;305/70  R19.5  SP446  [148/145] M  TL  M+S 3PSF;305;70;19.5;M;148/145;16;3110;1508.22;5452000546623;C;C;72dB;2026;0;46.800;0;A;0;0;530457;0;
572203;GNCR19543550JS240;Dunlop;435/50  R19.5  SP247  [160] J  TL  M+S  3PMSF;435;50;19.5;J;160;4;3600;1817.9;5452000712455;B;B;72dB;2026;0;61.000;0;B;1;0;530604;0;
568882;GNCR22529560K4360;Dunlop;295/60  R22.5  SP346  [150K/149L]  TL  M+S  3PMSF;295;60;22.5;K;150K/149L;2;3210;1753.22;5452000540867;C;C;72dB;2026;0;47.700;0;B;1;0;530400;0;
595771;GNCR22529560K4642;Dunlop;295/60  R22.5  SP446+  [150K/149L]  TL  M+S  3PMSF;295;60;22.5;K;150K/149L;6;3590;1625.82;4038526411716;D;B;73dB;2026;0;50.900;0;A;1;0;1669739;0;
568184W2020;GNCR22529580LS462;Dunlop;295/80  R22.5  SP462  [152/148] L  TL  M+S  3PMSF  W2020;295;80;22.5;L;152/148;2;2780;1331.82;5452000453532W2;E;C;74dB;2020;0;60.500;0;B;1;0;620297;0;
568884;GNCR22529580M4360;Dunlop;295/80  R22.5  SP346 HL  [154/149] M  TL  M+S  3PMSF;295;80;22.5;M;154/149;7;3020;1674.82;5452000540881;C;B;71dB;2026;0;60.100;0;A;1;0;530401;0;
581326;GNCR22531560L3640;Dunlop;315/60  R22.5  SP346+ HL  [154/148] L  TL  M+S  3PMSF;315;60;22.5;L;154/148;7;3830;1704.22;4038526073747;B;B;74dB;2026;0;59.800;0;B;1;0;1107286;0;
581328;GNCR22531570L3640;Dunlop;315/70  R22.5  SP346+ HL  [156/150] L  TL  M+S  3PMSF;315;70;22.5;L;156/150;64;3650;1635.62;4038526073761;C;B;74dB;2026;0;59.800;0;B;1;0;531235;0;
568913;GNCR22531570L4640;Dunlop;315/70  R22.5  SP446  [154L/152M]  TL  M+S  3PMSF;315;70;22.5;L;154L/152M;9;3650;1612.1;5452000541000;C;C;71dB;2025;0;57.200;0;A;1;0;530416;0;
729531;GNCR22531570L4641;Dunlop;315/70  R22.5  SP446  [154L/152M]  TL  M+S  3PMSF;315;70;22.5;L;154L/152M;100;3160;1641.5;4038526541635;C;C;72dB;2026;0;57.200;0;B;1;0;2630414;0;
573244;GNCR22531580K4821;Dunlop;315/80  R22.5  SP482  [156/150] K  TL  M+S  3PMSF /napêd budowlany;315;80;22.5;K;156/150;4;3860;1778.7;5452000749758;D;B;76dB;2025;0;68.200;0;B;1;0;530709;0;
560670;GNCR22531580KSP80;Dunlop;315/80  R22.5  SP382  [156/150] K  TL  M+S;315;80;22.5;K;156/150;3;3860;1778.7;4038526260000;D;B;69dB;2024;0;64.600;0;A;0;0;530219;0;
568915;GNCR22531580L4640;Dunlop;315/80  R22.5  SP446  [156L/154M]  TL  M+S  3PMSF;315;80;22.5;L;156L/154M;15;3730;1635.62;5452000541024;C;C;72dB;2026;0;64.900;0;A;1;0;530418;0;
568900;GNCR22531580M4360;Dunlop;315/80  R22.5  SP346  [156L/154M]  TL  M+S  3PMSF;315;80;22.5;M;156L/154M;2;3730;1674.82;5452000540942;C;B;73dB;2026;0;62.400;0;B;1;0;530408;0;
568902;GNCR22538555K4360;Dunlop;385/55  R22.5  SP346  [160K/158L]  TL  M+S  3PMSF;385;55;22.5;K;160K/158L;8;3980;1743.42;5452000540966;B;B;70dB;2026;0;63.000;0;A;1;0;530409;0;
572201;GNCR22538555KS240;Dunlop;385/55  R22.5  SP247  [160K/158L]  TL  3PMSF;385;55;22.5;K;160K/158L;27;3870;1661.1;5452000711939;B;B;71dB;2026;0;73.500;0;A;1;0;530602;0;
569141;GNCR22538565K3621;Dunlop;385/65  R22.5  SP362  [160K/158L]  TL  M+S  3PMSF;385;65;22.5;K;160K/158L;7;3850;1821.82;5452000549440;C;B;73dB;2023,2024;0;71.500;0;B;1;0;530460;0;
568905;GNCR22538565K4360;Dunlop;385/65  R22.5  SP346  [160K/158L]  TL  M+S  3PMSF;385;65;22.5;K;160K/158L;100;3770;1739.5;5452000424860;B;B;73dB;2026;0;69.200;0;B;1;0;530411;0;
572202;GNCR22538565K7HL0;Dunlop;385/65  R22.5  SP247 HL  [164K/158L]  TL  M+S  3PMSF;385;65;22.5;K;164K/158L;100;3650;1537.62;5452000711946;C;B;72dB;2026;0;76.500;0;B;1;0;530603;0;
573900;GNCR22538565KSP81;Dunlop;385/65  R22.5  SP382  [160K/158L]  TL  M+S;385;65;22.5;K;160K/158L;14;3940;1655.22;5452000819314;C;B;70dB;2025,2026;0;67.500;0;A;0;0;530754;0;
568210;GNCZ22529580M3620;Dunlop;295/80  R22.5  SP362  [152/148] L  TL  M+S  prowadzšca zima  3PMSF;295;80;22.5;M;152/148;2;3610;1694.42;5452000453594;D;B;72dB;2025;0;56.400;0;B;1;0;530348;0;
568216;GNCZ22531580K3620;Dunlop;315/80  R22.5  SP362  [156K/154L]  TL  M+S  prowadzšca zima  3PMSF;315;80;22.5;K;156K/154L;84;3810;1308.3;5452000453631;C;B;73dB;2025;0;63.900;0;B;1;0;530352;0;
568188;GNCZ22531580KS460;Dunlop;315/80  R22.5  SP462  [156L/154M]  TL  napêd zima  M+S  3PMSF;315;80;22.5;K;156L/154M;16;3810;1331.82;5452000453570;D;B;75dB;2025;0;66.800;0;B;1;0;530346;0;
573123;GSCR17520575MOR41;Sava;205/75  R17.5  ORJAK 4  [124/122] M  TL  M+S  3PMSF;205;75;17.5;M;124/122;4;1130;625.71;5452000745613;E;B;72dB;2026;0;25.800;0;A;1;0;530683;0;
580106;GSCR17521575JCA42;Sava;215/75  R17.5  CARGO 4  [135/133] J  TL  M+S  3PMSF;215;75;17.5;J;135/133;5;1250;707.89;4038526059819;C;C;68dB;2025,2026;0;28.300;0;A;1;0;531153;0;
577415;GSCR17521575MAV42;Sava;215/75  R17.5  AVANT 4  [126/124] M  TL  M+S  3PMSF;215;75;17.5;M;126/124;13;1040;577.22;4038526031396;D;C;70dB;2026;0;26.100;0;A;1;0;530981;0;
577416;GSCR17522575MAV42;Sava;225/75  R17.5  AVANT 4  [129/127] M  TL  M+S  3PMSF;225;75;17.5;M;129/127;2;1260;681.1;4038526031402;D;C;69dB;2026;0;27.100;0;A;1;0;530982;0;
573124;GSCR17522575MOR41;Sava;225/75  R17.5  ORJAK 4  [129/127] M  TL  M+S  3PMSF;225;75;17.5;M;129/127;4;1260;675.22;5452000745637;E;C;72dB;2025,2026;0;29.200;0;A;1;0;530684;0;
580107;GSCR17523575JCA42;Sava;235/75  R17.5  CARGO 4  [143/141] J  TL  M+S  3PMSF;235;75;17.5;J;143/141;28;1500;792.82;4038526059826;C;C;70dB;2025,2026;0;30.800;0;A;1;0;531154;0;
577417;GSCR17523575MAV42;Sava;235/75  R17.5  AVANT 4  [132/130] M  TL  M+S  3PMSF;235;75;17.5;M;132/130;6;1410;783.02;4038526032119;D;C;69dB;2026;0;31.200;0;A;1;0;530983;0;
573122;GSCR17523575MOR41;Sava;235/75  R17.5  ORJAK 4  [132/130] M  TL  M+S  3PMSF;235;75;17.5;M;132/130;10;1410;763.42;5452000745606;E;C;71dB;2026;0;31.900;0;A;1;0;530682;0;
571537;GSCR175D8500MTAM0;Sava;8.5  R17.5  TAMAR PLUS  [121/120] M  TL  M+S;8.5;82;17.5;M;121/120;2;1190;661.5;5452000674401;E;B;71dB;2026;0;25.100;0;A;0;0;530558;0;
571630;GSCR175H0900MCOM0;Sava;9.5  R17.5  COMET PLUS  [129/127] M  TL  M+S  3PMSF;9.5;82;17.5;M;129/127;14;1480;793.06;5452000678386;D;B;69dB;2025,2026;0;30.800;0;A;1;0;530566;0;
594637;GSCR175H0900MTAM1;Sava;9.5  R17.5  TAMAR PLUS  [129/127] M  TL  M+S  3PMSF;9.5;82;17.5;M;129/127;1;1480;783.02;4038526403339;D;C;72dB;2025;0;30.700;0;A;1;0;1332139;0;
580109;GSCR19524570JCA40;Sava;245/70  R19.5  CARGO 4  [141/140] J  TL  M+S  3PMSF;245;70;19.5;J;141/140;4;1700;935.9;4038526059840;C;C;71dB;2025;0;37.900;0;A;1;0;531156;0;
573338;GSCR19524570MORJ3;Sava;245/70  R19.5  ORJAK O3  [136/134] M  TL  M+S  3PMSF;245;70;19.5;M;136/134;4;1580;818.3;5452000806376;E;C;74dB;2026;0;37.900;0;B;1;0;530719;0;
580108;GSCR19526570JCA40;Sava;265/70  R19.5  CARGO 4  [143/141] J  TL  M+S  3PMSF;265;70;19.5;J;143/141;6;1720;963.37;4038526059833;C;C;70dB;2025,2026;0;39.300;0;A;1;0;531155;0;
577419;GSCR19526570MAVA2;Sava;265/70  R19.5  AVANT A3  [140/138] M  TL  M+S  3PMSF;265;70;19.5;M;140/138;8;1540;837.9;4038526032133;D;B;70dB;2026;0;38.200;0;A;1;0;530985;0;
573974;GSCR19526570MORJ2;Sava;265/70  R19.5  ORJAK O3  [140/138] M  TL  M+S;265;70;19.5;M;140/138;6;1540;867.3;5452000822062;E;C;74dB;2024,2026;0;41.300;0;B;0;0;530758;0;
577430;GSCR19528570LAVA2;Sava;285/70  R19.5  AVANT A3  [146L/140M]  TL  M+S  3PMSF;285;70;19.5;L;146L/140M;8;1880;1075.14;4038526032140;D;B;70dB;2026;0;43.100;0;A;1;0;530988;0;
596347;GSCR19528570LORJ2;Sava;285/70  R19.5  ORJAK O3  [146L/140M]  TL  M+S  3PMSF;285;70;19.5;L;146L/140M;16;1880;1043.7;4038526419972;E;C;74dB;2025,2026;0;43.600;0;B;1;0;1538285;0;
570307;GSCR19543550JCA41;Sava;435/50  R19.5  CARGO 5  160J  TL  3PMSF M+S;435;50;19.5;J;;11;3020;1494.5;5452000577375;B;B;72dB;2025,2026;0;61.147;0;B;1;0;528288;0;
572481;GSCR22527570JCT41;Sava;275/70  R22.5  CITY U4  [148J/152E]  TL  M+S  3PMSF;275;70;22.5;J;148J/152E;9;2460;1190.7;5452000725646;D;C;70dB;2025;0;53.400;0;A;1;0;531809;0;
570679;GSCR22529560KAV50;Sava;295/60  R22.5  AVANT 5  [150K/147] L  TL  M+S  3PMSF;295;60;22.5;K;150K/147;5;2680;1381.5;5452000582522;C;C;72dB;2025,2026;0;48.200;0;B;1;0;1216066;0;
570678;GSCR22529560KOR50;Sava;295/60  R22.5  ORJAK 5  [150K/149L]  TL  M+S  3PMSF;295;60;22.5;K;150K/149L;25;2680;1373.9;5452000582515;D;C;74dB;2026;0;49.200;0;B;1;0;1431180;0;
566062;GSCR22529580JCTY0;Sava;295/80  R22.5  CITY U4  [152/148] J  TL  M+S;295;80;22.5;J;152/148;1;2710;1429.82;5452000369901;D;C;70dB;2025;0;61.200;0;A;0;0;531790;0;
570675;GSCR22529580MOR50;Sava;295/80  R22.5  ORJAK 5  [152/148] M  TL  M+S  3PMSF;295;80;22.5;M;152/148;4;2640;1380.82;5452000582485;D;C;74dB;2026;0;57.300;0;B;1;0;759767;0;
570667;GSCR22531560LAV50;Sava;315/60  R22.5  AVANT 5  [152/148] L  TL  M+S  3PMSF;315;60;22.5;L;152/148;10;2860;1351.42;5452000582409;B;C;73dB;2025;0;51.800;0;B;1;0;1095744;0;
587868;GSCR22531560LAV51;Sava;315/60  R22.5  AVANT 5 HL  [154/148] L  TL  M+S  3PMSF;315;60;22.5;L;154/148;6;2860;1410.22;4038526350596;B;C;73dB;2026;0;56.000;0;B;1;0;1291806;0;
570669;GSCR22531560LOR50;Sava;315/60  R22.5  ORJAK 5  [152/148] L  TL  M+S  3PMSF;315;60;22.5;L;152/148;4;2660;1331.82;5452000582423;D;B;75dB;2026;0;57.000;0;B;1;0;1095743;0;
570672;GSCR22531570LAV50;Sava;315/70  R22.5  AVANT 5 HL  [156/150] L  TL  M+S  3PMSF;315;70;22.5;L;156/150;11;2730;1302.42;5452000582454;C;C;72dB;2026;0;54.000;0;B;1;0;666145;0;
570673;GSCR22531570MOR50;Sava;315/70  R22.5  ORJAK 5  [154L/152M]  TL  M+S  3PMSF;315;70;22.5;M;154L/152M;67;2730;1253.42;5452000582461;D;C;74dB;2025,2026;0;57.000;0;B;1;0;610463;0;
586229;GSCR22531580KAV22;Sava;315/80  R22.5  AVANT MS 2  [156/150] K  TL  M+S  3PMSF;315;80;22.5;K;156/150;1;2810;1567.02;4038526336811;D;B;72dB;2026;0;63.000;0;B;0;0;2151307;0;
570244;GSCR22531580MAV50;Sava;315/80  R22.5  AVANT 5  [156L/154M]  TL  M+S  3PMSF;315;80;22.5;M;156L/154M;4;2780;1390.62;5452000574787;C;C;72dB;2025;0;58.800;0;B;1;0;652187;0;
570243;GSCR22531580MOR50;Sava;315/80  R22.5  ORJAK 5  [156L/154M]  TL  M+S  3PMSF;315;80;22.5;M;156L/154M;7;2780;1390.62;5452000574770;D;C;74dB;2026;0;62.200;0;B;1;0;652447;0;
570677;GSCR22538555KAV50;Sava;385/55  R22.5  AVANT 5  [160K/158L]  TL  M+S  3PMSF;385;55;22.5;K;160K/158L;8;2970;1489.71;5452000582508;C;C;72dB;2024,2026;0;62.600;0;B;1;0;942603;0;
570283;GSCR22538555KCR50;Sava;385/55  R22.5  CARGO 5  [160K/158L]  TL  M+S  3PMSF;385;55;22.5;K;160K/158L;7;2890;1400.42;5452000577047;B;B;72dB;2025;0;63.400;0;B;1;0;652488;0;
570680;GSCR22538565KAV50;Sava;385/65  R22.5  AVANT 5  [160K/158L]  TL  M+S  3PMSF;385;65;22.5;K;160K/158L;46;2810;1447.46;5452000582539;C;C;72dB;2026;0;69.000;0;B;1;0;982515;0;
572260;GSCR22538565KCA50;Sava;385/65  R22.5  CARGO 5 HL  [164K/158L]  TL  M+S  3PMSF;385;65;22.5;K;164K/158L;100;2720;1322.02;5452000711663;C;B;72dB;2026;0;68.500;0;B;1;0;530612;0;
572013;GSCR225F2000KAVV1;Sava;12  R22.5  AVANT MS 2 PLUS  [152/148] K  TL  M+S;12;82;22.5;K;152/148;8;2760;1429.82;5452000702951;C;C;70dB;2025;0;61.500;0;A;0;0;530580;0;
595890;GSCR225F3000GOMS1;Sava;13  R22.5  ORJAK MSD2  [156/150] K  TL  M+S  3PMSF /napêd budowlany;13;82;22.5;G;156/150;6;2650;1420.02;4038526413758;D;B;75dB;2025;0;72.100;0;B;1;0;2395213;0;
573334;GSCR240H2000KO240;Sava;12.00  R24  ORJAK 24 PLUS  [160/156] K  TT  M+S;12.00;82;24;K;160/156;2;3500;1851.22;5452000806338;C;B;71dB;2023;0;65.200;0;A;0;0;530717;0;
573672;GSCR240H2000KO4S0;Sava;12.00  R24  ORJAK 24 MS  [160/156] K  TT  M+S;12.00;82;24;K;160/156;4;3530;1949.22;5452000817938;C;B;74dB;2024;0;76.300;0;B;0;0;530747;0;
3003900;HACR17521575K31T0;Hankook;215/75  R17.5  TH31  [135/133] K  M+S  3PMSF;215;75;17.5;K;135/133;1;1507.5;655.62;8808563558837;C;B;69dB;2024;0;29.100;0;A;1;0;471140;0;
3002609;HACR17521575MAHT2;Hankook;215/75  R17.5  AH35  [126/128] M  M+S  3PMSF;215;75;17.5;M;126/128;2;1445;626.22;8808563398754;D;C;65dB;2025;0;26.100;0;A;1;0;654454;0;
3002240;HACR17521575MH350;Hankook;215/75  R17.5  DH35  [126/124] M  M+S  3PMSF;215;75;17.5;M;126/124;4;1445;626.22;8808563361352;D;C;66dB;2023;0;26.100;0;A;1;0;456667;0;
3003269;HACR17523575MAHT3;Hankook;235/75  R17.5  AH35  [132/130] M  M+S  3PMSF;235;75;17.5;M;132/130;5;1847;802.62;8808563448558;C;C;67dB;2024;0;31.200;0;A;1;0;461538;0;
3003106;HACR17526570MH350;Hankook;265/70  R17.5  DH35  [140/138] M  M+S  3PMSF;265;70;17.5;M;140/138;4;2400;1096.62;8808563432830;D;C;73dB;2025;0;38.000;0;A;1;0;461553;0;
3002718;HACR19526570MAHT1;Hankook;265/70  R19.5  AH35  [140/138] M  M+S  3PMSF;265;70;19.5;M;140/138;2;2315.5;1018.22;8808563406749;C;C;67dB;2025;0;38.200;0;A;1;0;476823;0;
3003439;HACR19538555J31T0;Hankook;385/55  R19.5  TH31  [156] J  M+S  3PMSF;385;55;19.5;J;156;20;3905.5;1729.7;8808563460864;B;B;70dB;2025;0;59.200;0;A;1;0;471031;0;
3004084;HACR19543550J31T1;Hankook;435/50  R19.5  TH31  [164] J  M+S  3PMSF;435;50;19.5;J;164;1;3605;1700.3;8808563623870;B;B;69dB;2025;0;69.900;0;A;1;0;0;0;
3003412;HACR19544545K20L0;Hankook;445/45  R19.5  TL20  [160] K;445;45;19.5;K;160;4;4045.5;1812.02;8808563457642;A;C;70dB;2023;0;69.300;0;A;1;0;471020;0;
3002453;HACR22529560KDHJ0;Hankook;295/60  R22.5  DH31  [150/147] K  M+S  3PMSF;295;60;22.5;K;150/147;32;3590.5;1625.82;8808563380568;D;C;73dB;2026;0;50.200;0;A;1;0;557516;0;
3002705W2022;HACR22529580JAU40;Hankook;295/80  R22.5  AU04  [152/148] J  M+S  3PMSF  DOT2022;295;80;22.5;J;152/148;2;3583;1459.22;8808563405865W2;D;B;67dB;2022;0;60.100;0;A;1;0;469098;0;
3003862;HACR22529580MAH35;Hankook;295/80  R22.5  AH31  [154/149] M  M+S  3PMSF;295;80;22.5;M;154/149;1;3515.5;1420.02;8808563547459;C;B;73dB;2024;0;62.100;0;A;1;0;477150;0;
3003861;HACR22529580MAH36;Hankook;295/80  R22.5  AH31  [154/149] M  M+S  3PMSF;295;80;22.5;M;154/149;15;3220.5;1498.42;8808563547442;C;B;73dB;2025;0;61.100;0;A;1;0;0;0;
3002648;HACR22529580MDHJ0;Hankook;295/80  R22.5  DH31  [152/148] M  M+S  3PMSF;295;80;22.5;M;152/148;27;3515.5;1518.02;8808563401133;D;B;73dB;2025;0;60.100;0;A;1;0;471330;0;
3002568W2023;HACR22529580MDHJ1;Hankook;295/80  R22.5  DH31  [152/148] M  M+S  3PMSF  DOT2023;295;80;22.5;M;152/148;1;3515.5;1449.42;8808563394534;D;B;73dB;2023;0;60.100;0;A;1;0;471330;0;
3003875;HACR22529580MDHW0;Hankook;295/80  R22.5  DH51  [152/148] M  M+S  3PMSF;295;80;22.5;M;152/148;28;3380.5;1533.7;8808563551784;D;B;76dB;2024,2025;0;68.100;0;B;1;0;1313720;0;
3003304;HACR22531560LA2W0;Hankook;315/60  R22.5  AL20W  [154/148] L  M+S  3PMSF;315;60;22.5;L;154/148;1;3988.5;1714.02;8808563453422;B;C;70dB;2022;0;54.630;0;A;1;0;461583;0;
3003740W2022;HACR22531570L2DL3;Hankook;315/70  R22.5  DL20W  [154/150] L  M+S  3PMSF  DOT2022;315;70;22.5;L;154/150;1;3384.5;1322.02;8808563529912W2;B;C;72dB;2023;0;62.000;0;A;1;0;461687;0;
3003942W2023;HACR22531570L5AL0;Hankook;315/70  R22.5  AL50  [156/150] L  M+S  3PMSF  DOT2023;315;70;22.5;L;156/150;1;3553;1606.22;8808563572659;A;B;71dB;2023;0;57.900;0;A;1;0;1313713;0;
3003423;HACR22531570LDHW0;Hankook;315/70  R22.5  DH51  [154/150] L  M+S  3PMSF;315;70;22.5;L;154/150;17;3553;1645.42;8808563459578;D;B;76dB;2025;0;65.000;0;B;1;0;908351;0;
3002433;HACR22531580KAM92;Hankook;315/80  R22.5  AM09  [156/150] K  M+S;315;80;22.5;K;156/150;3;3469;1537.62;8808563377810;D;B;67dB;2025;0;64.900;0;A;1;0;461660;0;
3002060;HACR22531580LAH30;Hankook;315/80  R22.5  AH31  [156/150] L  M+S  3PMSF;315;80;22.5;L;156/150;46;3430;1625.82;8808563349503;C;B;73dB;2026;0;64.900;0;A;1;0;461617;0;
3003835;HACR22531580LAHO0;Hankook;315/80  R22.5  AH51  [156/150] L  M+S  3PMSF;315;80;22.5;L;156/150;28;4767;1759.1;8808563540498;C;B;72dB;2026;0;67.000;0;A;1;0;789487;0;
3002382;HACR22531580LAL00;Hankook;315/80  R22.5  AL22  [156/150] L  M+S;315;80;22.5;L;156/150;16;3430;1625.82;8808563375403;C;B;69dB;2025;0;64.900;0;A;1;0;461683;0;
3003908;HACR22531580LDHW1;Hankook;315/80  R22.5  DH51  [156/150] L  M+S  3PMSF;315;80;22.5;L;156/150;1;3600.5;1665.02;8808563560540;D;B;76dB;2025;0;71.000;0;B;1;0;0;0;
3003953;HACR22538555K5AL0;Hankook;385/55  R22.5  AL50  [160] K  M+S  3PMSF;385;55;22.5;K;160;2;3909.5;1704.22;8808563577951;A;B;70dB;2025;0;65.000;0;A;1;0;1313716;0;
3002486;HACR22538555KAH30;Hankook;385/55  R22.5  AH31  [160] K  M+S  3PMSF;385;55;22.5;K;160;32;3724;1831.62;8808563382173;C;B;69dB;2026;0;63.700;0;A;1;0;471297;0;
3003878;HACR22538555KAHO0;Hankook;385/55  R22.5  AH51  [160] K  M+S  3PMSF;385;55;22.5;K;160;1;3907.5;1831.62;8808563551814;B;B;70dB;2025;0;67.000;0;A;1;0;0;0;
3003545;HACR22538565K31T1;Hankook;385/65  R22.5  TH31  [164] K  /naczepa  M+S;385;65;22.5;K;164;100;3439;1514.1;8808563473611;B;B;69dB;2025,2026;0;71.500;0;A;1;0;470942;0;
3002503;HACR22538565KAH30;Hankook;385/65  R22.5  AH31  [160] K  M+S  3PMSF;385;65;22.5;K;160;88;3885.5;1684.62;8808563386386;C;B;69dB;2026;0;71.500;0;A;1;0;471306;0;
3002585;HACR22538565KALJ0;Hankook;385/65  R22.5  AL10+  [160] K  M+S  3PMSF;385;65;22.5;K;160;12;3933.5;1616.02;8808563397481;B;B;70dB;2025;0;71.500;0;A;1;0;476757;0;
3003980;HACR22538565KAM54;Hankook;385/65  R22.5  AM15+  [164] K  M+S  3PMSF;385;65;22.5;K;164;7;3566;1674.82;8808563587509;C;B;73dB;2025;0;75.100;0;A;1;0;0;0;
3002586;HACR22538565KT150;Hankook;385/65  R22.5  TM15  [160] K  M+S;385;65;22.5;K;160;13;3415;1518.02;8808563397498;D;B;69dB;2025;0;71.500;0;A;1;0;476771;0;
3002696;HACR22538565LAM52;Hankook;385/65  R22.5  AM15+  [158] L  M+S;385;65;22.5;L;158;2;3566;1625.82;8808563405506;C;B;73dB;2025;0;71.500;0;A;1;0;461672;0;
3003600W2022;HACR225F3000KH1D0;Hankook;13  R22.5  DM11  [156/150] K  M+S  3PMSF  DOT2022;13;82;22.5;K;156/150;4;3853;1420.02;8808563505558W2;C;B;73dB;2022;0;72.300;0;A;1;0;471068;0;
3001930;HACZ22538555KAW00;Hankook;385/55  R22.5  AW02  [160] K  M+S  3PMSF;385;55;22.5;K;160;4;3940;1861.02;8808563339139;C;C;70dB;2025;0;63.700;0;A;1;0;461739;0;
;HBCR225275700COA0;Bie¿nikowane Handlopex;OPONA BIE¯. GALGO 275/70  R22.5  BUS&COACH 240  KARKAS GOODYEAR;275;70;22.5;0;;8;1136;695.8;;;;;2026;0;53.000;0;;0;0;0;0;
;HBCR225295600DL27;Bie¿nikowane Handlopex;OPONA BIE¯. CONTI TREAD 295/60  R22.5  HDL2 260  M+S  3PMSF / napêd  KARKAS CONTINENTAL;295;60;22.5;0;;4;1255.93;759.75;;;;;2026;0;50.200;0;;1;0;0;0;
;HBCR225295600LPD6;Bie¿nikowane Handlopex;OPONA BIE¯. GALGO 295/60  R22.5  LPD 270  M+S  3PMSF /napêd  KARKAS BRIDGESTONE;295;60;22.5;0;;20;1055.8;488.04;;;;;2026;0;50.200;0;;0;0;0;0;
;HBCR22531570026M2;Bie¿nikowane Handlopex;OPONA BIE¯. GALGO 315/70  R22.5  MS 270  M+S  3PMSF / napêd  KARKAS GOODYEAR;315;70;22.5;0;;4;1188;452.86;;;;;2026;0;59.100;0;;1;0;0;0;
;HBCR225315700DL24;Bie¿nikowane Handlopex;OPONA BIE¯. CONTI TREAD 315/70  R22.5  HDL2 270  M+S  3PMSF / napêd  KARKAS CONTINENTAL;315;70;22.5;0;;4;1368;579.3;;;;;2024,2025;0;59.100;0;;1;0;0;0;
;HBCR225315700DRD1;Bie¿nikowane Handlopex;OPONA BIE¯. GALGO 315/70  R22.5  DRD 270  M+S  3PMSF / napêd  KARKAS GOODYEAR;315;70;22.5;0;;3;1203.04;494.18;;;;;2025;0;59.100;0;;1;0;0;0;
;HBCR225315700DRD3;Bie¿nikowane Handlopex;OPONA BIE¯. GALGO 315/70  R22.5  DRD 270  M+S  3PMSF / napêd  KARKAS BRIDGESTONE;315;70;22.5;0;;8;1203.04;494.18;;;;;2024,2025,2026;0;59.100;0;;1;0;0;0;
;HBCR225315700DRD5;Bie¿nikowane Handlopex;OPONA BIE¯. GALGO 315/70  R22.5  DRD 270  M+S  3PMSF / napêd  KARKAS HANKOOK;315;70;22.5;0;;4;1203.04;494.18;;;;;2023,2024;0;59.100;0;;1;0;0;0;
;HBCR225315700HD33;Bie¿nikowane Handlopex;OPONA BIE¯. CONTI TREAD 315/70  R22.5  HD3 SCAN ZIMA 270  KARKAS CONTINENTAL *;315;70;22.5;0;;12;1405.24;595.06;;;;;2025,2026;0;59.100;0;;0;0;0;0;
;HBCR225315700HDR0;Bie¿nikowane Handlopex;OPONA BIE¯. CONTI TREAD 315/70  R22.5  HDR2 265  M+S  3PMSF / napêd  KARKAS MICHELIN;315;70;22.5;0;;8;1508.79;613.25;;;;;2024;0;59.100;0;;1;0;0;0;
;HBCR225315700HDR1;Bie¿nikowane Handlopex;OPONA BIE¯. CONTI TREAD 315/70  R22.5  HDR2 265  M+S  3PMSF / napêd  KARKAS CONTINENTAL;315;70;22.5;0;;8;1508.79;613.23;;;;;2023,2024,2025;0;59.100;0;;1;0;0;0;
;HBCR225315700HPD0;Bie¿nikowane Handlopex;OPONA BIE¯. GALGO 315/70  R22.5  HPD 275  M+S  3PMSF / napêd  KARKAS GOODYEAR;315;70;22.5;0;;4;1138.75;688.87;;;;;2026;0;59.100;0;;1;0;0;0;
;HBCR225315700HPD1;Bie¿nikowane Handlopex;OPONA BIE¯. GALGO 315/70  R22.5  HPD 275  M+S  3PMSF / napêd  KARKAS HANKOOK;315;70;22.5;0;;4;1138.75;688.87;;;;;2026;0;59.100;0;;1;0;0;0;
;HBCR225315700LHT2;Bie¿nikowane Handlopex;OPONA BIE¯. GALGO 315/70  R22.5  LHT 270  M+S  3PMSF / napêd  KARKAS GOODYEAR;315;70;22.5;0;;20;1208.15;496.36;;;;;2024,2025;0;59.100;0;;1;0;0;0;
;HBCR225315700LHT7;Bie¿nikowane Handlopex;OPONA BIE¯. GALGO 315/70  R22.5  LHT 270  M+S  3PMSF / napêd  KARKAS CONTINENTAL;315;70;22.5;0;;12;1208.15;496.36;;;;;2023,2024;0;59.100;0;;1;0;0;0;
;HBCR225315700LPD3;Bie¿nikowane Handlopex;OPONA BIE¯. GALGO 315/70  R22.5  LPD 270  M+S  3PMSF / napêd  KARKAS GOODYEAR;315;70;22.5;0;;21;1142.86;468.71;;;;;2024,2026;0;59.100;0;;1;0;0;0;
;HBCR225315700LPD7;Bie¿nikowane Handlopex;OPONA BIE¯. GALGO 315/70  R22.5  LPD 270  M+S  3PMSF / napêd  KARKAS DUNLOP;315;70;22.5;0;;4;1142.86;468.71;;;;;2024;0;59.100;0;;1;0;0;0;
;HBCR225315700LRD0;Bie¿nikowane Handlopex;OPONA BIE¯. GALGO 315/70  R22.5 LRD 270  M+S  3PMSF / napêd  KARKAS GOODYEAR;315;70;22.5;0;;4;1096.05;663.04;;;;;2026;0;59.100;0;;1;0;0;0;
;HBCR225315700WRDS;Bie¿nikowane Handlopex;OPONA BIE¯. GALGO 315/70  R22.5  WRD 275  M+S  3PMSF / napêd ZIMA  KARKAS PIRELLI;315;70;22.5;0;;8;1176.69;514.5;;;;;2025;0;59.100;0;;1;0;0;0;
;HBCR225315700WRDW;Bie¿nikowane Handlopex;OPONA BIE¯. GALGO 315/70  R22.5  WRD 275  M+S  3PMSF / napêd ZIMA  KARKAS HANKOOK *;315;70;22.5;0;;4;1176.69;514.5;;;;;2025;0;59.100;0;;1;0;0;0;
;HBCR22531580026M2;Bie¿nikowane Handlopex;OPONA BIE¯. GALGO 315/80  R22.5  MS 260  M+S  3PMSF / napêd  KARKAS GOODYEAR;315;80;22.5;0;;1;1217.3;515.47;;;;;2026;0;64.900;0;;1;0;0;0;
;HBCR225385550STW1;Bie¿nikowane Handlopex;OPONA BIE¯. GALGO 385/55  R22.5  STW 320  KARKAS BRIDGESTONE;385;55;22.5;0;;2;1144.4;484.61;;;;;2026;0;63.700;0;;0;0;0;0;
;HBCR225385650SAR0;Bie¿nikowane Handlopex;OPONA BIE¯. GALGO 385/65  R22.5  SAR 295  M+S  3PMSF / naczepa  KARKAS BRIDGESTONE;385;65;22.5;0;;12;1174.66;688.82;;;;;2026;0;71.500;0;;1;0;0;0;
;HBCR225385650STC1;Bie¿nikowane Handlopex;OPONA BIE¯. GALGO 385/65  R22.5  STC 287  KARKAS CONTINENTAL;385;65;22.5;0;;4;1161.9;492.02;;;;;2026;0;71.500;0;;0;0;0;0;
MRL00414051TL;HLPD153G10758M460;MRL;10.0/75 - 15.3  MPT 446  14PR  [130 A8/130 A8]  TL;10.0;75;15.3;A8;130 A8/130 A8;64;565.5;338.1;8907375001088;;;;2025,2026;0;20.100;0;;0;0;0;0;
MRL02414051TL;HLPD153G15808MP04;MRL;11.5/80 - 15.3  MPT 446  14PR  [139 A8/143 A6]  TL;11.5;80;15.3;A8;139 A8/143 A6;31;767.46;440.02;8907375005826;;;;2025,2026;0;29.000;0;;0;0;0;0;
MRL01610050TL;HLPD165F000024280;MRL;10 - 16.5  ML2 482 HD BEAST L-4/L-5  10PR  [134 A2]  TL;10;82;16.5;A2;134 A2;1;923.39;587.02;8907375003518;;;;2022;0;28.800;0;;0;0;0;0;
MRL01612050TL;HLPD165F000024820;MRL;10 - 16.5  ML2 482 HD BEAST L-4/L-5  12PR  [138 A2/130 A3]  TL;10;82;16.5;A2;138 A2/130 A3;13;1067.4;616.42;8907375003693;;;;2025,2026;0;28.800;0;;0;0;0;0;
MRL04514046TL;HLPD165F20002ML22;MRL;12 - 16.5  ML2 455 SKID STAR  14PR  [147 A2]  TL;12;82;16.5;A2;147 A2;3;663.63;401.6;8907375011643;;;;2026;0;35.500;0;;0;0;0;0;
MRL03912051TL;HLPD180G2500GM460;MRL;12.5 - 18  MPT 446  12PR  [136 A8/131 G]  TL;12.5;82;18;G;136 A8/131 G;22;1218.9;704.62;8907375010530;;;;2025,2026;0;41.600;0;;0;0;0;0;
MRL03814001TL;HLPD180G25808ATU0;MRL;12.5/80 - 18  ATU 410 SUPER CAT  14PR  [145 A6]  TL;12.5;80;18;A8;145 A6;1;1057.55;636.02;8907375010110;;;;2026;0;41.400;0;;0;0;0;0;
MRL18414034TL;HLPD200405706MI30;MRL;405/70 - 20  (16.0/70 - 20)  MIM 374 R1  14PR  [160 A6/154 A8]  TL;405;70;20;A6;160 A6/154 A8;67;1415.74;889.55;8907375028320;;;;2026;0;62.500;0;;0;0;0;0;
MRL18416034TL;HLPD20040570GMI31;MRL;405/70 - 20  (16.0/70 - 20)  MIM 374 R1  16PR  [162 A6/156 A8]  TL;405;70;20;G;162 A6/156 A8;15;1486.52;910.42;8907375028351;;;;2026;0;64.000;0;;0;0;0;0;
MRL01310051TL;HLPD200G0500GM460;MRL;10.5 - 20  MPT 446  10PR  [133 A8/128 G]  TL;10.5;82;20;G;133 A8/128 G;14;991.01;586.04;8907375003068;;;;2026;0;32.800;0;;0;0;0;0;
MRL00816158TT;HLPD200H0000BMEX0;MRL;10.00 - 20  MEX 473 ROCK LUG  16PR  [146 B]  TT;10.00;82;20;B;146 B;80;1011.28;616.42;8907375053575;;;;2026;0;54.000;0;;0;0;0;0;
MRL33520126TL;HLPD240G55808MTL0;MRL;400/80 - 24  (15.5/80 - 24)  MTU 430 ROCKY HD  20PR  [162 A8]  TL;15.5;80;24;A8;162 A8;9;2257.05;1319.77;8907375052004;;;;2026;0;84.000;0;;0;0;0;0;
MRL07814126TL;HLPD240G69008MTL0;MRL;16.9 - 24  MTU 430 ROCKY HD  14PR  [152 A8]  TL;16.9;82;24;A8;152 A8;42;2147.03;1273.02;8907375017522;;;;2026;0;87.500;0;;0;0;0;0;
MRL07812124TL;HLPD240G69008MTU0;MRL;16.9 - 24  MTU 428 SUPER CAT  12PR  [149 A8]  TL;16.9;82;24;A8;149 A8;1;2369.12;1273.02;8907375017409;;;;2023;0;83.500;0;;0;0;0;0;
MRL09014124TL;HLPD240G75008MTU0;MRL;17.5L - 24  MTU 428 SUPER CAT  14PR  [150 A8]  TL;17.5;82;24;A8;150 A8;10;1850.19;1096.62;8907375019380;;;;2026;0;79.800;0;;0;0;0;0;
MRL10116126TL;HLPD240G95008MTL0;MRL;19.5L - 24  (500/70 - 24)  MTU 430 ROCKY HD  16PR  [157 A8]  TL;19.5;82;24;A8;157 A8;24;2627.42;1498.42;8907375052356;;;;2025,2026;0;97.000;0;;0;0;0;0;
MRL05720025TL;HLPD240H40008MGM2;MRL;14.00 - 24  MG2 402 BLACK CAT G-2  20PR  [155 A8]  TL;14.00;82;24;A8;155 A8;18;2212.09;1273.02;8907375013838;;;;2026;0;109.300;0;;0;0;0;0;
MRL11720013TL;HLPD250G230024562;MRL;23.5 - 25  ME3 456  ROCK GRIP  E-3/L-3  20PR  [191 A2]  TL;23.5;82;25;A2;191 A2;6;5904.92;3331.02;8907375023769;;;;2025;0;260.000;0;;0;0;0;0;
MRL07016023TL;HLPD250G55008MG80;MRL;15.5 - 25  MG2 419 SUPER GRADER G-2  16PR  [149 A8/173 A2]  TL;15.5;82;25;A8;149 A8/173 A2;1;1986.36;1151.5;8907375016594;;;;2026;0;76.600;0;;0;0;0;0;
MRL08916023TL;HLPD250G75002MG80;MRL;17.5 - 25  MG2 419 SUPER GRADER G-2  16PR  [150 A8/177 A2]  TL;17.5;82;25;A2;150 A8/177 A2;26;2348.42;1351.42;8907375019205;;;;2026;0;128.300;0;;0;0;0;0;
MRL08920013TL;HLPD250G7500B4562;MRL;17.5 - 25  ME3 456  ROCK GRIP  E-3/L-3  20PR  [164 B/181 A2]  TL;17.5;82;25;B;164 B/181 A2;23;2929.71;1723.82;8907375019236;;;;2026;0;128.300;0;;0;0;0;0;
MRL09212126TL;HLPD260G84008MTL0;MRL;18.4 - 26  MTU 430 ROCKY HD  12PR  [156 A8]  TL;18.4;82;26;A8;156 A8;15;2669.37;1543.5;8907375051915;;;;2024,2025;0;107.000;0;;0;0;0;0;
MRL09216126TL;HLPD260G84008MTL1;MRL;18.4 - 26  MTU 430 ROCKY HD  16PR  [162 A8]  TL;18.4;82;26;A8;162 A8;25;2719.01;1589.85;8907375052295;;;;2026;0;107.000;0;;0;0;0;0;
MRL08012126TL;HLPD280G69008MTL0;MRL;16.9 - 28  MTU 430 ROCKY HD  12PR  [152 A8]  TL;16.9;82;28;A8;152 A8;15;2366.3;1383.56;8907375051885;;;;2026;0;94.400;0;;0;0;0;0;
MRL08016126TL;HLPD280G69008MTL1;MRL;16.9 - 28  MTU 430 ROCKY HD  16PR  [157 A8]  TL;16.9;82;28;A8;157 A8;14;2491.98;1484.7;8907375052325;;;;2026;0;94.400;0;;0;0;0;0;
MRL08012124TL;HLPD280G69008MTU0;MRL;16.9 - 28  MTU 428 SUPER CAT  12PR  [152 A8]  TL;16.9;82;28;A8;152 A8;4;2470.87;1331.82;8907375017973;;;;2026;0;85.500;0;;0;0;0;0;
MRL53700189TL;HLPR240405702GT50;MRL;405/70  R24  (16/70  R24)  GT 335 SPOWER  [158 A2/146 B]  TL  steel belted;405;70;24;A2;158 A2/146 B;6;2663.62;1547.42;8907375056750;;;;2026;0;77.000;0;;0;0;0;0;
MRL38500159TL;HLPR240460708G330;MRL;460/70  R24  (17.5L  R24)  GT 333 MAXIMUS  [159 A8/159 B]  TL;460;70;24;A8;159 A8/159 B;100;2433.3;1484.7;8907375053599;;;;2026;0;91.900;0;;0;0;0;0;
MRL19400005TL;HLPR240460708GTR0;MRL;460/70  R24  (17.5L  R24)  GRIP TRAC 375  [159 A8]  TL;460;70;24;A8;159 A8;100;2282.43;1390.62;8907375028627;;;;2026;0;98.500;0;;0;0;0;0;
MRL18204034TT;HLRD080E40006MI30;MRL;4.00 - 8 / 4.80 - 8  MIM 374 R1  4PR  [63 A6/59 A8]  TT;4.00;82;8;A6;63 A6/59 A8;100;99.99;66.64;8907375027699;;;;2025,2026;0;2.700;0;;0;0;0;0;
MRL08706022TL;HLRD080F16003MG50;MRL;16 x 6.50 - 8  MG 54 Z-WIDE  6PR  [72 A3]  TL;16 x 6.50;82;8;A3;72 A3;3;93.79;59.78;8907375018901;;;;2026;0;3.600;0;;0;0;0;0;
MRL12708121TL;HLRD120212003M600;MRL;26 x 12.00 - 12  MTR 601 R1  8PR  [116 A3]  TL;26 x 12.00;82;12;A3;116 A3;79;451.27;273.03;8907375024452;;;;2026;0;16.000;0;;0;0;0;0;
MRL33212034TT;HLRD120320606MI31;MRL;320/60 - 12  MIM 374 R1  12PR  [136 A6/132 A8]  TT;320;60;12;A6;136 A6/132 A8;1;473.3;279.3;8907375047277;;;;2026;0;19.600;0;;0;0;0;0;
MRL20708089TT;HLRD120E50006MRT1;MRL;5.00 - 12  MRT 302 RT  8PR  [70 A6/66 A8]  TT;5.00;82;12;A6;70 A6/66 A8;76;173.34;104.37;8907375053254;;;;2025,2026;0;4.200;0;;0;0;0;0;
MRL23408089TT;HLRD120E60006MRT2;MRL;6.00 - 12  MRT 302 RT M93 (POWER TILLER) RT  8PR  [83 A6]  TT;6.00;82;12;A6;83 A6;7;270.87;163.95;8907375031801;;;;2026;0;9.900;0;;0;0;0;0;
MRL00512008TT;HLRD120G10808MA00;MRL;10.0/80 - 12  MAW 200 IMPLEMENT  12PR  [124 A6/120 A8]  TT;10.0;80;12;A8;124 A6/120 A8;10;338.71;196;8907375001743;;;;2025,2026;0;12.300;0;;0;0;0;0;
MRL00510008TL;HLRD120G10808MA01;MRL;10.0/80 - 12  MAW 200 IMPLEMENT  10PR  [121 A6/118 A8]  TL;10.0;80;12;A8;121 A6/118 A8;3;291.72;179.83;8907375001590;;;;2026;0;12.500;0;;0;0;0;0;
MRL00512008TL;HLRD120G10808MA05;MRL;10.0/80 - 12  MAW 200 IMPLEMENT  12PR  [130 A6/126 A8]  TL;10.0;80;12;A8;130 A6/126 A8;1;375.69;230.3;8907375001712;;;;2026;0;12.300;0;;0;0;0;0;
MRL10910131TT;HLRD145200606R7B0;MRL;200/60 - 14.5  RIB 707  10PR  [113 A6/109 A8]  TT;200;60;14.5;A6;113 A6/109 A8;90;317.57;185.22;8907375022830;;;;2025,2026;0;10.260;0;;0;0;0;0;
MRL20806034TT;HLRD150E50006MI30;MRL;5.00 - 15  MIM 374 R1  6PR  [94 A6/90 A8]  TT;5.00;82;15;A6;94 A6/90 A8;92;179.44;105.74;8907375029525;;;;2025,2026;0;6.400;0;;0;0;0;0;
MRL14816120TL;HLRD150H5500BM600;MRL;31 x 15.50 - 15  MTR 600 R1  16PR  [130 B]  TL;15.50;82;15;B;130 B;43;805.2;486.96;8907375025626;;;;2026;0;27.200;0;;0;0;0;0;
MRL00414008TL;HLRD153G10756MA01;MRL;10.0/75 - 15.3  MAW 200 IMPLEMENT  14PR  [130 A6/126 A8]  TL;10.0;75;15.3;A6;130 A6/126 A8;100;368.92;226.38;8907375000906;;;;2025,2026;0;17.300;0;;0;0;0;0;
MRL00410008TL;HLRD153G10756MA06;MRL;10.0/75 - 15.3  MAW 200 IMPLEMENT  10PR  [123 A6/119 A8]  TL;10.0;75;15.3;A6;123 A6/119 A8;100;300.93;195.02;8907375000487;;;;2026;0;15.050;0;;0;0;0;0;
MRL00414008TT;HLRD153G10758MA00;MRL;10.0/75 - 15.3  MAW 200 IMPLEMENT  14PR  [130 A6/126 A8]  TT;10.0;75;15.3;A8;130 A6/126 A8;82;395.88;233.24;8907375000937;;;;2026;0;17.300;0;;0;0;0;0;
MRL00416008TT;HLRD153G10758MA01;MRL;10.0/75 - 15.3  MAW 200 IMPLEMENT  16PR  [134 A6/130 A8]  TT;10.0;75;15.3;A8;134 A6/130 A8;100;420.38;243.04;8907375001149;;;;2025,2026;0;17.000;0;;0;0;0;0;
MRL00418008TT;HLRD153G10758MA02;MRL;10.0/75 - 15.3  MAW 200 IMPLEMENT  18PR  [138 A6/134 A8]  TT;10.0;75;15.3;A8;138 A6/134 A8;14;433.39;279.3;8907375001231;;;;2026;0;17.200;0;;0;0;0;0;
MRL00412008TL;HLRD153G10758MA04;MRL;10.0/75 - 15.3  MAW 200 IMPLEMENT  12PR  [126 A6/122 A8]  TL;10.0;75;15.3;A8;126 A6/122 A8;17;348.79;207.76;8907375000692;;;;2025,2026;0;17.300;0;;0;0;0;0;
MRL00416008TL;HLRD153G10758MA06;MRL;10.0/75 - 15.3  MAW 200 IMPLEMENT  16PR  [140 A8/136 A6]  TL;10.0;75;15.3;A8;140 A8/136 A6;4;401.43;247.94;8907375001118;;;;2026;0;17.300;0;;0;0;0;0;
MRL00422008TL;HLRD153G10758MA08;MRL;10.0/75 - 15.3  MAW 200 IMPLEMENT  22PR  [148 A6/144 A8]  TL;10.0;75;15.3;A8;148 A6/144 A8;24;504.36;309.68;8907375001385;;;;2026;0;16.700;0;;0;0;0;0;
MRL00412008TT;HLRD153G10758MA0T;MRL;10.0/75 - 15.3  MAW 200 IMPLEMENT  12PR  [126 A6/122 A8]  TT;10.0;75;15.3;A8;126 A6/122 A8;100;340.66;204.82;8907375000722;;;;2025,2026;0;17.300;0;;0;0;0;0;
MRL00410034TL;HLRD153G10758MI30;MRL;10.0/75 - 15.3  MIM 374 R1  10PR  [128 A6/123 A8]  TL;10.0;75;15.3;A8;128 A6/123 A8;71;510.73;304.78;8907375000609;;;;2025,2026;0;19.600;0;;0;0;0;0;
MRL00414034TL;HLRD153G10758MI33;MRL;10.0/75 - 15.3  MIM 374 R1  14PR  [136 A6/130 A8]  TL;10.0;75;15.3;A8;136 A6/130 A8;84;579.75;330.26;8907375001026;;;;2025,2026;0;17.300;0;;0;0;0;0;
MRL02414008TT;HLRD153G15808MA01;MRL;11.5/80 - 15.3  MAW 200 IMPLEMENT  14PR  [139 A6/135 A8]  TT;11.5;80;15.3;A8;139 A6/135 A8;29;442.42;269.5;8907375005673;;;;2026;0;18.100;0;;0;0;0;0;
MRL02414008TL;HLRD153G15808MA05;MRL;11.5/80 - 15.3  MAW 200 IMPLEMENT  14PR  [139 A6/135 A8]  TL;11.5;80;15.3;A8;139 A6/135 A8;100;431.94;271.46;8907375005642;;;;2026;0;19.500;0;;0;0;0;0;
MRL02416008TL;HLRD153G15808MA06;MRL;11.5/80 - 15.3  MAW 200 IMPLEMENT  16PR  [141 A6/137 A8]  TL;11.5;80;15.3;A8;141 A6/137 A8;18;516.45;307.72;8907375005857;;;;2026;0;20.800;0;;0;0;0;0;
MRL02412034TL;HLRD153G15808MI30;MRL;11.5/80 - 15.3  MIM 374 R1  12PR  [141 A6/135 A8]  TL;11.5;80;15.3;A8;141 A6/135 A8;59;633.45;381.22;8907375005581;;;;2026;0;22.000;0;;0;0;0;0;
MRL03714009TL;HLRD153G25806MAW0;MRL;12.5/80 - 15.3  MAW 203 AW  14PR  [148 A6/144 A8]  TL;12.5;80;15.3;A6;148 A6/144 A8;10;755;445.9;8907375009510;;;;2025;0;29.000;0;;0;0;0;0;
MRL03714008TL;HLRD153G25808MA00;MRL;12.5/80 - 15.3  MAW 200 AW  14PR  [142 A6/138 A8]  TL;12.5;80;15.3;A8;142 A6/138 A8;8;635.73;381.22;8907375009459;;;;2026;0;29.400;0;;0;0;0;0;
MRL43100034TL;HLRD155280608MI31;MRL;280/60 - 15.5  MIM 374 R1  [128 A8/132 A6]  TL;280;60;15.5;A8;128 A8/132 A6;36;570.99;338.1;8907375055364;;;;2026;0;25.000;0;;0;0;0;0;
MRL18316150TL;HLRD155400606PRN2;MRL;400/60 - 15.5  PRINCE 335 FLOTATION  16PR  [147 A6/143 A8]  TL;400;60;15.5;A6;147 A6/143 A8;7;948.94;498.82;8907375052448;;;;2025,2026;0;36.900;0;;0;0;0;0;
MRL04618009TL;HLRD160340558MAW0;MRL;340/55 - 16  (13.0/55 - 16)  MAW 203 AW  18PR  [149A6/146A8]  TL;340;55;16;A8;149A6/146A8;22;673.92;400.82;8907375011889;;;;2025,2026;0;29.500;0;;0;0;0;0;
MRL04614009TL;HLRD160340558MAW2;MRL;340/55 - 16  (13.0/55 - 16)  MAW 203 AW  14PR  [139A6/135A8]  TL;340;55;16;A8;139A6/135A8;7;705.3;406.7;8907375011858;;;;2026;0;29.500;0;;0;0;0;0;
MRL21606115TT;HLRD160550006MTP0;MRL;5.50 - 16  MTF 212 THREE RIB PREMIUM  6PR  [86 A6/78 A8]  TT;550;82;16;A6;86 A6/78 A8;9;198.64;117.6;8907375030606;;;;2026;0;8.100;0;;0;0;0;0;
MRL17104117TT;HLRD160E40006MF20;MRL;4.00 - 16  MTF 222 TWO RIB  4PR  [69 A6/62 A8]  TT;4.00;82;16;A6;69 A6/62 A8;100;153.96;94.08;8907375026524;;;;2025,2026;0;5.200;0;;0;0;0;0;
MRL17106034TT;HLRD160E40008MI30;MRL;4.00 - 16  MIM 374 R1  6PR  [72 A6/64 A8]  TT;4.00;82;16;A8;72 A6/64 A8;100;172.54;100.94;8907375026586;;;;2025;0;5.800;0;;0;0;0;0;
MRL17104034TT;HLRD160E40008MI31;MRL;4.00 - 16  MIM 374 R1  4PR  [69 A6/62 A8]  TT;4.00;82;16;A8;69 A6/62 A8;97;163.69;96.04;8907375026494;;;;2025,2026;0;5.800;0;;0;0;0;0;
MRL20906117TT;HLRD160E50006MF20;MRL;5.00 - 16  MTF 222 TWO RIB  6PR  [84 A6/76 A8]  TT;5.00;82;16;A6;84 A6/76 A8;49;185.09;109.76;8907375029709;;;;2026;0;7.700;0;;0;0;0;0;
MRL23606117TT;HLRD160E60006MF20;MRL;6.00 - 16  MTF 222 TWO RIB  6PR  [88 A6/80 A8]  TT;6.00;82;16;A6;88 A6/80 A8;23;225.36;142.1;8907375032075;;;;2026;0;10.300;0;;0;0;0;0;
MRL23706115TT;HLRD160E60006MTP1;MRL;6.00 - 16  MTF 212 DABANG TR  6PR  [88 A6/80 A8]  TT;6.00;82;16;A6;88 A6/80 A8;11;211.73;125.54;8907375032495;;;;2026;0;9.900;0;;0;0;0;0;
MRL25306115TT;HLRD160E65006MTP0;MRL;6.50 - 16  MTF 212 DABANG TR  6PR  [91 A6/83 A8]  TT;6.50;82;16;A6;91 A6/83 A8;43;280.98;168.46;8907375034475;;;;2026;0;11.500;0;;0;0;0;0;
MRL27208116TT;HLRD160E75006M221;MRL;7.50 - 16  MTF 221 TWO RIB PREMIUM  8PR  [103 A6/96 A8]  TT;7.50;82;16;A6;103 A6/96 A8;4;388.24;240.52;8907375037834;;;;2025,2026;0;14.800;0;;0;0;0;0;
MRL05514010TL;HLRD160F14656M900;MRL;14.0/65 - 16  MAW 905 AW  14PR  [142 A6/138 A8]  TL;14.0;65;16;A6;142 A6/138 A8;18;840.41;506.66;8907375013357;;;;2026;0;29.800;0;;0;0;0;0;
MRL27308115TT;HLRD180E75006MTP0;MRL;7.50 - 18  MTF 212 THREE RIB PREMIUM  8PR  TT;7.50;82;18;A6;;3;399.41;235.1;8907375039302;;;;2025;0;17.600;0;;0;0;0;0;
MRL28408092TT;HLRD200D83006MR23;MRL;8.3 - 20  MRT 329 KIRTI  8PR  [101 A6/98 A8]  TT;8.3;82;20;A6;101 A6/98 A8;5;613.97;371.52;8907375040629;;;;2026;0;19.700;0;;0;0;0;0;
MRL30208092TT;HLRD200D95006MR21;MRL;9.5 - 20  MRT 329 KIRTI  8PR  [107 A6/103 A8]  TT;9.5;82;20;A6;107 A6/103 A8;30;588.51;367.5;8907375042630;;;;2025,2026;0;23.500;0;;0;0;0;0;
MRL27408116TT;HLRD200E75006M222;MRL;7.50 - 20  MTF 221 TWO RIB PREMIUM  8PR  [109 A6/101 A8] TT;7.50;82;20;A6;109 A6/101 A8;13;460.11;290.08;8907375039609;;;;2026;0;19.100;0;;0;0;0;0;
MRL02008092TT;HLRD200G12006MR20;MRL;11.2 - 20  MRT 329 KIRTI  8PR  [111 A6/107 A8]  TT;11.2;82;20;A6;111 A6/107 A8;100;707.87;441.98;8907375004232;;;;2026;0;28.100;0;;0;0;0;0;
MRL28508092TT;HLRD220D830083290;MRL;8.3 - 22  MRT 329 KIRTI  8PR  [104 A6/100 A8]  TT;8.3;82;22;A8;104 A6/100 A8;13;731.34;459.62;8907375040681;;;;2026;0;22.000;0;;0;0;0;0;
MRL44316179TL;HLRD225550458X340;MRL;550/45 - 22.5  MEX 340 EXCAVATOR PRINCE  16PR  [159 A8/156 B]  TL;550;45;22.5;A8;159 A8/156 B;2;2159.36;1298.5;8907375055586;;;;2026;0;91.000;0;;0;0;0;0;
MRL25816129TL;HLRD225600558PRC3;MRL;600/55 - 22.5  PRINCE 338 FLOTATION  16PR  [169 A8/166 B]  TL;600;55;22.5;A8;169 A8/166 B;3;2856.12;1684.62;8907375035106;;;;2026;0;98.900;0;;0;0;0;0;
MRL28608092TT;HLRD240D83006MR20;MRL;8.3 - 24  MRT 329 KIRTI  8PR  [105 A6/101 A8]  TT;8.3;82;24;A6;105 A6/101 A8;5;561.78;351.82;8907375040742;;;;2026;0;21.900;0;;0;0;0;0;
MRL02108092TT;HLRD240G12006MR21;MRL;11.2 - 24  MRT 329 KIRTI  8PR  [116 A6/113 A8]  TT;11.2;82;24;A6;116 A6/113 A8;100;821.63;479.22;8907375004539;;;;2026;0;34.900;0;;0;0;0;0;
MRL02112092TT;HLRD240G12006MR25;MRL;11.2 - 24  MRT 329 KIRTI  12PR  [122 A6/119 A8]  TT;11.2;82;24;A6;122 A6/119 A8;70;830.66;514.61;8907375004652;;;;2026;0;34.900;0;;0;0;0;0;
MRL03114092TT;HLRD240G24006MR20;MRL;12.4 - 24  MRT 329 KIRTI  14PR  [130 A6/126 A8]  TT;12.4;82;24;A6;130 A6/126 A8;4;1110.56;671.3;8907375007899;;;;2026;0;45.000;0;;0;0;0;0;
MRL03108092TT;HLRD240G24006MR21;MRL;12.4 - 24  MRT 329 KIRTI  8PR  [121 A6/117 A8]  TT;12.4;82;24;A6;121 A6/117 A8;23;946.77;566.44;8907375007684;;;;2025;0;42.300;0;;0;0;0;0;
MRL05112092TT;HLRD240G36006MR21;MRL;13.6 - 24  MRT 329 KIRTI  12PR  [130 A6/126 A8]  TT;13.6;82;24;A6;130 A6/126 A8;100;1185.68;699.72;8907375012480;;;;2025,2026;0;61.500;0;;0;0;0;0;
MRL06008095TT;HLRD240G4900633M2;MRL;14.9 - 24  MRT 332 IRRIGATOR ND-2  8PR  [128 A6/124 A8]  TT;14.9;82;24;A6;128 A6/124 A8;6;1266.26;655.62;8907375014828;;;;2025;0;53.200;0;;0;0;0;0;
MRL06914034TL;HLRD240G55808MI31;MRL;15.5/80 - 24  (400/80 - 24)  MIM 374 R1  14PR  [166 A6/162 A8]  TL;15.5;80;24;A8;166 A6/162 A8;52;1748.43;1053.5;8907375016471;;;;2026;0;75.500;0;;0;0;0;0;
MRL11512092TL;HLRD260231006MR22;MRL;23.1 - 26  MRT 329 KIRTI  12PR  [153 A6/149 A8]  TL;23.1;82;26;A6;153 A6/149 A8;4;3521.28;2043.3;8907375023400;;;;2026;0;165.000;0;;0;0;0;0;
MRL09216092TL;HLRD260G84006MR28;MRL;18.4 - 26  MRT 329 KIRTI  16PR  TL;18.4;82;26;A6;;3;2275.29;1351.42;8907375020041;;;;2025,2026;0;120.500;0;;0;0;0;0;
MRL02208092TT;HLRD280G12008MR20;MRL;11.2 - 28  MRT 329 KIRTI  8PR  [118 A6/114 A8]  TT;11.2;82;28;A8;118 A6/114 A8;100;866.25;525.28;8907375004805;;;;2026;0;36.500;0;;0;0;0;0;
MRL03208092TT;HLRD280G24006MR22;MRL;12.4 - 28  MRT 329 KIRTI  8PR  [123 A6/119 A8]  TT;12.4;82;28;A6;123 A6/119 A8;55;1014.91;612.5;8907375008049;;;;2026;0;44.500;0;;0;0;0;0;
MRL06214092TT;HLRD280G49006MR20;MRL;14.9 - 28  MRT 329 KIRTI  14PR  [136 A6/132 A8] TT;14.9;82;28;A6;136 A6/132 A8;19;1474.15;871.71;8907375015429;;;;2026;0;71.600;0;;0;0;0;0;
MRL06208092TT;HLRD280G49006MR21;MRL;14.9 - 28  MRT 329 KIRTI  8PR  [130 A6/126 A8]  TT;14.9;82;28;A6;130 A6/126 A8;100;1354.33;820.26;8907375015184;;;;2026;0;62.920;0;;0;0;0;0;
MRL08014092TT;HLRD280G69006MR20;MRL;16.9 - 28  MRT 329 KIRTI  14PR  [146 A6/142 A8]  TT;16.9;82;28;A6;146 A6/142 A8;7;1760.64;1043.6;8907375018062;;;;2026;0;87.500;0;;0;0;0;0;
MRL30508092TT;HLRD320D95006MR23;MRL;9.5 - 32  MRT 329 KIRTI  8PR  [116 A6/112 A8]  TT;9.5;82;32;A6;116 A6/112 A8;16;1036.61;622.3;8907375042937;;;;2026;0;33.400;0;;0;0;0;0;
MRL03308092TT;HLRD320G24006MR20;MRL;12.4 - 32  MRT 329 KIRTI  8PR  [125 A6/121 A8]  TT;12.4;82;32;A6;125 A6/121 A8;65;1272.83;769.3;8907375008582;;;;2026;0;48.700;0;;0;0;0;0;
MRL08214092TT;HLRD340G69006MR20;MRL;16.9 - 34  MRT 329 KIRTI  14PR  [146A6/142A8]  TT;16.9;82;34;A6;146A6/142A8;100;2092.19;1243.62;8907375018512;;;;2026;0;85.000;0;;0;0;0;0;
MRL09512092TT;HLRD340G84008MR20;MRL;18.4 - 34  MRT 329 KIRTI  12PR  [150 A6/146 A8]  TT;18.4;82;34;A8;150 A6/146 A8;32;2331.54;1386.7;8907375020911;;;;2026;0;104.000;0;;0;0;0;0;
MRL09514092TT;HLRD340G84008MR21;MRL;18.4 - 34  MRT 329 KIRTI  14PR  [154 A6/150 A8]  TT;18.4;82;34;A8;154 A6/150 A8;1;3208.07;1918.92;8907375021031;;;;2026;0;108.300;0;;0;0;0;0;
MRL07114092TT;HLRD380G55006MR22;MRL;15.5 - 38  MRT 329 KIRTI  14PR  [142 A6/138 A8]  TT;15.5;82;38;A6;142 A6/138 A8;73;1858.15;1112.3;8907375016716;;;;2026;0;75.100;0;;0;0;0;0;
MRL08314092TT;HLRD380G69006MR20;MRL;16.9 - 38  MRT 329 KIRTI  14PR  [148 A6/144 A8]  TT;16.9;82;38;A6;148 A6/144 A8;6;2356.55;1371.02;8907375018666;;;;2026;0;110.000;0;;0;0;0;0;
MRL09614092TT;HLRD380G84008MR23;MRL;18.4 - 38  MRT 329 KIRTI  14PR  [154 A6/150 A8]  TT;18.4;82;38;A8;154 A6/150 A8;27;2663.53;1586.62;8907375021215;;;;2026;0;121.200;0;;0;0;0;0;
MRL32500133TL;HLRR180280708FM70;MRL;280/70  R18  FARM MAXX 70 RRT 770  [114 A8/114 B]  TL;280;70;18;A8;114 A8/114 B;2;791.02;489.02;8907375047130;;;;2025;0;31.000;0;;0;0;0;0;
MRL41400133TL;HLRR20032070DFM70;MRL;320/70  R20  FARM MAXX 70 RRT 770  [123 D/126 A8]  TL;320;70;20;D;123 D/126 A8;9;1059.54;632.1;8907375055227;;;;2025,2026;0;38.100;0;;0;0;0;0;
MRL49100155TL;HLRR22550060DFL30;MRL;500/60  R22.5  FLR 335 SPOWER  [156 D/153 E]  TL  steel belted;500;60;22.5;D;156 D/153 E;19;2582.99;1459.22;8907375056200;;;;2025;0;96.000;0;;0;0;0;0;
MRL49100154TL;HLRR22550060DLR30;MRL;500/60  R22.5  X POWER FLR 333  [156 D/153 E]  TL  steel belted;500;60;22.5;D;156 D/153 E;9;2536.77;1469.02;8907375056194;;;;2025,2026;0;101.000;0;;0;0;0;0;
MRL37900155TL;HLRR22556060DFL30;MRL;560/60  R22.5  FLR 335 SPOWER  [165 D/162 E]  TL  steel belted;560;60;22.5;D;165 D/162 E;33;2860.36;1680.7;8907375053124;;;;2025;0;122.000;0;;0;0;0;0;
MRL49500155TL;HLRR22560050DFL30;MRL;600/50  R22.5  FLR 335 SPOWER  [162 D/159 E]  TL  steel belted;600;50;22.5;D;162 D/159 E;16;3192.29;1802.22;8907375056248;;;;2025;0;98.800;0;;0;0;0;0;
MRL49500154TL;HLRR22560050ELR30;MRL;600/50  R22.5  X POWER FLR 333  [159 E/162 D]  TL  steel belted;600;50;22.5;E;159 E/162 D;3;3047.08;1772.82;8907375056231;;;;2025;0;113.100;0;;0;0;0;0;
MRL13500134TL;HLRR240280858FR80;MRL;280/85  R24  (11.2  R24)  FARM SUPER 85 RRT 885  [115 A8/115 B]  TL;280;85;24;A8;115 A8/115 B;28;1024.33;620.34;8907375024759;;;;2026;0;43.700;0;;0;0;0;0;
MRL14900133TL;HLRR240320708FM71;MRL;320/70  R24  FARM MAXX 70 RRT 770  [116 A8/116 B]  TL;320;70;24;A8;116 A8/116 B;95;1197.36;703.64;8907375025657;;;;2025,2026;0;53.520;0;;0;0;0;0;
MRL56100188TL;HLRR24032085D50R0;MRL;320/85  R24  (12.4  R24)  FARM XTREME 85 RRT500  [122 D]  TL;320;85;24;D;122 D;17;1319.58;798.7;8907375057658;;;;2026;0;53.000;0;;0;0;0;0;
MRL54900188TL;HLRR24034085D50R0;MRL;340/85  R24  (13.6  R24)  FARM XTREME 85 RRT500  [125 D]  TL;340;85;24;D;125 D;3;1455.28;871.22;8907375057252;;;;2026;0;61.500;0;;0;0;0;0;
MRL16100133TL;HLRR240380708FM70;MRL;380/70  R24  FARM MAXX 70 RRT 770  [125 A8/125 B]  TL;380;70;24;A8;125 A8/125 B;14;1575.01;931.39;8907375026074;;;;2026;0;69.000;0;;0;0;0;0;
MRL18500133TL;HLRR240420708FM70;MRL;420/70  R24  FARM MAXX 70 RRT 770  [130 A8/130 B]  TL;420;70;24;A8;130 A8/130 B;92;1938.85;1155.42;8907375028382;;;;2026;0;83.000;0;;0;0;0;0;
MRL18700134TL;HLRR240420858FR80;MRL;420/85  R24  (16.9  R24)  FARM SUPER 85 RRT 885  [137 A8/137 B]  TL;420;85;24;A8;137 A8/137 B;3;2194.03;1302.42;8907375028443;;;;2025;0;95.000;0;;0;0;0;0;
MRL57300188TL;HLRR24042085D50R0;MRL;420/85  R24  (16.9  R24)  FARM XTREME 85 RRT500  [137 D]  TL;420;85;24;D;137 D;20;2215.97;1349.27;;;;;2026;0;93.000;0;;0;0;0;0;
MRL45700132TL;HLRR24048065DFX60;MRL;480/65  R24  FARM XTREME 65 RRT 665  [140 D/143 A8]  TL;480;65;24;D;140 D/143 A8;1;2350.5;1371.02;8907375055753;;;;2025;0;82.000;0;;0;0;0;0;
MRL45700200TL;HLRR24048065DFX61;MRL;480/65  R24  FARM XTREME 65 RRT500  [140 D/143 A8]  TL;480;65;24;D;140 D/143 A8;6;2392.67;1420.02;8907375057481;;;;2025;0;82.000;0;;0;0;0;0;
MRL42000155TL;HLRR26571050DFL30;MRL;710/50  R26.5  FLR 335 SPOWER  [172 D]  TL  steel belted;710;50;26.5;D;172 D;7;4695.04;2703.82;8907375056163;;;;2025;0;182.000;0;;0;0;0;0;
MRL42000154TL;HLRR26571050DLR30;MRL;710/50  R26.5  X POWER FLR 333  [172 D/169 E]  TL  steel belted;710;50;26.5;D;172 D/169 E;3;4649.9;2676.38;8907375055296;;;;2025;0;172.000;0;;0;0;0;0;
MRL13600134TL;HLRR280280858FR80;MRL;280/85  R28  (11.2  R28)  FARM SUPER 85 RRT 885  [118 A8/118 B]  TL;280;85;28;A8;118 A8/118 B;12;1186.4;704.62;8907375024780;;;;2026;0;50.700;0;;0;0;0;0;
MRL15200134TL;HLRR280320858FR80;MRL;320/85  R28  (12.4  R28)  FARM SUPER 85 RRT 885  [124 A8/124 B]  TL;320;85;28;A8;124 A8/124 B;15;1485.08;896.7;8907375025749;;;;2026;0;62.000;0;;0;0;0;0;
MRL60900188TL;HLRR28032085D50R0;MRL;320/85  R28  (12.4  R28)  FARM XTREME 85 RRT500  [124 D]  TL;320;85;28;D;124 D;14;1368.15;842.73;;;;;2026;0;62.000;0;;0;0;0;0;
MRL45500133TL;HLRR28036070DFM70;MRL;360/70  R28  FARM MAXX 70 RRT 770  [125 D/128 A8]  TL;360;70;28;D;125 D/128 A8;1;1668.09;1004.5;8907375055739;;;;2026;0;68.000;0;;0;0;0;0;
MRL16200133TL;HLRR280380708FM70;MRL;380/70  R28  FARM MAXX 70 RRT 770  [127 A8/127 B]  TL;380;70;28;A8;127 A8/127 B;12;1760.64;1043.7;8907375026104;;;;2026;0;72.000;0;;0;0;0;0;
MRL48000133TL;HLRR28038070DFM70;MRL;380/70  R28  FARM MAXX 70 RRT 770  [127 D/130 A8]  TL;380;70;28;D;127 D/130 A8;18;1813.91;1057.42;8907375056057;;;;2026;0;72.000;0;;0;0;0;0;
MRL58100188TL;HLRR28038085D50R0;MRL;380/85  R28  (14.9  R28)  FARM XTREME 85 RRT500  [133 D]  TL;380;85;28;D;133 D;100;2006.23;1194.62;8907375057887;;;;2026;0;83.000;0;;0;0;0;0;
MRL18600133TL;HLRR280420708FM70;MRL;420/70  R28  FARM MAXX 70 RRT 770  [133 A8/133 B]  TL;420;70;28;A8;133 A8/133 B;1;2220.23;1282.82;8907375028412;;;;2025;0;92.500;0;;0;0;0;0;
MRL48100133TL;HLRR28042070DFM70;MRL;420/70  R28  FARM MAXX 70 RRT 770  [133 D/136 A8]  TL;420;70;28;D;133 D/136 A8;59;2224;1318.1;8907375056064;;;;2026;0;92.500;0;;0;0;0;0;
MRL56500188TL;HLRR28042085D50R0;MRL;420/85  R28  (16.9  R28)  FARM XTREME 85 RRT500  [139 D]  TL;420;85;28;D;139 D;14;2400.88;1461.87;;;;;2026;0;101.000;0;;0;0;0;0;
MRL19800200TL;HLRR28048065D50R0;MRL;480/65  R28  FARM XTREME 65 RRT500  [142 D/145 A8]  TL;480;65;28;D;142 D/145 A8;3;2738.11;1625.82;8907375057382;;;;2026;0;90.500;0;;0;0;0;0;
MRL22800200TL;HLRR28054065DFX61;MRL;540/65  R28  FARM XTREME 65 RRT500  [149 D/152 A8]  TL;540;65;28;D;149 D/152 A8;2;3313.62;1982.06;8907375057399;;;;2026;0;122.000;0;;0;0;0;0;
MRL46300200TL;HLRR28060065D50R0;MRL;600/65  R28  FARM XTREME 65 RRT500  [154 D/157 A8]  TL;600;65;28;D;154 D/157 A8;2;3882.44;2278.5;8907375057511;;;;2026;0;133.000;0;;0;0;0;0;
MRL18900134TL;HLRR300420858FR80;MRL;420/85  R30  (16.9  R30)  FARM SUPER 85 RRT 885  [140 A8/140 B]  TL;420;85;30;A8;140 A8/140 B;17;2604.66;1494.5;8907375028504;;;;2025,2026;0;106.000;0;;0;0;0;0;
MRL22900200TL;HLRR30054065DFX61;MRL;540/65  R30  FARM XTREME 65 RRT500  [150 D/153 A8]  TL;540;65;30;D;150 D/153 A8;4;3340.7;2008.02;8907375057405;;;;2026;0;126.000;0;;0;0;0;0;
MRL46400132TL;HLRR30060065DFX60;MRL;600/65  R30  FARM XTREME 65 RRT 665  [155 D/158 A8]  TL;600;65;30;D;155 D/158 A8;1;4097.86;2272.62;8907375055821;;;;2024;0;159.000;0;;0;0;0;0;
MRL46400200TL;HLRR30060065DFX61;MRL;600/65  R30  FARM XTREME 65 RRT500  [155 D/158 A8]  TL;600;65;30;D;155 D/158 A8;3;4097.86;2380.42;8907375057528;;;;2025;0;159.000;0;;0;0;0;0;
MRL39800133TL;HLRR30060070DFM72;MRL;600/70  R30  FARM MAXX 70 RRT 770  [158 D/161 A8]  TL;600;70;30;D;158 D/161 A8;8;5589.36;3213.42;8907375054824;;;;2026;0;175.000;0;;0;0;0;0;
MRL12800130TL;HLRR320270958RC50;MRL;270/95  R32  (11.2  R32)  RC 950 SPRAYER  [136 A8/B/133 D]  TL;270;95;32;A8;136 A8/B/133 D;5;1495.37;904.86;8907375024544;;;;2026;0;57.000;0;;0;0;0;0;
MRL45200134TL;HLRR32032085DFR80;MRL;320/85  R32  FARM SUPER 85 RRT 885  [126 D/129 A8]  TL;320;85;32;D;126 D/129 A8;45;1522.91;926.1;8907375055708;;;;2026;0;67.000;0;;0;0;0;0;
MRL19000134TL;HLRR340420858FR80;MRL;420/85  R34  (16.9  R34)  FARM SUPER 85 RRT 885  [142 A8/142 B]  TL;420;85;34;A8;142 A8/142 B;2;2798.97;1665.02;8907375028535;;;;2026;0;122.000;0;;0;0;0;0;
MRL55200188TL;HLRR34042085D50R0;MRL;420/85  R34  (16.9  R34)  FARM XTREME 85 RRT500  [142 D]  TL;420;85;34;D;142 D;15;2826.96;1665.02;8907375057283;;;;2026;0;122.000;0;;0;0;0;0;
MRL20300133TL;HLRR340480708FM70;MRL;480/70  R34  FARM MAXX 70 RRT 770  [149 A8/149 B]  TL;480;70;34;A8;149 A8/149 B;10;3227.48;1887.19;8907375028894;;;;2026;0;134.000;0;;0;0;0;0;
MRL44200133TL;HLRR34048070DFM71;MRL;480/70  R34  FARM MAXX 70 RRT 770  [149 D/152 A8]  TL;480;70;34;D;149 D/152 A8;39;3227.48;1925.7;8907375055500;;;;2025,2026;0;142.000;0;;0;0;0;0;
MRL23000132TL;HLRR34054065DFX60;MRL;540/65  R34  FARM XTREME 65 RRT 665  [152 D/155 A8]  TL;540;65;34;D;152 D/155 A8;4;3895.27;2223.62;8907375031627;;;;2023,2024,2025;0;148.000;0;;0;0;0;0;
MRL23000200TL;HLRR34054065DFX61;MRL;540/65  R34  FARM XTREME 65 RRT500  [152 D/155 A8]  TL;540;65;34;D;152 D/155 A8;17;3882.44;2270.11;8907375057412;;;;2026;0;148.000;0;;0;0;0;0;
MRL46500200TL;HLRR34060065DFX61;MRL;600/65  R34  FARM XTREME 65 RRT500  [157 D/160 A8]  TL;600;65;34;D;157 D/160 A8;1;4785.33;2788.1;8907375057535;;;;2025;0;161.000;0;;0;0;0;0;
MRL12900130TL;HLRR360270958RC50;MRL;270/95  R36  (11.2  R36)  RC 950 SPRAYER  [139 A8/B/136 D]  TL;270;95;36;A8;139 A8/B/136 D;6;1654.64;994.7;8907375024575;;;;2025;0;62.000;0;;0;0;0;0;
MRL15800134TL;HLRR360340858FR80;MRL;340/85  R36  (13.6  R36)  FARM SUPER 85 RRT 885  [132 A8/132 B]  TL;340;85;36;A8;132 A8/132 B;2;2159.72;1282.82;8907375025985;;;;2026;0;85.000;0;;0;0;0;0;
MRL59200188TL;HLRR38042085D50R0;MRL;420/85  R38  (16.9  R38)  FARM XTREME 85 RRT500  [144 D]  TL;420;85;38;D;144 D;11;3246.44;1941.88;8907375058051;;;;2026;0;117.000;0;;0;0;0;0;
MRL54400188TL;HLRR38046085D50R0;MRL;460/85  R38  (18.4  R38)  FARM XTREME 85 RRT500  [149 D]  TL;460;85;38;D;149 D;40;3556.49;2165.5;8907375057207;;;;2026;0;155.000;0;;0;0;0;0;
MRL58900195TL;HLRR38052070D50R0;MRL;520/70  R38  FARM XTREME 70 RRT 500  [150 D/153 A8]  TL;520;70;38;D;150 D/153 A8;50;4108.52;2400.02;8907375058020;;;;2026;0;162.000;0;;0;0;0;0;
MRL23300133TL;HLRR380580708FM70;MRL;580/70  R38  FARM MAXX 70 RRT 770  [155 A8/155 B]  TL;580;70;38;A8;155 A8/155 B;13;5128.43;2998.66;8907375031740;;;;2026;0;184.700;0;;0;0;0;0;
MRL25900200TL;HLRR38060065DFX61;MRL;600/65  R38  FARM XTREME 65 RRT500  [159 D/162 A8]  TL;600;65;38;D;159 D/162 A8;4;5254.83;3027.22;8907375057429;;;;2026;0;167.000;0;;0;0;0;0;
MRL26100200TL;HLRR38065065DFX67;MRL;650/65  R38  FARM XTREME 65 RRT500  [163 D/166 A8]  TL;650;65;38;D;163 D/166 A8;16;6085.5;3478.02;8907375057436;;;;2026;0;201.300;0;;0;0;0;0;
MRL27700133TL;HLRR380710708FM70;MRL;710/70  R38  FARM MAXX 70 RRT 770  [175 A8/172 D]  TL;710;70;38;A8;175 A8/172 D;4;8189.23;4663.82;8907375039937;;;;2026;0;283.600;0;;0;0;0;0;
MRL60300195TL;HLRR38071070D50R0;MRL;710/70  R38  FARM XTREME 70 RRT500  [172 D]  TL;710;70;38;D;172 D;4;8684.68;4946.84;;;;;2026;0;290.000;0;;0;0;0;0;
MRL36100133TL;HLRR38071070DFM70;MRL;710/70  R38  FARM MAXX 70 RRT 770  [178 D/181 A8]  TL;710;70;38;D;178 D/181 A8;2;8721.94;4957.82;8907375051199;;;;2026;0;294.000;0;;0;0;0;0;
MRL26200132TL;HLRR42065065DFX60;MRL;650/65  R42  FARM XTREME 65 RRT 665  [165 D/168 A8]  TL;650;65;42;D;165 D/168 A8;1;6950.66;3772.02;8907375035229;;;;2025;0;230.000;0;;0;0;0;0;
MRL26200200TL;HLRR42065065DFX63;MRL;650/65  R42  FARM XTREME 65 RRT500  [165 D/168 A8]  TL;650;65;42;D;165 D/168 A8;30;6861.98;3958.22;8907375057443;;;;2026;0;230.000;0;;0;0;0;0;
MRL36000133TL;HLRR420710708FM70;MRL;710/70  R42  FARM MAXX 70 RRT 770  [176 A8/173 D]  TL;710;70;42;A8;176 A8/173 D;2;9315.45;5194.39;8907375051182;;;;2025;0;342.000;0;;0;0;0;0;
MRL12300130TL;HLRR480230958RC50;MRL;230/95  R48  (9.5  R48)  RC 950 SPRAYER  [137 A8/B/134 D]  TL;230;95;48;A8;137 A8/B/134 D;3;1805.79;1092.7;8907375023974;;;;2026;0;60.000;0;;0;0;0;0;
MRL13300130TL;HLRR480270958RC50;MRL;270/95  R48  (11.2  R48)  RC 950 SPRAYER  [145 A8/B/142 D]  TL;270;95;48;A8;145 A8/B/142 D;2;2176.69;1302;8907375024698;;;;2026;0;70.200;0;;0;0;0;0;
MRL39600130TL;HLRR48034085DRC50;MRL;340/85  R48  (13.6  R48)  RC 950 SPRAYER  [151 D/154 A8]  TL;340;85;48;D;151 D/154 A8;8;3430.99;2027.62;8907375026012;;;;2026;0;116.000;0;;0;0;0;0;
5903317029489;HPPR225315708HWS0;Bie¿nikowane Profil;315/70  R22.5  HW SUPER  [154 A8];315;70;22.5;A8;154 A8;2;747.64;704.62;5903317029489;;;;2026;0;68.400;0;;0;0;0;0;
5903317024699;HPPR225315808HWS0;Bie¿nikowane Profil;315/80  R22.5  HW SUPER  [156/150] A8;315;80;22.5;A8;156/150;13;747.64;718.04;5903317024699;;;;2025,2026;0;70.100;0;;0;0;0;0;
;IMCR22529580L12M0;Mirage;295/80  R22.5  MG121  20PR  [154/149] L  M+S  3PMSF /prowadzšca;295;80;22.5;L;154/149;100;1015.3;681.1;8935355525354;D;C;73dB;2026;0;60.100;0;B;1;0;2040732;0;
100M0132;IMCR22529580M6280;Mirage;295/80  R22.5  MG628  18PR  [152/149] M  M+S  3PMSF /napêd;295;80;22.5;M;152/149;100;1040;694.82;6920758661459;D;C;73dB;2026;0;60.100;0;B;0;0;0;0;
;IMCR22531570L12M2;Mirage;315/70  R22.5  MG121  20PR  [156/150] L  M+S /prowadzšca;315;70;22.5;L;156/150;100;967.2;665.42;8935355525361;D;C;73dB;2026;0;59.100;0;B;0;0;2040749;0;
100M0138;IMCR22531570L6380;Mirage;315/70  R22.5  MG638  20PR  [154/150] L  M+S  3PMSF /napêd;315;70;22.5;L;154/150;100;1001.3;685.02;8935355525095;D;C;73dB;2026;0;59.100;0;B;1;0;0;0;
;IMCR22531580L12M1;Mirage;315/80  R22.5  MG121  20PR  158/150L(154/150M)  M+S  3PMSF /prowadzšca;315;80;22.5;L;;90;1129.1;759.5;8935355525347;D;C;73dB;2026;0;64.900;0;B;1;0;2040770;0;
100M0150;IMCR22531580L6380;Mirage;315/80  R22.5  MG638  20PR  156/152L(154/151M)  M+S  3PMSF /napêd;315;80;22.5;L;;100;1216.6;808.5;6920758661633;D;C;73dB;2026;0;64.900;0;B;1;0;0;0;
100M0148;IMCR22531580L7680;Mirage;315/80  R22.5  MG768  20PR  [156/152] L  M+S /napêd budowlany;315;80;22.5;L;156/152;100;1217.4;812.42;8935355525064;C;C;73dB;2026;0;64.900;0;B;0;0;0;0;
;IMCR22531580LMG00;Mirage;315/80  R22.5  MG011  20PR  [156/152] L  M+S /prowadzšca budowlana;315;80;22.5;L;156/152;100;1113.6;749.7;8935355525118;C;D;73dB;2026;0;64.900;0;B;0;0;1974701;0;
;IMCR22538565K0221;Mirage;385/65  R22.5  MG022  24PR  [164K/158L]  M+S  3PMSF /naczepa;385;65;22.5;K;164K/158L;100;1236.7;851.62;8935355526474;D;C;73dB;2026;0;71.500;0;B;1;0;1992811;0;
;IMCR225F3000G7021;Mirage;13  R22.5  MG702  20PR  [156/152] L  M+S /prowadzšca budowlana;13;82;22.5;G;156/152;100;1229.8;818.3;8935355525132;D;C;73dB;2026;0;72.300;0;B;0;0;1992793;0;
100M0103;IMCR225F3000G7680;Mirage;13  R22.5  MG768  20PR  [156/152] L  M+S /napêd budowlany;13;82;22.5;G;156/152;100;1258.4;847.7;6920758661152;C;C;73dB;2026;0;72.300;0;B;0;0;0;0;
DET024;KADC120700TR15001;Kabat;DÊTKA 7.00 - 12 TR-15;700;;12;A1;;94;68.32;42.39;5901765011193;;;;;0;1.140;0;;0;0;0;0;
DET024;KADC120700TR15001;Kabat;DÊTKA 7.00 - 12 TR-15;700;;12;A1;;14;68.32;42.39;5901765011193;;;;;0;1.140;0;;0;0;0;0;
DET024;KADC120700TR15001;Kabat;DÊTKA 7.00 - 12 TR-15;700;;12;A1;;6;68.32;42.39;5901765011193;;;;;0;1.140;0;;0;0;0;0;
DET024;KADC120700TR15001;Kabat;DÊTKA 7.00 - 12 TR-15;700;;12;A1;;1;68.32;42.39;5901765011193;;;;;0;1.140;0;;0;0;0;0;
DET024;KADC120700TR15001;Kabat;DÊTKA 7.00 - 12 TR-15;700;;12;A1;;2;68.32;42.39;5901765011193;;;;;0;1.140;0;;0;0;0;0;
DET024;KADC120700TR15001;Kabat;DÊTKA 7.00 - 12 TR-15;700;;12;A1;;4;68.32;42.39;5901765011193;;;;;0;1.140;0;;0;0;0;0;
DET024;KADC120700TR15001;Kabat;DÊTKA 7.00 - 12 TR-15;700;;12;A1;;100;68.32;42.39;5901765011193;;;;;0;1.140;0;;0;0;0;0;
DET024;KADC120700TR15001;Kabat;DÊTKA 7.00 - 12 TR-15;700;;12;A1;;1;68.32;42.39;5901765011193;;;;;0;1.140;0;;0;0;0;0;
DET024;KADC120700TR15001;Kabat;DÊTKA 7.00 - 12 TR-15;700;;12;A1;;12;68.32;42.39;5901765011193;;;;;0;1.140;0;;0;0;0;0;
DET024;KADC120700TR15001;Kabat;DÊTKA 7.00 - 12 TR-15;700;;12;A1;;68;68.32;42.39;5901765011193;;;;;0;1.140;0;;0;0;0;0;
DET024;KADC120700TR15001;Kabat;DÊTKA 7.00 - 12 TR-15;700;;12;A1;;12;68.32;42.39;5901765011193;;;;;0;1.140;0;;0;0;0;0;
DET024;KADC120700TR15001;Kabat;DÊTKA 7.00 - 12 TR-15;700;;12;A1;;7;68.32;42.39;5901765011193;;;;;0;1.140;0;;0;0;0;0;
DEC314;KADC15010000V3028;Kabat;DÊTKA 10.00 - 15  V3.02.8;100;82;15;V;;50;102.5;62.92;5901765002764;;;;;0;2.100;0;;0;0;0;0;
DEC314;KADC15010000V3028;Kabat;DÊTKA 10.00 - 15  V3.02.8;100;82;15;V;;50;102.5;62.92;5901765002764;;;;;0;2.100;0;;0;0;0;0;
DEC051;KADC15012560V3025;Kabat;DÊTKA 12.5/60 - 15  V3.02.5;125;60;15;V;;2;116.65;71.61;5901765000456;;;;;0;3.590;0;;0;0;0;0;
DEC051;KADC15012560V3025;Kabat;DÊTKA 12.5/60 - 15  V3.02.5;125;60;15;V;;0;116.65;71.61;5901765000456;;;;;0;3.590;0;;0;0;0;0;
DEC051;KADC15012560V3025;Kabat;DÊTKA 12.5/60 - 15  V3.02.5;125;60;15;V;;51;116.65;71.61;5901765000456;;;;;0;3.590;0;;0;0;0;0;
DEC051;KADC15012560V3025;Kabat;DÊTKA 12.5/60 - 15  V3.02.5;125;60;15;V;;8;116.65;71.61;5901765000456;;;;;0;3.590;0;;0;0;0;0;
DEC051;KADC15012560V3025;Kabat;DÊTKA 12.5/60 - 15  V3.02.5;125;60;15;V;;1;116.65;71.61;5901765000456;;;;;0;3.590;0;;0;0;0;0;
DEC051;KADC15012560V3025;Kabat;DÊTKA 12.5/60 - 15  V3.02.5;125;60;15;V;;4;116.65;71.61;5901765000456;;;;;0;3.590;0;;0;0;0;0;
DEC051;KADC15012560V3025;Kabat;DÊTKA 12.5/60 - 15  V3.02.5;125;60;15;V;;26;116.65;71.61;5901765000456;;;;;0;3.590;0;;0;0;0;0;
DEC051;KADC15012560V3025;Kabat;DÊTKA 12.5/60 - 15  V3.02.5;125;60;15;V;;35;116.65;71.61;5901765000456;;;;;0;3.590;0;;0;0;0;0;
DEC051;KADC15012560V3025;Kabat;DÊTKA 12.5/60 - 15  V3.02.5;125;60;15;V;;1;116.65;71.61;5901765000456;;;;;0;3.590;0;;0;0;0;0;
DEC051;KADC15012560V3025;Kabat;DÊTKA 12.5/60 - 15  V3.02.5;125;60;15;V;;2;116.65;71.61;5901765000456;;;;;0;3.590;0;;0;0;0;0;
DEC051;KADC15012560V3025;Kabat;DÊTKA 12.5/60 - 15  V3.02.5;125;60;15;V;;4;116.65;71.61;5901765000456;;;;;0;3.590;0;;0;0;0;0;
DEC051;KADC15012560V3025;Kabat;DÊTKA 12.5/60 - 15  V3.02.5;125;60;15;V;;3;116.65;71.61;5901765000456;;;;;0;3.590;0;;0;0;0;0;
DEC030;KADC15082500TR75A;Kabat;DÊTKA 8.25 - 15  TR-75A;8.25;82;15;T;;19;90.91;55.8;5901765000272;;;;;0;2.660;0;;0;0;0;0;
DEC030;KADC15082500TR75A;Kabat;DÊTKA 8.25 - 15  TR-75A;8.25;82;15;T;;18;90.91;55.8;5901765000272;;;;;0;2.660;0;;0;0;0;0;
DEC030;KADC15082500TR75A;Kabat;DÊTKA 8.25 - 15  TR-75A;8.25;82;15;T;;18;90.91;55.8;5901765000272;;;;;0;2.660;0;;0;0;0;0;
DEC030;KADC15082500TR75A;Kabat;DÊTKA 8.25 - 15  TR-75A;8.25;82;15;T;;1;90.91;55.8;5901765000272;;;;;0;2.660;0;;0;0;0;0;
;KADC15082500V3020;Kabat;DÊTKA 8.25 - 15  V3.02.8;8.25;82;15;V;;0;87.41;56.41;;;;;;0;2.100;0;;0;0;0;0;
DEC004;KADC15082500V3028;Kabat;DÊTKA 8.25 - 15  V3.02.8;8.25;82;15;V;;26;90.91;56.41;5901765000036;;;;;0;1.660;0;;0;0;0;0;
DEC004;KADC15082500V3028;Kabat;DÊTKA 8.25 - 15  V3.02.8;8.25;82;15;V;;20;90.91;56.41;5901765000036;;;;;0;1.660;0;;0;0;0;0;
DEC004;KADC15082500V3028;Kabat;DÊTKA 8.25 - 15  V3.02.8;8.25;82;15;V;;100;90.91;56.41;5901765000036;;;;;0;1.660;0;;0;0;0;0;
DEC004;KADC15082500V3028;Kabat;DÊTKA 8.25 - 15  V3.02.8;8.25;82;15;V;;8;90.91;56.41;5901765000036;;;;;0;1.660;0;;0;0;0;0;
DEC004;KADC15082500V3028;Kabat;DÊTKA 8.25 - 15  V3.02.8;8.25;82;15;V;;100;90.91;56.41;5901765000036;;;;;0;1.660;0;;0;0;0;0;
DEC004;KADC15082500V3028;Kabat;DÊTKA 8.25 - 15  V3.02.8;8.25;82;15;V;;12;90.91;56.41;5901765000036;;;;;0;1.660;0;;0;0;0;0;
DEC004;KADC15082500V3028;Kabat;DÊTKA 8.25 - 15  V3.02.8;8.25;82;15;V;;3;90.91;56.41;5901765000036;;;;;0;1.660;0;;0;0;0;0;
DEC004;KADC15082500V3028;Kabat;DÊTKA 8.25 - 15  V3.02.8;8.25;82;15;V;;8;90.91;56.41;5901765000036;;;;;0;1.660;0;;0;0;0;0;
DEC004;KADC15082500V3028;Kabat;DÊTKA 8.25 - 15  V3.02.8;8.25;82;15;V;;3;90.91;56.41;5901765000036;;;;;0;1.660;0;;0;0;0;0;
DEC004;KADC15082500V3028;Kabat;DÊTKA 8.25 - 15  V3.02.8;8.25;82;15;V;;40;90.91;56.41;5901765000036;;;;;0;1.660;0;;0;0;0;0;
DEC004;KADC15082500V3028;Kabat;DÊTKA 8.25 - 15  V3.02.8;8.25;82;15;V;;14;90.91;56.41;5901765000036;;;;;0;1.660;0;;0;0;0;0;
DEC004;KADC15082500V3028;Kabat;DÊTKA 8.25 - 15  V3.02.8;8.25;82;15;V;;14;90.91;56.41;5901765000036;;;;;0;1.660;0;;0;0;0;0;
DEC004;KADC15082500V3028;Kabat;DÊTKA 8.25 - 15  V3.02.8;8.25;82;15;V;;100;90.91;56.41;5901765000036;;;;;0;1.660;0;;0;0;0;0;
DEC004;KADC15082500V3028;Kabat;DÊTKA 8.25 - 15  V3.02.8;8.25;82;15;V;;11;90.91;56.41;5901765000036;;;;;0;1.660;0;;0;0;0;0;
DEC004;KADC15082500V3028;Kabat;DÊTKA 8.25 - 15  V3.02.8;8.25;82;15;V;;22;90.91;56.41;5901765000036;;;;;0;1.660;0;;0;0;0;0;
DEC004;KADC15082500V3028;Kabat;DÊTKA 8.25 - 15  V3.02.8;8.25;82;15;V;;23;90.91;56.41;5901765000036;;;;;0;1.660;0;;0;0;0;0;
DEC004;KADC15082500V3028;Kabat;DÊTKA 8.25 - 15  V3.02.8;8.25;82;15;V;;10;90.91;56.41;5901765000036;;;;;0;1.660;0;;0;0;0;0;
DEC085;KADC16012000V3041;Kabat;DÊTKA 12.00 - 16  V3.04.10;120;82;16;V;;1;116.46;72.27;5901765000715;;;;;0;4.210;0;;0;0;0;0;
DEC085;KADC16012000V3041;Kabat;DÊTKA 12.00 - 16  V3.04.10;120;82;16;V;;32;116.46;72.27;5901765000715;;;;;0;4.210;0;;0;0;0;0;
DEC085;KADC16012000V3041;Kabat;DÊTKA 12.00 - 16  V3.04.10;120;82;16;V;;1;116.46;72.27;5901765000715;;;;;0;4.210;0;;0;0;0;0;
DEC085;KADC16012000V3041;Kabat;DÊTKA 12.00 - 16  V3.04.10;120;82;16;V;;5;116.46;72.27;5901765000715;;;;;0;4.210;0;;0;0;0;0;
DEC085;KADC16012000V3041;Kabat;DÊTKA 12.00 - 16  V3.04.10;120;82;16;V;;5;116.46;72.27;5901765000715;;;;;0;4.210;0;;0;0;0;0;
DEC085;KADC16012000V3041;Kabat;DÊTKA 12.00 - 16  V3.04.10;120;82;16;V;;15;116.46;72.27;5901765000715;;;;;0;4.210;0;;0;0;0;0;
DEC085;KADC16012000V3041;Kabat;DÊTKA 12.00 - 16  V3.04.10;120;82;16;V;;4;116.46;72.27;5901765000715;;;;;0;4.210;0;;0;0;0;0;
DEC085;KADC16012000V3041;Kabat;DÊTKA 12.00 - 16  V3.04.10;120;82;16;V;;11;116.46;72.27;5901765000715;;;;;0;4.210;0;;0;0;0;0;
DEC085;KADC16012000V3041;Kabat;DÊTKA 12.00 - 16  V3.04.10;120;82;16;V;;4;116.46;72.27;5901765000715;;;;;0;4.210;0;;0;0;0;0;
DEC085;KADC16012000V3041;Kabat;DÊTKA 12.00 - 16  V3.04.10;120;82;16;V;;1;116.46;72.27;5901765000715;;;;;0;4.210;0;;0;0;0;0;
DEC086;KADC16013000V3028;Kabat;DÊTKA 13.00 - 16  V3.04.10;130;82;16;V;;5;117.77;72.29;5901765000722;;;;;0;4.210;0;;0;0;0;0;
DEC086;KADC16013000V3028;Kabat;DÊTKA 13.00 - 16  V3.04.10;130;82;16;V;;9;117.77;72.29;5901765000722;;;;;0;4.210;0;;0;0;0;0;
DEC086;KADC16013000V3028;Kabat;DÊTKA 13.00 - 16  V3.04.10;130;82;16;V;;4;117.77;72.29;5901765000722;;;;;0;4.210;0;;0;0;0;0;
DEC086;KADC16013000V3028;Kabat;DÊTKA 13.00 - 16  V3.04.10;130;82;16;V;;2;117.77;72.29;5901765000722;;;;;0;4.210;0;;0;0;0;0;
DEC086;KADC16013000V3028;Kabat;DÊTKA 13.00 - 16  V3.04.10;130;82;16;V;;1;117.77;72.29;5901765000722;;;;;0;4.210;0;;0;0;0;0;
DEC086;KADC16013000V3028;Kabat;DÊTKA 13.00 - 16  V3.04.10;130;82;16;V;;16;117.77;72.29;5901765000722;;;;;0;4.210;0;;0;0;0;0;
DEC086;KADC16013000V3028;Kabat;DÊTKA 13.00 - 16  V3.04.10;130;82;16;V;;4;117.77;72.29;5901765000722;;;;;0;4.210;0;;0;0;0;0;
DEC003;KADC16070000V3021;Kabat;DÊTKA 7.00/7.50 - 16  V3.02.18;700;82;16;V;;1;85.68;53.17;5901765000029;;;;;0;1.560;0;;0;0;0;0;
DEC003;KADC16070000V3021;Kabat;DÊTKA 7.00/7.50 - 16  V3.02.18;700;82;16;V;;8;85.68;53.17;5901765000029;;;;;0;1.560;0;;0;0;0;0;
DEC003;KADC16070000V3021;Kabat;DÊTKA 7.00/7.50 - 16  V3.02.18;700;82;16;V;;26;85.68;53.17;5901765000029;;;;;0;1.560;0;;0;0;0;0;
DEC003;KADC16070000V3021;Kabat;DÊTKA 7.00/7.50 - 16  V3.02.18;700;82;16;V;;6;85.68;53.17;5901765000029;;;;;0;1.560;0;;0;0;0;0;
DEC003;KADC16070000V3021;Kabat;DÊTKA 7.00/7.50 - 16  V3.02.18;700;82;16;V;;13;85.68;53.17;5901765000029;;;;;0;1.560;0;;0;0;0;0;
DEC003;KADC16070000V3021;Kabat;DÊTKA 7.00/7.50 - 16  V3.02.18;700;82;16;V;;4;85.68;53.17;5901765000029;;;;;0;1.560;0;;0;0;0;0;
DEC003;KADC16070000V3021;Kabat;DÊTKA 7.00/7.50 - 16  V3.02.18;700;82;16;V;;4;85.68;53.17;5901765000029;;;;;0;1.560;0;;0;0;0;0;
DEC003;KADC16070000V3021;Kabat;DÊTKA 7.00/7.50 - 16  V3.02.18;700;82;16;V;;3;85.68;53.17;5901765000029;;;;;0;1.560;0;;0;0;0;0;
DEC003;KADC16070000V3021;Kabat;DÊTKA 7.00/7.50 - 16  V3.02.18;700;82;16;V;;5;85.68;53.17;5901765000029;;;;;0;1.560;0;;0;0;0;0;
DEC003;KADC16070000V3021;Kabat;DÊTKA 7.00/7.50 - 16  V3.02.18;700;82;16;V;;3;85.68;53.17;5901765000029;;;;;0;1.560;0;;0;0;0;0;
DEC003;KADC16070000V3021;Kabat;DÊTKA 7.00/7.50 - 16  V3.02.18;700;82;16;V;;36;85.68;53.17;5901765000029;;;;;0;1.560;0;;0;0;0;0;
DEC003;KADC16070000V3021;Kabat;DÊTKA 7.00/7.50 - 16  V3.02.18;700;82;16;V;;4;85.68;53.17;5901765000029;;;;;0;1.560;0;;0;0;0;0;
DEC003;KADC16070000V3021;Kabat;DÊTKA 7.00/7.50 - 16  V3.02.18;700;82;16;V;;2;85.68;53.17;5901765000029;;;;;0;1.560;0;;0;0;0;0;
DEC003;KADC16070000V3021;Kabat;DÊTKA 7.00/7.50 - 16  V3.02.18;700;82;16;V;;79;85.68;53.17;5901765000029;;;;;0;1.560;0;;0;0;0;0;
DEC102;KADC1607000V30280;Kabat;DÊTKA 7.00/7.50 - 16  V3.02.8;700;;16;A3;;14;82.38;51.94;5901765000869;;;;;0;1.560;0;;0;0;0;0;
DEC102;KADC1607000V30280;Kabat;DÊTKA 7.00/7.50 - 16  V3.02.8;700;;16;A3;;26;82.38;51.94;5901765000869;;;;;0;1.560;0;;0;0;0;0;
DEC102;KADC1607000V30280;Kabat;DÊTKA 7.00/7.50 - 16  V3.02.8;700;;16;A3;;11;82.38;51.94;5901765000869;;;;;0;1.560;0;;0;0;0;0;
DEC102;KADC1607000V30280;Kabat;DÊTKA 7.00/7.50 - 16  V3.02.8;700;;16;A3;;1;82.38;51.94;5901765000869;;;;;0;1.560;0;;0;0;0;0;
DEC102;KADC1607000V30280;Kabat;DÊTKA 7.00/7.50 - 16  V3.02.8;700;;16;A3;;14;82.38;51.94;5901765000869;;;;;0;1.560;0;;0;0;0;0;
DEC079;KADC16082500V3028;Kabat;DÊTKA 8.25 - 16  V3.02.8;8.25;82;16;V;;2;94.04;58.36;5901765000678;;;;;0;1.820;0;;0;0;0;0;
DEC079;KADC16082500V3028;Kabat;DÊTKA 8.25 - 16  V3.02.8;8.25;82;16;V;;8;94.04;58.36;5901765000678;;;;;0;1.820;0;;0;0;0;0;
DEC079;KADC16082500V3028;Kabat;DÊTKA 8.25 - 16  V3.02.8;8.25;82;16;V;;8;94.04;58.36;5901765000678;;;;;0;1.820;0;;0;0;0;0;
DEC079;KADC16082500V3028;Kabat;DÊTKA 8.25 - 16  V3.02.8;8.25;82;16;V;;3;94.04;58.36;5901765000678;;;;;0;1.820;0;;0;0;0;0;
DEC079;KADC16082500V3028;Kabat;DÊTKA 8.25 - 16  V3.02.8;8.25;82;16;V;;1;94.04;58.36;5901765000678;;;;;0;1.820;0;;0;0;0;0;
DEC079;KADC16082500V3028;Kabat;DÊTKA 8.25 - 16  V3.02.8;8.25;82;16;V;;4;94.04;58.36;5901765000678;;;;;0;1.820;0;;0;0;0;0;
DEC079;KADC16082500V3028;Kabat;DÊTKA 8.25 - 16  V3.02.8;8.25;82;16;V;;0;94.04;58.36;5901765000678;;;;;0;1.820;0;;0;0;0;0;
DEC079;KADC16082500V3028;Kabat;DÊTKA 8.25 - 16  V3.02.8;8.25;82;16;V;;18;94.04;58.36;5901765000678;;;;;0;1.820;0;;0;0;0;0;
DEC006;KADC16090000V3028;Kabat;DÊTKA 9.00 - 16  V3.02.8;900;82;16;V;;66;104.05;64.56;5901765000050;;;;;0;2.200;0;;0;0;0;0;
DEC006;KADC16090000V3028;Kabat;DÊTKA 9.00 - 16  V3.02.8;900;82;16;V;;6;104.05;64.56;5901765000050;;;;;0;2.200;0;;0;0;0;0;
DEC006;KADC16090000V3028;Kabat;DÊTKA 9.00 - 16  V3.02.8;900;82;16;V;;1;104.05;64.56;5901765000050;;;;;0;2.200;0;;0;0;0;0;
DEC006;KADC16090000V3028;Kabat;DÊTKA 9.00 - 16  V3.02.8;900;82;16;V;;25;104.05;64.56;5901765000050;;;;;0;2.200;0;;0;0;0;0;
DEC006;KADC16090000V3028;Kabat;DÊTKA 9.00 - 16  V3.02.8;900;82;16;V;;16;104.05;64.56;5901765000050;;;;;0;2.200;0;;0;0;0;0;
DEC006;KADC16090000V3028;Kabat;DÊTKA 9.00 - 16  V3.02.8;900;82;16;V;;1;104.05;64.56;5901765000050;;;;;0;2.200;0;;0;0;0;0;
DEC006;KADC16090000V3028;Kabat;DÊTKA 9.00 - 16  V3.02.8;900;82;16;V;;25;104.05;64.56;5901765000050;;;;;0;2.200;0;;0;0;0;0;
DEC006;KADC16090000V3028;Kabat;DÊTKA 9.00 - 16  V3.02.8;900;82;16;V;;7;104.05;64.56;5901765000050;;;;;0;2.200;0;;0;0;0;0;
DEC006;KADC16090000V3028;Kabat;DÊTKA 9.00 - 16  V3.02.8;900;82;16;V;;10;104.05;64.56;5901765000050;;;;;0;2.200;0;;0;0;0;0;
DEC336;KADC1758500VS3211;Kabat;DÊTKA 8.5 R 17.5  VS3.21.1;850;;17.5;S;;0;91.67;60.24;5901765002979;;;;;0;1.710;0;;0;0;0;0;
DEC014;KADC18012000V3028;Kabat;DÊTKA 12.00 - 18  V3.02.8;120;82;18;V;;3;157.74;97.88;5901765000128;;;;;0;3.510;0;;0;0;0;0;
DEC014;KADC18012000V3028;Kabat;DÊTKA 12.00 - 18  V3.02.8;120;82;18;V;;75;157.74;97.88;5901765000128;;;;;0;3.510;0;;0;0;0;0;
DEC014;KADC18012000V3028;Kabat;DÊTKA 12.00 - 18  V3.02.8;120;82;18;V;;1;157.74;97.88;5901765000128;;;;;0;3.510;0;;0;0;0;0;
DEC014;KADC18012000V3028;Kabat;DÊTKA 12.00 - 18  V3.02.8;120;82;18;V;;4;157.74;97.88;5901765000128;;;;;0;3.510;0;;0;0;0;0;
DEC014;KADC18012000V3028;Kabat;DÊTKA 12.00 - 18  V3.02.8;120;82;18;V;;2;157.74;97.88;5901765000128;;;;;0;3.510;0;;0;0;0;0;
DEC014;KADC18012000V3028;Kabat;DÊTKA 12.00 - 18  V3.02.8;120;82;18;V;;5;157.74;97.88;5901765000128;;;;;0;3.510;0;;0;0;0;0;
DEC014;KADC18012000V3028;Kabat;DÊTKA 12.00 - 18  V3.02.8;120;82;18;V;;5;157.74;97.88;5901765000128;;;;;0;3.510;0;;0;0;0;0;
DEC014;KADC18012000V3028;Kabat;DÊTKA 12.00 - 18  V3.02.8;120;82;18;V;;4;157.74;97.88;5901765000128;;;;;0;3.510;0;;0;0;0;0;
DEC014;KADC18012000V3028;Kabat;DÊTKA 12.00 - 18  V3.02.8;120;82;18;V;;3;157.74;97.88;5901765000128;;;;;0;3.510;0;;0;0;0;0;
DEC014;KADC18012000V3028;Kabat;DÊTKA 12.00 - 18  V3.02.8;120;82;18;V;;47;157.74;97.88;5901765000128;;;;;0;3.510;0;;0;0;0;0;
DEC014;KADC18012000V3028;Kabat;DÊTKA 12.00 - 18  V3.02.8;120;82;18;V;;32;157.74;97.88;5901765000128;;;;;0;3.510;0;;0;0;0;0;
DEC014;KADC18012000V3028;Kabat;DÊTKA 12.00 - 18  V3.02.8;120;82;18;V;;11;157.74;97.88;5901765000128;;;;;0;3.510;0;;0;0;0;0;
DEC014;KADC18012000V3028;Kabat;DÊTKA 12.00 - 18  V3.02.8;120;82;18;V;;5;157.74;97.88;5901765000128;;;;;0;3.510;0;;0;0;0;0;
DEC244;KADC18013000PK5A0;Kabat;DÊTKA 13.00 - 18  PK-5A;130;82;18;P;;2;340.43;208.98;5901765002085;;;;;0;4.210;0;;0;0;0;0;
DEC244;KADC18013000PK5A0;Kabat;DÊTKA 13.00 - 18  PK-5A;130;82;18;P;;1;340.43;208.98;5901765002085;;;;;0;4.210;0;;0;0;0;0;
DEC244;KADC18013000PK5A0;Kabat;DÊTKA 13.00 - 18  PK-5A;130;82;18;P;;2;340.43;208.98;5901765002085;;;;;0;4.210;0;;0;0;0;0;
DEC244;KADC18013000PK5A0;Kabat;DÊTKA 13.00 - 18  PK-5A;130;82;18;P;;1;340.43;208.98;5901765002085;;;;;0;4.210;0;;0;0;0;0;
DEC015;KADC18013000V3028;Kabat;DÊTKA 13.00 - 18  V3.02.8;130;82;18;V;;17;206.49;126.75;5901765000135;;;;;0;4.210;0;;0;0;0;0;
DEC015;KADC18013000V3028;Kabat;DÊTKA 13.00 - 18  V3.02.8;130;82;18;V;;10;206.49;126.75;5901765000135;;;;;0;4.210;0;;0;0;0;0;
DEC015;KADC18013000V3028;Kabat;DÊTKA 13.00 - 18  V3.02.8;130;82;18;V;;6;206.49;126.75;5901765000135;;;;;0;4.210;0;;0;0;0;0;
DEC015;KADC18013000V3028;Kabat;DÊTKA 13.00 - 18  V3.02.8;130;82;18;V;;37;206.49;126.75;5901765000135;;;;;0;4.210;0;;0;0;0;0;
DEC015;KADC18013000V3028;Kabat;DÊTKA 13.00 - 18  V3.02.8;130;82;18;V;;3;206.49;126.75;5901765000135;;;;;0;4.210;0;;0;0;0;0;
DEC015;KADC18013000V3028;Kabat;DÊTKA 13.00 - 18  V3.02.8;130;82;18;V;;20;206.49;126.75;5901765000135;;;;;0;4.210;0;;0;0;0;0;
DEC015;KADC18013000V3028;Kabat;DÊTKA 13.00 - 18  V3.02.8;130;82;18;V;;1;206.49;126.75;5901765000135;;;;;0;4.210;0;;0;0;0;0;
DEC178;KADC180165700TR15;Kabat;DÊTKA 16.5/70 - 18  TR-15;165;70;18;0;;2;185.2;114.92;5901765001545;;;;;0;4.210;0;;0;0;0;0;
DEC178;KADC180165700TR15;Kabat;DÊTKA 16.5/70 - 18  TR-15;165;70;18;0;;49;185.2;114.92;5901765001545;;;;;0;4.210;0;;0;0;0;0;
DEC178;KADC180165700TR15;Kabat;DÊTKA 16.5/70 - 18  TR-15;165;70;18;0;;2;185.2;114.92;5901765001545;;;;;0;4.210;0;;0;0;0;0;
DEC178;KADC180165700TR15;Kabat;DÊTKA 16.5/70 - 18  TR-15;165;70;18;0;;5;185.2;114.92;5901765001545;;;;;0;4.210;0;;0;0;0;0;
DEC178;KADC180165700TR15;Kabat;DÊTKA 16.5/70 - 18  TR-15;165;70;18;0;;5;185.2;114.92;5901765001545;;;;;0;4.210;0;;0;0;0;0;
DEC178;KADC180165700TR15;Kabat;DÊTKA 16.5/70 - 18  TR-15;165;70;18;0;;2;185.2;114.92;5901765001545;;;;;0;4.210;0;;0;0;0;0;
DEC178;KADC180165700TR15;Kabat;DÊTKA 16.5/70 - 18  TR-15;165;70;18;0;;28;185.2;114.92;5901765001545;;;;;0;4.210;0;;0;0;0;0;
DEC178;KADC180165700TR15;Kabat;DÊTKA 16.5/70 - 18  TR-15;165;70;18;0;;32;185.2;114.92;5901765001545;;;;;0;4.210;0;;0;0;0;0;
DEC178;KADC180165700TR15;Kabat;DÊTKA 16.5/70 - 18  TR-15;165;70;18;0;;0;185.2;114.92;5901765001545;;;;;0;4.210;0;;0;0;0;0;
DEC178;KADC180165700TR15;Kabat;DÊTKA 16.5/70 - 18  TR-15;165;70;18;0;;5;185.2;114.92;5901765001545;;;;;0;4.210;0;;0;0;0;0;
DEC181;KADC18016570V3060;Kabat;DÊTKA 16.5/70 - 18  V3.02.15;165;70;18;V;;13;235.16;146.02;;;;;;0;4.210;0;;0;0;0;0;
DEC181;KADC18016570V3060;Kabat;DÊTKA 16.5/70 - 18  V3.02.15;165;70;18;V;;6;235.16;146.02;;;;;;0;4.210;0;;0;0;0;0;
DEC181;KADC18016570V3060;Kabat;DÊTKA 16.5/70 - 18  V3.02.15;165;70;18;V;;6;235.16;146.02;;;;;;0;4.210;0;;0;0;0;0;
DEC181;KADC18016570V3060;Kabat;DÊTKA 16.5/70 - 18  V3.02.15;165;70;18;V;;7;235.16;146.02;;;;;;0;4.210;0;;0;0;0;0;
DEC008;KADC20010000V3021;Kabat;DÊTKA 10.00 - 20  V3.02.14;100;82;20;V;;13;116.97;76.62;5901765000074;;;;;0;2.610;0;;0;0;0;0;
DEC008;KADC20010000V3021;Kabat;DÊTKA 10.00 - 20  V3.02.14;100;82;20;V;;1;116.97;76.62;5901765000074;;;;;0;2.610;0;;0;0;0;0;
DEC008;KADC20010000V3021;Kabat;DÊTKA 10.00 - 20  V3.02.14;100;82;20;V;;0;116.97;76.62;5901765000074;;;;;0;2.610;0;;0;0;0;0;
DEC008;KADC20010000V3021;Kabat;DÊTKA 10.00 - 20  V3.02.14;100;82;20;V;;100;116.97;76.62;5901765000074;;;;;0;2.610;0;;0;0;0;0;
DEC008;KADC20010000V3021;Kabat;DÊTKA 10.00 - 20  V3.02.14;100;82;20;V;;23;116.97;76.62;5901765000074;;;;;0;2.610;0;;0;0;0;0;
DEC008;KADC20010000V3021;Kabat;DÊTKA 10.00 - 20  V3.02.14;100;82;20;V;;24;116.97;76.62;5901765000074;;;;;0;2.610;0;;0;0;0;0;
DEC008;KADC20010000V3021;Kabat;DÊTKA 10.00 - 20  V3.02.14;100;82;20;V;;20;116.97;76.62;5901765000074;;;;;0;2.610;0;;0;0;0;0;
DEC008;KADC20010000V3021;Kabat;DÊTKA 10.00 - 20  V3.02.14;100;82;20;V;;100;116.97;76.62;5901765000074;;;;;0;2.610;0;;0;0;0;0;
DEC008;KADC20010000V3021;Kabat;DÊTKA 10.00 - 20  V3.02.14;100;82;20;V;;8;116.97;76.62;5901765000074;;;;;0;2.610;0;;0;0;0;0;
DEC008;KADC20010000V3021;Kabat;DÊTKA 10.00 - 20  V3.02.14;100;82;20;V;;42;116.97;76.62;5901765000074;;;;;0;2.610;0;;0;0;0;0;
DEC008;KADC20010000V3021;Kabat;DÊTKA 10.00 - 20  V3.02.14;100;82;20;V;;20;116.97;76.62;5901765000074;;;;;0;2.610;0;;0;0;0;0;
DEC008;KADC20010000V3021;Kabat;DÊTKA 10.00 - 20  V3.02.14;100;82;20;V;;100;116.97;76.62;5901765000074;;;;;0;2.610;0;;0;0;0;0;
DEC008;KADC20010000V3021;Kabat;DÊTKA 10.00 - 20  V3.02.14;100;82;20;V;;8;116.97;76.62;5901765000074;;;;;0;2.610;0;;0;0;0;0;
DEC008;KADC20010000V3021;Kabat;DÊTKA 10.00 - 20  V3.02.14;100;82;20;V;;45;116.97;76.62;5901765000074;;;;;0;2.610;0;;0;0;0;0;
DEC008;KADC20010000V3021;Kabat;DÊTKA 10.00 - 20  V3.02.14;100;82;20;V;;59;116.97;76.62;5901765000074;;;;;0;2.610;0;;0;0;0;0;
DEC028;KADC20010000V3028;Kabat;DÊTKA 10.00 - 20  V3.02.8;100;82;20;V;;16;112.47;75.46;5901765706730;;;;;0;2.610;0;;0;0;0;0;
DEC028;KADC20010000V3028;Kabat;DÊTKA 10.00 - 20  V3.02.8;100;82;20;V;;6;112.47;75.46;5901765706730;;;;;0;2.610;0;;0;0;0;0;
DEC028;KADC20010000V3028;Kabat;DÊTKA 10.00 - 20  V3.02.8;100;82;20;V;;100;112.47;75.46;5901765706730;;;;;0;2.610;0;;0;0;0;0;
DEC028;KADC20010000V3028;Kabat;DÊTKA 10.00 - 20  V3.02.8;100;82;20;V;;16;112.47;75.46;5901765706730;;;;;0;2.610;0;;0;0;0;0;
DEC028;KADC20010000V3028;Kabat;DÊTKA 10.00 - 20  V3.02.8;100;82;20;V;;7;112.47;75.46;5901765706730;;;;;0;2.610;0;;0;0;0;0;
DEC028;KADC20010000V3028;Kabat;DÊTKA 10.00 - 20  V3.02.8;100;82;20;V;;2;112.47;75.46;5901765706730;;;;;0;2.610;0;;0;0;0;0;
DEC028;KADC20010000V3028;Kabat;DÊTKA 10.00 - 20  V3.02.8;100;82;20;V;;9;112.47;75.46;5901765706730;;;;;0;2.610;0;;0;0;0;0;
DEC028;KADC20010000V3028;Kabat;DÊTKA 10.00 - 20  V3.02.8;100;82;20;V;;3;112.47;75.46;5901765706730;;;;;0;2.610;0;;0;0;0;0;
DEC028;KADC20010000V3028;Kabat;DÊTKA 10.00 - 20  V3.02.8;100;82;20;V;;4;112.47;75.46;5901765706730;;;;;0;2.610;0;;0;0;0;0;
DEC028;KADC20010000V3028;Kabat;DÊTKA 10.00 - 20  V3.02.8;100;82;20;V;;7;112.47;75.46;5901765706730;;;;;0;2.610;0;;0;0;0;0;
DEC028;KADC20010000V3028;Kabat;DÊTKA 10.00 - 20  V3.02.8;100;82;20;V;;3;112.47;75.46;5901765706730;;;;;0;2.610;0;;0;0;0;0;
DEC028;KADC20010000V3028;Kabat;DÊTKA 10.00 - 20  V3.02.8;100;82;20;V;;4;112.47;75.46;5901765706730;;;;;0;2.610;0;;0;0;0;0;
DEC028;KADC20010000V3028;Kabat;DÊTKA 10.00 - 20  V3.02.8;100;82;20;V;;18;112.47;75.46;5901765706730;;;;;0;2.610;0;;0;0;0;0;
DEC028;KADC20010000V3028;Kabat;DÊTKA 10.00 - 20  V3.02.8;100;82;20;V;;100;112.47;75.46;5901765706730;;;;;0;2.610;0;;0;0;0;0;
DEC028;KADC20010000V3028;Kabat;DÊTKA 10.00 - 20  V3.02.8;100;82;20;V;;100;112.47;75.46;5901765706730;;;;;0;2.610;0;;0;0;0;0;
DEC682;KADC2001000PV3021;Kabat;DÊTKA 10.00 - 20  HD  [premium]  V3.02.14;100;;20;V;premium;6;146.21;99.96;5901765036912;;;;;0;2.610;0;;0;0;0;0;
DEC682;KADC2001000PV3021;Kabat;DÊTKA 10.00 - 20  HD  [premium]  V3.02.14;100;;20;V;premium;2;146.21;99.96;5901765036912;;;;;0;2.610;0;;0;0;0;0;
DEC682;KADC2001000PV3021;Kabat;DÊTKA 10.00 - 20  HD  [premium]  V3.02.14;100;;20;V;premium;1;146.21;99.96;5901765036912;;;;;0;2.610;0;;0;0;0;0;
DEC682;KADC2001000PV3021;Kabat;DÊTKA 10.00 - 20  HD  [premium]  V3.02.14;100;;20;V;premium;4;146.21;99.96;5901765036912;;;;;0;2.610;0;;0;0;0;0;
DEC682;KADC2001000PV3021;Kabat;DÊTKA 10.00 - 20  HD  [premium]  V3.02.14;100;;20;V;premium;13;146.21;99.96;5901765036912;;;;;0;2.610;0;;0;0;0;0;
DEC682;KADC2001000PV3021;Kabat;DÊTKA 10.00 - 20  HD  [premium]  V3.02.14;100;;20;V;premium;9;146.21;99.96;5901765036912;;;;;0;2.610;0;;0;0;0;0;
DEC682;KADC2001000PV3021;Kabat;DÊTKA 10.00 - 20  HD  [premium]  V3.02.14;100;;20;V;premium;31;146.21;99.96;5901765036912;;;;;0;2.610;0;;0;0;0;0;
DEC682;KADC2001000PV3021;Kabat;DÊTKA 10.00 - 20  HD  [premium]  V3.02.14;100;;20;V;premium;3;146.21;99.96;5901765036912;;;;;0;2.610;0;;0;0;0;0;
DEC682;KADC2001000PV3021;Kabat;DÊTKA 10.00 - 20  HD  [premium]  V3.02.14;100;;20;V;premium;24;146.21;99.96;5901765036912;;;;;0;2.610;0;;0;0;0;0;
DEC682;KADC2001000PV3021;Kabat;DÊTKA 10.00 - 20  HD  [premium]  V3.02.14;100;;20;V;premium;2;146.21;99.96;5901765036912;;;;;0;2.610;0;;0;0;0;0;
DEC682;KADC2001000PV3021;Kabat;DÊTKA 10.00 - 20  HD  [premium]  V3.02.14;100;;20;V;premium;4;146.21;99.96;5901765036912;;;;;0;2.610;0;;0;0;0;0;
DEC682;KADC2001000PV3021;Kabat;DÊTKA 10.00 - 20  HD  [premium]  V3.02.14;100;;20;V;premium;1;146.21;99.96;5901765036912;;;;;0;2.610;0;;0;0;0;0;
DEC682;KADC2001000PV3021;Kabat;DÊTKA 10.00 - 20  HD  [premium]  V3.02.14;100;;20;V;premium;73;146.21;99.96;5901765036912;;;;;0;2.610;0;;0;0;0;0;
DEC682;KADC2001000PV3021;Kabat;DÊTKA 10.00 - 20  HD  [premium]  V3.02.14;100;;20;V;premium;4;146.21;99.96;5901765036912;;;;;0;2.610;0;;0;0;0;0;
DEC432;KADC2001000PV3022;Kabat;DÊTKA 10.00 - 20/10.00R20  HD  V3.02.14;100;;20;V;;60;240;127.4;;;;;;0;2.610;0;;0;0;0;0;
DEC432;KADC2001000PV3022;Kabat;DÊTKA 10.00 - 20/10.00R20  HD  V3.02.14;100;;20;V;;32;240;127.4;;;;;;0;2.610;0;;0;0;0;0;
DEC432;KADC2001000PV3022;Kabat;DÊTKA 10.00 - 20/10.00R20  HD  V3.02.14;100;;20;V;;100;240;127.4;;;;;;0;2.610;0;;0;0;0;0;
DEC432;KADC2001000PV3022;Kabat;DÊTKA 10.00 - 20/10.00R20  HD  V3.02.14;100;;20;V;;94;240;127.4;;;;;;0;2.610;0;;0;0;0;0;
DEC432;KADC2001000PV3022;Kabat;DÊTKA 10.00 - 20/10.00R20  HD  V3.02.14;100;;20;V;;23;240;127.4;;;;;;0;2.610;0;;0;0;0;0;
DEC432;KADC2001000PV3022;Kabat;DÊTKA 10.00 - 20/10.00R20  HD  V3.02.14;100;;20;V;;19;240;127.4;;;;;;0;2.610;0;;0;0;0;0;
DEC432;KADC2001000PV3022;Kabat;DÊTKA 10.00 - 20/10.00R20  HD  V3.02.14;100;;20;V;;95;240;127.4;;;;;;0;2.610;0;;0;0;0;0;
DEC432;KADC2001000PV3022;Kabat;DÊTKA 10.00 - 20/10.00R20  HD  V3.02.14;100;;20;V;;8;240;127.4;;;;;;0;2.610;0;;0;0;0;0;
DEC432;KADC2001000PV3022;Kabat;DÊTKA 10.00 - 20/10.00R20  HD  V3.02.14;100;;20;V;;100;240;127.4;;;;;;0;2.610;0;;0;0;0;0;
DEC432;KADC2001000PV3022;Kabat;DÊTKA 10.00 - 20/10.00R20  HD  V3.02.14;100;;20;V;;56;240;127.4;;;;;;0;2.610;0;;0;0;0;0;
DEC432;KADC2001000PV3022;Kabat;DÊTKA 10.00 - 20/10.00R20  HD  V3.02.14;100;;20;V;;23;240;127.4;;;;;;0;2.610;0;;0;0;0;0;
DEC432;KADC2001000PV3022;Kabat;DÊTKA 10.00 - 20/10.00R20  HD  V3.02.14;100;;20;V;;40;240;127.4;;;;;;0;2.610;0;;0;0;0;0;
DEC432;KADC2001000PV3022;Kabat;DÊTKA 10.00 - 20/10.00R20  HD  V3.02.14;100;;20;V;;43;240;127.4;;;;;;0;2.610;0;;0;0;0;0;
DEC432;KADC2001000PV3022;Kabat;DÊTKA 10.00 - 20/10.00R20  HD  V3.02.14;100;;20;V;;18;240;127.4;;;;;;0;2.610;0;;0;0;0;0;
DEC432;KADC2001000PV3022;Kabat;DÊTKA 10.00 - 20/10.00R20  HD  V3.02.14;100;;20;V;;100;240;127.4;;;;;;0;2.610;0;;0;0;0;0;
DEC432;KADC2001000PV3022;Kabat;DÊTKA 10.00 - 20/10.00R20  HD  V3.02.14;100;;20;V;;15;240;127.4;;;;;;0;2.610;0;;0;0;0;0;
DEC432;KADC2001000PV3022;Kabat;DÊTKA 10.00 - 20/10.00R20  HD  V3.02.14;100;;20;V;;40;240;127.4;;;;;;0;2.610;0;;0;0;0;0;
DEC009;KADC20011000V3214;Kabat;DÊTKA 11.00 - 20  V3.02.14;110;82;20;V;;100;141.69;88.1;5901765000081;;;;;0;3.060;0;;0;0;0;0;
DEC009;KADC20011000V3214;Kabat;DÊTKA 11.00 - 20  V3.02.14;110;82;20;V;;17;141.69;88.1;5901765000081;;;;;0;3.060;0;;0;0;0;0;
DEC009;KADC20011000V3214;Kabat;DÊTKA 11.00 - 20  V3.02.14;110;82;20;V;;100;141.69;88.1;5901765000081;;;;;0;3.060;0;;0;0;0;0;
DEC009;KADC20011000V3214;Kabat;DÊTKA 11.00 - 20  V3.02.14;110;82;20;V;;8;141.69;88.1;5901765000081;;;;;0;3.060;0;;0;0;0;0;
DEC009;KADC20011000V3214;Kabat;DÊTKA 11.00 - 20  V3.02.14;110;82;20;V;;22;141.69;88.1;5901765000081;;;;;0;3.060;0;;0;0;0;0;
DEC009;KADC20011000V3214;Kabat;DÊTKA 11.00 - 20  V3.02.14;110;82;20;V;;16;141.69;88.1;5901765000081;;;;;0;3.060;0;;0;0;0;0;
DEC009;KADC20011000V3214;Kabat;DÊTKA 11.00 - 20  V3.02.14;110;82;20;V;;8;141.69;88.1;5901765000081;;;;;0;3.060;0;;0;0;0;0;
DEC009;KADC20011000V3214;Kabat;DÊTKA 11.00 - 20  V3.02.14;110;82;20;V;;8;141.69;88.1;5901765000081;;;;;0;3.060;0;;0;0;0;0;
DEC009;KADC20011000V3214;Kabat;DÊTKA 11.00 - 20  V3.02.14;110;82;20;V;;18;141.69;88.1;5901765000081;;;;;0;3.060;0;;0;0;0;0;
DEC009;KADC20011000V3214;Kabat;DÊTKA 11.00 - 20  V3.02.14;110;82;20;V;;28;141.69;88.1;5901765000081;;;;;0;3.060;0;;0;0;0;0;
DEC009;KADC20011000V3214;Kabat;DÊTKA 11.00 - 20  V3.02.14;110;82;20;V;;14;141.69;88.1;5901765000081;;;;;0;3.060;0;;0;0;0;0;
DEC009;KADC20011000V3214;Kabat;DÊTKA 11.00 - 20  V3.02.14;110;82;20;V;;100;141.69;88.1;5901765000081;;;;;0;3.060;0;;0;0;0;0;
DEC009;KADC20011000V3214;Kabat;DÊTKA 11.00 - 20  V3.02.14;110;82;20;V;;4;141.69;88.1;5901765000081;;;;;0;3.060;0;;0;0;0;0;
DEC009;KADC20011000V3214;Kabat;DÊTKA 11.00 - 20  V3.02.14;110;82;20;V;;7;141.69;88.1;5901765000081;;;;;0;3.060;0;;0;0;0;0;
DEC585K;KADC2001100V30600;Kabat;DÊTKA 11.00 - 20  V3.06.18  HD;110;;20;A3;;5;132.43;105.84;;;;;;0;3.060;0;;0;0;0;0;
DEC585K;KADC2001100V30600;Kabat;DÊTKA 11.00 - 20  V3.06.18  HD;110;;20;A3;;4;132.43;105.84;;;;;;0;3.060;0;;0;0;0;0;
DEC585K;KADC2001100V30600;Kabat;DÊTKA 11.00 - 20  V3.06.18  HD;110;;20;A3;;9;132.43;105.84;;;;;;0;3.060;0;;0;0;0;0;
DEC585K;KADC2001100V30600;Kabat;DÊTKA 11.00 - 20  V3.06.18  HD;110;;20;A3;;33;132.43;105.84;;;;;;0;3.060;0;;0;0;0;0;
DEC585K;KADC2001100V30600;Kabat;DÊTKA 11.00 - 20  V3.06.18  HD;110;;20;A3;;3;132.43;105.84;;;;;;0;3.060;0;;0;0;0;0;
DEC585K;KADC2001100V30600;Kabat;DÊTKA 11.00 - 20  V3.06.18  HD;110;;20;A3;;7;132.43;105.84;;;;;;0;3.060;0;;0;0;0;0;
DEC585K;KADC2001100V30600;Kabat;DÊTKA 11.00 - 20  V3.06.18  HD;110;;20;A3;;0;132.43;105.84;;;;;;0;3.060;0;;0;0;0;0;
DEC585K;KADC2001100V30600;Kabat;DÊTKA 11.00 - 20  V3.06.18  HD;110;;20;A3;;2;132.43;105.84;;;;;;0;3.060;0;;0;0;0;0;
DEC585K;KADC2001100V30600;Kabat;DÊTKA 11.00 - 20  V3.06.18  HD;110;;20;A3;;3;132.43;105.84;;;;;;0;3.060;0;;0;0;0;0;
DEC050;KADC20012000V3021;Kabat;DÊTKA 12.00 - 20  V3.02.14;120;82;20;V;;2;157.93;98;5901765000449;;;;;0;3.590;0;;0;0;0;0;
DEC050;KADC20012000V3021;Kabat;DÊTKA 12.00 - 20  V3.02.14;120;82;20;V;;1;157.93;98;5901765000449;;;;;0;3.590;0;;0;0;0;0;
DEC050;KADC20012000V3021;Kabat;DÊTKA 12.00 - 20  V3.02.14;120;82;20;V;;100;157.93;98;5901765000449;;;;;0;3.590;0;;0;0;0;0;
DEC050;KADC20012000V3021;Kabat;DÊTKA 12.00 - 20  V3.02.14;120;82;20;V;;3;157.93;98;5901765000449;;;;;0;3.590;0;;0;0;0;0;
DEC050;KADC20012000V3021;Kabat;DÊTKA 12.00 - 20  V3.02.14;120;82;20;V;;14;157.93;98;5901765000449;;;;;0;3.590;0;;0;0;0;0;
DEC050;KADC20012000V3021;Kabat;DÊTKA 12.00 - 20  V3.02.14;120;82;20;V;;4;157.93;98;5901765000449;;;;;0;3.590;0;;0;0;0;0;
DEC050;KADC20012000V3021;Kabat;DÊTKA 12.00 - 20  V3.02.14;120;82;20;V;;2;157.93;98;5901765000449;;;;;0;3.590;0;;0;0;0;0;
DEC050;KADC20012000V3021;Kabat;DÊTKA 12.00 - 20  V3.02.14;120;82;20;V;;3;157.93;98;5901765000449;;;;;0;3.590;0;;0;0;0;0;
DEC050;KADC20012000V3021;Kabat;DÊTKA 12.00 - 20  V3.02.14;120;82;20;V;;13;157.93;98;5901765000449;;;;;0;3.590;0;;0;0;0;0;
DEC050;KADC20012000V3021;Kabat;DÊTKA 12.00 - 20  V3.02.14;120;82;20;V;;97;157.93;98;5901765000449;;;;;0;3.590;0;;0;0;0;0;
DEC050;KADC20012000V3021;Kabat;DÊTKA 12.00 - 20  V3.02.14;120;82;20;V;;5;157.93;98;5901765000449;;;;;0;3.590;0;;0;0;0;0;
DEC050;KADC20012000V3021;Kabat;DÊTKA 12.00 - 20  V3.02.14;120;82;20;V;;6;157.93;98;5901765000449;;;;;0;3.590;0;;0;0;0;0;
DEC050;KADC20012000V3021;Kabat;DÊTKA 12.00 - 20  V3.02.14;120;82;20;V;;80;157.93;98;5901765000449;;;;;0;3.590;0;;0;0;0;0;
DEC050;KADC20012000V3021;Kabat;DÊTKA 12.00 - 20  V3.02.14;120;82;20;V;;4;157.93;98;5901765000449;;;;;0;3.590;0;;0;0;0;0;
DEC050;KADC20012000V3021;Kabat;DÊTKA 12.00 - 20  V3.02.14;120;82;20;V;;4;157.93;98;5901765000449;;;;;0;3.590;0;;0;0;0;0;
DEC050;KADC20012000V3021;Kabat;DÊTKA 12.00 - 20  V3.02.14;120;82;20;V;;2;157.93;98;5901765000449;;;;;0;3.590;0;;0;0;0;0;
DEC010;KADC20012000V3061;Kabat;DÊTKA 12.00 - 20  V3.06.17;120;82;20;V;;2;156.27;96.97;5901765000098;;;;;0;3.180;0;;0;0;0;0;
DEC010;KADC20012000V3061;Kabat;DÊTKA 12.00 - 20  V3.06.17;120;82;20;V;;6;156.27;96.97;5901765000098;;;;;0;3.180;0;;0;0;0;0;
DEC010;KADC20012000V3061;Kabat;DÊTKA 12.00 - 20  V3.06.17;120;82;20;V;;5;156.27;96.97;5901765000098;;;;;0;3.180;0;;0;0;0;0;
DEC010;KADC20012000V3061;Kabat;DÊTKA 12.00 - 20  V3.06.17;120;82;20;V;;4;156.27;96.97;5901765000098;;;;;0;3.180;0;;0;0;0;0;
DEC010;KADC20012000V3061;Kabat;DÊTKA 12.00 - 20  V3.06.17;120;82;20;V;;60;156.27;96.97;5901765000098;;;;;0;3.180;0;;0;0;0;0;
DEC010;KADC20012000V3061;Kabat;DÊTKA 12.00 - 20  V3.06.17;120;82;20;V;;3;156.27;96.97;5901765000098;;;;;0;3.180;0;;0;0;0;0;
DEC010;KADC20012000V3061;Kabat;DÊTKA 12.00 - 20  V3.06.17;120;82;20;V;;79;156.27;96.97;5901765000098;;;;;0;3.180;0;;0;0;0;0;
DEC010;KADC20012000V3061;Kabat;DÊTKA 12.00 - 20  V3.06.17;120;82;20;V;;11;156.27;96.97;5901765000098;;;;;0;3.180;0;;0;0;0;0;
DEC010;KADC20012000V3061;Kabat;DÊTKA 12.00 - 20  V3.06.17;120;82;20;V;;9;156.27;96.97;5901765000098;;;;;0;3.180;0;;0;0;0;0;
DEC010;KADC20012000V3061;Kabat;DÊTKA 12.00 - 20  V3.06.17;120;82;20;V;;9;156.27;96.97;5901765000098;;;;;0;3.180;0;;0;0;0;0;
DEC010;KADC20012000V3061;Kabat;DÊTKA 12.00 - 20  V3.06.17;120;82;20;V;;100;156.27;96.97;5901765000098;;;;;0;3.180;0;;0;0;0;0;
DEC010;KADC20012000V3061;Kabat;DÊTKA 12.00 - 20  V3.06.17;120;82;20;V;;3;156.27;96.97;5901765000098;;;;;0;3.180;0;;0;0;0;0;
DEC010;KADC20012000V3061;Kabat;DÊTKA 12.00 - 20  V3.06.17;120;82;20;V;;1;156.27;96.97;5901765000098;;;;;0;3.180;0;;0;0;0;0;
DEC010;KADC20012000V3061;Kabat;DÊTKA 12.00 - 20  V3.06.17;120;82;20;V;;3;156.27;96.97;5901765000098;;;;;0;3.180;0;;0;0;0;0;
DEC057;KADC20014000V3068;Kabat;DÊTKA 14.00 - 20  V3.02.14;140;82;20;V;;4;206.61;132.3;;;;;;0;4.390;0;;0;0;0;0;
DEC057;KADC20014000V3068;Kabat;DÊTKA 14.00 - 20  V3.02.14;140;82;20;V;;6;206.61;132.3;;;;;;0;4.390;0;;0;0;0;0;
DEC057;KADC20014000V3068;Kabat;DÊTKA 14.00 - 20  V3.02.14;140;82;20;V;;1;206.61;132.3;;;;;;0;4.390;0;;0;0;0;0;
DEC057;KADC20014000V3068;Kabat;DÊTKA 14.00 - 20  V3.02.14;140;82;20;V;;7;206.61;132.3;;;;;;0;4.390;0;;0;0;0;0;
DEC057;KADC20014000V3068;Kabat;DÊTKA 14.00 - 20  V3.02.14;140;82;20;V;;39;206.61;132.3;;;;;;0;4.390;0;;0;0;0;0;
DEC057;KADC20014000V3068;Kabat;DÊTKA 14.00 - 20  V3.02.14;140;82;20;V;;3;206.61;132.3;;;;;;0;4.390;0;;0;0;0;0;
DEC057;KADC20014000V3068;Kabat;DÊTKA 14.00 - 20  V3.02.14;140;82;20;V;;1;206.61;132.3;;;;;;0;4.390;0;;0;0;0;0;
DEC057;KADC20014000V3068;Kabat;DÊTKA 14.00 - 20  V3.02.14;140;82;20;V;;3;206.61;132.3;;;;;;0;4.390;0;;0;0;0;0;
DEC057;KADC20014000V3068;Kabat;DÊTKA 14.00 - 20  V3.02.14;140;82;20;V;;30;206.61;132.3;;;;;;0;4.390;0;;0;0;0;0;
DEC057;KADC20014000V3068;Kabat;DÊTKA 14.00 - 20  V3.02.14;140;82;20;V;;4;206.61;132.3;;;;;;0;4.390;0;;0;0;0;0;
DEC057;KADC20014000V3068;Kabat;DÊTKA 14.00 - 20  V3.02.14;140;82;20;V;;7;206.61;132.3;;;;;;0;4.390;0;;0;0;0;0;
DEC057;KADC20014000V3068;Kabat;DÊTKA 14.00 - 20  V3.02.14;140;82;20;V;;5;206.61;132.3;;;;;;0;4.390;0;;0;0;0;0;
DEC057;KADC20014000V3068;Kabat;DÊTKA 14.00 - 20  V3.02.14;140;82;20;V;;71;206.61;132.3;;;;;;0;4.390;0;;0;0;0;0;
DEC321;KADC2001400PK5A14;Kabat;DÊTKA 14.00 - 20  PK5A 145;140;;20;K;;4;198.77;126.42;;;;;;0;4.390;0;;0;0;0;0;
DEC321;KADC2001400PK5A14;Kabat;DÊTKA 14.00 - 20  PK5A 145;140;;20;K;;4;198.77;126.42;;;;;;0;4.390;0;;0;0;0;0;
DEC321;KADC2001400PK5A14;Kabat;DÊTKA 14.00 - 20  PK5A 145;140;;20;K;;0;198.77;126.42;;;;;;0;4.390;0;;0;0;0;0;
DEC017;KADC2001400V30608;Kabat;DÊTKA 14.00 - 20  V3.06.08;140;;20;A3;;3;214.88;133.28;5901765000159;;;;;0;4.390;0;;0;0;0;0;
DEC017;KADC2001400V30608;Kabat;DÊTKA 14.00 - 20  V3.06.08;140;;20;A3;;4;214.88;133.28;5901765000159;;;;;0;4.390;0;;0;0;0;0;
DEC017;KADC2001400V30608;Kabat;DÊTKA 14.00 - 20  V3.06.08;140;;20;A3;;48;214.88;133.28;5901765000159;;;;;0;4.390;0;;0;0;0;0;
DEC017;KADC2001400V30608;Kabat;DÊTKA 14.00 - 20  V3.06.08;140;;20;A3;;6;214.88;133.28;5901765000159;;;;;0;4.390;0;;0;0;0;0;
DEC017;KADC2001400V30608;Kabat;DÊTKA 14.00 - 20  V3.06.08;140;;20;A3;;6;214.88;133.28;5901765000159;;;;;0;4.390;0;;0;0;0;0;
DEC017;KADC2001400V30608;Kabat;DÊTKA 14.00 - 20  V3.06.08;140;;20;A3;;67;214.88;133.28;5901765000159;;;;;0;4.390;0;;0;0;0;0;
DEC017;KADC2001400V30608;Kabat;DÊTKA 14.00 - 20  V3.06.08;140;;20;A3;;8;214.88;133.28;5901765000159;;;;;0;4.390;0;;0;0;0;0;
DEC017;KADC2001400V30608;Kabat;DÊTKA 14.00 - 20  V3.06.08;140;;20;A3;;6;214.88;133.28;5901765000159;;;;;0;4.390;0;;0;0;0;0;
DEC017;KADC2001400V30608;Kabat;DÊTKA 14.00 - 20  V3.06.08;140;;20;A3;;10;214.88;133.28;5901765000159;;;;;0;4.390;0;;0;0;0;0;
DEC017;KADC2001400V30608;Kabat;DÊTKA 14.00 - 20  V3.06.08;140;;20;A3;;1;214.88;133.28;5901765000159;;;;;0;4.390;0;;0;0;0;0;
DEC017;KADC2001400V30608;Kabat;DÊTKA 14.00 - 20  V3.06.08;140;;20;A3;;3;214.88;133.28;5901765000159;;;;;0;4.390;0;;0;0;0;0;
DEC017;KADC2001400V30608;Kabat;DÊTKA 14.00 - 20  V3.06.08;140;;20;A3;;5;214.88;133.28;5901765000159;;;;;0;4.390;0;;0;0;0;0;
DEC017;KADC2001400V30608;Kabat;DÊTKA 14.00 - 20  V3.06.08;140;;20;A3;;2;214.88;133.28;5901765000159;;;;;0;4.390;0;;0;0;0;0;
DEC017;KADC2001400V30608;Kabat;DÊTKA 14.00 - 20  V3.06.08;140;;20;A3;;3;214.88;133.28;5901765000159;;;;;0;4.390;0;;0;0;0;0;
DEC017;KADC2001400V30608;Kabat;DÊTKA 14.00 - 20  V3.06.08;140;;20;A3;;4;214.88;133.28;5901765000159;;;;;0;4.390;0;;0;0;0;0;
DEC017;KADC2001400V30608;Kabat;DÊTKA 14.00 - 20  V3.06.08;140;;20;A3;;100;214.88;133.28;5901765000159;;;;;0;4.390;0;;0;0;0;0;
DEC031;KADC2001600V30608;Kabat;DÊTKA 16.00 - 20  V3.06.08;160;;20;A3;;10;263.18;161.55;5901765000289;;;;;0;4.390;0;;0;0;0;0;
DEC031;KADC2001600V30608;Kabat;DÊTKA 16.00 - 20  V3.06.08;160;;20;A3;;5;263.18;161.55;5901765000289;;;;;0;4.390;0;;0;0;0;0;
DEC031;KADC2001600V30608;Kabat;DÊTKA 16.00 - 20  V3.06.08;160;;20;A3;;1;263.18;161.55;5901765000289;;;;;0;4.390;0;;0;0;0;0;
DEC031;KADC2001600V30608;Kabat;DÊTKA 16.00 - 20  V3.06.08;160;;20;A3;;1;263.18;161.55;5901765000289;;;;;0;4.390;0;;0;0;0;0;
DEC031;KADC2001600V30608;Kabat;DÊTKA 16.00 - 20  V3.06.08;160;;20;A3;;7;263.18;161.55;5901765000289;;;;;0;4.390;0;;0;0;0;0;
DEC031;KADC2001600V30608;Kabat;DÊTKA 16.00 - 20  V3.06.08;160;;20;A3;;1;263.18;161.55;5901765000289;;;;;0;4.390;0;;0;0;0;0;
DEC031;KADC2001600V30608;Kabat;DÊTKA 16.00 - 20  V3.06.08;160;;20;A3;;1;263.18;161.55;5901765000289;;;;;0;4.390;0;;0;0;0;0;
DEC031;KADC2001600V30608;Kabat;DÊTKA 16.00 - 20  V3.06.08;160;;20;A3;;1;263.18;161.55;5901765000289;;;;;0;4.390;0;;0;0;0;0;
DER141;KADC200650700SP50;Kabat;DÊTKA 6.50/7.00 - 20  SP-5;650;70;20;0;;4;86.33;52.99;5901765008346;;;;;0;1.600;0;;0;0;0;0;
DER141;KADC200650700SP50;Kabat;DÊTKA 6.50/7.00 - 20  SP-5;650;70;20;0;;26;86.33;52.99;5901765008346;;;;;0;1.600;0;;0;0;0;0;
DER141;KADC200650700SP50;Kabat;DÊTKA 6.50/7.00 - 20  SP-5;650;70;20;0;;30;86.33;52.99;5901765008346;;;;;0;1.600;0;;0;0;0;0;
DER141;KADC200650700SP50;Kabat;DÊTKA 6.50/7.00 - 20  SP-5;650;70;20;0;;23;86.33;52.99;5901765008346;;;;;0;1.600;0;;0;0;0;0;
DER141;KADC200650700SP50;Kabat;DÊTKA 6.50/7.00 - 20  SP-5;650;70;20;0;;3;86.33;52.99;5901765008346;;;;;0;1.600;0;;0;0;0;0;
DEC002;KADC200650700SP51;Kabat;DÊTKA 6.50/7.00 - 20  V3.02.18;650;70;20;0;;4;87.65;54.39;5901765000012;;;;;0;1.600;0;;0;0;0;0;
DEC002;KADC200650700SP51;Kabat;DÊTKA 6.50/7.00 - 20  V3.02.18;650;70;20;0;;58;87.65;54.39;5901765000012;;;;;0;1.600;0;;0;0;0;0;
DEC002;KADC200650700SP51;Kabat;DÊTKA 6.50/7.00 - 20  V3.02.18;650;70;20;0;;13;87.65;54.39;5901765000012;;;;;0;1.600;0;;0;0;0;0;
DEC002;KADC200650700SP51;Kabat;DÊTKA 6.50/7.00 - 20  V3.02.18;650;70;20;0;;11;87.65;54.39;5901765000012;;;;;0;1.600;0;;0;0;0;0;
DEC002;KADC200650700SP51;Kabat;DÊTKA 6.50/7.00 - 20  V3.02.18;650;70;20;0;;13;87.65;54.39;5901765000012;;;;;0;1.600;0;;0;0;0;0;
DEC002;KADC200650700SP51;Kabat;DÊTKA 6.50/7.00 - 20  V3.02.18;650;70;20;0;;3;87.65;54.39;5901765000012;;;;;0;1.600;0;;0;0;0;0;
DEC002;KADC200650700SP51;Kabat;DÊTKA 6.50/7.00 - 20  V3.02.18;650;70;20;0;;40;87.65;54.39;5901765000012;;;;;0;1.600;0;;0;0;0;0;
DEC002;KADC200650700SP51;Kabat;DÊTKA 6.50/7.00 - 20  V3.02.18;650;70;20;0;;6;87.65;54.39;5901765000012;;;;;0;1.600;0;;0;0;0;0;
DEC002;KADC200650700SP51;Kabat;DÊTKA 6.50/7.00 - 20  V3.02.18;650;70;20;0;;26;87.65;54.39;5901765000012;;;;;0;1.600;0;;0;0;0;0;
DEC002;KADC200650700SP51;Kabat;DÊTKA 6.50/7.00 - 20  V3.02.18;650;70;20;0;;6;87.65;54.39;5901765000012;;;;;0;1.600;0;;0;0;0;0;
DEC002;KADC200650700SP51;Kabat;DÊTKA 6.50/7.00 - 20  V3.02.18;650;70;20;0;;5;87.65;54.39;5901765000012;;;;;0;1.600;0;;0;0;0;0;
DEC002;KADC200650700SP51;Kabat;DÊTKA 6.50/7.00 - 20  V3.02.18;650;70;20;0;;100;87.65;54.39;5901765000012;;;;;0;1.600;0;;0;0;0;0;
DEC002;KADC200650700SP51;Kabat;DÊTKA 6.50/7.00 - 20  V3.02.18;650;70;20;0;;3;87.65;54.39;5901765000012;;;;;0;1.600;0;;0;0;0;0;
DEC002;KADC200650700SP51;Kabat;DÊTKA 6.50/7.00 - 20  V3.02.18;650;70;20;0;;2;87.65;54.39;5901765000012;;;;;0;1.600;0;;0;0;0;0;
DEC002;KADC200650700SP51;Kabat;DÊTKA 6.50/7.00 - 20  V3.02.18;650;70;20;0;;5;87.65;54.39;5901765000012;;;;;0;1.600;0;;0;0;0;0;
DEC224;KADC200700750V302;Kabat;DÊTKA 7.00/7.50 - 20  V3.02.18;700;75;20;0;;5;89.81;55.73;5901765001880;;;;;0;1.760;0;;0;0;0;0;
DEC224;KADC200700750V302;Kabat;DÊTKA 7.00/7.50 - 20  V3.02.18;700;75;20;0;;1;89.81;55.73;5901765001880;;;;;0;1.760;0;;0;0;0;0;
DEC224;KADC200700750V302;Kabat;DÊTKA 7.00/7.50 - 20  V3.02.18;700;75;20;0;;17;89.81;55.73;5901765001880;;;;;0;1.760;0;;0;0;0;0;
DEC224;KADC200700750V302;Kabat;DÊTKA 7.00/7.50 - 20  V3.02.18;700;75;20;0;;18;89.81;55.73;5901765001880;;;;;0;1.760;0;;0;0;0;0;
DEC224;KADC200700750V302;Kabat;DÊTKA 7.00/7.50 - 20  V3.02.18;700;75;20;0;;10;89.81;55.73;5901765001880;;;;;0;1.760;0;;0;0;0;0;
DEC224;KADC200700750V302;Kabat;DÊTKA 7.00/7.50 - 20  V3.02.18;700;75;20;0;;15;89.81;55.73;5901765001880;;;;;0;1.760;0;;0;0;0;0;
DEC224;KADC200700750V302;Kabat;DÊTKA 7.00/7.50 - 20  V3.02.18;700;75;20;0;;100;89.81;55.73;5901765001880;;;;;0;1.760;0;;0;0;0;0;
DEC224;KADC200700750V302;Kabat;DÊTKA 7.00/7.50 - 20  V3.02.18;700;75;20;0;;2;89.81;55.73;5901765001880;;;;;0;1.760;0;;0;0;0;0;
DEC224;KADC200700750V302;Kabat;DÊTKA 7.00/7.50 - 20  V3.02.18;700;75;20;0;;10;89.81;55.73;5901765001880;;;;;0;1.760;0;;0;0;0;0;
DEC224;KADC200700750V302;Kabat;DÊTKA 7.00/7.50 - 20  V3.02.18;700;75;20;0;;100;89.81;55.73;5901765001880;;;;;0;1.760;0;;0;0;0;0;
DEC224;KADC200700750V302;Kabat;DÊTKA 7.00/7.50 - 20  V3.02.18;700;75;20;0;;22;89.81;55.73;5901765001880;;;;;0;1.760;0;;0;0;0;0;
DEC224;KADC200700750V302;Kabat;DÊTKA 7.00/7.50 - 20  V3.02.18;700;75;20;0;;25;89.81;55.73;5901765001880;;;;;0;1.760;0;;0;0;0;0;
DEC224;KADC200700750V302;Kabat;DÊTKA 7.00/7.50 - 20  V3.02.18;700;75;20;0;;4;89.81;55.73;5901765001880;;;;;0;1.760;0;;0;0;0;0;
DEC224;KADC200700750V302;Kabat;DÊTKA 7.00/7.50 - 20  V3.02.18;700;75;20;0;;100;89.81;55.73;5901765001880;;;;;0;1.760;0;;0;0;0;0;
DEC224;KADC200700750V302;Kabat;DÊTKA 7.00/7.50 - 20  V3.02.18;700;75;20;0;;8;89.81;55.73;5901765001880;;;;;0;1.760;0;;0;0;0;0;
DEC193;KADC200700750V304;Kabat;DÊTKA 7.50 - 20  V3.04.5;700;75;20;0;;4;89.81;55.73;5901765001675;;;;;0;1.760;0;;0;0;0;0;
DEC193;KADC200700750V304;Kabat;DÊTKA 7.50 - 20  V3.04.5;700;75;20;0;;100;89.81;55.73;5901765001675;;;;;0;1.760;0;;0;0;0;0;
DEC193;KADC200700750V304;Kabat;DÊTKA 7.50 - 20  V3.04.5;700;75;20;0;;3;89.81;55.73;5901765001675;;;;;0;1.760;0;;0;0;0;0;
DEC193;KADC200700750V304;Kabat;DÊTKA 7.50 - 20  V3.04.5;700;75;20;0;;4;89.81;55.73;5901765001675;;;;;0;1.760;0;;0;0;0;0;
DEC193;KADC200700750V304;Kabat;DÊTKA 7.50 - 20  V3.04.5;700;75;20;0;;81;89.81;55.73;5901765001675;;;;;0;1.760;0;;0;0;0;0;
DEC193;KADC200700750V304;Kabat;DÊTKA 7.50 - 20  V3.04.5;700;75;20;0;;5;89.81;55.73;5901765001675;;;;;0;1.760;0;;0;0;0;0;
DEC193;KADC200700750V304;Kabat;DÊTKA 7.50 - 20  V3.04.5;700;75;20;0;;3;89.81;55.73;5901765001675;;;;;0;1.760;0;;0;0;0;0;
DEC193;KADC200700750V304;Kabat;DÊTKA 7.50 - 20  V3.04.5;700;75;20;0;;74;89.81;55.73;5901765001675;;;;;0;1.760;0;;0;0;0;0;
DEC193;KADC200700750V304;Kabat;DÊTKA 7.50 - 20  V3.04.5;700;75;20;0;;7;89.81;55.73;5901765001675;;;;;0;1.760;0;;0;0;0;0;
DEC193;KADC200700750V304;Kabat;DÊTKA 7.50 - 20  V3.04.5;700;75;20;0;;1;89.81;55.73;5901765001675;;;;;0;1.760;0;;0;0;0;0;
DEC191;KADC200750V302800;Kabat;DÊTKA 7.50 - 20  V3.02.8;750;;20;0;;5;86.37;56.84;5901765001651;;;;;0;1.760;0;;0;0;0;0;
DEC191;KADC200750V302800;Kabat;DÊTKA 7.50 - 20  V3.02.8;750;;20;0;;10;86.37;56.84;5901765001651;;;;;0;1.760;0;;0;0;0;0;
DEC191;KADC200750V302800;Kabat;DÊTKA 7.50 - 20  V3.02.8;750;;20;0;;77;86.37;56.84;5901765001651;;;;;0;1.760;0;;0;0;0;0;
DEC191;KADC200750V302800;Kabat;DÊTKA 7.50 - 20  V3.02.8;750;;20;0;;13;86.37;56.84;5901765001651;;;;;0;1.760;0;;0;0;0;0;
DEC191;KADC200750V302800;Kabat;DÊTKA 7.50 - 20  V3.02.8;750;;20;0;;67;86.37;56.84;5901765001651;;;;;0;1.760;0;;0;0;0;0;
DEC191;KADC200750V302800;Kabat;DÊTKA 7.50 - 20  V3.02.8;750;;20;0;;49;86.37;56.84;5901765001651;;;;;0;1.760;0;;0;0;0;0;
DEC005;KADC20082500V3021;Kabat;DÊTKA 8.25 - 20  V3.02.10;8.25;82;20;V;;3;84.7;55.86;5901765000043;;;;;0;2.260;0;;0;0;0;0;
DEC005;KADC20082500V3021;Kabat;DÊTKA 8.25 - 20  V3.02.10;8.25;82;20;V;;100;84.7;55.86;5901765000043;;;;;0;2.260;0;;0;0;0;0;
DEC005;KADC20082500V3021;Kabat;DÊTKA 8.25 - 20  V3.02.10;8.25;82;20;V;;13;84.7;55.86;5901765000043;;;;;0;2.260;0;;0;0;0;0;
DEC005;KADC20082500V3021;Kabat;DÊTKA 8.25 - 20  V3.02.10;8.25;82;20;V;;15;84.7;55.86;5901765000043;;;;;0;2.260;0;;0;0;0;0;
DEC005;KADC20082500V3021;Kabat;DÊTKA 8.25 - 20  V3.02.10;8.25;82;20;V;;0;84.7;55.86;5901765000043;;;;;0;2.260;0;;0;0;0;0;
DEC005;KADC20082500V3021;Kabat;DÊTKA 8.25 - 20  V3.02.10;8.25;82;20;V;;5;84.7;55.86;5901765000043;;;;;0;2.260;0;;0;0;0;0;
DEC005;KADC20082500V3021;Kabat;DÊTKA 8.25 - 20  V3.02.10;8.25;82;20;V;;0;84.7;55.86;5901765000043;;;;;0;2.260;0;;0;0;0;0;
DEC005;KADC20082500V3021;Kabat;DÊTKA 8.25 - 20  V3.02.10;8.25;82;20;V;;3;84.7;55.86;5901765000043;;;;;0;2.260;0;;0;0;0;0;
DEC005;KADC20082500V3021;Kabat;DÊTKA 8.25 - 20  V3.02.10;8.25;82;20;V;;0;84.7;55.86;5901765000043;;;;;0;2.260;0;;0;0;0;0;
DEC005;KADC20082500V3021;Kabat;DÊTKA 8.25 - 20  V3.02.10;8.25;82;20;V;;17;84.7;55.86;5901765000043;;;;;0;2.260;0;;0;0;0;0;
DEC005;KADC20082500V3021;Kabat;DÊTKA 8.25 - 20  V3.02.10;8.25;82;20;V;;100;84.7;55.86;5901765000043;;;;;0;2.260;0;;0;0;0;0;
DEC005;KADC20082500V3021;Kabat;DÊTKA 8.25 - 20  V3.02.10;8.25;82;20;V;;100;84.7;55.86;5901765000043;;;;;0;2.260;0;;0;0;0;0;
DEC005;KADC20082500V3021;Kabat;DÊTKA 8.25 - 20  V3.02.10;8.25;82;20;V;;0;84.7;55.86;5901765000043;;;;;0;2.260;0;;0;0;0;0;
DEC005;KADC20082500V3021;Kabat;DÊTKA 8.25 - 20  V3.02.10;8.25;82;20;V;;7;84.7;55.86;5901765000043;;;;;0;2.260;0;;0;0;0;0;
DEC005;KADC20082500V3021;Kabat;DÊTKA 8.25 - 20  V3.02.10;8.25;82;20;V;;9;84.7;55.86;5901765000043;;;;;0;2.260;0;;0;0;0;0;
DEC005;KADC20082500V3021;Kabat;DÊTKA 8.25 - 20  V3.02.10;8.25;82;20;V;;5;84.7;55.86;5901765000043;;;;;0;2.260;0;;0;0;0;0;
DEC005;KADC20082500V3021;Kabat;DÊTKA 8.25 - 20  V3.02.10;8.25;82;20;V;;14;84.7;55.86;5901765000043;;;;;0;2.260;0;;0;0;0;0;
DEC683;KADC2008250PV3021;Kabat;DÊTKA 8.25 - 20  HD  [premium]  V3.02.10;8.25;;20;V;premium;11;105.88;70.27;5901765036929;;;;;0;2.260;0;;0;0;0;0;
DEC683;KADC2008250PV3021;Kabat;DÊTKA 8.25 - 20  HD  [premium]  V3.02.10;8.25;;20;V;premium;20;105.88;70.27;5901765036929;;;;;0;2.260;0;;0;0;0;0;
DEC683;KADC2008250PV3021;Kabat;DÊTKA 8.25 - 20  HD  [premium]  V3.02.10;8.25;;20;V;premium;2;105.88;70.27;5901765036929;;;;;0;2.260;0;;0;0;0;0;
DEC683;KADC2008250PV3021;Kabat;DÊTKA 8.25 - 20  HD  [premium]  V3.02.10;8.25;;20;V;premium;40;105.88;70.27;5901765036929;;;;;0;2.260;0;;0;0;0;0;
DEC683;KADC2008250PV3021;Kabat;DÊTKA 8.25 - 20  HD  [premium]  V3.02.10;8.25;;20;V;premium;2;105.88;70.27;5901765036929;;;;;0;2.260;0;;0;0;0;0;
DEC683;KADC2008250PV3021;Kabat;DÊTKA 8.25 - 20  HD  [premium]  V3.02.10;8.25;;20;V;premium;25;105.88;70.27;5901765036929;;;;;0;2.260;0;;0;0;0;0;
DEC683;KADC2008250PV3021;Kabat;DÊTKA 8.25 - 20  HD  [premium]  V3.02.10;8.25;;20;V;premium;5;105.88;70.27;5901765036929;;;;;0;2.260;0;;0;0;0;0;
DEC111;KADC200825V302800;Kabat;DÊTKA 8.25 - 20  V3.02.8;8.25;;20;0;;26;95.68;61.64;;;;;;0;2.260;0;;0;0;0;0;
DEC111;KADC200825V302800;Kabat;DÊTKA 8.25 - 20  V3.02.8;8.25;;20;0;;13;95.68;61.64;;;;;;0;2.260;0;;0;0;0;0;
DEC111;KADC200825V302800;Kabat;DÊTKA 8.25 - 20  V3.02.8;8.25;;20;0;;20;95.68;61.64;;;;;;0;2.260;0;;0;0;0;0;
DEC111;KADC200825V302800;Kabat;DÊTKA 8.25 - 20  V3.02.8;8.25;;20;0;;5;95.68;61.64;;;;;;0;2.260;0;;0;0;0;0;
DEC111;KADC200825V302800;Kabat;DÊTKA 8.25 - 20  V3.02.8;8.25;;20;0;;80;95.68;61.64;;;;;;0;2.260;0;;0;0;0;0;
DEC111;KADC200825V302800;Kabat;DÊTKA 8.25 - 20  V3.02.8;8.25;;20;0;;100;95.68;61.64;;;;;;0;2.260;0;;0;0;0;0;
DEC111;KADC200825V302800;Kabat;DÊTKA 8.25 - 20  V3.02.8;8.25;;20;0;;100;95.68;61.64;;;;;;0;2.260;0;;0;0;0;0;
DEC111;KADC200825V302800;Kabat;DÊTKA 8.25 - 20  V3.02.8;8.25;;20;0;;0;95.68;61.64;;;;;;0;2.260;0;;0;0;0;0;
DEC111;KADC200825V302800;Kabat;DÊTKA 8.25 - 20  V3.02.8;8.25;;20;0;;100;95.68;61.64;;;;;;0;2.260;0;;0;0;0;0;
DEC111;KADC200825V302800;Kabat;DÊTKA 8.25 - 20  V3.02.8;8.25;;20;0;;0;95.68;61.64;;;;;;0;2.260;0;;0;0;0;0;
DEC111;KADC200825V302800;Kabat;DÊTKA 8.25 - 20  V3.02.8;8.25;;20;0;;9;95.68;61.64;;;;;;0;2.260;0;;0;0;0;0;
DEC111;KADC200825V302800;Kabat;DÊTKA 8.25 - 20  V3.02.8;8.25;;20;0;;22;95.68;61.64;;;;;;0;2.260;0;;0;0;0;0;
DEC111;KADC200825V302800;Kabat;DÊTKA 8.25 - 20  V3.02.8;8.25;;20;0;;2;95.68;61.64;;;;;;0;2.260;0;;0;0;0;0;
DEC111;KADC200825V302800;Kabat;DÊTKA 8.25 - 20  V3.02.8;8.25;;20;0;;24;95.68;61.64;;;;;;0;2.260;0;;0;0;0;0;
DEC111;KADC200825V302800;Kabat;DÊTKA 8.25 - 20  V3.02.8;8.25;;20;0;;28;95.68;61.64;;;;;;0;2.260;0;;0;0;0;0;
DEC111;KADC200825V302800;Kabat;DÊTKA 8.25 - 20  V3.02.8;8.25;;20;0;;6;95.68;61.64;;;;;;0;2.260;0;;0;0;0;0;
DEC111;KADC200825V302800;Kabat;DÊTKA 8.25 - 20  V3.02.8;8.25;;20;0;;40;95.68;61.64;;;;;;0;2.260;0;;0;0;0;0;
DEC179;KADC200825V306500;Kabat;DÊTKA 8.25 - 20  V3.06.5;8.25;;20;0;;8;95.68;61.74;;;;;;0;2.260;0;;0;0;0;0;
DEC179;KADC200825V306500;Kabat;DÊTKA 8.25 - 20  V3.06.5;8.25;;20;0;;78;95.68;61.74;;;;;;0;2.260;0;;0;0;0;0;
DEC179;KADC200825V306500;Kabat;DÊTKA 8.25 - 20  V3.06.5;8.25;;20;0;;62;95.68;61.74;;;;;;0;2.260;0;;0;0;0;0;
DEC179;KADC200825V306500;Kabat;DÊTKA 8.25 - 20  V3.06.5;8.25;;20;0;;7;95.68;61.74;;;;;;0;2.260;0;;0;0;0;0;
DEC179;KADC200825V306500;Kabat;DÊTKA 8.25 - 20  V3.06.5;8.25;;20;0;;100;95.68;61.74;;;;;;0;2.260;0;;0;0;0;0;
DEC179;KADC200825V306500;Kabat;DÊTKA 8.25 - 20  V3.06.5;8.25;;20;0;;4;95.68;61.74;;;;;;0;2.260;0;;0;0;0;0;
DEC179;KADC200825V306500;Kabat;DÊTKA 8.25 - 20  V3.06.5;8.25;;20;0;;7;95.68;61.74;;;;;;0;2.260;0;;0;0;0;0;
DEC179;KADC200825V306500;Kabat;DÊTKA 8.25 - 20  V3.06.5;8.25;;20;0;;11;95.68;61.74;;;;;;0;2.260;0;;0;0;0;0;
DEC179;KADC200825V306500;Kabat;DÊTKA 8.25 - 20  V3.06.5;8.25;;20;0;;4;95.68;61.74;;;;;;0;2.260;0;;0;0;0;0;
DEC179;KADC200825V306500;Kabat;DÊTKA 8.25 - 20  V3.06.5;8.25;;20;0;;8;95.68;61.74;;;;;;0;2.260;0;;0;0;0;0;
DEC179;KADC200825V306500;Kabat;DÊTKA 8.25 - 20  V3.06.5;8.25;;20;0;;1;95.68;61.74;;;;;;0;2.260;0;;0;0;0;0;
DEC179;KADC200825V306500;Kabat;DÊTKA 8.25 - 20  V3.06.5;8.25;;20;0;;0;95.68;61.74;;;;;;0;2.260;0;;0;0;0;0;
DEC179;KADC200825V306500;Kabat;DÊTKA 8.25 - 20  V3.06.5;8.25;;20;0;;4;95.68;61.74;;;;;;0;2.260;0;;0;0;0;0;
DEC007;KADC2009000V30211;Kabat;DÊTKA 9.00 - 20  V3.02.11;900;;20;A3;;6;88.73;59.78;5901765000067;;;;;0;2.400;0;;0;0;0;0;
DEC007;KADC2009000V30211;Kabat;DÊTKA 9.00 - 20  V3.02.11;900;;20;A3;;10;88.73;59.78;5901765000067;;;;;0;2.400;0;;0;0;0;0;
DEC007;KADC2009000V30211;Kabat;DÊTKA 9.00 - 20  V3.02.11;900;;20;A3;;54;88.73;59.78;5901765000067;;;;;0;2.400;0;;0;0;0;0;
DEC007;KADC2009000V30211;Kabat;DÊTKA 9.00 - 20  V3.02.11;900;;20;A3;;8;88.73;59.78;5901765000067;;;;;0;2.400;0;;0;0;0;0;
DEC007;KADC2009000V30211;Kabat;DÊTKA 9.00 - 20  V3.02.11;900;;20;A3;;100;88.73;59.78;5901765000067;;;;;0;2.400;0;;0;0;0;0;
DEC007;KADC2009000V30211;Kabat;DÊTKA 9.00 - 20  V3.02.11;900;;20;A3;;100;88.73;59.78;5901765000067;;;;;0;2.400;0;;0;0;0;0;
DEC007;KADC2009000V30211;Kabat;DÊTKA 9.00 - 20  V3.02.11;900;;20;A3;;1;88.73;59.78;5901765000067;;;;;0;2.400;0;;0;0;0;0;
DEC007;KADC2009000V30211;Kabat;DÊTKA 9.00 - 20  V3.02.11;900;;20;A3;;0;88.73;59.78;5901765000067;;;;;0;2.400;0;;0;0;0;0;
DEC007;KADC2009000V30211;Kabat;DÊTKA 9.00 - 20  V3.02.11;900;;20;A3;;16;88.73;59.78;5901765000067;;;;;0;2.400;0;;0;0;0;0;
DEC007;KADC2009000V30211;Kabat;DÊTKA 9.00 - 20  V3.02.11;900;;20;A3;;17;88.73;59.78;5901765000067;;;;;0;2.400;0;;0;0;0;0;
DEC007;KADC2009000V30211;Kabat;DÊTKA 9.00 - 20  V3.02.11;900;;20;A3;;2;88.73;59.78;5901765000067;;;;;0;2.400;0;;0;0;0;0;
DEC007;KADC2009000V30211;Kabat;DÊTKA 9.00 - 20  V3.02.11;900;;20;A3;;16;88.73;59.78;5901765000067;;;;;0;2.400;0;;0;0;0;0;
DEC007;KADC2009000V30211;Kabat;DÊTKA 9.00 - 20  V3.02.11;900;;20;A3;;5;88.73;59.78;5901765000067;;;;;0;2.400;0;;0;0;0;0;
DEC007;KADC2009000V30211;Kabat;DÊTKA 9.00 - 20  V3.02.11;900;;20;A3;;19;88.73;59.78;5901765000067;;;;;0;2.400;0;;0;0;0;0;
DEC007;KADC2009000V30211;Kabat;DÊTKA 9.00 - 20  V3.02.11;900;;20;A3;;5;88.73;59.78;5901765000067;;;;;0;2.400;0;;0;0;0;0;
DEC007;KADC2009000V30211;Kabat;DÊTKA 9.00 - 20  V3.02.11;900;;20;A3;;26;88.73;59.78;5901765000067;;;;;0;2.400;0;;0;0;0;0;
DEC007;KADC2009000V30211;Kabat;DÊTKA 9.00 - 20  V3.02.11;900;;20;A3;;100;88.73;59.78;5901765000067;;;;;0;2.400;0;;0;0;0;0;
DEC036;KADC22512000V3062;Kabat;DÊTKA 12.00 - R22.5  V3.06.2;120;82;22.5;V;;4;169.57;111.44;5901765000333;;;;;0;3.180;0;;0;0;0;0;
DEC036;KADC22512000V3062;Kabat;DÊTKA 12.00 - R22.5  V3.06.2;120;82;22.5;V;;4;169.57;111.44;5901765000333;;;;;0;3.180;0;;0;0;0;0;
DEC036;KADC22512000V3062;Kabat;DÊTKA 12.00 - R22.5  V3.06.2;120;82;22.5;V;;4;169.57;111.44;5901765000333;;;;;0;3.180;0;;0;0;0;0;
DER314;KADC2251500TR3000;Kabat;DÊTKA 15.00 - R22.5  TR-300;150;;22.5;R;;1;212.64;130.53;5901765009367;;;;;0;3.180;0;;0;0;0;0;
DER314;KADC2251500TR3000;Kabat;DÊTKA 15.00 - R22.5  TR-300;150;;22.5;R;;1;212.64;130.53;5901765009367;;;;;0;3.180;0;;0;0;0;0;
DER314;KADC2251500TR3000;Kabat;DÊTKA 15.00 - R22.5  TR-300;150;;22.5;R;;1;212.64;130.53;5901765009367;;;;;0;3.180;0;;0;0;0;0;
DER314;KADC2251500TR3000;Kabat;DÊTKA 15.00 - R22.5  TR-300;150;;22.5;R;;2;212.64;130.53;5901765009367;;;;;0;3.180;0;;0;0;0;0;
DEC215;KADC22516518TR218;Kabat;DÊTKA 16.5/18 - 22.5 TR-218A;165;;22.5;T;;4;255.16;158.34;5901765001804;;;;;0;5.960;0;;0;0;0;0;
DEC215;KADC22516518TR218;Kabat;DÊTKA 16.5/18 - 22.5 TR-218A;165;;22.5;T;;2;255.16;158.34;5901765001804;;;;;0;5.960;0;;0;0;0;0;
DEC215;KADC22516518TR218;Kabat;DÊTKA 16.5/18 - 22.5 TR-218A;165;;22.5;T;;2;255.16;158.34;5901765001804;;;;;0;5.960;0;;0;0;0;0;
DEC215;KADC22516518TR218;Kabat;DÊTKA 16.5/18 - 22.5 TR-218A;165;;22.5;T;;40;255.16;158.34;5901765001804;;;;;0;5.960;0;;0;0;0;0;
DEC215;KADC22516518TR218;Kabat;DÊTKA 16.5/18 - 22.5 TR-218A;165;;22.5;T;;17;255.16;158.34;5901765001804;;;;;0;5.960;0;;0;0;0;0;
DEC215;KADC22516518TR218;Kabat;DÊTKA 16.5/18 - 22.5 TR-218A;165;;22.5;T;;5;255.16;158.34;5901765001804;;;;;0;5.960;0;;0;0;0;0;
DEC215;KADC22516518TR218;Kabat;DÊTKA 16.5/18 - 22.5 TR-218A;165;;22.5;T;;4;255.16;158.34;5901765001804;;;;;0;5.960;0;;0;0;0;0;
DEC215;KADC22516518TR218;Kabat;DÊTKA 16.5/18 - 22.5 TR-218A;165;;22.5;T;;3;255.16;158.34;5901765001804;;;;;0;5.960;0;;0;0;0;0;
DEC215;KADC22516518TR218;Kabat;DÊTKA 16.5/18 - 22.5 TR-218A;165;;22.5;T;;2;255.16;158.34;5901765001804;;;;;0;5.960;0;;0;0;0;0;
DEC215;KADC22516518TR218;Kabat;DÊTKA 16.5/18 - 22.5 TR-218A;165;;22.5;T;;1;255.16;158.34;5901765001804;;;;;0;5.960;0;;0;0;0;0;
DEC215;KADC22516518TR218;Kabat;DÊTKA 16.5/18 - 22.5 TR-218A;165;;22.5;T;;23;255.16;158.34;5901765001804;;;;;0;5.960;0;;0;0;0;0;
DER392;KADC22531580VS321;Kabat;DÊTKA 315/80 - R22.5  VS3.21.1;315;80;22.5;V;;8;201.79;127.51;5901765010028;;;;;0;11.080;0;;0;0;0;0;
DER392;KADC22531580VS321;Kabat;DÊTKA 315/80 - R22.5  VS3.21.1;315;80;22.5;V;;9;201.79;127.51;5901765010028;;;;;0;11.080;0;;0;0;0;0;
DER392;KADC22531580VS321;Kabat;DÊTKA 315/80 - R22.5  VS3.21.1;315;80;22.5;V;;8;201.79;127.51;5901765010028;;;;;0;11.080;0;;0;0;0;0;
DER392;KADC22531580VS321;Kabat;DÊTKA 315/80 - R22.5  VS3.21.1;315;80;22.5;V;;1;201.79;127.51;5901765010028;;;;;0;11.080;0;;0;0;0;0;
DEC034;KADC225H0000V3062;Kabat;DÊTKA 10.00 - R22.5  V3.06.2;10.00;82;22.5;V;;0;138.79;85.2;5901765000319;;;;;0;3.180;0;;0;0;0;0;
DEC034;KADC225H0000V3062;Kabat;DÊTKA 10.00 - R22.5  V3.06.2;10.00;82;22.5;V;;1;138.79;85.2;5901765000319;;;;;0;3.180;0;;0;0;0;0;
DEC034;KADC225H0000V3062;Kabat;DÊTKA 10.00 - R22.5  V3.06.2;10.00;82;22.5;V;;1;138.79;85.2;5901765000319;;;;;0;3.180;0;;0;0;0;0;
DER543;KADC28060065TR218;Kabat;DÊTKA 600/65 - 28  TR-218A;600;65;28;T;;1;249.12;160.78;;;;;;0;9.400;0;;0;0;0;0;
DER543;KADC28060065TR218;Kabat;DÊTKA 600/65 - 28  TR-218A;600;65;28;T;;21;249.12;160.78;;;;;;0;9.400;0;;0;0;0;0;
DER543;KADC28060065TR218;Kabat;DÊTKA 600/65 - 28  TR-218A;600;65;28;T;;1;249.12;160.78;;;;;;0;9.400;0;;0;0;0;0;
DER543;KADC28060065TR218;Kabat;DÊTKA 600/65 - 28  TR-218A;600;65;28;T;;0;249.12;160.78;;;;;;0;9.400;0;;0;0;0;0;
DER543;KADC28060065TR218;Kabat;DÊTKA 600/65 - 28  TR-218A;600;65;28;T;;22;249.12;160.78;;;;;;0;9.400;0;;0;0;0;0;
DER543;KADC28060065TR218;Kabat;DÊTKA 600/65 - 28  TR-218A;600;65;28;T;;3;249.12;160.78;;;;;;0;9.400;0;;0;0;0;0;
DER543;KADC28060065TR218;Kabat;DÊTKA 600/65 - 28  TR-218A;600;65;28;T;;31;249.12;160.78;;;;;;0;9.400;0;;0;0;0;0;
DER543;KADC28060065TR218;Kabat;DÊTKA 600/65 - 28  TR-218A;600;65;28;T;;2;249.12;160.78;;;;;;0;9.400;0;;0;0;0;0;
DER543;KADC28060065TR218;Kabat;DÊTKA 600/65 - 28  TR-218A;600;65;28;T;;2;249.12;160.78;;;;;;0;9.400;0;;0;0;0;0;
DER543;KADC28060065TR218;Kabat;DÊTKA 600/65 - 28  TR-218A;600;65;28;T;;1;249.12;160.78;;;;;;0;9.400;0;;0;0;0;0;
DER667;KADC34060065TR218;Kabat;DÊTKA 600/65 - 34  TR-218A;600;65;34;T;;10;691.81;429.39;5901765022755;;;;;0;11.080;0;;0;0;0;0;
DER667;KADC34060065TR218;Kabat;DÊTKA 600/65 - 34  TR-218A;600;65;34;T;;1;691.81;429.39;5901765022755;;;;;0;11.080;0;;0;0;0;0;
DER667;KADC34060065TR218;Kabat;DÊTKA 600/65 - 34  TR-218A;600;65;34;T;;1;691.81;429.39;5901765022755;;;;;0;11.080;0;;0;0;0;0;
DER667;KADC34060065TR218;Kabat;DÊTKA 600/65 - 34  TR-218A;600;65;34;T;;16;691.81;429.39;5901765022755;;;;;0;11.080;0;;0;0;0;0;
DER667;KADC34060065TR218;Kabat;DÊTKA 600/65 - 34  TR-218A;600;65;34;T;;2;691.81;429.39;5901765022755;;;;;0;11.080;0;;0;0;0;0;
DER667;KADC34060065TR218;Kabat;DÊTKA 600/65 - 34  TR-218A;600;65;34;T;;10;691.81;429.39;5901765022755;;;;;0;11.080;0;;0;0;0;0;
DER667;KADC34060065TR218;Kabat;DÊTKA 600/65 - 34  TR-218A;600;65;34;T;;0;691.81;429.39;5901765022755;;;;;0;11.080;0;;0;0;0;0;
DER667;KADC34060065TR218;Kabat;DÊTKA 600/65 - 34  TR-218A;600;65;34;T;;2;691.81;429.39;5901765022755;;;;;0;11.080;0;;0;0;0;0;
DER668;KADC34070055TR218;Kabat;DÊTKA 700/55 - 34  TR-218A;700;55;34;T;;1;727.81;446.76;5901765022762;;;;;0;11.080;0;;0;0;0;0;
DER668;KADC34070055TR218;Kabat;DÊTKA 700/55 - 34  TR-218A;700;55;34;T;;1;727.81;446.76;5901765022762;;;;;0;11.080;0;;0;0;0;0;
DER668;KADC34070055TR218;Kabat;DÊTKA 700/55 - 34  TR-218A;700;55;34;T;;19;727.81;446.76;5901765022762;;;;;0;11.080;0;;0;0;0;0;
DER668;KADC34070055TR218;Kabat;DÊTKA 700/55 - 34  TR-218A;700;55;34;T;;16;727.81;446.76;5901765022762;;;;;0;11.080;0;;0;0;0;0;
DER668;KADC34070055TR218;Kabat;DÊTKA 700/55 - 34  TR-218A;700;55;34;T;;0;727.81;446.76;5901765022762;;;;;0;11.080;0;;0;0;0;0;
DER668;KADC34070055TR218;Kabat;DÊTKA 700/55 - 34  TR-218A;700;55;34;T;;2;727.81;446.76;5901765022762;;;;;0;11.080;0;;0;0;0;0;
DER668;KADC34070055TR218;Kabat;DÊTKA 700/55 - 34  TR-218A;700;55;34;T;;3;727.81;446.76;5901765022762;;;;;0;11.080;0;;0;0;0;0;
DER668;KADC34070055TR218;Kabat;DÊTKA 700/55 - 34  TR-218A;700;55;34;T;;11;727.81;446.76;5901765022762;;;;;0;11.080;0;;0;0;0;0;
DER668;KADC34070055TR218;Kabat;DÊTKA 700/55 - 34  TR-218A;700;55;34;T;;1;727.81;446.76;5901765022762;;;;;0;11.080;0;;0;0;0;0;
DEC390;KADC5081200500PK5;Kabat;DÊTKA 12.00 x 500 - 508  PK5A 145;120;105;508;0;;1;306.45;190.2;5901765003518;;;;;0;4.210;0;;0;0;0;0;
DEC390;KADC5081200500PK5;Kabat;DÊTKA 12.00 x 500 - 508  PK5A 145;120;105;508;0;;0;306.45;190.2;5901765003518;;;;;0;4.210;0;;0;0;0;0;
DEC390;KADC5081200500PK5;Kabat;DÊTKA 12.00 x 500 - 508  PK5A 145;120;105;508;0;;1;306.45;190.2;5901765003518;;;;;0;4.210;0;;0;0;0;0;
DEC389;KADC5331300530PK5;Kabat;DÊTKA 1300 x 530 - 533  PK5A 145;130;105;533;A3;;3;484.82;300.86;5901765003501;;;;;0;9.400;0;;0;0;0;0;
DEC389;KADC5331300530PK5;Kabat;DÊTKA 1300 x 530 - 533  PK5A 145;130;105;533;A3;;3;484.82;300.86;5901765003501;;;;;0;9.400;0;;0;0;0;0;
DEC389;KADC5331300530PK5;Kabat;DÊTKA 1300 x 530 - 533  PK5A 145;130;105;533;A3;;1;484.82;300.86;5901765003501;;;;;0;9.400;0;;0;0;0;0;
DEC389;KADC5331300530PK5;Kabat;DÊTKA 1300 x 530 - 533  PK5A 145;130;105;533;A3;;4;484.82;300.86;5901765003501;;;;;0;9.400;0;;0;0;0;0;
DET239;KADP040250300TR87;Kabat;DÊTKA 2.50/3.00 - 4  TR-87 S;250;30;4;0;;13;25.98;16.56;;;;;;0;0.160;0;;0;0;0;0;
DET239;KADP040250300TR87;Kabat;DÊTKA 2.50/3.00 - 4  TR-87 S;250;30;4;0;;3;25.98;16.56;;;;;;0;0.160;0;;0;0;0;0;
DET239;KADP040250300TR87;Kabat;DÊTKA 2.50/3.00 - 4  TR-87 S;250;30;4;0;;100;25.98;16.56;;;;;;0;0.160;0;;0;0;0;0;
DET239;KADP040250300TR87;Kabat;DÊTKA 2.50/3.00 - 4  TR-87 S;250;30;4;0;;21;25.98;16.56;;;;;;0;0.160;0;;0;0;0;0;
DET239;KADP040250300TR87;Kabat;DÊTKA 2.50/3.00 - 4  TR-87 S;250;30;4;0;;13;25.98;16.56;;;;;;0;0.160;0;;0;0;0;0;
DET239;KADP040250300TR87;Kabat;DÊTKA 2.50/3.00 - 4  TR-87 S;250;30;4;0;;40;25.98;16.56;;;;;;0;0.160;0;;0;0;0;0;
DET239;KADP040250300TR87;Kabat;DÊTKA 2.50/3.00 - 4  TR-87 S;250;30;4;0;;99;25.98;16.56;;;;;;0;0.160;0;;0;0;0;0;
DET239;KADP040250300TR87;Kabat;DÊTKA 2.50/3.00 - 4  TR-87 S;250;30;4;0;;1;25.98;16.56;;;;;;0;0.160;0;;0;0;0;0;
DET239;KADP040250300TR87;Kabat;DÊTKA 2.50/3.00 - 4  TR-87 S;250;30;4;0;;8;25.98;16.56;;;;;;0;0.160;0;;0;0;0;0;
DET239;KADP040250300TR87;Kabat;DÊTKA 2.50/3.00 - 4  TR-87 S;250;30;4;0;;19;25.98;16.56;;;;;;0;0.160;0;;0;0;0;0;
DET239;KADP040250300TR87;Kabat;DÊTKA 2.50/3.00 - 4  TR-87 S;250;30;4;0;;4;25.98;16.56;;;;;;0;0.160;0;;0;0;0;0;
DET239;KADP040250300TR87;Kabat;DÊTKA 2.50/3.00 - 4  TR-87 S;250;30;4;0;;11;25.98;16.56;;;;;;0;0.160;0;;0;0;0;0;
DET239;KADP040250300TR87;Kabat;DÊTKA 2.50/3.00 - 4  TR-87 S;250;30;4;0;;86;25.98;16.56;;;;;;0;0.160;0;;0;0;0;0;
DET239;KADP040250300TR87;Kabat;DÊTKA 2.50/3.00 - 4  TR-87 S;250;30;4;0;;5;25.98;16.56;;;;;;0;0.160;0;;0;0;0;0;
DET035;KADP040300000TR13;Kabat;DÊTKA 3.00 - 4  TR-13;300;82;4;0;;100;23.35;14.49;5901765011292;;;;;0;0.160;0;;0;0;0;0;
DET035;KADP040300000TR13;Kabat;DÊTKA 3.00 - 4  TR-13;300;82;4;0;;10;23.35;14.49;5901765011292;;;;;0;0.160;0;;0;0;0;0;
DET035;KADP040300000TR13;Kabat;DÊTKA 3.00 - 4  TR-13;300;82;4;0;;2;23.35;14.49;5901765011292;;;;;0;0.160;0;;0;0;0;0;
DET035;KADP040300000TR13;Kabat;DÊTKA 3.00 - 4  TR-13;300;82;4;0;;26;23.35;14.49;5901765011292;;;;;0;0.160;0;;0;0;0;0;
DET035;KADP040300000TR13;Kabat;DÊTKA 3.00 - 4  TR-13;300;82;4;0;;6;23.35;14.49;5901765011292;;;;;0;0.160;0;;0;0;0;0;
DET035;KADP040300000TR13;Kabat;DÊTKA 3.00 - 4  TR-13;300;82;4;0;;4;23.35;14.49;5901765011292;;;;;0;0.160;0;;0;0;0;0;
DET035;KADP040300000TR13;Kabat;DÊTKA 3.00 - 4  TR-13;300;82;4;0;;16;23.35;14.49;5901765011292;;;;;0;0.160;0;;0;0;0;0;
DET035;KADP040300000TR13;Kabat;DÊTKA 3.00 - 4  TR-13;300;82;4;0;;5;23.35;14.49;5901765011292;;;;;0;0.160;0;;0;0;0;0;
DET035;KADP040300000TR13;Kabat;DÊTKA 3.00 - 4  TR-13;300;82;4;0;;10;23.35;14.49;5901765011292;;;;;0;0.160;0;;0;0;0;0;
DET035;KADP040300000TR13;Kabat;DÊTKA 3.00 - 4  TR-13;300;82;4;0;;100;23.35;14.49;5901765011292;;;;;0;0.160;0;;0;0;0;0;
DET035;KADP040300000TR13;Kabat;DÊTKA 3.00 - 4  TR-13;300;82;4;0;;11;23.35;14.49;5901765011292;;;;;0;0.160;0;;0;0;0;0;
DET035;KADP040300000TR13;Kabat;DÊTKA 3.00 - 4  TR-13;300;82;4;0;;15;23.35;14.49;5901765011292;;;;;0;0.160;0;;0;0;0;0;
DET035;KADP040300000TR13;Kabat;DÊTKA 3.00 - 4  TR-13;300;82;4;0;;63;23.35;14.49;5901765011292;;;;;0;0.160;0;;0;0;0;0;
DET035;KADP040300000TR13;Kabat;DÊTKA 3.00 - 4  TR-13;300;82;4;0;;4;23.35;14.49;5901765011292;;;;;0;0.160;0;;0;0;0;0;
DET034;KADP040400000TR13;Kabat;DÊTKA 4.00 - 4  TR-13;400;82;4;0;;16;27.5;17.06;5901765011285;;;;;0;0.210;0;;0;0;0;0;
DET034;KADP040400000TR13;Kabat;DÊTKA 4.00 - 4  TR-13;400;82;4;0;;61;27.5;17.06;5901765011285;;;;;0;0.210;0;;0;0;0;0;
DET034;KADP040400000TR13;Kabat;DÊTKA 4.00 - 4  TR-13;400;82;4;0;;4;27.5;17.06;5901765011285;;;;;0;0.210;0;;0;0;0;0;
DET034;KADP040400000TR13;Kabat;DÊTKA 4.00 - 4  TR-13;400;82;4;0;;3;27.5;17.06;5901765011285;;;;;0;0.210;0;;0;0;0;0;
DET034;KADP040400000TR13;Kabat;DÊTKA 4.00 - 4  TR-13;400;82;4;0;;100;27.5;17.06;5901765011285;;;;;0;0.210;0;;0;0;0;0;
DET034;KADP040400000TR13;Kabat;DÊTKA 4.00 - 4  TR-13;400;82;4;0;;14;27.5;17.06;5901765011285;;;;;0;0.210;0;;0;0;0;0;
DET034;KADP040400000TR13;Kabat;DÊTKA 4.00 - 4  TR-13;400;82;4;0;;15;27.5;17.06;5901765011285;;;;;0;0.210;0;;0;0;0;0;
DET034;KADP040400000TR13;Kabat;DÊTKA 4.00 - 4  TR-13;400;82;4;0;;6;27.5;17.06;5901765011285;;;;;0;0.210;0;;0;0;0;0;
DET034;KADP040400000TR13;Kabat;DÊTKA 4.00 - 4  TR-13;400;82;4;0;;8;27.5;17.06;5901765011285;;;;;0;0.210;0;;0;0;0;0;
DET034;KADP040400000TR13;Kabat;DÊTKA 4.00 - 4  TR-13;400;82;4;0;;21;27.5;17.06;5901765011285;;;;;0;0.210;0;;0;0;0;0;
DET034;KADP040400000TR13;Kabat;DÊTKA 4.00 - 4  TR-13;400;82;4;0;;3;27.5;17.06;5901765011285;;;;;0;0.210;0;;0;0;0;0;
DET034;KADP040400000TR13;Kabat;DÊTKA 4.00 - 4  TR-13;400;82;4;0;;11;27.5;17.06;5901765011285;;;;;0;0.210;0;;0;0;0;0;
DET034;KADP040400000TR13;Kabat;DÊTKA 4.00 - 4  TR-13;400;82;4;0;;6;27.5;17.06;5901765011285;;;;;0;0.210;0;;0;0;0;0;
DET034;KADP040400000TR13;Kabat;DÊTKA 4.00 - 4  TR-13;400;82;4;0;;92;27.5;17.06;5901765011285;;;;;0;0.210;0;;0;0;0;0;
DET034;KADP040400000TR13;Kabat;DÊTKA 4.00 - 4  TR-13;400;82;4;0;;100;27.5;17.06;5901765011285;;;;;0;0.210;0;;0;0;0;0;
DET034;KADP040400000TR13;Kabat;DÊTKA 4.00 - 4  TR-13;400;82;4;0;;11;27.5;17.06;5901765011285;;;;;0;0.210;0;;0;0;0;0;
DET034;KADP040400000TR13;Kabat;DÊTKA 4.00 - 4  TR-13;400;82;4;0;;6;27.5;17.06;5901765011285;;;;;0;0.210;0;;0;0;0;0;
DET238;KADP04040000TR870;Kabat;DÊTKA 4.00 - 4  TR-87 S;400;82;4;T;;38;28.43;17.64;5901765026401;;;;;0;0.210;0;;0;0;0;0;
DET238;KADP04040000TR870;Kabat;DÊTKA 4.00 - 4  TR-87 S;400;82;4;T;;21;28.43;17.64;5901765026401;;;;;0;0.210;0;;0;0;0;0;
DET238;KADP04040000TR870;Kabat;DÊTKA 4.00 - 4  TR-87 S;400;82;4;T;;16;28.43;17.64;5901765026401;;;;;0;0.210;0;;0;0;0;0;
DET238;KADP04040000TR870;Kabat;DÊTKA 4.00 - 4  TR-87 S;400;82;4;T;;19;28.43;17.64;5901765026401;;;;;0;0.210;0;;0;0;0;0;
DET238;KADP04040000TR870;Kabat;DÊTKA 4.00 - 4  TR-87 S;400;82;4;T;;12;28.43;17.64;5901765026401;;;;;0;0.210;0;;0;0;0;0;
DET238;KADP04040000TR870;Kabat;DÊTKA 4.00 - 4  TR-87 S;400;82;4;T;;32;28.43;17.64;5901765026401;;;;;0;0.210;0;;0;0;0;0;
DET238;KADP04040000TR870;Kabat;DÊTKA 4.00 - 4  TR-87 S;400;82;4;T;;23;28.43;17.64;5901765026401;;;;;0;0.210;0;;0;0;0;0;
DET238;KADP04040000TR870;Kabat;DÊTKA 4.00 - 4  TR-87 S;400;82;4;T;;100;28.43;17.64;5901765026401;;;;;0;0.210;0;;0;0;0;0;
DET238;KADP04040000TR870;Kabat;DÊTKA 4.00 - 4  TR-87 S;400;82;4;T;;49;28.43;17.64;5901765026401;;;;;0;0.210;0;;0;0;0;0;
DET238;KADP04040000TR870;Kabat;DÊTKA 4.00 - 4  TR-87 S;400;82;4;T;;15;28.43;17.64;5901765026401;;;;;0;0.210;0;;0;0;0;0;
DET238;KADP04040000TR870;Kabat;DÊTKA 4.00 - 4  TR-87 S;400;82;4;T;;20;28.43;17.64;5901765026401;;;;;0;0.210;0;;0;0;0;0;
DET238;KADP04040000TR870;Kabat;DÊTKA 4.00 - 4  TR-87 S;400;82;4;T;;27;28.43;17.64;5901765026401;;;;;0;0.210;0;;0;0;0;0;
DET238;KADP04040000TR870;Kabat;DÊTKA 4.00 - 4  TR-87 S;400;82;4;T;;100;28.43;17.64;5901765026401;;;;;0;0.210;0;;0;0;0;0;
DET238;KADP04040000TR870;Kabat;DÊTKA 4.00 - 4  TR-87 S;400;82;4;T;;100;28.43;17.64;5901765026401;;;;;0;0.210;0;;0;0;0;0;
DET238;KADP04040000TR870;Kabat;DÊTKA 4.00 - 4  TR-87 S;400;82;4;T;;25;28.43;17.64;5901765026401;;;;;0;0.210;0;;0;0;0;0;
DET238;KADP04040000TR870;Kabat;DÊTKA 4.00 - 4  TR-87 S;400;82;4;T;;69;28.43;17.64;5901765026401;;;;;0;0.210;0;;0;0;0;0;
DET067;KADP0421000000JS2;Kabat;DÊTKA 21 x 4  JS-2;100;82;;0;;0;41.92;27.55;5901765011575;;;;;0;0.720;0;;0;0;0;0;
DET157;KADP04250280V6022;Kabat;DÊTKA 2.50/2.80 - 4  V6.02.2  [TR-87];;80;;V;TR-87;10;27.35;16.97;5901765012428;;;;;0;0.070;0;;0;0;0;0;
DET157;KADP04250280V6022;Kabat;DÊTKA 2.50/2.80 - 4  V6.02.2  [TR-87];;80;;V;TR-87;29;27.35;16.97;5901765012428;;;;;0;0.070;0;;0;0;0;0;
DET157;KADP04250280V6022;Kabat;DÊTKA 2.50/2.80 - 4  V6.02.2  [TR-87];;80;;V;TR-87;10;27.35;16.97;5901765012428;;;;;0;0.070;0;;0;0;0;0;
DET157;KADP04250280V6022;Kabat;DÊTKA 2.50/2.80 - 4  V6.02.2  [TR-87];;80;;V;TR-87;2;27.35;16.97;5901765012428;;;;;0;0.070;0;;0;0;0;0;
DET157;KADP04250280V6022;Kabat;DÊTKA 2.50/2.80 - 4  V6.02.2  [TR-87];;80;;V;TR-87;10;27.35;16.97;5901765012428;;;;;0;0.070;0;;0;0;0;0;
DET157;KADP04250280V6022;Kabat;DÊTKA 2.50/2.80 - 4  V6.02.2  [TR-87];;80;;V;TR-87;7;27.35;16.97;5901765012428;;;;;0;0.070;0;;0;0;0;0;
DET271;KADP050F10E40TR87;Kabat;DÊTKA 11 x 4.00 - 5  TR-87 S;11;;5;0;;3;31.88;20.68;;;;;;0;0.300;0;;0;0;0;0;
DET271;KADP050F10E40TR87;Kabat;DÊTKA 11 x 4.00 - 5  TR-87 S;11;;5;0;;72;31.88;20.68;;;;;;0;0.300;0;;0;0;0;0;
DET271;KADP050F10E40TR87;Kabat;DÊTKA 11 x 4.00 - 5  TR-87 S;11;;5;0;;4;31.88;20.68;;;;;;0;0.300;0;;0;0;0;0;
DET271;KADP050F10E40TR87;Kabat;DÊTKA 11 x 4.00 - 5  TR-87 S;11;;5;0;;10;31.88;20.68;;;;;;0;0.300;0;;0;0;0;0;
DET271;KADP050F10E40TR87;Kabat;DÊTKA 11 x 4.00 - 5  TR-87 S;11;;5;0;;3;31.88;20.68;;;;;;0;0.300;0;;0;0;0;0;
DET271;KADP050F10E40TR87;Kabat;DÊTKA 11 x 4.00 - 5  TR-87 S;11;;5;0;;2;31.88;20.68;;;;;;0;0.300;0;;0;0;0;0;
DET271;KADP050F10E40TR87;Kabat;DÊTKA 11 x 4.00 - 5  TR-87 S;11;;5;0;;3;31.88;20.68;;;;;;0;0.300;0;;0;0;0;0;
DET271;KADP050F10E40TR87;Kabat;DÊTKA 11 x 4.00 - 5  TR-87 S;11;;5;0;;2;31.88;20.68;;;;;;0;0.300;0;;0;0;0;0;
DET271;KADP050F10E40TR87;Kabat;DÊTKA 11 x 4.00 - 5  TR-87 S;11;;5;0;;2;31.88;20.68;;;;;;0;0.300;0;;0;0;0;0;
DET271;KADP050F10E40TR87;Kabat;DÊTKA 11 x 4.00 - 5  TR-87 S;11;;5;0;;59;31.88;20.68;;;;;;0;0.300;0;;0;0;0;0;
DET271;KADP050F10E40TR87;Kabat;DÊTKA 11 x 4.00 - 5  TR-87 S;11;;5;0;;43;31.88;20.68;;;;;;0;0.300;0;;0;0;0;0;
DET036;KADP060156000TR13;Kabat;DÊTKA 15 x 6.00 - 6  TR-13;15 x 6.00;82;6;0;;12;41.34;25.66;5901765011308;;;;;0;0.510;0;;0;0;0;0;
DET036;KADP060156000TR13;Kabat;DÊTKA 15 x 6.00 - 6  TR-13;15 x 6.00;82;6;0;;34;41.34;25.66;5901765011308;;;;;0;0.510;0;;0;0;0;0;
DET036;KADP060156000TR13;Kabat;DÊTKA 15 x 6.00 - 6  TR-13;15 x 6.00;82;6;0;;100;41.34;25.66;5901765011308;;;;;0;0.510;0;;0;0;0;0;
DET036;KADP060156000TR13;Kabat;DÊTKA 15 x 6.00 - 6  TR-13;15 x 6.00;82;6;0;;0;41.34;25.66;5901765011308;;;;;0;0.510;0;;0;0;0;0;
DET036;KADP060156000TR13;Kabat;DÊTKA 15 x 6.00 - 6  TR-13;15 x 6.00;82;6;0;;100;41.34;25.66;5901765011308;;;;;0;0.510;0;;0;0;0;0;
DET036;KADP060156000TR13;Kabat;DÊTKA 15 x 6.00 - 6  TR-13;15 x 6.00;82;6;0;;100;41.34;25.66;5901765011308;;;;;0;0.510;0;;0;0;0;0;
DET036;KADP060156000TR13;Kabat;DÊTKA 15 x 6.00 - 6  TR-13;15 x 6.00;82;6;0;;12;41.34;25.66;5901765011308;;;;;0;0.510;0;;0;0;0;0;
DET043;KADP080187000TR13;Kabat;DÊTKA 18 x 7 - 8  TR-13;18 x 7;82;8;0;;0;48.18;29.9;5901765011360;;;;;0;0.610;0;;0;0;0;0;
DET043;KADP080187000TR13;Kabat;DÊTKA 18 x 7 - 8  TR-13;18 x 7;82;8;0;;6;48.18;29.9;5901765011360;;;;;0;0.610;0;;0;0;0;0;
DET043;KADP080187000TR13;Kabat;DÊTKA 18 x 7 - 8  TR-13;18 x 7;82;8;0;;15;48.18;29.9;5901765011360;;;;;0;0.610;0;;0;0;0;0;
DET043;KADP080187000TR13;Kabat;DÊTKA 18 x 7 - 8  TR-13;18 x 7;82;8;0;;16;48.18;29.9;5901765011360;;;;;0;0.610;0;;0;0;0;0;
DET043;KADP080187000TR13;Kabat;DÊTKA 18 x 7 - 8  TR-13;18 x 7;82;8;0;;3;48.18;29.9;5901765011360;;;;;0;0.610;0;;0;0;0;0;
DET043;KADP080187000TR13;Kabat;DÊTKA 18 x 7 - 8  TR-13;18 x 7;82;8;0;;9;48.18;29.9;5901765011360;;;;;0;0.610;0;;0;0;0;0;
DET043;KADP080187000TR13;Kabat;DÊTKA 18 x 7 - 8  TR-13;18 x 7;82;8;0;;18;48.18;29.9;5901765011360;;;;;0;0.610;0;;0;0;0;0;
DET043;KADP080187000TR13;Kabat;DÊTKA 18 x 7 - 8  TR-13;18 x 7;82;8;0;;58;48.18;29.9;5901765011360;;;;;0;0.610;0;;0;0;0;0;
DET043;KADP080187000TR13;Kabat;DÊTKA 18 x 7 - 8  TR-13;18 x 7;82;8;0;;11;48.18;29.9;5901765011360;;;;;0;0.610;0;;0;0;0;0;
DET043;KADP080187000TR13;Kabat;DÊTKA 18 x 7 - 8  TR-13;18 x 7;82;8;0;;100;48.18;29.9;5901765011360;;;;;0;0.610;0;;0;0;0;0;
DET043;KADP080187000TR13;Kabat;DÊTKA 18 x 7 - 8  TR-13;18 x 7;82;8;0;;5;48.18;29.9;5901765011360;;;;;0;0.610;0;;0;0;0;0;
DET043;KADP080187000TR13;Kabat;DÊTKA 18 x 7 - 8  TR-13;18 x 7;82;8;0;;2;48.18;29.9;5901765011360;;;;;0;0.610;0;;0;0;0;0;
DET043;KADP080187000TR13;Kabat;DÊTKA 18 x 7 - 8  TR-13;18 x 7;82;8;0;;20;48.18;29.9;5901765011360;;;;;0;0.610;0;;0;0;0;0;
DET043;KADP080187000TR13;Kabat;DÊTKA 18 x 7 - 8  TR-13;18 x 7;82;8;0;;1;48.18;29.9;5901765011360;;;;;0;0.610;0;;0;0;0;0;
DET043;KADP080187000TR13;Kabat;DÊTKA 18 x 7 - 8  TR-13;18 x 7;82;8;0;;7;48.18;29.9;5901765011360;;;;;0;0.610;0;;0;0;0;0;
DET043;KADP080187000TR13;Kabat;DÊTKA 18 x 7 - 8  TR-13;18 x 7;82;8;0;;95;48.18;29.9;5901765011360;;;;;0;0.610;0;;0;0;0;0;
DET043;KADP080187000TR13;Kabat;DÊTKA 18 x 7 - 8  TR-13;18 x 7;82;8;0;;5;48.18;29.9;5901765011360;;;;;0;0.610;0;;0;0;0;0;
DET144;KADP100188105TR13;Kabat;DÊTKA 18 x 8.00/8.5/10.50 - 10  TR-13;18.5 x 8.5;100;10;A5;;3;50.92;31.26;5901765012305;;;;;0;0.810;0;;0;0;0;0;
DET144;KADP100188105TR13;Kabat;DÊTKA 18 x 8.00/8.5/10.50 - 10  TR-13;18.5 x 8.5;100;10;A5;;42;50.92;31.26;5901765012305;;;;;0;0.810;0;;0;0;0;0;
DET144;KADP100188105TR13;Kabat;DÊTKA 18 x 8.00/8.5/10.50 - 10  TR-13;18.5 x 8.5;100;10;A5;;1;50.92;31.26;5901765012305;;;;;0;0.810;0;;0;0;0;0;
DET144;KADP100188105TR13;Kabat;DÊTKA 18 x 8.00/8.5/10.50 - 10  TR-13;18.5 x 8.5;100;10;A5;;26;50.92;31.26;5901765012305;;;;;0;0.810;0;;0;0;0;0;
DET144;KADP100188105TR13;Kabat;DÊTKA 18 x 8.00/8.5/10.50 - 10  TR-13;18.5 x 8.5;100;10;A5;;28;50.92;31.26;5901765012305;;;;;0;0.810;0;;0;0;0;0;
DET144;KADP100188105TR13;Kabat;DÊTKA 18 x 8.00/8.5/10.50 - 10  TR-13;18.5 x 8.5;100;10;A5;;2;50.92;31.26;5901765012305;;;;;0;0.810;0;;0;0;0;0;
DET144;KADP100188105TR13;Kabat;DÊTKA 18 x 8.00/8.5/10.50 - 10  TR-13;18.5 x 8.5;100;10;A5;;1;50.92;31.26;5901765012305;;;;;0;0.810;0;;0;0;0;0;
DET144;KADP100188105TR13;Kabat;DÊTKA 18 x 8.00/8.5/10.50 - 10  TR-13;18.5 x 8.5;100;10;A5;;5;50.92;31.26;5901765012305;;;;;0;0.810;0;;0;0;0;0;
DET144;KADP100188105TR13;Kabat;DÊTKA 18 x 8.00/8.5/10.50 - 10  TR-13;18.5 x 8.5;100;10;A5;;4;50.92;31.26;5901765012305;;;;;0;0.810;0;;0;0;0;0;
DET144;KADP100188105TR13;Kabat;DÊTKA 18 x 8.00/8.5/10.50 - 10  TR-13;18.5 x 8.5;100;10;A5;;0;50.92;31.26;5901765012305;;;;;0;0.810;0;;0;0;0;0;
DET066;KADP10020800100TR;Kabat;DÊTKA 20 x 8.00/10.00 - 10  TR-13;20x8.00;82;10;A1;;30;53.8;33.03;5901765011568;;;;;0;0.810;0;;0;0;0;0;
DET066;KADP10020800100TR;Kabat;DÊTKA 20 x 8.00/10.00 - 10  TR-13;20x8.00;82;10;A1;;5;53.8;33.03;5901765011568;;;;;0;0.810;0;;0;0;0;0;
DET066;KADP10020800100TR;Kabat;DÊTKA 20 x 8.00/10.00 - 10  TR-13;20x8.00;82;10;A1;;2;53.8;33.03;5901765011568;;;;;0;0.810;0;;0;0;0;0;
DET066;KADP10020800100TR;Kabat;DÊTKA 20 x 8.00/10.00 - 10  TR-13;20x8.00;82;10;A1;;1;53.8;33.03;5901765011568;;;;;0;0.810;0;;0;0;0;0;
DET066;KADP10020800100TR;Kabat;DÊTKA 20 x 8.00/10.00 - 10  TR-13;20x8.00;82;10;A1;;15;53.8;33.03;5901765011568;;;;;0;0.810;0;;0;0;0;0;
DET066;KADP10020800100TR;Kabat;DÊTKA 20 x 8.00/10.00 - 10  TR-13;20x8.00;82;10;A1;;73;53.8;33.03;5901765011568;;;;;0;0.810;0;;0;0;0;0;
DET066;KADP10020800100TR;Kabat;DÊTKA 20 x 8.00/10.00 - 10  TR-13;20x8.00;82;10;A1;;1;53.8;33.03;5901765011568;;;;;0;0.810;0;;0;0;0;0;
DET066;KADP10020800100TR;Kabat;DÊTKA 20 x 8.00/10.00 - 10  TR-13;20x8.00;82;10;A1;;100;53.8;33.03;5901765011568;;;;;0;0.810;0;;0;0;0;0;
DET066;KADP10020800100TR;Kabat;DÊTKA 20 x 8.00/10.00 - 10  TR-13;20x8.00;82;10;A1;;10;53.8;33.03;5901765011568;;;;;0;0.810;0;;0;0;0;0;
DET066;KADP10020800100TR;Kabat;DÊTKA 20 x 8.00/10.00 - 10  TR-13;20x8.00;82;10;A1;;55;53.8;33.03;5901765011568;;;;;0;0.810;0;;0;0;0;0;
DET066;KADP10020800100TR;Kabat;DÊTKA 20 x 8.00/10.00 - 10  TR-13;20x8.00;82;10;A1;;3;53.8;33.03;5901765011568;;;;;0;0.810;0;;0;0;0;0;
DET066;KADP10020800100TR;Kabat;DÊTKA 20 x 8.00/10.00 - 10  TR-13;20x8.00;82;10;A1;;15;53.8;33.03;5901765011568;;;;;0;0.810;0;;0;0;0;0;
DET066;KADP10020800100TR;Kabat;DÊTKA 20 x 8.00/10.00 - 10  TR-13;20x8.00;82;10;A1;;5;53.8;33.03;5901765011568;;;;;0;0.810;0;;0;0;0;0;
DET066;KADP10020800100TR;Kabat;DÊTKA 20 x 8.00/10.00 - 10  TR-13;20x8.00;82;10;A1;;12;53.8;33.03;5901765011568;;;;;0;0.810;0;;0;0;0;0;
DET049;KADP1002309000000;Kabat;DÊTKA 23 x 9 - 10 JS-2;230;90;10;0;;2;53.53;33.22;5901765011414;;;;;0;0.750;0;;0;0;0;0;
DET049;KADP1002309000000;Kabat;DÊTKA 23 x 9 - 10 JS-2;230;90;10;0;;15;53.53;33.22;5901765011414;;;;;0;0.750;0;;0;0;0;0;
DET049;KADP1002309000000;Kabat;DÊTKA 23 x 9 - 10 JS-2;230;90;10;0;;6;53.53;33.22;5901765011414;;;;;0;0.750;0;;0;0;0;0;
DET049;KADP1002309000000;Kabat;DÊTKA 23 x 9 - 10 JS-2;230;90;10;0;;59;53.53;33.22;5901765011414;;;;;0;0.750;0;;0;0;0;0;
DET049;KADP1002309000000;Kabat;DÊTKA 23 x 9 - 10 JS-2;230;90;10;0;;24;53.53;33.22;5901765011414;;;;;0;0.750;0;;0;0;0;0;
DET049;KADP1002309000000;Kabat;DÊTKA 23 x 9 - 10 JS-2;230;90;10;0;;9;53.53;33.22;5901765011414;;;;;0;0.750;0;;0;0;0;0;
DET049;KADP1002309000000;Kabat;DÊTKA 23 x 9 - 10 JS-2;230;90;10;0;;27;53.53;33.22;5901765011414;;;;;0;0.750;0;;0;0;0;0;
DET050;KADP10023900V3027;Kabat;DÊTKA 23 x 9 - 10  V3.02.7;23 x 9;82;10;V;;77;56.55;35.09;5901765011421;;;;;0;0.750;0;;0;0;0;0;
DET050;KADP10023900V3027;Kabat;DÊTKA 23 x 9 - 10  V3.02.7;23 x 9;82;10;V;;6;56.55;35.09;5901765011421;;;;;0;0.750;0;;0;0;0;0;
DET050;KADP10023900V3027;Kabat;DÊTKA 23 x 9 - 10  V3.02.7;23 x 9;82;10;V;;7;56.55;35.09;5901765011421;;;;;0;0.750;0;;0;0;0;0;
DET050;KADP10023900V3027;Kabat;DÊTKA 23 x 9 - 10  V3.02.7;23 x 9;82;10;V;;93;56.55;35.09;5901765011421;;;;;0;0.750;0;;0;0;0;0;
DET050;KADP10023900V3027;Kabat;DÊTKA 23 x 9 - 10  V3.02.7;23 x 9;82;10;V;;5;56.55;35.09;5901765011421;;;;;0;0.750;0;;0;0;0;0;
DET050;KADP10023900V3027;Kabat;DÊTKA 23 x 9 - 10  V3.02.7;23 x 9;82;10;V;;8;56.55;35.09;5901765011421;;;;;0;0.750;0;;0;0;0;0;
DET050;KADP10023900V3027;Kabat;DÊTKA 23 x 9 - 10  V3.02.7;23 x 9;82;10;V;;6;56.55;35.09;5901765011421;;;;;0;0.750;0;;0;0;0;0;
DET050;KADP10023900V3027;Kabat;DÊTKA 23 x 9 - 10  V3.02.7;23 x 9;82;10;V;;2;56.55;35.09;5901765011421;;;;;0;0.750;0;;0;0;0;0;
DET050;KADP10023900V3027;Kabat;DÊTKA 23 x 9 - 10  V3.02.7;23 x 9;82;10;V;;6;56.55;35.09;5901765011421;;;;;0;0.750;0;;0;0;0;0;
DET050;KADP10023900V3027;Kabat;DÊTKA 23 x 9 - 10  V3.02.7;23 x 9;82;10;V;;3;56.55;35.09;5901765011421;;;;;0;0.750;0;;0;0;0;0;
DET050;KADP10023900V3027;Kabat;DÊTKA 23 x 9 - 10  V3.02.7;23 x 9;82;10;V;;22;56.55;35.09;5901765011421;;;;;0;0.750;0;;0;0;0;0;
DET050;KADP10023900V3027;Kabat;DÊTKA 23 x 9 - 10  V3.02.7;23 x 9;82;10;V;;28;56.55;35.09;5901765011421;;;;;0;0.750;0;;0;0;0;0;
DET050;KADP10023900V3027;Kabat;DÊTKA 23 x 9 - 10  V3.02.7;23 x 9;82;10;V;;4;56.55;35.09;5901765011421;;;;;0;0.750;0;;0;0;0;0;
DET050;KADP10023900V3027;Kabat;DÊTKA 23 x 9 - 10  V3.02.7;23 x 9;82;10;V;;18;56.55;35.09;5901765011421;;;;;0;0.750;0;;0;0;0;0;
DET050;KADP10023900V3027;Kabat;DÊTKA 23 x 9 - 10  V3.02.7;23 x 9;82;10;V;;100;56.55;35.09;5901765011421;;;;;0;0.750;0;;0;0;0;0;
DET050;KADP10023900V3027;Kabat;DÊTKA 23 x 9 - 10  V3.02.7;23 x 9;82;10;V;;9;56.55;35.09;5901765011421;;;;;0;0.750;0;;0;0;0;0;
DET050;KADP10023900V3027;Kabat;DÊTKA 23 x 9 - 10  V3.02.7;23 x 9;82;10;V;;2;56.55;35.09;5901765011421;;;;;0;0.750;0;;0;0;0;0;
DET006;KADP100400000TR00;Kabat;DÊTKA 4.00 - 10  V6.02.2  [TR-87];400;82;10;0;TR-87;100;28.21;17.93;5901765011032;;;;;0;0.470;0;;0;0;0;0;
DET006;KADP100400000TR00;Kabat;DÊTKA 4.00 - 10  V6.02.2  [TR-87];400;82;10;0;TR-87;72;28.21;17.93;5901765011032;;;;;0;0.470;0;;0;0;0;0;
DET006;KADP100400000TR00;Kabat;DÊTKA 4.00 - 10  V6.02.2  [TR-87];400;82;10;0;TR-87;100;28.21;17.93;5901765011032;;;;;0;0.470;0;;0;0;0;0;
DET006;KADP100400000TR00;Kabat;DÊTKA 4.00 - 10  V6.02.2  [TR-87];400;82;10;0;TR-87;85;28.21;17.93;5901765011032;;;;;0;0.470;0;;0;0;0;0;
DET006;KADP100400000TR00;Kabat;DÊTKA 4.00 - 10  V6.02.2  [TR-87];400;82;10;0;TR-87;100;28.21;17.93;5901765011032;;;;;0;0.470;0;;0;0;0;0;
DET006;KADP100400000TR00;Kabat;DÊTKA 4.00 - 10  V6.02.2  [TR-87];400;82;10;0;TR-87;58;28.21;17.93;5901765011032;;;;;0;0.470;0;;0;0;0;0;
DET006;KADP100400000TR00;Kabat;DÊTKA 4.00 - 10  V6.02.2  [TR-87];400;82;10;0;TR-87;100;28.21;17.93;5901765011032;;;;;0;0.470;0;;0;0;0;0;
DET006;KADP100400000TR00;Kabat;DÊTKA 4.00 - 10  V6.02.2  [TR-87];400;82;10;0;TR-87;82;28.21;17.93;5901765011032;;;;;0;0.470;0;;0;0;0;0;
DET006;KADP100400000TR00;Kabat;DÊTKA 4.00 - 10  V6.02.2  [TR-87];400;82;10;0;TR-87;100;28.21;17.93;5901765011032;;;;;0;0.470;0;;0;0;0;0;
DET006;KADP100400000TR00;Kabat;DÊTKA 4.00 - 10  V6.02.2  [TR-87];400;82;10;0;TR-87;100;28.21;17.93;5901765011032;;;;;0;0.470;0;;0;0;0;0;
DET006;KADP100400000TR00;Kabat;DÊTKA 4.00 - 10  V6.02.2  [TR-87];400;82;10;0;TR-87;43;28.21;17.93;5901765011032;;;;;0;0.470;0;;0;0;0;0;
DET006;KADP100400000TR00;Kabat;DÊTKA 4.00 - 10  V6.02.2  [TR-87];400;82;10;0;TR-87;77;28.21;17.93;5901765011032;;;;;0;0.470;0;;0;0;0;0;
DET006;KADP100400000TR00;Kabat;DÊTKA 4.00 - 10  V6.02.2  [TR-87];400;82;10;0;TR-87;100;28.21;17.93;5901765011032;;;;;0;0.470;0;;0;0;0;0;
DET006;KADP100400000TR00;Kabat;DÊTKA 4.00 - 10  V6.02.2  [TR-87];400;82;10;0;TR-87;16;28.21;17.93;5901765011032;;;;;0;0.470;0;;0;0;0;0;
DET006;KADP100400000TR00;Kabat;DÊTKA 4.00 - 10  V6.02.2  [TR-87];400;82;10;0;TR-87;37;28.21;17.93;5901765011032;;;;;0;0.470;0;;0;0;0;0;
DET006;KADP100400000TR00;Kabat;DÊTKA 4.00 - 10  V6.02.2  [TR-87];400;82;10;0;TR-87;62;28.21;17.93;5901765011032;;;;;0;0.470;0;;0;0;0;0;
DET006;KADP100400000TR00;Kabat;DÊTKA 4.00 - 10  V6.02.2  [TR-87];400;82;10;0;TR-87;45;28.21;17.93;5901765011032;;;;;0;0.470;0;;0;0;0;0;
DET005;KADP100400440TR13;Kabat;DÊTKA 4.00/4.40 - 10  TR-13;400;;10;0;;28;29.84;18.52;5901765011025;;;;;0;0.470;0;;0;0;0;0;
DET005;KADP100400440TR13;Kabat;DÊTKA 4.00/4.40 - 10  TR-13;400;;10;0;;100;29.84;18.52;5901765011025;;;;;0;0.470;0;;0;0;0;0;
DET005;KADP100400440TR13;Kabat;DÊTKA 4.00/4.40 - 10  TR-13;400;;10;0;;20;29.84;18.52;5901765011025;;;;;0;0.470;0;;0;0;0;0;
DET005;KADP100400440TR13;Kabat;DÊTKA 4.00/4.40 - 10  TR-13;400;;10;0;;3;29.84;18.52;5901765011025;;;;;0;0.470;0;;0;0;0;0;
DET005;KADP100400440TR13;Kabat;DÊTKA 4.00/4.40 - 10  TR-13;400;;10;0;;31;29.84;18.52;5901765011025;;;;;0;0.470;0;;0;0;0;0;
DET005;KADP100400440TR13;Kabat;DÊTKA 4.00/4.40 - 10  TR-13;400;;10;0;;66;29.84;18.52;5901765011025;;;;;0;0.470;0;;0;0;0;0;
DET005;KADP100400440TR13;Kabat;DÊTKA 4.00/4.40 - 10  TR-13;400;;10;0;;48;29.84;18.52;5901765011025;;;;;0;0.470;0;;0;0;0;0;
DET005;KADP100400440TR13;Kabat;DÊTKA 4.00/4.40 - 10  TR-13;400;;10;0;;52;29.84;18.52;5901765011025;;;;;0;0.470;0;;0;0;0;0;
DET005;KADP100400440TR13;Kabat;DÊTKA 4.00/4.40 - 10  TR-13;400;;10;0;;100;29.84;18.52;5901765011025;;;;;0;0.470;0;;0;0;0;0;
DET005;KADP100400440TR13;Kabat;DÊTKA 4.00/4.40 - 10  TR-13;400;;10;0;;35;29.84;18.52;5901765011025;;;;;0;0.470;0;;0;0;0;0;
DET005;KADP100400440TR13;Kabat;DÊTKA 4.00/4.40 - 10  TR-13;400;;10;0;;47;29.84;18.52;5901765011025;;;;;0;0.470;0;;0;0;0;0;
DET005;KADP100400440TR13;Kabat;DÊTKA 4.00/4.40 - 10  TR-13;400;;10;0;;100;29.84;18.52;5901765011025;;;;;0;0.470;0;;0;0;0;0;
DET005;KADP100400440TR13;Kabat;DÊTKA 4.00/4.40 - 10  TR-13;400;;10;0;;100;29.84;18.52;5901765011025;;;;;0;0.470;0;;0;0;0;0;
DET005;KADP100400440TR13;Kabat;DÊTKA 4.00/4.40 - 10  TR-13;400;;10;0;;53;29.84;18.52;5901765011025;;;;;0;0.470;0;;0;0;0;0;
DET005;KADP100400440TR13;Kabat;DÊTKA 4.00/4.40 - 10  TR-13;400;;10;0;;61;29.84;18.52;5901765011025;;;;;0;0.470;0;;0;0;0;0;
DET005;KADP100400440TR13;Kabat;DÊTKA 4.00/4.40 - 10  TR-13;400;;10;0;;100;29.84;18.52;5901765011025;;;;;0;0.470;0;;0;0;0;0;
DET005;KADP100400440TR13;Kabat;DÊTKA 4.00/4.40 - 10  TR-13;400;;10;0;;85;29.84;18.52;5901765011025;;;;;0;0.470;0;;0;0;0;0;
DET027;KADP10065000JS200;Kabat;DÊTKA 6.50 - 10  JS-2 FI-45;650;82;10;J;;18;46.63;28.93;5901765011223;;;;;0;0.750;0;;0;0;0;0;
DET027;KADP10065000JS200;Kabat;DÊTKA 6.50 - 10  JS-2 FI-45;650;82;10;J;;9;46.63;28.93;5901765011223;;;;;0;0.750;0;;0;0;0;0;
DET027;KADP10065000JS200;Kabat;DÊTKA 6.50 - 10  JS-2 FI-45;650;82;10;J;;67;46.63;28.93;5901765011223;;;;;0;0.750;0;;0;0;0;0;
DET027;KADP10065000JS200;Kabat;DÊTKA 6.50 - 10  JS-2 FI-45;650;82;10;J;;6;46.63;28.93;5901765011223;;;;;0;0.750;0;;0;0;0;0;
DET027;KADP10065000JS200;Kabat;DÊTKA 6.50 - 10  JS-2 FI-45;650;82;10;J;;13;46.63;28.93;5901765011223;;;;;0;0.750;0;;0;0;0;0;
DET027;KADP10065000JS200;Kabat;DÊTKA 6.50 - 10  JS-2 FI-45;650;82;10;J;;3;46.63;28.93;5901765011223;;;;;0;0.750;0;;0;0;0;0;
DET027;KADP10065000JS200;Kabat;DÊTKA 6.50 - 10  JS-2 FI-45;650;82;10;J;;41;46.63;28.93;5901765011223;;;;;0;0.750;0;;0;0;0;0;
DET027;KADP10065000JS200;Kabat;DÊTKA 6.50 - 10  JS-2 FI-45;650;82;10;J;;2;46.63;28.93;5901765011223;;;;;0;0.750;0;;0;0;0;0;
DET027;KADP10065000JS200;Kabat;DÊTKA 6.50 - 10  JS-2 FI-45;650;82;10;J;;0;46.63;28.93;5901765011223;;;;;0;0.750;0;;0;0;0;0;
DET027;KADP10065000JS200;Kabat;DÊTKA 6.50 - 10  JS-2 FI-45;650;82;10;J;;8;46.63;28.93;5901765011223;;;;;0;0.750;0;;0;0;0;0;
DET027;KADP10065000JS200;Kabat;DÊTKA 6.50 - 10  JS-2 FI-45;650;82;10;J;;100;46.63;28.93;5901765011223;;;;;0;0.750;0;;0;0;0;0;
DET027;KADP10065000JS200;Kabat;DÊTKA 6.50 - 10  JS-2 FI-45;650;82;10;J;;6;46.63;28.93;5901765011223;;;;;0;0.750;0;;0;0;0;0;
DET143;KADP10065000TR130;Kabat;DÊTKA 6.50 - 10  TR-13;650;82;10;T;;2;48.06;29.82;5901765012299;;;;;0;0.750;0;;0;0;0;0;
DET143;KADP10065000TR130;Kabat;DÊTKA 6.50 - 10  TR-13;650;82;10;T;;45;48.06;29.82;5901765012299;;;;;0;0.750;0;;0;0;0;0;
DET143;KADP10065000TR130;Kabat;DÊTKA 6.50 - 10  TR-13;650;82;10;T;;5;48.06;29.82;5901765012299;;;;;0;0.750;0;;0;0;0;0;
DET143;KADP10065000TR130;Kabat;DÊTKA 6.50 - 10  TR-13;650;82;10;T;;34;48.06;29.82;5901765012299;;;;;0;0.750;0;;0;0;0;0;
DET143;KADP10065000TR130;Kabat;DÊTKA 6.50 - 10  TR-13;650;82;10;T;;29;48.06;29.82;5901765012299;;;;;0;0.750;0;;0;0;0;0;
DET143;KADP10065000TR130;Kabat;DÊTKA 6.50 - 10  TR-13;650;82;10;T;;3;48.06;29.82;5901765012299;;;;;0;0.750;0;;0;0;0;0;
DET143;KADP10065000TR130;Kabat;DÊTKA 6.50 - 10  TR-13;650;82;10;T;;4;48.06;29.82;5901765012299;;;;;0;0.750;0;;0;0;0;0;
DET143;KADP10065000TR130;Kabat;DÊTKA 6.50 - 10  TR-13;650;82;10;T;;2;48.06;29.82;5901765012299;;;;;0;0.750;0;;0;0;0;0;
DET009;KADP10065000V6022;Kabat;DÊTKA 6.50 - 10  V6.02.2  [TR-87];650;82;10;V;TR-87;78;47.03;29.11;5901765011063;;;;;0;0.750;0;;0;0;0;0;
DET009;KADP10065000V6022;Kabat;DÊTKA 6.50 - 10  V6.02.2  [TR-87];650;82;10;V;TR-87;13;47.03;29.11;5901765011063;;;;;0;0.750;0;;0;0;0;0;
DET009;KADP10065000V6022;Kabat;DÊTKA 6.50 - 10  V6.02.2  [TR-87];650;82;10;V;TR-87;100;47.03;29.11;5901765011063;;;;;0;0.750;0;;0;0;0;0;
DET009;KADP10065000V6022;Kabat;DÊTKA 6.50 - 10  V6.02.2  [TR-87];650;82;10;V;TR-87;27;47.03;29.11;5901765011063;;;;;0;0.750;0;;0;0;0;0;
DET009;KADP10065000V6022;Kabat;DÊTKA 6.50 - 10  V6.02.2  [TR-87];650;82;10;V;TR-87;4;47.03;29.11;5901765011063;;;;;0;0.750;0;;0;0;0;0;
DET009;KADP10065000V6022;Kabat;DÊTKA 6.50 - 10  V6.02.2  [TR-87];650;82;10;V;TR-87;100;47.03;29.11;5901765011063;;;;;0;0.750;0;;0;0;0;0;
DET009;KADP10065000V6022;Kabat;DÊTKA 6.50 - 10  V6.02.2  [TR-87];650;82;10;V;TR-87;30;47.03;29.11;5901765011063;;;;;0;0.750;0;;0;0;0;0;
DET009;KADP10065000V6022;Kabat;DÊTKA 6.50 - 10  V6.02.2  [TR-87];650;82;10;V;TR-87;28;47.03;29.11;5901765011063;;;;;0;0.750;0;;0;0;0;0;
DET009;KADP10065000V6022;Kabat;DÊTKA 6.50 - 10  V6.02.2  [TR-87];650;82;10;V;TR-87;100;47.03;29.11;5901765011063;;;;;0;0.750;0;;0;0;0;0;
DET009;KADP10065000V6022;Kabat;DÊTKA 6.50 - 10  V6.02.2  [TR-87];650;82;10;V;TR-87;94;47.03;29.11;5901765011063;;;;;0;0.750;0;;0;0;0;0;
DET009;KADP10065000V6022;Kabat;DÊTKA 6.50 - 10  V6.02.2  [TR-87];650;82;10;V;TR-87;41;47.03;29.11;5901765011063;;;;;0;0.750;0;;0;0;0;0;
DET009;KADP10065000V6022;Kabat;DÊTKA 6.50 - 10  V6.02.2  [TR-87];650;82;10;V;TR-87;59;47.03;29.11;5901765011063;;;;;0;0.750;0;;0;0;0;0;
DET009;KADP10065000V6022;Kabat;DÊTKA 6.50 - 10  V6.02.2  [TR-87];650;82;10;V;TR-87;40;47.03;29.11;5901765011063;;;;;0;0.750;0;;0;0;0;0;
DET009;KADP10065000V6022;Kabat;DÊTKA 6.50 - 10  V6.02.2  [TR-87];650;82;10;V;TR-87;4;47.03;29.11;5901765011063;;;;;0;0.750;0;;0;0;0;0;
DET112;KADP1007080090GP4;Kabat;DÊTKA 21 x 7/8/9.00 - 10  GP-4;;82;10;A9;;1;56.67;34.79;5901765011995;;;;;0;0.810;0;;0;0;0;0;
DET112;KADP1007080090GP4;Kabat;DÊTKA 21 x 7/8/9.00 - 10  GP-4;;82;10;A9;;35;56.67;34.79;5901765011995;;;;;0;0.810;0;;0;0;0;0;
DET112;KADP1007080090GP4;Kabat;DÊTKA 21 x 7/8/9.00 - 10  GP-4;;82;10;A9;;2;56.67;34.79;5901765011995;;;;;0;0.810;0;;0;0;0;0;
DET112;KADP1007080090GP4;Kabat;DÊTKA 21 x 7/8/9.00 - 10  GP-4;;82;10;A9;;1;56.67;34.79;5901765011995;;;;;0;0.810;0;;0;0;0;0;
DET112;KADP1007080090GP4;Kabat;DÊTKA 21 x 7/8/9.00 - 10  GP-4;;82;10;A9;;6;56.67;34.79;5901765011995;;;;;0;0.810;0;;0;0;0;0;
DET112;KADP1007080090GP4;Kabat;DÊTKA 21 x 7/8/9.00 - 10  GP-4;;82;10;A9;;2;56.67;34.79;5901765011995;;;;;0;0.810;0;;0;0;0;0;
DET112;KADP1007080090GP4;Kabat;DÊTKA 21 x 7/8/9.00 - 10  GP-4;;82;10;A9;;10;56.67;34.79;5901765011995;;;;;0;0.810;0;;0;0;0;0;
DET112;KADP1007080090GP4;Kabat;DÊTKA 21 x 7/8/9.00 - 10  GP-4;;82;10;A9;;26;56.67;34.79;5901765011995;;;;;0;0.810;0;;0;0;0;0;
DET112;KADP1007080090GP4;Kabat;DÊTKA 21 x 7/8/9.00 - 10  GP-4;;82;10;A9;;13;56.67;34.79;5901765011995;;;;;0;0.810;0;;0;0;0;0;
DET119;KADP12023850105T1;Kabat;DÊTKA 23 x 8.50/10.50 - 12  TR-15;23 x 8.50;50;12;A1;;1;62.08;38.22;5901765012060;;;;;0;1.140;0;;0;0;0;0;
DET119;KADP12023850105T1;Kabat;DÊTKA 23 x 8.50/10.50 - 12  TR-15;23 x 8.50;50;12;A1;;40;62.08;38.22;5901765012060;;;;;0;1.140;0;;0;0;0;0;
DET119;KADP12023850105T1;Kabat;DÊTKA 23 x 8.50/10.50 - 12  TR-15;23 x 8.50;50;12;A1;;9;62.08;38.22;5901765012060;;;;;0;1.140;0;;0;0;0;0;
DET119;KADP12023850105T1;Kabat;DÊTKA 23 x 8.50/10.50 - 12  TR-15;23 x 8.50;50;12;A1;;74;62.08;38.22;5901765012060;;;;;0;1.140;0;;0;0;0;0;
DET119;KADP12023850105T1;Kabat;DÊTKA 23 x 8.50/10.50 - 12  TR-15;23 x 8.50;50;12;A1;;1;62.08;38.22;5901765012060;;;;;0;1.140;0;;0;0;0;0;
DET119;KADP12023850105T1;Kabat;DÊTKA 23 x 8.50/10.50 - 12  TR-15;23 x 8.50;50;12;A1;;1;62.08;38.22;5901765012060;;;;;0;1.140;0;;0;0;0;0;
DET119;KADP12023850105T1;Kabat;DÊTKA 23 x 8.50/10.50 - 12  TR-15;23 x 8.50;50;12;A1;;1;62.08;38.22;5901765012060;;;;;0;1.140;0;;0;0;0;0;
DET119;KADP12023850105T1;Kabat;DÊTKA 23 x 8.50/10.50 - 12  TR-15;23 x 8.50;50;12;A1;;42;62.08;38.22;5901765012060;;;;;0;1.140;0;;0;0;0;0;
DET119;KADP12023850105T1;Kabat;DÊTKA 23 x 8.50/10.50 - 12  TR-15;23 x 8.50;50;12;A1;;8;62.08;38.22;5901765012060;;;;;0;1.140;0;;0;0;0;0;
DET119;KADP12023850105T1;Kabat;DÊTKA 23 x 8.50/10.50 - 12  TR-15;23 x 8.50;50;12;A1;;3;62.08;38.22;5901765012060;;;;;0;1.140;0;;0;0;0;0;
DET119;KADP12023850105T1;Kabat;DÊTKA 23 x 8.50/10.50 - 12  TR-15;23 x 8.50;50;12;A1;;10;62.08;38.22;5901765012060;;;;;0;1.140;0;;0;0;0;0;
DET058;KADP12023850105TR;Kabat;DÊTKA 23 x 8.50/10.50 - 12  TR-13;23 x 8.50;50;12;A1;;4;65.63;40.73;5901765011490;;;;;0;1.140;0;;0;0;0;0;
DET058;KADP12023850105TR;Kabat;DÊTKA 23 x 8.50/10.50 - 12  TR-13;23 x 8.50;50;12;A1;;4;65.63;40.73;5901765011490;;;;;0;1.140;0;;0;0;0;0;
DET058;KADP12023850105TR;Kabat;DÊTKA 23 x 8.50/10.50 - 12  TR-13;23 x 8.50;50;12;A1;;9;65.63;40.73;5901765011490;;;;;0;1.140;0;;0;0;0;0;
DET058;KADP12023850105TR;Kabat;DÊTKA 23 x 8.50/10.50 - 12  TR-13;23 x 8.50;50;12;A1;;22;65.63;40.73;5901765011490;;;;;0;1.140;0;;0;0;0;0;
DET058;KADP12023850105TR;Kabat;DÊTKA 23 x 8.50/10.50 - 12  TR-13;23 x 8.50;50;12;A1;;5;65.63;40.73;5901765011490;;;;;0;1.140;0;;0;0;0;0;
DET058;KADP12023850105TR;Kabat;DÊTKA 23 x 8.50/10.50 - 12  TR-13;23 x 8.50;50;12;A1;;77;65.63;40.73;5901765011490;;;;;0;1.140;0;;0;0;0;0;
DET058;KADP12023850105TR;Kabat;DÊTKA 23 x 8.50/10.50 - 12  TR-13;23 x 8.50;50;12;A1;;14;65.63;40.73;5901765011490;;;;;0;1.140;0;;0;0;0;0;
DET058;KADP12023850105TR;Kabat;DÊTKA 23 x 8.50/10.50 - 12  TR-13;23 x 8.50;50;12;A1;;0;65.63;40.73;5901765011490;;;;;0;1.140;0;;0;0;0;0;
DET058;KADP12023850105TR;Kabat;DÊTKA 23 x 8.50/10.50 - 12  TR-13;23 x 8.50;50;12;A1;;16;65.63;40.73;5901765011490;;;;;0;1.140;0;;0;0;0;0;
DET058;KADP12023850105TR;Kabat;DÊTKA 23 x 8.50/10.50 - 12  TR-13;23 x 8.50;50;12;A1;;6;65.63;40.73;5901765011490;;;;;0;1.140;0;;0;0;0;0;
DET058;KADP12023850105TR;Kabat;DÊTKA 23 x 8.50/10.50 - 12  TR-13;23 x 8.50;50;12;A1;;14;65.63;40.73;5901765011490;;;;;0;1.140;0;;0;0;0;0;
DET058;KADP12023850105TR;Kabat;DÊTKA 23 x 8.50/10.50 - 12  TR-13;23 x 8.50;50;12;A1;;100;65.63;40.73;5901765011490;;;;;0;1.140;0;;0;0;0;0;
DET058;KADP12023850105TR;Kabat;DÊTKA 23 x 8.50/10.50 - 12  TR-13;23 x 8.50;50;12;A1;;52;65.63;40.73;5901765011490;;;;;0;1.140;0;;0;0;0;0;
DET058;KADP12023850105TR;Kabat;DÊTKA 23 x 8.50/10.50 - 12  TR-13;23 x 8.50;50;12;A1;;7;65.63;40.73;5901765011490;;;;;0;1.140;0;;0;0;0;0;
DET094;KADP12024100000TR;Kabat;DÊTKA 24 x 12.00/13.00 - 12  TR-13;24 x 12.00;82;12;0;;5;91.83;56.99;5901765011834;;;;;0;1.200;0;;0;0;0;0;
DET094;KADP12024100000TR;Kabat;DÊTKA 24 x 12.00/13.00 - 12  TR-13;24 x 12.00;82;12;0;;2;91.83;56.99;5901765011834;;;;;0;1.200;0;;0;0;0;0;
DET094;KADP12024100000TR;Kabat;DÊTKA 24 x 12.00/13.00 - 12  TR-13;24 x 12.00;82;12;0;;2;91.83;56.99;5901765011834;;;;;0;1.200;0;;0;0;0;0;
DET094;KADP12024100000TR;Kabat;DÊTKA 24 x 12.00/13.00 - 12  TR-13;24 x 12.00;82;12;0;;5;91.83;56.99;5901765011834;;;;;0;1.200;0;;0;0;0;0;
DET094;KADP12024100000TR;Kabat;DÊTKA 24 x 12.00/13.00 - 12  TR-13;24 x 12.00;82;12;0;;9;91.83;56.99;5901765011834;;;;;0;1.200;0;;0;0;0;0;
DET110;KADP120261200TR13;Kabat;DÊTKA 26 x 12.00 - 12  TR-13;26x10;20.00;12;0;;0;77.34;48;5901765011971;;;;;0;1.830;0;;0;0;0;0;
DET110;KADP120261200TR13;Kabat;DÊTKA 26 x 12.00 - 12  TR-13;26x10;20.00;12;0;;15;77.34;48;5901765011971;;;;;0;1.830;0;;0;0;0;0;
DET110;KADP120261200TR13;Kabat;DÊTKA 26 x 12.00 - 12  TR-13;26x10;20.00;12;0;;4;77.34;48;5901765011971;;;;;0;1.830;0;;0;0;0;0;
DET110;KADP120261200TR13;Kabat;DÊTKA 26 x 12.00 - 12  TR-13;26x10;20.00;12;0;;70;77.34;48;5901765011971;;;;;0;1.830;0;;0;0;0;0;
DET110;KADP120261200TR13;Kabat;DÊTKA 26 x 12.00 - 12  TR-13;26x10;20.00;12;0;;8;77.34;48;5901765011971;;;;;0;1.830;0;;0;0;0;0;
DET110;KADP120261200TR13;Kabat;DÊTKA 26 x 12.00 - 12  TR-13;26x10;20.00;12;0;;2;77.34;48;5901765011971;;;;;0;1.830;0;;0;0;0;0;
DET110;KADP120261200TR13;Kabat;DÊTKA 26 x 12.00 - 12  TR-13;26x10;20.00;12;0;;9;77.34;48;5901765011971;;;;;0;1.830;0;;0;0;0;0;
DET110;KADP120261200TR13;Kabat;DÊTKA 26 x 12.00 - 12  TR-13;26x10;20.00;12;0;;3;77.34;48;5901765011971;;;;;0;1.830;0;;0;0;0;0;
DET110;KADP120261200TR13;Kabat;DÊTKA 26 x 12.00 - 12  TR-13;26x10;20.00;12;0;;15;77.34;48;5901765011971;;;;;0;1.830;0;;0;0;0;0;
DET110;KADP120261200TR13;Kabat;DÊTKA 26 x 12.00 - 12  TR-13;26x10;20.00;12;0;;54;77.34;48;5901765011971;;;;;0;1.830;0;;0;0;0;0;
DET110;KADP120261200TR13;Kabat;DÊTKA 26 x 12.00 - 12  TR-13;26x10;20.00;12;0;;100;77.34;48;5901765011971;;;;;0;1.830;0;;0;0;0;0;
DET110;KADP120261200TR13;Kabat;DÊTKA 26 x 12.00 - 12  TR-13;26x10;20.00;12;0;;15;77.34;48;5901765011971;;;;;0;1.830;0;;0;0;0;0;
DET110;KADP120261200TR13;Kabat;DÊTKA 26 x 12.00 - 12  TR-13;26x10;20.00;12;0;;17;77.34;48;5901765011971;;;;;0;1.830;0;;0;0;0;0;
DET110;KADP120261200TR13;Kabat;DÊTKA 26 x 12.00 - 12  TR-13;26x10;20.00;12;0;;0;77.34;48;5901765011971;;;;;0;1.830;0;;0;0;0;0;
DET110;KADP120261200TR13;Kabat;DÊTKA 26 x 12.00 - 12  TR-13;26x10;20.00;12;0;;8;77.34;48;5901765011971;;;;;0;1.830;0;;0;0;0;0;
DET079;KADP1202710JS2F57;Kabat;DÊTKA 27 x 10 - 12  JS-2  FI57;27 x 10.50;;12;S;;24;79.55;48.83;5901765011698;;;;;0;1.830;0;;0;0;0;0;
DET079;KADP1202710JS2F57;Kabat;DÊTKA 27 x 10 - 12  JS-2  FI57;27 x 10.50;;12;S;;11;79.55;48.83;5901765011698;;;;;0;1.830;0;;0;0;0;0;
DET079;KADP1202710JS2F57;Kabat;DÊTKA 27 x 10 - 12  JS-2  FI57;27 x 10.50;;12;S;;7;79.55;48.83;5901765011698;;;;;0;1.830;0;;0;0;0;0;
DET079;KADP1202710JS2F57;Kabat;DÊTKA 27 x 10 - 12  JS-2  FI57;27 x 10.50;;12;S;;4;79.55;48.83;5901765011698;;;;;0;1.830;0;;0;0;0;0;
DET079;KADP1202710JS2F57;Kabat;DÊTKA 27 x 10 - 12  JS-2  FI57;27 x 10.50;;12;S;;36;79.55;48.83;5901765011698;;;;;0;1.830;0;;0;0;0;0;
DET079;KADP1202710JS2F57;Kabat;DÊTKA 27 x 10 - 12  JS-2  FI57;27 x 10.50;;12;S;;8;79.55;48.83;5901765011698;;;;;0;1.830;0;;0;0;0;0;
DET079;KADP1202710JS2F57;Kabat;DÊTKA 27 x 10 - 12  JS-2  FI57;27 x 10.50;;12;S;;74;79.55;48.83;5901765011698;;;;;0;1.830;0;;0;0;0;0;
DET079;KADP1202710JS2F57;Kabat;DÊTKA 27 x 10 - 12  JS-2  FI57;27 x 10.50;;12;S;;6;79.55;48.83;5901765011698;;;;;0;1.830;0;;0;0;0;0;
DET079;KADP1202710JS2F57;Kabat;DÊTKA 27 x 10 - 12  JS-2  FI57;27 x 10.50;;12;S;;5;79.55;48.83;5901765011698;;;;;0;1.830;0;;0;0;0;0;
DET079;KADP1202710JS2F57;Kabat;DÊTKA 27 x 10 - 12  JS-2  FI57;27 x 10.50;;12;S;;8;79.55;48.83;5901765011698;;;;;0;1.830;0;;0;0;0;0;
DET079;KADP1202710JS2F57;Kabat;DÊTKA 27 x 10 - 12  JS-2  FI57;27 x 10.50;;12;S;;1;79.55;48.83;5901765011698;;;;;0;1.830;0;;0;0;0;0;
DET015;KADP12050000V1091;Kabat;DÊTKA 5.00 - 12  TR -13;500;82;12;V;;2;39.03;24.23;5901765011124;;;;;0;0.760;0;;0;0;0;0;
DET015;KADP12050000V1091;Kabat;DÊTKA 5.00 - 12  TR -13;500;82;12;V;;66;39.03;24.23;5901765011124;;;;;0;0.760;0;;0;0;0;0;
DET015;KADP12050000V1091;Kabat;DÊTKA 5.00 - 12  TR -13;500;82;12;V;;2;39.03;24.23;5901765011124;;;;;0;0.760;0;;0;0;0;0;
DET015;KADP12050000V1091;Kabat;DÊTKA 5.00 - 12  TR -13;500;82;12;V;;84;39.03;24.23;5901765011124;;;;;0;0.760;0;;0;0;0;0;
DET015;KADP12050000V1091;Kabat;DÊTKA 5.00 - 12  TR -13;500;82;12;V;;0;39.03;24.23;5901765011124;;;;;0;0.760;0;;0;0;0;0;
DET015;KADP12050000V1091;Kabat;DÊTKA 5.00 - 12  TR -13;500;82;12;V;;68;39.03;24.23;5901765011124;;;;;0;0.760;0;;0;0;0;0;
DET015;KADP12050000V1091;Kabat;DÊTKA 5.00 - 12  TR -13;500;82;12;V;;2;39.03;24.23;5901765011124;;;;;0;0.760;0;;0;0;0;0;
DET015;KADP12050000V1091;Kabat;DÊTKA 5.00 - 12  TR -13;500;82;12;V;;8;39.03;24.23;5901765011124;;;;;0;0.760;0;;0;0;0;0;
DET015;KADP12050000V1091;Kabat;DÊTKA 5.00 - 12  TR -13;500;82;12;V;;3;39.03;24.23;5901765011124;;;;;0;0.760;0;;0;0;0;0;
DET015;KADP12050000V1091;Kabat;DÊTKA 5.00 - 12  TR -13;500;82;12;V;;1;39.03;24.23;5901765011124;;;;;0;0.760;0;;0;0;0;0;
DET146;KADP120650800TR13;Kabat;DÊTKA 6.50/80 - 12  TR-13;650;80;12;0;;57;43.23;27.93;;;;;;0;0.760;0;;0;0;0;0;
DET146;KADP120650800TR13;Kabat;DÊTKA 6.50/80 - 12  TR-13;650;80;12;0;;2;43.23;27.93;;;;;;0;0.760;0;;0;0;0;0;
DET146;KADP120650800TR13;Kabat;DÊTKA 6.50/80 - 12  TR-13;650;80;12;0;;69;43.23;27.93;;;;;;0;0.760;0;;0;0;0;0;
DET146;KADP120650800TR13;Kabat;DÊTKA 6.50/80 - 12  TR-13;650;80;12;0;;1;43.23;27.93;;;;;;0;0.760;0;;0;0;0;0;
DET146;KADP120650800TR13;Kabat;DÊTKA 6.50/80 - 12  TR-13;650;80;12;0;;46;43.23;27.93;;;;;;0;0.760;0;;0;0;0;0;
DET146;KADP120650800TR13;Kabat;DÊTKA 6.50/80 - 12  TR-13;650;80;12;0;;4;43.23;27.93;;;;;;0;0.760;0;;0;0;0;0;
DET146;KADP120650800TR13;Kabat;DÊTKA 6.50/80 - 12  TR-13;650;80;12;0;;6;43.23;27.93;;;;;;0;0.760;0;;0;0;0;0;
DET146;KADP120650800TR13;Kabat;DÊTKA 6.50/80 - 12  TR-13;650;80;12;0;;2;43.23;27.93;;;;;;0;0.760;0;;0;0;0;0;
DET146;KADP120650800TR13;Kabat;DÊTKA 6.50/80 - 12  TR-13;650;80;12;0;;4;43.23;27.93;;;;;;0;0.760;0;;0;0;0;0;
DET146;KADP120650800TR13;Kabat;DÊTKA 6.50/80 - 12  TR-13;650;80;12;0;;3;43.23;27.93;;;;;;0;0.760;0;;0;0;0;0;
DET146;KADP120650800TR13;Kabat;DÊTKA 6.50/80 - 12  TR-13;650;80;12;0;;1;43.23;27.93;;;;;;0;0.760;0;;0;0;0;0;
DET057;KADP1207000JS2000;Kabat;DÊTKA 7.00 - 12  JS-2;700;;12;S;;35;64.29;39.9;5901765011483;;;;;0;1.140;0;;0;0;0;0;
DET057;KADP1207000JS2000;Kabat;DÊTKA 7.00 - 12  JS-2;700;;12;S;;12;64.29;39.9;5901765011483;;;;;0;1.140;0;;0;0;0;0;
DET057;KADP1207000JS2000;Kabat;DÊTKA 7.00 - 12  JS-2;700;;12;S;;16;64.29;39.9;5901765011483;;;;;0;1.140;0;;0;0;0;0;
DET057;KADP1207000JS2000;Kabat;DÊTKA 7.00 - 12  JS-2;700;;12;S;;58;64.29;39.9;5901765011483;;;;;0;1.140;0;;0;0;0;0;
DET057;KADP1207000JS2000;Kabat;DÊTKA 7.00 - 12  JS-2;700;;12;S;;4;64.29;39.9;5901765011483;;;;;0;1.140;0;;0;0;0;0;
DET057;KADP1207000JS2000;Kabat;DÊTKA 7.00 - 12  JS-2;700;;12;S;;5;64.29;39.9;5901765011483;;;;;0;1.140;0;;0;0;0;0;
DET057;KADP1207000JS2000;Kabat;DÊTKA 7.00 - 12  JS-2;700;;12;S;;3;64.29;39.9;5901765011483;;;;;0;1.140;0;;0;0;0;0;
DET057;KADP1207000JS2000;Kabat;DÊTKA 7.00 - 12  JS-2;700;;12;S;;9;64.29;39.9;5901765011483;;;;;0;1.140;0;;0;0;0;0;
DET057;KADP1207000JS2000;Kabat;DÊTKA 7.00 - 12  JS-2;700;;12;S;;100;64.29;39.9;5901765011483;;;;;0;1.140;0;;0;0;0;0;
DET057;KADP1207000JS2000;Kabat;DÊTKA 7.00 - 12  JS-2;700;;12;S;;19;64.29;39.9;5901765011483;;;;;0;1.140;0;;0;0;0;0;
DET057;KADP1207000JS2000;Kabat;DÊTKA 7.00 - 12  JS-2;700;;12;S;;1;64.29;39.9;5901765011483;;;;;0;1.140;0;;0;0;0;0;
DET057;KADP1207000JS2000;Kabat;DÊTKA 7.00 - 12  JS-2;700;;12;S;;5;64.29;39.9;5901765011483;;;;;0;1.140;0;;0;0;0;0;
DET010;KADP1207000V30218;Kabat;DÊTKA 7.00 - 12  V3.02.18;700;;12;A3;;100;68.31;42.39;5901765011070;;;;;0;1.140;0;;0;0;0;0;
DET010;KADP1207000V30218;Kabat;DÊTKA 7.00 - 12  V3.02.18;700;;12;A3;;100;68.31;42.39;5901765011070;;;;;0;1.140;0;;0;0;0;0;
DET010;KADP1207000V30218;Kabat;DÊTKA 7.00 - 12  V3.02.18;700;;12;A3;;22;68.31;42.39;5901765011070;;;;;0;1.140;0;;0;0;0;0;
DET010;KADP1207000V30218;Kabat;DÊTKA 7.00 - 12  V3.02.18;700;;12;A3;;41;68.31;42.39;5901765011070;;;;;0;1.140;0;;0;0;0;0;
DET010;KADP1207000V30218;Kabat;DÊTKA 7.00 - 12  V3.02.18;700;;12;A3;;7;68.31;42.39;5901765011070;;;;;0;1.140;0;;0;0;0;0;
DET010;KADP1207000V30218;Kabat;DÊTKA 7.00 - 12  V3.02.18;700;;12;A3;;26;68.31;42.39;5901765011070;;;;;0;1.140;0;;0;0;0;0;
DET010;KADP1207000V30218;Kabat;DÊTKA 7.00 - 12  V3.02.18;700;;12;A3;;26;68.31;42.39;5901765011070;;;;;0;1.140;0;;0;0;0;0;
DET010;KADP1207000V30218;Kabat;DÊTKA 7.00 - 12  V3.02.18;700;;12;A3;;20;68.31;42.39;5901765011070;;;;;0;1.140;0;;0;0;0;0;
DET010;KADP1207000V30218;Kabat;DÊTKA 7.00 - 12  V3.02.18;700;;12;A3;;31;68.31;42.39;5901765011070;;;;;0;1.140;0;;0;0;0;0;
DET010;KADP1207000V30218;Kabat;DÊTKA 7.00 - 12  V3.02.18;700;;12;A3;;8;68.31;42.39;5901765011070;;;;;0;1.140;0;;0;0;0;0;
DET010;KADP1207000V30218;Kabat;DÊTKA 7.00 - 12  V3.02.18;700;;12;A3;;12;68.31;42.39;5901765011070;;;;;0;1.140;0;;0;0;0;0;
DET010;KADP1207000V30218;Kabat;DÊTKA 7.00 - 12  V3.02.18;700;;12;A3;;100;68.31;42.39;5901765011070;;;;;0;1.140;0;;0;0;0;0;
DET010;KADP1207000V30218;Kabat;DÊTKA 7.00 - 12  V3.02.18;700;;12;A3;;32;68.31;42.39;5901765011070;;;;;0;1.140;0;;0;0;0;0;
DET010;KADP1207000V30218;Kabat;DÊTKA 7.00 - 12  V3.02.18;700;;12;A3;;33;68.31;42.39;5901765011070;;;;;0;1.140;0;;0;0;0;0;
DET010;KADP1207000V30218;Kabat;DÊTKA 7.00 - 12  V3.02.18;700;;12;A3;;17;68.31;42.39;5901765011070;;;;;0;1.140;0;;0;0;0;0;
DET010;KADP1207000V30218;Kabat;DÊTKA 7.00 - 12  V3.02.18;700;;12;A3;;8;68.31;42.39;5901765011070;;;;;0;1.140;0;;0;0;0;0;
DET129;KADP120D8500TR218;Kabat;DÊTKA 23 x 8.5/10.5 - 12  TR-218;8.5;82;12;T;;36;59.14;36.3;5901765012169;;;;;0;1.470;0;;0;0;0;0;
DET129;KADP120D8500TR218;Kabat;DÊTKA 23 x 8.5/10.5 - 12  TR-218;8.5;82;12;T;;1;59.14;36.3;5901765012169;;;;;0;1.470;0;;0;0;0;0;
DET129;KADP120D8500TR218;Kabat;DÊTKA 23 x 8.5/10.5 - 12  TR-218;8.5;82;12;T;;4;59.14;36.3;5901765012169;;;;;0;1.470;0;;0;0;0;0;
DET129;KADP120D8500TR218;Kabat;DÊTKA 23 x 8.5/10.5 - 12  TR-218;8.5;82;12;T;;9;59.14;36.3;5901765012169;;;;;0;1.470;0;;0;0;0;0;
DET129;KADP120D8500TR218;Kabat;DÊTKA 23 x 8.5/10.5 - 12  TR-218;8.5;82;12;T;;23;59.14;36.3;5901765012169;;;;;0;1.470;0;;0;0;0;0;
DET129;KADP120D8500TR218;Kabat;DÊTKA 23 x 8.5/10.5 - 12  TR-218;8.5;82;12;T;;43;59.14;36.3;5901765012169;;;;;0;1.470;0;;0;0;0;0;
DET129;KADP120D8500TR218;Kabat;DÊTKA 23 x 8.5/10.5 - 12  TR-218;8.5;82;12;T;;1;59.14;36.3;5901765012169;;;;;0;1.470;0;;0;0;0;0;
DET129;KADP120D8500TR218;Kabat;DÊTKA 23 x 8.5/10.5 - 12  TR-218;8.5;82;12;T;;4;59.14;36.3;5901765012169;;;;;0;1.470;0;;0;0;0;0;
DET129;KADP120D8500TR218;Kabat;DÊTKA 23 x 8.5/10.5 - 12  TR-218;8.5;82;12;T;;1;59.14;36.3;5901765012169;;;;;0;1.470;0;;0;0;0;0;
DET059;KADP120K300013000;Kabat;DÊTKA 23 x 10 - 12  TR-13;23;82;12;A1;;12;75.08;46.09;5901765011506;;;;;0;1.140;0;;0;0;0;0;
DET059;KADP120K300013000;Kabat;DÊTKA 23 x 10 - 12  TR-13;23;82;12;A1;;33;75.08;46.09;5901765011506;;;;;0;1.140;0;;0;0;0;0;
DET059;KADP120K300013000;Kabat;DÊTKA 23 x 10 - 12  TR-13;23;82;12;A1;;2;75.08;46.09;5901765011506;;;;;0;1.140;0;;0;0;0;0;
DET059;KADP120K300013000;Kabat;DÊTKA 23 x 10 - 12  TR-13;23;82;12;A1;;1;75.08;46.09;5901765011506;;;;;0;1.140;0;;0;0;0;0;
DET059;KADP120K300013000;Kabat;DÊTKA 23 x 10 - 12  TR-13;23;82;12;A1;;27;75.08;46.09;5901765011506;;;;;0;1.140;0;;0;0;0;0;
DET059;KADP120K300013000;Kabat;DÊTKA 23 x 10 - 12  TR-13;23;82;12;A1;;2;75.08;46.09;5901765011506;;;;;0;1.140;0;;0;0;0;0;
DET059;KADP120K300013000;Kabat;DÊTKA 23 x 10 - 12  TR-13;23;82;12;A1;;15;75.08;46.09;5901765011506;;;;;0;1.140;0;;0;0;0;0;
DET059;KADP120K300013000;Kabat;DÊTKA 23 x 10 - 12  TR-13;23;82;12;A1;;1;75.08;46.09;5901765011506;;;;;0;1.140;0;;0;0;0;0;
DET047;KADP150105000TR13;Kabat;DÊTKA 27 x 8.50/10.50 - 15  TR-13;;82;15;0;;27;65.34;40.11;5901765011391;;;;;0;1.560;0;;0;0;0;0;
DET047;KADP150105000TR13;Kabat;DÊTKA 27 x 8.50/10.50 - 15  TR-13;;82;15;0;;13;65.34;40.11;5901765011391;;;;;0;1.560;0;;0;0;0;0;
DET047;KADP150105000TR13;Kabat;DÊTKA 27 x 8.50/10.50 - 15  TR-13;;82;15;0;;0;65.34;40.11;5901765011391;;;;;0;1.560;0;;0;0;0;0;
DET047;KADP150105000TR13;Kabat;DÊTKA 27 x 8.50/10.50 - 15  TR-13;;82;15;0;;4;65.34;40.11;5901765011391;;;;;0;1.560;0;;0;0;0;0;
DET047;KADP150105000TR13;Kabat;DÊTKA 27 x 8.50/10.50 - 15  TR-13;;82;15;0;;5;65.34;40.11;5901765011391;;;;;0;1.560;0;;0;0;0;0;
DET047;KADP150105000TR13;Kabat;DÊTKA 27 x 8.50/10.50 - 15  TR-13;;82;15;0;;44;65.34;40.11;5901765011391;;;;;0;1.560;0;;0;0;0;0;
DET047;KADP150105000TR13;Kabat;DÊTKA 27 x 8.50/10.50 - 15  TR-13;;82;15;0;;1;65.34;40.11;5901765011391;;;;;0;1.560;0;;0;0;0;0;
DET047;KADP150105000TR13;Kabat;DÊTKA 27 x 8.50/10.50 - 15  TR-13;;82;15;0;;56;65.34;40.11;5901765011391;;;;;0;1.560;0;;0;0;0;0;
DET047;KADP150105000TR13;Kabat;DÊTKA 27 x 8.50/10.50 - 15  TR-13;;82;15;0;;4;65.34;40.11;5901765011391;;;;;0;1.560;0;;0;0;0;0;
DET047;KADP150105000TR13;Kabat;DÊTKA 27 x 8.50/10.50 - 15  TR-13;;82;15;0;;2;65.34;40.11;5901765011391;;;;;0;1.560;0;;0;0;0;0;
DET084;KADP150105000TR15;Kabat;DÊTKA 27 x 8.50/10.50 - 15  TR-15;;82;15;0;;4;65.7;40.78;5901765011735;;;;;0;1.560;0;;0;0;0;0;
DET084;KADP150105000TR15;Kabat;DÊTKA 27 x 8.50/10.50 - 15  TR-15;;82;15;0;;3;65.7;40.78;5901765011735;;;;;0;1.560;0;;0;0;0;0;
DET084;KADP150105000TR15;Kabat;DÊTKA 27 x 8.50/10.50 - 15  TR-15;;82;15;0;;1;65.7;40.78;5901765011735;;;;;0;1.560;0;;0;0;0;0;
DET084;KADP150105000TR15;Kabat;DÊTKA 27 x 8.50/10.50 - 15  TR-15;;82;15;0;;4;65.7;40.78;5901765011735;;;;;0;1.560;0;;0;0;0;0;
DET084;KADP150105000TR15;Kabat;DÊTKA 27 x 8.50/10.50 - 15  TR-15;;82;15;0;;18;65.7;40.78;5901765011735;;;;;0;1.560;0;;0;0;0;0;
DET084;KADP150105000TR15;Kabat;DÊTKA 27 x 8.50/10.50 - 15  TR-15;;82;15;0;;4;65.7;40.78;5901765011735;;;;;0;1.560;0;;0;0;0;0;
DET084;KADP150105000TR15;Kabat;DÊTKA 27 x 8.50/10.50 - 15  TR-15;;82;15;0;;42;65.7;40.78;5901765011735;;;;;0;1.560;0;;0;0;0;0;
DET084;KADP150105000TR15;Kabat;DÊTKA 27 x 8.50/10.50 - 15  TR-15;;82;15;0;;4;65.7;40.78;5901765011735;;;;;0;1.560;0;;0;0;0;0;
DET084;KADP150105000TR15;Kabat;DÊTKA 27 x 8.50/10.50 - 15  TR-15;;82;15;0;;4;65.7;40.78;5901765011735;;;;;0;1.560;0;;0;0;0;0;
DET084;KADP150105000TR15;Kabat;DÊTKA 27 x 8.50/10.50 - 15  TR-15;;82;15;0;;26;65.7;40.78;5901765011735;;;;;0;1.560;0;;0;0;0;0;
DEO022;KADP1502150V30218;Kabat;DÊTKA 215 - 15  V3.02.18;215;;15;A3;;0;80.83;53.12;5901765006434;;;;;0;1.340;0;;0;0;0;0;
DET123;KADP1502500000JS2;Kabat;DÊTKA 250 - 15  JS-2;250;82;15;0;;10;79.86;49.02;5901765012107;;;;;0;1.470;0;;0;0;0;0;
DET123;KADP1502500000JS2;Kabat;DÊTKA 250 - 15  JS-2;250;82;15;0;;10;79.86;49.02;5901765012107;;;;;0;1.470;0;;0;0;0;0;
DET123;KADP1502500000JS2;Kabat;DÊTKA 250 - 15  JS-2;250;82;15;0;;3;79.86;49.02;5901765012107;;;;;0;1.470;0;;0;0;0;0;
DET123;KADP1502500000JS2;Kabat;DÊTKA 250 - 15  JS-2;250;82;15;0;;14;79.86;49.02;5901765012107;;;;;0;1.470;0;;0;0;0;0;
DET123;KADP1502500000JS2;Kabat;DÊTKA 250 - 15  JS-2;250;82;15;0;;1;79.86;49.02;5901765012107;;;;;0;1.470;0;;0;0;0;0;
DET105;KADP150250V302000;Kabat;DÊTKA 250 - 15  V3.02.8;250;;15;0;;7;79.51;50.67;;;;;;0;1.560;0;;0;0;0;0;
DET105;KADP150250V302000;Kabat;DÊTKA 250 - 15  V3.02.8;250;;15;0;;7;79.51;50.67;;;;;;0;1.560;0;;0;0;0;0;
DET105;KADP150250V302000;Kabat;DÊTKA 250 - 15  V3.02.8;250;;15;0;;7;79.51;50.67;;;;;;0;1.560;0;;0;0;0;0;
DET105;KADP150250V302000;Kabat;DÊTKA 250 - 15  V3.02.8;250;;15;0;;70;79.51;50.67;;;;;;0;1.560;0;;0;0;0;0;
DET105;KADP150250V302000;Kabat;DÊTKA 250 - 15  V3.02.8;250;;15;0;;5;79.51;50.67;;;;;;0;1.560;0;;0;0;0;0;
DET105;KADP150250V302000;Kabat;DÊTKA 250 - 15  V3.02.8;250;;15;0;;39;79.51;50.67;;;;;;0;1.560;0;;0;0;0;0;
DET105;KADP150250V302000;Kabat;DÊTKA 250 - 15  V3.02.8;250;;15;0;;39;79.51;50.67;;;;;;0;1.560;0;;0;0;0;0;
DET105;KADP150250V302000;Kabat;DÊTKA 250 - 15  V3.02.8;250;;15;0;;1;79.51;50.67;;;;;;0;1.560;0;;0;0;0;0;
DET105;KADP150250V302000;Kabat;DÊTKA 250 - 15  V3.02.8;250;;15;0;;4;79.51;50.67;;;;;;0;1.560;0;;0;0;0;0;
DET013;KADP150250V302180;Kabat;DÊTKA 250 - 15  V3.02.18;250;;15;0;;2;82.69;50.86;5901765011100;;;;;0;1.400;0;;0;0;0;0;
DET013;KADP150250V302180;Kabat;DÊTKA 250 - 15  V3.02.18;250;;15;0;;2;82.69;50.86;5901765011100;;;;;0;1.400;0;;0;0;0;0;
DET013;KADP150250V302180;Kabat;DÊTKA 250 - 15  V3.02.18;250;;15;0;;2;82.69;50.86;5901765011100;;;;;0;1.400;0;;0;0;0;0;
DET013;KADP150250V302180;Kabat;DÊTKA 250 - 15  V3.02.18;250;;15;0;;1;82.69;50.86;5901765011100;;;;;0;1.400;0;;0;0;0;0;
DET013;KADP150250V302180;Kabat;DÊTKA 250 - 15  V3.02.18;250;;15;0;;50;82.69;50.86;5901765011100;;;;;0;1.400;0;;0;0;0;0;
DET013;KADP150250V302180;Kabat;DÊTKA 250 - 15  V3.02.18;250;;15;0;;32;82.69;50.86;5901765011100;;;;;0;1.400;0;;0;0;0;0;
DET013;KADP150250V302180;Kabat;DÊTKA 250 - 15  V3.02.18;250;;15;0;;33;82.69;50.86;5901765011100;;;;;0;1.400;0;;0;0;0;0;
DET013;KADP150250V302180;Kabat;DÊTKA 250 - 15  V3.02.18;250;;15;0;;6;82.69;50.86;5901765011100;;;;;0;1.400;0;;0;0;0;0;
DET013;KADP150250V302180;Kabat;DÊTKA 250 - 15  V3.02.18;250;;15;0;;5;82.69;50.86;5901765011100;;;;;0;1.400;0;;0;0;0;0;
DET046;KADP1503000000V30;Kabat;DÊTKA 300 - 15  V3.02.08;300;82;15;0;;90;93.08;57.76;5901765011384;;;;;0;1.660;0;;0;0;0;0;
DET046;KADP1503000000V30;Kabat;DÊTKA 300 - 15  V3.02.08;300;82;15;0;;33;93.08;57.76;5901765011384;;;;;0;1.660;0;;0;0;0;0;
DET046;KADP1503000000V30;Kabat;DÊTKA 300 - 15  V3.02.08;300;82;15;0;;1;93.08;57.76;5901765011384;;;;;0;1.660;0;;0;0;0;0;
DET046;KADP1503000000V30;Kabat;DÊTKA 300 - 15  V3.02.08;300;82;15;0;;13;93.08;57.76;5901765011384;;;;;0;1.660;0;;0;0;0;0;
DET046;KADP1503000000V30;Kabat;DÊTKA 300 - 15  V3.02.08;300;82;15;0;;4;93.08;57.76;5901765011384;;;;;0;1.660;0;;0;0;0;0;
DET046;KADP1503000000V30;Kabat;DÊTKA 300 - 15  V3.02.08;300;82;15;0;;3;93.08;57.76;5901765011384;;;;;0;1.660;0;;0;0;0;0;
DET046;KADP1503000000V30;Kabat;DÊTKA 300 - 15  V3.02.08;300;82;15;0;;3;93.08;57.76;5901765011384;;;;;0;1.660;0;;0;0;0;0;
DET046;KADP1503000000V30;Kabat;DÊTKA 300 - 15  V3.02.08;300;82;15;0;;8;93.08;57.76;5901765011384;;;;;0;1.660;0;;0;0;0;0;
DET046;KADP1503000000V30;Kabat;DÊTKA 300 - 15  V3.02.08;300;82;15;0;;4;93.08;57.76;5901765011384;;;;;0;1.660;0;;0;0;0;0;
DET046;KADP1503000000V30;Kabat;DÊTKA 300 - 15  V3.02.08;300;82;15;0;;3;93.08;57.76;5901765011384;;;;;0;1.660;0;;0;0;0;0;
DET046;KADP1503000000V30;Kabat;DÊTKA 300 - 15  V3.02.08;300;82;15;0;;48;93.08;57.76;5901765011384;;;;;0;1.660;0;;0;0;0;0;
DET046;KADP1503000000V30;Kabat;DÊTKA 300 - 15  V3.02.08;300;82;15;0;;11;93.08;57.76;5901765011384;;;;;0;1.660;0;;0;0;0;0;
DET046;KADP1503000000V30;Kabat;DÊTKA 300 - 15  V3.02.08;300;82;15;0;;7;93.08;57.76;5901765011384;;;;;0;1.660;0;;0;0;0;0;
DET095;KADP15070000TR75A;Kabat;DÊTKA 7.00 - 15  TR-75A;700;82;15;T;;0;78.64;51.68;5901765011841;;;;;0;1.400;0;;0;0;0;0;
DET077;KADP150700750V304;Kabat;DÊTKA 7.00 - 15/7.50 - 15  V3.04.10;700;75;15;0;;2;77.64;47.66;5901765011674;;;;;0;1.340;0;;0;0;0;0;
DET077;KADP150700750V304;Kabat;DÊTKA 7.00 - 15/7.50 - 15  V3.04.10;700;75;15;0;;18;77.64;47.66;5901765011674;;;;;0;1.340;0;;0;0;0;0;
DET077;KADP150700750V304;Kabat;DÊTKA 7.00 - 15/7.50 - 15  V3.04.10;700;75;15;0;;1;77.64;47.66;5901765011674;;;;;0;1.340;0;;0;0;0;0;
DET077;KADP150700750V304;Kabat;DÊTKA 7.00 - 15/7.50 - 15  V3.04.10;700;75;15;0;;89;77.64;47.66;5901765011674;;;;;0;1.340;0;;0;0;0;0;
DET077;KADP150700750V304;Kabat;DÊTKA 7.00 - 15/7.50 - 15  V3.04.10;700;75;15;0;;4;77.64;47.66;5901765011674;;;;;0;1.340;0;;0;0;0;0;
DET077;KADP150700750V304;Kabat;DÊTKA 7.00 - 15/7.50 - 15  V3.04.10;700;75;15;0;;1;77.64;47.66;5901765011674;;;;;0;1.340;0;;0;0;0;0;
DET077;KADP150700750V304;Kabat;DÊTKA 7.00 - 15/7.50 - 15  V3.04.10;700;75;15;0;;4;77.64;47.66;5901765011674;;;;;0;1.340;0;;0;0;0;0;
DET077;KADP150700750V304;Kabat;DÊTKA 7.00 - 15/7.50 - 15  V3.04.10;700;75;15;0;;0;77.64;47.66;5901765011674;;;;;0;1.340;0;;0;0;0;0;
DET077;KADP150700750V304;Kabat;DÊTKA 7.00 - 15/7.50 - 15  V3.04.10;700;75;15;0;;2;77.64;47.66;5901765011674;;;;;0;1.340;0;;0;0;0;0;
DET077;KADP150700750V304;Kabat;DÊTKA 7.00 - 15/7.50 - 15  V3.04.10;700;75;15;0;;73;77.64;47.66;5901765011674;;;;;0;1.340;0;;0;0;0;0;
DET077;KADP150700750V304;Kabat;DÊTKA 7.00 - 15/7.50 - 15  V3.04.10;700;75;15;0;;0;77.64;47.66;5901765011674;;;;;0;1.340;0;;0;0;0;0;
DET077;KADP150700750V304;Kabat;DÊTKA 7.00 - 15/7.50 - 15  V3.04.10;700;75;15;0;;1;77.64;47.66;5901765011674;;;;;0;1.340;0;;0;0;0;0;
DET077;KADP150700750V304;Kabat;DÊTKA 7.00 - 15/7.50 - 15  V3.04.10;700;75;15;0;;51;77.64;47.66;5901765011674;;;;;0;1.340;0;;0;0;0;0;
DET077;KADP150700750V304;Kabat;DÊTKA 7.00 - 15/7.50 - 15  V3.04.10;700;75;15;0;;2;77.64;47.66;5901765011674;;;;;0;1.340;0;;0;0;0;0;
DET077;KADP150700750V304;Kabat;DÊTKA 7.00 - 15/7.50 - 15  V3.04.10;700;75;15;0;;3;77.64;47.66;5901765011674;;;;;0;1.340;0;;0;0;0;0;
DET029;KADP15075000V3020;Kabat;DÊTKA 7.50 - 15  V3.02.8;750;82;15;V;;2;82.93;51.47;5901765011247;;;;;0;1.560;0;;0;0;0;0;
DET029;KADP15075000V3020;Kabat;DÊTKA 7.50 - 15  V3.02.8;750;82;15;V;;61;82.93;51.47;5901765011247;;;;;0;1.560;0;;0;0;0;0;
DET029;KADP15075000V3020;Kabat;DÊTKA 7.50 - 15  V3.02.8;750;82;15;V;;100;82.93;51.47;5901765011247;;;;;0;1.560;0;;0;0;0;0;
DET029;KADP15075000V3020;Kabat;DÊTKA 7.50 - 15  V3.02.8;750;82;15;V;;2;82.93;51.47;5901765011247;;;;;0;1.560;0;;0;0;0;0;
DET029;KADP15075000V3020;Kabat;DÊTKA 7.50 - 15  V3.02.8;750;82;15;V;;16;82.93;51.47;5901765011247;;;;;0;1.560;0;;0;0;0;0;
DET029;KADP15075000V3020;Kabat;DÊTKA 7.50 - 15  V3.02.8;750;82;15;V;;2;82.93;51.47;5901765011247;;;;;0;1.560;0;;0;0;0;0;
DET029;KADP15075000V3020;Kabat;DÊTKA 7.50 - 15  V3.02.8;750;82;15;V;;4;82.93;51.47;5901765011247;;;;;0;1.560;0;;0;0;0;0;
DET029;KADP15075000V3020;Kabat;DÊTKA 7.50 - 15  V3.02.8;750;82;15;V;;18;82.93;51.47;5901765011247;;;;;0;1.560;0;;0;0;0;0;
DET029;KADP15075000V3020;Kabat;DÊTKA 7.50 - 15  V3.02.8;750;82;15;V;;4;82.93;51.47;5901765011247;;;;;0;1.560;0;;0;0;0;0;
DET029;KADP15075000V3020;Kabat;DÊTKA 7.50 - 15  V3.02.8;750;82;15;V;;93;82.93;51.47;5901765011247;;;;;0;1.560;0;;0;0;0;0;
DET029;KADP15075000V3020;Kabat;DÊTKA 7.50 - 15  V3.02.8;750;82;15;V;;3;82.93;51.47;5901765011247;;;;;0;1.560;0;;0;0;0;0;
DET029;KADP15075000V3020;Kabat;DÊTKA 7.50 - 15  V3.02.8;750;82;15;V;;12;82.93;51.47;5901765011247;;;;;0;1.560;0;;0;0;0;0;
DET012;KADP15081500V3021;Kabat;DÊTKA 8.15 - 15  V3.02.18;815;82;15;V;;0;83.45;51.78;5901765011094;;;;;0;1.560;0;;0;0;0;0;
DET012;KADP15081500V3021;Kabat;DÊTKA 8.15 - 15  V3.02.18;815;82;15;V;;6;83.45;51.78;5901765011094;;;;;0;1.560;0;;0;0;0;0;
DET012;KADP15081500V3021;Kabat;DÊTKA 8.15 - 15  V3.02.18;815;82;15;V;;100;83.45;51.78;5901765011094;;;;;0;1.560;0;;0;0;0;0;
DET012;KADP15081500V3021;Kabat;DÊTKA 8.15 - 15  V3.02.18;815;82;15;V;;13;83.45;51.78;5901765011094;;;;;0;1.560;0;;0;0;0;0;
DET012;KADP15081500V3021;Kabat;DÊTKA 8.15 - 15  V3.02.18;815;82;15;V;;4;83.45;51.78;5901765011094;;;;;0;1.560;0;;0;0;0;0;
DET012;KADP15081500V3021;Kabat;DÊTKA 8.15 - 15  V3.02.18;815;82;15;V;;9;83.45;51.78;5901765011094;;;;;0;1.560;0;;0;0;0;0;
DET012;KADP15081500V3021;Kabat;DÊTKA 8.15 - 15  V3.02.18;815;82;15;V;;16;83.45;51.78;5901765011094;;;;;0;1.560;0;;0;0;0;0;
DET012;KADP15081500V3021;Kabat;DÊTKA 8.15 - 15  V3.02.18;815;82;15;V;;28;83.45;51.78;5901765011094;;;;;0;1.560;0;;0;0;0;0;
DET012;KADP15081500V3021;Kabat;DÊTKA 8.15 - 15  V3.02.18;815;82;15;V;;18;83.45;51.78;5901765011094;;;;;0;1.560;0;;0;0;0;0;
DET012;KADP15081500V3021;Kabat;DÊTKA 8.15 - 15  V3.02.18;815;82;15;V;;6;83.45;51.78;5901765011094;;;;;0;1.560;0;;0;0;0;0;
DET012;KADP15081500V3021;Kabat;DÊTKA 8.15 - 15  V3.02.18;815;82;15;V;;100;83.45;51.78;5901765011094;;;;;0;1.560;0;;0;0;0;0;
DET012;KADP15081500V3021;Kabat;DÊTKA 8.15 - 15  V3.02.18;815;82;15;V;;2;83.45;51.78;5901765011094;;;;;0;1.560;0;;0;0;0;0;
DET012;KADP15081500V3021;Kabat;DÊTKA 8.15 - 15  V3.02.18;815;82;15;V;;100;83.45;51.78;5901765011094;;;;;0;1.560;0;;0;0;0;0;
DET012;KADP15081500V3021;Kabat;DÊTKA 8.15 - 15  V3.02.18;815;82;15;V;;11;83.45;51.78;5901765011094;;;;;0;1.560;0;;0;0;0;0;
DET012;KADP15081500V3021;Kabat;DÊTKA 8.15 - 15  V3.02.18;815;82;15;V;;26;83.45;51.78;5901765011094;;;;;0;1.560;0;;0;0;0;0;
DET012;KADP15081500V3021;Kabat;DÊTKA 8.15 - 15  V3.02.18;815;82;15;V;;8;83.45;51.78;5901765011094;;;;;0;1.560;0;;0;0;0;0;
DET012;KADP15081500V3021;Kabat;DÊTKA 8.15 - 15  V3.02.18;815;82;15;V;;10;83.45;51.78;5901765011094;;;;;0;1.560;0;;0;0;0;0;
DER071;KADP20016000TR218;Kabat;DÊTKA 16.0/70 - 20  TR-218A;160;82;20;T;;79;189.06;117.32;5901765007776;;;;;0;4.210;0;;0;0;0;0;
DER071;KADP20016000TR218;Kabat;DÊTKA 16.0/70 - 20  TR-218A;160;82;20;T;;5;189.06;117.32;5901765007776;;;;;0;4.210;0;;0;0;0;0;
DER071;KADP20016000TR218;Kabat;DÊTKA 16.0/70 - 20  TR-218A;160;82;20;T;;2;189.06;117.32;5901765007776;;;;;0;4.210;0;;0;0;0;0;
DER071;KADP20016000TR218;Kabat;DÊTKA 16.0/70 - 20  TR-218A;160;82;20;T;;2;189.06;117.32;5901765007776;;;;;0;4.210;0;;0;0;0;0;
DER071;KADP20016000TR218;Kabat;DÊTKA 16.0/70 - 20  TR-218A;160;82;20;T;;5;189.06;117.32;5901765007776;;;;;0;4.210;0;;0;0;0;0;
DER071;KADP20016000TR218;Kabat;DÊTKA 16.0/70 - 20  TR-218A;160;82;20;T;;1;189.06;117.32;5901765007776;;;;;0;4.210;0;;0;0;0;0;
DER071;KADP20016000TR218;Kabat;DÊTKA 16.0/70 - 20  TR-218A;160;82;20;T;;2;189.06;117.32;5901765007776;;;;;0;4.210;0;;0;0;0;0;
DER071;KADP20016000TR218;Kabat;DÊTKA 16.0/70 - 20  TR-218A;160;82;20;T;;3;189.06;117.32;5901765007776;;;;;0;4.210;0;;0;0;0;0;
DER071;KADP20016000TR218;Kabat;DÊTKA 16.0/70 - 20  TR-218A;160;82;20;T;;100;189.06;117.32;5901765007776;;;;;0;4.210;0;;0;0;0;0;
DER071;KADP20016000TR218;Kabat;DÊTKA 16.0/70 - 20  TR-218A;160;82;20;T;;0;189.06;117.32;5901765007776;;;;;0;4.210;0;;0;0;0;0;
DER071;KADP20016000TR218;Kabat;DÊTKA 16.0/70 - 20  TR-218A;160;82;20;T;;1;189.06;117.32;5901765007776;;;;;0;4.210;0;;0;0;0;0;
DER071;KADP20016000TR218;Kabat;DÊTKA 16.0/70 - 20  TR-218A;160;82;20;T;;4;189.06;117.32;5901765007776;;;;;0;4.210;0;;0;0;0;0;
DER071;KADP20016000TR218;Kabat;DÊTKA 16.0/70 - 20  TR-218A;160;82;20;T;;100;189.06;117.32;5901765007776;;;;;0;4.210;0;;0;0;0;0;
DER071;KADP20016000TR218;Kabat;DÊTKA 16.0/70 - 20  TR-218A;160;82;20;T;;14;189.06;117.32;5901765007776;;;;;0;4.210;0;;0;0;0;0;
DER071;KADP20016000TR218;Kabat;DÊTKA 16.0/70 - 20  TR-218A;160;82;20;T;;8;189.06;117.32;5901765007776;;;;;0;4.210;0;;0;0;0;0;
DER066;KADP20016070V3021;Kabat;DÊTKA 16.0/70 - 20  V3.06.8;160;70;20;V;;6;190.82;118.41;5901765007745;;;;;0;4.390;0;;0;0;0;0;
DER066;KADP20016070V3021;Kabat;DÊTKA 16.0/70 - 20  V3.06.8;160;70;20;V;;6;190.82;118.41;5901765007745;;;;;0;4.390;0;;0;0;0;0;
DER066;KADP20016070V3021;Kabat;DÊTKA 16.0/70 - 20  V3.06.8;160;70;20;V;;10;190.82;118.41;5901765007745;;;;;0;4.390;0;;0;0;0;0;
DER066;KADP20016070V3021;Kabat;DÊTKA 16.0/70 - 20  V3.06.8;160;70;20;V;;100;190.82;118.41;5901765007745;;;;;0;4.390;0;;0;0;0;0;
DER066;KADP20016070V3021;Kabat;DÊTKA 16.0/70 - 20  V3.06.8;160;70;20;V;;1;190.82;118.41;5901765007745;;;;;0;4.390;0;;0;0;0;0;
DER066;KADP20016070V3021;Kabat;DÊTKA 16.0/70 - 20  V3.06.8;160;70;20;V;;6;190.82;118.41;5901765007745;;;;;0;4.390;0;;0;0;0;0;
DER066;KADP20016070V3021;Kabat;DÊTKA 16.0/70 - 20  V3.06.8;160;70;20;V;;64;190.82;118.41;5901765007745;;;;;0;4.390;0;;0;0;0;0;
DER066;KADP20016070V3021;Kabat;DÊTKA 16.0/70 - 20  V3.06.8;160;70;20;V;;7;190.82;118.41;5901765007745;;;;;0;4.390;0;;0;0;0;0;
DER066;KADP20016070V3021;Kabat;DÊTKA 16.0/70 - 20  V3.06.8;160;70;20;V;;10;190.82;118.41;5901765007745;;;;;0;4.390;0;;0;0;0;0;
DER066;KADP20016070V3021;Kabat;DÊTKA 16.0/70 - 20  V3.06.8;160;70;20;V;;6;190.82;118.41;5901765007745;;;;;0;4.390;0;;0;0;0;0;
DER066;KADP20016070V3021;Kabat;DÊTKA 16.0/70 - 20  V3.06.8;160;70;20;V;;67;190.82;118.41;5901765007745;;;;;0;4.390;0;;0;0;0;0;
DER066;KADP20016070V3021;Kabat;DÊTKA 16.0/70 - 20  V3.06.8;160;70;20;V;;10;190.82;118.41;5901765007745;;;;;0;4.390;0;;0;0;0;0;
DER066;KADP20016070V3021;Kabat;DÊTKA 16.0/70 - 20  V3.06.8;160;70;20;V;;10;190.82;118.41;5901765007745;;;;;0;4.390;0;;0;0;0;0;
DER066;KADP20016070V3021;Kabat;DÊTKA 16.0/70 - 20  V3.06.8;160;70;20;V;;2;190.82;118.41;5901765007745;;;;;0;4.390;0;;0;0;0;0;
DER086;KADP20080095TR218;Kabat;DÊTKA 8.00/9.5 - 20  TR-218A;800;95;20;T;;1;139.88;85.87;5901765007905;;;;;0;2.390;0;;0;0;0;0;
DER086;KADP20080095TR218;Kabat;DÊTKA 8.00/9.5 - 20  TR-218A;800;95;20;T;;7;139.88;85.87;5901765007905;;;;;0;2.390;0;;0;0;0;0;
DER086;KADP20080095TR218;Kabat;DÊTKA 8.00/9.5 - 20  TR-218A;800;95;20;T;;0;139.88;85.87;5901765007905;;;;;0;2.390;0;;0;0;0;0;
DER086;KADP20080095TR218;Kabat;DÊTKA 8.00/9.5 - 20  TR-218A;800;95;20;T;;9;139.88;85.87;5901765007905;;;;;0;2.390;0;;0;0;0;0;
DER086;KADP20080095TR218;Kabat;DÊTKA 8.00/9.5 - 20  TR-218A;800;95;20;T;;0;139.88;85.87;5901765007905;;;;;0;2.390;0;;0;0;0;0;
DER086;KADP20080095TR218;Kabat;DÊTKA 8.00/9.5 - 20  TR-218A;800;95;20;T;;1;139.88;85.87;5901765007905;;;;;0;2.390;0;;0;0;0;0;
DEC260;KADP210150000V560;Kabat;DÊTKA 15.00 - 21  V590;150;82;21;0;;1;779.9;478.74;5901765002238;;;;;0;9.060;0;;0;0;0;0;
DEC260;KADP210150000V560;Kabat;DÊTKA 15.00 - 21  V590;150;82;21;0;;2;779.9;478.74;5901765002238;;;;;0;9.060;0;;0;0;0;0;
DEC260;KADP210150000V560;Kabat;DÊTKA 15.00 - 21  V590;150;82;21;0;;7;779.9;478.74;5901765002238;;;;;0;9.060;0;;0;0;0;0;
DEC260;KADP210150000V560;Kabat;DÊTKA 15.00 - 21  V590;150;82;21;0;;4;779.9;478.74;5901765002238;;;;;0;9.060;0;;0;0;0;0;
DEC260;KADP210150000V560;Kabat;DÊTKA 15.00 - 21  V590;150;82;21;0;;0;779.9;478.74;5901765002238;;;;;0;9.060;0;;0;0;0;0;
DEC260;KADP210150000V560;Kabat;DÊTKA 15.00 - 21  V590;150;82;21;0;;1;779.9;478.74;5901765002238;;;;;0;9.060;0;;0;0;0;0;
DEC216;KADP2101500TRJ175;Kabat;DÊTKA 15.00 - 21  TRJ-1175;150;;21;R;;0;590.36;387.97;5901765001811;;;;;0;9.060;0;;0;0;0;0;
DER250;KADP22540055TR150;Kabat;DÊTKA 400/55 - 22.5 TR-15;400;55;22.5;T;;5;238.06;147.75;5901765008964;;;;;0;60.300;0;;0;0;0;0;
DER250;KADP22540055TR150;Kabat;DÊTKA 400/55 - 22.5 TR-15;400;55;22.5;T;;5;238.06;147.75;5901765008964;;;;;0;60.300;0;;0;0;0;0;
DER250;KADP22540055TR150;Kabat;DÊTKA 400/55 - 22.5 TR-15;400;55;22.5;T;;5;238.06;147.75;5901765008964;;;;;0;60.300;0;;0;0;0;0;
DER158;KADP22540055TR218;Kabat;DÊTKA 400/55 - 22.5 TR-218A;400;55;22.5;T;;1;245.59;150.75;5901765008476;;;;;0;60.300;0;;0;0;0;0;
DER158;KADP22540055TR218;Kabat;DÊTKA 400/55 - 22.5 TR-218A;400;55;22.5;T;;7;245.59;150.75;5901765008476;;;;;0;60.300;0;;0;0;0;0;
DER158;KADP22540055TR218;Kabat;DÊTKA 400/55 - 22.5 TR-218A;400;55;22.5;T;;12;245.59;150.75;5901765008476;;;;;0;60.300;0;;0;0;0;0;
DER158;KADP22540055TR218;Kabat;DÊTKA 400/55 - 22.5 TR-218A;400;55;22.5;T;;7;245.59;150.75;5901765008476;;;;;0;60.300;0;;0;0;0;0;
DER158;KADP22540055TR218;Kabat;DÊTKA 400/55 - 22.5 TR-218A;400;55;22.5;T;;4;245.59;150.75;5901765008476;;;;;0;60.300;0;;0;0;0;0;
DEL752;KADP22560055TR00A;Kabat;DÊTKA 600/55 - 22.5 TR-218A  PREMIUM FORESTRY;600;55;22.5;T;;8;775.47;476.02;;;;;;0;3.800;0;;0;0;0;0;
DEL752;KADP22560055TR00A;Kabat;DÊTKA 600/55 - 22.5 TR-218A  PREMIUM FORESTRY;600;55;22.5;T;;8;775.47;476.02;;;;;;0;3.800;0;;0;0;0;0;
DEL752;KADP22560055TR00A;Kabat;DÊTKA 600/55 - 22.5 TR-218A  PREMIUM FORESTRY;600;55;22.5;T;;8;775.47;476.02;;;;;;0;3.800;0;;0;0;0;0;
DER177;KADP22560055TR218;Kabat;DÊTKA 600/55 - 22.5 TR-218A;600;55;22.5;T;;2;573.4;351.98;5901765008643;;;;;0;3.800;0;;0;0;0;0;
DER177;KADP22560055TR218;Kabat;DÊTKA 600/55 - 22.5 TR-218A;600;55;22.5;T;;2;573.4;351.98;5901765008643;;;;;0;3.800;0;;0;0;0;0;
DER177;KADP22560055TR218;Kabat;DÊTKA 600/55 - 22.5 TR-218A;600;55;22.5;T;;6;573.4;351.98;5901765008643;;;;;0;3.800;0;;0;0;0;0;
DER177;KADP22560055TR218;Kabat;DÊTKA 600/55 - 22.5 TR-218A;600;55;22.5;T;;3;573.4;351.98;5901765008643;;;;;0;3.800;0;;0;0;0;0;
DER177;KADP22560055TR218;Kabat;DÊTKA 600/55 - 22.5 TR-218A;600;55;22.5;T;;2;573.4;351.98;5901765008643;;;;;0;3.800;0;;0;0;0;0;
DER177;KADP22560055TR218;Kabat;DÊTKA 600/55 - 22.5 TR-218A;600;55;22.5;T;;23;573.4;351.98;5901765008643;;;;;0;3.800;0;;0;0;0;0;
DER177;KADP22560055TR218;Kabat;DÊTKA 600/55 - 22.5 TR-218A;600;55;22.5;T;;1;573.4;351.98;5901765008643;;;;;0;3.800;0;;0;0;0;0;
DER177;KADP22560055TR218;Kabat;DÊTKA 600/55 - 22.5 TR-218A;600;55;22.5;T;;2;573.4;351.98;5901765008643;;;;;0;3.800;0;;0;0;0;0;
DER177;KADP22560055TR218;Kabat;DÊTKA 600/55 - 22.5 TR-218A;600;55;22.5;T;;4;573.4;351.98;5901765008643;;;;;0;3.800;0;;0;0;0;0;
DER177;KADP22560055TR218;Kabat;DÊTKA 600/55 - 22.5 TR-218A;600;55;22.5;T;;15;573.4;351.98;5901765008643;;;;;0;3.800;0;;0;0;0;0;
DER177;KADP22560055TR218;Kabat;DÊTKA 600/55 - 22.5 TR-218A;600;55;22.5;T;;1;573.4;351.98;5901765008643;;;;;0;3.800;0;;0;0;0;0;
DER168;KADP22570045TR218;Kabat;DÊTKA 700/45 - 22.5  TR-218A;700;45;22.5;T;;2;654.9;406.6;5901765008551;;;;;0;13.000;0;;0;0;0;0;
DER168;KADP22570045TR218;Kabat;DÊTKA 700/45 - 22.5  TR-218A;700;45;22.5;T;;2;654.9;406.6;5901765008551;;;;;0;13.000;0;;0;0;0;0;
DER168;KADP22570045TR218;Kabat;DÊTKA 700/45 - 22.5  TR-218A;700;45;22.5;T;;2;654.9;406.6;5901765008551;;;;;0;13.000;0;;0;0;0;0;
DER168;KADP22570045TR218;Kabat;DÊTKA 700/45 - 22.5  TR-218A;700;45;22.5;T;;2;654.9;406.6;5901765008551;;;;;0;13.000;0;;0;0;0;0;
DER168;KADP22570045TR218;Kabat;DÊTKA 700/45 - 22.5  TR-218A;700;45;22.5;T;;1;654.9;406.6;5901765008551;;;;;0;13.000;0;;0;0;0;0;
DER168;KADP22570045TR218;Kabat;DÊTKA 700/45 - 22.5  TR-218A;700;45;22.5;T;;1;654.9;406.6;5901765008551;;;;;0;13.000;0;;0;0;0;0;
DER168;KADP22570045TR218;Kabat;DÊTKA 700/45 - 22.5  TR-218A;700;45;22.5;T;;2;654.9;406.6;5901765008551;;;;;0;13.000;0;;0;0;0;0;
DER168;KADP22570045TR218;Kabat;DÊTKA 700/45 - 22.5  TR-218A;700;45;22.5;T;;21;654.9;406.6;5901765008551;;;;;0;13.000;0;;0;0;0;0;
DER168;KADP22570045TR218;Kabat;DÊTKA 700/45 - 22.5  TR-218A;700;45;22.5;T;;2;654.9;406.6;5901765008551;;;;;0;13.000;0;;0;0;0;0;
DER168;KADP22570045TR218;Kabat;DÊTKA 700/45 - 22.5  TR-218A;700;45;22.5;T;;19;654.9;406.6;5901765008551;;;;;0;13.000;0;;0;0;0;0;
DER168;KADP22570045TR218;Kabat;DÊTKA 700/45 - 22.5  TR-218A;700;45;22.5;T;;4;654.9;406.6;5901765008551;;;;;0;13.000;0;;0;0;0;0;
DER168;KADP22570045TR218;Kabat;DÊTKA 700/45 - 22.5  TR-218A;700;45;22.5;T;;37;654.9;406.6;5901765008551;;;;;0;13.000;0;;0;0;0;0;
DEC097;KADP2401200000000;Kabat;DÊTKA 12.00 - 24  V3.02.15;120;82;24;0;;4;230.26;141.35;5901765000814;;;;;0;4.210;0;;0;0;0;0;
DEC097;KADP2401200000000;Kabat;DÊTKA 12.00 - 24  V3.02.15;120;82;24;0;;3;230.26;141.35;5901765000814;;;;;0;4.210;0;;0;0;0;0;
DEC097;KADP2401200000000;Kabat;DÊTKA 12.00 - 24  V3.02.15;120;82;24;0;;58;230.26;141.35;5901765000814;;;;;0;4.210;0;;0;0;0;0;
DEC097;KADP2401200000000;Kabat;DÊTKA 12.00 - 24  V3.02.15;120;82;24;0;;24;230.26;141.35;5901765000814;;;;;0;4.210;0;;0;0;0;0;
DEC097;KADP2401200000000;Kabat;DÊTKA 12.00 - 24  V3.02.15;120;82;24;0;;1;230.26;141.35;5901765000814;;;;;0;4.210;0;;0;0;0;0;
DEC097;KADP2401200000000;Kabat;DÊTKA 12.00 - 24  V3.02.15;120;82;24;0;;100;230.26;141.35;5901765000814;;;;;0;4.210;0;;0;0;0;0;
DEC097;KADP2401200000000;Kabat;DÊTKA 12.00 - 24  V3.02.15;120;82;24;0;;7;230.26;141.35;5901765000814;;;;;0;4.210;0;;0;0;0;0;
DEC097;KADP2401200000000;Kabat;DÊTKA 12.00 - 24  V3.02.15;120;82;24;0;;7;230.26;141.35;5901765000814;;;;;0;4.210;0;;0;0;0;0;
DEC097;KADP2401200000000;Kabat;DÊTKA 12.00 - 24  V3.02.15;120;82;24;0;;1;230.26;141.35;5901765000814;;;;;0;4.210;0;;0;0;0;0;
DEC097;KADP2401200000000;Kabat;DÊTKA 12.00 - 24  V3.02.15;120;82;24;0;;6;230.26;141.35;5901765000814;;;;;0;4.210;0;;0;0;0;0;
DEC097;KADP2401200000000;Kabat;DÊTKA 12.00 - 24  V3.02.15;120;82;24;0;;2;230.26;141.35;5901765000814;;;;;0;4.210;0;;0;0;0;0;
DEC097;KADP2401200000000;Kabat;DÊTKA 12.00 - 24  V3.02.15;120;82;24;0;;49;230.26;141.35;5901765000814;;;;;0;4.210;0;;0;0;0;0;
DEC021;KADP240130000V302;Kabat;DÊTKA 13.00 - 24  V3.02.14;130;82;24;0;;6;236.61;146.85;5901765000197;;;;;0;4.810;0;;0;0;0;0;
DEC021;KADP240130000V302;Kabat;DÊTKA 13.00 - 24  V3.02.14;130;82;24;0;;4;236.61;146.85;5901765000197;;;;;0;4.810;0;;0;0;0;0;
DEC021;KADP240130000V302;Kabat;DÊTKA 13.00 - 24  V3.02.14;130;82;24;0;;4;236.61;146.85;5901765000197;;;;;0;4.810;0;;0;0;0;0;
DEC021;KADP240130000V302;Kabat;DÊTKA 13.00 - 24  V3.02.14;130;82;24;0;;2;236.61;146.85;5901765000197;;;;;0;4.810;0;;0;0;0;0;
DEC013;KADP2401400V30450;Kabat;DÊTKA 14.00 - 24  V3.04.5;140;;24;A3;;16;240.98;149.45;5901765000111;;;;;0;4.810;0;;0;0;0;0;
DEC013;KADP2401400V30450;Kabat;DÊTKA 14.00 - 24  V3.04.5;140;;24;A3;;2;240.98;149.45;5901765000111;;;;;0;4.810;0;;0;0;0;0;
DEC013;KADP2401400V30450;Kabat;DÊTKA 14.00 - 24  V3.04.5;140;;24;A3;;38;240.98;149.45;5901765000111;;;;;0;4.810;0;;0;0;0;0;
DEC013;KADP2401400V30450;Kabat;DÊTKA 14.00 - 24  V3.04.5;140;;24;A3;;43;240.98;149.45;5901765000111;;;;;0;4.810;0;;0;0;0;0;
DEC013;KADP2401400V30450;Kabat;DÊTKA 14.00 - 24  V3.04.5;140;;24;A3;;2;240.98;149.45;5901765000111;;;;;0;4.810;0;;0;0;0;0;
DEC013;KADP2401400V30450;Kabat;DÊTKA 14.00 - 24  V3.04.5;140;;24;A3;;2;240.98;149.45;5901765000111;;;;;0;4.810;0;;0;0;0;0;
DEC013;KADP2401400V30450;Kabat;DÊTKA 14.00 - 24  V3.04.5;140;;24;A3;;3;240.98;149.45;5901765000111;;;;;0;4.810;0;;0;0;0;0;
DEC013;KADP2401400V30450;Kabat;DÊTKA 14.00 - 24  V3.04.5;140;;24;A3;;91;240.98;149.45;5901765000111;;;;;0;4.810;0;;0;0;0;0;
DEC013;KADP2401400V30450;Kabat;DÊTKA 14.00 - 24  V3.04.5;140;;24;A3;;10;240.98;149.45;5901765000111;;;;;0;4.810;0;;0;0;0;0;
DEC013;KADP2401400V30450;Kabat;DÊTKA 14.00 - 24  V3.04.5;140;;24;A3;;0;240.98;149.45;5901765000111;;;;;0;4.810;0;;0;0;0;0;
DEC013;KADP2401400V30450;Kabat;DÊTKA 14.00 - 24  V3.04.5;140;;24;A3;;4;240.98;149.45;5901765000111;;;;;0;4.810;0;;0;0;0;0;
DEC013;KADP2401400V30450;Kabat;DÊTKA 14.00 - 24  V3.04.5;140;;24;A3;;7;240.98;149.45;5901765000111;;;;;0;4.810;0;;0;0;0;0;
DEC013;KADP2401400V30450;Kabat;DÊTKA 14.00 - 24  V3.04.5;140;;24;A3;;7;240.98;149.45;5901765000111;;;;;0;4.810;0;;0;0;0;0;
DEC058;KADP2401400V30617;Kabat;DÊTKA 14.00 - 24  TR-177A;140;;24;A3;;0;245.4;152.31;5901765000517;;;;;0;5.200;0;;0;0;0;0;
DEC058;KADP2401400V30617;Kabat;DÊTKA 14.00 - 24  TR-177A;140;;24;A3;;9;245.4;152.31;5901765000517;;;;;0;5.200;0;;0;0;0;0;
DEC058;KADP2401400V30617;Kabat;DÊTKA 14.00 - 24  TR-177A;140;;24;A3;;9;245.4;152.31;5901765000517;;;;;0;5.200;0;;0;0;0;0;
DEC058;KADP2401400V30617;Kabat;DÊTKA 14.00 - 24  TR-177A;140;;24;A3;;9;245.4;152.31;5901765000517;;;;;0;5.200;0;;0;0;0;0;
DER197;KADP2401750TR218A;Kabat;DÊTKA 17.5 - 24  TR-218A;175;;24;R;;6;292.36;181.43;5901765008711;;;;;0;5.880;0;;0;0;0;0;
DER197;KADP2401750TR218A;Kabat;DÊTKA 17.5 - 24  TR-218A;175;;24;R;;3;292.36;181.43;5901765008711;;;;;0;5.880;0;;0;0;0;0;
DER197;KADP2401750TR218A;Kabat;DÊTKA 17.5 - 24  TR-218A;175;;24;R;;3;292.36;181.43;5901765008711;;;;;0;5.880;0;;0;0;0;0;
DER197;KADP2401750TR218A;Kabat;DÊTKA 17.5 - 24  TR-218A;175;;24;R;;6;292.36;181.43;5901765008711;;;;;0;5.880;0;;0;0;0;0;
DER197;KADP2401750TR218A;Kabat;DÊTKA 17.5 - 24  TR-218A;175;;24;R;;5;292.36;181.43;5901765008711;;;;;0;5.880;0;;0;0;0;0;
DER197;KADP2401750TR218A;Kabat;DÊTKA 17.5 - 24  TR-218A;175;;24;R;;22;292.36;181.43;5901765008711;;;;;0;5.880;0;;0;0;0;0;
DER197;KADP2401750TR218A;Kabat;DÊTKA 17.5 - 24  TR-218A;175;;24;R;;43;292.36;181.43;5901765008711;;;;;0;5.880;0;;0;0;0;0;
DER197;KADP2401750TR218A;Kabat;DÊTKA 17.5 - 24  TR-218A;175;;24;R;;4;292.36;181.43;5901765008711;;;;;0;5.880;0;;0;0;0;0;
DER197;KADP2401750TR218A;Kabat;DÊTKA 17.5 - 24  TR-218A;175;;24;R;;15;292.36;181.43;5901765008711;;;;;0;5.880;0;;0;0;0;0;
DER197;KADP2401750TR218A;Kabat;DÊTKA 17.5 - 24  TR-218A;175;;24;R;;64;292.36;181.43;5901765008711;;;;;0;5.880;0;;0;0;0;0;
DER119;KADP25015500TRJ11;Kabat;DÊTKA 15.5 - 25  TRJ-1175C;155;82;25;T;;5;428.31;265.83;5901765008155;;;;;0;5.200;0;;0;0;0;0;
DER119;KADP25015500TRJ11;Kabat;DÊTKA 15.5 - 25  TRJ-1175C;155;82;25;T;;1;428.31;265.83;5901765008155;;;;;0;5.200;0;;0;0;0;0;
DER119;KADP25015500TRJ11;Kabat;DÊTKA 15.5 - 25  TRJ-1175C;155;82;25;T;;8;428.31;265.83;5901765008155;;;;;0;5.200;0;;0;0;0;0;
DER119;KADP25015500TRJ11;Kabat;DÊTKA 15.5 - 25  TRJ-1175C;155;82;25;T;;26;428.31;265.83;5901765008155;;;;;0;5.200;0;;0;0;0;0;
DER119;KADP25015500TRJ11;Kabat;DÊTKA 15.5 - 25  TRJ-1175C;155;82;25;T;;8;428.31;265.83;5901765008155;;;;;0;5.200;0;;0;0;0;0;
DER119;KADP25015500TRJ11;Kabat;DÊTKA 15.5 - 25  TRJ-1175C;155;82;25;T;;1;428.31;265.83;5901765008155;;;;;0;5.200;0;;0;0;0;0;
DER119;KADP25015500TRJ11;Kabat;DÊTKA 15.5 - 25  TRJ-1175C;155;82;25;T;;4;428.31;265.83;5901765008155;;;;;0;5.200;0;;0;0;0;0;
DER119;KADP25015500TRJ11;Kabat;DÊTKA 15.5 - 25  TRJ-1175C;155;82;25;T;;2;428.31;265.83;5901765008155;;;;;0;5.200;0;;0;0;0;0;
DER119;KADP25015500TRJ11;Kabat;DÊTKA 15.5 - 25  TRJ-1175C;155;82;25;T;;1;428.31;265.83;5901765008155;;;;;0;5.200;0;;0;0;0;0;
DER119;KADP25015500TRJ11;Kabat;DÊTKA 15.5 - 25  TRJ-1175C;155;82;25;T;;1;428.31;265.83;5901765008155;;;;;0;5.200;0;;0;0;0;0;
DER107;KADP250170000TRJC;Kabat;DÊTKA 17.00 - 25  TRJ-1175C;170;82;25;0;;0;432.74;284.39;5901765008100;;;;;0;6.360;0;;0;0;0;0;
DER108;KADP250175000TRJC;Kabat;DÊTKA 17.50 - 25  TRJ-1175C;175;82;25;0;;4;477.23;292.94;5901765008117;;;;;0;6.360;0;;0;0;0;0;
DER108;KADP250175000TRJC;Kabat;DÊTKA 17.50 - 25  TRJ-1175C;175;82;25;0;;2;477.23;292.94;5901765008117;;;;;0;6.360;0;;0;0;0;0;
DER108;KADP250175000TRJC;Kabat;DÊTKA 17.50 - 25  TRJ-1175C;175;82;25;0;;1;477.23;292.94;5901765008117;;;;;0;6.360;0;;0;0;0;0;
DER108;KADP250175000TRJC;Kabat;DÊTKA 17.50 - 25  TRJ-1175C;175;82;25;0;;2;477.23;292.94;5901765008117;;;;;0;6.360;0;;0;0;0;0;
DER108;KADP250175000TRJC;Kabat;DÊTKA 17.50 - 25  TRJ-1175C;175;82;25;0;;44;477.23;292.94;5901765008117;;;;;0;6.360;0;;0;0;0;0;
DER108;KADP250175000TRJC;Kabat;DÊTKA 17.50 - 25  TRJ-1175C;175;82;25;0;;6;477.23;292.94;5901765008117;;;;;0;6.360;0;;0;0;0;0;
DER108;KADP250175000TRJC;Kabat;DÊTKA 17.50 - 25  TRJ-1175C;175;82;25;0;;6;477.23;292.94;5901765008117;;;;;0;6.360;0;;0;0;0;0;
DER108;KADP250175000TRJC;Kabat;DÊTKA 17.50 - 25  TRJ-1175C;175;82;25;0;;1;477.23;292.94;5901765008117;;;;;0;6.360;0;;0;0;0;0;
DER108;KADP250175000TRJC;Kabat;DÊTKA 17.50 - 25  TRJ-1175C;175;82;25;0;;6;477.23;292.94;5901765008117;;;;;0;6.360;0;;0;0;0;0;
DER108;KADP250175000TRJC;Kabat;DÊTKA 17.50 - 25  TRJ-1175C;175;82;25;0;;20;477.23;292.94;5901765008117;;;;;0;6.360;0;;0;0;0;0;
DER108;KADP250175000TRJC;Kabat;DÊTKA 17.50 - 25  TRJ-1175C;175;82;25;0;;2;477.23;292.94;5901765008117;;;;;0;6.360;0;;0;0;0;0;
DER108;KADP250175000TRJC;Kabat;DÊTKA 17.50 - 25  TRJ-1175C;175;82;25;0;;14;477.23;292.94;5901765008117;;;;;0;6.360;0;;0;0;0;0;
DER102;KADP250180TRJ1175;Kabat;DÊTKA 18.00 - 25  TRJ-1175C;180;;25;J;;17;495.79;304.34;5901765008056;;;;;0;6.360;0;;0;0;0;0;
DER102;KADP250180TRJ1175;Kabat;DÊTKA 18.00 - 25  TRJ-1175C;180;;25;J;;17;495.79;304.34;5901765008056;;;;;0;6.360;0;;0;0;0;0;
DER102;KADP250180TRJ1175;Kabat;DÊTKA 18.00 - 25  TRJ-1175C;180;;25;J;;1;495.79;304.34;5901765008056;;;;;0;6.360;0;;0;0;0;0;
DER102;KADP250180TRJ1175;Kabat;DÊTKA 18.00 - 25  TRJ-1175C;180;;25;J;;20;495.79;304.34;5901765008056;;;;;0;6.360;0;;0;0;0;0;
DER102;KADP250180TRJ1175;Kabat;DÊTKA 18.00 - 25  TRJ-1175C;180;;25;J;;2;495.79;304.34;5901765008056;;;;;0;6.360;0;;0;0;0;0;
DER085;KADP250205TRJ1175;Kabat;DÊTKA 20.5 - 25  TRJ-1175C;205;;25;J;;4;519.02;318.6;5901765007899;;;;;0;7.480;0;;0;0;0;0;
DER085;KADP250205TRJ1175;Kabat;DÊTKA 20.5 - 25  TRJ-1175C;205;;25;J;;3;519.02;318.6;5901765007899;;;;;0;7.480;0;;0;0;0;0;
DER085;KADP250205TRJ1175;Kabat;DÊTKA 20.5 - 25  TRJ-1175C;205;;25;J;;1;519.02;318.6;5901765007899;;;;;0;7.480;0;;0;0;0;0;
DER085;KADP250205TRJ1175;Kabat;DÊTKA 20.5 - 25  TRJ-1175C;205;;25;J;;7;519.02;318.6;5901765007899;;;;;0;7.480;0;;0;0;0;0;
DER085;KADP250205TRJ1175;Kabat;DÊTKA 20.5 - 25  TRJ-1175C;205;;25;J;;3;519.02;318.6;5901765007899;;;;;0;7.480;0;;0;0;0;0;
DER085;KADP250205TRJ1175;Kabat;DÊTKA 20.5 - 25  TRJ-1175C;205;;25;J;;2;519.02;318.6;5901765007899;;;;;0;7.480;0;;0;0;0;0;
DER085;KADP250205TRJ1175;Kabat;DÊTKA 20.5 - 25  TRJ-1175C;205;;25;J;;3;519.02;318.6;5901765007899;;;;;0;7.480;0;;0;0;0;0;
DER085;KADP250205TRJ1175;Kabat;DÊTKA 20.5 - 25  TRJ-1175C;205;;25;J;;30;519.02;318.6;5901765007899;;;;;0;7.480;0;;0;0;0;0;
DER085;KADP250205TRJ1175;Kabat;DÊTKA 20.5 - 25  TRJ-1175C;205;;25;J;;2;519.02;318.6;5901765007899;;;;;0;7.480;0;;0;0;0;0;
DER085;KADP250205TRJ1175;Kabat;DÊTKA 20.5 - 25  TRJ-1175C;205;;25;J;;14;519.02;318.6;5901765007899;;;;;0;7.480;0;;0;0;0;0;
DER085;KADP250205TRJ1175;Kabat;DÊTKA 20.5 - 25  TRJ-1175C;205;;25;J;;2;519.02;318.6;5901765007899;;;;;0;7.480;0;;0;0;0;0;
DER085;KADP250205TRJ1175;Kabat;DÊTKA 20.5 - 25  TRJ-1175C;205;;25;J;;3;519.02;318.6;5901765007899;;;;;0;7.480;0;;0;0;0;0;
DER043;KADP2502350TR218A;Kabat;DÊTKA 23.5 - 25  TR-218A;235;;25;R;;5;473.39;303.8;;;;;;0;11.770;0;;0;0;0;0;
DER043;KADP2502350TR218A;Kabat;DÊTKA 23.5 - 25  TR-218A;235;;25;R;;3;473.39;303.8;;;;;;0;11.770;0;;0;0;0;0;
DER043;KADP2502350TR218A;Kabat;DÊTKA 23.5 - 25  TR-218A;235;;25;R;;3;473.39;303.8;;;;;;0;11.770;0;;0;0;0;0;
DER043;KADP2502350TR218A;Kabat;DÊTKA 23.5 - 25  TR-218A;235;;25;R;;8;473.39;303.8;;;;;;0;11.770;0;;0;0;0;0;
DER043;KADP2502350TR218A;Kabat;DÊTKA 23.5 - 25  TR-218A;235;;25;R;;0;473.39;303.8;;;;;;0;11.770;0;;0;0;0;0;
DER061;KADP2502350TRJ175;Kabat;DÊTKA 23.5 - 25  TRJ-1175C;235;;25;R;;22;535.33;332.2;5901765007707;;;;;0;11.770;0;;0;0;0;0;
DER061;KADP2502350TRJ175;Kabat;DÊTKA 23.5 - 25  TRJ-1175C;235;;25;R;;2;535.33;332.2;5901765007707;;;;;0;11.770;0;;0;0;0;0;
DER061;KADP2502350TRJ175;Kabat;DÊTKA 23.5 - 25  TRJ-1175C;235;;25;R;;6;535.33;332.2;5901765007707;;;;;0;11.770;0;;0;0;0;0;
DER061;KADP2502350TRJ175;Kabat;DÊTKA 23.5 - 25  TRJ-1175C;235;;25;R;;6;535.33;332.2;5901765007707;;;;;0;11.770;0;;0;0;0;0;
DER061;KADP2502350TRJ175;Kabat;DÊTKA 23.5 - 25  TRJ-1175C;235;;25;R;;4;535.33;332.2;5901765007707;;;;;0;11.770;0;;0;0;0;0;
DER061;KADP2502350TRJ175;Kabat;DÊTKA 23.5 - 25  TRJ-1175C;235;;25;R;;1;535.33;332.2;5901765007707;;;;;0;11.770;0;;0;0;0;0;
DER061;KADP2502350TRJ175;Kabat;DÊTKA 23.5 - 25  TRJ-1175C;235;;25;R;;2;535.33;332.2;5901765007707;;;;;0;11.770;0;;0;0;0;0;
DER061;KADP2502350TRJ175;Kabat;DÊTKA 23.5 - 25  TRJ-1175C;235;;25;R;;2;535.33;332.2;5901765007707;;;;;0;11.770;0;;0;0;0;0;
DER061;KADP2502350TRJ175;Kabat;DÊTKA 23.5 - 25  TRJ-1175C;235;;25;R;;16;535.33;332.2;5901765007707;;;;;0;11.770;0;;0;0;0;0;
DER061;KADP2502350TRJ175;Kabat;DÊTKA 23.5 - 25  TRJ-1175C;235;;25;R;;1;535.33;332.2;5901765007707;;;;;0;11.770;0;;0;0;0;0;
DER061;KADP2502350TRJ175;Kabat;DÊTKA 23.5 - 25  TRJ-1175C;235;;25;R;;42;535.33;332.2;5901765007707;;;;;0;11.770;0;;0;0;0;0;
DER061;KADP2502350TRJ175;Kabat;DÊTKA 23.5 - 25  TRJ-1175C;235;;25;R;;2;535.33;332.2;5901765007707;;;;;0;11.770;0;;0;0;0;0;
DER351;KADP2502350TRJ400;Kabat;DÊTKA 23.5 - 25  TRJ-4000B;235;;25;R;;0;670.9;440.9;5901765009671;;;;;0;11.770;0;;0;0;0;0;
DET282;KADP250235PTRJ175;Kabat;DÊTKA 23.5 - 25  HD  [premium]  TRJ-1175C;235;;25;R;premium;1;643.32;394.9;5901765026845;;;;;0;11.770;0;;0;0;0;0;
DET282;KADP250235PTRJ175;Kabat;DÊTKA 23.5 - 25  HD  [premium]  TRJ-1175C;235;;25;R;premium;6;643.32;394.9;5901765026845;;;;;0;11.770;0;;0;0;0;0;
DET282;KADP250235PTRJ175;Kabat;DÊTKA 23.5 - 25  HD  [premium]  TRJ-1175C;235;;25;R;premium;3;643.32;394.9;5901765026845;;;;;0;11.770;0;;0;0;0;0;
DET282;KADP250235PTRJ175;Kabat;DÊTKA 23.5 - 25  HD  [premium]  TRJ-1175C;235;;25;R;premium;1;643.32;394.9;5901765026845;;;;;0;11.770;0;;0;0;0;0;
DET282;KADP250235PTRJ175;Kabat;DÊTKA 23.5 - 25  HD  [premium]  TRJ-1175C;235;;25;R;premium;10;643.32;394.9;5901765026845;;;;;0;11.770;0;;0;0;0;0;
DET282;KADP250235PTRJ175;Kabat;DÊTKA 23.5 - 25  HD  [premium]  TRJ-1175C;235;;25;R;premium;2;643.32;394.9;5901765026845;;;;;0;11.770;0;;0;0;0;0;
DER062;KADP25025500TRJ11;Kabat;DÊTKA 25.5 - 25  TRJ-1175C;255;82;25;T;;0;592.53;389.39;5901765007714;;;;;0;12.980;0;;0;0;0;0;
DER074;KADP25026500TRJ11;Kabat;DÊTKA 26.5 - 25  TRJ-1175C;265;82;25;T;;1;657.92;403.86;5901765007806;;;;;0;13.990;0;;0;0;0;0;
DER074;KADP25026500TRJ11;Kabat;DÊTKA 26.5 - 25  TRJ-1175C;265;82;25;T;;1;657.92;403.86;5901765007806;;;;;0;13.990;0;;0;0;0;0;
DER074;KADP25026500TRJ11;Kabat;DÊTKA 26.5 - 25  TRJ-1175C;265;82;25;T;;3;657.92;403.86;5901765007806;;;;;0;13.990;0;;0;0;0;0;
DER074;KADP25026500TRJ11;Kabat;DÊTKA 26.5 - 25  TRJ-1175C;265;82;25;T;;1;657.92;403.86;5901765007806;;;;;0;13.990;0;;0;0;0;0;
DER074;KADP25026500TRJ11;Kabat;DÊTKA 26.5 - 25  TRJ-1175C;265;82;25;T;;0;657.92;403.86;5901765007806;;;;;0;13.990;0;;0;0;0;0;
DER074;KADP25026500TRJ11;Kabat;DÊTKA 26.5 - 25  TRJ-1175C;265;82;25;T;;0;657.92;403.86;5901765007806;;;;;0;13.990;0;;0;0;0;0;
DER385;KADP3302100TRJJ11;Kabat;DÊTKA 21.00 - 33  TRJ-1175C;210;;33;R;;4;730.23;455.7;;;;;;0;12.980;0;;0;0;0;0;
DER385;KADP3302100TRJJ11;Kabat;DÊTKA 21.00 - 33  TRJ-1175C;210;;33;R;;6;730.23;455.7;;;;;;0;12.980;0;;0;0;0;0;
DER385;KADP3302100TRJJ11;Kabat;DÊTKA 21.00 - 33  TRJ-1175C;210;;33;R;;6;730.23;455.7;;;;;;0;12.980;0;;0;0;0;0;
DER385;KADP3302100TRJJ11;Kabat;DÊTKA 21.00 - 33  TRJ-1175C;210;;33;R;;14;730.23;455.7;;;;;;0;12.980;0;;0;0;0;0;
DER385;KADP3302100TRJJ11;Kabat;DÊTKA 21.00 - 33  TRJ-1175C;210;;33;R;;4;730.23;455.7;;;;;;0;12.980;0;;0;0;0;0;
DET229;KADP400117004TR87;Kabat;DÊTKA 11 x 7.00 - 4  TR-87;11 x 7.10;82;40;A4;;3;32.51;20.17;5901765026319;;;;;0;0.390;0;;0;0;0;0;
DET229;KADP400117004TR87;Kabat;DÊTKA 11 x 7.00 - 4  TR-87;11 x 7.10;82;40;A4;;3;32.51;20.17;5901765026319;;;;;0;0.390;0;;0;0;0;0;
DET229;KADP400117004TR87;Kabat;DÊTKA 11 x 7.00 - 4  TR-87;11 x 7.10;82;40;A4;;2;32.51;20.17;5901765026319;;;;;0;0.390;0;;0;0;0;0;
DET229;KADP400117004TR87;Kabat;DÊTKA 11 x 7.00 - 4  TR-87;11 x 7.10;82;40;A4;;2;32.51;20.17;5901765026319;;;;;0;0.390;0;;0;0;0;0;
DET229;KADP400117004TR87;Kabat;DÊTKA 11 x 7.00 - 4  TR-87;11 x 7.10;82;40;A4;;51;32.51;20.17;5901765026319;;;;;0;0.390;0;;0;0;0;0;
DET229;KADP400117004TR87;Kabat;DÊTKA 11 x 7.00 - 4  TR-87;11 x 7.10;82;40;A4;;1;32.51;20.17;5901765026319;;;;;0;0.390;0;;0;0;0;0;
DET229;KADP400117004TR87;Kabat;DÊTKA 11 x 7.00 - 4  TR-87;11 x 7.10;82;40;A4;;56;32.51;20.17;5901765026319;;;;;0;0.390;0;;0;0;0;0;
DET229;KADP400117004TR87;Kabat;DÊTKA 11 x 7.00 - 4  TR-87;11 x 7.10;82;40;A4;;2;32.51;20.17;5901765026319;;;;;0;0.390;0;;0;0;0;0;
DET229;KADP400117004TR87;Kabat;DÊTKA 11 x 7.00 - 4  TR-87;11 x 7.10;82;40;A4;;64;32.51;20.17;5901765026319;;;;;0;0.390;0;;0;0;0;0;
DET237;KADP4003000000000;Kabat;DÊTKA 3.00 - 4  TR-87 S;300;82;40;0;;1;27.02;16.59;5901765026395;;;;;0;0.160;0;;0;0;0;0;
DET237;KADP4003000000000;Kabat;DÊTKA 3.00 - 4  TR-87 S;300;82;40;0;;2;27.02;16.59;5901765026395;;;;;0;0.160;0;;0;0;0;0;
DET237;KADP4003000000000;Kabat;DÊTKA 3.00 - 4  TR-87 S;300;82;40;0;;19;27.02;16.59;5901765026395;;;;;0;0.160;0;;0;0;0;0;
DET237;KADP4003000000000;Kabat;DÊTKA 3.00 - 4  TR-87 S;300;82;40;0;;41;27.02;16.59;5901765026395;;;;;0;0.160;0;;0;0;0;0;
DET237;KADP4003000000000;Kabat;DÊTKA 3.00 - 4  TR-87 S;300;82;40;0;;19;27.02;16.59;5901765026395;;;;;0;0.160;0;;0;0;0;0;
DET237;KADP4003000000000;Kabat;DÊTKA 3.00 - 4  TR-87 S;300;82;40;0;;24;27.02;16.59;5901765026395;;;;;0;0.160;0;;0;0;0;0;
DET237;KADP4003000000000;Kabat;DÊTKA 3.00 - 4  TR-87 S;300;82;40;0;;100;27.02;16.59;5901765026395;;;;;0;0.160;0;;0;0;0;0;
DET237;KADP4003000000000;Kabat;DÊTKA 3.00 - 4  TR-87 S;300;82;40;0;;14;27.02;16.59;5901765026395;;;;;0;0.160;0;;0;0;0;0;
DET237;KADP4003000000000;Kabat;DÊTKA 3.00 - 4  TR-87 S;300;82;40;0;;18;27.02;16.59;5901765026395;;;;;0;0.160;0;;0;0;0;0;
DET237;KADP4003000000000;Kabat;DÊTKA 3.00 - 4  TR-87 S;300;82;40;0;;4;27.02;16.59;5901765026395;;;;;0;0.160;0;;0;0;0;0;
DET237;KADP4003000000000;Kabat;DÊTKA 3.00 - 4  TR-87 S;300;82;40;0;;100;27.02;16.59;5901765026395;;;;;0;0.160;0;;0;0;0;0;
DET237;KADP4003000000000;Kabat;DÊTKA 3.00 - 4  TR-87 S;300;82;40;0;;4;27.02;16.59;5901765026395;;;;;0;0.160;0;;0;0;0;0;
DET237;KADP4003000000000;Kabat;DÊTKA 3.00 - 4  TR-87 S;300;82;40;0;;100;27.02;16.59;5901765026395;;;;;0;0.160;0;;0;0;0;0;
DET237;KADP4003000000000;Kabat;DÊTKA 3.00 - 4  TR-87 S;300;82;40;0;;20;27.02;16.59;5901765026395;;;;;0;0.160;0;;0;0;0;0;
DET237;KADP4003000000000;Kabat;DÊTKA 3.00 - 4  TR-87 S;300;82;40;0;;1;27.02;16.59;5901765026395;;;;;0;0.160;0;;0;0;0;0;
DET190;KADP500230000JS20;Kabat;DÊTKA 23 - 5  JS-2;230;82;50;0;;10;46.89;29.89;;;;;;0;0.920;0;;0;0;0;0;
DET190;KADP500230000JS20;Kabat;DÊTKA 23 - 5  JS-2;230;82;50;0;;25;46.89;29.89;;;;;;0;0.920;0;;0;0;0;0;
DET190;KADP500230000JS20;Kabat;DÊTKA 23 - 5  JS-2;230;82;50;0;;7;46.89;29.89;;;;;;0;0.920;0;;0;0;0;0;
DET190;KADP500230000JS20;Kabat;DÊTKA 23 - 5  JS-2;230;82;50;0;;1;46.89;29.89;;;;;;0;0.920;0;;0;0;0;0;
DET190;KADP500230000JS20;Kabat;DÊTKA 23 - 5  JS-2;230;82;50;0;;74;46.89;29.89;;;;;;0;0.920;0;;0;0;0;0;
DET190;KADP500230000JS20;Kabat;DÊTKA 23 - 5  JS-2;230;82;50;0;;10;46.89;29.89;;;;;;0;0.920;0;;0;0;0;0;
DET190;KADP500230000JS20;Kabat;DÊTKA 23 - 5  JS-2;230;82;50;0;;14;46.89;29.89;;;;;;0;0.920;0;;0;0;0;0;
DET190;KADP500230000JS20;Kabat;DÊTKA 23 - 5  JS-2;230;82;50;0;;100;46.89;29.89;;;;;;0;0.920;0;;0;0;0;0;
DET190;KADP500230000JS20;Kabat;DÊTKA 23 - 5  JS-2;230;82;50;0;;4;46.89;29.89;;;;;;0;0.920;0;;0;0;0;0;
DET190;KADP500230000JS20;Kabat;DÊTKA 23 - 5  JS-2;230;82;50;0;;42;46.89;29.89;;;;;;0;0.920;0;;0;0;0;0;
DET278;KADP500500JS20000;Kabat;DÊTKA 5.00 - 5  JS-2;500;;50;A2;;1;37.33;24.01;5900007232525;;;;;0;0.470;0;;0;0;0;0;
DET278;KADP500500JS20000;Kabat;DÊTKA 5.00 - 5  JS-2;500;;50;A2;;16;37.33;24.01;5900007232525;;;;;0;0.470;0;;0;0;0;0;
DET278;KADP500500JS20000;Kabat;DÊTKA 5.00 - 5  JS-2;500;;50;A2;;17;37.33;24.01;5900007232525;;;;;0;0.470;0;;0;0;0;0;
DET278;KADP500500JS20000;Kabat;DÊTKA 5.00 - 5  JS-2;500;;50;A2;;17;37.33;24.01;5900007232525;;;;;0;0.470;0;;0;0;0;0;
DET011;KADP502300000GW4B;Kabat;DÊTKA 23 - 5  GW 4B 50 x 65;300;82;;0;;4;55.83;34.64;5901765011087;;;;;0;0.920;0;;0;0;0;0;
DET011;KADP502300000GW4B;Kabat;DÊTKA 23 - 5  GW 4B 50 x 65;300;82;;0;;100;55.83;34.64;5901765011087;;;;;0;0.920;0;;0;0;0;0;
DET011;KADP502300000GW4B;Kabat;DÊTKA 23 - 5  GW 4B 50 x 65;300;82;;0;;23;55.83;34.64;5901765011087;;;;;0;0.920;0;;0;0;0;0;
DET011;KADP502300000GW4B;Kabat;DÊTKA 23 - 5  GW 4B 50 x 65;300;82;;0;;18;55.83;34.64;5901765011087;;;;;0;0.920;0;;0;0;0;0;
DET011;KADP502300000GW4B;Kabat;DÊTKA 23 - 5  GW 4B 50 x 65;300;82;;0;;100;55.83;34.64;5901765011087;;;;;0;0.920;0;;0;0;0;0;
DET011;KADP502300000GW4B;Kabat;DÊTKA 23 - 5  GW 4B 50 x 65;300;82;;0;;20;55.83;34.64;5901765011087;;;;;0;0.920;0;;0;0;0;0;
DET011;KADP502300000GW4B;Kabat;DÊTKA 23 - 5  GW 4B 50 x 65;300;82;;0;;44;55.83;34.64;5901765011087;;;;;0;0.920;0;;0;0;0;0;
DET011;KADP502300000GW4B;Kabat;DÊTKA 23 - 5  GW 4B 50 x 65;300;82;;0;;28;55.83;34.64;5901765011087;;;;;0;0.920;0;;0;0;0;0;
DET011;KADP502300000GW4B;Kabat;DÊTKA 23 - 5  GW 4B 50 x 65;300;82;;0;;18;55.83;34.64;5901765011087;;;;;0;0.920;0;;0;0;0;0;
DET011;KADP502300000GW4B;Kabat;DÊTKA 23 - 5  GW 4B 50 x 65;300;82;;0;;28;55.83;34.64;5901765011087;;;;;0;0.920;0;;0;0;0;0;
DET011;KADP502300000GW4B;Kabat;DÊTKA 23 - 5  GW 4B 50 x 65;300;82;;0;;100;55.83;34.64;5901765011087;;;;;0;0.920;0;;0;0;0;0;
DET011;KADP502300000GW4B;Kabat;DÊTKA 23 - 5  GW 4B 50 x 65;300;82;;0;;18;55.83;34.64;5901765011087;;;;;0;0.920;0;;0;0;0;0;
DET102;KADP502300000TR13;Kabat;DÊTKA 23 - 5  TR-13;300;82;;0;;8;41.42;25.71;5901765011896;;;;;0;0.920;0;;0;0;0;0;
DET102;KADP502300000TR13;Kabat;DÊTKA 23 - 5  TR-13;300;82;;0;;15;41.42;25.71;5901765011896;;;;;0;0.920;0;;0;0;0;0;
DET102;KADP502300000TR13;Kabat;DÊTKA 23 - 5  TR-13;300;82;;0;;5;41.42;25.71;5901765011896;;;;;0;0.920;0;;0;0;0;0;
DET102;KADP502300000TR13;Kabat;DÊTKA 23 - 5  TR-13;300;82;;0;;19;41.42;25.71;5901765011896;;;;;0;0.920;0;;0;0;0;0;
DET102;KADP502300000TR13;Kabat;DÊTKA 23 - 5  TR-13;300;82;;0;;67;41.42;25.71;5901765011896;;;;;0;0.920;0;;0;0;0;0;
DET102;KADP502300000TR13;Kabat;DÊTKA 23 - 5  TR-13;300;82;;0;;14;41.42;25.71;5901765011896;;;;;0;0.920;0;;0;0;0;0;
DET102;KADP502300000TR13;Kabat;DÊTKA 23 - 5  TR-13;300;82;;0;;2;41.42;25.71;5901765011896;;;;;0;0.920;0;;0;0;0;0;
DET102;KADP502300000TR13;Kabat;DÊTKA 23 - 5  TR-13;300;82;;0;;19;41.42;25.71;5901765011896;;;;;0;0.920;0;;0;0;0;0;
DET102;KADP502300000TR13;Kabat;DÊTKA 23 - 5  TR-13;300;82;;0;;16;41.42;25.71;5901765011896;;;;;0;0.920;0;;0;0;0;0;
DET102;KADP502300000TR13;Kabat;DÊTKA 23 - 5  TR-13;300;82;;0;;11;41.42;25.71;5901765011896;;;;;0;0.920;0;;0;0;0;0;
DET102;KADP502300000TR13;Kabat;DÊTKA 23 - 5  TR-13;300;82;;0;;20;41.42;25.71;5901765011896;;;;;0;0.920;0;;0;0;0;0;
DET102;KADP502300000TR13;Kabat;DÊTKA 23 - 5  TR-13;300;82;;0;;19;41.42;25.71;5901765011896;;;;;0;0.920;0;;0;0;0;0;
DET102;KADP502300000TR13;Kabat;DÊTKA 23 - 5  TR-13;300;82;;0;;100;41.42;25.71;5901765011896;;;;;0;0.920;0;;0;0;0;0;
DET102;KADP502300000TR13;Kabat;DÊTKA 23 - 5  TR-13;300;82;;0;;2;41.42;25.71;5901765011896;;;;;0;0.920;0;;0;0;0;0;
DET100;KADP5023000V30219;Kabat;DÊTKA 23 - 5  V3.02.19;300;;;A3;;10;48.77;30.26;5901765011872;;;;;0;0.920;0;;0;0;0;0;
DET100;KADP5023000V30219;Kabat;DÊTKA 23 - 5  V3.02.19;300;;;A3;;15;48.77;30.26;5901765011872;;;;;0;0.920;0;;0;0;0;0;
DET100;KADP5023000V30219;Kabat;DÊTKA 23 - 5  V3.02.19;300;;;A3;;18;48.77;30.26;5901765011872;;;;;0;0.920;0;;0;0;0;0;
DET100;KADP5023000V30219;Kabat;DÊTKA 23 - 5  V3.02.19;300;;;A3;;100;48.77;30.26;5901765011872;;;;;0;0.920;0;;0;0;0;0;
DET100;KADP5023000V30219;Kabat;DÊTKA 23 - 5  V3.02.19;300;;;A3;;5;48.77;30.26;5901765011872;;;;;0;0.920;0;;0;0;0;0;
DET100;KADP5023000V30219;Kabat;DÊTKA 23 - 5  V3.02.19;300;;;A3;;23;48.77;30.26;5901765011872;;;;;0;0.920;0;;0;0;0;0;
DET100;KADP5023000V30219;Kabat;DÊTKA 23 - 5  V3.02.19;300;;;A3;;100;48.77;30.26;5901765011872;;;;;0;0.920;0;;0;0;0;0;
DET100;KADP5023000V30219;Kabat;DÊTKA 23 - 5  V3.02.19;300;;;A3;;100;48.77;30.26;5901765011872;;;;;0;0.920;0;;0;0;0;0;
DET100;KADP5023000V30219;Kabat;DÊTKA 23 - 5  V3.02.19;300;;;A3;;45;48.77;30.26;5901765011872;;;;;0;0.920;0;;0;0;0;0;
DET100;KADP5023000V30219;Kabat;DÊTKA 23 - 5  V3.02.19;300;;;A3;;15;48.77;30.26;5901765011872;;;;;0;0.920;0;;0;0;0;0;
DET100;KADP5023000V30219;Kabat;DÊTKA 23 - 5  V3.02.19;300;;;A3;;5;48.77;30.26;5901765011872;;;;;0;0.920;0;;0;0;0;0;
DET100;KADP5023000V30219;Kabat;DÊTKA 23 - 5  V3.02.19;300;;;A3;;9;48.77;30.26;5901765011872;;;;;0;0.920;0;;0;0;0;0;
DET100;KADP5023000V30219;Kabat;DÊTKA 23 - 5  V3.02.19;300;;;A3;;24;48.77;30.26;5901765011872;;;;;0;0.920;0;;0;0;0;0;
DET100;KADP5023000V30219;Kabat;DÊTKA 23 - 5  V3.02.19;300;;;A3;;16;48.77;30.26;5901765011872;;;;;0;0.920;0;;0;0;0;0;
DET100;KADP5023000V30219;Kabat;DÊTKA 23 - 5  V3.02.19;300;;;A3;;6;48.77;30.26;5901765011872;;;;;0;0.920;0;;0;0;0;0;
DET108;KADP50410350TR870;Kabat;DÊTKA 4.10/3.50-5  TR-87;;50;;T;;39;32.19;20.58;;;;;;0;1.560;0;;0;0;0;0;
DET108;KADP50410350TR870;Kabat;DÊTKA 4.10/3.50-5  TR-87;;50;;T;;1;32.19;20.58;;;;;;0;1.560;0;;0;0;0;0;
DET108;KADP50410350TR870;Kabat;DÊTKA 4.10/3.50-5  TR-87;;50;;T;;18;32.19;20.58;;;;;;0;1.560;0;;0;0;0;0;
DET108;KADP50410350TR870;Kabat;DÊTKA 4.10/3.50-5  TR-87;;50;;T;;30;32.19;20.58;;;;;;0;1.560;0;;0;0;0;0;
DET108;KADP50410350TR870;Kabat;DÊTKA 4.10/3.50-5  TR-87;;50;;T;;4;32.19;20.58;;;;;;0;1.560;0;;0;0;0;0;
DET108;KADP50410350TR870;Kabat;DÊTKA 4.10/3.50-5  TR-87;;50;;T;;1;32.19;20.58;;;;;;0;1.560;0;;0;0;0;0;
DET108;KADP50410350TR870;Kabat;DÊTKA 4.10/3.50-5  TR-87;;50;;T;;4;32.19;20.58;;;;;;0;1.560;0;;0;0;0;0;
DET108;KADP50410350TR870;Kabat;DÊTKA 4.10/3.50-5  TR-87;;50;;T;;11;32.19;20.58;;;;;;0;1.560;0;;0;0;0;0;
DET088;KADP600135000TR13;Kabat;DÊTKA 13 x 5.00 - 6  TR-13;135;82;60;0;;17;33.15;20.57;5901765011773;;;;;0;0.330;0;;0;0;0;0;
DET088;KADP600135000TR13;Kabat;DÊTKA 13 x 5.00 - 6  TR-13;135;82;60;0;;29;33.15;20.57;5901765011773;;;;;0;0.330;0;;0;0;0;0;
DET088;KADP600135000TR13;Kabat;DÊTKA 13 x 5.00 - 6  TR-13;135;82;60;0;;0;33.15;20.57;5901765011773;;;;;0;0.330;0;;0;0;0;0;
DET088;KADP600135000TR13;Kabat;DÊTKA 13 x 5.00 - 6  TR-13;135;82;60;0;;2;33.15;20.57;5901765011773;;;;;0;0.330;0;;0;0;0;0;
DET088;KADP600135000TR13;Kabat;DÊTKA 13 x 5.00 - 6  TR-13;135;82;60;0;;4;33.15;20.57;5901765011773;;;;;0;0.330;0;;0;0;0;0;
DET088;KADP600135000TR13;Kabat;DÊTKA 13 x 5.00 - 6  TR-13;135;82;60;0;;30;33.15;20.57;5901765011773;;;;;0;0.330;0;;0;0;0;0;
DET088;KADP600135000TR13;Kabat;DÊTKA 13 x 5.00 - 6  TR-13;135;82;60;0;;11;33.15;20.57;5901765011773;;;;;0;0.330;0;;0;0;0;0;
DET088;KADP600135000TR13;Kabat;DÊTKA 13 x 5.00 - 6  TR-13;135;82;60;0;;100;33.15;20.57;5901765011773;;;;;0;0.330;0;;0;0;0;0;
DET088;KADP600135000TR13;Kabat;DÊTKA 13 x 5.00 - 6  TR-13;135;82;60;0;;100;33.15;20.57;5901765011773;;;;;0;0.330;0;;0;0;0;0;
DET088;KADP600135000TR13;Kabat;DÊTKA 13 x 5.00 - 6  TR-13;135;82;60;0;;9;33.15;20.57;5901765011773;;;;;0;0.330;0;;0;0;0;0;
DET088;KADP600135000TR13;Kabat;DÊTKA 13 x 5.00 - 6  TR-13;135;82;60;0;;10;33.15;20.57;5901765011773;;;;;0;0.330;0;;0;0;0;0;
DET088;KADP600135000TR13;Kabat;DÊTKA 13 x 5.00 - 6  TR-13;135;82;60;0;;21;33.15;20.57;5901765011773;;;;;0;0.330;0;;0;0;0;0;
DET088;KADP600135000TR13;Kabat;DÊTKA 13 x 5.00 - 6  TR-13;135;82;60;0;;100;33.15;20.57;5901765011773;;;;;0;0.330;0;;0;0;0;0;
DET088;KADP600135000TR13;Kabat;DÊTKA 13 x 5.00 - 6  TR-13;135;82;60;0;;6;33.15;20.57;5901765011773;;;;;0;0.330;0;;0;0;0;0;
DET088;KADP600135000TR13;Kabat;DÊTKA 13 x 5.00 - 6  TR-13;135;82;60;0;;4;33.15;20.57;5901765011773;;;;;0;0.330;0;;0;0;0;0;
DET088;KADP600135000TR13;Kabat;DÊTKA 13 x 5.00 - 6  TR-13;135;82;60;0;;2;33.15;20.57;5901765011773;;;;;0;0.330;0;;0;0;0;0;
DET087;KADP600135000TR87;Kabat;DÊTKA 13 x 5.00 - 6  TR-87;135;82;60;0;;10;43.3;26.87;5901765011766;;;;;0;0.330;0;;0;0;0;0;
DET087;KADP600135000TR87;Kabat;DÊTKA 13 x 5.00 - 6  TR-87;135;82;60;0;;2;43.3;26.87;5901765011766;;;;;0;0.330;0;;0;0;0;0;
DET087;KADP600135000TR87;Kabat;DÊTKA 13 x 5.00 - 6  TR-87;135;82;60;0;;6;43.3;26.87;5901765011766;;;;;0;0.330;0;;0;0;0;0;
DET087;KADP600135000TR87;Kabat;DÊTKA 13 x 5.00 - 6  TR-87;135;82;60;0;;59;43.3;26.87;5901765011766;;;;;0;0.330;0;;0;0;0;0;
DET087;KADP600135000TR87;Kabat;DÊTKA 13 x 5.00 - 6  TR-87;135;82;60;0;;4;43.3;26.87;5901765011766;;;;;0;0.330;0;;0;0;0;0;
DET087;KADP600135000TR87;Kabat;DÊTKA 13 x 5.00 - 6  TR-87;135;82;60;0;;4;43.3;26.87;5901765011766;;;;;0;0.330;0;;0;0;0;0;
DET087;KADP600135000TR87;Kabat;DÊTKA 13 x 5.00 - 6  TR-87;135;82;60;0;;5;43.3;26.87;5901765011766;;;;;0;0.330;0;;0;0;0;0;
DET087;KADP600135000TR87;Kabat;DÊTKA 13 x 5.00 - 6  TR-87;135;82;60;0;;2;43.3;26.87;5901765011766;;;;;0;0.330;0;;0;0;0;0;
DET087;KADP600135000TR87;Kabat;DÊTKA 13 x 5.00 - 6  TR-87;135;82;60;0;;8;43.3;26.87;5901765011766;;;;;0;0.330;0;;0;0;0;0;
DET087;KADP600135000TR87;Kabat;DÊTKA 13 x 5.00 - 6  TR-87;135;82;60;0;;95;43.3;26.87;5901765011766;;;;;0;0.330;0;;0;0;0;0;
DET087;KADP600135000TR87;Kabat;DÊTKA 13 x 5.00 - 6  TR-87;135;82;60;0;;54;43.3;26.87;5901765011766;;;;;0;0.330;0;;0;0;0;0;
DET087;KADP600135000TR87;Kabat;DÊTKA 13 x 5.00 - 6  TR-87;135;82;60;0;;0;43.3;26.87;5901765011766;;;;;0;0.330;0;;0;0;0;0;
DET036;KADP600156000TR13;Kabat;DÊTKA 15 x 6.00 - 6  TR-13;15 x 6.00;82;60;0;;29;41.34;25.66;5901765011308;;;;;0;0.510;0;;0;0;0;0;
DET036;KADP600156000TR13;Kabat;DÊTKA 15 x 6.00 - 6  TR-13;15 x 6.00;82;60;0;;100;41.34;25.66;5901765011308;;;;;0;0.510;0;;0;0;0;0;
DET036;KADP600156000TR13;Kabat;DÊTKA 15 x 6.00 - 6  TR-13;15 x 6.00;82;60;0;;13;41.34;25.66;5901765011308;;;;;0;0.510;0;;0;0;0;0;
DET036;KADP600156000TR13;Kabat;DÊTKA 15 x 6.00 - 6  TR-13;15 x 6.00;82;60;0;;36;41.34;25.66;5901765011308;;;;;0;0.510;0;;0;0;0;0;
DET036;KADP600156000TR13;Kabat;DÊTKA 15 x 6.00 - 6  TR-13;15 x 6.00;82;60;0;;24;41.34;25.66;5901765011308;;;;;0;0.510;0;;0;0;0;0;
DET036;KADP600156000TR13;Kabat;DÊTKA 15 x 6.00 - 6  TR-13;15 x 6.00;82;60;0;;28;41.34;25.66;5901765011308;;;;;0;0.510;0;;0;0;0;0;
DET036;KADP600156000TR13;Kabat;DÊTKA 15 x 6.00 - 6  TR-13;15 x 6.00;82;60;0;;24;41.34;25.66;5901765011308;;;;;0;0.510;0;;0;0;0;0;
DET036;KADP600156000TR13;Kabat;DÊTKA 15 x 6.00 - 6  TR-13;15 x 6.00;82;60;0;;44;41.34;25.66;5901765011308;;;;;0;0.510;0;;0;0;0;0;
DET036;KADP600156000TR13;Kabat;DÊTKA 15 x 6.00 - 6  TR-13;15 x 6.00;82;60;0;;37;41.34;25.66;5901765011308;;;;;0;0.510;0;;0;0;0;0;
DET036;KADP600156000TR13;Kabat;DÊTKA 15 x 6.00 - 6  TR-13;15 x 6.00;82;60;0;;36;41.34;25.66;5901765011308;;;;;0;0.510;0;;0;0;0;0;
DET036;KADP600156000TR13;Kabat;DÊTKA 15 x 6.00 - 6  TR-13;15 x 6.00;82;60;0;;0;41.34;25.66;5901765011308;;;;;0;0.510;0;;0;0;0;0;
DET036;KADP600156000TR13;Kabat;DÊTKA 15 x 6.00 - 6  TR-13;15 x 6.00;82;60;0;;33;41.34;25.66;5901765011308;;;;;0;0.510;0;;0;0;0;0;
DET036;KADP600156000TR13;Kabat;DÊTKA 15 x 6.00 - 6  TR-13;15 x 6.00;82;60;0;;100;41.34;25.66;5901765011308;;;;;0;0.510;0;;0;0;0;0;
DET036;KADP600156000TR13;Kabat;DÊTKA 15 x 6.00 - 6  TR-13;15 x 6.00;82;60;0;;49;41.34;25.66;5901765011308;;;;;0;0.510;0;;0;0;0;0;
DET036;KADP600156000TR13;Kabat;DÊTKA 15 x 6.00 - 6  TR-13;15 x 6.00;82;60;0;;30;41.34;25.66;5901765011308;;;;;0;0.510;0;;0;0;0;0;
DET036;KADP600156000TR13;Kabat;DÊTKA 15 x 6.00 - 6  TR-13;15 x 6.00;82;60;0;;100;41.34;25.66;5901765011308;;;;;0;0.510;0;;0;0;0;0;
DET036;KADP600156000TR13;Kabat;DÊTKA 15 x 6.00 - 6  TR-13;15 x 6.00;82;60;0;;100;41.34;25.66;5901765011308;;;;;0;0.510;0;;0;0;0;0;
DET071;KADP600156000TR87;Kabat;DÊTKA 15 x 6.00 - 6  TR-87;15 x 6.00;82;60;0;;48;50.97;31.63;5901765011612;;;;;0;0.510;0;;0;0;0;0;
DET071;KADP600156000TR87;Kabat;DÊTKA 15 x 6.00 - 6  TR-87;15 x 6.00;82;60;0;;100;50.97;31.63;5901765011612;;;;;0;0.510;0;;0;0;0;0;
DET071;KADP600156000TR87;Kabat;DÊTKA 15 x 6.00 - 6  TR-87;15 x 6.00;82;60;0;;13;50.97;31.63;5901765011612;;;;;0;0.510;0;;0;0;0;0;
DET071;KADP600156000TR87;Kabat;DÊTKA 15 x 6.00 - 6  TR-87;15 x 6.00;82;60;0;;52;50.97;31.63;5901765011612;;;;;0;0.510;0;;0;0;0;0;
DET071;KADP600156000TR87;Kabat;DÊTKA 15 x 6.00 - 6  TR-87;15 x 6.00;82;60;0;;8;50.97;31.63;5901765011612;;;;;0;0.510;0;;0;0;0;0;
DET071;KADP600156000TR87;Kabat;DÊTKA 15 x 6.00 - 6  TR-87;15 x 6.00;82;60;0;;17;50.97;31.63;5901765011612;;;;;0;0.510;0;;0;0;0;0;
DET071;KADP600156000TR87;Kabat;DÊTKA 15 x 6.00 - 6  TR-87;15 x 6.00;82;60;0;;7;50.97;31.63;5901765011612;;;;;0;0.510;0;;0;0;0;0;
DET071;KADP600156000TR87;Kabat;DÊTKA 15 x 6.00 - 6  TR-87;15 x 6.00;82;60;0;;1;50.97;31.63;5901765011612;;;;;0;0.510;0;;0;0;0;0;
DET071;KADP600156000TR87;Kabat;DÊTKA 15 x 6.00 - 6  TR-87;15 x 6.00;82;60;0;;6;50.97;31.63;5901765011612;;;;;0;0.510;0;;0;0;0;0;
DET071;KADP600156000TR87;Kabat;DÊTKA 15 x 6.00 - 6  TR-87;15 x 6.00;82;60;0;;50;50.97;31.63;5901765011612;;;;;0;0.510;0;;0;0;0;0;
DET071;KADP600156000TR87;Kabat;DÊTKA 15 x 6.00 - 6  TR-87;15 x 6.00;82;60;0;;7;50.97;31.63;5901765011612;;;;;0;0.510;0;;0;0;0;0;
DET071;KADP600156000TR87;Kabat;DÊTKA 15 x 6.00 - 6  TR-87;15 x 6.00;82;60;0;;4;50.97;31.63;5901765011612;;;;;0;0.510;0;;0;0;0;0;
DET071;KADP600156000TR87;Kabat;DÊTKA 15 x 6.00 - 6  TR-87;15 x 6.00;82;60;0;;14;50.97;31.63;5901765011612;;;;;0;0.510;0;;0;0;0;0;
DET071;KADP600156000TR87;Kabat;DÊTKA 15 x 6.00 - 6  TR-87;15 x 6.00;82;60;0;;29;50.97;31.63;5901765011612;;;;;0;0.510;0;;0;0;0;0;
DET033;KADP600350400TR13;Kabat;DÊTKA 3.50/4.00 - 6  TR-13;;40;60;0;;69;33;20.48;5901765011278;;;;;0;0.330;0;;0;0;0;0;
DET033;KADP600350400TR13;Kabat;DÊTKA 3.50/4.00 - 6  TR-13;;40;60;0;;27;33;20.48;5901765011278;;;;;0;0.330;0;;0;0;0;0;
DET033;KADP600350400TR13;Kabat;DÊTKA 3.50/4.00 - 6  TR-13;;40;60;0;;100;33;20.48;5901765011278;;;;;0;0.330;0;;0;0;0;0;
DET033;KADP600350400TR13;Kabat;DÊTKA 3.50/4.00 - 6  TR-13;;40;60;0;;4;33;20.48;5901765011278;;;;;0;0.330;0;;0;0;0;0;
DET033;KADP600350400TR13;Kabat;DÊTKA 3.50/4.00 - 6  TR-13;;40;60;0;;100;33;20.48;5901765011278;;;;;0;0.330;0;;0;0;0;0;
DET033;KADP600350400TR13;Kabat;DÊTKA 3.50/4.00 - 6  TR-13;;40;60;0;;9;33;20.48;5901765011278;;;;;0;0.330;0;;0;0;0;0;
DET033;KADP600350400TR13;Kabat;DÊTKA 3.50/4.00 - 6  TR-13;;40;60;0;;27;33;20.48;5901765011278;;;;;0;0.330;0;;0;0;0;0;
DET033;KADP600350400TR13;Kabat;DÊTKA 3.50/4.00 - 6  TR-13;;40;60;0;;32;33;20.48;5901765011278;;;;;0;0.330;0;;0;0;0;0;
DET033;KADP600350400TR13;Kabat;DÊTKA 3.50/4.00 - 6  TR-13;;40;60;0;;9;33;20.48;5901765011278;;;;;0;0.330;0;;0;0;0;0;
DET033;KADP600350400TR13;Kabat;DÊTKA 3.50/4.00 - 6  TR-13;;40;60;0;;42;33;20.48;5901765011278;;;;;0;0.330;0;;0;0;0;0;
DET033;KADP600350400TR13;Kabat;DÊTKA 3.50/4.00 - 6  TR-13;;40;60;0;;22;33;20.48;5901765011278;;;;;0;0.330;0;;0;0;0;0;
DET033;KADP600350400TR13;Kabat;DÊTKA 3.50/4.00 - 6  TR-13;;40;60;0;;100;33;20.48;5901765011278;;;;;0;0.330;0;;0;0;0;0;
DET033;KADP600350400TR13;Kabat;DÊTKA 3.50/4.00 - 6  TR-13;;40;60;0;;81;33;20.48;5901765011278;;;;;0;0.330;0;;0;0;0;0;
DET033;KADP600350400TR13;Kabat;DÊTKA 3.50/4.00 - 6  TR-13;;40;60;0;;9;33;20.48;5901765011278;;;;;0;0.330;0;;0;0;0;0;
DET033;KADP600350400TR13;Kabat;DÊTKA 3.50/4.00 - 6  TR-13;;40;60;0;;22;33;20.48;5901765011278;;;;;0;0.330;0;;0;0;0;0;
DET033;KADP600350400TR13;Kabat;DÊTKA 3.50/4.00 - 6  TR-13;;40;60;0;;10;33;20.48;5901765011278;;;;;0;0.330;0;;0;0;0;0;
DET033;KADP600350400TR13;Kabat;DÊTKA 3.50/4.00 - 6  TR-13;;40;60;0;;7;33;20.48;5901765011278;;;;;0;0.330;0;;0;0;0;0;
DET022;KADP600350400TR87;Kabat;DÊTKA 3.50/4.00 - 6  V6.02.2  [TR-87];;40;60;0;TR-87;15;37.93;23.54;5901765021031;;;;;0;0.330;0;;0;0;0;0;
DET022;KADP600350400TR87;Kabat;DÊTKA 3.50/4.00 - 6  V6.02.2  [TR-87];;40;60;0;TR-87;11;37.93;23.54;5901765021031;;;;;0;0.330;0;;0;0;0;0;
DET022;KADP600350400TR87;Kabat;DÊTKA 3.50/4.00 - 6  V6.02.2  [TR-87];;40;60;0;TR-87;8;37.93;23.54;5901765021031;;;;;0;0.330;0;;0;0;0;0;
DET022;KADP600350400TR87;Kabat;DÊTKA 3.50/4.00 - 6  V6.02.2  [TR-87];;40;60;0;TR-87;3;37.93;23.54;5901765021031;;;;;0;0.330;0;;0;0;0;0;
DET022;KADP600350400TR87;Kabat;DÊTKA 3.50/4.00 - 6  V6.02.2  [TR-87];;40;60;0;TR-87;26;37.93;23.54;5901765021031;;;;;0;0.330;0;;0;0;0;0;
DET022;KADP600350400TR87;Kabat;DÊTKA 3.50/4.00 - 6  V6.02.2  [TR-87];;40;60;0;TR-87;3;37.93;23.54;5901765021031;;;;;0;0.330;0;;0;0;0;0;
DET022;KADP600350400TR87;Kabat;DÊTKA 3.50/4.00 - 6  V6.02.2  [TR-87];;40;60;0;TR-87;21;37.93;23.54;5901765021031;;;;;0;0.330;0;;0;0;0;0;
DET022;KADP600350400TR87;Kabat;DÊTKA 3.50/4.00 - 6  V6.02.2  [TR-87];;40;60;0;TR-87;100;37.93;23.54;5901765021031;;;;;0;0.330;0;;0;0;0;0;
DET022;KADP600350400TR87;Kabat;DÊTKA 3.50/4.00 - 6  V6.02.2  [TR-87];;40;60;0;TR-87;100;37.93;23.54;5901765021031;;;;;0;0.330;0;;0;0;0;0;
DET022;KADP600350400TR87;Kabat;DÊTKA 3.50/4.00 - 6  V6.02.2  [TR-87];;40;60;0;TR-87;4;37.93;23.54;5901765021031;;;;;0;0.330;0;;0;0;0;0;
DET022;KADP600350400TR87;Kabat;DÊTKA 3.50/4.00 - 6  V6.02.2  [TR-87];;40;60;0;TR-87;6;37.93;23.54;5901765021031;;;;;0;0.330;0;;0;0;0;0;
DET022;KADP600350400TR87;Kabat;DÊTKA 3.50/4.00 - 6  V6.02.2  [TR-87];;40;60;0;TR-87;64;37.93;23.54;5901765021031;;;;;0;0.330;0;;0;0;0;0;
DET022;KADP600350400TR87;Kabat;DÊTKA 3.50/4.00 - 6  V6.02.2  [TR-87];;40;60;0;TR-87;62;37.93;23.54;5901765021031;;;;;0;0.330;0;;0;0;0;0;
DET198;KADP700350400TR13;Kabat;DÊTKA 3.50/4.00 - 7  TR-13;;40;;0;;4;21.74;14.01;;;;;;0;0.330;0;;0;0;0;0;
DET198;KADP700350400TR13;Kabat;DÊTKA 3.50/4.00 - 7  TR-13;;40;;0;;4;21.74;14.01;;;;;;0;0.330;0;;0;0;0;0;
DET198;KADP700350400TR13;Kabat;DÊTKA 3.50/4.00 - 7  TR-13;;40;;0;;0;21.74;14.01;;;;;;0;0.330;0;;0;0;0;0;
DET198;KADP700350400TR13;Kabat;DÊTKA 3.50/4.00 - 7  TR-13;;40;;0;;4;21.74;14.01;;;;;;0;0.330;0;;0;0;0;0;
DET040;KADP80018700V3025;Kabat;DÊTKA 18 x 7 - 8  V3.02.5;18 x 7;82;80;V;;93;62.6;38.85;5901765011346;;;;;0;0.610;0;;0;0;0;0;
DET040;KADP80018700V3025;Kabat;DÊTKA 18 x 7 - 8  V3.02.5;18 x 7;82;80;V;;7;62.6;38.85;5901765011346;;;;;0;0.610;0;;0;0;0;0;
DET040;KADP80018700V3025;Kabat;DÊTKA 18 x 7 - 8  V3.02.5;18 x 7;82;80;V;;11;62.6;38.85;5901765011346;;;;;0;0.610;0;;0;0;0;0;
DET040;KADP80018700V3025;Kabat;DÊTKA 18 x 7 - 8  V3.02.5;18 x 7;82;80;V;;1;62.6;38.85;5901765011346;;;;;0;0.610;0;;0;0;0;0;
DET040;KADP80018700V3025;Kabat;DÊTKA 18 x 7 - 8  V3.02.5;18 x 7;82;80;V;;100;62.6;38.85;5901765011346;;;;;0;0.610;0;;0;0;0;0;
DET040;KADP80018700V3025;Kabat;DÊTKA 18 x 7 - 8  V3.02.5;18 x 7;82;80;V;;21;62.6;38.85;5901765011346;;;;;0;0.610;0;;0;0;0;0;
DET040;KADP80018700V3025;Kabat;DÊTKA 18 x 7 - 8  V3.02.5;18 x 7;82;80;V;;3;62.6;38.85;5901765011346;;;;;0;0.610;0;;0;0;0;0;
DET040;KADP80018700V3025;Kabat;DÊTKA 18 x 7 - 8  V3.02.5;18 x 7;82;80;V;;41;62.6;38.85;5901765011346;;;;;0;0.610;0;;0;0;0;0;
DET040;KADP80018700V3025;Kabat;DÊTKA 18 x 7 - 8  V3.02.5;18 x 7;82;80;V;;2;62.6;38.85;5901765011346;;;;;0;0.610;0;;0;0;0;0;
DET040;KADP80018700V3025;Kabat;DÊTKA 18 x 7 - 8  V3.02.5;18 x 7;82;80;V;;5;62.6;38.85;5901765011346;;;;;0;0.610;0;;0;0;0;0;
DET040;KADP80018700V3025;Kabat;DÊTKA 18 x 7 - 8  V3.02.5;18 x 7;82;80;V;;12;62.6;38.85;5901765011346;;;;;0;0.610;0;;0;0;0;0;
DET040;KADP80018700V3025;Kabat;DÊTKA 18 x 7 - 8  V3.02.5;18 x 7;82;80;V;;0;62.6;38.85;5901765011346;;;;;0;0.610;0;;0;0;0;0;
DET040;KADP80018700V3025;Kabat;DÊTKA 18 x 7 - 8  V3.02.5;18 x 7;82;80;V;;8;62.6;38.85;5901765011346;;;;;0;0.610;0;;0;0;0;0;
DET040;KADP80018700V3025;Kabat;DÊTKA 18 x 7 - 8  V3.02.5;18 x 7;82;80;V;;6;62.6;38.85;5901765011346;;;;;0;0.610;0;;0;0;0;0;
DET040;KADP80018700V3025;Kabat;DÊTKA 18 x 7 - 8  V3.02.5;18 x 7;82;80;V;;19;62.6;38.85;5901765011346;;;;;0;0.610;0;;0;0;0;0;
DET265K;KADP8001885095000;Kabat;DÊTKA 18 x 8.50/9.50 - 8  TR-13  HD;18.5 x 8.5;50;80;A9;;10;92.74;57.56;;;;;;0;0.860;0;;0;0;0;0;
DET265K;KADP8001885095000;Kabat;DÊTKA 18 x 8.50/9.50 - 8  TR-13  HD;18.5 x 8.5;50;80;A9;;16;92.74;57.56;;;;;;0;0.860;0;;0;0;0;0;
DET265K;KADP8001885095000;Kabat;DÊTKA 18 x 8.50/9.50 - 8  TR-13  HD;18.5 x 8.5;50;80;A9;;100;92.74;57.56;;;;;;0;0.860;0;;0;0;0;0;
DET265K;KADP8001885095000;Kabat;DÊTKA 18 x 8.50/9.50 - 8  TR-13  HD;18.5 x 8.5;50;80;A9;;8;92.74;57.56;;;;;;0;0.860;0;;0;0;0;0;
DET265K;KADP8001885095000;Kabat;DÊTKA 18 x 8.50/9.50 - 8  TR-13  HD;18.5 x 8.5;50;80;A9;;100;92.74;57.56;;;;;;0;0.860;0;;0;0;0;0;
DET265K;KADP8001885095000;Kabat;DÊTKA 18 x 8.50/9.50 - 8  TR-13  HD;18.5 x 8.5;50;80;A9;;18;92.74;57.56;;;;;;0;0.860;0;;0;0;0;0;
DET265K;KADP8001885095000;Kabat;DÊTKA 18 x 8.50/9.50 - 8  TR-13  HD;18.5 x 8.5;50;80;A9;;10;92.74;57.56;;;;;;0;0.860;0;;0;0;0;0;
DET265K;KADP8001885095000;Kabat;DÊTKA 18 x 8.50/9.50 - 8  TR-13  HD;18.5 x 8.5;50;80;A9;;5;92.74;57.56;;;;;;0;0.860;0;;0;0;0;0;
DET265K;KADP8001885095000;Kabat;DÊTKA 18 x 8.50/9.50 - 8  TR-13  HD;18.5 x 8.5;50;80;A9;;5;92.74;57.56;;;;;;0;0.860;0;;0;0;0;0;
DET265K;KADP8001885095000;Kabat;DÊTKA 18 x 8.50/9.50 - 8  TR-13  HD;18.5 x 8.5;50;80;A9;;27;92.74;57.56;;;;;;0;0.860;0;;0;0;0;0;
DET265K;KADP8001885095000;Kabat;DÊTKA 18 x 8.50/9.50 - 8  TR-13  HD;18.5 x 8.5;50;80;A9;;21;92.74;57.56;;;;;;0;0.860;0;;0;0;0;0;
DET265K;KADP8001885095000;Kabat;DÊTKA 18 x 8.50/9.50 - 8  TR-13  HD;18.5 x 8.5;50;80;A9;;17;92.74;57.56;;;;;;0;0.860;0;;0;0;0;0;
DET265K;KADP8001885095000;Kabat;DÊTKA 18 x 8.50/9.50 - 8  TR-13  HD;18.5 x 8.5;50;80;A9;;100;92.74;57.56;;;;;;0;0.860;0;;0;0;0;0;
DET265K;KADP8001885095000;Kabat;DÊTKA 18 x 8.50/9.50 - 8  TR-13  HD;18.5 x 8.5;50;80;A9;;8;92.74;57.56;;;;;;0;0.860;0;;0;0;0;0;
DET265K;KADP8001885095000;Kabat;DÊTKA 18 x 8.50/9.50 - 8  TR-13  HD;18.5 x 8.5;50;80;A9;;5;92.74;57.56;;;;;;0;0.860;0;;0;0;0;0;
DET265K;KADP8001885095000;Kabat;DÊTKA 18 x 8.50/9.50 - 8  TR-13  HD;18.5 x 8.5;50;80;A9;;8;92.74;57.56;;;;;;0;0.860;0;;0;0;0;0;
DET265K;KADP8001885095000;Kabat;DÊTKA 18 x 8.50/9.50 - 8  TR-13  HD;18.5 x 8.5;50;80;A9;;6;92.74;57.56;;;;;;0;0.860;0;;0;0;0;0;
DET023;KADP8001885095087;Kabat;DÊTKA 18 x 8.50/9.50 - 8  TR-87;18.5 x 8.5;50;80;A9;;2;71.6;44.43;5901765011186;;;;;0;0.860;0;;0;0;0;0;
DET023;KADP8001885095087;Kabat;DÊTKA 18 x 8.50/9.50 - 8  TR-87;18.5 x 8.5;50;80;A9;;7;71.6;44.43;5901765011186;;;;;0;0.860;0;;0;0;0;0;
DET023;KADP8001885095087;Kabat;DÊTKA 18 x 8.50/9.50 - 8  TR-87;18.5 x 8.5;50;80;A9;;62;71.6;44.43;5901765011186;;;;;0;0.860;0;;0;0;0;0;
DET023;KADP8001885095087;Kabat;DÊTKA 18 x 8.50/9.50 - 8  TR-87;18.5 x 8.5;50;80;A9;;20;71.6;44.43;5901765011186;;;;;0;0.860;0;;0;0;0;0;
DET023;KADP8001885095087;Kabat;DÊTKA 18 x 8.50/9.50 - 8  TR-87;18.5 x 8.5;50;80;A9;;0;71.6;44.43;5901765011186;;;;;0;0.860;0;;0;0;0;0;
DET023;KADP8001885095087;Kabat;DÊTKA 18 x 8.50/9.50 - 8  TR-87;18.5 x 8.5;50;80;A9;;31;71.6;44.43;5901765011186;;;;;0;0.860;0;;0;0;0;0;
DET023;KADP8001885095087;Kabat;DÊTKA 18 x 8.50/9.50 - 8  TR-87;18.5 x 8.5;50;80;A9;;7;71.6;44.43;5901765011186;;;;;0;0.860;0;;0;0;0;0;
DET023;KADP8001885095087;Kabat;DÊTKA 18 x 8.50/9.50 - 8  TR-87;18.5 x 8.5;50;80;A9;;22;71.6;44.43;5901765011186;;;;;0;0.860;0;;0;0;0;0;
DET023;KADP8001885095087;Kabat;DÊTKA 18 x 8.50/9.50 - 8  TR-87;18.5 x 8.5;50;80;A9;;4;71.6;44.43;5901765011186;;;;;0;0.860;0;;0;0;0;0;
DET023;KADP8001885095087;Kabat;DÊTKA 18 x 8.50/9.50 - 8  TR-87;18.5 x 8.5;50;80;A9;;0;71.6;44.43;5901765011186;;;;;0;0.860;0;;0;0;0;0;
DET017;KADP80018850950TR;Kabat;DÊTKA 18 x 8.50/9.50 - 8  TR-13;18.5 x 8.5;50;80;A9;;28;71.33;44.27;5901765011148;;;;;0;0.860;0;;0;0;0;0;
DET017;KADP80018850950TR;Kabat;DÊTKA 18 x 8.50/9.50 - 8  TR-13;18.5 x 8.5;50;80;A9;;6;71.33;44.27;5901765011148;;;;;0;0.860;0;;0;0;0;0;
DET017;KADP80018850950TR;Kabat;DÊTKA 18 x 8.50/9.50 - 8  TR-13;18.5 x 8.5;50;80;A9;;27;71.33;44.27;5901765011148;;;;;0;0.860;0;;0;0;0;0;
DET017;KADP80018850950TR;Kabat;DÊTKA 18 x 8.50/9.50 - 8  TR-13;18.5 x 8.5;50;80;A9;;10;71.33;44.27;5901765011148;;;;;0;0.860;0;;0;0;0;0;
DET017;KADP80018850950TR;Kabat;DÊTKA 18 x 8.50/9.50 - 8  TR-13;18.5 x 8.5;50;80;A9;;100;71.33;44.27;5901765011148;;;;;0;0.860;0;;0;0;0;0;
DET017;KADP80018850950TR;Kabat;DÊTKA 18 x 8.50/9.50 - 8  TR-13;18.5 x 8.5;50;80;A9;;11;71.33;44.27;5901765011148;;;;;0;0.860;0;;0;0;0;0;
DET017;KADP80018850950TR;Kabat;DÊTKA 18 x 8.50/9.50 - 8  TR-13;18.5 x 8.5;50;80;A9;;1;71.33;44.27;5901765011148;;;;;0;0.860;0;;0;0;0;0;
DET017;KADP80018850950TR;Kabat;DÊTKA 18 x 8.50/9.50 - 8  TR-13;18.5 x 8.5;50;80;A9;;6;71.33;44.27;5901765011148;;;;;0;0.860;0;;0;0;0;0;
DET017;KADP80018850950TR;Kabat;DÊTKA 18 x 8.50/9.50 - 8  TR-13;18.5 x 8.5;50;80;A9;;100;71.33;44.27;5901765011148;;;;;0;0.860;0;;0;0;0;0;
DET017;KADP80018850950TR;Kabat;DÊTKA 18 x 8.50/9.50 - 8  TR-13;18.5 x 8.5;50;80;A9;;7;71.33;44.27;5901765011148;;;;;0;0.860;0;;0;0;0;0;
DET017;KADP80018850950TR;Kabat;DÊTKA 18 x 8.50/9.50 - 8  TR-13;18.5 x 8.5;50;80;A9;;31;71.33;44.27;5901765011148;;;;;0;0.860;0;;0;0;0;0;
DET017;KADP80018850950TR;Kabat;DÊTKA 18 x 8.50/9.50 - 8  TR-13;18.5 x 8.5;50;80;A9;;100;71.33;44.27;5901765011148;;;;;0;0.860;0;;0;0;0;0;
DET017;KADP80018850950TR;Kabat;DÊTKA 18 x 8.50/9.50 - 8  TR-13;18.5 x 8.5;50;80;A9;;3;71.33;44.27;5901765011148;;;;;0;0.860;0;;0;0;0;0;
DET017;KADP80018850950TR;Kabat;DÊTKA 18 x 8.50/9.50 - 8  TR-13;18.5 x 8.5;50;80;A9;;26;71.33;44.27;5901765011148;;;;;0;0.860;0;;0;0;0;0;
DET017;KADP80018850950TR;Kabat;DÊTKA 18 x 8.50/9.50 - 8  TR-13;18.5 x 8.5;50;80;A9;;27;71.33;44.27;5901765011148;;;;;0;0.860;0;;0;0;0;0;
DET017;KADP80018850950TR;Kabat;DÊTKA 18 x 8.50/9.50 - 8  TR-13;18.5 x 8.5;50;80;A9;;22;71.33;44.27;5901765011148;;;;;0;0.860;0;;0;0;0;0;
DET017;KADP80018850950TR;Kabat;DÊTKA 18 x 8.50/9.50 - 8  TR-13;18.5 x 8.5;50;80;A9;;18;71.33;44.27;5901765011148;;;;;0;0.860;0;;0;0;0;0;
DET086;KADP800208001000T;Kabat;DÊTKA 20 x 8.00/10.00 - 8  TR-13;20x8.00;82;80;A1;;1;71.33;44.27;5901765011759;;;;;0;0.860;0;;0;0;0;0;
DET086;KADP800208001000T;Kabat;DÊTKA 20 x 8.00/10.00 - 8  TR-13;20x8.00;82;80;A1;;16;71.33;44.27;5901765011759;;;;;0;0.860;0;;0;0;0;0;
DET086;KADP800208001000T;Kabat;DÊTKA 20 x 8.00/10.00 - 8  TR-13;20x8.00;82;80;A1;;30;71.33;44.27;5901765011759;;;;;0;0.860;0;;0;0;0;0;
DET086;KADP800208001000T;Kabat;DÊTKA 20 x 8.00/10.00 - 8  TR-13;20x8.00;82;80;A1;;5;71.33;44.27;5901765011759;;;;;0;0.860;0;;0;0;0;0;
DET086;KADP800208001000T;Kabat;DÊTKA 20 x 8.00/10.00 - 8  TR-13;20x8.00;82;80;A1;;7;71.33;44.27;5901765011759;;;;;0;0.860;0;;0;0;0;0;
DET086;KADP800208001000T;Kabat;DÊTKA 20 x 8.00/10.00 - 8  TR-13;20x8.00;82;80;A1;;9;71.33;44.27;5901765011759;;;;;0;0.860;0;;0;0;0;0;
DET086;KADP800208001000T;Kabat;DÊTKA 20 x 8.00/10.00 - 8  TR-13;20x8.00;82;80;A1;;12;71.33;44.27;5901765011759;;;;;0;0.860;0;;0;0;0;0;
DET086;KADP800208001000T;Kabat;DÊTKA 20 x 8.00/10.00 - 8  TR-13;20x8.00;82;80;A1;;66;71.33;44.27;5901765011759;;;;;0;0.860;0;;0;0;0;0;
DET086;KADP800208001000T;Kabat;DÊTKA 20 x 8.00/10.00 - 8  TR-13;20x8.00;82;80;A1;;6;71.33;44.27;5901765011759;;;;;0;0.860;0;;0;0;0;0;
DET086;KADP800208001000T;Kabat;DÊTKA 20 x 8.00/10.00 - 8  TR-13;20x8.00;82;80;A1;;25;71.33;44.27;5901765011759;;;;;0;0.860;0;;0;0;0;0;
DET086;KADP800208001000T;Kabat;DÊTKA 20 x 8.00/10.00 - 8  TR-13;20x8.00;82;80;A1;;23;71.33;44.27;5901765011759;;;;;0;0.860;0;;0;0;0;0;
DET086;KADP800208001000T;Kabat;DÊTKA 20 x 8.00/10.00 - 8  TR-13;20x8.00;82;80;A1;;15;71.33;44.27;5901765011759;;;;;0;0.860;0;;0;0;0;0;
DET086;KADP800208001000T;Kabat;DÊTKA 20 x 8.00/10.00 - 8  TR-13;20x8.00;82;80;A1;;28;71.33;44.27;5901765011759;;;;;0;0.860;0;;0;0;0;0;
DET086;KADP800208001000T;Kabat;DÊTKA 20 x 8.00/10.00 - 8  TR-13;20x8.00;82;80;A1;;100;71.33;44.27;5901765011759;;;;;0;0.860;0;;0;0;0;0;
DET086;KADP800208001000T;Kabat;DÊTKA 20 x 8.00/10.00 - 8  TR-13;20x8.00;82;80;A1;;5;71.33;44.27;5901765011759;;;;;0;0.860;0;;0;0;0;0;
DET086;KADP800208001000T;Kabat;DÊTKA 20 x 8.00/10.00 - 8  TR-13;20x8.00;82;80;A1;;100;71.33;44.27;5901765011759;;;;;0;0.860;0;;0;0;0;0;
DET004;KADP80040000TR130;Kabat;DÊTKA 4.00 - 8  TR-13;400;82;80;T;;67;22.18;14.58;5901765011018;;;;;0;0.350;0;;0;0;0;0;
DET004;KADP80040000TR130;Kabat;DÊTKA 4.00 - 8  TR-13;400;82;80;T;;100;22.18;14.58;5901765011018;;;;;0;0.350;0;;0;0;0;0;
DET004;KADP80040000TR130;Kabat;DÊTKA 4.00 - 8  TR-13;400;82;80;T;;100;22.18;14.58;5901765011018;;;;;0;0.350;0;;0;0;0;0;
DET004;KADP80040000TR130;Kabat;DÊTKA 4.00 - 8  TR-13;400;82;80;T;;100;22.18;14.58;5901765011018;;;;;0;0.350;0;;0;0;0;0;
DET004;KADP80040000TR130;Kabat;DÊTKA 4.00 - 8  TR-13;400;82;80;T;;91;22.18;14.58;5901765011018;;;;;0;0.350;0;;0;0;0;0;
DET004;KADP80040000TR130;Kabat;DÊTKA 4.00 - 8  TR-13;400;82;80;T;;100;22.18;14.58;5901765011018;;;;;0;0.350;0;;0;0;0;0;
DET004;KADP80040000TR130;Kabat;DÊTKA 4.00 - 8  TR-13;400;82;80;T;;100;22.18;14.58;5901765011018;;;;;0;0.350;0;;0;0;0;0;
DET004;KADP80040000TR130;Kabat;DÊTKA 4.00 - 8  TR-13;400;82;80;T;;84;22.18;14.58;5901765011018;;;;;0;0.350;0;;0;0;0;0;
DET004;KADP80040000TR130;Kabat;DÊTKA 4.00 - 8  TR-13;400;82;80;T;;100;22.18;14.58;5901765011018;;;;;0;0.350;0;;0;0;0;0;
DET004;KADP80040000TR130;Kabat;DÊTKA 4.00 - 8  TR-13;400;82;80;T;;100;22.18;14.58;5901765011018;;;;;0;0.350;0;;0;0;0;0;
DET004;KADP80040000TR130;Kabat;DÊTKA 4.00 - 8  TR-13;400;82;80;T;;100;22.18;14.58;5901765011018;;;;;0;0.350;0;;0;0;0;0;
DET004;KADP80040000TR130;Kabat;DÊTKA 4.00 - 8  TR-13;400;82;80;T;;100;22.18;14.58;5901765011018;;;;;0;0.350;0;;0;0;0;0;
DET004;KADP80040000TR130;Kabat;DÊTKA 4.00 - 8  TR-13;400;82;80;T;;100;22.18;14.58;5901765011018;;;;;0;0.350;0;;0;0;0;0;
DET004;KADP80040000TR130;Kabat;DÊTKA 4.00 - 8  TR-13;400;82;80;T;;100;22.18;14.58;5901765011018;;;;;0;0.350;0;;0;0;0;0;
DET004;KADP80040000TR130;Kabat;DÊTKA 4.00 - 8  TR-13;400;82;80;T;;25;22.18;14.58;5901765011018;;;;;0;0.350;0;;0;0;0;0;
DET004;KADP80040000TR130;Kabat;DÊTKA 4.00 - 8  TR-13;400;82;80;T;;75;22.18;14.58;5901765011018;;;;;0;0.350;0;;0;0;0;0;
DET004;KADP80040000TR130;Kabat;DÊTKA 4.00 - 8  TR-13;400;82;80;T;;41;22.18;14.58;5901765011018;;;;;0;0.350;0;;0;0;0;0;
DET003;KADP80040000TR780;Kabat;DÊTKA 4.00 - 8  V6.02.2  [TR-87];400;82;80;T;TR-87;100;28.76;17.85;5901765011001;;;;;0;0.350;0;;0;0;0;0;
DET003;KADP80040000TR780;Kabat;DÊTKA 4.00 - 8  V6.02.2  [TR-87];400;82;80;T;TR-87;0;28.76;17.85;5901765011001;;;;;0;0.350;0;;0;0;0;0;
DET003;KADP80040000TR780;Kabat;DÊTKA 4.00 - 8  V6.02.2  [TR-87];400;82;80;T;TR-87;2;28.76;17.85;5901765011001;;;;;0;0.350;0;;0;0;0;0;
DET003;KADP80040000TR780;Kabat;DÊTKA 4.00 - 8  V6.02.2  [TR-87];400;82;80;T;TR-87;3;28.76;17.85;5901765011001;;;;;0;0.350;0;;0;0;0;0;
DET003;KADP80040000TR780;Kabat;DÊTKA 4.00 - 8  V6.02.2  [TR-87];400;82;80;T;TR-87;10;28.76;17.85;5901765011001;;;;;0;0.350;0;;0;0;0;0;
DET003;KADP80040000TR780;Kabat;DÊTKA 4.00 - 8  V6.02.2  [TR-87];400;82;80;T;TR-87;2;28.76;17.85;5901765011001;;;;;0;0.350;0;;0;0;0;0;
DET003;KADP80040000TR780;Kabat;DÊTKA 4.00 - 8  V6.02.2  [TR-87];400;82;80;T;TR-87;44;28.76;17.85;5901765011001;;;;;0;0.350;0;;0;0;0;0;
DET003;KADP80040000TR780;Kabat;DÊTKA 4.00 - 8  V6.02.2  [TR-87];400;82;80;T;TR-87;100;28.76;17.85;5901765011001;;;;;0;0.350;0;;0;0;0;0;
DET003;KADP80040000TR780;Kabat;DÊTKA 4.00 - 8  V6.02.2  [TR-87];400;82;80;T;TR-87;39;28.76;17.85;5901765011001;;;;;0;0.350;0;;0;0;0;0;
DET003;KADP80040000TR780;Kabat;DÊTKA 4.00 - 8  V6.02.2  [TR-87];400;82;80;T;TR-87;7;28.76;17.85;5901765011001;;;;;0;0.350;0;;0;0;0;0;
DET003;KADP80040000TR780;Kabat;DÊTKA 4.00 - 8  V6.02.2  [TR-87];400;82;80;T;TR-87;11;28.76;17.85;5901765011001;;;;;0;0.350;0;;0;0;0;0;
DET003;KADP80040000TR780;Kabat;DÊTKA 4.00 - 8  V6.02.2  [TR-87];400;82;80;T;TR-87;6;28.76;17.85;5901765011001;;;;;0;0.350;0;;0;0;0;0;
DET003;KADP80040000TR780;Kabat;DÊTKA 4.00 - 8  V6.02.2  [TR-87];400;82;80;T;TR-87;3;28.76;17.85;5901765011001;;;;;0;0.350;0;;0;0;0;0;
DET003;KADP80040000TR780;Kabat;DÊTKA 4.00 - 8  V6.02.2  [TR-87];400;82;80;T;TR-87;100;28.76;17.85;5901765011001;;;;;0;0.350;0;;0;0;0;0;
DET003;KADP80040000TR780;Kabat;DÊTKA 4.00 - 8  V6.02.2  [TR-87];400;82;80;T;TR-87;10;28.76;17.85;5901765011001;;;;;0;0.350;0;;0;0;0;0;
DET003;KADP80040000TR780;Kabat;DÊTKA 4.00 - 8  V6.02.2  [TR-87];400;82;80;T;TR-87;12;28.76;17.85;5901765011001;;;;;0;0.350;0;;0;0;0;0;
DET016;KADP80050000TR130;Kabat;DÊTKA 5.00 - 8  TR-13;500;82;80;T;;10;31.13;19.32;5901765011131;;;;;0;0.470;0;;0;0;0;0;
DET016;KADP80050000TR130;Kabat;DÊTKA 5.00 - 8  TR-13;500;82;80;T;;48;31.13;19.32;5901765011131;;;;;0;0.470;0;;0;0;0;0;
DET016;KADP80050000TR130;Kabat;DÊTKA 5.00 - 8  TR-13;500;82;80;T;;10;31.13;19.32;5901765011131;;;;;0;0.470;0;;0;0;0;0;
DET016;KADP80050000TR130;Kabat;DÊTKA 5.00 - 8  TR-13;500;82;80;T;;3;31.13;19.32;5901765011131;;;;;0;0.470;0;;0;0;0;0;
DET016;KADP80050000TR130;Kabat;DÊTKA 5.00 - 8  TR-13;500;82;80;T;;1;31.13;19.32;5901765011131;;;;;0;0.470;0;;0;0;0;0;
DET016;KADP80050000TR130;Kabat;DÊTKA 5.00 - 8  TR-13;500;82;80;T;;4;31.13;19.32;5901765011131;;;;;0;0.470;0;;0;0;0;0;
DET016;KADP80050000TR130;Kabat;DÊTKA 5.00 - 8  TR-13;500;82;80;T;;91;31.13;19.32;5901765011131;;;;;0;0.470;0;;0;0;0;0;
DET016;KADP80050000TR130;Kabat;DÊTKA 5.00 - 8  TR-13;500;82;80;T;;7;31.13;19.32;5901765011131;;;;;0;0.470;0;;0;0;0;0;
DET016;KADP80050000TR130;Kabat;DÊTKA 5.00 - 8  TR-13;500;82;80;T;;4;31.13;19.32;5901765011131;;;;;0;0.470;0;;0;0;0;0;
DET016;KADP80050000TR130;Kabat;DÊTKA 5.00 - 8  TR-13;500;82;80;T;;2;31.13;19.32;5901765011131;;;;;0;0.470;0;;0;0;0;0;
DET016;KADP80050000TR130;Kabat;DÊTKA 5.00 - 8  TR-13;500;82;80;T;;52;31.13;19.32;5901765011131;;;;;0;0.470;0;;0;0;0;0;
DET016;KADP80050000TR130;Kabat;DÊTKA 5.00 - 8  TR-13;500;82;80;T;;2;31.13;19.32;5901765011131;;;;;0;0.470;0;;0;0;0;0;
DET007;KADP800500V602200;Kabat;DÊTKA 5.00 - 8  V6.02.2  [TR-87];500;;80;0;TR-87;19;34.11;21.17;5901765011049;;;;;0;0.470;0;;0;0;0;0;
DET007;KADP800500V602200;Kabat;DÊTKA 5.00 - 8  V6.02.2  [TR-87];500;;80;0;TR-87;100;34.11;21.17;5901765011049;;;;;0;0.470;0;;0;0;0;0;
DET007;KADP800500V602200;Kabat;DÊTKA 5.00 - 8  V6.02.2  [TR-87];500;;80;0;TR-87;75;34.11;21.17;5901765011049;;;;;0;0.470;0;;0;0;0;0;
DET007;KADP800500V602200;Kabat;DÊTKA 5.00 - 8  V6.02.2  [TR-87];500;;80;0;TR-87;9;34.11;21.17;5901765011049;;;;;0;0.470;0;;0;0;0;0;
DET007;KADP800500V602200;Kabat;DÊTKA 5.00 - 8  V6.02.2  [TR-87];500;;80;0;TR-87;44;34.11;21.17;5901765011049;;;;;0;0.470;0;;0;0;0;0;
DET007;KADP800500V602200;Kabat;DÊTKA 5.00 - 8  V6.02.2  [TR-87];500;;80;0;TR-87;100;34.11;21.17;5901765011049;;;;;0;0.470;0;;0;0;0;0;
DET007;KADP800500V602200;Kabat;DÊTKA 5.00 - 8  V6.02.2  [TR-87];500;;80;0;TR-87;22;34.11;21.17;5901765011049;;;;;0;0.470;0;;0;0;0;0;
DET007;KADP800500V602200;Kabat;DÊTKA 5.00 - 8  V6.02.2  [TR-87];500;;80;0;TR-87;2;34.11;21.17;5901765011049;;;;;0;0.470;0;;0;0;0;0;
DET007;KADP800500V602200;Kabat;DÊTKA 5.00 - 8  V6.02.2  [TR-87];500;;80;0;TR-87;3;34.11;21.17;5901765011049;;;;;0;0.470;0;;0;0;0;0;
DET007;KADP800500V602200;Kabat;DÊTKA 5.00 - 8  V6.02.2  [TR-87];500;;80;0;TR-87;37;34.11;21.17;5901765011049;;;;;0;0.470;0;;0;0;0;0;
DET007;KADP800500V602200;Kabat;DÊTKA 5.00 - 8  V6.02.2  [TR-87];500;;80;0;TR-87;31;34.11;21.17;5901765011049;;;;;0;0.470;0;;0;0;0;0;
DET007;KADP800500V602200;Kabat;DÊTKA 5.00 - 8  V6.02.2  [TR-87];500;;80;0;TR-87;16;34.11;21.17;5901765011049;;;;;0;0.470;0;;0;0;0;0;
DET007;KADP800500V602200;Kabat;DÊTKA 5.00 - 8  V6.02.2  [TR-87];500;;80;0;TR-87;100;34.11;21.17;5901765011049;;;;;0;0.470;0;;0;0;0;0;
DET007;KADP800500V602200;Kabat;DÊTKA 5.00 - 8  V6.02.2  [TR-87];500;;80;0;TR-87;35;34.11;21.17;5901765011049;;;;;0;0.470;0;;0;0;0;0;
DET007;KADP800500V602200;Kabat;DÊTKA 5.00 - 8  V6.02.2  [TR-87];500;;80;0;TR-87;9;34.11;21.17;5901765011049;;;;;0;0.470;0;;0;0;0;0;
DET007;KADP800500V602200;Kabat;DÊTKA 5.00 - 8  V6.02.2  [TR-87];500;;80;0;TR-87;13;34.11;21.17;5901765011049;;;;;0;0.470;0;;0;0;0;0;
DET007;KADP800500V602200;Kabat;DÊTKA 5.00 - 8  V6.02.2  [TR-87];500;;80;0;TR-87;100;34.11;21.17;5901765011049;;;;;0;0.470;0;;0;0;0;0;
DET279;KADP900251200TR13;Kabat;DÊTKA 25 x 12.00/13.00 - 9  TR-13;25x10;20.00;;0;;0;67.27;41.29;5901765026814;;;;;0;1.560;0;;0;0;0;0;
DET279;KADP900251200TR13;Kabat;DÊTKA 25 x 12.00/13.00 - 9  TR-13;25x10;20.00;;0;;30;67.27;41.29;5901765026814;;;;;0;1.560;0;;0;0;0;0;
DET279;KADP900251200TR13;Kabat;DÊTKA 25 x 12.00/13.00 - 9  TR-13;25x10;20.00;;0;;2;67.27;41.29;5901765026814;;;;;0;1.560;0;;0;0;0;0;
DET279;KADP900251200TR13;Kabat;DÊTKA 25 x 12.00/13.00 - 9  TR-13;25x10;20.00;;0;;2;67.27;41.29;5901765026814;;;;;0;1.560;0;;0;0;0;0;
DET279;KADP900251200TR13;Kabat;DÊTKA 25 x 12.00/13.00 - 9  TR-13;25x10;20.00;;0;;4;67.27;41.29;5901765026814;;;;;0;1.560;0;;0;0;0;0;
DET279;KADP900251200TR13;Kabat;DÊTKA 25 x 12.00/13.00 - 9  TR-13;25x10;20.00;;0;;20;67.27;41.29;5901765026814;;;;;0;1.560;0;;0;0;0;0;
DET279;KADP900251200TR13;Kabat;DÊTKA 25 x 12.00/13.00 - 9  TR-13;25x10;20.00;;0;;2;67.27;41.29;5901765026814;;;;;0;1.560;0;;0;0;0;0;
DET279;KADP900251200TR13;Kabat;DÊTKA 25 x 12.00/13.00 - 9  TR-13;25x10;20.00;;0;;22;67.27;41.29;5901765026814;;;;;0;1.560;0;;0;0;0;0;
DET028;KADP90050000TR150;Kabat;DÊTKA 5.00 - 9  TR-15;500;82;;T;;14;35.84;22.25;5901765011230;;;;;0;0.560;0;;0;0;0;0;
DET028;KADP90050000TR150;Kabat;DÊTKA 5.00 - 9  TR-15;500;82;;T;;100;35.84;22.25;5901765011230;;;;;0;0.560;0;;0;0;0;0;
DET028;KADP90050000TR150;Kabat;DÊTKA 5.00 - 9  TR-15;500;82;;T;;0;35.84;22.25;5901765011230;;;;;0;0.560;0;;0;0;0;0;
DET028;KADP90050000TR150;Kabat;DÊTKA 5.00 - 9  TR-15;500;82;;T;;8;35.84;22.25;5901765011230;;;;;0;0.560;0;;0;0;0;0;
DET028;KADP90050000TR150;Kabat;DÊTKA 5.00 - 9  TR-15;500;82;;T;;20;35.84;22.25;5901765011230;;;;;0;0.560;0;;0;0;0;0;
DET028;KADP90050000TR150;Kabat;DÊTKA 5.00 - 9  TR-15;500;82;;T;;3;35.84;22.25;5901765011230;;;;;0;0.560;0;;0;0;0;0;
DET028;KADP90050000TR150;Kabat;DÊTKA 5.00 - 9  TR-15;500;82;;T;;100;35.84;22.25;5901765011230;;;;;0;0.560;0;;0;0;0;0;
DET028;KADP90050000TR150;Kabat;DÊTKA 5.00 - 9  TR-15;500;82;;T;;37;35.84;22.25;5901765011230;;;;;0;0.560;0;;0;0;0;0;
DET028;KADP90050000TR150;Kabat;DÊTKA 5.00 - 9  TR-15;500;82;;T;;12;35.84;22.25;5901765011230;;;;;0;0.560;0;;0;0;0;0;
DET028;KADP90050000TR150;Kabat;DÊTKA 5.00 - 9  TR-15;500;82;;T;;13;35.84;22.25;5901765011230;;;;;0;0.560;0;;0;0;0;0;
DET028;KADP90050000TR150;Kabat;DÊTKA 5.00 - 9  TR-15;500;82;;T;;1;35.84;22.25;5901765011230;;;;;0;0.560;0;;0;0;0;0;
DET028;KADP90050000TR150;Kabat;DÊTKA 5.00 - 9  TR-15;500;82;;T;;46;35.84;22.25;5901765011230;;;;;0;0.560;0;;0;0;0;0;
DET028;KADP90050000TR150;Kabat;DÊTKA 5.00 - 9  TR-15;500;82;;T;;13;35.84;22.25;5901765011230;;;;;0;0.560;0;;0;0;0;0;
DET028;KADP90050000TR150;Kabat;DÊTKA 5.00 - 9  TR-15;500;82;;T;;8;35.84;22.25;5901765011230;;;;;0;0.560;0;;0;0;0;0;
DET028;KADP90050000TR150;Kabat;DÊTKA 5.00 - 9  TR-15;500;82;;T;;8;35.84;22.25;5901765011230;;;;;0;0.560;0;;0;0;0;0;
DET028;KADP90050000TR150;Kabat;DÊTKA 5.00 - 9  TR-15;500;82;;T;;16;35.84;22.25;5901765011230;;;;;0;0.560;0;;0;0;0;0;
DET028;KADP90050000TR150;Kabat;DÊTKA 5.00 - 9  TR-15;500;82;;T;;100;35.84;22.25;5901765011230;;;;;0;0.560;0;;0;0;0;0;
DET008;KADP90060000V6022;Kabat;DÊTKA 6.00 - 9  V6.02.2  [TR-87];600;82;;V;TR-87;19;43.27;26.85;5901765011056;;;;;0;0.690;0;;0;0;0;0;
DET008;KADP90060000V6022;Kabat;DÊTKA 6.00 - 9  V6.02.2  [TR-87];600;82;;V;TR-87;38;43.27;26.85;5901765011056;;;;;0;0.690;0;;0;0;0;0;
DET008;KADP90060000V6022;Kabat;DÊTKA 6.00 - 9  V6.02.2  [TR-87];600;82;;V;TR-87;63;43.27;26.85;5901765011056;;;;;0;0.690;0;;0;0;0;0;
DET008;KADP90060000V6022;Kabat;DÊTKA 6.00 - 9  V6.02.2  [TR-87];600;82;;V;TR-87;5;43.27;26.85;5901765011056;;;;;0;0.690;0;;0;0;0;0;
DET008;KADP90060000V6022;Kabat;DÊTKA 6.00 - 9  V6.02.2  [TR-87];600;82;;V;TR-87;38;43.27;26.85;5901765011056;;;;;0;0.690;0;;0;0;0;0;
DET008;KADP90060000V6022;Kabat;DÊTKA 6.00 - 9  V6.02.2  [TR-87];600;82;;V;TR-87;22;43.27;26.85;5901765011056;;;;;0;0.690;0;;0;0;0;0;
DET008;KADP90060000V6022;Kabat;DÊTKA 6.00 - 9  V6.02.2  [TR-87];600;82;;V;TR-87;6;43.27;26.85;5901765011056;;;;;0;0.690;0;;0;0;0;0;
DET008;KADP90060000V6022;Kabat;DÊTKA 6.00 - 9  V6.02.2  [TR-87];600;82;;V;TR-87;100;43.27;26.85;5901765011056;;;;;0;0.690;0;;0;0;0;0;
DET008;KADP90060000V6022;Kabat;DÊTKA 6.00 - 9  V6.02.2  [TR-87];600;82;;V;TR-87;0;43.27;26.85;5901765011056;;;;;0;0.690;0;;0;0;0;0;
DET008;KADP90060000V6022;Kabat;DÊTKA 6.00 - 9  V6.02.2  [TR-87];600;82;;V;TR-87;3;43.27;26.85;5901765011056;;;;;0;0.690;0;;0;0;0;0;
DET008;KADP90060000V6022;Kabat;DÊTKA 6.00 - 9  V6.02.2  [TR-87];600;82;;V;TR-87;33;43.27;26.85;5901765011056;;;;;0;0.690;0;;0;0;0;0;
DET008;KADP90060000V6022;Kabat;DÊTKA 6.00 - 9  V6.02.2  [TR-87];600;82;;V;TR-87;100;43.27;26.85;5901765011056;;;;;0;0.690;0;;0;0;0;0;
DET008;KADP90060000V6022;Kabat;DÊTKA 6.00 - 9  V6.02.2  [TR-87];600;82;;V;TR-87;25;43.27;26.85;5901765011056;;;;;0;0.690;0;;0;0;0;0;
DET008;KADP90060000V6022;Kabat;DÊTKA 6.00 - 9  V6.02.2  [TR-87];600;82;;V;TR-87;8;43.27;26.85;5901765011056;;;;;0;0.690;0;;0;0;0;0;
DET008;KADP90060000V6022;Kabat;DÊTKA 6.00 - 9  V6.02.2  [TR-87];600;82;;V;TR-87;22;43.27;26.85;5901765011056;;;;;0;0.690;0;;0;0;0;0;
DET008;KADP90060000V6022;Kabat;DÊTKA 6.00 - 9  V6.02.2  [TR-87];600;82;;V;TR-87;100;43.27;26.85;5901765011056;;;;;0;0.690;0;;0;0;0;0;
DET008;KADP90060000V6022;Kabat;DÊTKA 6.00 - 9  V6.02.2  [TR-87];600;82;;V;TR-87;20;43.27;26.85;5901765011056;;;;;0;0.690;0;;0;0;0;0;
DET150;KADR040114000TR13;Kabat;DÊTKA 11 x 4.00 - 4  TR-13;;82;4;0;;17;29.9;18.36;5901765012350;;;;;0;2.100;0;;0;0;0;0;
DET150;KADR040114000TR13;Kabat;DÊTKA 11 x 4.00 - 4  TR-13;;82;4;0;;1;29.9;18.36;5901765012350;;;;;0;2.100;0;;0;0;0;0;
DET150;KADR040114000TR13;Kabat;DÊTKA 11 x 4.00 - 4  TR-13;;82;4;0;;1;29.9;18.36;5901765012350;;;;;0;2.100;0;;0;0;0;0;
DET150;KADR040114000TR13;Kabat;DÊTKA 11 x 4.00 - 4  TR-13;;82;4;0;;62;29.9;18.36;5901765012350;;;;;0;2.100;0;;0;0;0;0;
DET150;KADR040114000TR13;Kabat;DÊTKA 11 x 4.00 - 4  TR-13;;82;4;0;;2;29.9;18.36;5901765012350;;;;;0;2.100;0;;0;0;0;0;
DET150;KADR040114000TR13;Kabat;DÊTKA 11 x 4.00 - 4  TR-13;;82;4;0;;53;29.9;18.36;5901765012350;;;;;0;2.100;0;;0;0;0;0;
DET150;KADR040114000TR13;Kabat;DÊTKA 11 x 4.00 - 4  TR-13;;82;4;0;;1;29.9;18.36;5901765012350;;;;;0;2.100;0;;0;0;0;0;
DET150;KADR040114000TR13;Kabat;DÊTKA 11 x 4.00 - 4  TR-13;;82;4;0;;24;29.9;18.36;5901765012350;;;;;0;2.100;0;;0;0;0;0;
DET150;KADR040114000TR13;Kabat;DÊTKA 11 x 4.00 - 4  TR-13;;82;4;0;;12;29.9;18.36;5901765012350;;;;;0;2.100;0;;0;0;0;0;
DET150;KADR040114000TR13;Kabat;DÊTKA 11 x 4.00 - 4  TR-13;;82;4;0;;4;29.9;18.36;5901765012350;;;;;0;2.100;0;;0;0;0;0;
DET019;KADR08075000TR130;Kabat;DÊTKA 16 x 6.50/7.50 - 8  TR-13;750;82;8;T;;0;41.73;25.89;5901765011162;;;;;0;0.610;0;;0;0;0;0;
DET019;KADR08075000TR130;Kabat;DÊTKA 16 x 6.50/7.50 - 8  TR-13;750;82;8;T;;23;41.73;25.89;5901765011162;;;;;0;0.610;0;;0;0;0;0;
DET019;KADR08075000TR130;Kabat;DÊTKA 16 x 6.50/7.50 - 8  TR-13;750;82;8;T;;100;41.73;25.89;5901765011162;;;;;0;0.610;0;;0;0;0;0;
DET019;KADR08075000TR130;Kabat;DÊTKA 16 x 6.50/7.50 - 8  TR-13;750;82;8;T;;100;41.73;25.89;5901765011162;;;;;0;0.610;0;;0;0;0;0;
DET019;KADR08075000TR130;Kabat;DÊTKA 16 x 6.50/7.50 - 8  TR-13;750;82;8;T;;31;41.73;25.89;5901765011162;;;;;0;0.610;0;;0;0;0;0;
DET019;KADR08075000TR130;Kabat;DÊTKA 16 x 6.50/7.50 - 8  TR-13;750;82;8;T;;63;41.73;25.89;5901765011162;;;;;0;0.610;0;;0;0;0;0;
DET019;KADR08075000TR130;Kabat;DÊTKA 16 x 6.50/7.50 - 8  TR-13;750;82;8;T;;30;41.73;25.89;5901765011162;;;;;0;0.610;0;;0;0;0;0;
DET019;KADR08075000TR130;Kabat;DÊTKA 16 x 6.50/7.50 - 8  TR-13;750;82;8;T;;33;41.73;25.89;5901765011162;;;;;0;0.610;0;;0;0;0;0;
DET019;KADR08075000TR130;Kabat;DÊTKA 16 x 6.50/7.50 - 8  TR-13;750;82;8;T;;36;41.73;25.89;5901765011162;;;;;0;0.610;0;;0;0;0;0;
DET019;KADR08075000TR130;Kabat;DÊTKA 16 x 6.50/7.50 - 8  TR-13;750;82;8;T;;48;41.73;25.89;5901765011162;;;;;0;0.610;0;;0;0;0;0;
DET019;KADR08075000TR130;Kabat;DÊTKA 16 x 6.50/7.50 - 8  TR-13;750;82;8;T;;100;41.73;25.89;5901765011162;;;;;0;0.610;0;;0;0;0;0;
DET019;KADR08075000TR130;Kabat;DÊTKA 16 x 6.50/7.50 - 8  TR-13;750;82;8;T;;7;41.73;25.89;5901765011162;;;;;0;0.610;0;;0;0;0;0;
DET019;KADR08075000TR130;Kabat;DÊTKA 16 x 6.50/7.50 - 8  TR-13;750;82;8;T;;12;41.73;25.89;5901765011162;;;;;0;0.610;0;;0;0;0;0;
DET019;KADR08075000TR130;Kabat;DÊTKA 16 x 6.50/7.50 - 8  TR-13;750;82;8;T;;61;41.73;25.89;5901765011162;;;;;0;0.610;0;;0;0;0;0;
DET019;KADR08075000TR130;Kabat;DÊTKA 16 x 6.50/7.50 - 8  TR-13;750;82;8;T;;29;41.73;25.89;5901765011162;;;;;0;0.610;0;;0;0;0;0;
DET019;KADR08075000TR130;Kabat;DÊTKA 16 x 6.50/7.50 - 8  TR-13;750;82;8;T;;19;41.73;25.89;5901765011162;;;;;0;0.610;0;;0;0;0;0;
DET018;KADR105005000TR21;Kabat;DÊTKA 5.00 - 10  TR-13;;82;;0;;2;41.34;25.37;5901765011155;;;;;0;0.470;0;;0;0;0;0;
DET018;KADR105005000TR21;Kabat;DÊTKA 5.00 - 10  TR-13;;82;;0;;17;41.34;25.37;5901765011155;;;;;0;0.470;0;;0;0;0;0;
DET018;KADR105005000TR21;Kabat;DÊTKA 5.00 - 10  TR-13;;82;;0;;34;41.34;25.37;5901765011155;;;;;0;0.470;0;;0;0;0;0;
DET018;KADR105005000TR21;Kabat;DÊTKA 5.00 - 10  TR-13;;82;;0;;8;41.34;25.37;5901765011155;;;;;0;0.470;0;;0;0;0;0;
DET018;KADR105005000TR21;Kabat;DÊTKA 5.00 - 10  TR-13;;82;;0;;6;41.34;25.37;5901765011155;;;;;0;0.470;0;;0;0;0;0;
DET018;KADR105005000TR21;Kabat;DÊTKA 5.00 - 10  TR-13;;82;;0;;3;41.34;25.37;5901765011155;;;;;0;0.470;0;;0;0;0;0;
DET018;KADR105005000TR21;Kabat;DÊTKA 5.00 - 10  TR-13;;82;;0;;1;41.34;25.37;5901765011155;;;;;0;0.470;0;;0;0;0;0;
DET018;KADR105005000TR21;Kabat;DÊTKA 5.00 - 10  TR-13;;82;;0;;14;41.34;25.37;5901765011155;;;;;0;0.470;0;;0;0;0;0;
DER118;KADR120100080TR15;Kabat;DÊTKA 10.0/80 - 12  TR-15;100;8.50;12;0;;16;78.41;48.66;5901765008148;;;;;0;1.830;0;;0;0;0;0;
DER118;KADR120100080TR15;Kabat;DÊTKA 10.0/80 - 12  TR-15;100;8.50;12;0;;6;78.41;48.66;5901765008148;;;;;0;1.830;0;;0;0;0;0;
DER118;KADR120100080TR15;Kabat;DÊTKA 10.0/80 - 12  TR-15;100;8.50;12;0;;16;78.41;48.66;5901765008148;;;;;0;1.830;0;;0;0;0;0;
DER118;KADR120100080TR15;Kabat;DÊTKA 10.0/80 - 12  TR-15;100;8.50;12;0;;6;78.41;48.66;5901765008148;;;;;0;1.830;0;;0;0;0;0;
DER118;KADR120100080TR15;Kabat;DÊTKA 10.0/80 - 12  TR-15;100;8.50;12;0;;74;78.41;48.66;5901765008148;;;;;0;1.830;0;;0;0;0;0;
DER118;KADR120100080TR15;Kabat;DÊTKA 10.0/80 - 12  TR-15;100;8.50;12;0;;100;78.41;48.66;5901765008148;;;;;0;1.830;0;;0;0;0;0;
DER118;KADR120100080TR15;Kabat;DÊTKA 10.0/80 - 12  TR-15;100;8.50;12;0;;3;78.41;48.66;5901765008148;;;;;0;1.830;0;;0;0;0;0;
DER118;KADR120100080TR15;Kabat;DÊTKA 10.0/80 - 12  TR-15;100;8.50;12;0;;9;78.41;48.66;5901765008148;;;;;0;1.830;0;;0;0;0;0;
DER118;KADR120100080TR15;Kabat;DÊTKA 10.0/80 - 12  TR-15;100;8.50;12;0;;11;78.41;48.66;5901765008148;;;;;0;1.830;0;;0;0;0;0;
DER118;KADR120100080TR15;Kabat;DÊTKA 10.0/80 - 12  TR-15;100;8.50;12;0;;14;78.41;48.66;5901765008148;;;;;0;1.830;0;;0;0;0;0;
DER118;KADR120100080TR15;Kabat;DÊTKA 10.0/80 - 12  TR-15;100;8.50;12;0;;14;78.41;48.66;5901765008148;;;;;0;1.830;0;;0;0;0;0;
DER118;KADR120100080TR15;Kabat;DÊTKA 10.0/80 - 12  TR-15;100;8.50;12;0;;7;78.41;48.66;5901765008148;;;;;0;1.830;0;;0;0;0;0;
DER118;KADR120100080TR15;Kabat;DÊTKA 10.0/80 - 12  TR-15;100;8.50;12;0;;6;78.41;48.66;5901765008148;;;;;0;1.830;0;;0;0;0;0;
DER118;KADR120100080TR15;Kabat;DÊTKA 10.0/80 - 12  TR-15;100;8.50;12;0;;100;78.41;48.66;5901765008148;;;;;0;1.830;0;;0;0;0;0;
DER118;KADR120100080TR15;Kabat;DÊTKA 10.0/80 - 12  TR-15;100;8.50;12;0;;5;78.41;48.66;5901765008148;;;;;0;1.830;0;;0;0;0;0;
DER118;KADR120100080TR15;Kabat;DÊTKA 10.0/80 - 12  TR-15;100;8.50;12;0;;5;78.41;48.66;5901765008148;;;;;0;1.830;0;;0;0;0;0;
DER118;KADR120100080TR15;Kabat;DÊTKA 10.0/80 - 12  TR-15;100;8.50;12;0;;14;78.41;48.66;5901765008148;;;;;0;1.830;0;;0;0;0;0;
DER283;KADR120100800TR13;Kabat;DÊTKA 10.0/80 - 12  TR-13;100;80;12;0;;29;78.3;48.59;5901765009152;;;;;0;2.200;0;;0;0;0;0;
DER283;KADR120100800TR13;Kabat;DÊTKA 10.0/80 - 12  TR-13;100;80;12;0;;19;78.3;48.59;5901765009152;;;;;0;2.200;0;;0;0;0;0;
DER283;KADR120100800TR13;Kabat;DÊTKA 10.0/80 - 12  TR-13;100;80;12;0;;1;78.3;48.59;5901765009152;;;;;0;2.200;0;;0;0;0;0;
DER283;KADR120100800TR13;Kabat;DÊTKA 10.0/80 - 12  TR-13;100;80;12;0;;6;78.3;48.59;5901765009152;;;;;0;2.200;0;;0;0;0;0;
DER283;KADR120100800TR13;Kabat;DÊTKA 10.0/80 - 12  TR-13;100;80;12;0;;9;78.3;48.59;5901765009152;;;;;0;2.200;0;;0;0;0;0;
DER283;KADR120100800TR13;Kabat;DÊTKA 10.0/80 - 12  TR-13;100;80;12;0;;5;78.3;48.59;5901765009152;;;;;0;2.200;0;;0;0;0;0;
DER283;KADR120100800TR13;Kabat;DÊTKA 10.0/80 - 12  TR-13;100;80;12;0;;9;78.3;48.59;5901765009152;;;;;0;2.200;0;;0;0;0;0;
DER283;KADR120100800TR13;Kabat;DÊTKA 10.0/80 - 12  TR-13;100;80;12;0;;7;78.3;48.59;5901765009152;;;;;0;2.200;0;;0;0;0;0;
DER283;KADR120100800TR13;Kabat;DÊTKA 10.0/80 - 12  TR-13;100;80;12;0;;100;78.3;48.59;5901765009152;;;;;0;2.200;0;;0;0;0;0;
DER283;KADR120100800TR13;Kabat;DÊTKA 10.0/80 - 12  TR-13;100;80;12;0;;9;78.3;48.59;5901765009152;;;;;0;2.200;0;;0;0;0;0;
DER283;KADR120100800TR13;Kabat;DÊTKA 10.0/80 - 12  TR-13;100;80;12;0;;5;78.3;48.59;5901765009152;;;;;0;2.200;0;;0;0;0;0;
DER283;KADR120100800TR13;Kabat;DÊTKA 10.0/80 - 12  TR-13;100;80;12;0;;4;78.3;48.59;5901765009152;;;;;0;2.200;0;;0;0;0;0;
DER283;KADR120100800TR13;Kabat;DÊTKA 10.0/80 - 12  TR-13;100;80;12;0;;5;78.3;48.59;5901765009152;;;;;0;2.200;0;;0;0;0;0;
DER283;KADR120100800TR13;Kabat;DÊTKA 10.0/80 - 12  TR-13;100;80;12;0;;63;78.3;48.59;5901765009152;;;;;0;2.200;0;;0;0;0;0;
DER283;KADR120100800TR13;Kabat;DÊTKA 10.0/80 - 12  TR-13;100;80;12;0;;12;78.3;48.59;5901765009152;;;;;0;2.200;0;;0;0;0;0;
DET111;KADR120120000000T;Kabat;DÊTKA 26 x 12.00 - 12  TR-15;120;82;12;0;;1;77.39;48.02;5901765011988;;;;;0;1.830;0;;0;0;0;0;
DET111;KADR120120000000T;Kabat;DÊTKA 26 x 12.00 - 12  TR-15;120;82;12;0;;1;77.39;48.02;5901765011988;;;;;0;1.830;0;;0;0;0;0;
DET111;KADR120120000000T;Kabat;DÊTKA 26 x 12.00 - 12  TR-15;120;82;12;0;;4;77.39;48.02;5901765011988;;;;;0;1.830;0;;0;0;0;0;
DET111;KADR120120000000T;Kabat;DÊTKA 26 x 12.00 - 12  TR-15;120;82;12;0;;27;77.39;48.02;5901765011988;;;;;0;1.830;0;;0;0;0;0;
DET111;KADR120120000000T;Kabat;DÊTKA 26 x 12.00 - 12  TR-15;120;82;12;0;;34;77.39;48.02;5901765011988;;;;;0;1.830;0;;0;0;0;0;
DET111;KADR120120000000T;Kabat;DÊTKA 26 x 12.00 - 12  TR-15;120;82;12;0;;2;77.39;48.02;5901765011988;;;;;0;1.830;0;;0;0;0;0;
DET111;KADR120120000000T;Kabat;DÊTKA 26 x 12.00 - 12  TR-15;120;82;12;0;;3;77.39;48.02;5901765011988;;;;;0;1.830;0;;0;0;0;0;
DET111;KADR120120000000T;Kabat;DÊTKA 26 x 12.00 - 12  TR-15;120;82;12;0;;4;77.39;48.02;5901765011988;;;;;0;1.830;0;;0;0;0;0;
DET111;KADR120120000000T;Kabat;DÊTKA 26 x 12.00 - 12  TR-15;120;82;12;0;;42;77.39;48.02;5901765011988;;;;;0;1.830;0;;0;0;0;0;
DEO026;KADR1206000TR218A;Kabat;DÊTKA 6.0/6.00 - 12  TR-218A;600;;12;R;;31;51.23;31.8;5901765006472;;;;;0;1.360;0;;0;0;0;0;
DEO026;KADR1206000TR218A;Kabat;DÊTKA 6.0/6.00 - 12  TR-218A;600;;12;R;;23;51.23;31.8;5901765006472;;;;;0;1.360;0;;0;0;0;0;
DEO026;KADR1206000TR218A;Kabat;DÊTKA 6.0/6.00 - 12  TR-218A;600;;12;R;;1;51.23;31.8;5901765006472;;;;;0;1.360;0;;0;0;0;0;
DEO026;KADR1206000TR218A;Kabat;DÊTKA 6.0/6.00 - 12  TR-218A;600;;12;R;;30;51.23;31.8;5901765006472;;;;;0;1.360;0;;0;0;0;0;
DEO026;KADR1206000TR218A;Kabat;DÊTKA 6.0/6.00 - 12  TR-218A;600;;12;R;;7;51.23;31.8;5901765006472;;;;;0;1.360;0;;0;0;0;0;
DET039;KADR120700TR15000;Kabat;DÊTKA 7.00 - 12 TR-13;700;;12;A1;;1;60.85;37.76;5901765011339;;;;;0;1.140;0;;0;0;0;0;
DET039;KADR120700TR15000;Kabat;DÊTKA 7.00 - 12 TR-13;700;;12;A1;;62;60.85;37.76;5901765011339;;;;;0;1.140;0;;0;0;0;0;
DET039;KADR120700TR15000;Kabat;DÊTKA 7.00 - 12 TR-13;700;;12;A1;;6;60.85;37.76;5901765011339;;;;;0;1.140;0;;0;0;0;0;
DET039;KADR120700TR15000;Kabat;DÊTKA 7.00 - 12 TR-13;700;;12;A1;;34;60.85;37.76;5901765011339;;;;;0;1.140;0;;0;0;0;0;
DET039;KADR120700TR15000;Kabat;DÊTKA 7.00 - 12 TR-13;700;;12;A1;;4;60.85;37.76;5901765011339;;;;;0;1.140;0;;0;0;0;0;
DET039;KADR120700TR15000;Kabat;DÊTKA 7.00 - 12 TR-13;700;;12;A1;;4;60.85;37.76;5901765011339;;;;;0;1.140;0;;0;0;0;0;
DET039;KADR120700TR15000;Kabat;DÊTKA 7.00 - 12 TR-13;700;;12;A1;;21;60.85;37.76;5901765011339;;;;;0;1.140;0;;0;0;0;0;
DET039;KADR120700TR15000;Kabat;DÊTKA 7.00 - 12 TR-13;700;;12;A1;;1;60.85;37.76;5901765011339;;;;;0;1.140;0;;0;0;0;0;
DET039;KADR120700TR15000;Kabat;DÊTKA 7.00 - 12 TR-13;700;;12;A1;;100;60.85;37.76;5901765011339;;;;;0;1.140;0;;0;0;0;0;
DET039;KADR120700TR15000;Kabat;DÊTKA 7.00 - 12 TR-13;700;;12;A1;;11;60.85;37.76;5901765011339;;;;;0;1.140;0;;0;0;0;0;
DET039;KADR120700TR15000;Kabat;DÊTKA 7.00 - 12 TR-13;700;;12;A1;;1;60.85;37.76;5901765011339;;;;;0;1.140;0;;0;0;0;0;
DET039;KADR120700TR15000;Kabat;DÊTKA 7.00 - 12 TR-13;700;;12;A1;;4;60.85;37.76;5901765011339;;;;;0;1.140;0;;0;0;0;0;
DET039;KADR120700TR15000;Kabat;DÊTKA 7.00 - 12 TR-13;700;;12;A1;;9;60.85;37.76;5901765011339;;;;;0;1.140;0;;0;0;0;0;
DET039;KADR120700TR15000;Kabat;DÊTKA 7.00 - 12 TR-13;700;;12;A1;;5;60.85;37.76;5901765011339;;;;;0;1.140;0;;0;0;0;0;
DET039;KADR120700TR15000;Kabat;DÊTKA 7.00 - 12 TR-13;700;;12;A1;;16;60.85;37.76;5901765011339;;;;;0;1.140;0;;0;0;0;0;
DER360;KADR145200600TR13;Kabat;DÊTKA 200/60 - 14.5  TR-13;200;60;14.5;0;;1;58.37;35.83;5901765009749;;;;;0;1.050;0;;0;0;0;0;
DER360;KADR145200600TR13;Kabat;DÊTKA 200/60 - 14.5  TR-13;200;60;14.5;0;;13;58.37;35.83;5901765009749;;;;;0;1.050;0;;0;0;0;0;
DER360;KADR145200600TR13;Kabat;DÊTKA 200/60 - 14.5  TR-13;200;60;14.5;0;;2;58.37;35.83;5901765009749;;;;;0;1.050;0;;0;0;0;0;
DER360;KADR145200600TR13;Kabat;DÊTKA 200/60 - 14.5  TR-13;200;60;14.5;0;;61;58.37;35.83;5901765009749;;;;;0;1.050;0;;0;0;0;0;
DER360;KADR145200600TR13;Kabat;DÊTKA 200/60 - 14.5  TR-13;200;60;14.5;0;;5;58.37;35.83;5901765009749;;;;;0;1.050;0;;0;0;0;0;
DER360;KADR145200600TR13;Kabat;DÊTKA 200/60 - 14.5  TR-13;200;60;14.5;0;;4;58.37;35.83;5901765009749;;;;;0;1.050;0;;0;0;0;0;
DER360;KADR145200600TR13;Kabat;DÊTKA 200/60 - 14.5  TR-13;200;60;14.5;0;;100;58.37;35.83;5901765009749;;;;;0;1.050;0;;0;0;0;0;
DER360;KADR145200600TR13;Kabat;DÊTKA 200/60 - 14.5  TR-13;200;60;14.5;0;;8;58.37;35.83;5901765009749;;;;;0;1.050;0;;0;0;0;0;
DER360;KADR145200600TR13;Kabat;DÊTKA 200/60 - 14.5  TR-13;200;60;14.5;0;;93;58.37;35.83;5901765009749;;;;;0;1.050;0;;0;0;0;0;
DER360;KADR145200600TR13;Kabat;DÊTKA 200/60 - 14.5  TR-13;200;60;14.5;0;;2;58.37;35.83;5901765009749;;;;;0;1.050;0;;0;0;0;0;
DER360;KADR145200600TR13;Kabat;DÊTKA 200/60 - 14.5  TR-13;200;60;14.5;0;;18;58.37;35.83;5901765009749;;;;;0;1.050;0;;0;0;0;0;
DER364;KADR145200600TR15;Kabat;DÊTKA 200/60 - 14.5  TR-15;200;60;14.5;0;;18;58.37;36.16;5901765009787;;;;;0;1.050;0;;0;0;0;0;
DER364;KADR145200600TR15;Kabat;DÊTKA 200/60 - 14.5  TR-15;200;60;14.5;0;;11;58.37;36.16;5901765009787;;;;;0;1.050;0;;0;0;0;0;
DER364;KADR145200600TR15;Kabat;DÊTKA 200/60 - 14.5  TR-15;200;60;14.5;0;;100;58.37;36.16;5901765009787;;;;;0;1.050;0;;0;0;0;0;
DER364;KADR145200600TR15;Kabat;DÊTKA 200/60 - 14.5  TR-15;200;60;14.5;0;;7;58.37;36.16;5901765009787;;;;;0;1.050;0;;0;0;0;0;
DER364;KADR145200600TR15;Kabat;DÊTKA 200/60 - 14.5  TR-15;200;60;14.5;0;;4;58.37;36.16;5901765009787;;;;;0;1.050;0;;0;0;0;0;
DER364;KADR145200600TR15;Kabat;DÊTKA 200/60 - 14.5  TR-15;200;60;14.5;0;;23;58.37;36.16;5901765009787;;;;;0;1.050;0;;0;0;0;0;
DER364;KADR145200600TR15;Kabat;DÊTKA 200/60 - 14.5  TR-15;200;60;14.5;0;;8;58.37;36.16;5901765009787;;;;;0;1.050;0;;0;0;0;0;
DER364;KADR145200600TR15;Kabat;DÊTKA 200/60 - 14.5  TR-15;200;60;14.5;0;;56;58.37;36.16;5901765009787;;;;;0;1.050;0;;0;0;0;0;
DER364;KADR145200600TR15;Kabat;DÊTKA 200/60 - 14.5  TR-15;200;60;14.5;0;;18;58.37;36.16;5901765009787;;;;;0;1.050;0;;0;0;0;0;
DER364;KADR145200600TR15;Kabat;DÊTKA 200/60 - 14.5  TR-15;200;60;14.5;0;;12;58.37;36.16;5901765009787;;;;;0;1.050;0;;0;0;0;0;
DER364;KADR145200600TR15;Kabat;DÊTKA 200/60 - 14.5  TR-15;200;60;14.5;0;;100;58.37;36.16;5901765009787;;;;;0;1.050;0;;0;0;0;0;
DER364;KADR145200600TR15;Kabat;DÊTKA 200/60 - 14.5  TR-15;200;60;14.5;0;;5;58.37;36.16;5901765009787;;;;;0;1.050;0;;0;0;0;0;
DER364;KADR145200600TR15;Kabat;DÊTKA 200/60 - 14.5  TR-15;200;60;14.5;0;;15;58.37;36.16;5901765009787;;;;;0;1.050;0;;0;0;0;0;
DER364;KADR145200600TR15;Kabat;DÊTKA 200/60 - 14.5  TR-15;200;60;14.5;0;;14;58.37;36.16;5901765009787;;;;;0;1.050;0;;0;0;0;0;
DER364;KADR145200600TR15;Kabat;DÊTKA 200/60 - 14.5  TR-15;200;60;14.5;0;;13;58.37;36.16;5901765009787;;;;;0;1.050;0;;0;0;0;0;
DER364;KADR145200600TR15;Kabat;DÊTKA 200/60 - 14.5  TR-15;200;60;14.5;0;;2;58.37;36.16;5901765009787;;;;;0;1.050;0;;0;0;0;0;
DER364;KADR145200600TR15;Kabat;DÊTKA 200/60 - 14.5  TR-15;200;60;14.5;0;;3;58.37;36.16;5901765009787;;;;;0;1.050;0;;0;0;0;0;
DER180;KADR14530115V3022;Kabat;DÊTKA 30 x 11.5/14.5  V3.02.2;30 x 11.5;;14.5;V;;5;102.79;63.09;5901765008674;;;;;0;1.920;0;;0;0;0;0;
DER180;KADR14530115V3022;Kabat;DÊTKA 30 x 11.5/14.5  V3.02.2;30 x 11.5;;14.5;V;;1;102.79;63.09;5901765008674;;;;;0;1.920;0;;0;0;0;0;
DER180;KADR14530115V3022;Kabat;DÊTKA 30 x 11.5/14.5  V3.02.2;30 x 11.5;;14.5;V;;6;102.79;63.09;5901765008674;;;;;0;1.920;0;;0;0;0;0;
DER180;KADR14530115V3022;Kabat;DÊTKA 30 x 11.5/14.5  V3.02.2;30 x 11.5;;14.5;V;;1;102.79;63.09;5901765008674;;;;;0;1.920;0;;0;0;0;0;
DER180;KADR14530115V3022;Kabat;DÊTKA 30 x 11.5/14.5  V3.02.2;30 x 11.5;;14.5;V;;11;102.79;63.09;5901765008674;;;;;0;1.920;0;;0;0;0;0;
DER180;KADR14530115V3022;Kabat;DÊTKA 30 x 11.5/14.5  V3.02.2;30 x 11.5;;14.5;V;;65;102.79;63.09;5901765008674;;;;;0;1.920;0;;0;0;0;0;
DER180;KADR14530115V3022;Kabat;DÊTKA 30 x 11.5/14.5  V3.02.2;30 x 11.5;;14.5;V;;4;102.79;63.09;5901765008674;;;;;0;1.920;0;;0;0;0;0;
DER180;KADR14530115V3022;Kabat;DÊTKA 30 x 11.5/14.5  V3.02.2;30 x 11.5;;14.5;V;;9;102.79;63.09;5901765008674;;;;;0;1.920;0;;0;0;0;0;
DER180;KADR14530115V3022;Kabat;DÊTKA 30 x 11.5/14.5  V3.02.2;30 x 11.5;;14.5;V;;41;102.79;63.09;5901765008674;;;;;0;1.920;0;;0;0;0;0;
DER180;KADR14530115V3022;Kabat;DÊTKA 30 x 11.5/14.5  V3.02.2;30 x 11.5;;14.5;V;;12;102.79;63.09;5901765008674;;;;;0;1.920;0;;0;0;0;0;
DER180;KADR14530115V3022;Kabat;DÊTKA 30 x 11.5/14.5  V3.02.2;30 x 11.5;;14.5;V;;90;102.79;63.09;5901765008674;;;;;0;1.920;0;;0;0;0;0;
DER263;KADR14530115V3028;Kabat;DÊTKA 30 x 11.5/14.5  V3.02.8;30 x 11.5;;14.5;V;;5;102.79;63.79;5901765009039;;;;;0;1.920;0;;0;0;0;0;
DER263;KADR14530115V3028;Kabat;DÊTKA 30 x 11.5/14.5  V3.02.8;30 x 11.5;;14.5;V;;23;102.79;63.79;5901765009039;;;;;0;1.920;0;;0;0;0;0;
DER263;KADR14530115V3028;Kabat;DÊTKA 30 x 11.5/14.5  V3.02.8;30 x 11.5;;14.5;V;;3;102.79;63.79;5901765009039;;;;;0;1.920;0;;0;0;0;0;
DER263;KADR14530115V3028;Kabat;DÊTKA 30 x 11.5/14.5  V3.02.8;30 x 11.5;;14.5;V;;8;102.79;63.79;5901765009039;;;;;0;1.920;0;;0;0;0;0;
DER263;KADR14530115V3028;Kabat;DÊTKA 30 x 11.5/14.5  V3.02.8;30 x 11.5;;14.5;V;;4;102.79;63.79;5901765009039;;;;;0;1.920;0;;0;0;0;0;
DER263;KADR14530115V3028;Kabat;DÊTKA 30 x 11.5/14.5  V3.02.8;30 x 11.5;;14.5;V;;13;102.79;63.79;5901765009039;;;;;0;1.920;0;;0;0;0;0;
DER263;KADR14530115V3028;Kabat;DÊTKA 30 x 11.5/14.5  V3.02.8;30 x 11.5;;14.5;V;;1;102.79;63.79;5901765009039;;;;;0;1.920;0;;0;0;0;0;
DER263;KADR14530115V3028;Kabat;DÊTKA 30 x 11.5/14.5  V3.02.8;30 x 11.5;;14.5;V;;2;102.79;63.79;5901765009039;;;;;0;1.920;0;;0;0;0;0;
DER398;KADR1501200TR1500;Kabat;DÊTKA 29 x 12.00/12.50 - 15  TR-15;120;;15;R;;0;90;57.82;5901765010080;;;;;0;2.560;0;;0;0;0;0;
DER398;KADR1501200TR1500;Kabat;DÊTKA 29 x 12.00/12.50 - 15  TR-15;120;;15;R;;9;90;57.82;5901765010080;;;;;0;2.560;0;;0;0;0;0;
DER398;KADR1501200TR1500;Kabat;DÊTKA 29 x 12.00/12.50 - 15  TR-15;120;;15;R;;5;90;57.82;5901765010080;;;;;0;2.560;0;;0;0;0;0;
DER398;KADR1501200TR1500;Kabat;DÊTKA 29 x 12.00/12.50 - 15  TR-15;120;;15;R;;5;90;57.82;5901765010080;;;;;0;2.560;0;;0;0;0;0;
DER398;KADR1501200TR1500;Kabat;DÊTKA 29 x 12.00/12.50 - 15  TR-15;120;;15;R;;2;90;57.82;5901765010080;;;;;0;2.560;0;;0;0;0;0;
DER398;KADR1501200TR1500;Kabat;DÊTKA 29 x 12.00/12.50 - 15  TR-15;120;;15;R;;2;90;57.82;5901765010080;;;;;0;2.560;0;;0;0;0;0;
DER140;KADR150125600TR15;Kabat;DÊTKA 12.5/60 - 15  TR-15;125;60;15;0;;0;143.3;94.17;5901765008339;;;;;0;2.560;0;;0;0;0;0;
DET191;KADR150281250V302;Kabat;DÊTKA 28 x 12.50 - 15  V3.02.8;28 x 12.5;25;15;0;;2;103.55;64.27;5901765012763;;;;;0;1.360;0;;0;0;0;0;
DET191;KADR150281250V302;Kabat;DÊTKA 28 x 12.50 - 15  V3.02.8;28 x 12.5;25;15;0;;1;103.55;64.27;5901765012763;;;;;0;1.360;0;;0;0;0;0;
DET191;KADR150281250V302;Kabat;DÊTKA 28 x 12.50 - 15  V3.02.8;28 x 12.5;25;15;0;;9;103.55;64.27;5901765012763;;;;;0;1.360;0;;0;0;0;0;
DET191;KADR150281250V302;Kabat;DÊTKA 28 x 12.50 - 15  V3.02.8;28 x 12.5;25;15;0;;6;103.55;64.27;5901765012763;;;;;0;1.360;0;;0;0;0;0;
DET191;KADR150281250V302;Kabat;DÊTKA 28 x 12.50 - 15  V3.02.8;28 x 12.5;25;15;0;;6;103.55;64.27;5901765012763;;;;;0;1.360;0;;0;0;0;0;
DET191;KADR150281250V302;Kabat;DÊTKA 28 x 12.50 - 15  V3.02.8;28 x 12.5;25;15;0;;0;103.55;64.27;5901765012763;;;;;0;1.360;0;;0;0;0;0;
;KADR1502890TR1300;Kabat;DÊTKA 28 x 9 - 15  TR-13;28 x 9;;15;R;;1;97.33;57.59;;;;;;0;1.360;0;;0;0;0;0;
;KADR1502890TR1300;Kabat;DÊTKA 28 x 9 - 15  TR-13;28 x 9;;15;R;;1;97.33;57.59;;;;;;0;1.360;0;;0;0;0;0;
;KADR1502890TR1300;Kabat;DÊTKA 28 x 9 - 15  TR-13;28 x 9;;15;R;;0;97.33;57.59;;;;;;0;1.360;0;;0;0;0;0;
DER297;KADR1502890V30218;Kabat;DÊTKA 28 x 9 - 15  V3.02.18;28 x 9;;15;A3;;25;104.13;64.61;5901765009237;;;;;0;1.360;0;;0;0;0;0;
DER297;KADR1502890V30218;Kabat;DÊTKA 28 x 9 - 15  V3.02.18;28 x 9;;15;A3;;65;104.13;64.61;5901765009237;;;;;0;1.360;0;;0;0;0;0;
DER297;KADR1502890V30218;Kabat;DÊTKA 28 x 9 - 15  V3.02.18;28 x 9;;15;A3;;17;104.13;64.61;5901765009237;;;;;0;1.360;0;;0;0;0;0;
DER297;KADR1502890V30218;Kabat;DÊTKA 28 x 9 - 15  V3.02.18;28 x 9;;15;A3;;12;104.13;64.61;5901765009237;;;;;0;1.360;0;;0;0;0;0;
DER297;KADR1502890V30218;Kabat;DÊTKA 28 x 9 - 15  V3.02.18;28 x 9;;15;A3;;7;104.13;64.61;5901765009237;;;;;0;1.360;0;;0;0;0;0;
DER297;KADR1502890V30218;Kabat;DÊTKA 28 x 9 - 15  V3.02.18;28 x 9;;15;A3;;7;104.13;64.61;5901765009237;;;;;0;1.360;0;;0;0;0;0;
DER297;KADR1502890V30218;Kabat;DÊTKA 28 x 9 - 15  V3.02.18;28 x 9;;15;A3;;17;104.13;64.61;5901765009237;;;;;0;1.360;0;;0;0;0;0;
DER297;KADR1502890V30218;Kabat;DÊTKA 28 x 9 - 15  V3.02.18;28 x 9;;15;A3;;10;104.13;64.61;5901765009237;;;;;0;1.360;0;;0;0;0;0;
DER297;KADR1502890V30218;Kabat;DÊTKA 28 x 9 - 15  V3.02.18;28 x 9;;15;A3;;3;104.13;64.61;5901765009237;;;;;0;1.360;0;;0;0;0;0;
DER297;KADR1502890V30218;Kabat;DÊTKA 28 x 9 - 15  V3.02.18;28 x 9;;15;A3;;8;104.13;64.61;5901765009237;;;;;0;1.360;0;;0;0;0;0;
DER297;KADR1502890V30218;Kabat;DÊTKA 28 x 9 - 15  V3.02.18;28 x 9;;15;A3;;19;104.13;64.61;5901765009237;;;;;0;1.360;0;;0;0;0;0;
DER297;KADR1502890V30218;Kabat;DÊTKA 28 x 9 - 15  V3.02.18;28 x 9;;15;A3;;1;104.13;64.61;5901765009237;;;;;0;1.360;0;;0;0;0;0;
DER297;KADR1502890V30218;Kabat;DÊTKA 28 x 9 - 15  V3.02.18;28 x 9;;15;A3;;5;104.13;64.61;5901765009237;;;;;0;1.360;0;;0;0;0;0;
DER297;KADR1502890V30218;Kabat;DÊTKA 28 x 9 - 15  V3.02.18;28 x 9;;15;A3;;16;104.13;64.61;5901765009237;;;;;0;1.360;0;;0;0;0;0;
DER297;KADR1502890V30218;Kabat;DÊTKA 28 x 9 - 15  V3.02.18;28 x 9;;15;A3;;100;104.13;64.61;5901765009237;;;;;0;1.360;0;;0;0;0;0;
DER297;KADR1502890V30218;Kabat;DÊTKA 28 x 9 - 15  V3.02.18;28 x 9;;15;A3;;94;104.13;64.61;5901765009237;;;;;0;1.360;0;;0;0;0;0;
DER297;KADR1502890V30218;Kabat;DÊTKA 28 x 9 - 15  V3.02.18;28 x 9;;15;A3;;4;104.13;64.61;5901765009237;;;;;0;1.360;0;;0;0;0;0;
DER126;KADR150311250TR13;Kabat;DÊTKA 31 x 12.50/13.50-15  TR-13;31 x 15.50;25;15;0;;9;103.6;65.46;5901765008216;;;;;0;2.290;0;;0;0;0;0;
DER126;KADR150311250TR13;Kabat;DÊTKA 31 x 12.50/13.50-15  TR-13;31 x 15.50;25;15;0;;9;103.6;65.46;5901765008216;;;;;0;2.290;0;;0;0;0;0;
DER126;KADR150311250TR13;Kabat;DÊTKA 31 x 12.50/13.50-15  TR-13;31 x 15.50;25;15;0;;9;103.6;65.46;5901765008216;;;;;0;2.290;0;;0;0;0;0;
DER183;KADR15032121TR177;Kabat;DÊTKA 32 x 12.1 - 15  TR-177A;32 x 12.1;;15;T;;2;124.77;76.59;5901765008704;;;;;0;1.920;0;;0;0;0;0;
DER183;KADR15032121TR177;Kabat;DÊTKA 32 x 12.1 - 15  TR-177A;32 x 12.1;;15;T;;2;124.77;76.59;5901765008704;;;;;0;1.920;0;;0;0;0;0;
DER183;KADR15032121TR177;Kabat;DÊTKA 32 x 12.1 - 15  TR-177A;32 x 12.1;;15;T;;3;124.77;76.59;5901765008704;;;;;0;1.920;0;;0;0;0;0;
DER183;KADR15032121TR177;Kabat;DÊTKA 32 x 12.1 - 15  TR-177A;32 x 12.1;;15;T;;5;124.77;76.59;5901765008704;;;;;0;1.920;0;;0;0;0;0;
DER179;KADR150331250TR13;Kabat;DÊTKA 33 x 12.5/15.5 - 15  TR-13;31 x 13.50;25;15;0;;4;134.88;82.8;5901765008667;;;;;0;2.290;0;;0;0;0;0;
DER179;KADR150331250TR13;Kabat;DÊTKA 33 x 12.5/15.5 - 15  TR-13;31 x 13.50;25;15;0;;18;134.88;82.8;5901765008667;;;;;0;2.290;0;;0;0;0;0;
DER179;KADR150331250TR13;Kabat;DÊTKA 33 x 12.5/15.5 - 15  TR-13;31 x 13.50;25;15;0;;14;134.88;82.8;5901765008667;;;;;0;2.290;0;;0;0;0;0;
DER179;KADR150331250TR13;Kabat;DÊTKA 33 x 12.5/15.5 - 15  TR-13;31 x 13.50;25;15;0;;18;134.88;82.8;5901765008667;;;;;0;2.290;0;;0;0;0;0;
DER132;KADR150500000TR15;Kabat;DÊTKA 5.00 - 15  TR-15;500;82;15;0;;2;42.6;26.15;5901765008261;;;;;0;1.360;0;;0;0;0;0;
DER132;KADR150500000TR15;Kabat;DÊTKA 5.00 - 15  TR-15;500;82;15;0;;2;42.6;26.15;5901765008261;;;;;0;1.360;0;;0;0;0;0;
DER132;KADR150500000TR15;Kabat;DÊTKA 5.00 - 15  TR-15;500;82;15;0;;4;42.6;26.15;5901765008261;;;;;0;1.360;0;;0;0;0;0;
DER132;KADR150500000TR15;Kabat;DÊTKA 5.00 - 15  TR-15;500;82;15;0;;9;42.6;26.15;5901765008261;;;;;0;1.360;0;;0;0;0;0;
DER132;KADR150500000TR15;Kabat;DÊTKA 5.00 - 15  TR-15;500;82;15;0;;6;42.6;26.15;5901765008261;;;;;0;1.360;0;;0;0;0;0;
DER132;KADR150500000TR15;Kabat;DÊTKA 5.00 - 15  TR-15;500;82;15;0;;85;42.6;26.15;5901765008261;;;;;0;1.360;0;;0;0;0;0;
DER132;KADR150500000TR15;Kabat;DÊTKA 5.00 - 15  TR-15;500;82;15;0;;20;42.6;26.15;5901765008261;;;;;0;1.360;0;;0;0;0;0;
DER132;KADR150500000TR15;Kabat;DÊTKA 5.00 - 15  TR-15;500;82;15;0;;26;42.6;26.15;5901765008261;;;;;0;1.360;0;;0;0;0;0;
DER132;KADR150500000TR15;Kabat;DÊTKA 5.00 - 15  TR-15;500;82;15;0;;7;42.6;26.15;5901765008261;;;;;0;1.360;0;;0;0;0;0;
DER132;KADR150500000TR15;Kabat;DÊTKA 5.00 - 15  TR-15;500;82;15;0;;6;42.6;26.15;5901765008261;;;;;0;1.360;0;;0;0;0;0;
DER132;KADR150500000TR15;Kabat;DÊTKA 5.00 - 15  TR-15;500;82;15;0;;76;42.6;26.15;5901765008261;;;;;0;1.360;0;;0;0;0;0;
DER132;KADR150500000TR15;Kabat;DÊTKA 5.00 - 15  TR-15;500;82;15;0;;100;42.6;26.15;5901765008261;;;;;0;1.360;0;;0;0;0;0;
DER132;KADR150500000TR15;Kabat;DÊTKA 5.00 - 15  TR-15;500;82;15;0;;4;42.6;26.15;5901765008261;;;;;0;1.360;0;;0;0;0;0;
DER132;KADR150500000TR15;Kabat;DÊTKA 5.00 - 15  TR-15;500;82;15;0;;2;42.6;26.15;5901765008261;;;;;0;1.360;0;;0;0;0;0;
DER688;KADR15082500TR218;Kabat;DÊTKA 8.25 - 15  TR-218A;8.25;82;15;T;;16;90.11;58.7;;;;;;0;1.660;0;;0;0;0;0;
DER688;KADR15082500TR218;Kabat;DÊTKA 8.25 - 15  TR-218A;8.25;82;15;T;;14;90.11;58.7;;;;;;0;1.660;0;;0;0;0;0;
DER688;KADR15082500TR218;Kabat;DÊTKA 8.25 - 15  TR-218A;8.25;82;15;T;;2;90.11;58.7;;;;;;0;1.660;0;;0;0;0;0;
DER688;KADR15082500TR218;Kabat;DÊTKA 8.25 - 15  TR-218A;8.25;82;15;T;;16;90.11;58.7;;;;;;0;1.660;0;;0;0;0;0;
DER005;KADR15310075TR150;Kabat;DÊTKA 10.0/75 - 15.3  TR-15;100;75;15.3;T;;0;58.48;38.71;5901765007226;;;;;0;1.800;0;;0;0;0;0;
DER005;KADR15310075TR150;Kabat;DÊTKA 10.0/75 - 15.3  TR-15;100;75;15.3;T;;0;58.48;38.71;5901765007226;;;;;0;1.800;0;;0;0;0;0;
DER005;KADR15310075TR150;Kabat;DÊTKA 10.0/75 - 15.3  TR-15;100;75;15.3;T;;100;58.48;38.71;5901765007226;;;;;0;1.800;0;;0;0;0;0;
DER005;KADR15310075TR150;Kabat;DÊTKA 10.0/75 - 15.3  TR-15;100;75;15.3;T;;0;58.48;38.71;5901765007226;;;;;0;1.800;0;;0;0;0;0;
DER005;KADR15310075TR150;Kabat;DÊTKA 10.0/75 - 15.3  TR-15;100;75;15.3;T;;6;58.48;38.71;5901765007226;;;;;0;1.800;0;;0;0;0;0;
DER005;KADR15310075TR150;Kabat;DÊTKA 10.0/75 - 15.3  TR-15;100;75;15.3;T;;3;58.48;38.71;5901765007226;;;;;0;1.800;0;;0;0;0;0;
DER005;KADR15310075TR150;Kabat;DÊTKA 10.0/75 - 15.3  TR-15;100;75;15.3;T;;60;58.48;38.71;5901765007226;;;;;0;1.800;0;;0;0;0;0;
DER005;KADR15310075TR150;Kabat;DÊTKA 10.0/75 - 15.3  TR-15;100;75;15.3;T;;100;58.48;38.71;5901765007226;;;;;0;1.800;0;;0;0;0;0;
DER005;KADR15310075TR150;Kabat;DÊTKA 10.0/75 - 15.3  TR-15;100;75;15.3;T;;100;58.48;38.71;5901765007226;;;;;0;1.800;0;;0;0;0;0;
DER005;KADR15310075TR150;Kabat;DÊTKA 10.0/75 - 15.3  TR-15;100;75;15.3;T;;6;58.48;38.71;5901765007226;;;;;0;1.800;0;;0;0;0;0;
DER005;KADR15310075TR150;Kabat;DÊTKA 10.0/75 - 15.3  TR-15;100;75;15.3;T;;10;58.48;38.71;5901765007226;;;;;0;1.800;0;;0;0;0;0;
DER005;KADR15310075TR150;Kabat;DÊTKA 10.0/75 - 15.3  TR-15;100;75;15.3;T;;28;58.48;38.71;5901765007226;;;;;0;1.800;0;;0;0;0;0;
DER005;KADR15310075TR150;Kabat;DÊTKA 10.0/75 - 15.3  TR-15;100;75;15.3;T;;16;58.48;38.71;5901765007226;;;;;0;1.800;0;;0;0;0;0;
DER005;KADR15310075TR150;Kabat;DÊTKA 10.0/75 - 15.3  TR-15;100;75;15.3;T;;96;58.48;38.71;5901765007226;;;;;0;1.800;0;;0;0;0;0;
DER005;KADR15310075TR150;Kabat;DÊTKA 10.0/75 - 15.3  TR-15;100;75;15.3;T;;52;58.48;38.71;5901765007226;;;;;0;1.800;0;;0;0;0;0;
DER005;KADR15310075TR150;Kabat;DÊTKA 10.0/75 - 15.3  TR-15;100;75;15.3;T;;55;58.48;38.71;5901765007226;;;;;0;1.800;0;;0;0;0;0;
DER006;KADR15310075TR218;Kabat;DÊTKA 10.0/75 - 15.3  TR-218A;100;75;15.3;T;;75;92.49;57.41;5901765007233;;;;;0;1.840;0;;0;0;0;0;
DER006;KADR15310075TR218;Kabat;DÊTKA 10.0/75 - 15.3  TR-218A;100;75;15.3;T;;14;92.49;57.41;5901765007233;;;;;0;1.840;0;;0;0;0;0;
DER006;KADR15310075TR218;Kabat;DÊTKA 10.0/75 - 15.3  TR-218A;100;75;15.3;T;;4;92.49;57.41;5901765007233;;;;;0;1.840;0;;0;0;0;0;
DER006;KADR15310075TR218;Kabat;DÊTKA 10.0/75 - 15.3  TR-218A;100;75;15.3;T;;9;92.49;57.41;5901765007233;;;;;0;1.840;0;;0;0;0;0;
DER006;KADR15310075TR218;Kabat;DÊTKA 10.0/75 - 15.3  TR-218A;100;75;15.3;T;;2;92.49;57.41;5901765007233;;;;;0;1.840;0;;0;0;0;0;
DER006;KADR15310075TR218;Kabat;DÊTKA 10.0/75 - 15.3  TR-218A;100;75;15.3;T;;100;92.49;57.41;5901765007233;;;;;0;1.840;0;;0;0;0;0;
DER006;KADR15310075TR218;Kabat;DÊTKA 10.0/75 - 15.3  TR-218A;100;75;15.3;T;;3;92.49;57.41;5901765007233;;;;;0;1.840;0;;0;0;0;0;
DER006;KADR15310075TR218;Kabat;DÊTKA 10.0/75 - 15.3  TR-218A;100;75;15.3;T;;6;92.49;57.41;5901765007233;;;;;0;1.840;0;;0;0;0;0;
DER006;KADR15310075TR218;Kabat;DÊTKA 10.0/75 - 15.3  TR-218A;100;75;15.3;T;;18;92.49;57.41;5901765007233;;;;;0;1.840;0;;0;0;0;0;
DER006;KADR15310075TR218;Kabat;DÊTKA 10.0/75 - 15.3  TR-218A;100;75;15.3;T;;3;92.49;57.41;5901765007233;;;;;0;1.840;0;;0;0;0;0;
DER006;KADR15310075TR218;Kabat;DÊTKA 10.0/75 - 15.3  TR-218A;100;75;15.3;T;;2;92.49;57.41;5901765007233;;;;;0;1.840;0;;0;0;0;0;
DER006;KADR15310075TR218;Kabat;DÊTKA 10.0/75 - 15.3  TR-218A;100;75;15.3;T;;52;92.49;57.41;5901765007233;;;;;0;1.840;0;;0;0;0;0;
DER621;KADR1531075PTR150;Kabat;DÊTKA 10.0/75 - 15.3  HD  [premium]  TR-15;;;15.3;T;premium;0;74.62;54.88;5901765022298;;;;;0;1.840;0;;0;0;0;0;
DER621;KADR1531075PTR150;Kabat;DÊTKA 10.0/75 - 15.3  HD  [premium]  TR-15;;;15.3;T;premium;4;74.62;54.88;5901765022298;;;;;0;1.840;0;;0;0;0;0;
DER621;KADR1531075PTR150;Kabat;DÊTKA 10.0/75 - 15.3  HD  [premium]  TR-15;;;15.3;T;premium;1;74.62;54.88;5901765022298;;;;;0;1.840;0;;0;0;0;0;
DER621;KADR1531075PTR150;Kabat;DÊTKA 10.0/75 - 15.3  HD  [premium]  TR-15;;;15.3;T;premium;6;74.62;54.88;5901765022298;;;;;0;1.840;0;;0;0;0;0;
DER621;KADR1531075PTR150;Kabat;DÊTKA 10.0/75 - 15.3  HD  [premium]  TR-15;;;15.3;T;premium;19;74.62;54.88;5901765022298;;;;;0;1.840;0;;0;0;0;0;
DER621;KADR1531075PTR150;Kabat;DÊTKA 10.0/75 - 15.3  HD  [premium]  TR-15;;;15.3;T;premium;7;74.62;54.88;5901765022298;;;;;0;1.840;0;;0;0;0;0;
DER621;KADR1531075PTR150;Kabat;DÊTKA 10.0/75 - 15.3  HD  [premium]  TR-15;;;15.3;T;premium;8;74.62;54.88;5901765022298;;;;;0;1.840;0;;0;0;0;0;
DER621;KADR1531075PTR150;Kabat;DÊTKA 10.0/75 - 15.3  HD  [premium]  TR-15;;;15.3;T;premium;4;74.62;54.88;5901765022298;;;;;0;1.840;0;;0;0;0;0;
DER621;KADR1531075PTR150;Kabat;DÊTKA 10.0/75 - 15.3  HD  [premium]  TR-15;;;15.3;T;premium;3;74.62;54.88;5901765022298;;;;;0;1.840;0;;0;0;0;0;
DER621;KADR1531075PTR150;Kabat;DÊTKA 10.0/75 - 15.3  HD  [premium]  TR-15;;;15.3;T;premium;93;74.62;54.88;5901765022298;;;;;0;1.840;0;;0;0;0;0;
DER621;KADR1531075PTR150;Kabat;DÊTKA 10.0/75 - 15.3  HD  [premium]  TR-15;;;15.3;T;premium;60;74.62;54.88;5901765022298;;;;;0;1.840;0;;0;0;0;0;
DER621;KADR1531075PTR150;Kabat;DÊTKA 10.0/75 - 15.3  HD  [premium]  TR-15;;;15.3;T;premium;41;74.62;54.88;5901765022298;;;;;0;1.840;0;;0;0;0;0;
DER007;KADR15311580TR150;Kabat;DÊTKA 11.5/80 - 15.3  TR-15;115;80;15.3;T;;100;70.58;48.02;5901765007240;;;;;0;2.290;0;;0;0;0;0;
DER007;KADR15311580TR150;Kabat;DÊTKA 11.5/80 - 15.3  TR-15;115;80;15.3;T;;47;70.58;48.02;5901765007240;;;;;0;2.290;0;;0;0;0;0;
DER007;KADR15311580TR150;Kabat;DÊTKA 11.5/80 - 15.3  TR-15;115;80;15.3;T;;9;70.58;48.02;5901765007240;;;;;0;2.290;0;;0;0;0;0;
DER007;KADR15311580TR150;Kabat;DÊTKA 11.5/80 - 15.3  TR-15;115;80;15.3;T;;100;70.58;48.02;5901765007240;;;;;0;2.290;0;;0;0;0;0;
DER007;KADR15311580TR150;Kabat;DÊTKA 11.5/80 - 15.3  TR-15;115;80;15.3;T;;0;70.58;48.02;5901765007240;;;;;0;2.290;0;;0;0;0;0;
DER007;KADR15311580TR150;Kabat;DÊTKA 11.5/80 - 15.3  TR-15;115;80;15.3;T;;16;70.58;48.02;5901765007240;;;;;0;2.290;0;;0;0;0;0;
DER007;KADR15311580TR150;Kabat;DÊTKA 11.5/80 - 15.3  TR-15;115;80;15.3;T;;100;70.58;48.02;5901765007240;;;;;0;2.290;0;;0;0;0;0;
DER007;KADR15311580TR150;Kabat;DÊTKA 11.5/80 - 15.3  TR-15;115;80;15.3;T;;33;70.58;48.02;5901765007240;;;;;0;2.290;0;;0;0;0;0;
DER007;KADR15311580TR150;Kabat;DÊTKA 11.5/80 - 15.3  TR-15;115;80;15.3;T;;21;70.58;48.02;5901765007240;;;;;0;2.290;0;;0;0;0;0;
DER007;KADR15311580TR150;Kabat;DÊTKA 11.5/80 - 15.3  TR-15;115;80;15.3;T;;21;70.58;48.02;5901765007240;;;;;0;2.290;0;;0;0;0;0;
DER007;KADR15311580TR150;Kabat;DÊTKA 11.5/80 - 15.3  TR-15;115;80;15.3;T;;30;70.58;48.02;5901765007240;;;;;0;2.290;0;;0;0;0;0;
DER007;KADR15311580TR150;Kabat;DÊTKA 11.5/80 - 15.3  TR-15;115;80;15.3;T;;0;70.58;48.02;5901765007240;;;;;0;2.290;0;;0;0;0;0;
DER007;KADR15311580TR150;Kabat;DÊTKA 11.5/80 - 15.3  TR-15;115;80;15.3;T;;12;70.58;48.02;5901765007240;;;;;0;2.290;0;;0;0;0;0;
DER007;KADR15311580TR150;Kabat;DÊTKA 11.5/80 - 15.3  TR-15;115;80;15.3;T;;21;70.58;48.02;5901765007240;;;;;0;2.290;0;;0;0;0;0;
DER007;KADR15311580TR150;Kabat;DÊTKA 11.5/80 - 15.3  TR-15;115;80;15.3;T;;22;70.58;48.02;5901765007240;;;;;0;2.290;0;;0;0;0;0;
DER007;KADR15311580TR150;Kabat;DÊTKA 11.5/80 - 15.3  TR-15;115;80;15.3;T;;100;70.58;48.02;5901765007240;;;;;0;2.290;0;;0;0;0;0;
DER211;KADR15311580TR218;Kabat;DÊTKA 11.5/80 - 15.3  TR-218A;115;80;15.3;T;;30;112.22;69.65;5901765008780;;;;;0;2.290;0;;0;0;0;0;
DER211;KADR15311580TR218;Kabat;DÊTKA 11.5/80 - 15.3  TR-218A;115;80;15.3;T;;1;112.22;69.65;5901765008780;;;;;0;2.290;0;;0;0;0;0;
DER211;KADR15311580TR218;Kabat;DÊTKA 11.5/80 - 15.3  TR-218A;115;80;15.3;T;;4;112.22;69.65;5901765008780;;;;;0;2.290;0;;0;0;0;0;
DER211;KADR15311580TR218;Kabat;DÊTKA 11.5/80 - 15.3  TR-218A;115;80;15.3;T;;4;112.22;69.65;5901765008780;;;;;0;2.290;0;;0;0;0;0;
DER211;KADR15311580TR218;Kabat;DÊTKA 11.5/80 - 15.3  TR-218A;115;80;15.3;T;;8;112.22;69.65;5901765008780;;;;;0;2.290;0;;0;0;0;0;
DER211;KADR15311580TR218;Kabat;DÊTKA 11.5/80 - 15.3  TR-218A;115;80;15.3;T;;38;112.22;69.65;5901765008780;;;;;0;2.290;0;;0;0;0;0;
DER211;KADR15311580TR218;Kabat;DÊTKA 11.5/80 - 15.3  TR-218A;115;80;15.3;T;;1;112.22;69.65;5901765008780;;;;;0;2.290;0;;0;0;0;0;
DER211;KADR15311580TR218;Kabat;DÊTKA 11.5/80 - 15.3  TR-218A;115;80;15.3;T;;1;112.22;69.65;5901765008780;;;;;0;2.290;0;;0;0;0;0;
DER211;KADR15311580TR218;Kabat;DÊTKA 11.5/80 - 15.3  TR-218A;115;80;15.3;T;;55;112.22;69.65;5901765008780;;;;;0;2.290;0;;0;0;0;0;
DER211;KADR15311580TR218;Kabat;DÊTKA 11.5/80 - 15.3  TR-218A;115;80;15.3;T;;3;112.22;69.65;5901765008780;;;;;0;2.290;0;;0;0;0;0;
DER211;KADR15311580TR218;Kabat;DÊTKA 11.5/80 - 15.3  TR-218A;115;80;15.3;T;;3;112.22;69.65;5901765008780;;;;;0;2.290;0;;0;0;0;0;
DER622;KADR1531158PTR150;Kabat;DÊTKA 11.5/80 - 15.3  HD  [premium]  TR-15;115;;15.3;T;premium;10;88.73;66.54;5901765022304;;;;;0;2.290;0;;0;0;0;0;
DER622;KADR1531158PTR150;Kabat;DÊTKA 11.5/80 - 15.3  HD  [premium]  TR-15;115;;15.3;T;premium;14;88.73;66.54;5901765022304;;;;;0;2.290;0;;0;0;0;0;
DER622;KADR1531158PTR150;Kabat;DÊTKA 11.5/80 - 15.3  HD  [premium]  TR-15;115;;15.3;T;premium;4;88.73;66.54;5901765022304;;;;;0;2.290;0;;0;0;0;0;
DER622;KADR1531158PTR150;Kabat;DÊTKA 11.5/80 - 15.3  HD  [premium]  TR-15;115;;15.3;T;premium;2;88.73;66.54;5901765022304;;;;;0;2.290;0;;0;0;0;0;
DER622;KADR1531158PTR150;Kabat;DÊTKA 11.5/80 - 15.3  HD  [premium]  TR-15;115;;15.3;T;premium;100;88.73;66.54;5901765022304;;;;;0;2.290;0;;0;0;0;0;
DER622;KADR1531158PTR150;Kabat;DÊTKA 11.5/80 - 15.3  HD  [premium]  TR-15;115;;15.3;T;premium;4;88.73;66.54;5901765022304;;;;;0;2.290;0;;0;0;0;0;
DER622;KADR1531158PTR150;Kabat;DÊTKA 11.5/80 - 15.3  HD  [premium]  TR-15;115;;15.3;T;premium;1;88.73;66.54;5901765022304;;;;;0;2.290;0;;0;0;0;0;
DER622;KADR1531158PTR150;Kabat;DÊTKA 11.5/80 - 15.3  HD  [premium]  TR-15;115;;15.3;T;premium;8;88.73;66.54;5901765022304;;;;;0;2.290;0;;0;0;0;0;
DER622;KADR1531158PTR150;Kabat;DÊTKA 11.5/80 - 15.3  HD  [premium]  TR-15;115;;15.3;T;premium;25;88.73;66.54;5901765022304;;;;;0;2.290;0;;0;0;0;0;
DER622;KADR1531158PTR150;Kabat;DÊTKA 11.5/80 - 15.3  HD  [premium]  TR-15;115;;15.3;T;premium;100;88.73;66.54;5901765022304;;;;;0;2.290;0;;0;0;0;0;
DER622;KADR1531158PTR150;Kabat;DÊTKA 11.5/80 - 15.3  HD  [premium]  TR-15;115;;15.3;T;premium;70;88.73;66.54;5901765022304;;;;;0;2.290;0;;0;0;0;0;
DER622;KADR1531158PTR150;Kabat;DÊTKA 11.5/80 - 15.3  HD  [premium]  TR-15;115;;15.3;T;premium;11;88.73;66.54;5901765022304;;;;;0;2.290;0;;0;0;0;0;
DER622;KADR1531158PTR150;Kabat;DÊTKA 11.5/80 - 15.3  HD  [premium]  TR-15;115;;15.3;T;premium;5;88.73;66.54;5901765022304;;;;;0;2.290;0;;0;0;0;0;
DER622;KADR1531158PTR150;Kabat;DÊTKA 11.5/80 - 15.3  HD  [premium]  TR-15;115;;15.3;T;premium;8;88.73;66.54;5901765022304;;;;;0;2.290;0;;0;0;0;0;
DER622;KADR1531158PTR150;Kabat;DÊTKA 11.5/80 - 15.3  HD  [premium]  TR-15;115;;15.3;T;premium;6;88.73;66.54;5901765022304;;;;;0;2.290;0;;0;0;0;0;
DER622;KADR1531158PTR150;Kabat;DÊTKA 11.5/80 - 15.3  HD  [premium]  TR-15;115;;15.3;T;premium;2;88.73;66.54;5901765022304;;;;;0;2.290;0;;0;0;0;0;
DER009;KADR153125800TR15;Kabat;DÊTKA 12.5/80 - 15.3  TR-15;125;80;15.3;0;;5;126.05;77.42;5901765007264;;;;;0;2.560;0;;0;0;0;0;
DER009;KADR153125800TR15;Kabat;DÊTKA 12.5/80 - 15.3  TR-15;125;80;15.3;0;;2;126.05;77.42;5901765007264;;;;;0;2.560;0;;0;0;0;0;
DER009;KADR153125800TR15;Kabat;DÊTKA 12.5/80 - 15.3  TR-15;125;80;15.3;0;;22;126.05;77.42;5901765007264;;;;;0;2.560;0;;0;0;0;0;
DER009;KADR153125800TR15;Kabat;DÊTKA 12.5/80 - 15.3  TR-15;125;80;15.3;0;;3;126.05;77.42;5901765007264;;;;;0;2.560;0;;0;0;0;0;
DER009;KADR153125800TR15;Kabat;DÊTKA 12.5/80 - 15.3  TR-15;125;80;15.3;0;;7;126.05;77.42;5901765007264;;;;;0;2.560;0;;0;0;0;0;
DER009;KADR153125800TR15;Kabat;DÊTKA 12.5/80 - 15.3  TR-15;125;80;15.3;0;;43;126.05;77.42;5901765007264;;;;;0;2.560;0;;0;0;0;0;
DER009;KADR153125800TR15;Kabat;DÊTKA 12.5/80 - 15.3  TR-15;125;80;15.3;0;;4;126.05;77.42;5901765007264;;;;;0;2.560;0;;0;0;0;0;
DER009;KADR153125800TR15;Kabat;DÊTKA 12.5/80 - 15.3  TR-15;125;80;15.3;0;;6;126.05;77.42;5901765007264;;;;;0;2.560;0;;0;0;0;0;
DER009;KADR153125800TR15;Kabat;DÊTKA 12.5/80 - 15.3  TR-15;125;80;15.3;0;;6;126.05;77.42;5901765007264;;;;;0;2.560;0;;0;0;0;0;
DER009;KADR153125800TR15;Kabat;DÊTKA 12.5/80 - 15.3  TR-15;125;80;15.3;0;;10;126.05;77.42;5901765007264;;;;;0;2.560;0;;0;0;0;0;
DER009;KADR153125800TR15;Kabat;DÊTKA 12.5/80 - 15.3  TR-15;125;80;15.3;0;;0;126.05;77.42;5901765007264;;;;;0;2.560;0;;0;0;0;0;
DER626;KADR155400600PTR1;Kabat;DÊTKA 400/60 - 15.5  HD  [premium]  TR-15;400;60;15.5;0;premium;6;209.93;128.87;5901765022342;;;;;0;2.560;0;;0;0;0;0;
DER626;KADR155400600PTR1;Kabat;DÊTKA 400/60 - 15.5  HD  [premium]  TR-15;400;60;15.5;0;premium;1;209.93;128.87;5901765022342;;;;;0;2.560;0;;0;0;0;0;
DER626;KADR155400600PTR1;Kabat;DÊTKA 400/60 - 15.5  HD  [premium]  TR-15;400;60;15.5;0;premium;4;209.93;128.87;5901765022342;;;;;0;2.560;0;;0;0;0;0;
DER626;KADR155400600PTR1;Kabat;DÊTKA 400/60 - 15.5  HD  [premium]  TR-15;400;60;15.5;0;premium;1;209.93;128.87;5901765022342;;;;;0;2.560;0;;0;0;0;0;
DER626;KADR155400600PTR1;Kabat;DÊTKA 400/60 - 15.5  HD  [premium]  TR-15;400;60;15.5;0;premium;72;209.93;128.87;5901765022342;;;;;0;2.560;0;;0;0;0;0;
DER626;KADR155400600PTR1;Kabat;DÊTKA 400/60 - 15.5  HD  [premium]  TR-15;400;60;15.5;0;premium;7;209.93;128.87;5901765022342;;;;;0;2.560;0;;0;0;0;0;
DER626;KADR155400600PTR1;Kabat;DÊTKA 400/60 - 15.5  HD  [premium]  TR-15;400;60;15.5;0;premium;3;209.93;128.87;5901765022342;;;;;0;2.560;0;;0;0;0;0;
DER626;KADR155400600PTR1;Kabat;DÊTKA 400/60 - 15.5  HD  [premium]  TR-15;400;60;15.5;0;premium;36;209.93;128.87;5901765022342;;;;;0;2.560;0;;0;0;0;0;
DER626;KADR155400600PTR1;Kabat;DÊTKA 400/60 - 15.5  HD  [premium]  TR-15;400;60;15.5;0;premium;3;209.93;128.87;5901765022342;;;;;0;2.560;0;;0;0;0;0;
DER626;KADR155400600PTR1;Kabat;DÊTKA 400/60 - 15.5  HD  [premium]  TR-15;400;60;15.5;0;premium;5;209.93;128.87;5901765022342;;;;;0;2.560;0;;0;0;0;0;
DER626;KADR155400600PTR1;Kabat;DÊTKA 400/60 - 15.5  HD  [premium]  TR-15;400;60;15.5;0;premium;48;209.93;128.87;5901765022342;;;;;0;2.560;0;;0;0;0;0;
DER626;KADR155400600PTR1;Kabat;DÊTKA 400/60 - 15.5  HD  [premium]  TR-15;400;60;15.5;0;premium;5;209.93;128.87;5901765022342;;;;;0;2.560;0;;0;0;0;0;
DER626;KADR155400600PTR1;Kabat;DÊTKA 400/60 - 15.5  HD  [premium]  TR-15;400;60;15.5;0;premium;1;209.93;128.87;5901765022342;;;;;0;2.560;0;;0;0;0;0;
DER010;KADR1554006065TR1;Kabat;DÊTKA 400/60/65 - 15.5  TR-15;400;60;15.5;A6;;4;161.49;100.23;5901765007271;;;;;0;2.560;0;;0;0;0;0;
DER010;KADR1554006065TR1;Kabat;DÊTKA 400/60/65 - 15.5  TR-15;400;60;15.5;A6;;8;161.49;100.23;5901765007271;;;;;0;2.560;0;;0;0;0;0;
DER010;KADR1554006065TR1;Kabat;DÊTKA 400/60/65 - 15.5  TR-15;400;60;15.5;A6;;100;161.49;100.23;5901765007271;;;;;0;2.560;0;;0;0;0;0;
DER010;KADR1554006065TR1;Kabat;DÊTKA 400/60/65 - 15.5  TR-15;400;60;15.5;A6;;12;161.49;100.23;5901765007271;;;;;0;2.560;0;;0;0;0;0;
DER010;KADR1554006065TR1;Kabat;DÊTKA 400/60/65 - 15.5  TR-15;400;60;15.5;A6;;6;161.49;100.23;5901765007271;;;;;0;2.560;0;;0;0;0;0;
DER010;KADR1554006065TR1;Kabat;DÊTKA 400/60/65 - 15.5  TR-15;400;60;15.5;A6;;100;161.49;100.23;5901765007271;;;;;0;2.560;0;;0;0;0;0;
DER010;KADR1554006065TR1;Kabat;DÊTKA 400/60/65 - 15.5  TR-15;400;60;15.5;A6;;5;161.49;100.23;5901765007271;;;;;0;2.560;0;;0;0;0;0;
DER010;KADR1554006065TR1;Kabat;DÊTKA 400/60/65 - 15.5  TR-15;400;60;15.5;A6;;10;161.49;100.23;5901765007271;;;;;0;2.560;0;;0;0;0;0;
DER010;KADR1554006065TR1;Kabat;DÊTKA 400/60/65 - 15.5  TR-15;400;60;15.5;A6;;10;161.49;100.23;5901765007271;;;;;0;2.560;0;;0;0;0;0;
DER010;KADR1554006065TR1;Kabat;DÊTKA 400/60/65 - 15.5  TR-15;400;60;15.5;A6;;7;161.49;100.23;5901765007271;;;;;0;2.560;0;;0;0;0;0;
DER010;KADR1554006065TR1;Kabat;DÊTKA 400/60/65 - 15.5  TR-15;400;60;15.5;A6;;100;161.49;100.23;5901765007271;;;;;0;2.560;0;;0;0;0;0;
DER010;KADR1554006065TR1;Kabat;DÊTKA 400/60/65 - 15.5  TR-15;400;60;15.5;A6;;10;161.49;100.23;5901765007271;;;;;0;2.560;0;;0;0;0;0;
DER010;KADR1554006065TR1;Kabat;DÊTKA 400/60/65 - 15.5  TR-15;400;60;15.5;A6;;22;161.49;100.23;5901765007271;;;;;0;2.560;0;;0;0;0;0;
DER010;KADR1554006065TR1;Kabat;DÊTKA 400/60/65 - 15.5  TR-15;400;60;15.5;A6;;9;161.49;100.23;5901765007271;;;;;0;2.560;0;;0;0;0;0;
DER010;KADR1554006065TR1;Kabat;DÊTKA 400/60/65 - 15.5  TR-15;400;60;15.5;A6;;5;161.49;100.23;5901765007271;;;;;0;2.560;0;;0;0;0;0;
DER010;KADR1554006065TR1;Kabat;DÊTKA 400/60/65 - 15.5  TR-15;400;60;15.5;A6;;0;161.49;100.23;5901765007271;;;;;0;2.560;0;;0;0;0;0;
DER200;KADR1554006065TR2;Kabat;DÊTKA 400/60-65 - 15.5  TR-218A;400;60;15.5;A6;;14;169.14;104.96;5901765008742;;;;;0;2.560;0;;0;0;0;0;
DER200;KADR1554006065TR2;Kabat;DÊTKA 400/60-65 - 15.5  TR-218A;400;60;15.5;A6;;10;169.14;104.96;5901765008742;;;;;0;2.560;0;;0;0;0;0;
DER200;KADR1554006065TR2;Kabat;DÊTKA 400/60-65 - 15.5  TR-218A;400;60;15.5;A6;;100;169.14;104.96;5901765008742;;;;;0;2.560;0;;0;0;0;0;
DER200;KADR1554006065TR2;Kabat;DÊTKA 400/60-65 - 15.5  TR-218A;400;60;15.5;A6;;90;169.14;104.96;5901765008742;;;;;0;2.560;0;;0;0;0;0;
DER200;KADR1554006065TR2;Kabat;DÊTKA 400/60-65 - 15.5  TR-218A;400;60;15.5;A6;;3;169.14;104.96;5901765008742;;;;;0;2.560;0;;0;0;0;0;
DER200;KADR1554006065TR2;Kabat;DÊTKA 400/60-65 - 15.5  TR-218A;400;60;15.5;A6;;11;169.14;104.96;5901765008742;;;;;0;2.560;0;;0;0;0;0;
DER200;KADR1554006065TR2;Kabat;DÊTKA 400/60-65 - 15.5  TR-218A;400;60;15.5;A6;;77;169.14;104.96;5901765008742;;;;;0;2.560;0;;0;0;0;0;
DER200;KADR1554006065TR2;Kabat;DÊTKA 400/60-65 - 15.5  TR-218A;400;60;15.5;A6;;7;169.14;104.96;5901765008742;;;;;0;2.560;0;;0;0;0;0;
DER200;KADR1554006065TR2;Kabat;DÊTKA 400/60-65 - 15.5  TR-218A;400;60;15.5;A6;;8;169.14;104.96;5901765008742;;;;;0;2.560;0;;0;0;0;0;
DER200;KADR1554006065TR2;Kabat;DÊTKA 400/60-65 - 15.5  TR-218A;400;60;15.5;A6;;3;169.14;104.96;5901765008742;;;;;0;2.560;0;;0;0;0;0;
DER200;KADR1554006065TR2;Kabat;DÊTKA 400/60-65 - 15.5  TR-218A;400;60;15.5;A6;;3;169.14;104.96;5901765008742;;;;;0;2.560;0;;0;0;0;0;
DER200;KADR1554006065TR2;Kabat;DÊTKA 400/60-65 - 15.5  TR-218A;400;60;15.5;A6;;2;169.14;104.96;5901765008742;;;;;0;2.560;0;;0;0;0;0;
DER200;KADR1554006065TR2;Kabat;DÊTKA 400/60-65 - 15.5  TR-218A;400;60;15.5;A6;;6;169.14;104.96;5901765008742;;;;;0;2.560;0;;0;0;0;0;
DER200;KADR1554006065TR2;Kabat;DÊTKA 400/60-65 - 15.5  TR-218A;400;60;15.5;A6;;5;169.14;104.96;5901765008742;;;;;0;2.560;0;;0;0;0;0;
DER182;KADR155500556TR15;Kabat;DÊTKA 500/55/60-15.5  TR-15;500;55;15.5;A6;;0;163.73;107.59;5901765008698;;;;;0;2.560;0;;0;0;0;0;
DER122;KADR160100000TR15;Kabat;DÊTKA 10.00 - 16  TR-15;100;82;16;0;;25;93.52;57.41;5901765008186;;;;;0;2.210;0;;0;0;0;0;
DER122;KADR160100000TR15;Kabat;DÊTKA 10.00 - 16  TR-15;100;82;16;0;;4;93.52;57.41;5901765008186;;;;;0;2.210;0;;0;0;0;0;
DER122;KADR160100000TR15;Kabat;DÊTKA 10.00 - 16  TR-15;100;82;16;0;;0;93.52;57.41;5901765008186;;;;;0;2.210;0;;0;0;0;0;
DER122;KADR160100000TR15;Kabat;DÊTKA 10.00 - 16  TR-15;100;82;16;0;;2;93.52;57.41;5901765008186;;;;;0;2.210;0;;0;0;0;0;
DER122;KADR160100000TR15;Kabat;DÊTKA 10.00 - 16  TR-15;100;82;16;0;;21;93.52;57.41;5901765008186;;;;;0;2.210;0;;0;0;0;0;
DER122;KADR160100000TR15;Kabat;DÊTKA 10.00 - 16  TR-15;100;82;16;0;;0;93.52;57.41;5901765008186;;;;;0;2.210;0;;0;0;0;0;
DER122;KADR160100000TR15;Kabat;DÊTKA 10.00 - 16  TR-15;100;82;16;0;;17;93.52;57.41;5901765008186;;;;;0;2.210;0;;0;0;0;0;
DER122;KADR160100000TR15;Kabat;DÊTKA 10.00 - 16  TR-15;100;82;16;0;;2;93.52;57.41;5901765008186;;;;;0;2.210;0;;0;0;0;0;
DEC019;KADR1601050000000;Kabat;DÊTKA 10.5 - 16.5  V3.06.8;;82;16;0;;4;133.86;82.17;5901765000173;;;;;0;1.820;0;;0;0;0;0;
DEC019;KADR1601050000000;Kabat;DÊTKA 10.5 - 16.5  V3.06.8;;82;16;0;;19;133.86;82.17;5901765000173;;;;;0;1.820;0;;0;0;0;0;
DEC019;KADR1601050000000;Kabat;DÊTKA 10.5 - 16.5  V3.06.8;;82;16;0;;10;133.86;82.17;5901765000173;;;;;0;1.820;0;;0;0;0;0;
DEC019;KADR1601050000000;Kabat;DÊTKA 10.5 - 16.5  V3.06.8;;82;16;0;;5;133.86;82.17;5901765000173;;;;;0;1.820;0;;0;0;0;0;
DEC019;KADR1601050000000;Kabat;DÊTKA 10.5 - 16.5  V3.06.8;;82;16;0;;10;133.86;82.17;5901765000173;;;;;0;1.820;0;;0;0;0;0;
DEC093;KADR1601050000100;Kabat;DÊTKA 10.5 - 16  V3.02.8;;82;16;0;;3;128.72;81.34;;;;;;0;2.000;0;;0;0;0;0;
DEC093;KADR1601050000100;Kabat;DÊTKA 10.5 - 16  V3.02.8;;82;16;0;;3;128.72;81.34;;;;;;0;2.000;0;;0;0;0;0;
DEC093;KADR1601050000100;Kabat;DÊTKA 10.5 - 16  V3.02.8;;82;16;0;;14;128.72;81.34;;;;;;0;2.000;0;;0;0;0;0;
DEC093;KADR1601050000100;Kabat;DÊTKA 10.5 - 16  V3.02.8;;82;16;0;;17;128.72;81.34;;;;;;0;2.000;0;;0;0;0;0;
DEC093;KADR1601050000100;Kabat;DÊTKA 10.5 - 16  V3.02.8;;82;16;0;;9;128.72;81.34;;;;;;0;2.000;0;;0;0;0;0;
DEC093;KADR1601050000100;Kabat;DÊTKA 10.5 - 16  V3.02.8;;82;16;0;;30;128.72;81.34;;;;;;0;2.000;0;;0;0;0;0;
DEC093;KADR1601050000100;Kabat;DÊTKA 10.5 - 16  V3.02.8;;82;16;0;;1;128.72;81.34;;;;;;0;2.000;0;;0;0;0;0;
DER045;KADR160105650TR15;Kabat;DÊTKA 10.5/65 - 16  TR-15;;65;16;0;;10;114.79;71.44;;;;;;0;1.660;0;;0;0;0;0;
DER045;KADR160105650TR15;Kabat;DÊTKA 10.5/65 - 16  TR-15;;65;16;0;;16;114.79;71.44;;;;;;0;1.660;0;;0;0;0;0;
DER045;KADR160105650TR15;Kabat;DÊTKA 10.5/65 - 16  TR-15;;65;16;0;;6;114.79;71.44;;;;;;0;1.660;0;;0;0;0;0;
DER045;KADR160105650TR15;Kabat;DÊTKA 10.5/65 - 16  TR-15;;65;16;0;;4;114.79;71.44;;;;;;0;1.660;0;;0;0;0;0;
DER045;KADR160105650TR15;Kabat;DÊTKA 10.5/65 - 16  TR-15;;65;16;0;;20;114.79;71.44;;;;;;0;1.660;0;;0;0;0;0;
DER144;KADR16011000TR150;Kabat;DÊTKA 11.00  - 16  TR-15;110;82;16;T;;0;120.14;78.95;5901765008353;;;;;0;2.670;0;;0;0;0;0;
DER145;KADR16011000TR218;Kabat;DÊTKA 11.00 - 16  TR-218A;110;82;16;T;;11;129.19;80.16;5901765008360;;;;;0;2.670;0;;0;0;0;0;
DER145;KADR16011000TR218;Kabat;DÊTKA 11.00 - 16  TR-218A;110;82;16;T;;1;129.19;80.16;5901765008360;;;;;0;2.670;0;;0;0;0;0;
DER145;KADR16011000TR218;Kabat;DÊTKA 11.00 - 16  TR-218A;110;82;16;T;;12;129.19;80.16;5901765008360;;;;;0;2.670;0;;0;0;0;0;
DER145;KADR16011000TR218;Kabat;DÊTKA 11.00 - 16  TR-218A;110;82;16;T;;4;129.19;80.16;5901765008360;;;;;0;2.670;0;;0;0;0;0;
DER145;KADR16011000TR218;Kabat;DÊTKA 11.00 - 16  TR-218A;110;82;16;T;;1;129.19;80.16;5901765008360;;;;;0;2.670;0;;0;0;0;0;
DER145;KADR16011000TR218;Kabat;DÊTKA 11.00 - 16  TR-218A;110;82;16;T;;18;129.19;80.16;5901765008360;;;;;0;2.670;0;;0;0;0;0;
DER145;KADR16011000TR218;Kabat;DÊTKA 11.00 - 16  TR-218A;110;82;16;T;;1;129.19;80.16;5901765008360;;;;;0;2.670;0;;0;0;0;0;
DER124;KADR16013065TR150;Kabat;DÊTKA 13.0/65/75  - 16 TR-15;130;65;16;T;;2;150.14;92.16;5901765008209;;;;;0;2.240;0;;0;0;0;0;
DER124;KADR16013065TR150;Kabat;DÊTKA 13.0/65/75  - 16 TR-15;130;65;16;T;;23;150.14;92.16;5901765008209;;;;;0;2.240;0;;0;0;0;0;
DER124;KADR16013065TR150;Kabat;DÊTKA 13.0/65/75  - 16 TR-15;130;65;16;T;;2;150.14;92.16;5901765008209;;;;;0;2.240;0;;0;0;0;0;
DER124;KADR16013065TR150;Kabat;DÊTKA 13.0/65/75  - 16 TR-15;130;65;16;T;;8;150.14;92.16;5901765008209;;;;;0;2.240;0;;0;0;0;0;
DER124;KADR16013065TR150;Kabat;DÊTKA 13.0/65/75  - 16 TR-15;130;65;16;T;;3;150.14;92.16;5901765008209;;;;;0;2.240;0;;0;0;0;0;
DER124;KADR16013065TR150;Kabat;DÊTKA 13.0/65/75  - 16 TR-15;130;65;16;T;;18;150.14;92.16;5901765008209;;;;;0;2.240;0;;0;0;0;0;
DER124;KADR16013065TR150;Kabat;DÊTKA 13.0/65/75  - 16 TR-15;130;65;16;T;;8;150.14;92.16;5901765008209;;;;;0;2.240;0;;0;0;0;0;
DER008;KADR160140650000T;Kabat;DÊTKA 14.0/65 - 16  TR-15;140;65;16;0;;42;129.19;79.3;5901765007257;;;;;0;2.560;0;;0;0;0;0;
DER008;KADR160140650000T;Kabat;DÊTKA 14.0/65 - 16  TR-15;140;65;16;0;;20;129.19;79.3;5901765007257;;;;;0;2.560;0;;0;0;0;0;
DER008;KADR160140650000T;Kabat;DÊTKA 14.0/65 - 16  TR-15;140;65;16;0;;12;129.19;79.3;5901765007257;;;;;0;2.560;0;;0;0;0;0;
DER008;KADR160140650000T;Kabat;DÊTKA 14.0/65 - 16  TR-15;140;65;16;0;;7;129.19;79.3;5901765007257;;;;;0;2.560;0;;0;0;0;0;
DER008;KADR160140650000T;Kabat;DÊTKA 14.0/65 - 16  TR-15;140;65;16;0;;5;129.19;79.3;5901765007257;;;;;0;2.560;0;;0;0;0;0;
DER008;KADR160140650000T;Kabat;DÊTKA 14.0/65 - 16  TR-15;140;65;16;0;;76;129.19;79.3;5901765007257;;;;;0;2.560;0;;0;0;0;0;
DER008;KADR160140650000T;Kabat;DÊTKA 14.0/65 - 16  TR-15;140;65;16;0;;7;129.19;79.3;5901765007257;;;;;0;2.560;0;;0;0;0;0;
DER008;KADR160140650000T;Kabat;DÊTKA 14.0/65 - 16  TR-15;140;65;16;0;;3;129.19;79.3;5901765007257;;;;;0;2.560;0;;0;0;0;0;
DER008;KADR160140650000T;Kabat;DÊTKA 14.0/65 - 16  TR-15;140;65;16;0;;5;129.19;79.3;5901765007257;;;;;0;2.560;0;;0;0;0;0;
DER008;KADR160140650000T;Kabat;DÊTKA 14.0/65 - 16  TR-15;140;65;16;0;;2;129.19;79.3;5901765007257;;;;;0;2.560;0;;0;0;0;0;
DER008;KADR160140650000T;Kabat;DÊTKA 14.0/65 - 16  TR-15;140;65;16;0;;9;129.19;79.3;5901765007257;;;;;0;2.560;0;;0;0;0;0;
DER008;KADR160140650000T;Kabat;DÊTKA 14.0/65 - 16  TR-15;140;65;16;0;;6;129.19;79.3;5901765007257;;;;;0;2.560;0;;0;0;0;0;
DER001;KADR160600000TR15;Kabat;DÊTKA 6.00 - 16  TR-15;600;82;16;0;;71;36.3;23.81;5901765007189;;;;;0;0.980;0;;0;0;0;0;
DER001;KADR160600000TR15;Kabat;DÊTKA 6.00 - 16  TR-15;600;82;16;0;;9;36.3;23.81;5901765007189;;;;;0;0.980;0;;0;0;0;0;
DER001;KADR160600000TR15;Kabat;DÊTKA 6.00 - 16  TR-15;600;82;16;0;;100;36.3;23.81;5901765007189;;;;;0;0.980;0;;0;0;0;0;
DER001;KADR160600000TR15;Kabat;DÊTKA 6.00 - 16  TR-15;600;82;16;0;;14;36.3;23.81;5901765007189;;;;;0;0.980;0;;0;0;0;0;
DER001;KADR160600000TR15;Kabat;DÊTKA 6.00 - 16  TR-15;600;82;16;0;;8;36.3;23.81;5901765007189;;;;;0;0.980;0;;0;0;0;0;
DER001;KADR160600000TR15;Kabat;DÊTKA 6.00 - 16  TR-15;600;82;16;0;;96;36.3;23.81;5901765007189;;;;;0;0.980;0;;0;0;0;0;
DER001;KADR160600000TR15;Kabat;DÊTKA 6.00 - 16  TR-15;600;82;16;0;;93;36.3;23.81;5901765007189;;;;;0;0.980;0;;0;0;0;0;
DER001;KADR160600000TR15;Kabat;DÊTKA 6.00 - 16  TR-15;600;82;16;0;;100;36.3;23.81;5901765007189;;;;;0;0.980;0;;0;0;0;0;
DER001;KADR160600000TR15;Kabat;DÊTKA 6.00 - 16  TR-15;600;82;16;0;;19;36.3;23.81;5901765007189;;;;;0;0.980;0;;0;0;0;0;
DER001;KADR160600000TR15;Kabat;DÊTKA 6.00 - 16  TR-15;600;82;16;0;;0;36.3;23.81;5901765007189;;;;;0;0.980;0;;0;0;0;0;
DER001;KADR160600000TR15;Kabat;DÊTKA 6.00 - 16  TR-15;600;82;16;0;;11;36.3;23.81;5901765007189;;;;;0;0.980;0;;0;0;0;0;
DER001;KADR160600000TR15;Kabat;DÊTKA 6.00 - 16  TR-15;600;82;16;0;;100;36.3;23.81;5901765007189;;;;;0;0.980;0;;0;0;0;0;
DER001;KADR160600000TR15;Kabat;DÊTKA 6.00 - 16  TR-15;600;82;16;0;;100;36.3;23.81;5901765007189;;;;;0;0.980;0;;0;0;0;0;
DER001;KADR160600000TR15;Kabat;DÊTKA 6.00 - 16  TR-15;600;82;16;0;;22;36.3;23.81;5901765007189;;;;;0;0.980;0;;0;0;0;0;
DER001;KADR160600000TR15;Kabat;DÊTKA 6.00 - 16  TR-15;600;82;16;0;;100;36.3;23.81;5901765007189;;;;;0;0.980;0;;0;0;0;0;
DER001;KADR160600000TR15;Kabat;DÊTKA 6.00 - 16  TR-15;600;82;16;0;;28;36.3;23.81;5901765007189;;;;;0;0.980;0;;0;0;0;0;
DER001;KADR160600000TR15;Kabat;DÊTKA 6.00 - 16  TR-15;600;82;16;0;;30;36.3;23.81;5901765007189;;;;;0;0.980;0;;0;0;0;0;
DER001;KADR160600000TR15;Kabat;DÊTKA 6.00 - 16  TR-15;600;82;16;0;;100;36.3;23.81;5901765007189;;;;;0;0.980;0;;0;0;0;0;
DER619;KADR16060000PTR15;Kabat;DÊTKA 6.00 - 16  HD  [premium]  TR-15;600;82;16;P;premium;2;45.38;34.3;5901765022274;;;;;0;0.980;0;;0;0;0;0;
DER619;KADR16060000PTR15;Kabat;DÊTKA 6.00 - 16  HD  [premium]  TR-15;600;82;16;P;premium;3;45.38;34.3;5901765022274;;;;;0;0.980;0;;0;0;0;0;
DER619;KADR16060000PTR15;Kabat;DÊTKA 6.00 - 16  HD  [premium]  TR-15;600;82;16;P;premium;15;45.38;34.3;5901765022274;;;;;0;0.980;0;;0;0;0;0;
DER619;KADR16060000PTR15;Kabat;DÊTKA 6.00 - 16  HD  [premium]  TR-15;600;82;16;P;premium;85;45.38;34.3;5901765022274;;;;;0;0.980;0;;0;0;0;0;
DER619;KADR16060000PTR15;Kabat;DÊTKA 6.00 - 16  HD  [premium]  TR-15;600;82;16;P;premium;12;45.38;34.3;5901765022274;;;;;0;0.980;0;;0;0;0;0;
DER619;KADR16060000PTR15;Kabat;DÊTKA 6.00 - 16  HD  [premium]  TR-15;600;82;16;P;premium;2;45.38;34.3;5901765022274;;;;;0;0.980;0;;0;0;0;0;
DER619;KADR16060000PTR15;Kabat;DÊTKA 6.00 - 16  HD  [premium]  TR-15;600;82;16;P;premium;8;45.38;34.3;5901765022274;;;;;0;0.980;0;;0;0;0;0;
DER619;KADR16060000PTR15;Kabat;DÊTKA 6.00 - 16  HD  [premium]  TR-15;600;82;16;P;premium;5;45.38;34.3;5901765022274;;;;;0;0.980;0;;0;0;0;0;
DER619;KADR16060000PTR15;Kabat;DÊTKA 6.00 - 16  HD  [premium]  TR-15;600;82;16;P;premium;100;45.38;34.3;5901765022274;;;;;0;0.980;0;;0;0;0;0;
DER619;KADR16060000PTR15;Kabat;DÊTKA 6.00 - 16  HD  [premium]  TR-15;600;82;16;P;premium;100;45.38;34.3;5901765022274;;;;;0;0.980;0;;0;0;0;0;
DER619;KADR16060000PTR15;Kabat;DÊTKA 6.00 - 16  HD  [premium]  TR-15;600;82;16;P;premium;8;45.38;34.3;5901765022274;;;;;0;0.980;0;;0;0;0;0;
DER619;KADR16060000PTR15;Kabat;DÊTKA 6.00 - 16  HD  [premium]  TR-15;600;82;16;P;premium;35;45.38;34.3;5901765022274;;;;;0;0.980;0;;0;0;0;0;
DER619;KADR16060000PTR15;Kabat;DÊTKA 6.00 - 16  HD  [premium]  TR-15;600;82;16;P;premium;0;45.38;34.3;5901765022274;;;;;0;0.980;0;;0;0;0;0;
DER619;KADR16060000PTR15;Kabat;DÊTKA 6.00 - 16  HD  [premium]  TR-15;600;82;16;P;premium;7;45.38;34.3;5901765022274;;;;;0;0.980;0;;0;0;0;0;
DER619;KADR16060000PTR15;Kabat;DÊTKA 6.00 - 16  HD  [premium]  TR-15;600;82;16;P;premium;2;45.38;34.3;5901765022274;;;;;0;0.980;0;;0;0;0;0;
DER167;KADR16075000TR130;Kabat;DÊTKA 7.00/7.50 - 16  TR-13;750;82;16;T;;11;71.6;44.43;5901765008544;;;;;0;1.560;0;;0;0;0;0;
DER167;KADR16075000TR130;Kabat;DÊTKA 7.00/7.50 - 16  TR-13;750;82;16;T;;8;71.6;44.43;5901765008544;;;;;0;1.560;0;;0;0;0;0;
DER167;KADR16075000TR130;Kabat;DÊTKA 7.00/7.50 - 16  TR-13;750;82;16;T;;0;71.6;44.43;5901765008544;;;;;0;1.560;0;;0;0;0;0;
DER167;KADR16075000TR130;Kabat;DÊTKA 7.00/7.50 - 16  TR-13;750;82;16;T;;18;71.6;44.43;5901765008544;;;;;0;1.560;0;;0;0;0;0;
DER167;KADR16075000TR130;Kabat;DÊTKA 7.00/7.50 - 16  TR-13;750;82;16;T;;34;71.6;44.43;5901765008544;;;;;0;1.560;0;;0;0;0;0;
DER167;KADR16075000TR130;Kabat;DÊTKA 7.00/7.50 - 16  TR-13;750;82;16;T;;3;71.6;44.43;5901765008544;;;;;0;1.560;0;;0;0;0;0;
DER167;KADR16075000TR130;Kabat;DÊTKA 7.00/7.50 - 16  TR-13;750;82;16;T;;18;71.6;44.43;5901765008544;;;;;0;1.560;0;;0;0;0;0;
DER167;KADR16075000TR130;Kabat;DÊTKA 7.00/7.50 - 16  TR-13;750;82;16;T;;10;71.6;44.43;5901765008544;;;;;0;1.560;0;;0;0;0;0;
DER167;KADR16075000TR130;Kabat;DÊTKA 7.00/7.50 - 16  TR-13;750;82;16;T;;10;71.6;44.43;5901765008544;;;;;0;1.560;0;;0;0;0;0;
DER167;KADR16075000TR130;Kabat;DÊTKA 7.00/7.50 - 16  TR-13;750;82;16;T;;2;71.6;44.43;5901765008544;;;;;0;1.560;0;;0;0;0;0;
DER167;KADR16075000TR130;Kabat;DÊTKA 7.00/7.50 - 16  TR-13;750;82;16;T;;11;71.6;44.43;5901765008544;;;;;0;1.560;0;;0;0;0;0;
DER167;KADR16075000TR130;Kabat;DÊTKA 7.00/7.50 - 16  TR-13;750;82;16;T;;100;71.6;44.43;5901765008544;;;;;0;1.560;0;;0;0;0;0;
DER167;KADR16075000TR130;Kabat;DÊTKA 7.00/7.50 - 16  TR-13;750;82;16;T;;55;71.6;44.43;5901765008544;;;;;0;1.560;0;;0;0;0;0;
DER167;KADR16075000TR130;Kabat;DÊTKA 7.00/7.50 - 16  TR-13;750;82;16;T;;13;71.6;44.43;5901765008544;;;;;0;1.560;0;;0;0;0;0;
DER002;KADR16075000TR150;Kabat;DÊTKA 7.00/7.50 - 16  TR-15;750;82;16;T;;40;48.4;38.22;5901765007196;;;;;0;1.560;0;;0;0;0;0;
DER002;KADR16075000TR150;Kabat;DÊTKA 7.00/7.50 - 16  TR-15;750;82;16;T;;29;48.4;38.22;5901765007196;;;;;0;1.560;0;;0;0;0;0;
DER002;KADR16075000TR150;Kabat;DÊTKA 7.00/7.50 - 16  TR-15;750;82;16;T;;0;48.4;38.22;5901765007196;;;;;0;1.560;0;;0;0;0;0;
DER002;KADR16075000TR150;Kabat;DÊTKA 7.00/7.50 - 16  TR-15;750;82;16;T;;100;48.4;38.22;5901765007196;;;;;0;1.560;0;;0;0;0;0;
DER002;KADR16075000TR150;Kabat;DÊTKA 7.00/7.50 - 16  TR-15;750;82;16;T;;100;48.4;38.22;5901765007196;;;;;0;1.560;0;;0;0;0;0;
DER002;KADR16075000TR150;Kabat;DÊTKA 7.00/7.50 - 16  TR-15;750;82;16;T;;19;48.4;38.22;5901765007196;;;;;0;1.560;0;;0;0;0;0;
DER002;KADR16075000TR150;Kabat;DÊTKA 7.00/7.50 - 16  TR-15;750;82;16;T;;35;48.4;38.22;5901765007196;;;;;0;1.560;0;;0;0;0;0;
DER002;KADR16075000TR150;Kabat;DÊTKA 7.00/7.50 - 16  TR-15;750;82;16;T;;9;48.4;38.22;5901765007196;;;;;0;1.560;0;;0;0;0;0;
DER002;KADR16075000TR150;Kabat;DÊTKA 7.00/7.50 - 16  TR-15;750;82;16;T;;2;48.4;38.22;5901765007196;;;;;0;1.560;0;;0;0;0;0;
DER002;KADR16075000TR150;Kabat;DÊTKA 7.00/7.50 - 16  TR-15;750;82;16;T;;10;48.4;38.22;5901765007196;;;;;0;1.560;0;;0;0;0;0;
DER002;KADR16075000TR150;Kabat;DÊTKA 7.00/7.50 - 16  TR-15;750;82;16;T;;2;48.4;38.22;5901765007196;;;;;0;1.560;0;;0;0;0;0;
DER002;KADR16075000TR150;Kabat;DÊTKA 7.00/7.50 - 16  TR-15;750;82;16;T;;47;48.4;38.22;5901765007196;;;;;0;1.560;0;;0;0;0;0;
DER002;KADR16075000TR150;Kabat;DÊTKA 7.00/7.50 - 16  TR-15;750;82;16;T;;100;48.4;38.22;5901765007196;;;;;0;1.560;0;;0;0;0;0;
DER002;KADR16075000TR150;Kabat;DÊTKA 7.00/7.50 - 16  TR-15;750;82;16;T;;1;48.4;38.22;5901765007196;;;;;0;1.560;0;;0;0;0;0;
DER002;KADR16075000TR150;Kabat;DÊTKA 7.00/7.50 - 16  TR-15;750;82;16;T;;100;48.4;38.22;5901765007196;;;;;0;1.560;0;;0;0;0;0;
DER627;KADR1607500PTR150;Kabat;DÊTKA 7.00/7.50 - 16  HD  [premium]  TR-15;750;;16;T;premium;1;60.5;48.02;5901765022359;;;;;0;1.560;0;;0;0;0;0;
DER627;KADR1607500PTR150;Kabat;DÊTKA 7.00/7.50 - 16  HD  [premium]  TR-15;750;;16;T;premium;70;60.5;48.02;5901765022359;;;;;0;1.560;0;;0;0;0;0;
DER627;KADR1607500PTR150;Kabat;DÊTKA 7.00/7.50 - 16  HD  [premium]  TR-15;750;;16;T;premium;28;60.5;48.02;5901765022359;;;;;0;1.560;0;;0;0;0;0;
DER627;KADR1607500PTR150;Kabat;DÊTKA 7.00/7.50 - 16  HD  [premium]  TR-15;750;;16;T;premium;12;60.5;48.02;5901765022359;;;;;0;1.560;0;;0;0;0;0;
DER627;KADR1607500PTR150;Kabat;DÊTKA 7.00/7.50 - 16  HD  [premium]  TR-15;750;;16;T;premium;10;60.5;48.02;5901765022359;;;;;0;1.560;0;;0;0;0;0;
DER627;KADR1607500PTR150;Kabat;DÊTKA 7.00/7.50 - 16  HD  [premium]  TR-15;750;;16;T;premium;7;60.5;48.02;5901765022359;;;;;0;1.560;0;;0;0;0;0;
DER627;KADR1607500PTR150;Kabat;DÊTKA 7.00/7.50 - 16  HD  [premium]  TR-15;750;;16;T;premium;4;60.5;48.02;5901765022359;;;;;0;1.560;0;;0;0;0;0;
DER627;KADR1607500PTR150;Kabat;DÊTKA 7.00/7.50 - 16  HD  [premium]  TR-15;750;;16;T;premium;1;60.5;48.02;5901765022359;;;;;0;1.560;0;;0;0;0;0;
DER627;KADR1607500PTR150;Kabat;DÊTKA 7.00/7.50 - 16  HD  [premium]  TR-15;750;;16;T;premium;38;60.5;48.02;5901765022359;;;;;0;1.560;0;;0;0;0;0;
DER627;KADR1607500PTR150;Kabat;DÊTKA 7.00/7.50 - 16  HD  [premium]  TR-15;750;;16;T;premium;7;60.5;48.02;5901765022359;;;;;0;1.560;0;;0;0;0;0;
DER245;KADR165105000TR15;Kabat;DÊTKA 10 - 16.5  TR-15;;82;16.5;0;;6;85.01;52.76;5901765008926;;;;;0;1.360;0;;0;0;0;0;
DER245;KADR165105000TR15;Kabat;DÊTKA 10 - 16.5  TR-15;;82;16.5;0;;2;85.01;52.76;5901765008926;;;;;0;1.360;0;;0;0;0;0;
DER245;KADR165105000TR15;Kabat;DÊTKA 10 - 16.5  TR-15;;82;16.5;0;;2;85.01;52.76;5901765008926;;;;;0;1.360;0;;0;0;0;0;
DER245;KADR165105000TR15;Kabat;DÊTKA 10 - 16.5  TR-15;;82;16.5;0;;3;85.01;52.76;5901765008926;;;;;0;1.360;0;;0;0;0;0;
DER245;KADR165105000TR15;Kabat;DÊTKA 10 - 16.5  TR-15;;82;16.5;0;;4;85.01;52.76;5901765008926;;;;;0;1.360;0;;0;0;0;0;
DER245;KADR165105000TR15;Kabat;DÊTKA 10 - 16.5  TR-15;;82;16.5;0;;64;85.01;52.76;5901765008926;;;;;0;1.360;0;;0;0;0;0;
DER245;KADR165105000TR15;Kabat;DÊTKA 10 - 16.5  TR-15;;82;16.5;0;;4;85.01;52.76;5901765008926;;;;;0;1.360;0;;0;0;0;0;
DER245;KADR165105000TR15;Kabat;DÊTKA 10 - 16.5  TR-15;;82;16.5;0;;4;85.01;52.76;5901765008926;;;;;0;1.360;0;;0;0;0;0;
DER245;KADR165105000TR15;Kabat;DÊTKA 10 - 16.5  TR-15;;82;16.5;0;;32;85.01;52.76;5901765008926;;;;;0;1.360;0;;0;0;0;0;
DER245;KADR165105000TR15;Kabat;DÊTKA 10 - 16.5  TR-15;;82;16.5;0;;39;85.01;52.76;5901765008926;;;;;0;1.360;0;;0;0;0;0;
DER245;KADR165105000TR15;Kabat;DÊTKA 10 - 16.5  TR-15;;82;16.5;0;;0;85.01;52.76;5901765008926;;;;;0;1.360;0;;0;0;0;0;
DER245;KADR165105000TR15;Kabat;DÊTKA 10 - 16.5  TR-15;;82;16.5;0;;1;85.01;52.76;5901765008926;;;;;0;1.360;0;;0;0;0;0;
DER245;KADR165105000TR15;Kabat;DÊTKA 10 - 16.5  TR-15;;82;16.5;0;;6;85.01;52.76;5901765008926;;;;;0;1.360;0;;0;0;0;0;
DER248;KADR165120TR15000;Kabat;DÊTKA 12 - 16.5  TR-15;120;;16.5;A1;;6;150.6;93.47;5901765008957;;;;;0;2.290;0;;0;0;0;0;
DER248;KADR165120TR15000;Kabat;DÊTKA 12 - 16.5  TR-15;120;;16.5;A1;;52;150.6;93.47;5901765008957;;;;;0;2.290;0;;0;0;0;0;
DER248;KADR165120TR15000;Kabat;DÊTKA 12 - 16.5  TR-15;120;;16.5;A1;;13;150.6;93.47;5901765008957;;;;;0;2.290;0;;0;0;0;0;
DER248;KADR165120TR15000;Kabat;DÊTKA 12 - 16.5  TR-15;120;;16.5;A1;;8;150.6;93.47;5901765008957;;;;;0;2.290;0;;0;0;0;0;
DER248;KADR165120TR15000;Kabat;DÊTKA 12 - 16.5  TR-15;120;;16.5;A1;;14;150.6;93.47;5901765008957;;;;;0;2.290;0;;0;0;0;0;
DER248;KADR165120TR15000;Kabat;DÊTKA 12 - 16.5  TR-15;120;;16.5;A1;;14;150.6;93.47;5901765008957;;;;;0;2.290;0;;0;0;0;0;
DER248;KADR165120TR15000;Kabat;DÊTKA 12 - 16.5  TR-15;120;;16.5;A1;;1;150.6;93.47;5901765008957;;;;;0;2.290;0;;0;0;0;0;
DER248;KADR165120TR15000;Kabat;DÊTKA 12 - 16.5  TR-15;120;;16.5;A1;;10;150.6;93.47;5901765008957;;;;;0;2.290;0;;0;0;0;0;
DER087;KADR17015055TR150;Kabat;DÊTKA 15.0/55 - 17  TR-15;150;55;17;T;;9;183.23;113.7;5901765007912;;;;;0;3.860;0;;0;0;0;0;
DER087;KADR17015055TR150;Kabat;DÊTKA 15.0/55 - 17  TR-15;150;55;17;T;;1;183.23;113.7;5901765007912;;;;;0;3.860;0;;0;0;0;0;
DER087;KADR17015055TR150;Kabat;DÊTKA 15.0/55 - 17  TR-15;150;55;17;T;;3;183.23;113.7;5901765007912;;;;;0;3.860;0;;0;0;0;0;
DER087;KADR17015055TR150;Kabat;DÊTKA 15.0/55 - 17  TR-15;150;55;17;T;;3;183.23;113.7;5901765007912;;;;;0;3.860;0;;0;0;0;0;
DER087;KADR17015055TR150;Kabat;DÊTKA 15.0/55 - 17  TR-15;150;55;17;T;;5;183.23;113.7;5901765007912;;;;;0;3.860;0;;0;0;0;0;
DER087;KADR17015055TR150;Kabat;DÊTKA 15.0/55 - 17  TR-15;150;55;17;T;;10;183.23;113.7;5901765007912;;;;;0;3.860;0;;0;0;0;0;
DER087;KADR17015055TR150;Kabat;DÊTKA 15.0/55 - 17  TR-15;150;55;17;T;;4;183.23;113.7;5901765007912;;;;;0;3.860;0;;0;0;0;0;
DER087;KADR17015055TR150;Kabat;DÊTKA 15.0/55 - 17  TR-15;150;55;17;T;;5;183.23;113.7;5901765007912;;;;;0;3.860;0;;0;0;0;0;
DER087;KADR17015055TR150;Kabat;DÊTKA 15.0/55 - 17  TR-15;150;55;17;T;;5;183.23;113.7;5901765007912;;;;;0;3.860;0;;0;0;0;0;
DER087;KADR17015055TR150;Kabat;DÊTKA 15.0/55 - 17  TR-15;150;55;17;T;;4;183.23;113.7;5901765007912;;;;;0;3.860;0;;0;0;0;0;
DER087;KADR17015055TR150;Kabat;DÊTKA 15.0/55 - 17  TR-15;150;55;17;T;;100;183.23;113.7;5901765007912;;;;;0;3.860;0;;0;0;0;0;
DER087;KADR17015055TR150;Kabat;DÊTKA 15.0/55 - 17  TR-15;150;55;17;T;;4;183.23;113.7;5901765007912;;;;;0;3.860;0;;0;0;0;0;
DER087;KADR17015055TR150;Kabat;DÊTKA 15.0/55 - 17  TR-15;150;55;17;T;;3;183.23;113.7;5901765007912;;;;;0;3.860;0;;0;0;0;0;
DER087;KADR17015055TR150;Kabat;DÊTKA 15.0/55 - 17  TR-15;150;55;17;T;;36;183.23;113.7;5901765007912;;;;;0;3.860;0;;0;0;0;0;
DER087;KADR17015055TR150;Kabat;DÊTKA 15.0/55 - 17  TR-15;150;55;17;T;;5;183.23;113.7;5901765007912;;;;;0;3.860;0;;0;0;0;0;
DER087;KADR17015055TR150;Kabat;DÊTKA 15.0/55 - 17  TR-15;150;55;17;T;;54;183.23;113.7;5901765007912;;;;;0;3.860;0;;0;0;0;0;
DER087;KADR17015055TR150;Kabat;DÊTKA 15.0/55 - 17  TR-15;150;55;17;T;;6;183.23;113.7;5901765007912;;;;;0;3.860;0;;0;0;0;0;
DER292;KADR17015055TR218;Kabat;DÊTKA 15.0/55 - 17  TR-218A;150;55;17;T;;2;195.6;120.54;5901765009206;;;;;0;3.860;0;;0;0;0;0;
DER292;KADR17015055TR218;Kabat;DÊTKA 15.0/55 - 17  TR-218A;150;55;17;T;;2;195.6;120.54;5901765009206;;;;;0;3.860;0;;0;0;0;0;
DER292;KADR17015055TR218;Kabat;DÊTKA 15.0/55 - 17  TR-218A;150;55;17;T;;8;195.6;120.54;5901765009206;;;;;0;3.860;0;;0;0;0;0;
DER292;KADR17015055TR218;Kabat;DÊTKA 15.0/55 - 17  TR-218A;150;55;17;T;;4;195.6;120.54;5901765009206;;;;;0;3.860;0;;0;0;0;0;
DER292;KADR17015055TR218;Kabat;DÊTKA 15.0/55 - 17  TR-218A;150;55;17;T;;5;195.6;120.54;5901765009206;;;;;0;3.860;0;;0;0;0;0;
DER292;KADR17015055TR218;Kabat;DÊTKA 15.0/55 - 17  TR-218A;150;55;17;T;;5;195.6;120.54;5901765009206;;;;;0;3.860;0;;0;0;0;0;
DER292;KADR17015055TR218;Kabat;DÊTKA 15.0/55 - 17  TR-218A;150;55;17;T;;7;195.6;120.54;5901765009206;;;;;0;3.860;0;;0;0;0;0;
DER292;KADR17015055TR218;Kabat;DÊTKA 15.0/55 - 17  TR-218A;150;55;17;T;;23;195.6;120.54;5901765009206;;;;;0;3.860;0;;0;0;0;0;
DER292;KADR17015055TR218;Kabat;DÊTKA 15.0/55 - 17  TR-218A;150;55;17;T;;5;195.6;120.54;5901765009206;;;;;0;3.860;0;;0;0;0;0;
DER292;KADR17015055TR218;Kabat;DÊTKA 15.0/55 - 17  TR-218A;150;55;17;T;;46;195.6;120.54;5901765009206;;;;;0;3.860;0;;0;0;0;0;
DER292;KADR17015055TR218;Kabat;DÊTKA 15.0/55 - 17  TR-218A;150;55;17;T;;8;195.6;120.54;5901765009206;;;;;0;3.860;0;;0;0;0;0;
DER089;KADR17019245TR150;Kabat;DÊTKA 19.0/45 - 17  (500/50 - 17)  TR-15;;45;17;T;;14;193.78;120.25;5901765007936;;;;;0;5.160;0;;0;0;0;0;
DER089;KADR17019245TR150;Kabat;DÊTKA 19.0/45 - 17  (500/50 - 17)  TR-15;;45;17;T;;11;193.78;120.25;5901765007936;;;;;0;5.160;0;;0;0;0;0;
DER089;KADR17019245TR150;Kabat;DÊTKA 19.0/45 - 17  (500/50 - 17)  TR-15;;45;17;T;;7;193.78;120.25;5901765007936;;;;;0;5.160;0;;0;0;0;0;
DER089;KADR17019245TR150;Kabat;DÊTKA 19.0/45 - 17  (500/50 - 17)  TR-15;;45;17;T;;7;193.78;120.25;5901765007936;;;;;0;5.160;0;;0;0;0;0;
DER089;KADR17019245TR150;Kabat;DÊTKA 19.0/45 - 17  (500/50 - 17)  TR-15;;45;17;T;;35;193.78;120.25;5901765007936;;;;;0;5.160;0;;0;0;0;0;
DER089;KADR17019245TR150;Kabat;DÊTKA 19.0/45 - 17  (500/50 - 17)  TR-15;;45;17;T;;10;193.78;120.25;5901765007936;;;;;0;5.160;0;;0;0;0;0;
DER089;KADR17019245TR150;Kabat;DÊTKA 19.0/45 - 17  (500/50 - 17)  TR-15;;45;17;T;;6;193.78;120.25;5901765007936;;;;;0;5.160;0;;0;0;0;0;
DER089;KADR17019245TR150;Kabat;DÊTKA 19.0/45 - 17  (500/50 - 17)  TR-15;;45;17;T;;100;193.78;120.25;5901765007936;;;;;0;5.160;0;;0;0;0;0;
DER089;KADR17019245TR150;Kabat;DÊTKA 19.0/45 - 17  (500/50 - 17)  TR-15;;45;17;T;;9;193.78;120.25;5901765007936;;;;;0;5.160;0;;0;0;0;0;
DER089;KADR17019245TR150;Kabat;DÊTKA 19.0/45 - 17  (500/50 - 17)  TR-15;;45;17;T;;0;193.78;120.25;5901765007936;;;;;0;5.160;0;;0;0;0;0;
DER089;KADR17019245TR150;Kabat;DÊTKA 19.0/45 - 17  (500/50 - 17)  TR-15;;45;17;T;;6;193.78;120.25;5901765007936;;;;;0;5.160;0;;0;0;0;0;
DER089;KADR17019245TR150;Kabat;DÊTKA 19.0/45 - 17  (500/50 - 17)  TR-15;;45;17;T;;51;193.78;120.25;5901765007936;;;;;0;5.160;0;;0;0;0;0;
DER089;KADR17019245TR150;Kabat;DÊTKA 19.0/45 - 17  (500/50 - 17)  TR-15;;45;17;T;;4;193.78;120.25;5901765007936;;;;;0;5.160;0;;0;0;0;0;
DER089;KADR17019245TR150;Kabat;DÊTKA 19.0/45 - 17  (500/50 - 17)  TR-15;;45;17;T;;7;193.78;120.25;5901765007936;;;;;0;5.160;0;;0;0;0;0;
DER089;KADR17019245TR150;Kabat;DÊTKA 19.0/45 - 17  (500/50 - 17)  TR-15;;45;17;T;;19;193.78;120.25;5901765007936;;;;;0;5.160;0;;0;0;0;0;
DER089;KADR17019245TR150;Kabat;DÊTKA 19.0/45 - 17  (500/50 - 17)  TR-15;;45;17;T;;4;193.78;120.25;5901765007936;;;;;0;5.160;0;;0;0;0;0;
DER202;KADR17019245TR218;Kabat;DÊTKA 19.0/45 - 17  (500/50 - 17)  TR-218A;;45;17;T;;84;203.23;126.12;5901765008759;;;;;0;5.160;0;;0;0;0;0;
DER202;KADR17019245TR218;Kabat;DÊTKA 19.0/45 - 17  (500/50 - 17)  TR-218A;;45;17;T;;2;203.23;126.12;5901765008759;;;;;0;5.160;0;;0;0;0;0;
DER202;KADR17019245TR218;Kabat;DÊTKA 19.0/45 - 17  (500/50 - 17)  TR-218A;;45;17;T;;1;203.23;126.12;5901765008759;;;;;0;5.160;0;;0;0;0;0;
DER202;KADR17019245TR218;Kabat;DÊTKA 19.0/45 - 17  (500/50 - 17)  TR-218A;;45;17;T;;1;203.23;126.12;5901765008759;;;;;0;5.160;0;;0;0;0;0;
DER202;KADR17019245TR218;Kabat;DÊTKA 19.0/45 - 17  (500/50 - 17)  TR-218A;;45;17;T;;0;203.23;126.12;5901765008759;;;;;0;5.160;0;;0;0;0;0;
DER202;KADR17019245TR218;Kabat;DÊTKA 19.0/45 - 17  (500/50 - 17)  TR-218A;;45;17;T;;0;203.23;126.12;5901765008759;;;;;0;5.160;0;;0;0;0;0;
DER202;KADR17019245TR218;Kabat;DÊTKA 19.0/45 - 17  (500/50 - 17)  TR-218A;;45;17;T;;11;203.23;126.12;5901765008759;;;;;0;5.160;0;;0;0;0;0;
DER202;KADR17019245TR218;Kabat;DÊTKA 19.0/45 - 17  (500/50 - 17)  TR-218A;;45;17;T;;0;203.23;126.12;5901765008759;;;;;0;5.160;0;;0;0;0;0;
DER202;KADR17019245TR218;Kabat;DÊTKA 19.0/45 - 17  (500/50 - 17)  TR-218A;;45;17;T;;44;203.23;126.12;5901765008759;;;;;0;5.160;0;;0;0;0;0;
DER202;KADR17019245TR218;Kabat;DÊTKA 19.0/45 - 17  (500/50 - 17)  TR-218A;;45;17;T;;5;203.23;126.12;5901765008759;;;;;0;5.160;0;;0;0;0;0;
DER202;KADR17019245TR218;Kabat;DÊTKA 19.0/45 - 17  (500/50 - 17)  TR-218A;;45;17;T;;2;203.23;126.12;5901765008759;;;;;0;5.160;0;;0;0;0;0;
DER202;KADR17019245TR218;Kabat;DÊTKA 19.0/45 - 17  (500/50 - 17)  TR-218A;;45;17;T;;4;203.23;126.12;5901765008759;;;;;0;5.160;0;;0;0;0;0;
DER202;KADR17019245TR218;Kabat;DÊTKA 19.0/45 - 17  (500/50 - 17)  TR-218A;;45;17;T;;37;203.23;126.12;5901765008759;;;;;0;5.160;0;;0;0;0;0;
DER202;KADR17019245TR218;Kabat;DÊTKA 19.0/45 - 17  (500/50 - 17)  TR-218A;;45;17;T;;10;203.23;126.12;5901765008759;;;;;0;5.160;0;;0;0;0;0;
DER202;KADR17019245TR218;Kabat;DÊTKA 19.0/45 - 17  (500/50 - 17)  TR-218A;;45;17;T;;4;203.23;126.12;5901765008759;;;;;0;5.160;0;;0;0;0;0;
DER202;KADR17019245TR218;Kabat;DÊTKA 19.0/45 - 17  (500/50 - 17)  TR-218A;;45;17;T;;3;203.23;126.12;5901765008759;;;;;0;5.160;0;;0;0;0;0;
DER202;KADR17019245TR218;Kabat;DÊTKA 19.0/45 - 17  (500/50 - 17)  TR-218A;;45;17;T;;4;203.23;126.12;5901765008759;;;;;0;5.160;0;;0;0;0;0;
DER481;KADR175140000TR15;Kabat;DÊTKA 14 - 17.5  TR-15;140;82;17.5;0;;2;118.07;72.48;5901765010905;;;;;0;5.100;0;;0;0;0;0;
DER481;KADR175140000TR15;Kabat;DÊTKA 14 - 17.5  TR-15;140;82;17.5;0;;4;118.07;72.48;5901765010905;;;;;0;5.100;0;;0;0;0;0;
DER481;KADR175140000TR15;Kabat;DÊTKA 14 - 17.5  TR-15;140;82;17.5;0;;4;118.07;72.48;5901765010905;;;;;0;5.100;0;;0;0;0;0;
DER481;KADR175140000TR15;Kabat;DÊTKA 14 - 17.5  TR-15;140;82;17.5;0;;5;118.07;72.48;5901765010905;;;;;0;5.100;0;;0;0;0;0;
DER481;KADR175140000TR15;Kabat;DÊTKA 14 - 17.5  TR-15;140;82;17.5;0;;2;118.07;72.48;5901765010905;;;;;0;5.100;0;;0;0;0;0;
DER481;KADR175140000TR15;Kabat;DÊTKA 14 - 17.5  TR-15;140;82;17.5;0;;31;118.07;72.48;5901765010905;;;;;0;5.100;0;;0;0;0;0;
DER481;KADR175140000TR15;Kabat;DÊTKA 14 - 17.5  TR-15;140;82;17.5;0;;3;118.07;72.48;5901765010905;;;;;0;5.100;0;;0;0;0;0;
DER481;KADR175140000TR15;Kabat;DÊTKA 14 - 17.5  TR-15;140;82;17.5;0;;44;118.07;72.48;5901765010905;;;;;0;5.100;0;;0;0;0;0;
DER481;KADR175140000TR15;Kabat;DÊTKA 14 - 17.5  TR-15;140;82;17.5;0;;1;118.07;72.48;5901765010905;;;;;0;5.100;0;;0;0;0;0;
DER481;KADR175140000TR15;Kabat;DÊTKA 14 - 17.5  TR-15;140;82;17.5;0;;22;118.07;72.48;5901765010905;;;;;0;5.100;0;;0;0;0;0;
DER481;KADR175140000TR15;Kabat;DÊTKA 14 - 17.5  TR-15;140;82;17.5;0;;1;118.07;72.48;5901765010905;;;;;0;5.100;0;;0;0;0;0;
DER136;KADR18010080TR218;Kabat;DÊTKA 10.0/80 - 18  TR-218A;100;80;18;T;;7;139.95;85.91;5901765008292;;;;;0;2.240;0;;0;0;0;0;
DER136;KADR18010080TR218;Kabat;DÊTKA 10.0/80 - 18  TR-218A;100;80;18;T;;10;139.95;85.91;5901765008292;;;;;0;2.240;0;;0;0;0;0;
DER136;KADR18010080TR218;Kabat;DÊTKA 10.0/80 - 18  TR-218A;100;80;18;T;;7;139.95;85.91;5901765008292;;;;;0;2.240;0;;0;0;0;0;
DER136;KADR18010080TR218;Kabat;DÊTKA 10.0/80 - 18  TR-218A;100;80;18;T;;1;139.95;85.91;5901765008292;;;;;0;2.240;0;;0;0;0;0;
DER136;KADR18010080TR218;Kabat;DÊTKA 10.0/80 - 18  TR-218A;100;80;18;T;;2;139.95;85.91;5901765008292;;;;;0;2.240;0;;0;0;0;0;
DER128;KADR18010580TR150;Kabat;DÊTKA 10.5/80 - 18  TR-15;;80;18;T;;71;132.14;81.11;5901765008223;;;;;0;2.240;0;;0;0;0;0;
DER128;KADR18010580TR150;Kabat;DÊTKA 10.5/80 - 18  TR-15;;80;18;T;;5;132.14;81.11;5901765008223;;;;;0;2.240;0;;0;0;0;0;
DER128;KADR18010580TR150;Kabat;DÊTKA 10.5/80 - 18  TR-15;;80;18;T;;2;132.14;81.11;5901765008223;;;;;0;2.240;0;;0;0;0;0;
DER128;KADR18010580TR150;Kabat;DÊTKA 10.5/80 - 18  TR-15;;80;18;T;;30;132.14;81.11;5901765008223;;;;;0;2.240;0;;0;0;0;0;
DER128;KADR18010580TR150;Kabat;DÊTKA 10.5/80 - 18  TR-15;;80;18;T;;1;132.14;81.11;5901765008223;;;;;0;2.240;0;;0;0;0;0;
DER128;KADR18010580TR150;Kabat;DÊTKA 10.5/80 - 18  TR-15;;80;18;T;;9;132.14;81.11;5901765008223;;;;;0;2.240;0;;0;0;0;0;
DER128;KADR18010580TR150;Kabat;DÊTKA 10.5/80 - 18  TR-15;;80;18;T;;7;132.14;81.11;5901765008223;;;;;0;2.240;0;;0;0;0;0;
DER128;KADR18010580TR150;Kabat;DÊTKA 10.5/80 - 18  TR-15;;80;18;T;;22;132.14;81.11;5901765008223;;;;;0;2.240;0;;0;0;0;0;
DER128;KADR18010580TR150;Kabat;DÊTKA 10.5/80 - 18  TR-15;;80;18;T;;11;132.14;81.11;5901765008223;;;;;0;2.240;0;;0;0;0;0;
DER128;KADR18010580TR150;Kabat;DÊTKA 10.5/80 - 18  TR-15;;80;18;T;;6;132.14;81.11;5901765008223;;;;;0;2.240;0;;0;0;0;0;
DER128;KADR18010580TR150;Kabat;DÊTKA 10.5/80 - 18  TR-15;;80;18;T;;7;132.14;81.11;5901765008223;;;;;0;2.240;0;;0;0;0;0;
DER128;KADR18010580TR150;Kabat;DÊTKA 10.5/80 - 18  TR-15;;80;18;T;;1;132.14;81.11;5901765008223;;;;;0;2.240;0;;0;0;0;0;
DER708K;KADR1801258000HD0;Kabat;DÊTKA 12.5/80 - 18  CS  TR-15  HD;125;80;18;0;;0;116.98;70.56;;;;;;0;2.240;0;;0;0;0;0;
DER708K;KADR1801258000HD0;Kabat;DÊTKA 12.5/80 - 18  CS  TR-15  HD;125;80;18;0;;4;116.98;70.56;;;;;;0;2.240;0;;0;0;0;0;
DER708K;KADR1801258000HD0;Kabat;DÊTKA 12.5/80 - 18  CS  TR-15  HD;125;80;18;0;;5;116.98;70.56;;;;;;0;2.240;0;;0;0;0;0;
DER708K;KADR1801258000HD0;Kabat;DÊTKA 12.5/80 - 18  CS  TR-15  HD;125;80;18;0;;5;116.98;70.56;;;;;;0;2.240;0;;0;0;0;0;
DER708K;KADR1801258000HD0;Kabat;DÊTKA 12.5/80 - 18  CS  TR-15  HD;125;80;18;0;;1;116.98;70.56;;;;;;0;2.240;0;;0;0;0;0;
DER708K;KADR1801258000HD0;Kabat;DÊTKA 12.5/80 - 18  CS  TR-15  HD;125;80;18;0;;21;116.98;70.56;;;;;;0;2.240;0;;0;0;0;0;
DER708K;KADR1801258000HD0;Kabat;DÊTKA 12.5/80 - 18  CS  TR-15  HD;125;80;18;0;;1;116.98;70.56;;;;;;0;2.240;0;;0;0;0;0;
DER708K;KADR1801258000HD0;Kabat;DÊTKA 12.5/80 - 18  CS  TR-15  HD;125;80;18;0;;0;116.98;70.56;;;;;;0;2.240;0;;0;0;0;0;
DER708K;KADR1801258000HD0;Kabat;DÊTKA 12.5/80 - 18  CS  TR-15  HD;125;80;18;0;;10;116.98;70.56;;;;;;0;2.240;0;;0;0;0;0;
DER020;KADR180125800TR15;Kabat;DÊTKA 12.5/80 - 18  TR-15;125;80;18;0;;39;125.17;77.42;5901765007370;;;;;0;2.240;0;;0;0;0;0;
DER020;KADR180125800TR15;Kabat;DÊTKA 12.5/80 - 18  TR-15;125;80;18;0;;100;125.17;77.42;5901765007370;;;;;0;2.240;0;;0;0;0;0;
DER020;KADR180125800TR15;Kabat;DÊTKA 12.5/80 - 18  TR-15;125;80;18;0;;100;125.17;77.42;5901765007370;;;;;0;2.240;0;;0;0;0;0;
DER020;KADR180125800TR15;Kabat;DÊTKA 12.5/80 - 18  TR-15;125;80;18;0;;95;125.17;77.42;5901765007370;;;;;0;2.240;0;;0;0;0;0;
DER020;KADR180125800TR15;Kabat;DÊTKA 12.5/80 - 18  TR-15;125;80;18;0;;11;125.17;77.42;5901765007370;;;;;0;2.240;0;;0;0;0;0;
DER020;KADR180125800TR15;Kabat;DÊTKA 12.5/80 - 18  TR-15;125;80;18;0;;100;125.17;77.42;5901765007370;;;;;0;2.240;0;;0;0;0;0;
DER020;KADR180125800TR15;Kabat;DÊTKA 12.5/80 - 18  TR-15;125;80;18;0;;9;125.17;77.42;5901765007370;;;;;0;2.240;0;;0;0;0;0;
DER020;KADR180125800TR15;Kabat;DÊTKA 12.5/80 - 18  TR-15;125;80;18;0;;4;125.17;77.42;5901765007370;;;;;0;2.240;0;;0;0;0;0;
DER020;KADR180125800TR15;Kabat;DÊTKA 12.5/80 - 18  TR-15;125;80;18;0;;21;125.17;77.42;5901765007370;;;;;0;2.240;0;;0;0;0;0;
DER020;KADR180125800TR15;Kabat;DÊTKA 12.5/80 - 18  TR-15;125;80;18;0;;12;125.17;77.42;5901765007370;;;;;0;2.240;0;;0;0;0;0;
DER020;KADR180125800TR15;Kabat;DÊTKA 12.5/80 - 18  TR-15;125;80;18;0;;37;125.17;77.42;5901765007370;;;;;0;2.240;0;;0;0;0;0;
DER020;KADR180125800TR15;Kabat;DÊTKA 12.5/80 - 18  TR-15;125;80;18;0;;22;125.17;77.42;5901765007370;;;;;0;2.240;0;;0;0;0;0;
DER020;KADR180125800TR15;Kabat;DÊTKA 12.5/80 - 18  TR-15;125;80;18;0;;16;125.17;77.42;5901765007370;;;;;0;2.240;0;;0;0;0;0;
DER020;KADR180125800TR15;Kabat;DÊTKA 12.5/80 - 18  TR-15;125;80;18;0;;19;125.17;77.42;5901765007370;;;;;0;2.240;0;;0;0;0;0;
DER020;KADR180125800TR15;Kabat;DÊTKA 12.5/80 - 18  TR-15;125;80;18;0;;8;125.17;77.42;5901765007370;;;;;0;2.240;0;;0;0;0;0;
DER021;KADR18012580TR218;Kabat;DÊTKA 12.5/80 - 18  TR-218A;125;80;18;T;;7;147.36;91.14;5901765007387;;;;;0;2.240;0;;0;0;0;0;
DER021;KADR18012580TR218;Kabat;DÊTKA 12.5/80 - 18  TR-218A;125;80;18;T;;5;147.36;91.14;5901765007387;;;;;0;2.240;0;;0;0;0;0;
DER021;KADR18012580TR218;Kabat;DÊTKA 12.5/80 - 18  TR-218A;125;80;18;T;;100;147.36;91.14;5901765007387;;;;;0;2.240;0;;0;0;0;0;
DER021;KADR18012580TR218;Kabat;DÊTKA 12.5/80 - 18  TR-218A;125;80;18;T;;1;147.36;91.14;5901765007387;;;;;0;2.240;0;;0;0;0;0;
DER021;KADR18012580TR218;Kabat;DÊTKA 12.5/80 - 18  TR-218A;125;80;18;T;;8;147.36;91.14;5901765007387;;;;;0;2.240;0;;0;0;0;0;
DER021;KADR18012580TR218;Kabat;DÊTKA 12.5/80 - 18  TR-218A;125;80;18;T;;57;147.36;91.14;5901765007387;;;;;0;2.240;0;;0;0;0;0;
DER021;KADR18012580TR218;Kabat;DÊTKA 12.5/80 - 18  TR-218A;125;80;18;T;;6;147.36;91.14;5901765007387;;;;;0;2.240;0;;0;0;0;0;
DER021;KADR18012580TR218;Kabat;DÊTKA 12.5/80 - 18  TR-218A;125;80;18;T;;72;147.36;91.14;5901765007387;;;;;0;2.240;0;;0;0;0;0;
DER021;KADR18012580TR218;Kabat;DÊTKA 12.5/80 - 18  TR-218A;125;80;18;T;;1;147.36;91.14;5901765007387;;;;;0;2.240;0;;0;0;0;0;
DER021;KADR18012580TR218;Kabat;DÊTKA 12.5/80 - 18  TR-218A;125;80;18;T;;6;147.36;91.14;5901765007387;;;;;0;2.240;0;;0;0;0;0;
DER021;KADR18012580TR218;Kabat;DÊTKA 12.5/80 - 18  TR-218A;125;80;18;T;;4;147.36;91.14;5901765007387;;;;;0;2.240;0;;0;0;0;0;
DER021;KADR18012580TR218;Kabat;DÊTKA 12.5/80 - 18  TR-218A;125;80;18;T;;17;147.36;91.14;5901765007387;;;;;0;2.240;0;;0;0;0;0;
DER021;KADR18012580TR218;Kabat;DÊTKA 12.5/80 - 18  TR-218A;125;80;18;T;;12;147.36;91.14;5901765007387;;;;;0;2.240;0;;0;0;0;0;
DER021;KADR18012580TR218;Kabat;DÊTKA 12.5/80 - 18  TR-218A;125;80;18;T;;10;147.36;91.14;5901765007387;;;;;0;2.240;0;;0;0;0;0;
DER624;KADR1801258PTR218;Kabat;DÊTKA 12.5/80 - 18  HD  [premium]  TR-218A;125;;18;T;premium;17;177.47;113.58;5901765022328;;;;;0;2.240;0;;0;0;0;0;
DER624;KADR1801258PTR218;Kabat;DÊTKA 12.5/80 - 18  HD  [premium]  TR-218A;125;;18;T;premium;6;177.47;113.58;5901765022328;;;;;0;2.240;0;;0;0;0;0;
DER624;KADR1801258PTR218;Kabat;DÊTKA 12.5/80 - 18  HD  [premium]  TR-218A;125;;18;T;premium;4;177.47;113.58;5901765022328;;;;;0;2.240;0;;0;0;0;0;
DER624;KADR1801258PTR218;Kabat;DÊTKA 12.5/80 - 18  HD  [premium]  TR-218A;125;;18;T;premium;1;177.47;113.58;5901765022328;;;;;0;2.240;0;;0;0;0;0;
DER624;KADR1801258PTR218;Kabat;DÊTKA 12.5/80 - 18  HD  [premium]  TR-218A;125;;18;T;premium;39;177.47;113.58;5901765022328;;;;;0;2.240;0;;0;0;0;0;
DER624;KADR1801258PTR218;Kabat;DÊTKA 12.5/80 - 18  HD  [premium]  TR-218A;125;;18;T;premium;3;177.47;113.58;5901765022328;;;;;0;2.240;0;;0;0;0;0;
DER624;KADR1801258PTR218;Kabat;DÊTKA 12.5/80 - 18  HD  [premium]  TR-218A;125;;18;T;premium;29;177.47;113.58;5901765022328;;;;;0;2.240;0;;0;0;0;0;
DER624;KADR1801258PTR218;Kabat;DÊTKA 12.5/80 - 18  HD  [premium]  TR-218A;125;;18;T;premium;2;177.47;113.58;5901765022328;;;;;0;2.240;0;;0;0;0;0;
DER624;KADR1801258PTR218;Kabat;DÊTKA 12.5/80 - 18  HD  [premium]  TR-218A;125;;18;T;premium;6;177.47;113.58;5901765022328;;;;;0;2.240;0;;0;0;0;0;
DER103;KADR18013065TR150;Kabat;DÊTKA 13.0/65  - 18 TR-15;130;65;18;T;;9;150.14;92.16;5901765008063;;;;;0;2.240;0;;0;0;0;0;
DER103;KADR18013065TR150;Kabat;DÊTKA 13.0/65  - 18 TR-15;130;65;18;T;;5;150.14;92.16;5901765008063;;;;;0;2.240;0;;0;0;0;0;
DER103;KADR18013065TR150;Kabat;DÊTKA 13.0/65  - 18 TR-15;130;65;18;T;;1;150.14;92.16;5901765008063;;;;;0;2.240;0;;0;0;0;0;
DER103;KADR18013065TR150;Kabat;DÊTKA 13.0/65  - 18 TR-15;130;65;18;T;;13;150.14;92.16;5901765008063;;;;;0;2.240;0;;0;0;0;0;
DER103;KADR18013065TR150;Kabat;DÊTKA 13.0/65  - 18 TR-15;130;65;18;T;;4;150.14;92.16;5901765008063;;;;;0;2.240;0;;0;0;0;0;
DER103;KADR18013065TR150;Kabat;DÊTKA 13.0/65  - 18 TR-15;130;65;18;T;;3;150.14;92.16;5901765008063;;;;;0;2.240;0;;0;0;0;0;
DER081;KADR18013065TR218;Kabat;DÊTKA 13.0/65/75 - 18  TR-218;130;65;18;T;;5;158.64;98.44;5901765007851;;;;;0;2.240;0;;0;0;0;0;
DER081;KADR18013065TR218;Kabat;DÊTKA 13.0/65/75 - 18  TR-218;130;65;18;T;;1;158.64;98.44;5901765007851;;;;;0;2.240;0;;0;0;0;0;
DER081;KADR18013065TR218;Kabat;DÊTKA 13.0/65/75 - 18  TR-218;130;65;18;T;;5;158.64;98.44;5901765007851;;;;;0;2.240;0;;0;0;0;0;
DER081;KADR18013065TR218;Kabat;DÊTKA 13.0/65/75 - 18  TR-218;130;65;18;T;;1;158.64;98.44;5901765007851;;;;;0;2.240;0;;0;0;0;0;
DER081;KADR18013065TR218;Kabat;DÊTKA 13.0/65/75 - 18  TR-218;130;65;18;T;;7;158.64;98.44;5901765007851;;;;;0;2.240;0;;0;0;0;0;
DER350;KADR18014580TR218;Kabat;DÊTKA 14.5/80 - 18  TR-218;145;80;18;T;;2;152.63;94.74;5901765009664;;;;;0;3.060;0;;0;0;0;0;
DER350;KADR18014580TR218;Kabat;DÊTKA 14.5/80 - 18  TR-218;145;80;18;T;;1;152.63;94.74;5901765009664;;;;;0;3.060;0;;0;0;0;0;
DER350;KADR18014580TR218;Kabat;DÊTKA 14.5/80 - 18  TR-218;145;80;18;T;;6;152.63;94.74;5901765009664;;;;;0;3.060;0;;0;0;0;0;
DER350;KADR18014580TR218;Kabat;DÊTKA 14.5/80 - 18  TR-218;145;80;18;T;;2;152.63;94.74;5901765009664;;;;;0;3.060;0;;0;0;0;0;
DER350;KADR18014580TR218;Kabat;DÊTKA 14.5/80 - 18  TR-218;145;80;18;T;;31;152.63;94.74;5901765009664;;;;;0;3.060;0;;0;0;0;0;
DER350;KADR18014580TR218;Kabat;DÊTKA 14.5/80 - 18  TR-218;145;80;18;T;;23;152.63;94.74;5901765009664;;;;;0;3.060;0;;0;0;0;0;
DER350;KADR18014580TR218;Kabat;DÊTKA 14.5/80 - 18  TR-218;145;80;18;T;;2;152.63;94.74;5901765009664;;;;;0;3.060;0;;0;0;0;0;
DER350;KADR18014580TR218;Kabat;DÊTKA 14.5/80 - 18  TR-218;145;80;18;T;;36;152.63;94.74;5901765009664;;;;;0;3.060;0;;0;0;0;0;
DEC156;KADR18015070V3040;Kabat;DÊTKA 15.0/70 - 18  V3.04.23;150;70;18;V;;6;173.22;106.33;5901765001347;;;;;0;3.060;0;;0;0;0;0;
DEC156;KADR18015070V3040;Kabat;DÊTKA 15.0/70 - 18  V3.04.23;150;70;18;V;;10;173.22;106.33;5901765001347;;;;;0;3.060;0;;0;0;0;0;
DEC156;KADR18015070V3040;Kabat;DÊTKA 15.0/70 - 18  V3.04.23;150;70;18;V;;2;173.22;106.33;5901765001347;;;;;0;3.060;0;;0;0;0;0;
DEC156;KADR18015070V3040;Kabat;DÊTKA 15.0/70 - 18  V3.04.23;150;70;18;V;;23;173.22;106.33;5901765001347;;;;;0;3.060;0;;0;0;0;0;
DEC156;KADR18015070V3040;Kabat;DÊTKA 15.0/70 - 18  V3.04.23;150;70;18;V;;1;173.22;106.33;5901765001347;;;;;0;3.060;0;;0;0;0;0;
DEC156;KADR18015070V3040;Kabat;DÊTKA 15.0/70 - 18  V3.04.23;150;70;18;V;;4;173.22;106.33;5901765001347;;;;;0;3.060;0;;0;0;0;0;
DEC156;KADR18015070V3040;Kabat;DÊTKA 15.0/70 - 18  V3.04.23;150;70;18;V;;8;173.22;106.33;5901765001347;;;;;0;3.060;0;;0;0;0;0;
DEC156;KADR18015070V3040;Kabat;DÊTKA 15.0/70 - 18  V3.04.23;150;70;18;V;;2;173.22;106.33;5901765001347;;;;;0;3.060;0;;0;0;0;0;
DER335;KADR180450000TR13;Kabat;DÊTKA 4.50/4.75/5.00 - 18  TR-13;;82;18;0;;0;46.05;30.26;5901765009558;;;;;0;0.710;0;;0;0;0;0;
DER038;KADR180600000TR15;Kabat;DÊTKA 6.00 - 18  TR-15;600;82;18;0;;14;61.49;38.17;5901765007516;;;;;0;1.270;0;;0;0;0;0;
DER038;KADR180600000TR15;Kabat;DÊTKA 6.00 - 18  TR-15;600;82;18;0;;7;61.49;38.17;5901765007516;;;;;0;1.270;0;;0;0;0;0;
DER038;KADR180600000TR15;Kabat;DÊTKA 6.00 - 18  TR-15;600;82;18;0;;100;61.49;38.17;5901765007516;;;;;0;1.270;0;;0;0;0;0;
DER038;KADR180600000TR15;Kabat;DÊTKA 6.00 - 18  TR-15;600;82;18;0;;100;61.49;38.17;5901765007516;;;;;0;1.270;0;;0;0;0;0;
DER038;KADR180600000TR15;Kabat;DÊTKA 6.00 - 18  TR-15;600;82;18;0;;10;61.49;38.17;5901765007516;;;;;0;1.270;0;;0;0;0;0;
DER038;KADR180600000TR15;Kabat;DÊTKA 6.00 - 18  TR-15;600;82;18;0;;3;61.49;38.17;5901765007516;;;;;0;1.270;0;;0;0;0;0;
DER038;KADR180600000TR15;Kabat;DÊTKA 6.00 - 18  TR-15;600;82;18;0;;33;61.49;38.17;5901765007516;;;;;0;1.270;0;;0;0;0;0;
DER038;KADR180600000TR15;Kabat;DÊTKA 6.00 - 18  TR-15;600;82;18;0;;9;61.49;38.17;5901765007516;;;;;0;1.270;0;;0;0;0;0;
DER038;KADR180600000TR15;Kabat;DÊTKA 6.00 - 18  TR-15;600;82;18;0;;4;61.49;38.17;5901765007516;;;;;0;1.270;0;;0;0;0;0;
DER038;KADR180600000TR15;Kabat;DÊTKA 6.00 - 18  TR-15;600;82;18;0;;10;61.49;38.17;5901765007516;;;;;0;1.270;0;;0;0;0;0;
DER038;KADR180600000TR15;Kabat;DÊTKA 6.00 - 18  TR-15;600;82;18;0;;6;61.49;38.17;5901765007516;;;;;0;1.270;0;;0;0;0;0;
DER038;KADR180600000TR15;Kabat;DÊTKA 6.00 - 18  TR-15;600;82;18;0;;16;61.49;38.17;5901765007516;;;;;0;1.270;0;;0;0;0;0;
DER038;KADR180600000TR15;Kabat;DÊTKA 6.00 - 18  TR-15;600;82;18;0;;16;61.49;38.17;5901765007516;;;;;0;1.270;0;;0;0;0;0;
DER038;KADR180600000TR15;Kabat;DÊTKA 6.00 - 18  TR-15;600;82;18;0;;20;61.49;38.17;5901765007516;;;;;0;1.270;0;;0;0;0;0;
DER038;KADR180600000TR15;Kabat;DÊTKA 6.00 - 18  TR-15;600;82;18;0;;16;61.49;38.17;5901765007516;;;;;0;1.270;0;;0;0;0;0;
DER038;KADR180600000TR15;Kabat;DÊTKA 6.00 - 18  TR-15;600;82;18;0;;9;61.49;38.17;5901765007516;;;;;0;1.270;0;;0;0;0;0;
DER038;KADR180600000TR15;Kabat;DÊTKA 6.00 - 18  TR-15;600;82;18;0;;100;61.49;38.17;5901765007516;;;;;0;1.270;0;;0;0;0;0;
DER226;KADR180600000TR87;Kabat;DÊTKA 6.00 - 18  TR-87;600;82;18;0;;1;62.98;38.66;5901765008872;;;;;0;1.270;0;;0;0;0;0;
DER226;KADR180600000TR87;Kabat;DÊTKA 6.00 - 18  TR-87;600;82;18;0;;4;62.98;38.66;5901765008872;;;;;0;1.270;0;;0;0;0;0;
DER226;KADR180600000TR87;Kabat;DÊTKA 6.00 - 18  TR-87;600;82;18;0;;4;62.98;38.66;5901765008872;;;;;0;1.270;0;;0;0;0;0;
DER226;KADR180600000TR87;Kabat;DÊTKA 6.00 - 18  TR-87;600;82;18;0;;6;62.98;38.66;5901765008872;;;;;0;1.270;0;;0;0;0;0;
DER226;KADR180600000TR87;Kabat;DÊTKA 6.00 - 18  TR-87;600;82;18;0;;1;62.98;38.66;5901765008872;;;;;0;1.270;0;;0;0;0;0;
DER229;KADR180750000TR15;Kabat;DÊTKA 7.50 - 18  TR-15;750;82;18;0;;9;76.09;46.84;5901765008902;;;;;0;1.610;0;;0;0;0;0;
DER229;KADR180750000TR15;Kabat;DÊTKA 7.50 - 18  TR-15;750;82;18;0;;0;76.09;46.84;5901765008902;;;;;0;1.610;0;;0;0;0;0;
DER229;KADR180750000TR15;Kabat;DÊTKA 7.50 - 18  TR-15;750;82;18;0;;3;76.09;46.84;5901765008902;;;;;0;1.610;0;;0;0;0;0;
DER229;KADR180750000TR15;Kabat;DÊTKA 7.50 - 18  TR-15;750;82;18;0;;2;76.09;46.84;5901765008902;;;;;0;1.610;0;;0;0;0;0;
DER229;KADR180750000TR15;Kabat;DÊTKA 7.50 - 18  TR-15;750;82;18;0;;44;76.09;46.84;5901765008902;;;;;0;1.610;0;;0;0;0;0;
DER229;KADR180750000TR15;Kabat;DÊTKA 7.50 - 18  TR-15;750;82;18;0;;6;76.09;46.84;5901765008902;;;;;0;1.610;0;;0;0;0;0;
DER229;KADR180750000TR15;Kabat;DÊTKA 7.50 - 18  TR-15;750;82;18;0;;4;76.09;46.84;5901765008902;;;;;0;1.610;0;;0;0;0;0;
DER229;KADR180750000TR15;Kabat;DÊTKA 7.50 - 18  TR-15;750;82;18;0;;24;76.09;46.84;5901765008902;;;;;0;1.610;0;;0;0;0;0;
DER229;KADR180750000TR15;Kabat;DÊTKA 7.50 - 18  TR-15;750;82;18;0;;8;76.09;46.84;5901765008902;;;;;0;1.610;0;;0;0;0;0;
DER229;KADR180750000TR15;Kabat;DÊTKA 7.50 - 18  TR-15;750;82;18;0;;15;76.09;46.84;5901765008902;;;;;0;1.610;0;;0;0;0;0;
DER229;KADR180750000TR15;Kabat;DÊTKA 7.50 - 18  TR-15;750;82;18;0;;2;76.09;46.84;5901765008902;;;;;0;1.610;0;;0;0;0;0;
DER229;KADR180750000TR15;Kabat;DÊTKA 7.50 - 18  TR-15;750;82;18;0;;2;76.09;46.84;5901765008902;;;;;0;1.610;0;;0;0;0;0;
DER229;KADR180750000TR15;Kabat;DÊTKA 7.50 - 18  TR-15;750;82;18;0;;14;76.09;46.84;5901765008902;;;;;0;1.610;0;;0;0;0;0;
DER229;KADR180750000TR15;Kabat;DÊTKA 7.50 - 18  TR-15;750;82;18;0;;3;76.09;46.84;5901765008902;;;;;0;1.610;0;;0;0;0;0;
DER229;KADR180750000TR15;Kabat;DÊTKA 7.50 - 18  TR-15;750;82;18;0;;92;76.09;46.84;5901765008902;;;;;0;1.610;0;;0;0;0;0;
DER225;KADR1807500TR218A;Kabat;DÊTKA 7.50 - 18  TR-218A;750;;18;R;;2;95.1;58.38;5901765008865;;;;;0;1.610;0;;0;0;0;0;
DER225;KADR1807500TR218A;Kabat;DÊTKA 7.50 - 18  TR-218A;750;;18;R;;5;95.1;58.38;5901765008865;;;;;0;1.610;0;;0;0;0;0;
DER225;KADR1807500TR218A;Kabat;DÊTKA 7.50 - 18  TR-218A;750;;18;R;;14;95.1;58.38;5901765008865;;;;;0;1.610;0;;0;0;0;0;
DER225;KADR1807500TR218A;Kabat;DÊTKA 7.50 - 18  TR-218A;750;;18;R;;12;95.1;58.38;5901765008865;;;;;0;1.610;0;;0;0;0;0;
DER225;KADR1807500TR218A;Kabat;DÊTKA 7.50 - 18  TR-218A;750;;18;R;;19;95.1;58.38;5901765008865;;;;;0;1.610;0;;0;0;0;0;
DER275;KADR180E750V30410;Kabat;DÊTKA 7.50 - 18  V3.04.10;7.50;;18;A3;;2;101.91;59.78;5901765009107;;;;;0;4.820;0;;0;0;0;0;
DER275;KADR180E750V30410;Kabat;DÊTKA 7.50 - 18  V3.04.10;7.50;;18;A3;;3;101.91;59.78;5901765009107;;;;;0;4.820;0;;0;0;0;0;
DER275;KADR180E750V30410;Kabat;DÊTKA 7.50 - 18  V3.04.10;7.50;;18;A3;;0;101.91;59.78;5901765009107;;;;;0;4.820;0;;0;0;0;0;
DER275;KADR180E750V30410;Kabat;DÊTKA 7.50 - 18  V3.04.10;7.50;;18;A3;;7;101.91;59.78;5901765009107;;;;;0;4.820;0;;0;0;0;0;
DER275;KADR180E750V30410;Kabat;DÊTKA 7.50 - 18  V3.04.10;7.50;;18;A3;;2;101.91;59.78;5901765009107;;;;;0;4.820;0;;0;0;0;0;
DER275;KADR180E750V30410;Kabat;DÊTKA 7.50 - 18  V3.04.10;7.50;;18;A3;;3;101.91;59.78;5901765009107;;;;;0;4.820;0;;0;0;0;0;
DER149;KADR180G507004000;Kabat;DÊTKA 15.0/70 - 18  TR-15;15.0;70;18;0;;4;144.95;89.18;5901765008407;;;;;0;3.060;0;;0;0;0;0;
DER149;KADR180G507004000;Kabat;DÊTKA 15.0/70 - 18  TR-15;15.0;70;18;0;;8;144.95;89.18;5901765008407;;;;;0;3.060;0;;0;0;0;0;
DER149;KADR180G507004000;Kabat;DÊTKA 15.0/70 - 18  TR-15;15.0;70;18;0;;3;144.95;89.18;5901765008407;;;;;0;3.060;0;;0;0;0;0;
DER149;KADR180G507004000;Kabat;DÊTKA 15.0/70 - 18  TR-15;15.0;70;18;0;;2;144.95;89.18;5901765008407;;;;;0;3.060;0;;0;0;0;0;
DER149;KADR180G507004000;Kabat;DÊTKA 15.0/70 - 18  TR-15;15.0;70;18;0;;7;144.95;89.18;5901765008407;;;;;0;3.060;0;;0;0;0;0;
DER149;KADR180G507004000;Kabat;DÊTKA 15.0/70 - 18  TR-15;15.0;70;18;0;;69;144.95;89.18;5901765008407;;;;;0;3.060;0;;0;0;0;0;
DER149;KADR180G507004000;Kabat;DÊTKA 15.0/70 - 18  TR-15;15.0;70;18;0;;4;144.95;89.18;5901765008407;;;;;0;3.060;0;;0;0;0;0;
DER149;KADR180G507004000;Kabat;DÊTKA 15.0/70 - 18  TR-15;15.0;70;18;0;;5;144.95;89.18;5901765008407;;;;;0;3.060;0;;0;0;0;0;
DER149;KADR180G507004000;Kabat;DÊTKA 15.0/70 - 18  TR-15;15.0;70;18;0;;1;144.95;89.18;5901765008407;;;;;0;3.060;0;;0;0;0;0;
DER149;KADR180G507004000;Kabat;DÊTKA 15.0/70 - 18  TR-15;15.0;70;18;0;;5;144.95;89.18;5901765008407;;;;;0;3.060;0;;0;0;0;0;
DER149;KADR180G507004000;Kabat;DÊTKA 15.0/70 - 18  TR-15;15.0;70;18;0;;1;144.95;89.18;5901765008407;;;;;0;3.060;0;;0;0;0;0;
DER149;KADR180G507004000;Kabat;DÊTKA 15.0/70 - 18  TR-15;15.0;70;18;0;;30;144.95;89.18;5901765008407;;;;;0;3.060;0;;0;0;0;0;
DER149;KADR180G507004000;Kabat;DÊTKA 15.0/70 - 18  TR-15;15.0;70;18;0;;3;144.95;89.18;5901765008407;;;;;0;3.060;0;;0;0;0;0;
DER149;KADR180G507004000;Kabat;DÊTKA 15.0/70 - 18  TR-15;15.0;70;18;0;;23;144.95;89.18;5901765008407;;;;;0;3.060;0;;0;0;0;0;
DER149;KADR180G507004000;Kabat;DÊTKA 15.0/70 - 18  TR-15;15.0;70;18;0;;3;144.95;89.18;5901765008407;;;;;0;3.060;0;;0;0;0;0;
DER298;KADR19518080TR300;Kabat;DÊTKA 18 - 19.5  TR-300;180;80;19.5;T;;10;194.12;120.46;5901765009244;;;;;0;4.210;0;;0;0;0;0;
DER298;KADR19518080TR300;Kabat;DÊTKA 18 - 19.5  TR-300;180;80;19.5;T;;9;194.12;120.46;5901765009244;;;;;0;4.210;0;;0;0;0;0;
DER298;KADR19518080TR300;Kabat;DÊTKA 18 - 19.5  TR-300;180;80;19.5;T;;9;194.12;120.46;5901765009244;;;;;0;4.210;0;;0;0;0;0;
DER298;KADR19518080TR300;Kabat;DÊTKA 18 - 19.5  TR-300;180;80;19.5;T;;1;194.12;120.46;5901765009244;;;;;0;4.210;0;;0;0;0;0;
DER212;KADR195F80000TR15;Kabat;DÊTKA 18 - 19.5  TR-15;18;82;19.5;0;;1;194.12;119.16;5901765008797;;;;;0;6.800;0;;0;0;0;0;
DER212;KADR195F80000TR15;Kabat;DÊTKA 18 - 19.5  TR-15;18;82;19.5;0;;1;194.12;119.16;5901765008797;;;;;0;6.800;0;;0;0;0;0;
DER212;KADR195F80000TR15;Kabat;DÊTKA 18 - 19.5  TR-15;18;82;19.5;0;;1;194.12;119.16;5901765008797;;;;;0;6.800;0;;0;0;0;0;
DER212;KADR195F80000TR15;Kabat;DÊTKA 18 - 19.5  TR-15;18;82;19.5;0;;1;194.12;119.16;5901765008797;;;;;0;6.800;0;;0;0;0;0;
DER212;KADR195F80000TR15;Kabat;DÊTKA 18 - 19.5  TR-15;18;82;19.5;0;;3;194.12;119.16;5901765008797;;;;;0;6.800;0;;0;0;0;0;
DER212;KADR195F80000TR15;Kabat;DÊTKA 18 - 19.5  TR-15;18;82;19.5;0;;6;194.12;119.16;5901765008797;;;;;0;6.800;0;;0;0;0;0;
DER212;KADR195F80000TR15;Kabat;DÊTKA 18 - 19.5  TR-15;18;82;19.5;0;;1;194.12;119.16;5901765008797;;;;;0;6.800;0;;0;0;0;0;
DER212;KADR195F80000TR15;Kabat;DÊTKA 18 - 19.5  TR-15;18;82;19.5;0;;1;194.12;119.16;5901765008797;;;;;0;6.800;0;;0;0;0;0;
DER212;KADR195F80000TR15;Kabat;DÊTKA 18 - 19.5  TR-15;18;82;19.5;0;;15;194.12;119.16;5901765008797;;;;;0;6.800;0;;0;0;0;0;
DER212;KADR195F80000TR15;Kabat;DÊTKA 18 - 19.5  TR-15;18;82;19.5;0;;19;194.12;119.16;5901765008797;;;;;0;6.800;0;;0;0;0;0;
DER212;KADR195F80000TR15;Kabat;DÊTKA 18 - 19.5  TR-15;18;82;19.5;0;;7;194.12;119.16;5901765008797;;;;;0;6.800;0;;0;0;0;0;
DER212;KADR195F80000TR15;Kabat;DÊTKA 18 - 19.5  TR-15;18;82;19.5;0;;38;194.12;119.16;5901765008797;;;;;0;6.800;0;;0;0;0;0;
DER212;KADR195F80000TR15;Kabat;DÊTKA 18 - 19.5  TR-15;18;82;19.5;0;;1;194.12;119.16;5901765008797;;;;;0;6.800;0;;0;0;0;0;
DER092;KADR20011200TR218;Kabat;DÊTKA 11.2 - 20  TR-218A;;82;20;T;;50;165.41;102.66;5901765007967;;;;;0;3.510;0;;0;0;0;0;
DER092;KADR20011200TR218;Kabat;DÊTKA 11.2 - 20  TR-218A;;82;20;T;;2;165.41;102.66;5901765007967;;;;;0;3.510;0;;0;0;0;0;
DER092;KADR20011200TR218;Kabat;DÊTKA 11.2 - 20  TR-218A;;82;20;T;;97;165.41;102.66;5901765007967;;;;;0;3.510;0;;0;0;0;0;
DER092;KADR20011200TR218;Kabat;DÊTKA 11.2 - 20  TR-218A;;82;20;T;;1;165.41;102.66;5901765007967;;;;;0;3.510;0;;0;0;0;0;
DER092;KADR20011200TR218;Kabat;DÊTKA 11.2 - 20  TR-218A;;82;20;T;;3;165.41;102.66;5901765007967;;;;;0;3.510;0;;0;0;0;0;
DER092;KADR20011200TR218;Kabat;DÊTKA 11.2 - 20  TR-218A;;82;20;T;;6;165.41;102.66;5901765007967;;;;;0;3.510;0;;0;0;0;0;
DER092;KADR20011200TR218;Kabat;DÊTKA 11.2 - 20  TR-218A;;82;20;T;;10;165.41;102.66;5901765007967;;;;;0;3.510;0;;0;0;0;0;
DER092;KADR20011200TR218;Kabat;DÊTKA 11.2 - 20  TR-218A;;82;20;T;;9;165.41;102.66;5901765007967;;;;;0;3.510;0;;0;0;0;0;
DER092;KADR20011200TR218;Kabat;DÊTKA 11.2 - 20  TR-218A;;82;20;T;;39;165.41;102.66;5901765007967;;;;;0;3.510;0;;0;0;0;0;
DER092;KADR20011200TR218;Kabat;DÊTKA 11.2 - 20  TR-218A;;82;20;T;;3;165.41;102.66;5901765007967;;;;;0;3.510;0;;0;0;0;0;
DER092;KADR20011200TR218;Kabat;DÊTKA 11.2 - 20  TR-218A;;82;20;T;;3;165.41;102.66;5901765007967;;;;;0;3.510;0;;0;0;0;0;
DER092;KADR20011200TR218;Kabat;DÊTKA 11.2 - 20  TR-218A;;82;20;T;;2;165.41;102.66;5901765007967;;;;;0;3.510;0;;0;0;0;0;
DER092;KADR20011200TR218;Kabat;DÊTKA 11.2 - 20  TR-218A;;82;20;T;;11;165.41;102.66;5901765007967;;;;;0;3.510;0;;0;0;0;0;
DER092;KADR20011200TR218;Kabat;DÊTKA 11.2 - 20  TR-218A;;82;20;T;;8;165.41;102.66;5901765007967;;;;;0;3.510;0;;0;0;0;0;
DER172;KADR200125145V302;Kabat;DÊTKA 14.5/80 - 20  V3.02.18;125;14;20;A5;;33;176.63;109.61;5901765008599;;;;;0;4.390;0;;0;0;0;0;
DER172;KADR200125145V302;Kabat;DÊTKA 14.5/80 - 20  V3.02.18;125;14;20;A5;;2;176.63;109.61;5901765008599;;;;;0;4.390;0;;0;0;0;0;
DER172;KADR200125145V302;Kabat;DÊTKA 14.5/80 - 20  V3.02.18;125;14;20;A5;;2;176.63;109.61;5901765008599;;;;;0;4.390;0;;0;0;0;0;
DER172;KADR200125145V302;Kabat;DÊTKA 14.5/80 - 20  V3.02.18;125;14;20;A5;;1;176.63;109.61;5901765008599;;;;;0;4.390;0;;0;0;0;0;
DER172;KADR200125145V302;Kabat;DÊTKA 14.5/80 - 20  V3.02.18;125;14;20;A5;;7;176.63;109.61;5901765008599;;;;;0;4.390;0;;0;0;0;0;
DER172;KADR200125145V302;Kabat;DÊTKA 14.5/80 - 20  V3.02.18;125;14;20;A5;;21;176.63;109.61;5901765008599;;;;;0;4.390;0;;0;0;0;0;
DER172;KADR200125145V302;Kabat;DÊTKA 14.5/80 - 20  V3.02.18;125;14;20;A5;;3;176.63;109.61;5901765008599;;;;;0;4.390;0;;0;0;0;0;
DER172;KADR200125145V302;Kabat;DÊTKA 14.5/80 - 20  V3.02.18;125;14;20;A5;;48;176.63;109.61;5901765008599;;;;;0;4.390;0;;0;0;0;0;
DER172;KADR200125145V302;Kabat;DÊTKA 14.5/80 - 20  V3.02.18;125;14;20;A5;;2;176.63;109.61;5901765008599;;;;;0;4.390;0;;0;0;0;0;
DER172;KADR200125145V302;Kabat;DÊTKA 14.5/80 - 20  V3.02.18;125;14;20;A5;;5;176.63;109.61;5901765008599;;;;;0;4.390;0;;0;0;0;0;
DER172;KADR200125145V302;Kabat;DÊTKA 14.5/80 - 20  V3.02.18;125;14;20;A5;;2;176.63;109.61;5901765008599;;;;;0;4.390;0;;0;0;0;0;
DER172;KADR200125145V302;Kabat;DÊTKA 14.5/80 - 20  V3.02.18;125;14;20;A5;;3;176.63;109.61;5901765008599;;;;;0;4.390;0;;0;0;0;0;
DER053;KADR2001258000TR2;Kabat;DÊTKA 12.5/80 - 20  TR-218A;125;80;20;0;;4;145.69;90.41;5901765007639;;;;;0;3.510;0;;0;0;0;0;
DER053;KADR2001258000TR2;Kabat;DÊTKA 12.5/80 - 20  TR-218A;125;80;20;0;;4;145.69;90.41;5901765007639;;;;;0;3.510;0;;0;0;0;0;
DER053;KADR2001258000TR2;Kabat;DÊTKA 12.5/80 - 20  TR-218A;125;80;20;0;;6;145.69;90.41;5901765007639;;;;;0;3.510;0;;0;0;0;0;
DER053;KADR2001258000TR2;Kabat;DÊTKA 12.5/80 - 20  TR-218A;125;80;20;0;;10;145.69;90.41;5901765007639;;;;;0;3.510;0;;0;0;0;0;
DER053;KADR2001258000TR2;Kabat;DÊTKA 12.5/80 - 20  TR-218A;125;80;20;0;;7;145.69;90.41;5901765007639;;;;;0;3.510;0;;0;0;0;0;
DER053;KADR2001258000TR2;Kabat;DÊTKA 12.5/80 - 20  TR-218A;125;80;20;0;;7;145.69;90.41;5901765007639;;;;;0;3.510;0;;0;0;0;0;
DER053;KADR2001258000TR2;Kabat;DÊTKA 12.5/80 - 20  TR-218A;125;80;20;0;;92;145.69;90.41;5901765007639;;;;;0;3.510;0;;0;0;0;0;
DER053;KADR2001258000TR2;Kabat;DÊTKA 12.5/80 - 20  TR-218A;125;80;20;0;;3;145.69;90.41;5901765007639;;;;;0;3.510;0;;0;0;0;0;
DER053;KADR2001258000TR2;Kabat;DÊTKA 12.5/80 - 20  TR-218A;125;80;20;0;;1;145.69;90.41;5901765007639;;;;;0;3.510;0;;0;0;0;0;
DER053;KADR2001258000TR2;Kabat;DÊTKA 12.5/80 - 20  TR-218A;125;80;20;0;;44;145.69;90.41;5901765007639;;;;;0;3.510;0;;0;0;0;0;
DER053;KADR2001258000TR2;Kabat;DÊTKA 12.5/80 - 20  TR-218A;125;80;20;0;;2;145.69;90.41;5901765007639;;;;;0;3.510;0;;0;0;0;0;
DER053;KADR2001258000TR2;Kabat;DÊTKA 12.5/80 - 20  TR-218A;125;80;20;0;;60;145.69;90.41;5901765007639;;;;;0;3.510;0;;0;0;0;0;
DER053;KADR2001258000TR2;Kabat;DÊTKA 12.5/80 - 20  TR-218A;125;80;20;0;;0;145.69;90.41;5901765007639;;;;;0;3.510;0;;0;0;0;0;
DER053;KADR2001258000TR2;Kabat;DÊTKA 12.5/80 - 20  TR-218A;125;80;20;0;;4;145.69;90.41;5901765007639;;;;;0;3.510;0;;0;0;0;0;
DER036;KADR20012580TR151;Kabat;DÊTKA 12.5/80 - 20  TR-15;125;80;20;T;;8;137.86;87.22;5901765007493;;;;;0;3.510;0;;0;0;0;0;
DER036;KADR20012580TR151;Kabat;DÊTKA 12.5/80 - 20  TR-15;125;80;20;T;;1;137.86;87.22;5901765007493;;;;;0;3.510;0;;0;0;0;0;
DER036;KADR20012580TR151;Kabat;DÊTKA 12.5/80 - 20  TR-15;125;80;20;T;;45;137.86;87.22;5901765007493;;;;;0;3.510;0;;0;0;0;0;
DER036;KADR20012580TR151;Kabat;DÊTKA 12.5/80 - 20  TR-15;125;80;20;T;;6;137.86;87.22;5901765007493;;;;;0;3.510;0;;0;0;0;0;
DER036;KADR20012580TR151;Kabat;DÊTKA 12.5/80 - 20  TR-15;125;80;20;T;;2;137.86;87.22;5901765007493;;;;;0;3.510;0;;0;0;0;0;
DER036;KADR20012580TR151;Kabat;DÊTKA 12.5/80 - 20  TR-15;125;80;20;T;;100;137.86;87.22;5901765007493;;;;;0;3.510;0;;0;0;0;0;
DER036;KADR20012580TR151;Kabat;DÊTKA 12.5/80 - 20  TR-15;125;80;20;T;;60;137.86;87.22;5901765007493;;;;;0;3.510;0;;0;0;0;0;
DER036;KADR20012580TR151;Kabat;DÊTKA 12.5/80 - 20  TR-15;125;80;20;T;;4;137.86;87.22;5901765007493;;;;;0;3.510;0;;0;0;0;0;
DER036;KADR20012580TR151;Kabat;DÊTKA 12.5/80 - 20  TR-15;125;80;20;T;;5;137.86;87.22;5901765007493;;;;;0;3.510;0;;0;0;0;0;
DER036;KADR20012580TR151;Kabat;DÊTKA 12.5/80 - 20  TR-15;125;80;20;T;;2;137.86;87.22;5901765007493;;;;;0;3.510;0;;0;0;0;0;
DER036;KADR20012580TR151;Kabat;DÊTKA 12.5/80 - 20  TR-15;125;80;20;T;;10;137.86;87.22;5901765007493;;;;;0;3.510;0;;0;0;0;0;
DER036;KADR20012580TR151;Kabat;DÊTKA 12.5/80 - 20  TR-15;125;80;20;T;;6;137.86;87.22;5901765007493;;;;;0;3.510;0;;0;0;0;0;
DER036;KADR20012580TR151;Kabat;DÊTKA 12.5/80 - 20  TR-15;125;80;20;T;;5;137.86;87.22;5901765007493;;;;;0;3.510;0;;0;0;0;0;
DER036;KADR20012580TR151;Kabat;DÊTKA 12.5/80 - 20  TR-15;125;80;20;T;;7;137.86;87.22;5901765007493;;;;;0;3.510;0;;0;0;0;0;
DER036;KADR20012580TR151;Kabat;DÊTKA 12.5/80 - 20  TR-15;125;80;20;T;;1;137.86;87.22;5901765007493;;;;;0;3.510;0;;0;0;0;0;
DER090;KADR20014580TR218;Kabat;DÊTKA 14.5/80 - 20  TR-218A;145;80;20;T;;5;172.53;106.82;5901765007943;;;;;0;3.510;0;;0;0;0;0;
DER090;KADR20014580TR218;Kabat;DÊTKA 14.5/80 - 20  TR-218A;145;80;20;T;;2;172.53;106.82;5901765007943;;;;;0;3.510;0;;0;0;0;0;
DER090;KADR20014580TR218;Kabat;DÊTKA 14.5/80 - 20  TR-218A;145;80;20;T;;5;172.53;106.82;5901765007943;;;;;0;3.510;0;;0;0;0;0;
DER090;KADR20014580TR218;Kabat;DÊTKA 14.5/80 - 20  TR-218A;145;80;20;T;;2;172.53;106.82;5901765007943;;;;;0;3.510;0;;0;0;0;0;
DER090;KADR20014580TR218;Kabat;DÊTKA 14.5/80 - 20  TR-218A;145;80;20;T;;4;172.53;106.82;5901765007943;;;;;0;3.510;0;;0;0;0;0;
DER090;KADR20014580TR218;Kabat;DÊTKA 14.5/80 - 20  TR-218A;145;80;20;T;;6;172.53;106.82;5901765007943;;;;;0;3.510;0;;0;0;0;0;
DER090;KADR20014580TR218;Kabat;DÊTKA 14.5/80 - 20  TR-218A;145;80;20;T;;58;172.53;106.82;5901765007943;;;;;0;3.510;0;;0;0;0;0;
DER090;KADR20014580TR218;Kabat;DÊTKA 14.5/80 - 20  TR-218A;145;80;20;T;;20;172.53;106.82;5901765007943;;;;;0;3.510;0;;0;0;0;0;
DER090;KADR20014580TR218;Kabat;DÊTKA 14.5/80 - 20  TR-218A;145;80;20;T;;5;172.53;106.82;5901765007943;;;;;0;3.510;0;;0;0;0;0;
DER090;KADR20014580TR218;Kabat;DÊTKA 14.5/80 - 20  TR-218A;145;80;20;T;;14;172.53;106.82;5901765007943;;;;;0;3.510;0;;0;0;0;0;
DER090;KADR20014580TR218;Kabat;DÊTKA 14.5/80 - 20  TR-218A;145;80;20;T;;9;172.53;106.82;5901765007943;;;;;0;3.510;0;;0;0;0;0;
DER090;KADR20014580TR218;Kabat;DÊTKA 14.5/80 - 20  TR-218A;145;80;20;T;;6;172.53;106.82;5901765007943;;;;;0;3.510;0;;0;0;0;0;
DER070;KADR200167000TR15;Kabat;DÊTKA 16.0/70 - 20  TR-15;16 x 7.5;82;20;0;;100;177.25;109.99;5901765007769;;;;;0;4.210;0;;0;0;0;0;
DER070;KADR200167000TR15;Kabat;DÊTKA 16.0/70 - 20  TR-15;16 x 7.5;82;20;0;;5;177.25;109.99;5901765007769;;;;;0;4.210;0;;0;0;0;0;
DER070;KADR200167000TR15;Kabat;DÊTKA 16.0/70 - 20  TR-15;16 x 7.5;82;20;0;;2;177.25;109.99;5901765007769;;;;;0;4.210;0;;0;0;0;0;
DER070;KADR200167000TR15;Kabat;DÊTKA 16.0/70 - 20  TR-15;16 x 7.5;82;20;0;;1;177.25;109.99;5901765007769;;;;;0;4.210;0;;0;0;0;0;
DER070;KADR200167000TR15;Kabat;DÊTKA 16.0/70 - 20  TR-15;16 x 7.5;82;20;0;;14;177.25;109.99;5901765007769;;;;;0;4.210;0;;0;0;0;0;
DER070;KADR200167000TR15;Kabat;DÊTKA 16.0/70 - 20  TR-15;16 x 7.5;82;20;0;;100;177.25;109.99;5901765007769;;;;;0;4.210;0;;0;0;0;0;
DER070;KADR200167000TR15;Kabat;DÊTKA 16.0/70 - 20  TR-15;16 x 7.5;82;20;0;;4;177.25;109.99;5901765007769;;;;;0;4.210;0;;0;0;0;0;
DER070;KADR200167000TR15;Kabat;DÊTKA 16.0/70 - 20  TR-15;16 x 7.5;82;20;0;;3;177.25;109.99;5901765007769;;;;;0;4.210;0;;0;0;0;0;
DER070;KADR200167000TR15;Kabat;DÊTKA 16.0/70 - 20  TR-15;16 x 7.5;82;20;0;;10;177.25;109.99;5901765007769;;;;;0;4.210;0;;0;0;0;0;
DER070;KADR200167000TR15;Kabat;DÊTKA 16.0/70 - 20  TR-15;16 x 7.5;82;20;0;;4;177.25;109.99;5901765007769;;;;;0;4.210;0;;0;0;0;0;
DER070;KADR200167000TR15;Kabat;DÊTKA 16.0/70 - 20  TR-15;16 x 7.5;82;20;0;;7;177.25;109.99;5901765007769;;;;;0;4.210;0;;0;0;0;0;
DER070;KADR200167000TR15;Kabat;DÊTKA 16.0/70 - 20  TR-15;16 x 7.5;82;20;0;;84;177.25;109.99;5901765007769;;;;;0;4.210;0;;0;0;0;0;
DER070;KADR200167000TR15;Kabat;DÊTKA 16.0/70 - 20  TR-15;16 x 7.5;82;20;0;;8;177.25;109.99;5901765007769;;;;;0;4.210;0;;0;0;0;0;
DER399;KADR200200K003000;Kabat;DÊTKA 20.0/70 - 20  TR-218A;200;;20;0;;1;252.04;156.44;5901765010097;;;;;0;2.000;0;;0;0;0;0;
DER399;KADR200200K003000;Kabat;DÊTKA 20.0/70 - 20  TR-218A;200;;20;0;;8;252.04;156.44;5901765010097;;;;;0;2.000;0;;0;0;0;0;
DER399;KADR200200K003000;Kabat;DÊTKA 20.0/70 - 20  TR-218A;200;;20;0;;1;252.04;156.44;5901765010097;;;;;0;2.000;0;;0;0;0;0;
DER399;KADR200200K003000;Kabat;DÊTKA 20.0/70 - 20  TR-218A;200;;20;0;;2;252.04;156.44;5901765010097;;;;;0;2.000;0;;0;0;0;0;
DER399;KADR200200K003000;Kabat;DÊTKA 20.0/70 - 20  TR-218A;200;;20;0;;2;252.04;156.44;5901765010097;;;;;0;2.000;0;;0;0;0;0;
DER399;KADR200200K003000;Kabat;DÊTKA 20.0/70 - 20  TR-218A;200;;20;0;;5;252.04;156.44;5901765010097;;;;;0;2.000;0;;0;0;0;0;
DER399;KADR200200K003000;Kabat;DÊTKA 20.0/70 - 20  TR-218A;200;;20;0;;2;252.04;156.44;5901765010097;;;;;0;2.000;0;;0;0;0;0;
DER361;KADR200200K00TR15;Kabat;DÊTKA 20.0/70 - 20  TR-15;200;;20;0;;2;240.7;147.75;5901765009756;;;;;0;5.960;0;;0;0;0;0;
DER361;KADR200200K00TR15;Kabat;DÊTKA 20.0/70 - 20  TR-15;200;;20;0;;1;240.7;147.75;5901765009756;;;;;0;5.960;0;;0;0;0;0;
DER361;KADR200200K00TR15;Kabat;DÊTKA 20.0/70 - 20  TR-15;200;;20;0;;9;240.7;147.75;5901765009756;;;;;0;5.960;0;;0;0;0;0;
DER361;KADR200200K00TR15;Kabat;DÊTKA 20.0/70 - 20  TR-15;200;;20;0;;3;240.7;147.75;5901765009756;;;;;0;5.960;0;;0;0;0;0;
DER361;KADR200200K00TR15;Kabat;DÊTKA 20.0/70 - 20  TR-15;200;;20;0;;1;240.7;147.75;5901765009756;;;;;0;5.960;0;;0;0;0;0;
DER361;KADR200200K00TR15;Kabat;DÊTKA 20.0/70 - 20  TR-15;200;;20;0;;5;240.7;147.75;5901765009756;;;;;0;5.960;0;;0;0;0;0;
DER354;KADR200200K00V306;Kabat;DÊTKA 20.0/70 - 20  V3.06.8;200;;20;0;;2;273.71;168.01;5901765009695;;;;;0;2.000;0;;0;0;0;0;
DER354;KADR200200K00V306;Kabat;DÊTKA 20.0/70 - 20  V3.06.8;200;;20;0;;3;273.71;168.01;5901765009695;;;;;0;2.000;0;;0;0;0;0;
DER354;KADR200200K00V306;Kabat;DÊTKA 20.0/70 - 20  V3.06.8;200;;20;0;;2;273.71;168.01;5901765009695;;;;;0;2.000;0;;0;0;0;0;
DER354;KADR200200K00V306;Kabat;DÊTKA 20.0/70 - 20  V3.06.8;200;;20;0;;2;273.71;168.01;5901765009695;;;;;0;2.000;0;;0;0;0;0;
DER354;KADR200200K00V306;Kabat;DÊTKA 20.0/70 - 20  V3.06.8;200;;20;0;;0;273.71;168.01;5901765009695;;;;;0;2.000;0;;0;0;0;0;
DER354;KADR200200K00V306;Kabat;DÊTKA 20.0/70 - 20  V3.06.8;200;;20;0;;27;273.71;168.01;5901765009695;;;;;0;2.000;0;;0;0;0;0;
DER354;KADR200200K00V306;Kabat;DÊTKA 20.0/70 - 20  V3.06.8;200;;20;0;;23;273.71;168.01;5901765009695;;;;;0;2.000;0;;0;0;0;0;
DER354;KADR200200K00V306;Kabat;DÊTKA 20.0/70 - 20  V3.06.8;200;;20;0;;18;273.71;168.01;5901765009695;;;;;0;2.000;0;;0;0;0;0;
DER044;KADR20065000TR150;Kabat;DÊTKA 6.50 - 20  TR-15;650;82;20;T;;4;77.15;47.35;5901765007561;;;;;0;1.600;0;;0;0;0;0;
DER044;KADR20065000TR150;Kabat;DÊTKA 6.50 - 20  TR-15;650;82;20;T;;17;77.15;47.35;5901765007561;;;;;0;1.600;0;;0;0;0;0;
DER044;KADR20065000TR150;Kabat;DÊTKA 6.50 - 20  TR-15;650;82;20;T;;63;77.15;47.35;5901765007561;;;;;0;1.600;0;;0;0;0;0;
DER044;KADR20065000TR150;Kabat;DÊTKA 6.50 - 20  TR-15;650;82;20;T;;1;77.15;47.35;5901765007561;;;;;0;1.600;0;;0;0;0;0;
DER044;KADR20065000TR150;Kabat;DÊTKA 6.50 - 20  TR-15;650;82;20;T;;2;77.15;47.35;5901765007561;;;;;0;1.600;0;;0;0;0;0;
DER044;KADR20065000TR150;Kabat;DÊTKA 6.50 - 20  TR-15;650;82;20;T;;7;77.15;47.35;5901765007561;;;;;0;1.600;0;;0;0;0;0;
DER044;KADR20065000TR150;Kabat;DÊTKA 6.50 - 20  TR-15;650;82;20;T;;3;77.15;47.35;5901765007561;;;;;0;1.600;0;;0;0;0;0;
DER044;KADR20065000TR150;Kabat;DÊTKA 6.50 - 20  TR-15;650;82;20;T;;5;77.15;47.35;5901765007561;;;;;0;1.600;0;;0;0;0;0;
DER044;KADR20065000TR150;Kabat;DÊTKA 6.50 - 20  TR-15;650;82;20;T;;1;77.15;47.35;5901765007561;;;;;0;1.600;0;;0;0;0;0;
DER044;KADR20065000TR150;Kabat;DÊTKA 6.50 - 20  TR-15;650;82;20;T;;36;77.15;47.35;5901765007561;;;;;0;1.600;0;;0;0;0;0;
DER044;KADR20065000TR150;Kabat;DÊTKA 6.50 - 20  TR-15;650;82;20;T;;97;77.15;47.35;5901765007561;;;;;0;1.600;0;;0;0;0;0;
DER044;KADR20065000TR150;Kabat;DÊTKA 6.50 - 20  TR-15;650;82;20;T;;5;77.15;47.35;5901765007561;;;;;0;1.600;0;;0;0;0;0;
DER044;KADR20065000TR150;Kabat;DÊTKA 6.50 - 20  TR-15;650;82;20;T;;3;77.15;47.35;5901765007561;;;;;0;1.600;0;;0;0;0;0;
DER044;KADR20065000TR150;Kabat;DÊTKA 6.50 - 20  TR-15;650;82;20;T;;12;77.15;47.35;5901765007561;;;;;0;1.600;0;;0;0;0;0;
DER044;KADR20065000TR150;Kabat;DÊTKA 6.50 - 20  TR-15;650;82;20;T;;1;77.15;47.35;5901765007561;;;;;0;1.600;0;;0;0;0;0;
DER004;KADR200700750TR15;Kabat;DÊTKA 7.00/7.50 - 20  TR-15;700;75;20;0;;46;59.49;42.14;5901765007219;;;;;0;1.800;0;;0;0;0;0;
DER004;KADR200700750TR15;Kabat;DÊTKA 7.00/7.50 - 20  TR-15;700;75;20;0;;100;59.49;42.14;5901765007219;;;;;0;1.800;0;;0;0;0;0;
DER004;KADR200700750TR15;Kabat;DÊTKA 7.00/7.50 - 20  TR-15;700;75;20;0;;11;59.49;42.14;5901765007219;;;;;0;1.800;0;;0;0;0;0;
DER004;KADR200700750TR15;Kabat;DÊTKA 7.00/7.50 - 20  TR-15;700;75;20;0;;8;59.49;42.14;5901765007219;;;;;0;1.800;0;;0;0;0;0;
DER004;KADR200700750TR15;Kabat;DÊTKA 7.00/7.50 - 20  TR-15;700;75;20;0;;16;59.49;42.14;5901765007219;;;;;0;1.800;0;;0;0;0;0;
DER004;KADR200700750TR15;Kabat;DÊTKA 7.00/7.50 - 20  TR-15;700;75;20;0;;9;59.49;42.14;5901765007219;;;;;0;1.800;0;;0;0;0;0;
DER004;KADR200700750TR15;Kabat;DÊTKA 7.00/7.50 - 20  TR-15;700;75;20;0;;100;59.49;42.14;5901765007219;;;;;0;1.800;0;;0;0;0;0;
DER004;KADR200700750TR15;Kabat;DÊTKA 7.00/7.50 - 20  TR-15;700;75;20;0;;20;59.49;42.14;5901765007219;;;;;0;1.800;0;;0;0;0;0;
DER004;KADR200700750TR15;Kabat;DÊTKA 7.00/7.50 - 20  TR-15;700;75;20;0;;1;59.49;42.14;5901765007219;;;;;0;1.800;0;;0;0;0;0;
DER004;KADR200700750TR15;Kabat;DÊTKA 7.00/7.50 - 20  TR-15;700;75;20;0;;22;59.49;42.14;5901765007219;;;;;0;1.800;0;;0;0;0;0;
DER004;KADR200700750TR15;Kabat;DÊTKA 7.00/7.50 - 20  TR-15;700;75;20;0;;48;59.49;42.14;5901765007219;;;;;0;1.800;0;;0;0;0;0;
DER004;KADR200700750TR15;Kabat;DÊTKA 7.00/7.50 - 20  TR-15;700;75;20;0;;26;59.49;42.14;5901765007219;;;;;0;1.800;0;;0;0;0;0;
DER004;KADR200700750TR15;Kabat;DÊTKA 7.00/7.50 - 20  TR-15;700;75;20;0;;14;59.49;42.14;5901765007219;;;;;0;1.800;0;;0;0;0;0;
DER004;KADR200700750TR15;Kabat;DÊTKA 7.00/7.50 - 20  TR-15;700;75;20;0;;12;59.49;42.14;5901765007219;;;;;0;1.800;0;;0;0;0;0;
DER004;KADR200700750TR15;Kabat;DÊTKA 7.00/7.50 - 20  TR-15;700;75;20;0;;100;59.49;42.14;5901765007219;;;;;0;1.800;0;;0;0;0;0;
DER004;KADR200700750TR15;Kabat;DÊTKA 7.00/7.50 - 20  TR-15;700;75;20;0;;30;59.49;42.14;5901765007219;;;;;0;1.800;0;;0;0;0;0;
DER004;KADR200700750TR15;Kabat;DÊTKA 7.00/7.50 - 20  TR-15;700;75;20;0;;18;59.49;42.14;5901765007219;;;;;0;1.800;0;;0;0;0;0;
DER308;KADR200800950TR15;Kabat;DÊTKA 8.00/9.50 - 20  TR-15;800;95;20;0;;4;130.03;80.36;5901765009312;;;;;0;2.390;0;;0;0;0;0;
DER308;KADR200800950TR15;Kabat;DÊTKA 8.00/9.50 - 20  TR-15;800;95;20;0;;6;130.03;80.36;5901765009312;;;;;0;2.390;0;;0;0;0;0;
DER308;KADR200800950TR15;Kabat;DÊTKA 8.00/9.50 - 20  TR-15;800;95;20;0;;21;130.03;80.36;5901765009312;;;;;0;2.390;0;;0;0;0;0;
DER308;KADR200800950TR15;Kabat;DÊTKA 8.00/9.50 - 20  TR-15;800;95;20;0;;1;130.03;80.36;5901765009312;;;;;0;2.390;0;;0;0;0;0;
DER308;KADR200800950TR15;Kabat;DÊTKA 8.00/9.50 - 20  TR-15;800;95;20;0;;2;130.03;80.36;5901765009312;;;;;0;2.390;0;;0;0;0;0;
DER308;KADR200800950TR15;Kabat;DÊTKA 8.00/9.50 - 20  TR-15;800;95;20;0;;4;130.03;80.36;5901765009312;;;;;0;2.390;0;;0;0;0;0;
DER308;KADR200800950TR15;Kabat;DÊTKA 8.00/9.50 - 20  TR-15;800;95;20;0;;4;130.03;80.36;5901765009312;;;;;0;2.390;0;;0;0;0;0;
DER308;KADR200800950TR15;Kabat;DÊTKA 8.00/9.50 - 20  TR-15;800;95;20;0;;4;130.03;80.36;5901765009312;;;;;0;2.390;0;;0;0;0;0;
DER308;KADR200800950TR15;Kabat;DÊTKA 8.00/9.50 - 20  TR-15;800;95;20;0;;33;130.03;80.36;5901765009312;;;;;0;2.390;0;;0;0;0;0;
DER308;KADR200800950TR15;Kabat;DÊTKA 8.00/9.50 - 20  TR-15;800;95;20;0;;53;130.03;80.36;5901765009312;;;;;0;2.390;0;;0;0;0;0;
DER308;KADR200800950TR15;Kabat;DÊTKA 8.00/9.50 - 20  TR-15;800;95;20;0;;0;130.03;80.36;5901765009312;;;;;0;2.390;0;;0;0;0;0;
DER308;KADR200800950TR15;Kabat;DÊTKA 8.00/9.50 - 20  TR-15;800;95;20;0;;2;130.03;80.36;5901765009312;;;;;0;2.390;0;;0;0;0;0;
DER308;KADR200800950TR15;Kabat;DÊTKA 8.00/9.50 - 20  TR-15;800;95;20;0;;4;130.03;80.36;5901765009312;;;;;0;2.390;0;;0;0;0;0;
DER308;KADR200800950TR15;Kabat;DÊTKA 8.00/9.50 - 20  TR-15;800;95;20;0;;1;130.03;80.36;5901765009312;;;;;0;2.390;0;;0;0;0;0;
DER363;KADR220830950TR21;Kabat;DÊTKA 8.3/9.5  - 22  TR-218;8 x 3.00;95;22;0;;1;160.58;99.67;5901765009770;;;;;0;2.390;0;;0;0;0;0;
DER363;KADR220830950TR21;Kabat;DÊTKA 8.3/9.5  - 22  TR-218;8 x 3.00;95;22;0;;18;160.58;99.67;5901765009770;;;;;0;2.390;0;;0;0;0;0;
DER363;KADR220830950TR21;Kabat;DÊTKA 8.3/9.5  - 22  TR-218;8 x 3.00;95;22;0;;20;160.58;99.67;5901765009770;;;;;0;2.390;0;;0;0;0;0;
DER363;KADR220830950TR21;Kabat;DÊTKA 8.3/9.5  - 22  TR-218;8 x 3.00;95;22;0;;1;160.58;99.67;5901765009770;;;;;0;2.390;0;;0;0;0;0;
DER363;KADR220830950TR21;Kabat;DÊTKA 8.3/9.5  - 22  TR-218;8 x 3.00;95;22;0;;0;160.58;99.67;5901765009770;;;;;0;2.390;0;;0;0;0;0;
DER363;KADR220830950TR21;Kabat;DÊTKA 8.3/9.5  - 22  TR-218;8 x 3.00;95;22;0;;18;160.58;99.67;5901765009770;;;;;0;2.390;0;;0;0;0;0;
DER395;KADR22538565VS321;Kabat;DÊTKA 385/65 - 22.5 VS3.21.1;385;65;22.5;V;;3;226.47;139.01;5901765010059;;;;;0;9.400;0;;0;0;0;0;
DER395;KADR22538565VS321;Kabat;DÊTKA 385/65 - 22.5 VS3.21.1;385;65;22.5;V;;4;226.47;139.01;5901765010059;;;;;0;9.400;0;;0;0;0;0;
DER395;KADR22538565VS321;Kabat;DÊTKA 385/65 - 22.5 VS3.21.1;385;65;22.5;V;;3;226.47;139.01;5901765010059;;;;;0;9.400;0;;0;0;0;0;
DER395;KADR22538565VS321;Kabat;DÊTKA 385/65 - 22.5 VS3.21.1;385;65;22.5;V;;21;226.47;139.01;5901765010059;;;;;0;9.400;0;;0;0;0;0;
DER395;KADR22538565VS321;Kabat;DÊTKA 385/65 - 22.5 VS3.21.1;385;65;22.5;V;;7;226.47;139.01;5901765010059;;;;;0;9.400;0;;0;0;0;0;
DER395;KADR22538565VS321;Kabat;DÊTKA 385/65 - 22.5 VS3.21.1;385;65;22.5;V;;4;226.47;139.01;5901765010059;;;;;0;9.400;0;;0;0;0;0;
DER395;KADR22538565VS321;Kabat;DÊTKA 385/65 - 22.5 VS3.21.1;385;65;22.5;V;;4;226.47;139.01;5901765010059;;;;;0;9.400;0;;0;0;0;0;
DER395;KADR22538565VS321;Kabat;DÊTKA 385/65 - 22.5 VS3.21.1;385;65;22.5;V;;1;226.47;139.01;5901765010059;;;;;0;9.400;0;;0;0;0;0;
DER395;KADR22538565VS321;Kabat;DÊTKA 385/65 - 22.5 VS3.21.1;385;65;22.5;V;;2;226.47;139.01;5901765010059;;;;;0;9.400;0;;0;0;0;0;
DEL751;KADR22550045TR00A;Kabat;DÊTKA 500/45 - 22.5  TR-218A  PREMIUM FORESTRY;500;45;22.5;T;;4;493.52;322.42;;;;;;0;9.400;0;;0;0;0;0;
DEL751;KADR22550045TR00A;Kabat;DÊTKA 500/45 - 22.5  TR-218A  PREMIUM FORESTRY;500;45;22.5;T;;4;493.52;322.42;;;;;;0;9.400;0;;0;0;0;0;
DEL751;KADR22550045TR00A;Kabat;DÊTKA 500/45 - 22.5  TR-218A  PREMIUM FORESTRY;500;45;22.5;T;;4;493.52;322.42;;;;;;0;9.400;0;;0;0;0;0;
DER159;KADR22550045TR218;Kabat;DÊTKA 500/45 - 22.5  TR-218A;500;45;22.5;T;;2;364.92;226.45;5901765008483;;;;;0;9.400;0;;0;0;0;0;
DER159;KADR22550045TR218;Kabat;DÊTKA 500/45 - 22.5  TR-218A;500;45;22.5;T;;2;364.92;226.45;5901765008483;;;;;0;9.400;0;;0;0;0;0;
DER159;KADR22550045TR218;Kabat;DÊTKA 500/45 - 22.5  TR-218A;500;45;22.5;T;;1;364.92;226.45;5901765008483;;;;;0;9.400;0;;0;0;0;0;
DER159;KADR22550045TR218;Kabat;DÊTKA 500/45 - 22.5  TR-218A;500;45;22.5;T;;36;364.92;226.45;5901765008483;;;;;0;9.400;0;;0;0;0;0;
DER159;KADR22550045TR218;Kabat;DÊTKA 500/45 - 22.5  TR-218A;500;45;22.5;T;;2;364.92;226.45;5901765008483;;;;;0;9.400;0;;0;0;0;0;
DER159;KADR22550045TR218;Kabat;DÊTKA 500/45 - 22.5  TR-218A;500;45;22.5;T;;2;364.92;226.45;5901765008483;;;;;0;9.400;0;;0;0;0;0;
DER159;KADR22550045TR218;Kabat;DÊTKA 500/45 - 22.5  TR-218A;500;45;22.5;T;;3;364.92;226.45;5901765008483;;;;;0;9.400;0;;0;0;0;0;
DER159;KADR22550045TR218;Kabat;DÊTKA 500/45 - 22.5  TR-218A;500;45;22.5;T;;31;364.92;226.45;5901765008483;;;;;0;9.400;0;;0;0;0;0;
DER159;KADR22550045TR218;Kabat;DÊTKA 500/45 - 22.5  TR-218A;500;45;22.5;T;;2;364.92;226.45;5901765008483;;;;;0;9.400;0;;0;0;0;0;
DER159;KADR22550045TR218;Kabat;DÊTKA 500/45 - 22.5  TR-218A;500;45;22.5;T;;1;364.92;226.45;5901765008483;;;;;0;9.400;0;;0;0;0;0;
DER159;KADR22550045TR218;Kabat;DÊTKA 500/45 - 22.5  TR-218A;500;45;22.5;T;;2;364.92;226.45;5901765008483;;;;;0;9.400;0;;0;0;0;0;
DER159;KADR22550045TR218;Kabat;DÊTKA 500/45 - 22.5  TR-218A;500;45;22.5;T;;9;364.92;226.45;5901765008483;;;;;0;9.400;0;;0;0;0;0;
DER159;KADR22550045TR218;Kabat;DÊTKA 500/45 - 22.5  TR-218A;500;45;22.5;T;;57;364.92;226.45;5901765008483;;;;;0;9.400;0;;0;0;0;0;
DEL749;KADR225500550600A;Kabat;DÊTKA 500/550/60 - 22.5  TR-218A  PREMIUM FORESTRY;500;55;22.5;0;;9;657.49;430.22;;;;;;0;9.400;0;;0;0;0;0;
DEL749;KADR225500550600A;Kabat;DÊTKA 500/550/60 - 22.5  TR-218A  PREMIUM FORESTRY;500;55;22.5;0;;9;657.49;430.22;;;;;;0;9.400;0;;0;0;0;0;
DEL749;KADR225500550600A;Kabat;DÊTKA 500/550/60 - 22.5  TR-218A  PREMIUM FORESTRY;500;55;22.5;0;;9;657.49;430.22;;;;;;0;9.400;0;;0;0;0;0;
DER176;KADR22550055060TR;Kabat;DÊTKA 500/550/60 - 22.5  TR-218A;500;55;22.5;0;;42;486.16;301.68;5901765008636;;;;;0;9.400;0;;0;0;0;0;
DER176;KADR22550055060TR;Kabat;DÊTKA 500/550/60 - 22.5  TR-218A;500;55;22.5;0;;2;486.16;301.68;5901765008636;;;;;0;9.400;0;;0;0;0;0;
DER176;KADR22550055060TR;Kabat;DÊTKA 500/550/60 - 22.5  TR-218A;500;55;22.5;0;;4;486.16;301.68;5901765008636;;;;;0;9.400;0;;0;0;0;0;
DER176;KADR22550055060TR;Kabat;DÊTKA 500/550/60 - 22.5  TR-218A;500;55;22.5;0;;70;486.16;301.68;5901765008636;;;;;0;9.400;0;;0;0;0;0;
DER176;KADR22550055060TR;Kabat;DÊTKA 500/550/60 - 22.5  TR-218A;500;55;22.5;0;;3;486.16;301.68;5901765008636;;;;;0;9.400;0;;0;0;0;0;
DER176;KADR22550055060TR;Kabat;DÊTKA 500/550/60 - 22.5  TR-218A;500;55;22.5;0;;3;486.16;301.68;5901765008636;;;;;0;9.400;0;;0;0;0;0;
DER176;KADR22550055060TR;Kabat;DÊTKA 500/550/60 - 22.5  TR-218A;500;55;22.5;0;;4;486.16;301.68;5901765008636;;;;;0;9.400;0;;0;0;0;0;
DER176;KADR22550055060TR;Kabat;DÊTKA 500/550/60 - 22.5  TR-218A;500;55;22.5;0;;4;486.16;301.68;5901765008636;;;;;0;9.400;0;;0;0;0;0;
DER176;KADR22550055060TR;Kabat;DÊTKA 500/550/60 - 22.5  TR-218A;500;55;22.5;0;;1;486.16;301.68;5901765008636;;;;;0;9.400;0;;0;0;0;0;
DER176;KADR22550055060TR;Kabat;DÊTKA 500/550/60 - 22.5  TR-218A;500;55;22.5;0;;33;486.16;301.68;5901765008636;;;;;0;9.400;0;;0;0;0;0;
DER176;KADR22550055060TR;Kabat;DÊTKA 500/550/60 - 22.5  TR-218A;500;55;22.5;0;;7;486.16;301.68;5901765008636;;;;;0;9.400;0;;0;0;0;0;
DER176;KADR22550055060TR;Kabat;DÊTKA 500/550/60 - 22.5  TR-218A;500;55;22.5;0;;5;486.16;301.68;5901765008636;;;;;0;9.400;0;;0;0;0;0;
DER176;KADR22550055060TR;Kabat;DÊTKA 500/550/60 - 22.5  TR-218A;500;55;22.5;0;;0;486.16;301.68;5901765008636;;;;;0;9.400;0;;0;0;0;0;
DER176;KADR22550055060TR;Kabat;DÊTKA 500/550/60 - 22.5  TR-218A;500;55;22.5;0;;4;486.16;301.68;5901765008636;;;;;0;9.400;0;;0;0;0;0;
DEL750;KADR22550060TR00A;Kabat;DÊTKA 500/60 - 22.5  TR-218A  PREMIUM FORESTRY;500;60;22.5;T;;9;678.25;440.02;;;;;;0;9.400;0;;0;0;0;0;
DEL750;KADR22550060TR00A;Kabat;DÊTKA 500/60 - 22.5  TR-218A  PREMIUM FORESTRY;500;60;22.5;T;;9;678.25;440.02;;;;;;0;9.400;0;;0;0;0;0;
DEL750;KADR22550060TR00A;Kabat;DÊTKA 500/60 - 22.5  TR-218A  PREMIUM FORESTRY;500;60;22.5;T;;9;678.25;440.02;;;;;;0;9.400;0;;0;0;0;0;
DER550;KADR22550060TR218;Kabat;DÊTKA 500/60 - 22.5  TR-218A;500;60;22.5;T;;9;501.52;307.86;;;;;;0;9.400;0;;0;0;0;0;
DER550;KADR22550060TR218;Kabat;DÊTKA 500/60 - 22.5  TR-218A;500;60;22.5;T;;9;501.52;307.86;;;;;;0;9.400;0;;0;0;0;0;
DER550;KADR22550060TR218;Kabat;DÊTKA 500/60 - 22.5  TR-218A;500;60;22.5;T;;2;501.52;307.86;;;;;;0;9.400;0;;0;0;0;0;
DER550;KADR22550060TR218;Kabat;DÊTKA 500/60 - 22.5  TR-218A;500;60;22.5;T;;2;501.52;307.86;;;;;;0;9.400;0;;0;0;0;0;
DER550;KADR22550060TR218;Kabat;DÊTKA 500/60 - 22.5  TR-218A;500;60;22.5;T;;15;501.52;307.86;;;;;;0;9.400;0;;0;0;0;0;
DER550;KADR22550060TR218;Kabat;DÊTKA 500/60 - 22.5  TR-218A;500;60;22.5;T;;2;501.52;307.86;;;;;;0;9.400;0;;0;0;0;0;
DEL720;KADR22560050TR00A;Kabat;DÊTKA 600/50 - 22.5  TR-218A  PREMIUM FORESTRY;600;50;22.5;T;;7;767.07;470.86;;;;;;0;9.400;0;;0;0;0;0;
DEL720;KADR22560050TR00A;Kabat;DÊTKA 600/50 - 22.5  TR-218A  PREMIUM FORESTRY;600;50;22.5;T;;7;767.07;470.86;;;;;;0;9.400;0;;0;0;0;0;
DEL720;KADR22560050TR00A;Kabat;DÊTKA 600/50 - 22.5  TR-218A  PREMIUM FORESTRY;600;50;22.5;T;;7;767.07;470.86;;;;;;0;9.400;0;;0;0;0;0;
DER175;KADR22560050TR218;Kabat;DÊTKA 600/50 - 22.5  TR-218A;600;50;22.5;T;;24;567.19;352.04;5901765008629;;;;;0;9.400;0;;0;0;0;0;
DER175;KADR22560050TR218;Kabat;DÊTKA 600/50 - 22.5  TR-218A;600;50;22.5;T;;1;567.19;352.04;5901765008629;;;;;0;9.400;0;;0;0;0;0;
DER175;KADR22560050TR218;Kabat;DÊTKA 600/50 - 22.5  TR-218A;600;50;22.5;T;;8;567.19;352.04;5901765008629;;;;;0;9.400;0;;0;0;0;0;
DER175;KADR22560050TR218;Kabat;DÊTKA 600/50 - 22.5  TR-218A;600;50;22.5;T;;12;567.19;352.04;5901765008629;;;;;0;9.400;0;;0;0;0;0;
DER175;KADR22560050TR218;Kabat;DÊTKA 600/50 - 22.5  TR-218A;600;50;22.5;T;;1;567.19;352.04;5901765008629;;;;;0;9.400;0;;0;0;0;0;
DER175;KADR22560050TR218;Kabat;DÊTKA 600/50 - 22.5  TR-218A;600;50;22.5;T;;2;567.19;352.04;5901765008629;;;;;0;9.400;0;;0;0;0;0;
DER175;KADR22560050TR218;Kabat;DÊTKA 600/50 - 22.5  TR-218A;600;50;22.5;T;;4;567.19;352.04;5901765008629;;;;;0;9.400;0;;0;0;0;0;
DER175;KADR22560050TR218;Kabat;DÊTKA 600/50 - 22.5  TR-218A;600;50;22.5;T;;1;567.19;352.04;5901765008629;;;;;0;9.400;0;;0;0;0;0;
DER175;KADR22560050TR218;Kabat;DÊTKA 600/50 - 22.5  TR-218A;600;50;22.5;T;;3;567.19;352.04;5901765008629;;;;;0;9.400;0;;0;0;0;0;
DER175;KADR22560050TR218;Kabat;DÊTKA 600/50 - 22.5  TR-218A;600;50;22.5;T;;1;567.19;352.04;5901765008629;;;;;0;9.400;0;;0;0;0;0;
DER175;KADR22560050TR218;Kabat;DÊTKA 600/50 - 22.5  TR-218A;600;50;22.5;T;;3;567.19;352.04;5901765008629;;;;;0;9.400;0;;0;0;0;0;
DEL753;KADR22565060TR00A;Kabat;DÊTKA 650/60 - 22.5  TR-218A  PREMIUM FORESTRY;650;60;22.5;T;;5;824.46;541.81;;;;;;0;14.300;0;;0;0;0;0;
DEL753;KADR22565060TR00A;Kabat;DÊTKA 650/60 - 22.5  TR-218A  PREMIUM FORESTRY;650;60;22.5;T;;5;824.46;541.81;;;;;;0;14.300;0;;0;0;0;0;
DEL753;KADR22565060TR00A;Kabat;DÊTKA 650/60 - 22.5  TR-218A  PREMIUM FORESTRY;650;60;22.5;T;;5;824.46;541.81;;;;;;0;14.300;0;;0;0;0;0;
DEL743;KADR22571045TR00A;Kabat;DÊTKA 710/45 - 22.5  TR-218A  PREMIUM FORESTRY;710;45;22.5;T;;3;885.69;582.05;;;;;;0;13.000;0;;0;0;0;0;
DEL743;KADR22571045TR00A;Kabat;DÊTKA 710/45 - 22.5  TR-218A  PREMIUM FORESTRY;710;45;22.5;T;;2;885.69;582.05;;;;;;0;13.000;0;;0;0;0;0;
DEL743;KADR22571045TR00A;Kabat;DÊTKA 710/45 - 22.5  TR-218A  PREMIUM FORESTRY;710;45;22.5;T;;5;885.69;582.05;;;;;;0;13.000;0;;0;0;0;0;
DEL743;KADR22571045TR00A;Kabat;DÊTKA 710/45 - 22.5  TR-218A  PREMIUM FORESTRY;710;45;22.5;T;;5;885.69;582.05;;;;;;0;13.000;0;;0;0;0;0;
DER104;KADR24001690TR218;Kabat;DÊTKA 16.9/14 - 24  TR-218A;;90;24;T;;0;240.27;149.1;5901765008070;;;;;0;5.880;0;;0;0;0;0;
DER104;KADR24001690TR218;Kabat;DÊTKA 16.9/14 - 24  TR-218A;;90;24;T;;100;240.27;149.1;5901765008070;;;;;0;5.880;0;;0;0;0;0;
DER104;KADR24001690TR218;Kabat;DÊTKA 16.9/14 - 24  TR-218A;;90;24;T;;2;240.27;149.1;5901765008070;;;;;0;5.880;0;;0;0;0;0;
DER104;KADR24001690TR218;Kabat;DÊTKA 16.9/14 - 24  TR-218A;;90;24;T;;9;240.27;149.1;5901765008070;;;;;0;5.880;0;;0;0;0;0;
DER104;KADR24001690TR218;Kabat;DÊTKA 16.9/14 - 24  TR-218A;;90;24;T;;3;240.27;149.1;5901765008070;;;;;0;5.880;0;;0;0;0;0;
DER104;KADR24001690TR218;Kabat;DÊTKA 16.9/14 - 24  TR-218A;;90;24;T;;8;240.27;149.1;5901765008070;;;;;0;5.880;0;;0;0;0;0;
DER104;KADR24001690TR218;Kabat;DÊTKA 16.9/14 - 24  TR-218A;;90;24;T;;100;240.27;149.1;5901765008070;;;;;0;5.880;0;;0;0;0;0;
DER104;KADR24001690TR218;Kabat;DÊTKA 16.9/14 - 24  TR-218A;;90;24;T;;16;240.27;149.1;5901765008070;;;;;0;5.880;0;;0;0;0;0;
DER104;KADR24001690TR218;Kabat;DÊTKA 16.9/14 - 24  TR-218A;;90;24;T;;1;240.27;149.1;5901765008070;;;;;0;5.880;0;;0;0;0;0;
DER104;KADR24001690TR218;Kabat;DÊTKA 16.9/14 - 24  TR-218A;;90;24;T;;9;240.27;149.1;5901765008070;;;;;0;5.880;0;;0;0;0;0;
DER104;KADR24001690TR218;Kabat;DÊTKA 16.9/14 - 24  TR-218A;;90;24;T;;4;240.27;149.1;5901765008070;;;;;0;5.880;0;;0;0;0;0;
DER104;KADR24001690TR218;Kabat;DÊTKA 16.9/14 - 24  TR-218A;;90;24;T;;4;240.27;149.1;5901765008070;;;;;0;5.880;0;;0;0;0;0;
DER104;KADR24001690TR218;Kabat;DÊTKA 16.9/14 - 24  TR-218A;;90;24;T;;5;240.27;149.1;5901765008070;;;;;0;5.880;0;;0;0;0;0;
DER104;KADR24001690TR218;Kabat;DÊTKA 16.9/14 - 24  TR-218A;;90;24;T;;100;240.27;149.1;5901765008070;;;;;0;5.880;0;;0;0;0;0;
DER104;KADR24001690TR218;Kabat;DÊTKA 16.9/14 - 24  TR-218A;;90;24;T;;24;240.27;149.1;5901765008070;;;;;0;5.880;0;;0;0;0;0;
DER104;KADR24001690TR218;Kabat;DÊTKA 16.9/14 - 24  TR-218A;;90;24;T;;1;240.27;149.1;5901765008070;;;;;0;5.880;0;;0;0;0;0;
DER104;KADR24001690TR218;Kabat;DÊTKA 16.9/14 - 24  TR-218A;;90;24;T;;6;240.27;149.1;5901765008070;;;;;0;5.880;0;;0;0;0;0;
DER011;KADR2401121240218;Kabat;DÊTKA 11.2/12.4 - 24  TR-218A;;120;24;A4;;13;102.85;79.38;5901765007288;;;;;0;3.370;0;;0;0;0;0;
DER011;KADR2401121240218;Kabat;DÊTKA 11.2/12.4 - 24  TR-218A;;120;24;A4;;11;102.85;79.38;5901765007288;;;;;0;3.370;0;;0;0;0;0;
DER011;KADR2401121240218;Kabat;DÊTKA 11.2/12.4 - 24  TR-218A;;120;24;A4;;8;102.85;79.38;5901765007288;;;;;0;3.370;0;;0;0;0;0;
DER011;KADR2401121240218;Kabat;DÊTKA 11.2/12.4 - 24  TR-218A;;120;24;A4;;21;102.85;79.38;5901765007288;;;;;0;3.370;0;;0;0;0;0;
DER011;KADR2401121240218;Kabat;DÊTKA 11.2/12.4 - 24  TR-218A;;120;24;A4;;2;102.85;79.38;5901765007288;;;;;0;3.370;0;;0;0;0;0;
DER011;KADR2401121240218;Kabat;DÊTKA 11.2/12.4 - 24  TR-218A;;120;24;A4;;100;102.85;79.38;5901765007288;;;;;0;3.370;0;;0;0;0;0;
DER011;KADR2401121240218;Kabat;DÊTKA 11.2/12.4 - 24  TR-218A;;120;24;A4;;100;102.85;79.38;5901765007288;;;;;0;3.370;0;;0;0;0;0;
DER011;KADR2401121240218;Kabat;DÊTKA 11.2/12.4 - 24  TR-218A;;120;24;A4;;3;102.85;79.38;5901765007288;;;;;0;3.370;0;;0;0;0;0;
DER011;KADR2401121240218;Kabat;DÊTKA 11.2/12.4 - 24  TR-218A;;120;24;A4;;11;102.85;79.38;5901765007288;;;;;0;3.370;0;;0;0;0;0;
DER011;KADR2401121240218;Kabat;DÊTKA 11.2/12.4 - 24  TR-218A;;120;24;A4;;4;102.85;79.38;5901765007288;;;;;0;3.370;0;;0;0;0;0;
DER011;KADR2401121240218;Kabat;DÊTKA 11.2/12.4 - 24  TR-218A;;120;24;A4;;9;102.85;79.38;5901765007288;;;;;0;3.370;0;;0;0;0;0;
DER011;KADR2401121240218;Kabat;DÊTKA 11.2/12.4 - 24  TR-218A;;120;24;A4;;12;102.85;79.38;5901765007288;;;;;0;3.370;0;;0;0;0;0;
DER011;KADR2401121240218;Kabat;DÊTKA 11.2/12.4 - 24  TR-218A;;120;24;A4;;9;102.85;79.38;5901765007288;;;;;0;3.370;0;;0;0;0;0;
DER011;KADR2401121240218;Kabat;DÊTKA 11.2/12.4 - 24  TR-218A;;120;24;A4;;17;102.85;79.38;5901765007288;;;;;0;3.370;0;;0;0;0;0;
DER011;KADR2401121240218;Kabat;DÊTKA 11.2/12.4 - 24  TR-218A;;120;24;A4;;10;102.85;79.38;5901765007288;;;;;0;3.370;0;;0;0;0;0;
DER011;KADR2401121240218;Kabat;DÊTKA 11.2/12.4 - 24  TR-218A;;120;24;A4;;100;102.85;79.38;5901765007288;;;;;0;3.370;0;;0;0;0;0;
DER642;KADR240112124P218;Kabat;DÊTKA 11.2/12.4 - 24  TR-218A  [premium];;120;24;A4;premium;59;129.07;106.82;5901765022502;;;;;0;3.370;0;;0;0;0;0;
DER642;KADR240112124P218;Kabat;DÊTKA 11.2/12.4 - 24  TR-218A  [premium];;120;24;A4;premium;40;129.07;106.82;5901765022502;;;;;0;3.370;0;;0;0;0;0;
DER642;KADR240112124P218;Kabat;DÊTKA 11.2/12.4 - 24  TR-218A  [premium];;120;24;A4;premium;1;129.07;106.82;5901765022502;;;;;0;3.370;0;;0;0;0;0;
DER642;KADR240112124P218;Kabat;DÊTKA 11.2/12.4 - 24  TR-218A  [premium];;120;24;A4;premium;1;129.07;106.82;5901765022502;;;;;0;3.370;0;;0;0;0;0;
DER642;KADR240112124P218;Kabat;DÊTKA 11.2/12.4 - 24  TR-218A  [premium];;120;24;A4;premium;9;129.07;106.82;5901765022502;;;;;0;3.370;0;;0;0;0;0;
DER642;KADR240112124P218;Kabat;DÊTKA 11.2/12.4 - 24  TR-218A  [premium];;120;24;A4;premium;5;129.07;106.82;5901765022502;;;;;0;3.370;0;;0;0;0;0;
DER642;KADR240112124P218;Kabat;DÊTKA 11.2/12.4 - 24  TR-218A  [premium];;120;24;A4;premium;4;129.07;106.82;5901765022502;;;;;0;3.370;0;;0;0;0;0;
DER642;KADR240112124P218;Kabat;DÊTKA 11.2/12.4 - 24  TR-218A  [premium];;120;24;A4;premium;4;129.07;106.82;5901765022502;;;;;0;3.370;0;;0;0;0;0;
DER642;KADR240112124P218;Kabat;DÊTKA 11.2/12.4 - 24  TR-218A  [premium];;120;24;A4;premium;29;129.07;106.82;5901765022502;;;;;0;3.370;0;;0;0;0;0;
DER642;KADR240112124P218;Kabat;DÊTKA 11.2/12.4 - 24  TR-218A  [premium];;120;24;A4;premium;1;129.07;106.82;5901765022502;;;;;0;3.370;0;;0;0;0;0;
DER642;KADR240112124P218;Kabat;DÊTKA 11.2/12.4 - 24  TR-218A  [premium];;120;24;A4;premium;5;129.07;106.82;5901765022502;;;;;0;3.370;0;;0;0;0;0;
DER012;KADR2401361490000;Kabat;DÊTKA 13.6/14.9 - 24  TR-218A;13 x 6.50;14;24;A9;;2;175.84;109.27;5901765007295;;;;;0;4.490;0;;0;0;0;0;
DER012;KADR2401361490000;Kabat;DÊTKA 13.6/14.9 - 24  TR-218A;13 x 6.50;14;24;A9;;100;175.84;109.27;5901765007295;;;;;0;4.490;0;;0;0;0;0;
DER012;KADR2401361490000;Kabat;DÊTKA 13.6/14.9 - 24  TR-218A;13 x 6.50;14;24;A9;;10;175.84;109.27;5901765007295;;;;;0;4.490;0;;0;0;0;0;
DER012;KADR2401361490000;Kabat;DÊTKA 13.6/14.9 - 24  TR-218A;13 x 6.50;14;24;A9;;5;175.84;109.27;5901765007295;;;;;0;4.490;0;;0;0;0;0;
DER012;KADR2401361490000;Kabat;DÊTKA 13.6/14.9 - 24  TR-218A;13 x 6.50;14;24;A9;;15;175.84;109.27;5901765007295;;;;;0;4.490;0;;0;0;0;0;
DER012;KADR2401361490000;Kabat;DÊTKA 13.6/14.9 - 24  TR-218A;13 x 6.50;14;24;A9;;23;175.84;109.27;5901765007295;;;;;0;4.490;0;;0;0;0;0;
DER012;KADR2401361490000;Kabat;DÊTKA 13.6/14.9 - 24  TR-218A;13 x 6.50;14;24;A9;;100;175.84;109.27;5901765007295;;;;;0;4.490;0;;0;0;0;0;
DER012;KADR2401361490000;Kabat;DÊTKA 13.6/14.9 - 24  TR-218A;13 x 6.50;14;24;A9;;35;175.84;109.27;5901765007295;;;;;0;4.490;0;;0;0;0;0;
DER012;KADR2401361490000;Kabat;DÊTKA 13.6/14.9 - 24  TR-218A;13 x 6.50;14;24;A9;;100;175.84;109.27;5901765007295;;;;;0;4.490;0;;0;0;0;0;
DER012;KADR2401361490000;Kabat;DÊTKA 13.6/14.9 - 24  TR-218A;13 x 6.50;14;24;A9;;4;175.84;109.27;5901765007295;;;;;0;4.490;0;;0;0;0;0;
DER012;KADR2401361490000;Kabat;DÊTKA 13.6/14.9 - 24  TR-218A;13 x 6.50;14;24;A9;;51;175.84;109.27;5901765007295;;;;;0;4.490;0;;0;0;0;0;
DER012;KADR2401361490000;Kabat;DÊTKA 13.6/14.9 - 24  TR-218A;13 x 6.50;14;24;A9;;1;175.84;109.27;5901765007295;;;;;0;4.490;0;;0;0;0;0;
DER012;KADR2401361490000;Kabat;DÊTKA 13.6/14.9 - 24  TR-218A;13 x 6.50;14;24;A9;;28;175.84;109.27;5901765007295;;;;;0;4.490;0;;0;0;0;0;
DER012;KADR2401361490000;Kabat;DÊTKA 13.6/14.9 - 24  TR-218A;13 x 6.50;14;24;A9;;8;175.84;109.27;5901765007295;;;;;0;4.490;0;;0;0;0;0;
DER012;KADR2401361490000;Kabat;DÊTKA 13.6/14.9 - 24  TR-218A;13 x 6.50;14;24;A9;;16;175.84;109.27;5901765007295;;;;;0;4.490;0;;0;0;0;0;
DER640;KADR240136149PRE0;Kabat;DÊTKA 13.6/14.9 - 24  TR-218A  [premium];13 x 6.50;14;24;A9;premium;4;211.75;135.24;5901765022489;;;;;0;4.490;0;;0;0;0;0;
DER640;KADR240136149PRE0;Kabat;DÊTKA 13.6/14.9 - 24  TR-218A  [premium];13 x 6.50;14;24;A9;premium;3;211.75;135.24;5901765022489;;;;;0;4.490;0;;0;0;0;0;
DER640;KADR240136149PRE0;Kabat;DÊTKA 13.6/14.9 - 24  TR-218A  [premium];13 x 6.50;14;24;A9;premium;5;211.75;135.24;5901765022489;;;;;0;4.490;0;;0;0;0;0;
DER640;KADR240136149PRE0;Kabat;DÊTKA 13.6/14.9 - 24  TR-218A  [premium];13 x 6.50;14;24;A9;premium;2;211.75;135.24;5901765022489;;;;;0;4.490;0;;0;0;0;0;
DER640;KADR240136149PRE0;Kabat;DÊTKA 13.6/14.9 - 24  TR-218A  [premium];13 x 6.50;14;24;A9;premium;4;211.75;135.24;5901765022489;;;;;0;4.490;0;;0;0;0;0;
DER640;KADR240136149PRE0;Kabat;DÊTKA 13.6/14.9 - 24  TR-218A  [premium];13 x 6.50;14;24;A9;premium;6;211.75;135.24;5901765022489;;;;;0;4.490;0;;0;0;0;0;
DER640;KADR240136149PRE0;Kabat;DÊTKA 13.6/14.9 - 24  TR-218A  [premium];13 x 6.50;14;24;A9;premium;2;211.75;135.24;5901765022489;;;;;0;4.490;0;;0;0;0;0;
DER640;KADR240136149PRE0;Kabat;DÊTKA 13.6/14.9 - 24  TR-218A  [premium];13 x 6.50;14;24;A9;premium;1;211.75;135.24;5901765022489;;;;;0;4.490;0;;0;0;0;0;
DER640;KADR240136149PRE0;Kabat;DÊTKA 13.6/14.9 - 24  TR-218A  [premium];13 x 6.50;14;24;A9;premium;2;211.75;135.24;5901765022489;;;;;0;4.490;0;;0;0;0;0;
DER640;KADR240136149PRE0;Kabat;DÊTKA 13.6/14.9 - 24  TR-218A  [premium];13 x 6.50;14;24;A9;premium;37;211.75;135.24;5901765022489;;;;;0;4.490;0;;0;0;0;0;
DER640;KADR240136149PRE0;Kabat;DÊTKA 13.6/14.9 - 24  TR-218A  [premium];13 x 6.50;14;24;A9;premium;46;211.75;135.24;5901765022489;;;;;0;4.490;0;;0;0;0;0;
DER640;KADR240136149PRE0;Kabat;DÊTKA 13.6/14.9 - 24  TR-218A  [premium];13 x 6.50;14;24;A9;premium;68;211.75;135.24;5901765022489;;;;;0;4.490;0;;0;0;0;0;
DER640;KADR240136149PRE0;Kabat;DÊTKA 13.6/14.9 - 24  TR-218A  [premium];13 x 6.50;14;24;A9;premium;2;211.75;135.24;5901765022489;;;;;0;4.490;0;;0;0;0;0;
DER215;KADR240140024TRJC;Kabat;DÊTKA 14.00 - 24  TRJ-1175C;140;530;24;A4;;5;285.98;175.55;5901765008810;;;;;0;4.810;0;;0;0;0;0;
DER215;KADR240140024TRJC;Kabat;DÊTKA 14.00 - 24  TRJ-1175C;140;530;24;A4;;5;285.98;175.55;5901765008810;;;;;0;4.810;0;;0;0;0;0;
DER215;KADR240140024TRJC;Kabat;DÊTKA 14.00 - 24  TRJ-1175C;140;530;24;A4;;8;285.98;175.55;5901765008810;;;;;0;4.810;0;;0;0;0;0;
DER215;KADR240140024TRJC;Kabat;DÊTKA 14.00 - 24  TRJ-1175C;140;530;24;A4;;13;285.98;175.55;5901765008810;;;;;0;4.810;0;;0;0;0;0;
DER277;KADR2401558000218;Kabat;DÊTKA 15.5/80 - 24  (16.5/85 - 24)  TR-218A;155;80;24;0;;4;201.34;124.94;5901765009114;;;;;0;4.820;0;;0;0;0;0;
DER277;KADR2401558000218;Kabat;DÊTKA 15.5/80 - 24  (16.5/85 - 24)  TR-218A;155;80;24;0;;8;201.34;124.94;5901765009114;;;;;0;4.820;0;;0;0;0;0;
DER277;KADR2401558000218;Kabat;DÊTKA 15.5/80 - 24  (16.5/85 - 24)  TR-218A;155;80;24;0;;9;201.34;124.94;5901765009114;;;;;0;4.820;0;;0;0;0;0;
DER277;KADR2401558000218;Kabat;DÊTKA 15.5/80 - 24  (16.5/85 - 24)  TR-218A;155;80;24;0;;7;201.34;124.94;5901765009114;;;;;0;4.820;0;;0;0;0;0;
DER277;KADR2401558000218;Kabat;DÊTKA 15.5/80 - 24  (16.5/85 - 24)  TR-218A;155;80;24;0;;53;201.34;124.94;5901765009114;;;;;0;4.820;0;;0;0;0;0;
DER277;KADR2401558000218;Kabat;DÊTKA 15.5/80 - 24  (16.5/85 - 24)  TR-218A;155;80;24;0;;24;201.34;124.94;5901765009114;;;;;0;4.820;0;;0;0;0;0;
DER277;KADR2401558000218;Kabat;DÊTKA 15.5/80 - 24  (16.5/85 - 24)  TR-218A;155;80;24;0;;3;201.34;124.94;5901765009114;;;;;0;4.820;0;;0;0;0;0;
DER277;KADR2401558000218;Kabat;DÊTKA 15.5/80 - 24  (16.5/85 - 24)  TR-218A;155;80;24;0;;99;201.34;124.94;5901765009114;;;;;0;4.820;0;;0;0;0;0;
DER277;KADR2401558000218;Kabat;DÊTKA 15.5/80 - 24  (16.5/85 - 24)  TR-218A;155;80;24;0;;0;201.34;124.94;5901765009114;;;;;0;4.820;0;;0;0;0;0;
DER277;KADR2401558000218;Kabat;DÊTKA 15.5/80 - 24  (16.5/85 - 24)  TR-218A;155;80;24;0;;16;201.34;124.94;5901765009114;;;;;0;4.820;0;;0;0;0;0;
DER277;KADR2401558000218;Kabat;DÊTKA 15.5/80 - 24  (16.5/85 - 24)  TR-218A;155;80;24;0;;4;201.34;124.94;5901765009114;;;;;0;4.820;0;;0;0;0;0;
DER277;KADR2401558000218;Kabat;DÊTKA 15.5/80 - 24  (16.5/85 - 24)  TR-218A;155;80;24;0;;10;201.34;124.94;5901765009114;;;;;0;4.820;0;;0;0;0;0;
DER277;KADR2401558000218;Kabat;DÊTKA 15.5/80 - 24  (16.5/85 - 24)  TR-218A;155;80;24;0;;8;201.34;124.94;5901765009114;;;;;0;4.820;0;;0;0;0;0;
DER277;KADR2401558000218;Kabat;DÊTKA 15.5/80 - 24  (16.5/85 - 24)  TR-218A;155;80;24;0;;2;201.34;124.94;5901765009114;;;;;0;4.820;0;;0;0;0;0;
DER277;KADR2401558000218;Kabat;DÊTKA 15.5/80 - 24  (16.5/85 - 24)  TR-218A;155;80;24;0;;4;201.34;124.94;5901765009114;;;;;0;4.820;0;;0;0;0;0;
DER414;KADR2401950000000;Kabat;DÊTKA 19.5L - 24  TR-218A;195;82;24;0;;3;404.11;248.06;5901765010233;;;;;0;4.290;0;;0;0;0;0;
DER414;KADR2401950000000;Kabat;DÊTKA 19.5L - 24  TR-218A;195;82;24;0;;5;404.11;248.06;5901765010233;;;;;0;4.290;0;;0;0;0;0;
DER414;KADR2401950000000;Kabat;DÊTKA 19.5L - 24  TR-218A;195;82;24;0;;13;404.11;248.06;5901765010233;;;;;0;4.290;0;;0;0;0;0;
DER414;KADR2401950000000;Kabat;DÊTKA 19.5L - 24  TR-218A;195;82;24;0;;10;404.11;248.06;5901765010233;;;;;0;4.290;0;;0;0;0;0;
DER414;KADR2401950000000;Kabat;DÊTKA 19.5L - 24  TR-218A;195;82;24;0;;3;404.11;248.06;5901765010233;;;;;0;4.290;0;;0;0;0;0;
DER414;KADR2401950000000;Kabat;DÊTKA 19.5L - 24  TR-218A;195;82;24;0;;3;404.11;248.06;5901765010233;;;;;0;4.290;0;;0;0;0;0;
DER414;KADR2401950000000;Kabat;DÊTKA 19.5L - 24  TR-218A;195;82;24;0;;24;404.11;248.06;5901765010233;;;;;0;4.290;0;;0;0;0;0;
DER091;KADR240200TRJ1175;Kabat;DÊTKA 20.00 - 24  TRJ-1175C;200;;24;J;;1;385.57;236.68;5901765007950;;;;;0;7.480;0;;0;0;0;0;
DER091;KADR240200TRJ1175;Kabat;DÊTKA 20.00 - 24  TRJ-1175C;200;;24;J;;4;385.57;236.68;5901765007950;;;;;0;7.480;0;;0;0;0;0;
DER091;KADR240200TRJ1175;Kabat;DÊTKA 20.00 - 24  TRJ-1175C;200;;24;J;;3;385.57;236.68;5901765007950;;;;;0;7.480;0;;0;0;0;0;
DER091;KADR240200TRJ1175;Kabat;DÊTKA 20.00 - 24  TRJ-1175C;200;;24;J;;1;385.57;236.68;5901765007950;;;;;0;7.480;0;;0;0;0;0;
DER091;KADR240200TRJ1175;Kabat;DÊTKA 20.00 - 24  TRJ-1175C;200;;24;J;;0;385.57;236.68;5901765007950;;;;;0;7.480;0;;0;0;0;0;
DER495;KADR2402130000000;Kabat;DÊTKA 21.3 - 24  TR-218A;21.3;82;24;0;;5;528.21;327.84;5901765010974;;;;;0;4.490;0;;0;0;0;0;
DER495;KADR2402130000000;Kabat;DÊTKA 21.3 - 24  TR-218A;21.3;82;24;0;;1;528.21;327.84;5901765010974;;;;;0;4.490;0;;0;0;0;0;
DER495;KADR2402130000000;Kabat;DÊTKA 21.3 - 24  TR-218A;21.3;82;24;0;;4;528.21;327.84;5901765010974;;;;;0;4.490;0;;0;0;0;0;
DER495;KADR2402130000000;Kabat;DÊTKA 21.3 - 24  TR-218A;21.3;82;24;0;;4;528.21;327.84;5901765010974;;;;;0;4.490;0;;0;0;0;0;
DER198;KADR2404204603000;Kabat;DÊTKA 420 - 460/70 - 24  TR-218A;420;;24;0;;3;350.82;215.36;5901765008728;;;;;0;5.880;0;;0;0;0;0;
DER198;KADR2404204603000;Kabat;DÊTKA 420 - 460/70 - 24  TR-218A;420;;24;0;;3;350.82;215.36;5901765008728;;;;;0;5.880;0;;0;0;0;0;
DER198;KADR2404204603000;Kabat;DÊTKA 420 - 460/70 - 24  TR-218A;420;;24;0;;3;350.82;215.36;5901765008728;;;;;0;5.880;0;;0;0;0;0;
DER198;KADR2404204603000;Kabat;DÊTKA 420 - 460/70 - 24  TR-218A;420;;24;0;;3;350.82;215.36;5901765008728;;;;;0;5.880;0;;0;0;0;0;
DER198;KADR2404204603000;Kabat;DÊTKA 420 - 460/70 - 24  TR-218A;420;;24;0;;9;350.82;215.36;5901765008728;;;;;0;5.880;0;;0;0;0;0;
DER198;KADR2404204603000;Kabat;DÊTKA 420 - 460/70 - 24  TR-218A;420;;24;0;;2;350.82;215.36;5901765008728;;;;;0;5.880;0;;0;0;0;0;
DER198;KADR2404204603000;Kabat;DÊTKA 420 - 460/70 - 24  TR-218A;420;;24;0;;1;350.82;215.36;5901765008728;;;;;0;5.880;0;;0;0;0;0;
DER198;KADR2404204603000;Kabat;DÊTKA 420 - 460/70 - 24  TR-218A;420;;24;0;;1;350.82;215.36;5901765008728;;;;;0;5.880;0;;0;0;0;0;
DER198;KADR2404204603000;Kabat;DÊTKA 420 - 460/70 - 24  TR-218A;420;;24;0;;1;350.82;215.36;5901765008728;;;;;0;5.880;0;;0;0;0;0;
DER198;KADR2404204603000;Kabat;DÊTKA 420 - 460/70 - 24  TR-218A;420;;24;0;;26;350.82;215.36;5901765008728;;;;;0;5.880;0;;0;0;0;0;
DER198;KADR2404204603000;Kabat;DÊTKA 420 - 460/70 - 24  TR-218A;420;;24;0;;3;350.82;215.36;5901765008728;;;;;0;5.880;0;;0;0;0;0;
DER198;KADR2404204603000;Kabat;DÊTKA 420 - 460/70 - 24  TR-218A;420;;24;0;;6;350.82;215.36;5901765008728;;;;;0;5.880;0;;0;0;0;0;
DER050;KADR24083000TR218;Kabat;DÊTKA 8.3/9.5 - 24  TR-218A;8 x 3.00;82;24;T;;3;161.77;100.38;5901765007615;;;;;0;2.600;0;;0;0;0;0;
DER050;KADR24083000TR218;Kabat;DÊTKA 8.3/9.5 - 24  TR-218A;8 x 3.00;82;24;T;;2;161.77;100.38;5901765007615;;;;;0;2.600;0;;0;0;0;0;
DER050;KADR24083000TR218;Kabat;DÊTKA 8.3/9.5 - 24  TR-218A;8 x 3.00;82;24;T;;4;161.77;100.38;5901765007615;;;;;0;2.600;0;;0;0;0;0;
DER050;KADR24083000TR218;Kabat;DÊTKA 8.3/9.5 - 24  TR-218A;8 x 3.00;82;24;T;;1;161.77;100.38;5901765007615;;;;;0;2.600;0;;0;0;0;0;
DER050;KADR24083000TR218;Kabat;DÊTKA 8.3/9.5 - 24  TR-218A;8 x 3.00;82;24;T;;2;161.77;100.38;5901765007615;;;;;0;2.600;0;;0;0;0;0;
DER050;KADR24083000TR218;Kabat;DÊTKA 8.3/9.5 - 24  TR-218A;8 x 3.00;82;24;T;;4;161.77;100.38;5901765007615;;;;;0;2.600;0;;0;0;0;0;
DER050;KADR24083000TR218;Kabat;DÊTKA 8.3/9.5 - 24  TR-218A;8 x 3.00;82;24;T;;39;161.77;100.38;5901765007615;;;;;0;2.600;0;;0;0;0;0;
DER050;KADR24083000TR218;Kabat;DÊTKA 8.3/9.5 - 24  TR-218A;8 x 3.00;82;24;T;;6;161.77;100.38;5901765007615;;;;;0;2.600;0;;0;0;0;0;
DER050;KADR24083000TR218;Kabat;DÊTKA 8.3/9.5 - 24  TR-218A;8 x 3.00;82;24;T;;3;161.77;100.38;5901765007615;;;;;0;2.600;0;;0;0;0;0;
DER050;KADR24083000TR218;Kabat;DÊTKA 8.3/9.5 - 24  TR-218A;8 x 3.00;82;24;T;;1;161.77;100.38;5901765007615;;;;;0;2.600;0;;0;0;0;0;
DER050;KADR24083000TR218;Kabat;DÊTKA 8.3/9.5 - 24  TR-218A;8 x 3.00;82;24;T;;68;161.77;100.38;5901765007615;;;;;0;2.600;0;;0;0;0;0;
DER050;KADR24083000TR218;Kabat;DÊTKA 8.3/9.5 - 24  TR-218A;8 x 3.00;82;24;T;;32;161.77;100.38;5901765007615;;;;;0;2.600;0;;0;0;0;0;
DER050;KADR24083000TR218;Kabat;DÊTKA 8.3/9.5 - 24  TR-218A;8 x 3.00;82;24;T;;0;161.77;100.38;5901765007615;;;;;0;2.600;0;;0;0;0;0;
DER050;KADR24083000TR218;Kabat;DÊTKA 8.3/9.5 - 24  TR-218A;8 x 3.00;82;24;T;;10;161.77;100.38;5901765007615;;;;;0;2.600;0;;0;0;0;0;
DER336;KADR240G607005000;Kabat;DÊTKA 16.0/70 - 24  TR-218A;16.0;70;24;0;;21;181.56;112.67;5901765009565;;;;;0;4.490;0;;0;0;0;0;
DER336;KADR240G607005000;Kabat;DÊTKA 16.0/70 - 24  TR-218A;16.0;70;24;0;;32;181.56;112.67;5901765009565;;;;;0;4.490;0;;0;0;0;0;
DER336;KADR240G607005000;Kabat;DÊTKA 16.0/70 - 24  TR-218A;16.0;70;24;0;;4;181.56;112.67;5901765009565;;;;;0;4.490;0;;0;0;0;0;
DER336;KADR240G607005000;Kabat;DÊTKA 16.0/70 - 24  TR-218A;16.0;70;24;0;;4;181.56;112.67;5901765009565;;;;;0;4.490;0;;0;0;0;0;
DER336;KADR240G607005000;Kabat;DÊTKA 16.0/70 - 24  TR-218A;16.0;70;24;0;;10;181.56;112.67;5901765009565;;;;;0;4.490;0;;0;0;0;0;
DER336;KADR240G607005000;Kabat;DÊTKA 16.0/70 - 24  TR-218A;16.0;70;24;0;;1;181.56;112.67;5901765009565;;;;;0;4.490;0;;0;0;0;0;
DER336;KADR240G607005000;Kabat;DÊTKA 16.0/70 - 24  TR-218A;16.0;70;24;0;;1;181.56;112.67;5901765009565;;;;;0;4.490;0;;0;0;0;0;
DER336;KADR240G607005000;Kabat;DÊTKA 16.0/70 - 24  TR-218A;16.0;70;24;0;;5;181.56;112.67;5901765009565;;;;;0;4.490;0;;0;0;0;0;
DER336;KADR240G607005000;Kabat;DÊTKA 16.0/70 - 24  TR-218A;16.0;70;24;0;;3;181.56;112.67;5901765009565;;;;;0;4.490;0;;0;0;0;0;
DER336;KADR240G607005000;Kabat;DÊTKA 16.0/70 - 24  TR-218A;16.0;70;24;0;;6;181.56;112.67;5901765009565;;;;;0;4.490;0;;0;0;0;0;
DER336;KADR240G607005000;Kabat;DÊTKA 16.0/70 - 24  TR-218A;16.0;70;24;0;;65;181.56;112.67;5901765009565;;;;;0;4.490;0;;0;0;0;0;
DER336;KADR240G607005000;Kabat;DÊTKA 16.0/70 - 24  TR-218A;16.0;70;24;0;;6;181.56;112.67;5901765009565;;;;;0;4.490;0;;0;0;0;0;
DER336;KADR240G607005000;Kabat;DÊTKA 16.0/70 - 24  TR-218A;16.0;70;24;0;;4;181.56;112.67;5901765009565;;;;;0;4.490;0;;0;0;0;0;
DEL741;KADR24571040TR00A;Kabat;DÊTKA 710/40 - 24.5  TR-218A  PREMIUM FORESTRY;710;40;24.5;T;;0;1000.59;655.62;;;;;;0;12.000;0;;0;0;0;0;
DEL741;KADR24571040TR00A;Kabat;DÊTKA 710/40 - 24.5  TR-218A  PREMIUM FORESTRY;710;40;24.5;T;;6;1000.59;655.62;;;;;;0;12.000;0;;0;0;0;0;
DEL741;KADR24571040TR00A;Kabat;DÊTKA 710/40 - 24.5  TR-218A  PREMIUM FORESTRY;710;40;24.5;T;;6;1000.59;655.62;;;;;;0;12.000;0;;0;0;0;0;
DEL741;KADR24571040TR00A;Kabat;DÊTKA 710/40 - 24.5  TR-218A  PREMIUM FORESTRY;710;40;24.5;T;;6;1000.59;655.62;;;;;;0;12.000;0;;0;0;0;0;
DER313;KADR26014900TR218;Kabat;DÊTKA 13.6/14.9 - 26  TR-218A;;82;26;T;;3;192.51;118.17;5901765009350;;;;;0;5.050;0;;0;0;0;0;
DER313;KADR26014900TR218;Kabat;DÊTKA 13.6/14.9 - 26  TR-218A;;82;26;T;;4;192.51;118.17;5901765009350;;;;;0;5.050;0;;0;0;0;0;
DER313;KADR26014900TR218;Kabat;DÊTKA 13.6/14.9 - 26  TR-218A;;82;26;T;;8;192.51;118.17;5901765009350;;;;;0;5.050;0;;0;0;0;0;
DER313;KADR26014900TR218;Kabat;DÊTKA 13.6/14.9 - 26  TR-218A;;82;26;T;;3;192.51;118.17;5901765009350;;;;;0;5.050;0;;0;0;0;0;
DER313;KADR26014900TR218;Kabat;DÊTKA 13.6/14.9 - 26  TR-218A;;82;26;T;;45;192.51;118.17;5901765009350;;;;;0;5.050;0;;0;0;0;0;
DER313;KADR26014900TR218;Kabat;DÊTKA 13.6/14.9 - 26  TR-218A;;82;26;T;;2;192.51;118.17;5901765009350;;;;;0;5.050;0;;0;0;0;0;
DER313;KADR26014900TR218;Kabat;DÊTKA 13.6/14.9 - 26  TR-218A;;82;26;T;;18;192.51;118.17;5901765009350;;;;;0;5.050;0;;0;0;0;0;
DER313;KADR26014900TR218;Kabat;DÊTKA 13.6/14.9 - 26  TR-218A;;82;26;T;;27;192.51;118.17;5901765009350;;;;;0;5.050;0;;0;0;0;0;
DER313;KADR26014900TR218;Kabat;DÊTKA 13.6/14.9 - 26  TR-218A;;82;26;T;;3;192.51;118.17;5901765009350;;;;;0;5.050;0;;0;0;0;0;
DER313;KADR26014900TR218;Kabat;DÊTKA 13.6/14.9 - 26  TR-218A;;82;26;T;;1;192.51;118.17;5901765009350;;;;;0;5.050;0;;0;0;0;0;
DER313;KADR26014900TR218;Kabat;DÊTKA 13.6/14.9 - 26  TR-218A;;82;26;T;;1;192.51;118.17;5901765009350;;;;;0;5.050;0;;0;0;0;0;
DER313;KADR26014900TR218;Kabat;DÊTKA 13.6/14.9 - 26  TR-218A;;82;26;T;;2;192.51;118.17;5901765009350;;;;;0;5.050;0;;0;0;0;0;
DEL628;KADR26023100TR00A;Kabat;DÊTKA 23.1/18 - 26  TR-218A  PREMIUM FORESTRY;23.1;82;26;T;;5;588.62;381.22;;;;;;0;11.080;0;;0;0;0;0;
DEL628;KADR26023100TR00A;Kabat;DÊTKA 23.1/18 - 26  TR-218A  PREMIUM FORESTRY;23.1;82;26;T;;5;588.62;381.22;;;;;;0;11.080;0;;0;0;0;0;
DEL628;KADR26023100TR00A;Kabat;DÊTKA 23.1/18 - 26  TR-218A  PREMIUM FORESTRY;23.1;82;26;T;;5;588.62;381.22;;;;;;0;11.080;0;;0;0;0;0;
DER060;KADR26023100TR218;Kabat;DÊTKA 23.1 - 26  TR-218A;23.1;82;26;T;;7;435.24;270.09;5901765007691;;;;;0;11.080;0;;0;0;0;0;
DER060;KADR26023100TR218;Kabat;DÊTKA 23.1 - 26  TR-218A;23.1;82;26;T;;10;435.24;270.09;5901765007691;;;;;0;11.080;0;;0;0;0;0;
DER060;KADR26023100TR218;Kabat;DÊTKA 23.1 - 26  TR-218A;23.1;82;26;T;;8;435.24;270.09;5901765007691;;;;;0;11.080;0;;0;0;0;0;
DER060;KADR26023100TR218;Kabat;DÊTKA 23.1 - 26  TR-218A;23.1;82;26;T;;5;435.24;270.09;5901765007691;;;;;0;11.080;0;;0;0;0;0;
DER060;KADR26023100TR218;Kabat;DÊTKA 23.1 - 26  TR-218A;23.1;82;26;T;;6;435.24;270.09;5901765007691;;;;;0;11.080;0;;0;0;0;0;
DER060;KADR26023100TR218;Kabat;DÊTKA 23.1 - 26  TR-218A;23.1;82;26;T;;5;435.24;270.09;5901765007691;;;;;0;11.080;0;;0;0;0;0;
DER060;KADR26023100TR218;Kabat;DÊTKA 23.1 - 26  TR-218A;23.1;82;26;T;;100;435.24;270.09;5901765007691;;;;;0;11.080;0;;0;0;0;0;
DER060;KADR26023100TR218;Kabat;DÊTKA 23.1 - 26  TR-218A;23.1;82;26;T;;5;435.24;270.09;5901765007691;;;;;0;11.080;0;;0;0;0;0;
DER060;KADR26023100TR218;Kabat;DÊTKA 23.1 - 26  TR-218A;23.1;82;26;T;;5;435.24;270.09;5901765007691;;;;;0;11.080;0;;0;0;0;0;
DER060;KADR26023100TR218;Kabat;DÊTKA 23.1 - 26  TR-218A;23.1;82;26;T;;4;435.24;270.09;5901765007691;;;;;0;11.080;0;;0;0;0;0;
DER060;KADR26023100TR218;Kabat;DÊTKA 23.1 - 26  TR-218A;23.1;82;26;T;;100;435.24;270.09;5901765007691;;;;;0;11.080;0;;0;0;0;0;
DER060;KADR26023100TR218;Kabat;DÊTKA 23.1 - 26  TR-218A;23.1;82;26;T;;100;435.24;270.09;5901765007691;;;;;0;11.080;0;;0;0;0;0;
DER060;KADR26023100TR218;Kabat;DÊTKA 23.1 - 26  TR-218A;23.1;82;26;T;;3;435.24;270.09;5901765007691;;;;;0;11.080;0;;0;0;0;0;
DER060;KADR26023100TR218;Kabat;DÊTKA 23.1 - 26  TR-218A;23.1;82;26;T;;2;435.24;270.09;5901765007691;;;;;0;11.080;0;;0;0;0;0;
DER628;KADR2602310PTR218;Kabat;DÊTKA 23.1 - 26  HD  [premium]  TR-218A;23.1;;26;T;premium;0;522.32;322.42;5901765022366;;;;;0;11.080;0;;0;0;0;0;
DER628;KADR2602310PTR218;Kabat;DÊTKA 23.1 - 26  HD  [premium]  TR-218A;23.1;;26;T;premium;3;522.32;322.42;5901765022366;;;;;0;11.080;0;;0;0;0;0;
DER628;KADR2602310PTR218;Kabat;DÊTKA 23.1 - 26  HD  [premium]  TR-218A;23.1;;26;T;premium;23;522.32;322.42;5901765022366;;;;;0;11.080;0;;0;0;0;0;
DER628;KADR2602310PTR218;Kabat;DÊTKA 23.1 - 26  HD  [premium]  TR-218A;23.1;;26;T;premium;1;522.32;322.42;5901765022366;;;;;0;11.080;0;;0;0;0;0;
DER628;KADR2602310PTR218;Kabat;DÊTKA 23.1 - 26  HD  [premium]  TR-218A;23.1;;26;T;premium;1;522.32;322.42;5901765022366;;;;;0;11.080;0;;0;0;0;0;
DER628;KADR2602310PTR218;Kabat;DÊTKA 23.1 - 26  HD  [premium]  TR-218A;23.1;;26;T;premium;1;522.32;322.42;5901765022366;;;;;0;11.080;0;;0;0;0;0;
DER628;KADR2602310PTR218;Kabat;DÊTKA 23.1 - 26  HD  [premium]  TR-218A;23.1;;26;T;premium;16;522.32;322.42;5901765022366;;;;;0;11.080;0;;0;0;0;0;
DER628;KADR2602310PTR218;Kabat;DÊTKA 23.1 - 26  HD  [premium]  TR-218A;23.1;;26;T;premium;16;522.32;322.42;5901765022366;;;;;0;11.080;0;;0;0;0;0;
DER628;KADR2602310PTR218;Kabat;DÊTKA 23.1 - 26  HD  [premium]  TR-218A;23.1;;26;T;premium;1;522.32;322.42;5901765022366;;;;;0;11.080;0;;0;0;0;0;
DER100;KADR260269184TR21;Kabat;DÊTKA 16.9/18.4 - 26  TR-218A;26x9;;26;A4;;3;295.41;183.32;5901765008032;;;;;0;7.480;0;;0;0;0;0;
DER100;KADR260269184TR21;Kabat;DÊTKA 16.9/18.4 - 26  TR-218A;26x9;;26;A4;;1;295.41;183.32;5901765008032;;;;;0;7.480;0;;0;0;0;0;
DER100;KADR260269184TR21;Kabat;DÊTKA 16.9/18.4 - 26  TR-218A;26x9;;26;A4;;5;295.41;183.32;5901765008032;;;;;0;7.480;0;;0;0;0;0;
DER100;KADR260269184TR21;Kabat;DÊTKA 16.9/18.4 - 26  TR-218A;26x9;;26;A4;;0;295.41;183.32;5901765008032;;;;;0;7.480;0;;0;0;0;0;
DER100;KADR260269184TR21;Kabat;DÊTKA 16.9/18.4 - 26  TR-218A;26x9;;26;A4;;6;295.41;183.32;5901765008032;;;;;0;7.480;0;;0;0;0;0;
DER100;KADR260269184TR21;Kabat;DÊTKA 16.9/18.4 - 26  TR-218A;26x9;;26;A4;;5;295.41;183.32;5901765008032;;;;;0;7.480;0;;0;0;0;0;
DER100;KADR260269184TR21;Kabat;DÊTKA 16.9/18.4 - 26  TR-218A;26x9;;26;A4;;2;295.41;183.32;5901765008032;;;;;0;7.480;0;;0;0;0;0;
DER100;KADR260269184TR21;Kabat;DÊTKA 16.9/18.4 - 26  TR-218A;26x9;;26;A4;;6;295.41;183.32;5901765008032;;;;;0;7.480;0;;0;0;0;0;
DER100;KADR260269184TR21;Kabat;DÊTKA 16.9/18.4 - 26  TR-218A;26x9;;26;A4;;100;295.41;183.32;5901765008032;;;;;0;7.480;0;;0;0;0;0;
DER100;KADR260269184TR21;Kabat;DÊTKA 16.9/18.4 - 26  TR-218A;26x9;;26;A4;;5;295.41;183.32;5901765008032;;;;;0;7.480;0;;0;0;0;0;
DER100;KADR260269184TR21;Kabat;DÊTKA 16.9/18.4 - 26  TR-218A;26x9;;26;A4;;82;295.41;183.32;5901765008032;;;;;0;7.480;0;;0;0;0;0;
DER100;KADR260269184TR21;Kabat;DÊTKA 16.9/18.4 - 26  TR-218A;26x9;;26;A4;;10;295.41;183.32;5901765008032;;;;;0;7.480;0;;0;0;0;0;
DER100;KADR260269184TR21;Kabat;DÊTKA 16.9/18.4 - 26  TR-218A;26x9;;26;A4;;1;295.41;183.32;5901765008032;;;;;0;7.480;0;;0;0;0;0;
DER100;KADR260269184TR21;Kabat;DÊTKA 16.9/18.4 - 26  TR-218A;26x9;;26;A4;;1;295.41;183.32;5901765008032;;;;;0;7.480;0;;0;0;0;0;
DER100;KADR260269184TR21;Kabat;DÊTKA 16.9/18.4 - 26  TR-218A;26x9;;26;A4;;7;295.41;183.32;5901765008032;;;;;0;7.480;0;;0;0;0;0;
DER100;KADR260269184TR21;Kabat;DÊTKA 16.9/18.4 - 26  TR-218A;26x9;;26;A4;;94;295.41;183.32;5901765008032;;;;;0;7.480;0;;0;0;0;0;
DER630;KADR26026918PTR21;Kabat;DÊTKA 16.9/18.4 - 26  HD  [premium]  TR-218A;26x9;;26;P;premium;2;354.94;230.3;5901765022380;;;;;0;7.480;0;;0;0;0;0;
DER630;KADR26026918PTR21;Kabat;DÊTKA 16.9/18.4 - 26  HD  [premium]  TR-218A;26x9;;26;P;premium;1;354.94;230.3;5901765022380;;;;;0;7.480;0;;0;0;0;0;
DER630;KADR26026918PTR21;Kabat;DÊTKA 16.9/18.4 - 26  HD  [premium]  TR-218A;26x9;;26;P;premium;1;354.94;230.3;5901765022380;;;;;0;7.480;0;;0;0;0;0;
DER630;KADR26026918PTR21;Kabat;DÊTKA 16.9/18.4 - 26  HD  [premium]  TR-218A;26x9;;26;P;premium;8;354.94;230.3;5901765022380;;;;;0;7.480;0;;0;0;0;0;
DER630;KADR26026918PTR21;Kabat;DÊTKA 16.9/18.4 - 26  HD  [premium]  TR-218A;26x9;;26;P;premium;9;354.94;230.3;5901765022380;;;;;0;7.480;0;;0;0;0;0;
DER630;KADR26026918PTR21;Kabat;DÊTKA 16.9/18.4 - 26  HD  [premium]  TR-218A;26x9;;26;P;premium;13;354.94;230.3;5901765022380;;;;;0;7.480;0;;0;0;0;0;
DER630;KADR26026918PTR21;Kabat;DÊTKA 16.9/18.4 - 26  HD  [premium]  TR-218A;26x9;;26;P;premium;1;354.94;230.3;5901765022380;;;;;0;7.480;0;;0;0;0;0;
DER617;KADR2602812180000;Kabat;DÊTKA 28.1 - 26 TR-218;28 x 12.5;;26;A8;;1;912.2;559.95;5901765022250;;;;;0;20.610;0;;0;0;0;0;
DER617;KADR2602812180000;Kabat;DÊTKA 28.1 - 26 TR-218;28 x 12.5;;26;A8;;2;912.2;559.95;5901765022250;;;;;0;20.610;0;;0;0;0;0;
DER617;KADR2602812180000;Kabat;DÊTKA 28.1 - 26 TR-218;28 x 12.5;;26;A8;;3;912.2;559.95;5901765022250;;;;;0;20.610;0;;0;0;0;0;
DER617;KADR2602812180000;Kabat;DÊTKA 28.1 - 26 TR-218;28 x 12.5;;26;A8;;1;912.2;559.95;5901765022250;;;;;0;20.610;0;;0;0;0;0;
DER617;KADR2602812180000;Kabat;DÊTKA 28.1 - 26 TR-218;28 x 12.5;;26;A8;;21;912.2;559.95;5901765022250;;;;;0;20.610;0;;0;0;0;0;
DER617;KADR2602812180000;Kabat;DÊTKA 28.1 - 26 TR-218;28 x 12.5;;26;A8;;1;912.2;559.95;5901765022250;;;;;0;20.610;0;;0;0;0;0;
DER617;KADR2602812180000;Kabat;DÊTKA 28.1 - 26 TR-218;28 x 12.5;;26;A8;;2;912.2;559.95;5901765022250;;;;;0;20.610;0;;0;0;0;0;
DER617;KADR2602812180000;Kabat;DÊTKA 28.1 - 26 TR-218;28 x 12.5;;26;A8;;30;912.2;559.95;5901765022250;;;;;0;20.610;0;;0;0;0;0;
DER617;KADR2602812180000;Kabat;DÊTKA 28.1 - 26 TR-218;28 x 12.5;;26;A8;;0;912.2;559.95;5901765022250;;;;;0;20.610;0;;0;0;0;0;
DER617;KADR2602812180000;Kabat;DÊTKA 28.1 - 26 TR-218;28 x 12.5;;26;A8;;19;912.2;559.95;5901765022250;;;;;0;20.610;0;;0;0;0;0;
DER617;KADR2602812180000;Kabat;DÊTKA 28.1 - 26 TR-218;28 x 12.5;;26;A8;;1;912.2;559.95;5901765022250;;;;;0;20.610;0;;0;0;0;0;
DEL742;KADR260281TR0000A;Kabat;DÊTKA 28.1 LR  26  (750/65  R26)  TR-218  PREMIUM FORESTRY;28 x 12.5;;26;0;;8;1233.66;808.5;;;;;;0;20.610;0;;0;0;0;0;
DEL742;KADR260281TR0000A;Kabat;DÊTKA 28.1 LR  26  (750/65  R26)  TR-218  PREMIUM FORESTRY;28 x 12.5;;26;0;;4;1233.66;808.5;;;;;;0;20.610;0;;0;0;0;0;
DEL742;KADR260281TR0000A;Kabat;DÊTKA 28.1 LR  26  (750/65  R26)  TR-218  PREMIUM FORESTRY;28 x 12.5;;26;0;;4;1233.66;808.5;;;;;;0;20.610;0;;0;0;0;0;
DEL742;KADR260281TR0000A;Kabat;DÊTKA 28.1 LR  26  (750/65  R26)  TR-218  PREMIUM FORESTRY;28 x 12.5;;26;0;;8;1233.66;808.5;;;;;;0;20.610;0;;0;0;0;0;
DER246;KADR26560055TR218;Kabat;DÊTKA 600/55 - 26.5  TR-218A;600;55;26.5;T;;5;643.83;395.21;5901765008933;;;;;0;11.080;0;;0;0;0;0;
DER246;KADR26560055TR218;Kabat;DÊTKA 600/55 - 26.5  TR-218A;600;55;26.5;T;;2;643.83;395.21;5901765008933;;;;;0;11.080;0;;0;0;0;0;
DER246;KADR26560055TR218;Kabat;DÊTKA 600/55 - 26.5  TR-218A;600;55;26.5;T;;3;643.83;395.21;5901765008933;;;;;0;11.080;0;;0;0;0;0;
DER246;KADR26560055TR218;Kabat;DÊTKA 600/55 - 26.5  TR-218A;600;55;26.5;T;;1;643.83;395.21;5901765008933;;;;;0;11.080;0;;0;0;0;0;
DER246;KADR26560055TR218;Kabat;DÊTKA 600/55 - 26.5  TR-218A;600;55;26.5;T;;2;643.83;395.21;5901765008933;;;;;0;11.080;0;;0;0;0;0;
DER246;KADR26560055TR218;Kabat;DÊTKA 600/55 - 26.5  TR-218A;600;55;26.5;T;;37;643.83;395.21;5901765008933;;;;;0;11.080;0;;0;0;0;0;
DER246;KADR26560055TR218;Kabat;DÊTKA 600/55 - 26.5  TR-218A;600;55;26.5;T;;2;643.83;395.21;5901765008933;;;;;0;11.080;0;;0;0;0;0;
DER246;KADR26560055TR218;Kabat;DÊTKA 600/55 - 26.5  TR-218A;600;55;26.5;T;;1;643.83;395.21;5901765008933;;;;;0;11.080;0;;0;0;0;0;
DER246;KADR26560055TR218;Kabat;DÊTKA 600/55 - 26.5  TR-218A;600;55;26.5;T;;3;643.83;395.21;5901765008933;;;;;0;11.080;0;;0;0;0;0;
DER246;KADR26560055TR218;Kabat;DÊTKA 600/55 - 26.5  TR-218A;600;55;26.5;T;;15;643.83;395.21;5901765008933;;;;;0;11.080;0;;0;0;0;0;
DER246;KADR26560055TR218;Kabat;DÊTKA 600/55 - 26.5  TR-218A;600;55;26.5;T;;1;643.83;395.21;5901765008933;;;;;0;11.080;0;;0;0;0;0;
DER246;KADR26560055TR218;Kabat;DÊTKA 600/55 - 26.5  TR-218A;600;55;26.5;T;;14;643.83;395.21;5901765008933;;;;;0;11.080;0;;0;0;0;0;
DER246;KADR26560055TR218;Kabat;DÊTKA 600/55 - 26.5  TR-218A;600;55;26.5;T;;3;643.83;395.21;5901765008933;;;;;0;11.080;0;;0;0;0;0;
DER163;KADR26570050TR218;Kabat;DÊTKA 700/50 - 26.5  TR-218A;700;50;26.5;T;;7;717.67;445.34;5901765008520;;;;;0;11.080;0;;0;0;0;0;
DER163;KADR26570050TR218;Kabat;DÊTKA 700/50 - 26.5  TR-218A;700;50;26.5;T;;8;717.67;445.34;5901765008520;;;;;0;11.080;0;;0;0;0;0;
DER163;KADR26570050TR218;Kabat;DÊTKA 700/50 - 26.5  TR-218A;700;50;26.5;T;;7;717.67;445.34;5901765008520;;;;;0;11.080;0;;0;0;0;0;
DER163;KADR26570050TR218;Kabat;DÊTKA 700/50 - 26.5  TR-218A;700;50;26.5;T;;3;717.67;445.34;5901765008520;;;;;0;11.080;0;;0;0;0;0;
DER163;KADR26570050TR218;Kabat;DÊTKA 700/50 - 26.5  TR-218A;700;50;26.5;T;;1;717.67;445.34;5901765008520;;;;;0;11.080;0;;0;0;0;0;
DER163;KADR26570050TR218;Kabat;DÊTKA 700/50 - 26.5  TR-218A;700;50;26.5;T;;7;717.67;445.34;5901765008520;;;;;0;11.080;0;;0;0;0;0;
DER163;KADR26570050TR218;Kabat;DÊTKA 700/50 - 26.5  TR-218A;700;50;26.5;T;;28;717.67;445.34;5901765008520;;;;;0;11.080;0;;0;0;0;0;
DER163;KADR26570050TR218;Kabat;DÊTKA 700/50 - 26.5  TR-218A;700;50;26.5;T;;2;717.67;445.34;5901765008520;;;;;0;11.080;0;;0;0;0;0;
DER163;KADR26570050TR218;Kabat;DÊTKA 700/50 - 26.5  TR-218A;700;50;26.5;T;;69;717.67;445.34;5901765008520;;;;;0;11.080;0;;0;0;0;0;
DER163;KADR26570050TR218;Kabat;DÊTKA 700/50 - 26.5  TR-218A;700;50;26.5;T;;5;717.67;445.34;5901765008520;;;;;0;11.080;0;;0;0;0;0;
DER163;KADR26570050TR218;Kabat;DÊTKA 700/50 - 26.5  TR-218A;700;50;26.5;T;;1;717.67;445.34;5901765008520;;;;;0;11.080;0;;0;0;0;0;
DER163;KADR26570050TR218;Kabat;DÊTKA 700/50 - 26.5  TR-218A;700;50;26.5;T;;39;717.67;445.34;5901765008520;;;;;0;11.080;0;;0;0;0;0;
DEL744;KADR26571045TR00A;Kabat;DÊTKA 710/45 - 26.5  (700/50 - 26.5)  TR-218A  PREMIUM FORESTRY;710;45;26.5;T;;2;970.58;632.1;;;;;;0;15.000;0;;0;0;0;0;
DEL744;KADR26571045TR00A;Kabat;DÊTKA 710/45 - 26.5  (700/50 - 26.5)  TR-218A  PREMIUM FORESTRY;710;45;26.5;T;;0;970.58;632.1;;;;;;0;15.000;0;;0;0;0;0;
DEL744;KADR26571045TR00A;Kabat;DÊTKA 710/45 - 26.5  (700/50 - 26.5)  TR-218A  PREMIUM FORESTRY;710;45;26.5;T;;2;970.58;632.1;;;;;;0;15.000;0;;0;0;0;0;
DEL744;KADR26571045TR00A;Kabat;DÊTKA 710/45 - 26.5  (700/50 - 26.5)  TR-218A  PREMIUM FORESTRY;710;45;26.5;T;;3;970.58;632.1;;;;;;0;15.000;0;;0;0;0;0;
DEL744;KADR26571045TR00A;Kabat;DÊTKA 710/45 - 26.5  (700/50 - 26.5)  TR-218A  PREMIUM FORESTRY;710;45;26.5;T;;1;970.58;632.1;;;;;;0;15.000;0;;0;0;0;0;
DEL745;KADR26580040TR00A;Kabat;DÊTKA 800/40 - 26.5  TR-218A  PREMIUM FORESTRY;800;40;26.5;T;;7;1067.63;701.62;;;;;;0;11.080;0;;0;0;0;0;
DEL745;KADR26580040TR00A;Kabat;DÊTKA 800/40 - 26.5  TR-218A  PREMIUM FORESTRY;800;40;26.5;T;;8;1067.63;701.62;;;;;;0;11.080;0;;0;0;0;0;
DEL745;KADR26580040TR00A;Kabat;DÊTKA 800/40 - 26.5  TR-218A  PREMIUM FORESTRY;800;40;26.5;T;;1;1067.63;701.62;;;;;;0;11.080;0;;0;0;0;0;
DEL745;KADR26580040TR00A;Kabat;DÊTKA 800/40 - 26.5  TR-218A  PREMIUM FORESTRY;800;40;26.5;T;;8;1067.63;701.62;;;;;;0;11.080;0;;0;0;0;0;
DER013;KADR2801120TR218A;Kabat;DÊTKA 11.2/12.4 - 28  TR-218A;;;28;R;;10;131.08;88.69;5901765007301;;;;;0;4.070;0;;0;0;0;0;
DER013;KADR2801120TR218A;Kabat;DÊTKA 11.2/12.4 - 28  TR-218A;;;28;R;;16;131.08;88.69;5901765007301;;;;;0;4.070;0;;0;0;0;0;
DER013;KADR2801120TR218A;Kabat;DÊTKA 11.2/12.4 - 28  TR-218A;;;28;R;;42;131.08;88.69;5901765007301;;;;;0;4.070;0;;0;0;0;0;
DER013;KADR2801120TR218A;Kabat;DÊTKA 11.2/12.4 - 28  TR-218A;;;28;R;;21;131.08;88.69;5901765007301;;;;;0;4.070;0;;0;0;0;0;
DER013;KADR2801120TR218A;Kabat;DÊTKA 11.2/12.4 - 28  TR-218A;;;28;R;;20;131.08;88.69;5901765007301;;;;;0;4.070;0;;0;0;0;0;
DER013;KADR2801120TR218A;Kabat;DÊTKA 11.2/12.4 - 28  TR-218A;;;28;R;;35;131.08;88.69;5901765007301;;;;;0;4.070;0;;0;0;0;0;
DER013;KADR2801120TR218A;Kabat;DÊTKA 11.2/12.4 - 28  TR-218A;;;28;R;;12;131.08;88.69;5901765007301;;;;;0;4.070;0;;0;0;0;0;
DER013;KADR2801120TR218A;Kabat;DÊTKA 11.2/12.4 - 28  TR-218A;;;28;R;;3;131.08;88.69;5901765007301;;;;;0;4.070;0;;0;0;0;0;
DER013;KADR2801120TR218A;Kabat;DÊTKA 11.2/12.4 - 28  TR-218A;;;28;R;;0;131.08;88.69;5901765007301;;;;;0;4.070;0;;0;0;0;0;
DER013;KADR2801120TR218A;Kabat;DÊTKA 11.2/12.4 - 28  TR-218A;;;28;R;;16;131.08;88.69;5901765007301;;;;;0;4.070;0;;0;0;0;0;
DER013;KADR2801120TR218A;Kabat;DÊTKA 11.2/12.4 - 28  TR-218A;;;28;R;;100;131.08;88.69;5901765007301;;;;;0;4.070;0;;0;0;0;0;
DER013;KADR2801120TR218A;Kabat;DÊTKA 11.2/12.4 - 28  TR-218A;;;28;R;;30;131.08;88.69;5901765007301;;;;;0;4.070;0;;0;0;0;0;
DER013;KADR2801120TR218A;Kabat;DÊTKA 11.2/12.4 - 28  TR-218A;;;28;R;;16;131.08;88.69;5901765007301;;;;;0;4.070;0;;0;0;0;0;
DER013;KADR2801120TR218A;Kabat;DÊTKA 11.2/12.4 - 28  TR-218A;;;28;R;;100;131.08;88.69;5901765007301;;;;;0;4.070;0;;0;0;0;0;
DER013;KADR2801120TR218A;Kabat;DÊTKA 11.2/12.4 - 28  TR-218A;;;28;R;;21;131.08;88.69;5901765007301;;;;;0;4.070;0;;0;0;0;0;
DER013;KADR2801120TR218A;Kabat;DÊTKA 11.2/12.4 - 28  TR-218A;;;28;R;;100;131.08;88.69;5901765007301;;;;;0;4.070;0;;0;0;0;0;
DER013;KADR2801120TR218A;Kabat;DÊTKA 11.2/12.4 - 28  TR-218A;;;28;R;;29;131.08;88.69;5901765007301;;;;;0;4.070;0;;0;0;0;0;
DER623;KADR280112PTR218A;Kabat;DÊTKA 11.2/12.4 - 28  HD  [premium]  TR-218A;;;28;R;premium;3;156.29;115.64;5901765022311;;;;;0;4.070;0;;0;0;0;0;
DER623;KADR280112PTR218A;Kabat;DÊTKA 11.2/12.4 - 28  HD  [premium]  TR-218A;;;28;R;premium;1;156.29;115.64;5901765022311;;;;;0;4.070;0;;0;0;0;0;
DER623;KADR280112PTR218A;Kabat;DÊTKA 11.2/12.4 - 28  HD  [premium]  TR-218A;;;28;R;premium;50;156.29;115.64;5901765022311;;;;;0;4.070;0;;0;0;0;0;
DER623;KADR280112PTR218A;Kabat;DÊTKA 11.2/12.4 - 28  HD  [premium]  TR-218A;;;28;R;premium;10;156.29;115.64;5901765022311;;;;;0;4.070;0;;0;0;0;0;
DER623;KADR280112PTR218A;Kabat;DÊTKA 11.2/12.4 - 28  HD  [premium]  TR-218A;;;28;R;premium;24;156.29;115.64;5901765022311;;;;;0;4.070;0;;0;0;0;0;
DER623;KADR280112PTR218A;Kabat;DÊTKA 11.2/12.4 - 28  HD  [premium]  TR-218A;;;28;R;premium;14;156.29;115.64;5901765022311;;;;;0;4.070;0;;0;0;0;0;
DER623;KADR280112PTR218A;Kabat;DÊTKA 11.2/12.4 - 28  HD  [premium]  TR-218A;;;28;R;premium;12;156.29;115.64;5901765022311;;;;;0;4.070;0;;0;0;0;0;
DER623;KADR280112PTR218A;Kabat;DÊTKA 11.2/12.4 - 28  HD  [premium]  TR-218A;;;28;R;premium;7;156.29;115.64;5901765022311;;;;;0;4.070;0;;0;0;0;0;
DER623;KADR280112PTR218A;Kabat;DÊTKA 11.2/12.4 - 28  HD  [premium]  TR-218A;;;28;R;premium;0;156.29;115.64;5901765022311;;;;;0;4.070;0;;0;0;0;0;
DER623;KADR280112PTR218A;Kabat;DÊTKA 11.2/12.4 - 28  HD  [premium]  TR-218A;;;28;R;premium;2;156.29;115.64;5901765022311;;;;;0;4.070;0;;0;0;0;0;
DER623;KADR280112PTR218A;Kabat;DÊTKA 11.2/12.4 - 28  HD  [premium]  TR-218A;;;28;R;premium;1;156.29;115.64;5901765022311;;;;;0;4.070;0;;0;0;0;0;
DER014;KADR2801360TR218A;Kabat;DÊTKA 13.6/14.9 - 28  TR-218A;13 x 6.50;;28;R;;31;151.25;107.8;5901765007318;;;;;0;5.050;0;;0;0;0;0;
DER014;KADR2801360TR218A;Kabat;DÊTKA 13.6/14.9 - 28  TR-218A;13 x 6.50;;28;R;;100;151.25;107.8;5901765007318;;;;;0;5.050;0;;0;0;0;0;
DER014;KADR2801360TR218A;Kabat;DÊTKA 13.6/14.9 - 28  TR-218A;13 x 6.50;;28;R;;15;151.25;107.8;5901765007318;;;;;0;5.050;0;;0;0;0;0;
DER014;KADR2801360TR218A;Kabat;DÊTKA 13.6/14.9 - 28  TR-218A;13 x 6.50;;28;R;;100;151.25;107.8;5901765007318;;;;;0;5.050;0;;0;0;0;0;
DER014;KADR2801360TR218A;Kabat;DÊTKA 13.6/14.9 - 28  TR-218A;13 x 6.50;;28;R;;68;151.25;107.8;5901765007318;;;;;0;5.050;0;;0;0;0;0;
DER014;KADR2801360TR218A;Kabat;DÊTKA 13.6/14.9 - 28  TR-218A;13 x 6.50;;28;R;;36;151.25;107.8;5901765007318;;;;;0;5.050;0;;0;0;0;0;
DER014;KADR2801360TR218A;Kabat;DÊTKA 13.6/14.9 - 28  TR-218A;13 x 6.50;;28;R;;100;151.25;107.8;5901765007318;;;;;0;5.050;0;;0;0;0;0;
DER014;KADR2801360TR218A;Kabat;DÊTKA 13.6/14.9 - 28  TR-218A;13 x 6.50;;28;R;;27;151.25;107.8;5901765007318;;;;;0;5.050;0;;0;0;0;0;
DER014;KADR2801360TR218A;Kabat;DÊTKA 13.6/14.9 - 28  TR-218A;13 x 6.50;;28;R;;8;151.25;107.8;5901765007318;;;;;0;5.050;0;;0;0;0;0;
DER014;KADR2801360TR218A;Kabat;DÊTKA 13.6/14.9 - 28  TR-218A;13 x 6.50;;28;R;;11;151.25;107.8;5901765007318;;;;;0;5.050;0;;0;0;0;0;
DER014;KADR2801360TR218A;Kabat;DÊTKA 13.6/14.9 - 28  TR-218A;13 x 6.50;;28;R;;8;151.25;107.8;5901765007318;;;;;0;5.050;0;;0;0;0;0;
DER014;KADR2801360TR218A;Kabat;DÊTKA 13.6/14.9 - 28  TR-218A;13 x 6.50;;28;R;;100;151.25;107.8;5901765007318;;;;;0;5.050;0;;0;0;0;0;
DER014;KADR2801360TR218A;Kabat;DÊTKA 13.6/14.9 - 28  TR-218A;13 x 6.50;;28;R;;2;151.25;107.8;5901765007318;;;;;0;5.050;0;;0;0;0;0;
DER014;KADR2801360TR218A;Kabat;DÊTKA 13.6/14.9 - 28  TR-218A;13 x 6.50;;28;R;;10;151.25;107.8;5901765007318;;;;;0;5.050;0;;0;0;0;0;
DER014;KADR2801360TR218A;Kabat;DÊTKA 13.6/14.9 - 28  TR-218A;13 x 6.50;;28;R;;0;151.25;107.8;5901765007318;;;;;0;5.050;0;;0;0;0;0;
DER014;KADR2801360TR218A;Kabat;DÊTKA 13.6/14.9 - 28  TR-218A;13 x 6.50;;28;R;;37;151.25;107.8;5901765007318;;;;;0;5.050;0;;0;0;0;0;
DER620;KADR280136PTR218A;Kabat;DÊTKA 13.6/14.9 - 28  HD  [premium]  TR-218A;13 x 6.50;;28;R;premium;31;189.57;138.18;5901765022281;;;;;0;5.050;0;;0;0;0;0;
DER620;KADR280136PTR218A;Kabat;DÊTKA 13.6/14.9 - 28  HD  [premium]  TR-218A;13 x 6.50;;28;R;premium;2;189.57;138.18;5901765022281;;;;;0;5.050;0;;0;0;0;0;
DER620;KADR280136PTR218A;Kabat;DÊTKA 13.6/14.9 - 28  HD  [premium]  TR-218A;13 x 6.50;;28;R;premium;7;189.57;138.18;5901765022281;;;;;0;5.050;0;;0;0;0;0;
DER620;KADR280136PTR218A;Kabat;DÊTKA 13.6/14.9 - 28  HD  [premium]  TR-218A;13 x 6.50;;28;R;premium;2;189.57;138.18;5901765022281;;;;;0;5.050;0;;0;0;0;0;
DER620;KADR280136PTR218A;Kabat;DÊTKA 13.6/14.9 - 28  HD  [premium]  TR-218A;13 x 6.50;;28;R;premium;0;189.57;138.18;5901765022281;;;;;0;5.050;0;;0;0;0;0;
DER620;KADR280136PTR218A;Kabat;DÊTKA 13.6/14.9 - 28  HD  [premium]  TR-218A;13 x 6.50;;28;R;premium;3;189.57;138.18;5901765022281;;;;;0;5.050;0;;0;0;0;0;
DER620;KADR280136PTR218A;Kabat;DÊTKA 13.6/14.9 - 28  HD  [premium]  TR-218A;13 x 6.50;;28;R;premium;42;189.57;138.18;5901765022281;;;;;0;5.050;0;;0;0;0;0;
DER620;KADR280136PTR218A;Kabat;DÊTKA 13.6/14.9 - 28  HD  [premium]  TR-218A;13 x 6.50;;28;R;premium;55;189.57;138.18;5901765022281;;;;;0;5.050;0;;0;0;0;0;
DER620;KADR280136PTR218A;Kabat;DÊTKA 13.6/14.9 - 28  HD  [premium]  TR-218A;13 x 6.50;;28;R;premium;4;189.57;138.18;5901765022281;;;;;0;5.050;0;;0;0;0;0;
DER620;KADR280136PTR218A;Kabat;DÊTKA 13.6/14.9 - 28  HD  [premium]  TR-218A;13 x 6.50;;28;R;premium;4;189.57;138.18;5901765022281;;;;;0;5.050;0;;0;0;0;0;
DER620;KADR280136PTR218A;Kabat;DÊTKA 13.6/14.9 - 28  HD  [premium]  TR-218A;13 x 6.50;;28;R;premium;2;189.57;138.18;5901765022281;;;;;0;5.050;0;;0;0;0;0;
DER048;KADR28016900TR218;Kabat;DÊTKA 16.9 - 28  TR-218A;;82;28;T;;5;173.43;116.62;5901765007608;;;;;0;6.080;0;;0;0;0;0;
DER048;KADR28016900TR218;Kabat;DÊTKA 16.9 - 28  TR-218A;;82;28;T;;1;173.43;116.62;5901765007608;;;;;0;6.080;0;;0;0;0;0;
DER048;KADR28016900TR218;Kabat;DÊTKA 16.9 - 28  TR-218A;;82;28;T;;26;173.43;116.62;5901765007608;;;;;0;6.080;0;;0;0;0;0;
DER048;KADR28016900TR218;Kabat;DÊTKA 16.9 - 28  TR-218A;;82;28;T;;100;173.43;116.62;5901765007608;;;;;0;6.080;0;;0;0;0;0;
DER048;KADR28016900TR218;Kabat;DÊTKA 16.9 - 28  TR-218A;;82;28;T;;4;173.43;116.62;5901765007608;;;;;0;6.080;0;;0;0;0;0;
DER048;KADR28016900TR218;Kabat;DÊTKA 16.9 - 28  TR-218A;;82;28;T;;20;173.43;116.62;5901765007608;;;;;0;6.080;0;;0;0;0;0;
DER048;KADR28016900TR218;Kabat;DÊTKA 16.9 - 28  TR-218A;;82;28;T;;2;173.43;116.62;5901765007608;;;;;0;6.080;0;;0;0;0;0;
DER048;KADR28016900TR218;Kabat;DÊTKA 16.9 - 28  TR-218A;;82;28;T;;100;173.43;116.62;5901765007608;;;;;0;6.080;0;;0;0;0;0;
DER048;KADR28016900TR218;Kabat;DÊTKA 16.9 - 28  TR-218A;;82;28;T;;19;173.43;116.62;5901765007608;;;;;0;6.080;0;;0;0;0;0;
DER048;KADR28016900TR218;Kabat;DÊTKA 16.9 - 28  TR-218A;;82;28;T;;4;173.43;116.62;5901765007608;;;;;0;6.080;0;;0;0;0;0;
DER048;KADR28016900TR218;Kabat;DÊTKA 16.9 - 28  TR-218A;;82;28;T;;0;173.43;116.62;5901765007608;;;;;0;6.080;0;;0;0;0;0;
DER048;KADR28016900TR218;Kabat;DÊTKA 16.9 - 28  TR-218A;;82;28;T;;100;173.43;116.62;5901765007608;;;;;0;6.080;0;;0;0;0;0;
DER048;KADR28016900TR218;Kabat;DÊTKA 16.9 - 28  TR-218A;;82;28;T;;5;173.43;116.62;5901765007608;;;;;0;6.080;0;;0;0;0;0;
DER048;KADR28016900TR218;Kabat;DÊTKA 16.9 - 28  TR-218A;;82;28;T;;2;173.43;116.62;5901765007608;;;;;0;6.080;0;;0;0;0;0;
DER048;KADR28016900TR218;Kabat;DÊTKA 16.9 - 28  TR-218A;;82;28;T;;8;173.43;116.62;5901765007608;;;;;0;6.080;0;;0;0;0;0;
DER048;KADR28016900TR218;Kabat;DÊTKA 16.9 - 28  TR-218A;;82;28;T;;13;173.43;116.62;5901765007608;;;;;0;6.080;0;;0;0;0;0;
DER629;KADR2801690PTR218;Kabat;DÊTKA 16.9 - 28  HD  [premium]  TR-218A;;;28;T;premium;25;216.79;161.7;5901765022373;;;;;0;6.080;0;;0;0;0;0;
DER629;KADR2801690PTR218;Kabat;DÊTKA 16.9 - 28  HD  [premium]  TR-218A;;;28;T;premium;4;216.79;161.7;5901765022373;;;;;0;6.080;0;;0;0;0;0;
DER629;KADR2801690PTR218;Kabat;DÊTKA 16.9 - 28  HD  [premium]  TR-218A;;;28;T;premium;2;216.79;161.7;5901765022373;;;;;0;6.080;0;;0;0;0;0;
DER629;KADR2801690PTR218;Kabat;DÊTKA 16.9 - 28  HD  [premium]  TR-218A;;;28;T;premium;3;216.79;161.7;5901765022373;;;;;0;6.080;0;;0;0;0;0;
DER629;KADR2801690PTR218;Kabat;DÊTKA 16.9 - 28  HD  [premium]  TR-218A;;;28;T;premium;1;216.79;161.7;5901765022373;;;;;0;6.080;0;;0;0;0;0;
DER629;KADR2801690PTR218;Kabat;DÊTKA 16.9 - 28  HD  [premium]  TR-218A;;;28;T;premium;43;216.79;161.7;5901765022373;;;;;0;6.080;0;;0;0;0;0;
DER629;KADR2801690PTR218;Kabat;DÊTKA 16.9 - 28  HD  [premium]  TR-218A;;;28;T;premium;4;216.79;161.7;5901765022373;;;;;0;6.080;0;;0;0;0;0;
DER629;KADR2801690PTR218;Kabat;DÊTKA 16.9 - 28  HD  [premium]  TR-218A;;;28;T;premium;1;216.79;161.7;5901765022373;;;;;0;6.080;0;;0;0;0;0;
DER629;KADR2801690PTR218;Kabat;DÊTKA 16.9 - 28  HD  [premium]  TR-218A;;;28;T;premium;30;216.79;161.7;5901765022373;;;;;0;6.080;0;;0;0;0;0;
DER629;KADR2801690PTR218;Kabat;DÊTKA 16.9 - 28  HD  [premium]  TR-218A;;;28;T;premium;1;216.79;161.7;5901765022373;;;;;0;6.080;0;;0;0;0;0;
DER629;KADR2801690PTR218;Kabat;DÊTKA 16.9 - 28  HD  [premium]  TR-218A;;;28;T;premium;1;216.79;161.7;5901765022373;;;;;0;6.080;0;;0;0;0;0;
DER629;KADR2801690PTR218;Kabat;DÊTKA 16.9 - 28  HD  [premium]  TR-218A;;;28;T;premium;1;216.79;161.7;5901765022373;;;;;0;6.080;0;;0;0;0;0;
DER390;KADR28018400TR218;Kabat;DÊTKA 18.4 - 28  TR-218A;;82;28;T;;2;287.95;178.68;5901765010004;;;;;0;7.330;0;;0;0;0;0;
DER390;KADR28018400TR218;Kabat;DÊTKA 18.4 - 28  TR-218A;;82;28;T;;2;287.95;178.68;5901765010004;;;;;0;7.330;0;;0;0;0;0;
DER390;KADR28018400TR218;Kabat;DÊTKA 18.4 - 28  TR-218A;;82;28;T;;2;287.95;178.68;5901765010004;;;;;0;7.330;0;;0;0;0;0;
DER390;KADR28018400TR218;Kabat;DÊTKA 18.4 - 28  TR-218A;;82;28;T;;10;287.95;178.68;5901765010004;;;;;0;7.330;0;;0;0;0;0;
DER390;KADR28018400TR218;Kabat;DÊTKA 18.4 - 28  TR-218A;;82;28;T;;14;287.95;178.68;5901765010004;;;;;0;7.330;0;;0;0;0;0;
DER390;KADR28018400TR218;Kabat;DÊTKA 18.4 - 28  TR-218A;;82;28;T;;31;287.95;178.68;5901765010004;;;;;0;7.330;0;;0;0;0;0;
DER390;KADR28018400TR218;Kabat;DÊTKA 18.4 - 28  TR-218A;;82;28;T;;1;287.95;178.68;5901765010004;;;;;0;7.330;0;;0;0;0;0;
DER390;KADR28018400TR218;Kabat;DÊTKA 18.4 - 28  TR-218A;;82;28;T;;2;287.95;178.68;5901765010004;;;;;0;7.330;0;;0;0;0;0;
DER390;KADR28018400TR218;Kabat;DÊTKA 18.4 - 28  TR-218A;;82;28;T;;8;287.95;178.68;5901765010004;;;;;0;7.330;0;;0;0;0;0;
DER390;KADR28018400TR218;Kabat;DÊTKA 18.4 - 28  TR-218A;;82;28;T;;4;287.95;178.68;5901765010004;;;;;0;7.330;0;;0;0;0;0;
DER641;KADR2801840PTR218;Kabat;DÊTKA 18.4 - 28  TR-218A  [premium];;;28;T;premium;0;346.87;227.96;5901765022496;;;;;0;7.330;0;;0;0;0;0;
DER420;KADR2808395TR218A;Kabat;DÊTKA 8.3/9.5 - 28  TR-218A;;;28;R;;2;151.99;93.3;5901765010295;;;;;0;3.660;0;;0;0;0;0;
DER420;KADR2808395TR218A;Kabat;DÊTKA 8.3/9.5 - 28  TR-218A;;;28;R;;17;151.99;93.3;5901765010295;;;;;0;3.660;0;;0;0;0;0;
DER420;KADR2808395TR218A;Kabat;DÊTKA 8.3/9.5 - 28  TR-218A;;;28;R;;9;151.99;93.3;5901765010295;;;;;0;3.660;0;;0;0;0;0;
DER420;KADR2808395TR218A;Kabat;DÊTKA 8.3/9.5 - 28  TR-218A;;;28;R;;8;151.99;93.3;5901765010295;;;;;0;3.660;0;;0;0;0;0;
DER420;KADR2808395TR218A;Kabat;DÊTKA 8.3/9.5 - 28  TR-218A;;;28;R;;1;151.99;93.3;5901765010295;;;;;0;3.660;0;;0;0;0;0;
DER420;KADR2808395TR218A;Kabat;DÊTKA 8.3/9.5 - 28  TR-218A;;;28;R;;8;151.99;93.3;5901765010295;;;;;0;3.660;0;;0;0;0;0;
DER420;KADR2808395TR218A;Kabat;DÊTKA 8.3/9.5 - 28  TR-218A;;;28;R;;28;151.99;93.3;5901765010295;;;;;0;3.660;0;;0;0;0;0;
DER330;KADR2809500TR218A;Kabat;DÊTKA 9.5 - 28  TR-218A;22 x 9.50;;28;R;;9;151.99;93.3;5901765009503;;;;;0;3.660;0;;0;0;0;0;
DER330;KADR2809500TR218A;Kabat;DÊTKA 9.5 - 28  TR-218A;22 x 9.50;;28;R;;0;151.99;93.3;5901765009503;;;;;0;3.660;0;;0;0;0;0;
DER330;KADR2809500TR218A;Kabat;DÊTKA 9.5 - 28  TR-218A;22 x 9.50;;28;R;;5;151.99;93.3;5901765009503;;;;;0;3.660;0;;0;0;0;0;
DER330;KADR2809500TR218A;Kabat;DÊTKA 9.5 - 28  TR-218A;22 x 9.50;;28;R;;1;151.99;93.3;5901765009503;;;;;0;3.660;0;;0;0;0;0;
DER330;KADR2809500TR218A;Kabat;DÊTKA 9.5 - 28  TR-218A;22 x 9.50;;28;R;;2;151.99;93.3;5901765009503;;;;;0;3.660;0;;0;0;0;0;
DER330;KADR2809500TR218A;Kabat;DÊTKA 9.5 - 28  TR-218A;22 x 9.50;;28;R;;1;151.99;93.3;5901765009503;;;;;0;3.660;0;;0;0;0;0;
DER330;KADR2809500TR218A;Kabat;DÊTKA 9.5 - 28  TR-218A;22 x 9.50;;28;R;;1;151.99;93.3;5901765009503;;;;;0;3.660;0;;0;0;0;0;
DER303;KADR300149155R218;Kabat;DÊTKA 14.9/15.5 - 30  TR-218A;;;30;A5;;1;290;179.99;5901765009275;;;;;0;6.420;0;;0;0;0;0;
DER303;KADR300149155R218;Kabat;DÊTKA 14.9/15.5 - 30  TR-218A;;;30;A5;;2;290;179.99;5901765009275;;;;;0;6.420;0;;0;0;0;0;
DER303;KADR300149155R218;Kabat;DÊTKA 14.9/15.5 - 30  TR-218A;;;30;A5;;2;290;179.99;5901765009275;;;;;0;6.420;0;;0;0;0;0;
DER303;KADR300149155R218;Kabat;DÊTKA 14.9/15.5 - 30  TR-218A;;;30;A5;;11;290;179.99;5901765009275;;;;;0;6.420;0;;0;0;0;0;
DER303;KADR300149155R218;Kabat;DÊTKA 14.9/15.5 - 30  TR-218A;;;30;A5;;3;290;179.99;5901765009275;;;;;0;6.420;0;;0;0;0;0;
DER303;KADR300149155R218;Kabat;DÊTKA 14.9/15.5 - 30  TR-218A;;;30;A5;;11;290;179.99;5901765009275;;;;;0;6.420;0;;0;0;0;0;
DER303;KADR300149155R218;Kabat;DÊTKA 14.9/15.5 - 30  TR-218A;;;30;A5;;22;290;179.99;5901765009275;;;;;0;6.420;0;;0;0;0;0;
DER303;KADR300149155R218;Kabat;DÊTKA 14.9/15.5 - 30  TR-218A;;;30;A5;;1;290;179.99;5901765009275;;;;;0;6.420;0;;0;0;0;0;
DER303;KADR300149155R218;Kabat;DÊTKA 14.9/15.5 - 30  TR-218A;;;30;A5;;2;290;179.99;5901765009275;;;;;0;6.420;0;;0;0;0;0;
DER030;KADR30016900OTR21;Kabat;DÊTKA 16.9 - 30  TR-218A;;82;30;O;;5;272.36;168.56;5901765007462;;;;;0;6.420;0;;0;0;0;0;
DER030;KADR30016900OTR21;Kabat;DÊTKA 16.9 - 30  TR-218A;;82;30;O;;77;272.36;168.56;5901765007462;;;;;0;6.420;0;;0;0;0;0;
DER030;KADR30016900OTR21;Kabat;DÊTKA 16.9 - 30  TR-218A;;82;30;O;;1;272.36;168.56;5901765007462;;;;;0;6.420;0;;0;0;0;0;
DER030;KADR30016900OTR21;Kabat;DÊTKA 16.9 - 30  TR-218A;;82;30;O;;6;272.36;168.56;5901765007462;;;;;0;6.420;0;;0;0;0;0;
DER030;KADR30016900OTR21;Kabat;DÊTKA 16.9 - 30  TR-218A;;82;30;O;;8;272.36;168.56;5901765007462;;;;;0;6.420;0;;0;0;0;0;
DER030;KADR30016900OTR21;Kabat;DÊTKA 16.9 - 30  TR-218A;;82;30;O;;0;272.36;168.56;5901765007462;;;;;0;6.420;0;;0;0;0;0;
DER030;KADR30016900OTR21;Kabat;DÊTKA 16.9 - 30  TR-218A;;82;30;O;;46;272.36;168.56;5901765007462;;;;;0;6.420;0;;0;0;0;0;
DER030;KADR30016900OTR21;Kabat;DÊTKA 16.9 - 30  TR-218A;;82;30;O;;2;272.36;168.56;5901765007462;;;;;0;6.420;0;;0;0;0;0;
DER030;KADR30016900OTR21;Kabat;DÊTKA 16.9 - 30  TR-218A;;82;30;O;;59;272.36;168.56;5901765007462;;;;;0;6.420;0;;0;0;0;0;
DER030;KADR30016900OTR21;Kabat;DÊTKA 16.9 - 30  TR-218A;;82;30;O;;7;272.36;168.56;5901765007462;;;;;0;6.420;0;;0;0;0;0;
DER030;KADR30016900OTR21;Kabat;DÊTKA 16.9 - 30  TR-218A;;82;30;O;;1;272.36;168.56;5901765007462;;;;;0;6.420;0;;0;0;0;0;
DER030;KADR30016900OTR21;Kabat;DÊTKA 16.9 - 30  TR-218A;;82;30;O;;1;272.36;168.56;5901765007462;;;;;0;6.420;0;;0;0;0;0;
DER030;KADR30016900OTR21;Kabat;DÊTKA 16.9 - 30  TR-218A;;82;30;O;;0;272.36;168.56;5901765007462;;;;;0;6.420;0;;0;0;0;0;
DEL631;KADR30018400TR00A;Kabat;DÊTKA 16.9/18.4 - 30  TR-218A  PREMIUM FORESTRY;;82;30;T;;10;379.97;233.24;;;;;;0;6.960;0;;0;0;0;0;
DEL631;KADR30018400TR00A;Kabat;DÊTKA 16.9/18.4 - 30  TR-218A  PREMIUM FORESTRY;;82;30;T;;10;379.97;233.24;;;;;;0;6.960;0;;0;0;0;0;
DEL631;KADR30018400TR00A;Kabat;DÊTKA 16.9/18.4 - 30  TR-218A  PREMIUM FORESTRY;;82;30;T;;10;379.97;233.24;;;;;;0;6.960;0;;0;0;0;0;
DER016;KADR30018400TR218;Kabat;DÊTKA 16.9/18.4 - 30  TR-218A;;82;30;T;;4;280.96;174.34;5901765007332;;;;;0;6.960;0;;0;0;0;0;
DER016;KADR30018400TR218;Kabat;DÊTKA 16.9/18.4 - 30  TR-218A;;82;30;T;;2;280.96;174.34;5901765007332;;;;;0;6.960;0;;0;0;0;0;
DER016;KADR30018400TR218;Kabat;DÊTKA 16.9/18.4 - 30  TR-218A;;82;30;T;;100;280.96;174.34;5901765007332;;;;;0;6.960;0;;0;0;0;0;
DER016;KADR30018400TR218;Kabat;DÊTKA 16.9/18.4 - 30  TR-218A;;82;30;T;;31;280.96;174.34;5901765007332;;;;;0;6.960;0;;0;0;0;0;
DER016;KADR30018400TR218;Kabat;DÊTKA 16.9/18.4 - 30  TR-218A;;82;30;T;;5;280.96;174.34;5901765007332;;;;;0;6.960;0;;0;0;0;0;
DER016;KADR30018400TR218;Kabat;DÊTKA 16.9/18.4 - 30  TR-218A;;82;30;T;;74;280.96;174.34;5901765007332;;;;;0;6.960;0;;0;0;0;0;
DER016;KADR30018400TR218;Kabat;DÊTKA 16.9/18.4 - 30  TR-218A;;82;30;T;;5;280.96;174.34;5901765007332;;;;;0;6.960;0;;0;0;0;0;
DER016;KADR30018400TR218;Kabat;DÊTKA 16.9/18.4 - 30  TR-218A;;82;30;T;;1;280.96;174.34;5901765007332;;;;;0;6.960;0;;0;0;0;0;
DER016;KADR30018400TR218;Kabat;DÊTKA 16.9/18.4 - 30  TR-218A;;82;30;T;;1;280.96;174.34;5901765007332;;;;;0;6.960;0;;0;0;0;0;
DER016;KADR30018400TR218;Kabat;DÊTKA 16.9/18.4 - 30  TR-218A;;82;30;T;;0;280.96;174.34;5901765007332;;;;;0;6.960;0;;0;0;0;0;
DER016;KADR30018400TR218;Kabat;DÊTKA 16.9/18.4 - 30  TR-218A;;82;30;T;;100;280.96;174.34;5901765007332;;;;;0;6.960;0;;0;0;0;0;
DER016;KADR30018400TR218;Kabat;DÊTKA 16.9/18.4 - 30  TR-218A;;82;30;T;;4;280.96;174.34;5901765007332;;;;;0;6.960;0;;0;0;0;0;
DER016;KADR30018400TR218;Kabat;DÊTKA 16.9/18.4 - 30  TR-218A;;82;30;T;;1;280.96;174.34;5901765007332;;;;;0;6.960;0;;0;0;0;0;
DER631;KADR3001840PTR218;Kabat;DÊTKA 16.9/18.4 - 30  HD  [premium]  TR-218A;;;30;T;premium;17;338.8;212.66;5901765022397;;;;;0;6.960;0;;0;0;0;0;
DER631;KADR3001840PTR218;Kabat;DÊTKA 16.9/18.4 - 30  HD  [premium]  TR-218A;;;30;T;premium;2;338.8;212.66;5901765022397;;;;;0;6.960;0;;0;0;0;0;
DER631;KADR3001840PTR218;Kabat;DÊTKA 16.9/18.4 - 30  HD  [premium]  TR-218A;;;30;T;premium;8;338.8;212.66;5901765022397;;;;;0;6.960;0;;0;0;0;0;
DER631;KADR3001840PTR218;Kabat;DÊTKA 16.9/18.4 - 30  HD  [premium]  TR-218A;;;30;T;premium;2;338.8;212.66;5901765022397;;;;;0;6.960;0;;0;0;0;0;
DER631;KADR3001840PTR218;Kabat;DÊTKA 16.9/18.4 - 30  HD  [premium]  TR-218A;;;30;T;premium;2;338.8;212.66;5901765022397;;;;;0;6.960;0;;0;0;0;0;
DER631;KADR3001840PTR218;Kabat;DÊTKA 16.9/18.4 - 30  HD  [premium]  TR-218A;;;30;T;premium;1;338.8;212.66;5901765022397;;;;;0;6.960;0;;0;0;0;0;
DER631;KADR3001840PTR218;Kabat;DÊTKA 16.9/18.4 - 30  HD  [premium]  TR-218A;;;30;T;premium;2;338.8;212.66;5901765022397;;;;;0;6.960;0;;0;0;0;0;
DER631;KADR3001840PTR218;Kabat;DÊTKA 16.9/18.4 - 30  HD  [premium]  TR-218A;;;30;T;premium;6;338.8;212.66;5901765022397;;;;;0;6.960;0;;0;0;0;0;
DER631;KADR3001840PTR218;Kabat;DÊTKA 16.9/18.4 - 30  HD  [premium]  TR-218A;;;30;T;premium;1;338.8;212.66;5901765022397;;;;;0;6.960;0;;0;0;0;0;
DER631;KADR3001840PTR218;Kabat;DÊTKA 16.9/18.4 - 30  HD  [premium]  TR-218A;;;30;T;premium;1;338.8;212.66;5901765022397;;;;;0;6.960;0;;0;0;0;0;
DEL747;KADR30021LR30TR0A;Kabat;DÊTKA 21 LR  30  (23.1 - 30)  TR-218A  PREMIUM FORESTRY;21.5L;;30;0;;5;605.13;397.67;;;;;;0;11.670;0;;0;0;0;0;
DEL747;KADR30021LR30TR0A;Kabat;DÊTKA 21 LR  30  (23.1 - 30)  TR-218A  PREMIUM FORESTRY;21.5L;;30;0;;5;605.13;397.67;;;;;;0;11.670;0;;0;0;0;0;
DEL747;KADR30021LR30TR0A;Kabat;DÊTKA 21 LR  30  (23.1 - 30)  TR-218A  PREMIUM FORESTRY;21.5L;;30;0;;5;605.13;397.67;;;;;;0;11.670;0;;0;0;0;0;
DER309;KADR30021LR30TR21;Kabat;DÊTKA 21 LR  30  (23.1 - 30)  TR-218A;21.5L;;30;0;;2;447.45;274.66;5901765009329;;;;;0;11.670;0;;0;0;0;0;
DER309;KADR30021LR30TR21;Kabat;DÊTKA 21 LR  30  (23.1 - 30)  TR-218A;21.5L;;30;0;;12;447.45;274.66;5901765009329;;;;;0;11.670;0;;0;0;0;0;
DER309;KADR30021LR30TR21;Kabat;DÊTKA 21 LR  30  (23.1 - 30)  TR-218A;21.5L;;30;0;;4;447.45;274.66;5901765009329;;;;;0;11.670;0;;0;0;0;0;
DER309;KADR30021LR30TR21;Kabat;DÊTKA 21 LR  30  (23.1 - 30)  TR-218A;21.5L;;30;0;;2;447.45;274.66;5901765009329;;;;;0;11.670;0;;0;0;0;0;
DER309;KADR30021LR30TR21;Kabat;DÊTKA 21 LR  30  (23.1 - 30)  TR-218A;21.5L;;30;0;;6;447.45;274.66;5901765009329;;;;;0;11.670;0;;0;0;0;0;
DER309;KADR30021LR30TR21;Kabat;DÊTKA 21 LR  30  (23.1 - 30)  TR-218A;21.5L;;30;0;;1;447.45;274.66;5901765009329;;;;;0;11.670;0;;0;0;0;0;
DER309;KADR30021LR30TR21;Kabat;DÊTKA 21 LR  30  (23.1 - 30)  TR-218A;21.5L;;30;0;;19;447.45;274.66;5901765009329;;;;;0;11.670;0;;0;0;0;0;
DER309;KADR30021LR30TR21;Kabat;DÊTKA 21 LR  30  (23.1 - 30)  TR-218A;21.5L;;30;0;;30;447.45;274.66;5901765009329;;;;;0;11.670;0;;0;0;0;0;
DER309;KADR30021LR30TR21;Kabat;DÊTKA 21 LR  30  (23.1 - 30)  TR-218A;21.5L;;30;0;;3;447.45;274.66;5901765009329;;;;;0;11.670;0;;0;0;0;0;
DER323;KADR3056005560218;Kabat;DÊTKA 600/55/60 - 30.5  TR-218A;600;55;30.5;A6;;1;460.44;282.64;5901765009435;;;;;0;11.670;0;;0;0;0;0;
DER323;KADR3056005560218;Kabat;DÊTKA 600/55/60 - 30.5  TR-218A;600;55;30.5;A6;;13;460.44;282.64;5901765009435;;;;;0;11.670;0;;0;0;0;0;
DER323;KADR3056005560218;Kabat;DÊTKA 600/55/60 - 30.5  TR-218A;600;55;30.5;A6;;2;460.44;282.64;5901765009435;;;;;0;11.670;0;;0;0;0;0;
DER323;KADR3056005560218;Kabat;DÊTKA 600/55/60 - 30.5  TR-218A;600;55;30.5;A6;;5;460.44;282.64;5901765009435;;;;;0;11.670;0;;0;0;0;0;
DER323;KADR3056005560218;Kabat;DÊTKA 600/55/60 - 30.5  TR-218A;600;55;30.5;A6;;2;460.44;282.64;5901765009435;;;;;0;11.670;0;;0;0;0;0;
DER323;KADR3056005560218;Kabat;DÊTKA 600/55/60 - 30.5  TR-218A;600;55;30.5;A6;;1;460.44;282.64;5901765009435;;;;;0;11.670;0;;0;0;0;0;
DER323;KADR3056005560218;Kabat;DÊTKA 600/55/60 - 30.5  TR-218A;600;55;30.5;A6;;3;460.44;282.64;5901765009435;;;;;0;11.670;0;;0;0;0;0;
DER323;KADR3056005560218;Kabat;DÊTKA 600/55/60 - 30.5  TR-218A;600;55;30.5;A6;;2;460.44;282.64;5901765009435;;;;;0;11.670;0;;0;0;0;0;
DER323;KADR3056005560218;Kabat;DÊTKA 600/55/60 - 30.5  TR-218A;600;55;30.5;A6;;2;460.44;282.64;5901765009435;;;;;0;11.670;0;;0;0;0;0;
DER015;KADR320112124TR21;Kabat;DÊTKA 11.2/12.4 - 32  TR-218A;;120;32;A4;;7;149.23;106.82;5901765007325;;;;;0;4.930;0;;0;0;0;0;
DER015;KADR320112124TR21;Kabat;DÊTKA 11.2/12.4 - 32  TR-218A;;120;32;A4;;100;149.23;106.82;5901765007325;;;;;0;4.930;0;;0;0;0;0;
DER015;KADR320112124TR21;Kabat;DÊTKA 11.2/12.4 - 32  TR-218A;;120;32;A4;;8;149.23;106.82;5901765007325;;;;;0;4.930;0;;0;0;0;0;
DER015;KADR320112124TR21;Kabat;DÊTKA 11.2/12.4 - 32  TR-218A;;120;32;A4;;2;149.23;106.82;5901765007325;;;;;0;4.930;0;;0;0;0;0;
DER015;KADR320112124TR21;Kabat;DÊTKA 11.2/12.4 - 32  TR-218A;;120;32;A4;;2;149.23;106.82;5901765007325;;;;;0;4.930;0;;0;0;0;0;
DER015;KADR320112124TR21;Kabat;DÊTKA 11.2/12.4 - 32  TR-218A;;120;32;A4;;2;149.23;106.82;5901765007325;;;;;0;4.930;0;;0;0;0;0;
DER015;KADR320112124TR21;Kabat;DÊTKA 11.2/12.4 - 32  TR-218A;;120;32;A4;;100;149.23;106.82;5901765007325;;;;;0;4.930;0;;0;0;0;0;
DER015;KADR320112124TR21;Kabat;DÊTKA 11.2/12.4 - 32  TR-218A;;120;32;A4;;10;149.23;106.82;5901765007325;;;;;0;4.930;0;;0;0;0;0;
DER015;KADR320112124TR21;Kabat;DÊTKA 11.2/12.4 - 32  TR-218A;;120;32;A4;;1;149.23;106.82;5901765007325;;;;;0;4.930;0;;0;0;0;0;
DER015;KADR320112124TR21;Kabat;DÊTKA 11.2/12.4 - 32  TR-218A;;120;32;A4;;100;149.23;106.82;5901765007325;;;;;0;4.930;0;;0;0;0;0;
DER015;KADR320112124TR21;Kabat;DÊTKA 11.2/12.4 - 32  TR-218A;;120;32;A4;;10;149.23;106.82;5901765007325;;;;;0;4.930;0;;0;0;0;0;
DER015;KADR320112124TR21;Kabat;DÊTKA 11.2/12.4 - 32  TR-218A;;120;32;A4;;3;149.23;106.82;5901765007325;;;;;0;4.930;0;;0;0;0;0;
DER015;KADR320112124TR21;Kabat;DÊTKA 11.2/12.4 - 32  TR-218A;;120;32;A4;;13;149.23;106.82;5901765007325;;;;;0;4.930;0;;0;0;0;0;
DER015;KADR320112124TR21;Kabat;DÊTKA 11.2/12.4 - 32  TR-218A;;120;32;A4;;5;149.23;106.82;5901765007325;;;;;0;4.930;0;;0;0;0;0;
DER015;KADR320112124TR21;Kabat;DÊTKA 11.2/12.4 - 32  TR-218A;;120;32;A4;;2;149.23;106.82;5901765007325;;;;;0;4.930;0;;0;0;0;0;
DER015;KADR320112124TR21;Kabat;DÊTKA 11.2/12.4 - 32  TR-218A;;120;32;A4;;9;149.23;106.82;5901765007325;;;;;0;4.930;0;;0;0;0;0;
DER306;KADR3202422180000;Kabat;DÊTKA 24.5 - 32  TR-218A;24 x 12;;32;A8;;2;594.86;369.14;5901765009305;;;;;0;13.320;0;;0;0;0;0;
DER306;KADR3202422180000;Kabat;DÊTKA 24.5 - 32  TR-218A;24 x 12;;32;A8;;38;594.86;369.14;5901765009305;;;;;0;13.320;0;;0;0;0;0;
DER306;KADR3202422180000;Kabat;DÊTKA 24.5 - 32  TR-218A;24 x 12;;32;A8;;2;594.86;369.14;5901765009305;;;;;0;13.320;0;;0;0;0;0;
DER306;KADR3202422180000;Kabat;DÊTKA 24.5 - 32  TR-218A;24 x 12;;32;A8;;34;594.86;369.14;5901765009305;;;;;0;13.320;0;;0;0;0;0;
DER306;KADR3202422180000;Kabat;DÊTKA 24.5 - 32  TR-218A;24 x 12;;32;A8;;4;594.86;369.14;5901765009305;;;;;0;13.320;0;;0;0;0;0;
DER306;KADR3202422180000;Kabat;DÊTKA 24.5 - 32  TR-218A;24 x 12;;32;A8;;2;594.86;369.14;5901765009305;;;;;0;13.320;0;;0;0;0;0;
DER306;KADR3202422180000;Kabat;DÊTKA 24.5 - 32  TR-218A;24 x 12;;32;A8;;51;594.86;369.14;5901765009305;;;;;0;13.320;0;;0;0;0;0;
DER306;KADR3202422180000;Kabat;DÊTKA 24.5 - 32  TR-218A;24 x 12;;32;A8;;6;594.86;369.14;5901765009305;;;;;0;13.320;0;;0;0;0;0;
DER306;KADR3202422180000;Kabat;DÊTKA 24.5 - 32  TR-218A;24 x 12;;32;A8;;1;594.86;369.14;5901765009305;;;;;0;13.320;0;;0;0;0;0;
DEL722;KADR320245TR218A0;Kabat;DÊTKA 24.5 - 32  (650/75R32)  TR-218A  PREMIUM FORESTRY;245;;32;A2;;5;804.49;524.3;;;;;;0;13.320;0;;0;0;0;0;
DEL722;KADR320245TR218A0;Kabat;DÊTKA 24.5 - 32  (650/75R32)  TR-218A  PREMIUM FORESTRY;245;;32;A2;;5;804.49;524.3;;;;;;0;13.320;0;;0;0;0;0;
DEL722;KADR320245TR218A0;Kabat;DÊTKA 24.5 - 32  (650/75R32)  TR-218A  PREMIUM FORESTRY;245;;32;A2;;1;804.49;524.3;;;;;;0;13.320;0;;0;0;0;0;
DEL722;KADR320245TR218A0;Kabat;DÊTKA 24.5 - 32  (650/75R32)  TR-218A  PREMIUM FORESTRY;245;;32;A2;;4;804.49;524.3;;;;;;0;13.320;0;;0;0;0;0;
DER391;KADR3203050218A00;Kabat;DÊTKA 30.5 - 32  (800/65 - 32)  TR-218A;305;530;32;A1;;1;1084;672.67;5901765010011;;;;;0;19.440;0;;0;0;0;0;
DER391;KADR3203050218A00;Kabat;DÊTKA 30.5 - 32  (800/65 - 32)  TR-218A;305;530;32;A1;;19;1084;672.67;5901765010011;;;;;0;19.440;0;;0;0;0;0;
DER391;KADR3203050218A00;Kabat;DÊTKA 30.5 - 32  (800/65 - 32)  TR-218A;305;530;32;A1;;3;1084;672.67;5901765010011;;;;;0;19.440;0;;0;0;0;0;
DER391;KADR3203050218A00;Kabat;DÊTKA 30.5 - 32  (800/65 - 32)  TR-218A;305;530;32;A1;;4;1084;672.67;5901765010011;;;;;0;19.440;0;;0;0;0;0;
DER391;KADR3203050218A00;Kabat;DÊTKA 30.5 - 32  (800/65 - 32)  TR-218A;305;530;32;A1;;1;1084;672.67;5901765010011;;;;;0;19.440;0;;0;0;0;0;
DER391;KADR3203050218A00;Kabat;DÊTKA 30.5 - 32  (800/65 - 32)  TR-218A;305;530;32;A1;;0;1084;672.67;5901765010011;;;;;0;19.440;0;;0;0;0;0;
DER391;KADR3203050218A00;Kabat;DÊTKA 30.5 - 32  (800/65 - 32)  TR-218A;305;530;32;A1;;21;1084;672.67;5901765010011;;;;;0;19.440;0;;0;0;0;0;
DER391;KADR3203050218A00;Kabat;DÊTKA 30.5 - 32  (800/65 - 32)  TR-218A;305;530;32;A1;;1;1084;672.67;5901765010011;;;;;0;19.440;0;;0;0;0;0;
DER391;KADR3203050218A00;Kabat;DÊTKA 30.5 - 32  (800/65 - 32)  TR-218A;305;530;32;A1;;1;1084;672.67;5901765010011;;;;;0;19.440;0;;0;0;0;0;
DER391;KADR3203050218A00;Kabat;DÊTKA 30.5 - 32  (800/65 - 32)  TR-218A;305;530;32;A1;;0;1084;672.67;5901765010011;;;;;0;19.440;0;;0;0;0;0;
DER391;KADR3203050218A00;Kabat;DÊTKA 30.5 - 32  (800/65 - 32)  TR-218A;305;530;32;A1;;1;1084;672.67;5901765010011;;;;;0;19.440;0;;0;0;0;0;
DER391;KADR3203050218A00;Kabat;DÊTKA 30.5 - 32  (800/65 - 32)  TR-218A;305;530;32;A1;;31;1084;672.67;5901765010011;;;;;0;19.440;0;;0;0;0;0;
DEL746;KADR320305TR218A0;Kabat;DÊTKA 30.5 RL  32  TR-218A  PREMIUM FORESTRY;305;;32;A2;;8;1466.01;955.5;;;;;;0;19.440;0;;0;0;0;0;
DEL746;KADR320305TR218A0;Kabat;DÊTKA 30.5 RL  32  TR-218A  PREMIUM FORESTRY;305;;32;A2;;4;1466.01;955.5;;;;;;0;19.440;0;;0;0;0;0;
DEL746;KADR320305TR218A0;Kabat;DÊTKA 30.5 RL  32  TR-218A  PREMIUM FORESTRY;305;;32;A2;;8;1466.01;955.5;;;;;;0;19.440;0;;0;0;0;0;
DEL746;KADR320305TR218A0;Kabat;DÊTKA 30.5 RL  32  TR-218A  PREMIUM FORESTRY;305;;32;A2;;4;1466.01;955.5;;;;;;0;19.440;0;;0;0;0;0;
DER095;KADR3209583TR218A;Kabat;DÊTKA 8.3/9.5 - 32  TR-218A;;;32;R;;0;157.55;97.76;5901765007998;;;;;0;3.400;0;;0;0;0;0;
DER095;KADR3209583TR218A;Kabat;DÊTKA 8.3/9.5 - 32  TR-218A;;;32;R;;2;157.55;97.76;5901765007998;;;;;0;3.400;0;;0;0;0;0;
DER095;KADR3209583TR218A;Kabat;DÊTKA 8.3/9.5 - 32  TR-218A;;;32;R;;73;157.55;97.76;5901765007998;;;;;0;3.400;0;;0;0;0;0;
DER095;KADR3209583TR218A;Kabat;DÊTKA 8.3/9.5 - 32  TR-218A;;;32;R;;4;157.55;97.76;5901765007998;;;;;0;3.400;0;;0;0;0;0;
DER095;KADR3209583TR218A;Kabat;DÊTKA 8.3/9.5 - 32  TR-218A;;;32;R;;3;157.55;97.76;5901765007998;;;;;0;3.400;0;;0;0;0;0;
DER095;KADR3209583TR218A;Kabat;DÊTKA 8.3/9.5 - 32  TR-218A;;;32;R;;49;157.55;97.76;5901765007998;;;;;0;3.400;0;;0;0;0;0;
DER095;KADR3209583TR218A;Kabat;DÊTKA 8.3/9.5 - 32  TR-218A;;;32;R;;4;157.55;97.76;5901765007998;;;;;0;3.400;0;;0;0;0;0;
DER095;KADR3209583TR218A;Kabat;DÊTKA 8.3/9.5 - 32  TR-218A;;;32;R;;9;157.55;97.76;5901765007998;;;;;0;3.400;0;;0;0;0;0;
DER095;KADR3209583TR218A;Kabat;DÊTKA 8.3/9.5 - 32  TR-218A;;;32;R;;10;157.55;97.76;5901765007998;;;;;0;3.400;0;;0;0;0;0;
DER095;KADR3209583TR218A;Kabat;DÊTKA 8.3/9.5 - 32  TR-218A;;;32;R;;4;157.55;97.76;5901765007998;;;;;0;3.400;0;;0;0;0;0;
DER095;KADR3209583TR218A;Kabat;DÊTKA 8.3/9.5 - 32  TR-218A;;;32;R;;5;157.55;97.76;5901765007998;;;;;0;3.400;0;;0;0;0;0;
DER095;KADR3209583TR218A;Kabat;DÊTKA 8.3/9.5 - 32  TR-218A;;;32;R;;97;157.55;97.76;5901765007998;;;;;0;3.400;0;;0;0;0;0;
DER095;KADR3209583TR218A;Kabat;DÊTKA 8.3/9.5 - 32  TR-218A;;;32;R;;7;157.55;97.76;5901765007998;;;;;0;3.400;0;;0;0;0;0;
DER139;KADR331800TRJ1175;Kabat;DÊTKA 18.00 - 33  TRJ-1175C;800;;;J;;10;525.75;239.12;5901765008322;;;;;0;6.360;0;;0;0;0;0;
DER139;KADR331800TRJ1175;Kabat;DÊTKA 18.00 - 33  TRJ-1175C;800;;;J;;10;525.75;239.12;5901765008322;;;;;0;6.360;0;;0;0;0;0;
DER625;KADR3401690TR218A;Kabat;DÊTKA 16.9/18.4 - 34  HD  [premium]  TR-218A;;;34;R;premium;0;443.19;275.02;5901765022335;;;;;0;6.980;0;;0;0;0;0;
DER625;KADR3401690TR218A;Kabat;DÊTKA 16.9/18.4 - 34  HD  [premium]  TR-218A;;;34;R;premium;1;443.19;275.02;5901765022335;;;;;0;6.980;0;;0;0;0;0;
DER625;KADR3401690TR218A;Kabat;DÊTKA 16.9/18.4 - 34  HD  [premium]  TR-218A;;;34;R;premium;0;443.19;275.02;5901765022335;;;;;0;6.980;0;;0;0;0;0;
DER625;KADR3401690TR218A;Kabat;DÊTKA 16.9/18.4 - 34  HD  [premium]  TR-218A;;;34;R;premium;17;443.19;275.02;5901765022335;;;;;0;6.980;0;;0;0;0;0;
DER625;KADR3401690TR218A;Kabat;DÊTKA 16.9/18.4 - 34  HD  [premium]  TR-218A;;;34;R;premium;11;443.19;275.02;5901765022335;;;;;0;6.980;0;;0;0;0;0;
DER625;KADR3401690TR218A;Kabat;DÊTKA 16.9/18.4 - 34  HD  [premium]  TR-218A;;;34;R;premium;1;443.19;275.02;5901765022335;;;;;0;6.980;0;;0;0;0;0;
DER625;KADR3401690TR218A;Kabat;DÊTKA 16.9/18.4 - 34  HD  [premium]  TR-218A;;;34;R;premium;0;443.19;275.02;5901765022335;;;;;0;6.980;0;;0;0;0;0;
DER625;KADR3401690TR218A;Kabat;DÊTKA 16.9/18.4 - 34  HD  [premium]  TR-218A;;;34;R;premium;4;443.19;275.02;5901765022335;;;;;0;6.980;0;;0;0;0;0;
DER625;KADR3401690TR218A;Kabat;DÊTKA 16.9/18.4 - 34  HD  [premium]  TR-218A;;;34;R;premium;1;443.19;275.02;5901765022335;;;;;0;6.980;0;;0;0;0;0;
DER625;KADR3401690TR218A;Kabat;DÊTKA 16.9/18.4 - 34  HD  [premium]  TR-218A;;;34;R;premium;3;443.19;275.02;5901765022335;;;;;0;6.980;0;;0;0;0;0;
DER625;KADR3401690TR218A;Kabat;DÊTKA 16.9/18.4 - 34  HD  [premium]  TR-218A;;;34;R;premium;7;443.19;275.02;5901765022335;;;;;0;6.980;0;;0;0;0;0;
DER017;KADR340169184218A;Kabat;DÊTKA 16.9/18.4 - 34  TR-218A;;;34;A4;;10;242;182.28;5901765007349;;;;;0;8.140;0;;0;0;0;0;
DER017;KADR340169184218A;Kabat;DÊTKA 16.9/18.4 - 34  TR-218A;;;34;A4;;7;242;182.28;5901765007349;;;;;0;8.140;0;;0;0;0;0;
DER017;KADR340169184218A;Kabat;DÊTKA 16.9/18.4 - 34  TR-218A;;;34;A4;;100;242;182.28;5901765007349;;;;;0;8.140;0;;0;0;0;0;
DER017;KADR340169184218A;Kabat;DÊTKA 16.9/18.4 - 34  TR-218A;;;34;A4;;100;242;182.28;5901765007349;;;;;0;8.140;0;;0;0;0;0;
DER017;KADR340169184218A;Kabat;DÊTKA 16.9/18.4 - 34  TR-218A;;;34;A4;;7;242;182.28;5901765007349;;;;;0;8.140;0;;0;0;0;0;
DER017;KADR340169184218A;Kabat;DÊTKA 16.9/18.4 - 34  TR-218A;;;34;A4;;100;242;182.28;5901765007349;;;;;0;8.140;0;;0;0;0;0;
DER017;KADR340169184218A;Kabat;DÊTKA 16.9/18.4 - 34  TR-218A;;;34;A4;;10;242;182.28;5901765007349;;;;;0;8.140;0;;0;0;0;0;
DER017;KADR340169184218A;Kabat;DÊTKA 16.9/18.4 - 34  TR-218A;;;34;A4;;6;242;182.28;5901765007349;;;;;0;8.140;0;;0;0;0;0;
DER017;KADR340169184218A;Kabat;DÊTKA 16.9/18.4 - 34  TR-218A;;;34;A4;;1;242;182.28;5901765007349;;;;;0;8.140;0;;0;0;0;0;
DER017;KADR340169184218A;Kabat;DÊTKA 16.9/18.4 - 34  TR-218A;;;34;A4;;3;242;182.28;5901765007349;;;;;0;8.140;0;;0;0;0;0;
DER017;KADR340169184218A;Kabat;DÊTKA 16.9/18.4 - 34  TR-218A;;;34;A4;;16;242;182.28;5901765007349;;;;;0;8.140;0;;0;0;0;0;
DER017;KADR340169184218A;Kabat;DÊTKA 16.9/18.4 - 34  TR-218A;;;34;A4;;13;242;182.28;5901765007349;;;;;0;8.140;0;;0;0;0;0;
DER017;KADR340169184218A;Kabat;DÊTKA 16.9/18.4 - 34  TR-218A;;;34;A4;;16;242;182.28;5901765007349;;;;;0;8.140;0;;0;0;0;0;
DER017;KADR340169184218A;Kabat;DÊTKA 16.9/18.4 - 34  TR-218A;;;34;A4;;1;242;182.28;5901765007349;;;;;0;8.140;0;;0;0;0;0;
DER017;KADR340169184218A;Kabat;DÊTKA 16.9/18.4 - 34  TR-218A;;;34;A4;;3;242;182.28;5901765007349;;;;;0;8.140;0;;0;0;0;0;
DER017;KADR340169184218A;Kabat;DÊTKA 16.9/18.4 - 34  TR-218A;;;34;A4;;15;242;182.28;5901765007349;;;;;0;8.140;0;;0;0;0;0;
DER017;KADR340169184218A;Kabat;DÊTKA 16.9/18.4 - 34  TR-218A;;;34;A4;;1;242;182.28;5901765007349;;;;;0;8.140;0;;0;0;0;0;
DER387;KADR340208000218A;Kabat;DÊTKA 20.8 - 34  TR-218A;20x8.00;82;34;0;;1;603.94;370.72;5901765009978;;;;;0;8.140;0;;0;0;0;0;
DER387;KADR340208000218A;Kabat;DÊTKA 20.8 - 34  TR-218A;20x8.00;82;34;0;;1;603.94;370.72;5901765009978;;;;;0;8.140;0;;0;0;0;0;
DER387;KADR340208000218A;Kabat;DÊTKA 20.8 - 34  TR-218A;20x8.00;82;34;0;;1;603.94;370.72;5901765009978;;;;;0;8.140;0;;0;0;0;0;
DER387;KADR340208000218A;Kabat;DÊTKA 20.8 - 34  TR-218A;20x8.00;82;34;0;;4;603.94;370.72;5901765009978;;;;;0;8.140;0;;0;0;0;0;
DER387;KADR340208000218A;Kabat;DÊTKA 20.8 - 34  TR-218A;20x8.00;82;34;0;;1;603.94;370.72;5901765009978;;;;;0;8.140;0;;0;0;0;0;
DER387;KADR340208000218A;Kabat;DÊTKA 20.8 - 34  TR-218A;20x8.00;82;34;0;;1;603.94;370.72;5901765009978;;;;;0;8.140;0;;0;0;0;0;
DER387;KADR340208000218A;Kabat;DÊTKA 20.8 - 34  TR-218A;20x8.00;82;34;0;;12;603.94;370.72;5901765009978;;;;;0;8.140;0;;0;0;0;0;
DER387;KADR340208000218A;Kabat;DÊTKA 20.8 - 34  TR-218A;20x8.00;82;34;0;;3;603.94;370.72;5901765009978;;;;;0;8.140;0;;0;0;0;0;
DER387;KADR340208000218A;Kabat;DÊTKA 20.8 - 34  TR-218A;20x8.00;82;34;0;;5;603.94;370.72;5901765009978;;;;;0;8.140;0;;0;0;0;0;
DER669;KADR340231000218A;Kabat;DÊTKA 23.1 - 34  TR-218A;23.1;82;34;0;;1;710.48;436.12;5901765022779;;;;;0;19.500;0;;0;0;0;0;
DER669;KADR340231000218A;Kabat;DÊTKA 23.1 - 34  TR-218A;23.1;82;34;0;;1;710.48;436.12;5901765022779;;;;;0;19.500;0;;0;0;0;0;
DER669;KADR340231000218A;Kabat;DÊTKA 23.1 - 34  TR-218A;23.1;82;34;0;;1;710.48;436.12;5901765022779;;;;;0;19.500;0;;0;0;0;0;
DER669;KADR340231000218A;Kabat;DÊTKA 23.1 - 34  TR-218A;23.1;82;34;0;;1;710.48;436.12;5901765022779;;;;;0;19.500;0;;0;0;0;0;
DER669;KADR340231000218A;Kabat;DÊTKA 23.1 - 34  TR-218A;23.1;82;34;0;;1;710.48;436.12;5901765022779;;;;;0;19.500;0;;0;0;0;0;
DER669;KADR340231000218A;Kabat;DÊTKA 23.1 - 34  TR-218A;23.1;82;34;0;;4;710.48;436.12;5901765022779;;;;;0;19.500;0;;0;0;0;0;
DEL748;KADR340231TR218A0;Kabat;DÊTKA 23.1 - 34  TR-218A  PREMIUM FORESTRY;23.1;;34;A2;;9;960.85;631.44;;;;;;0;19.500;0;;0;0;0;0;
DEL748;KADR340231TR218A0;Kabat;DÊTKA 23.1 - 34  TR-218A  PREMIUM FORESTRY;23.1;;34;A2;;9;960.85;631.44;;;;;;0;19.500;0;;0;0;0;0;
DEL748;KADR340231TR218A0;Kabat;DÊTKA 23.1 - 34  TR-218A  PREMIUM FORESTRY;23.1;;34;A2;;9;960.85;631.44;;;;;;0;19.500;0;;0;0;0;0;
DER278;KADR360124136T218;Kabat;DÊTKA 12.4/13.6 - 36  TR-218A;;13;36;A6;;57;247.27;153.44;5901765009121;;;;;0;5.120;0;;0;0;0;0;
DER278;KADR360124136T218;Kabat;DÊTKA 12.4/13.6 - 36  TR-218A;;13;36;A6;;24;247.27;153.44;5901765009121;;;;;0;5.120;0;;0;0;0;0;
DER278;KADR360124136T218;Kabat;DÊTKA 12.4/13.6 - 36  TR-218A;;13;36;A6;;0;247.27;153.44;5901765009121;;;;;0;5.120;0;;0;0;0;0;
DER278;KADR360124136T218;Kabat;DÊTKA 12.4/13.6 - 36  TR-218A;;13;36;A6;;1;247.27;153.44;5901765009121;;;;;0;5.120;0;;0;0;0;0;
DER278;KADR360124136T218;Kabat;DÊTKA 12.4/13.6 - 36  TR-218A;;13;36;A6;;22;247.27;153.44;5901765009121;;;;;0;5.120;0;;0;0;0;0;
DER278;KADR360124136T218;Kabat;DÊTKA 12.4/13.6 - 36  TR-218A;;13;36;A6;;2;247.27;153.44;5901765009121;;;;;0;5.120;0;;0;0;0;0;
DER278;KADR360124136T218;Kabat;DÊTKA 12.4/13.6 - 36  TR-218A;;13;36;A6;;2;247.27;153.44;5901765009121;;;;;0;5.120;0;;0;0;0;0;
DER278;KADR360124136T218;Kabat;DÊTKA 12.4/13.6 - 36  TR-218A;;13;36;A6;;4;247.27;153.44;5901765009121;;;;;0;5.120;0;;0;0;0;0;
DER278;KADR360124136T218;Kabat;DÊTKA 12.4/13.6 - 36  TR-218A;;13;36;A6;;13;247.27;153.44;5901765009121;;;;;0;5.120;0;;0;0;0;0;
DER278;KADR360124136T218;Kabat;DÊTKA 12.4/13.6 - 36  TR-218A;;13;36;A6;;4;247.27;153.44;5901765009121;;;;;0;5.120;0;;0;0;0;0;
DER278;KADR360124136T218;Kabat;DÊTKA 12.4/13.6 - 36  TR-218A;;13;36;A6;;9;247.27;153.44;5901765009121;;;;;0;5.120;0;;0;0;0;0;
DER084;KADR36040000TR150;Kabat;DÊTKA 4.00 - 36  TR-15;400;82;36;T;;3;90.71;55.68;5901765007882;;;;;0;1.860;0;;0;0;0;0;
DER084;KADR36040000TR150;Kabat;DÊTKA 4.00 - 36  TR-15;400;82;36;T;;3;90.71;55.68;5901765007882;;;;;0;1.860;0;;0;0;0;0;
DER084;KADR36040000TR150;Kabat;DÊTKA 4.00 - 36  TR-15;400;82;36;T;;6;90.71;55.68;5901765007882;;;;;0;1.860;0;;0;0;0;0;
DER084;KADR36040000TR150;Kabat;DÊTKA 4.00 - 36  TR-15;400;82;36;T;;6;90.71;55.68;5901765007882;;;;;0;1.860;0;;0;0;0;0;
DER094;KADR3608395000000;Kabat;DÊTKA 8.3/9.5 - 36  TR-218A;;50;36;0;;2;165.43;101.82;5901765007981;;;;;0;3.390;0;;0;0;0;0;
DER094;KADR3608395000000;Kabat;DÊTKA 8.3/9.5 - 36  TR-218A;;50;36;0;;4;165.43;101.82;5901765007981;;;;;0;3.390;0;;0;0;0;0;
DER094;KADR3608395000000;Kabat;DÊTKA 8.3/9.5 - 36  TR-218A;;50;36;0;;76;165.43;101.82;5901765007981;;;;;0;3.390;0;;0;0;0;0;
DER094;KADR3608395000000;Kabat;DÊTKA 8.3/9.5 - 36  TR-218A;;50;36;0;;3;165.43;101.82;5901765007981;;;;;0;3.390;0;;0;0;0;0;
DER094;KADR3608395000000;Kabat;DÊTKA 8.3/9.5 - 36  TR-218A;;50;36;0;;6;165.43;101.82;5901765007981;;;;;0;3.390;0;;0;0;0;0;
DER094;KADR3608395000000;Kabat;DÊTKA 8.3/9.5 - 36  TR-218A;;50;36;0;;11;165.43;101.82;5901765007981;;;;;0;3.390;0;;0;0;0;0;
DER094;KADR3608395000000;Kabat;DÊTKA 8.3/9.5 - 36  TR-218A;;50;36;0;;56;165.43;101.82;5901765007981;;;;;0;3.390;0;;0;0;0;0;
DER094;KADR3608395000000;Kabat;DÊTKA 8.3/9.5 - 36  TR-218A;;50;36;0;;2;165.43;101.82;5901765007981;;;;;0;3.390;0;;0;0;0;0;
DER094;KADR3608395000000;Kabat;DÊTKA 8.3/9.5 - 36  TR-218A;;50;36;0;;18;165.43;101.82;5901765007981;;;;;0;3.390;0;;0;0;0;0;
DER094;KADR3608395000000;Kabat;DÊTKA 8.3/9.5 - 36  TR-218A;;50;36;0;;100;165.43;101.82;5901765007981;;;;;0;3.390;0;;0;0;0;0;
DER094;KADR3608395000000;Kabat;DÊTKA 8.3/9.5 - 36  TR-218A;;50;36;0;;4;165.43;101.82;5901765007981;;;;;0;3.390;0;;0;0;0;0;
DER094;KADR3608395000000;Kabat;DÊTKA 8.3/9.5 - 36  TR-218A;;50;36;0;;5;165.43;101.82;5901765007981;;;;;0;3.390;0;;0;0;0;0;
DER094;KADR3608395000000;Kabat;DÊTKA 8.3/9.5 - 36  TR-218A;;50;36;0;;4;165.43;101.82;5901765007981;;;;;0;3.390;0;;0;0;0;0;
DER094;KADR3608395000000;Kabat;DÊTKA 8.3/9.5 - 36  TR-218A;;50;36;0;;10;165.43;101.82;5901765007981;;;;;0;3.390;0;;0;0;0;0;
DER094;KADR3608395000000;Kabat;DÊTKA 8.3/9.5 - 36  TR-218A;;50;36;0;;5;165.43;101.82;5901765007981;;;;;0;3.390;0;;0;0;0;0;
DER362;KADR38012400TR218;Kabat;DÊTKA 12.4 - 38  TR-218A;;82;38;T;;1;279.01;173.17;5901765009763;;;;;0;5.120;0;;0;0;0;0;
DER362;KADR38012400TR218;Kabat;DÊTKA 12.4 - 38  TR-218A;;82;38;T;;2;279.01;173.17;5901765009763;;;;;0;5.120;0;;0;0;0;0;
DER362;KADR38012400TR218;Kabat;DÊTKA 12.4 - 38  TR-218A;;82;38;T;;8;279.01;173.17;5901765009763;;;;;0;5.120;0;;0;0;0;0;
DER362;KADR38012400TR218;Kabat;DÊTKA 12.4 - 38  TR-218A;;82;38;T;;2;279.01;173.17;5901765009763;;;;;0;5.120;0;;0;0;0;0;
DER362;KADR38012400TR218;Kabat;DÊTKA 12.4 - 38  TR-218A;;82;38;T;;2;279.01;173.17;5901765009763;;;;;0;5.120;0;;0;0;0;0;
DER362;KADR38012400TR218;Kabat;DÊTKA 12.4 - 38  TR-218A;;82;38;T;;5;279.01;173.17;5901765009763;;;;;0;5.120;0;;0;0;0;0;
DER362;KADR38012400TR218;Kabat;DÊTKA 12.4 - 38  TR-218A;;82;38;T;;1;279.01;173.17;5901765009763;;;;;0;5.120;0;;0;0;0;0;
DER093;KADR380136149TR21;Kabat;DÊTKA 13.6/14.9 - 38  TR-218A;13 x 6.50;14;38;A9;;2;303.27;188.19;5901765007974;;;;;0;6.720;0;;0;0;0;0;
DER093;KADR380136149TR21;Kabat;DÊTKA 13.6/14.9 - 38  TR-218A;13 x 6.50;14;38;A9;;1;303.27;188.19;5901765007974;;;;;0;6.720;0;;0;0;0;0;
DER093;KADR380136149TR21;Kabat;DÊTKA 13.6/14.9 - 38  TR-218A;13 x 6.50;14;38;A9;;30;303.27;188.19;5901765007974;;;;;0;6.720;0;;0;0;0;0;
DER093;KADR380136149TR21;Kabat;DÊTKA 13.6/14.9 - 38  TR-218A;13 x 6.50;14;38;A9;;1;303.27;188.19;5901765007974;;;;;0;6.720;0;;0;0;0;0;
DER093;KADR380136149TR21;Kabat;DÊTKA 13.6/14.9 - 38  TR-218A;13 x 6.50;14;38;A9;;1;303.27;188.19;5901765007974;;;;;0;6.720;0;;0;0;0;0;
DER093;KADR380136149TR21;Kabat;DÊTKA 13.6/14.9 - 38  TR-218A;13 x 6.50;14;38;A9;;10;303.27;188.19;5901765007974;;;;;0;6.720;0;;0;0;0;0;
DER093;KADR380136149TR21;Kabat;DÊTKA 13.6/14.9 - 38  TR-218A;13 x 6.50;14;38;A9;;2;303.27;188.19;5901765007974;;;;;0;6.720;0;;0;0;0;0;
DER093;KADR380136149TR21;Kabat;DÊTKA 13.6/14.9 - 38  TR-218A;13 x 6.50;14;38;A9;;44;303.27;188.19;5901765007974;;;;;0;6.720;0;;0;0;0;0;
DER093;KADR380136149TR21;Kabat;DÊTKA 13.6/14.9 - 38  TR-218A;13 x 6.50;14;38;A9;;0;303.27;188.19;5901765007974;;;;;0;6.720;0;;0;0;0;0;
DER093;KADR380136149TR21;Kabat;DÊTKA 13.6/14.9 - 38  TR-218A;13 x 6.50;14;38;A9;;1;303.27;188.19;5901765007974;;;;;0;6.720;0;;0;0;0;0;
DER093;KADR380136149TR21;Kabat;DÊTKA 13.6/14.9 - 38  TR-218A;13 x 6.50;14;38;A9;;2;303.27;188.19;5901765007974;;;;;0;6.720;0;;0;0;0;0;
DER093;KADR380136149TR21;Kabat;DÊTKA 13.6/14.9 - 38  TR-218A;13 x 6.50;14;38;A9;;20;303.27;188.19;5901765007974;;;;;0;6.720;0;;0;0;0;0;
DER093;KADR380136149TR21;Kabat;DÊTKA 13.6/14.9 - 38  TR-218A;13 x 6.50;14;38;A9;;4;303.27;188.19;5901765007974;;;;;0;6.720;0;;0;0;0;0;
DER447K;KADR3801500000HD0;Kabat;DÊTKA 15.5 - 38  TR-218A  HD;150;82;38;0;;21;286.51;178.26;;;;;;0;8.040;0;;0;0;0;0;
DER447K;KADR3801500000HD0;Kabat;DÊTKA 15.5 - 38  TR-218A  HD;150;82;38;0;;31;286.51;178.26;;;;;;0;8.040;0;;0;0;0;0;
DER447K;KADR3801500000HD0;Kabat;DÊTKA 15.5 - 38  TR-218A  HD;150;82;38;0;;10;286.51;178.26;;;;;;0;8.040;0;;0;0;0;0;
DER447K;KADR3801500000HD0;Kabat;DÊTKA 15.5 - 38  TR-218A  HD;150;82;38;0;;36;286.51;178.26;;;;;;0;8.040;0;;0;0;0;0;
DER447K;KADR3801500000HD0;Kabat;DÊTKA 15.5 - 38  TR-218A  HD;150;82;38;0;;0;286.51;178.26;;;;;;0;8.040;0;;0;0;0;0;
DER447K;KADR3801500000HD0;Kabat;DÊTKA 15.5 - 38  TR-218A  HD;150;82;38;0;;2;286.51;178.26;;;;;;0;8.040;0;;0;0;0;0;
DER447K;KADR3801500000HD0;Kabat;DÊTKA 15.5 - 38  TR-218A  HD;150;82;38;0;;0;286.51;178.26;;;;;;0;8.040;0;;0;0;0;0;
DER447K;KADR3801500000HD0;Kabat;DÊTKA 15.5 - 38  TR-218A  HD;150;82;38;0;;2;286.51;178.26;;;;;;0;8.040;0;;0;0;0;0;
DER447K;KADR3801500000HD0;Kabat;DÊTKA 15.5 - 38  TR-218A  HD;150;82;38;0;;1;286.51;178.26;;;;;;0;8.040;0;;0;0;0;0;
DER109;KADR38015000TR218;Kabat;DÊTKA 15.5 - 38  TR-218A;150;82;38;T;;1;314.52;195.17;5901765008124;;;;;0;8.040;0;;0;0;0;0;
DER109;KADR38015000TR218;Kabat;DÊTKA 15.5 - 38  TR-218A;150;82;38;T;;7;314.52;195.17;5901765008124;;;;;0;8.040;0;;0;0;0;0;
DER109;KADR38015000TR218;Kabat;DÊTKA 15.5 - 38  TR-218A;150;82;38;T;;8;314.52;195.17;5901765008124;;;;;0;8.040;0;;0;0;0;0;
DER109;KADR38015000TR218;Kabat;DÊTKA 15.5 - 38  TR-218A;150;82;38;T;;19;314.52;195.17;5901765008124;;;;;0;8.040;0;;0;0;0;0;
DER109;KADR38015000TR218;Kabat;DÊTKA 15.5 - 38  TR-218A;150;82;38;T;;65;314.52;195.17;5901765008124;;;;;0;8.040;0;;0;0;0;0;
DER109;KADR38015000TR218;Kabat;DÊTKA 15.5 - 38  TR-218A;150;82;38;T;;3;314.52;195.17;5901765008124;;;;;0;8.040;0;;0;0;0;0;
DER109;KADR38015000TR218;Kabat;DÊTKA 15.5 - 38  TR-218A;150;82;38;T;;2;314.52;195.17;5901765008124;;;;;0;8.040;0;;0;0;0;0;
DER109;KADR38015000TR218;Kabat;DÊTKA 15.5 - 38  TR-218A;150;82;38;T;;3;314.52;195.17;5901765008124;;;;;0;8.040;0;;0;0;0;0;
DER109;KADR38015000TR218;Kabat;DÊTKA 15.5 - 38  TR-218A;150;82;38;T;;38;314.52;195.17;5901765008124;;;;;0;8.040;0;;0;0;0;0;
DER109;KADR38015000TR218;Kabat;DÊTKA 15.5 - 38  TR-218A;150;82;38;T;;2;314.52;195.17;5901765008124;;;;;0;8.040;0;;0;0;0;0;
DER109;KADR38015000TR218;Kabat;DÊTKA 15.5 - 38  TR-218A;150;82;38;T;;10;314.52;195.17;5901765008124;;;;;0;8.040;0;;0;0;0;0;
DER109;KADR38015000TR218;Kabat;DÊTKA 15.5 - 38  TR-218A;150;82;38;T;;7;314.52;195.17;5901765008124;;;;;0;8.040;0;;0;0;0;0;
DER109;KADR38015000TR218;Kabat;DÊTKA 15.5 - 38  TR-218A;150;82;38;T;;3;314.52;195.17;5901765008124;;;;;0;8.040;0;;0;0;0;0;
DER279;KADR3801690TR218A;Kabat;DÊTKA 16.9 - 38  TR-218A;;;38;R;;100;328.96;204.13;5901765009138;;;;;0;8.930;0;;0;0;0;0;
DER279;KADR3801690TR218A;Kabat;DÊTKA 16.9 - 38  TR-218A;;;38;R;;4;328.96;204.13;5901765009138;;;;;0;8.930;0;;0;0;0;0;
DER279;KADR3801690TR218A;Kabat;DÊTKA 16.9 - 38  TR-218A;;;38;R;;0;328.96;204.13;5901765009138;;;;;0;8.930;0;;0;0;0;0;
DER279;KADR3801690TR218A;Kabat;DÊTKA 16.9 - 38  TR-218A;;;38;R;;82;328.96;204.13;5901765009138;;;;;0;8.930;0;;0;0;0;0;
DER279;KADR3801690TR218A;Kabat;DÊTKA 16.9 - 38  TR-218A;;;38;R;;58;328.96;204.13;5901765009138;;;;;0;8.930;0;;0;0;0;0;
DER279;KADR3801690TR218A;Kabat;DÊTKA 16.9 - 38  TR-218A;;;38;R;;5;328.96;204.13;5901765009138;;;;;0;8.930;0;;0;0;0;0;
DER279;KADR3801690TR218A;Kabat;DÊTKA 16.9 - 38  TR-218A;;;38;R;;9;328.96;204.13;5901765009138;;;;;0;8.930;0;;0;0;0;0;
DER279;KADR3801690TR218A;Kabat;DÊTKA 16.9 - 38  TR-218A;;;38;R;;6;328.96;204.13;5901765009138;;;;;0;8.930;0;;0;0;0;0;
DER279;KADR3801690TR218A;Kabat;DÊTKA 16.9 - 38  TR-218A;;;38;R;;5;328.96;204.13;5901765009138;;;;;0;8.930;0;;0;0;0;0;
DER279;KADR3801690TR218A;Kabat;DÊTKA 16.9 - 38  TR-218A;;;38;R;;2;328.96;204.13;5901765009138;;;;;0;8.930;0;;0;0;0;0;
DER279;KADR3801690TR218A;Kabat;DÊTKA 16.9 - 38  TR-218A;;;38;R;;3;328.96;204.13;5901765009138;;;;;0;8.930;0;;0;0;0;0;
DER279;KADR3801690TR218A;Kabat;DÊTKA 16.9 - 38  TR-218A;;;38;R;;11;328.96;204.13;5901765009138;;;;;0;8.930;0;;0;0;0;0;
DER279;KADR3801690TR218A;Kabat;DÊTKA 16.9 - 38  TR-218A;;;38;R;;1;328.96;204.13;5901765009138;;;;;0;8.930;0;;0;0;0;0;
DER279;KADR3801690TR218A;Kabat;DÊTKA 16.9 - 38  TR-218A;;;38;R;;15;328.96;204.13;5901765009138;;;;;0;8.930;0;;0;0;0;0;
DER279;KADR3801690TR218A;Kabat;DÊTKA 16.9 - 38  TR-218A;;;38;R;;6;328.96;204.13;5901765009138;;;;;0;8.930;0;;0;0;0;0;
DER018;KADR3801840TR218A;Kabat;DÊTKA 18.4 - 38  TR-218A;;;38;R;;4;231.92;174.44;5901765007356;;;;;0;8.930;0;;0;0;0;0;
DER018;KADR3801840TR218A;Kabat;DÊTKA 18.4 - 38  TR-218A;;;38;R;;15;231.92;174.44;5901765007356;;;;;0;8.930;0;;0;0;0;0;
DER018;KADR3801840TR218A;Kabat;DÊTKA 18.4 - 38  TR-218A;;;38;R;;3;231.92;174.44;5901765007356;;;;;0;8.930;0;;0;0;0;0;
DER018;KADR3801840TR218A;Kabat;DÊTKA 18.4 - 38  TR-218A;;;38;R;;10;231.92;174.44;5901765007356;;;;;0;8.930;0;;0;0;0;0;
DER018;KADR3801840TR218A;Kabat;DÊTKA 18.4 - 38  TR-218A;;;38;R;;10;231.92;174.44;5901765007356;;;;;0;8.930;0;;0;0;0;0;
DER018;KADR3801840TR218A;Kabat;DÊTKA 18.4 - 38  TR-218A;;;38;R;;100;231.92;174.44;5901765007356;;;;;0;8.930;0;;0;0;0;0;
DER018;KADR3801840TR218A;Kabat;DÊTKA 18.4 - 38  TR-218A;;;38;R;;4;231.92;174.44;5901765007356;;;;;0;8.930;0;;0;0;0;0;
DER018;KADR3801840TR218A;Kabat;DÊTKA 18.4 - 38  TR-218A;;;38;R;;100;231.92;174.44;5901765007356;;;;;0;8.930;0;;0;0;0;0;
DER018;KADR3801840TR218A;Kabat;DÊTKA 18.4 - 38  TR-218A;;;38;R;;2;231.92;174.44;5901765007356;;;;;0;8.930;0;;0;0;0;0;
DER018;KADR3801840TR218A;Kabat;DÊTKA 18.4 - 38  TR-218A;;;38;R;;7;231.92;174.44;5901765007356;;;;;0;8.930;0;;0;0;0;0;
DER018;KADR3801840TR218A;Kabat;DÊTKA 18.4 - 38  TR-218A;;;38;R;;19;231.92;174.44;5901765007356;;;;;0;8.930;0;;0;0;0;0;
DER018;KADR3801840TR218A;Kabat;DÊTKA 18.4 - 38  TR-218A;;;38;R;;2;231.92;174.44;5901765007356;;;;;0;8.930;0;;0;0;0;0;
DER018;KADR3801840TR218A;Kabat;DÊTKA 18.4 - 38  TR-218A;;;38;R;;3;231.92;174.44;5901765007356;;;;;0;8.930;0;;0;0;0;0;
DER018;KADR3801840TR218A;Kabat;DÊTKA 18.4 - 38  TR-218A;;;38;R;;100;231.92;174.44;5901765007356;;;;;0;8.930;0;;0;0;0;0;
DER654;KADR380184TR218A0;Kabat;DÊTKA 18.4 - 38  TR-218A  [premium];;;38;A2;premium;2;434.54;273.42;;;;;;0;10.340;0;;0;0;0;0;
DER654;KADR380184TR218A0;Kabat;DÊTKA 18.4 - 38  TR-218A  [premium];;;38;A2;premium;2;434.54;273.42;;;;;;0;10.340;0;;0;0;0;0;
DER654;KADR380184TR218A0;Kabat;DÊTKA 18.4 - 38  TR-218A  [premium];;;38;A2;premium;7;434.54;273.42;;;;;;0;10.340;0;;0;0;0;0;
DER654;KADR380184TR218A0;Kabat;DÊTKA 18.4 - 38  TR-218A  [premium];;;38;A2;premium;1;434.54;273.42;;;;;;0;10.340;0;;0;0;0;0;
DER654;KADR380184TR218A0;Kabat;DÊTKA 18.4 - 38  TR-218A  [premium];;;38;A2;premium;1;434.54;273.42;;;;;;0;10.340;0;;0;0;0;0;
DER654;KADR380184TR218A0;Kabat;DÊTKA 18.4 - 38  TR-218A  [premium];;;38;A2;premium;2;434.54;273.42;;;;;;0;10.340;0;;0;0;0;0;
DER654;KADR380184TR218A0;Kabat;DÊTKA 18.4 - 38  TR-218A  [premium];;;38;A2;premium;18;434.54;273.42;;;;;;0;10.340;0;;0;0;0;0;
DER654;KADR380184TR218A0;Kabat;DÊTKA 18.4 - 38  TR-218A  [premium];;;38;A2;premium;10;434.54;273.42;;;;;;0;10.340;0;;0;0;0;0;
DER654;KADR380184TR218A0;Kabat;DÊTKA 18.4 - 38  TR-218A  [premium];;;38;A2;premium;3;434.54;273.42;;;;;;0;10.340;0;;0;0;0;0;
DER047;KADR38020800TR218;Kabat;DÊTKA 20.8 - 38  TR-218A;20x8.00;82;38;T;;0;292.42;200.9;5901765007592;;;;;0;10.340;0;;0;0;0;0;
DER047;KADR38020800TR218;Kabat;DÊTKA 20.8 - 38  TR-218A;20x8.00;82;38;T;;2;292.42;200.9;5901765007592;;;;;0;10.340;0;;0;0;0;0;
DER047;KADR38020800TR218;Kabat;DÊTKA 20.8 - 38  TR-218A;20x8.00;82;38;T;;100;292.42;200.9;5901765007592;;;;;0;10.340;0;;0;0;0;0;
DER047;KADR38020800TR218;Kabat;DÊTKA 20.8 - 38  TR-218A;20x8.00;82;38;T;;2;292.42;200.9;5901765007592;;;;;0;10.340;0;;0;0;0;0;
DER047;KADR38020800TR218;Kabat;DÊTKA 20.8 - 38  TR-218A;20x8.00;82;38;T;;2;292.42;200.9;5901765007592;;;;;0;10.340;0;;0;0;0;0;
DER047;KADR38020800TR218;Kabat;DÊTKA 20.8 - 38  TR-218A;20x8.00;82;38;T;;46;292.42;200.9;5901765007592;;;;;0;10.340;0;;0;0;0;0;
DER047;KADR38020800TR218;Kabat;DÊTKA 20.8 - 38  TR-218A;20x8.00;82;38;T;;5;292.42;200.9;5901765007592;;;;;0;10.340;0;;0;0;0;0;
DER047;KADR38020800TR218;Kabat;DÊTKA 20.8 - 38  TR-218A;20x8.00;82;38;T;;4;292.42;200.9;5901765007592;;;;;0;10.340;0;;0;0;0;0;
DER047;KADR38020800TR218;Kabat;DÊTKA 20.8 - 38  TR-218A;20x8.00;82;38;T;;9;292.42;200.9;5901765007592;;;;;0;10.340;0;;0;0;0;0;
DER047;KADR38020800TR218;Kabat;DÊTKA 20.8 - 38  TR-218A;20x8.00;82;38;T;;8;292.42;200.9;5901765007592;;;;;0;10.340;0;;0;0;0;0;
DER047;KADR38020800TR218;Kabat;DÊTKA 20.8 - 38  TR-218A;20x8.00;82;38;T;;4;292.42;200.9;5901765007592;;;;;0;10.340;0;;0;0;0;0;
DER047;KADR38020800TR218;Kabat;DÊTKA 20.8 - 38  TR-218A;20x8.00;82;38;T;;5;292.42;200.9;5901765007592;;;;;0;10.340;0;;0;0;0;0;
DER047;KADR38020800TR218;Kabat;DÊTKA 20.8 - 38  TR-218A;20x8.00;82;38;T;;0;292.42;200.9;5901765007592;;;;;0;10.340;0;;0;0;0;0;
DER047;KADR38020800TR218;Kabat;DÊTKA 20.8 - 38  TR-218A;20x8.00;82;38;T;;17;292.42;200.9;5901765007592;;;;;0;10.340;0;;0;0;0;0;
DER047;KADR38020800TR218;Kabat;DÊTKA 20.8 - 38  TR-218A;20x8.00;82;38;T;;65;292.42;200.9;5901765007592;;;;;0;10.340;0;;0;0;0;0;
DER639;KADR3802080PTR218;Kabat;DÊTKA 20.8 - 38  TR-218A  [premium];20x8.00;;38;T;premium;2;365.02;269.5;5901765022472;;;;;0;10.340;0;;0;0;0;0;
DER639;KADR3802080PTR218;Kabat;DÊTKA 20.8 - 38  TR-218A  [premium];20x8.00;;38;T;premium;0;365.02;269.5;5901765022472;;;;;0;10.340;0;;0;0;0;0;
DER639;KADR3802080PTR218;Kabat;DÊTKA 20.8 - 38  TR-218A  [premium];20x8.00;;38;T;premium;17;365.02;269.5;5901765022472;;;;;0;10.340;0;;0;0;0;0;
DER639;KADR3802080PTR218;Kabat;DÊTKA 20.8 - 38  TR-218A  [premium];20x8.00;;38;T;premium;8;365.02;269.5;5901765022472;;;;;0;10.340;0;;0;0;0;0;
DER639;KADR3802080PTR218;Kabat;DÊTKA 20.8 - 38  TR-218A  [premium];20x8.00;;38;T;premium;1;365.02;269.5;5901765022472;;;;;0;10.340;0;;0;0;0;0;
DER639;KADR3802080PTR218;Kabat;DÊTKA 20.8 - 38  TR-218A  [premium];20x8.00;;38;T;premium;2;365.02;269.5;5901765022472;;;;;0;10.340;0;;0;0;0;0;
DER639;KADR3802080PTR218;Kabat;DÊTKA 20.8 - 38  TR-218A  [premium];20x8.00;;38;T;premium;4;365.02;269.5;5901765022472;;;;;0;10.340;0;;0;0;0;0;
DER639;KADR3802080PTR218;Kabat;DÊTKA 20.8 - 38  TR-218A  [premium];20x8.00;;38;T;premium;3;365.02;269.5;5901765022472;;;;;0;10.340;0;;0;0;0;0;
DER639;KADR3802080PTR218;Kabat;DÊTKA 20.8 - 38  TR-218A  [premium];20x8.00;;38;T;premium;5;365.02;269.5;5901765022472;;;;;0;10.340;0;;0;0;0;0;
DER295;KADR38065060TR218;Kabat;DÊTKA 650/60 - 38  TR-218A;650;60;38;T;;2;458.83;284.72;5901765009220;;;;;0;13.720;0;;0;0;0;0;
DER295;KADR38065060TR218;Kabat;DÊTKA 650/60 - 38  TR-218A;650;60;38;T;;2;458.83;284.72;5901765009220;;;;;0;13.720;0;;0;0;0;0;
DER295;KADR38065060TR218;Kabat;DÊTKA 650/60 - 38  TR-218A;650;60;38;T;;4;458.83;284.72;5901765009220;;;;;0;13.720;0;;0;0;0;0;
DER295;KADR38065060TR218;Kabat;DÊTKA 650/60 - 38  TR-218A;650;60;38;T;;2;458.83;284.72;5901765009220;;;;;0;13.720;0;;0;0;0;0;
DER295;KADR38065060TR218;Kabat;DÊTKA 650/60 - 38  TR-218A;650;60;38;T;;25;458.83;284.72;5901765009220;;;;;0;13.720;0;;0;0;0;0;
DER295;KADR38065060TR218;Kabat;DÊTKA 650/60 - 38  TR-218A;650;60;38;T;;2;458.83;284.72;5901765009220;;;;;0;13.720;0;;0;0;0;0;
DER295;KADR38065060TR218;Kabat;DÊTKA 650/60 - 38  TR-218A;650;60;38;T;;11;458.83;284.72;5901765009220;;;;;0;13.720;0;;0;0;0;0;
DER295;KADR38065060TR218;Kabat;DÊTKA 650/60 - 38  TR-218A;650;60;38;T;;3;458.83;284.72;5901765009220;;;;;0;13.720;0;;0;0;0;0;
DER295;KADR38065060TR218;Kabat;DÊTKA 650/60 - 38  TR-218A;650;60;38;T;;1;458.83;284.72;5901765009220;;;;;0;13.720;0;;0;0;0;0;
DER295;KADR38065060TR218;Kabat;DÊTKA 650/60 - 38  TR-218A;650;60;38;T;;2;458.83;284.72;5901765009220;;;;;0;13.720;0;;0;0;0;0;
DER295;KADR38065060TR218;Kabat;DÊTKA 650/60 - 38  TR-218A;650;60;38;T;;1;458.83;284.72;5901765009220;;;;;0;13.720;0;;0;0;0;0;
DER295;KADR38065060TR218;Kabat;DÊTKA 650/60 - 38  TR-218A;650;60;38;T;;4;458.83;284.72;5901765009220;;;;;0;13.720;0;;0;0;0;0;
DER295;KADR38065060TR218;Kabat;DÊTKA 650/60 - 38  TR-218A;650;60;38;T;;2;458.83;284.72;5901765009220;;;;;0;13.720;0;;0;0;0;0;
DER321;KADR38071070TR218;Kabat;DÊTKA 710/70 - 38 650/85-38  TR-218A;710;70;38;T;;36;484.01;300.35;5901765009428;;;;;0;13.720;0;;0;0;0;0;
DER321;KADR38071070TR218;Kabat;DÊTKA 710/70 - 38 650/85-38  TR-218A;710;70;38;T;;2;484.01;300.35;5901765009428;;;;;0;13.720;0;;0;0;0;0;
DER321;KADR38071070TR218;Kabat;DÊTKA 710/70 - 38 650/85-38  TR-218A;710;70;38;T;;0;484.01;300.35;5901765009428;;;;;0;13.720;0;;0;0;0;0;
DER321;KADR38071070TR218;Kabat;DÊTKA 710/70 - 38 650/85-38  TR-218A;710;70;38;T;;2;484.01;300.35;5901765009428;;;;;0;13.720;0;;0;0;0;0;
DER321;KADR38071070TR218;Kabat;DÊTKA 710/70 - 38 650/85-38  TR-218A;710;70;38;T;;1;484.01;300.35;5901765009428;;;;;0;13.720;0;;0;0;0;0;
DER321;KADR38071070TR218;Kabat;DÊTKA 710/70 - 38 650/85-38  TR-218A;710;70;38;T;;15;484.01;300.35;5901765009428;;;;;0;13.720;0;;0;0;0;0;
DER321;KADR38071070TR218;Kabat;DÊTKA 710/70 - 38 650/85-38  TR-218A;710;70;38;T;;22;484.01;300.35;5901765009428;;;;;0;13.720;0;;0;0;0;0;
DER321;KADR38071070TR218;Kabat;DÊTKA 710/70 - 38 650/85-38  TR-218A;710;70;38;T;;1;484.01;300.35;5901765009428;;;;;0;13.720;0;;0;0;0;0;
DER321;KADR38071070TR218;Kabat;DÊTKA 710/70 - 38 650/85-38  TR-218A;710;70;38;T;;3;484.01;300.35;5901765009428;;;;;0;13.720;0;;0;0;0;0;
DER321;KADR38071070TR218;Kabat;DÊTKA 710/70 - 38 650/85-38  TR-218A;710;70;38;T;;3;484.01;300.35;5901765009428;;;;;0;13.720;0;;0;0;0;0;
DER321;KADR38071070TR218;Kabat;DÊTKA 710/70 - 38 650/85-38  TR-218A;710;70;38;T;;4;484.01;300.35;5901765009428;;;;;0;13.720;0;;0;0;0;0;
DER321;KADR38071070TR218;Kabat;DÊTKA 710/70 - 38 650/85-38  TR-218A;710;70;38;T;;1;484.01;300.35;5901765009428;;;;;0;13.720;0;;0;0;0;0;
DER321;KADR38071070TR218;Kabat;DÊTKA 710/70 - 38 650/85-38  TR-218A;710;70;38;T;;1;484.01;300.35;5901765009428;;;;;0;13.720;0;;0;0;0;0;
DER321;KADR38071070TR218;Kabat;DÊTKA 710/70 - 38 650/85-38  TR-218A;710;70;38;T;;3;484.01;300.35;5901765009428;;;;;0;13.720;0;;0;0;0;0;
DER349;KADR4008395TR218A;Kabat;DÊTKA 8.3/9.5 - 40  TR-218A;;;40;R;;0;208.91;137.29;5901765009657;;;;;0;4.920;0;;0;0;0;0;
DER545;KADR4201120TR218A;Kabat;DÊTKA 11.2/10 - 42  TR-218A;;;42;R;;3;412.87;256.26;5901765021536;;;;;0;4.920;0;;0;0;0;0;
DER545;KADR4201120TR218A;Kabat;DÊTKA 11.2/10 - 42  TR-218A;;;42;R;;1;412.87;256.26;5901765021536;;;;;0;4.920;0;;0;0;0;0;
DER545;KADR4201120TR218A;Kabat;DÊTKA 11.2/10 - 42  TR-218A;;;42;R;;1;412.87;256.26;5901765021536;;;;;0;4.920;0;;0;0;0;0;
DER545;KADR4201120TR218A;Kabat;DÊTKA 11.2/10 - 42  TR-218A;;;42;R;;5;412.87;256.26;5901765021536;;;;;0;4.920;0;;0;0;0;0;
DER545;KADR4201120TR218A;Kabat;DÊTKA 11.2/10 - 42  TR-218A;;;42;R;;2;412.87;256.26;5901765021536;;;;;0;4.920;0;;0;0;0;0;
DER545;KADR4201120TR218A;Kabat;DÊTKA 11.2/10 - 42  TR-218A;;;42;R;;3;412.87;256.26;5901765021536;;;;;0;4.920;0;;0;0;0;0;
DER545;KADR4201120TR218A;Kabat;DÊTKA 11.2/10 - 42  TR-218A;;;42;R;;3;412.87;256.26;5901765021536;;;;;0;4.920;0;;0;0;0;0;
DER545;KADR4201120TR218A;Kabat;DÊTKA 11.2/10 - 42  TR-218A;;;42;R;;8;412.87;256.26;5901765021536;;;;;0;4.920;0;;0;0;0;0;
DER545;KADR4201120TR218A;Kabat;DÊTKA 11.2/10 - 42  TR-218A;;;42;R;;21;412.87;256.26;5901765021536;;;;;0;4.920;0;;0;0;0;0;
DER129;KADR42020800TR218;Kabat;DÊTKA 20.8 - 42  TR-218A;20x8.00;82;42;T;;1;857.6;532.29;5901765008230;;;;;0;17.080;0;;0;0;0;0;
DER129;KADR42020800TR218;Kabat;DÊTKA 20.8 - 42  TR-218A;20x8.00;82;42;T;;10;857.6;532.29;5901765008230;;;;;0;17.080;0;;0;0;0;0;
DER129;KADR42020800TR218;Kabat;DÊTKA 20.8 - 42  TR-218A;20x8.00;82;42;T;;1;857.6;532.29;5901765008230;;;;;0;17.080;0;;0;0;0;0;
DER129;KADR42020800TR218;Kabat;DÊTKA 20.8 - 42  TR-218A;20x8.00;82;42;T;;13;857.6;532.29;5901765008230;;;;;0;17.080;0;;0;0;0;0;
DER129;KADR42020800TR218;Kabat;DÊTKA 20.8 - 42  TR-218A;20x8.00;82;42;T;;2;857.6;532.29;5901765008230;;;;;0;17.080;0;;0;0;0;0;
DER129;KADR42020800TR218;Kabat;DÊTKA 20.8 - 42  TR-218A;20x8.00;82;42;T;;1;857.6;532.29;5901765008230;;;;;0;17.080;0;;0;0;0;0;
DER129;KADR42020800TR218;Kabat;DÊTKA 20.8 - 42  TR-218A;20x8.00;82;42;T;;2;857.6;532.29;5901765008230;;;;;0;17.080;0;;0;0;0;0;
DER129;KADR42020800TR218;Kabat;DÊTKA 20.8 - 42  TR-218A;20x8.00;82;42;T;;2;857.6;532.29;5901765008230;;;;;0;17.080;0;;0;0;0;0;
DER129;KADR42020800TR218;Kabat;DÊTKA 20.8 - 42  TR-218A;20x8.00;82;42;T;;1;857.6;532.29;5901765008230;;;;;0;17.080;0;;0;0;0;0;
DER129;KADR42020800TR218;Kabat;DÊTKA 20.8 - 42  TR-218A;20x8.00;82;42;T;;1;857.6;532.29;5901765008230;;;;;0;17.080;0;;0;0;0;0;
DER129;KADR42020800TR218;Kabat;DÊTKA 20.8 - 42  TR-218A;20x8.00;82;42;T;;23;857.6;532.29;5901765008230;;;;;0;17.080;0;;0;0;0;0;
DER129;KADR42020800TR218;Kabat;DÊTKA 20.8 - 42  TR-218A;20x8.00;82;42;T;;2;857.6;532.29;5901765008230;;;;;0;17.080;0;;0;0;0;0;
DEL754;KADR4202080TR218A;Kabat;DÊTKA 20.8 - 42  TR-218A  PREMIUM FORESTRY;20x8.00;;42;R;;6;1159.83;753.62;;;;;;0;17.080;0;;0;0;0;0;
DEL754;KADR4202080TR218A;Kabat;DÊTKA 20.8 - 42  TR-218A  PREMIUM FORESTRY;20x8.00;;42;R;;6;1159.83;753.62;;;;;;0;17.080;0;;0;0;0;0;
DEL754;KADR4202080TR218A;Kabat;DÊTKA 20.8 - 42  TR-218A  PREMIUM FORESTRY;20x8.00;;42;R;;6;1159.83;753.62;;;;;;0;17.080;0;;0;0;0;0;
DER220;KADR42071070TR218;Kabat;DÊTKA 710/70 - 42  TR-218A;710;70;42;T;;4;1057.66;649.24;5901765008841;;;;;0;20.290;0;;0;0;0;0;
DER220;KADR42071070TR218;Kabat;DÊTKA 710/70 - 42  TR-218A;710;70;42;T;;6;1057.66;649.24;5901765008841;;;;;0;20.290;0;;0;0;0;0;
DER220;KADR42071070TR218;Kabat;DÊTKA 710/70 - 42  TR-218A;710;70;42;T;;0;1057.66;649.24;5901765008841;;;;;0;20.290;0;;0;0;0;0;
DER220;KADR42071070TR218;Kabat;DÊTKA 710/70 - 42  TR-218A;710;70;42;T;;1;1057.66;649.24;5901765008841;;;;;0;20.290;0;;0;0;0;0;
DER220;KADR42071070TR218;Kabat;DÊTKA 710/70 - 42  TR-218A;710;70;42;T;;1;1057.66;649.24;5901765008841;;;;;0;20.290;0;;0;0;0;0;
DER220;KADR42071070TR218;Kabat;DÊTKA 710/70 - 42  TR-218A;710;70;42;T;;1;1057.66;649.24;5901765008841;;;;;0;20.290;0;;0;0;0;0;
DER220;KADR42071070TR218;Kabat;DÊTKA 710/70 - 42  TR-218A;710;70;42;T;;11;1057.66;649.24;5901765008841;;;;;0;20.290;0;;0;0;0;0;
DER220;KADR42071070TR218;Kabat;DÊTKA 710/70 - 42  TR-218A;710;70;42;T;;1;1057.66;649.24;5901765008841;;;;;0;20.290;0;;0;0;0;0;
DER220;KADR42071070TR218;Kabat;DÊTKA 710/70 - 42  TR-218A;710;70;42;T;;16;1057.66;649.24;5901765008841;;;;;0;20.290;0;;0;0;0;0;
DER220;KADR42071070TR218;Kabat;DÊTKA 710/70 - 42  TR-218A;710;70;42;T;;2;1057.66;649.24;5901765008841;;;;;0;20.290;0;;0;0;0;0;
DER098;KADR4208395TR218A;Kabat;DÊTKA 8.3/9.5 - 42  TR-218A;;;42;R;;2;216.62;134.43;5901765008025;;;;;0;4.920;0;;0;0;0;0;
DER098;KADR4208395TR218A;Kabat;DÊTKA 8.3/9.5 - 42  TR-218A;;;42;R;;1;216.62;134.43;5901765008025;;;;;0;4.920;0;;0;0;0;0;
DER098;KADR4208395TR218A;Kabat;DÊTKA 8.3/9.5 - 42  TR-218A;;;42;R;;17;216.62;134.43;5901765008025;;;;;0;4.920;0;;0;0;0;0;
DER098;KADR4208395TR218A;Kabat;DÊTKA 8.3/9.5 - 42  TR-218A;;;42;R;;1;216.62;134.43;5901765008025;;;;;0;4.920;0;;0;0;0;0;
DER098;KADR4208395TR218A;Kabat;DÊTKA 8.3/9.5 - 42  TR-218A;;;42;R;;4;216.62;134.43;5901765008025;;;;;0;4.920;0;;0;0;0;0;
DER098;KADR4208395TR218A;Kabat;DÊTKA 8.3/9.5 - 42  TR-218A;;;42;R;;3;216.62;134.43;5901765008025;;;;;0;4.920;0;;0;0;0;0;
DER098;KADR4208395TR218A;Kabat;DÊTKA 8.3/9.5 - 42  TR-218A;;;42;R;;1;216.62;134.43;5901765008025;;;;;0;4.920;0;;0;0;0;0;
DER098;KADR4208395TR218A;Kabat;DÊTKA 8.3/9.5 - 42  TR-218A;;;42;R;;4;216.62;134.43;5901765008025;;;;;0;4.920;0;;0;0;0;0;
DER098;KADR4208395TR218A;Kabat;DÊTKA 8.3/9.5 - 42  TR-218A;;;42;R;;3;216.62;134.43;5901765008025;;;;;0;4.920;0;;0;0;0;0;
DER098;KADR4208395TR218A;Kabat;DÊTKA 8.3/9.5 - 42  TR-218A;;;42;R;;2;216.62;134.43;5901765008025;;;;;0;4.920;0;;0;0;0;0;
DER549;KADR4401120TR218A;Kabat;DÊTKA 11.2/10 - 44  TR 218A;;;44;R;;10;416.81;258.7;5901765021574;;;;;0;4.920;0;;0;0;0;0;
DER549;KADR4401120TR218A;Kabat;DÊTKA 11.2/10 - 44  TR 218A;;;44;R;;2;416.81;258.7;5901765021574;;;;;0;4.920;0;;0;0;0;0;
DER549;KADR4401120TR218A;Kabat;DÊTKA 11.2/10 - 44  TR 218A;;;44;R;;4;416.81;258.7;5901765021574;;;;;0;4.920;0;;0;0;0;0;
DER549;KADR4401120TR218A;Kabat;DÊTKA 11.2/10 - 44  TR 218A;;;44;R;;1;416.81;258.7;5901765021574;;;;;0;4.920;0;;0;0;0;0;
DER549;KADR4401120TR218A;Kabat;DÊTKA 11.2/10 - 44  TR 218A;;;44;R;;2;416.81;258.7;5901765021574;;;;;0;4.920;0;;0;0;0;0;
DER549;KADR4401120TR218A;Kabat;DÊTKA 11.2/10 - 44  TR 218A;;;44;R;;1;416.81;258.7;5901765021574;;;;;0;4.920;0;;0;0;0;0;
DER549;KADR4401120TR218A;Kabat;DÊTKA 11.2/10 - 44  TR 218A;;;44;R;;7;416.81;258.7;5901765021574;;;;;0;4.920;0;;0;0;0;0;
DER289;KADR4409590TR218A;Kabat;DÊTKA 9.5/9 - 44  TR-218A;;;44;R;;6;239.21;146.84;5901765009183;;;;;0;4.920;0;;0;0;0;0;
DER289;KADR4409590TR218A;Kabat;DÊTKA 9.5/9 - 44  TR-218A;;;44;R;;1;239.21;146.84;5901765009183;;;;;0;4.920;0;;0;0;0;0;
DER289;KADR4409590TR218A;Kabat;DÊTKA 9.5/9 - 44  TR-218A;;;44;R;;2;239.21;146.84;5901765009183;;;;;0;4.920;0;;0;0;0;0;
DER289;KADR4409590TR218A;Kabat;DÊTKA 9.5/9 - 44  TR-218A;;;44;R;;29;239.21;146.84;5901765009183;;;;;0;4.920;0;;0;0;0;0;
DER289;KADR4409590TR218A;Kabat;DÊTKA 9.5/9 - 44  TR-218A;;;44;R;;1;239.21;146.84;5901765009183;;;;;0;4.920;0;;0;0;0;0;
DER289;KADR4409590TR218A;Kabat;DÊTKA 9.5/9 - 44  TR-218A;;;44;R;;47;239.21;146.84;5901765009183;;;;;0;4.920;0;;0;0;0;0;
DER289;KADR4409590TR218A;Kabat;DÊTKA 9.5/9 - 44  TR-218A;;;44;R;;5;239.21;146.84;5901765009183;;;;;0;4.920;0;;0;0;0;0;
DER289;KADR4409590TR218A;Kabat;DÊTKA 9.5/9 - 44  TR-218A;;;44;R;;1;239.21;146.84;5901765009183;;;;;0;4.920;0;;0;0;0;0;
DER289;KADR4409590TR218A;Kabat;DÊTKA 9.5/9 - 44  TR-218A;;;44;R;;5;239.21;146.84;5901765009183;;;;;0;4.920;0;;0;0;0;0;
DER289;KADR4409590TR218A;Kabat;DÊTKA 9.5/9 - 44  TR-218A;;;44;R;;2;239.21;146.84;5901765009183;;;;;0;4.920;0;;0;0;0;0;
DER289;KADR4409590TR218A;Kabat;DÊTKA 9.5/9 - 44  TR-218A;;;44;R;;3;239.21;146.84;5901765009183;;;;;0;4.920;0;;0;0;0;0;
DER289;KADR4409590TR218A;Kabat;DÊTKA 9.5/9 - 44  TR-218A;;;44;R;;21;239.21;146.84;5901765009183;;;;;0;4.920;0;;0;0;0;0;
DER289;KADR4409590TR218A;Kabat;DÊTKA 9.5/9 - 44  TR-218A;;;44;R;;0;239.21;146.84;5901765009183;;;;;0;4.920;0;;0;0;0;0;
DER554;KADR460124TR218A0;Kabat;DÊTKA 11.2/12.4 - 46  TR-218A;;;46;A2;;5;602.16;369.64;5901765021628;;;;;0;5.250;0;;0;0;0;0;
DER554;KADR460124TR218A0;Kabat;DÊTKA 11.2/12.4 - 46  TR-218A;;;46;A2;;2;602.16;369.64;5901765021628;;;;;0;5.250;0;;0;0;0;0;
DER554;KADR460124TR218A0;Kabat;DÊTKA 11.2/12.4 - 46  TR-218A;;;46;A2;;1;602.16;369.64;5901765021628;;;;;0;5.250;0;;0;0;0;0;
DER554;KADR460124TR218A0;Kabat;DÊTKA 11.2/12.4 - 46  TR-218A;;;46;A2;;3;602.16;369.64;5901765021628;;;;;0;5.250;0;;0;0;0;0;
DER554;KADR460124TR218A0;Kabat;DÊTKA 11.2/12.4 - 46  TR-218A;;;46;A2;;3;602.16;369.64;5901765021628;;;;;0;5.250;0;;0;0;0;0;
DER554;KADR460124TR218A0;Kabat;DÊTKA 11.2/12.4 - 46  TR-218A;;;46;A2;;17;602.16;369.64;5901765021628;;;;;0;5.250;0;;0;0;0;0;
DER554;KADR460124TR218A0;Kabat;DÊTKA 11.2/12.4 - 46  TR-218A;;;46;A2;;12;602.16;369.64;5901765021628;;;;;0;5.250;0;;0;0;0;0;
DER554;KADR460124TR218A0;Kabat;DÊTKA 11.2/12.4 - 46  TR-218A;;;46;A2;;1;602.16;369.64;5901765021628;;;;;0;5.250;0;;0;0;0;0;
DER554;KADR460124TR218A0;Kabat;DÊTKA 11.2/12.4 - 46  TR-218A;;;46;A2;;28;602.16;369.64;5901765021628;;;;;0;5.250;0;;0;0;0;0;
DER554;KADR460124TR218A0;Kabat;DÊTKA 11.2/12.4 - 46  TR-218A;;;46;A2;;1;602.16;369.64;5901765021628;;;;;0;5.250;0;;0;0;0;0;
DER580;KADR460136149TR21;Kabat;DÊTKA 13.6/14.9 - 46  TR-218A;13 x 6.50;14;46;A9;;1;820.16;509.04;5901765021888;;;;;0;7.500;0;;0;0;0;0;
DER580;KADR460136149TR21;Kabat;DÊTKA 13.6/14.9 - 46  TR-218A;13 x 6.50;14;46;A9;;1;820.16;509.04;5901765021888;;;;;0;7.500;0;;0;0;0;0;
DER580;KADR460136149TR21;Kabat;DÊTKA 13.6/14.9 - 46  TR-218A;13 x 6.50;14;46;A9;;0;820.16;509.04;5901765021888;;;;;0;7.500;0;;0;0;0;0;
DER616;KADR460169TR218A0;Kabat;DÊTKA 16.9/18.4 - 46  TR-218A;;;46;A2;;2;1230.2;755.15;5901765022243;;;;;0;5.250;0;;0;0;0;0;
DER616;KADR460169TR218A0;Kabat;DÊTKA 16.9/18.4 - 46  TR-218A;;;46;A2;;3;1230.2;755.15;5901765022243;;;;;0;5.250;0;;0;0;0;0;
DER616;KADR460169TR218A0;Kabat;DÊTKA 16.9/18.4 - 46  TR-218A;;;46;A2;;1;1230.2;755.15;5901765022243;;;;;0;5.250;0;;0;0;0;0;
DER616;KADR460169TR218A0;Kabat;DÊTKA 16.9/18.4 - 46  TR-218A;;;46;A2;;3;1230.2;755.15;5901765022243;;;;;0;5.250;0;;0;0;0;0;
DER526;KADR4801101003000;Kabat;DÊTKA 11.2/10 - 48  TR-218A;110;100;48;0;;6;511.63;317.55;5901765021345;;;;;0;5.250;0;;0;0;0;0;
DER526;KADR4801101003000;Kabat;DÊTKA 11.2/10 - 48  TR-218A;110;100;48;0;;4;511.63;317.55;5901765021345;;;;;0;5.250;0;;0;0;0;0;
DER526;KADR4801101003000;Kabat;DÊTKA 11.2/10 - 48  TR-218A;110;100;48;0;;7;511.63;317.55;5901765021345;;;;;0;5.250;0;;0;0;0;0;
DER526;KADR4801101003000;Kabat;DÊTKA 11.2/10 - 48  TR-218A;110;100;48;0;;3;511.63;317.55;5901765021345;;;;;0;5.250;0;;0;0;0;0;
DER526;KADR4801101003000;Kabat;DÊTKA 11.2/10 - 48  TR-218A;110;100;48;0;;14;511.63;317.55;5901765021345;;;;;0;5.250;0;;0;0;0;0;
DER526;KADR4801101003000;Kabat;DÊTKA 11.2/10 - 48  TR-218A;110;100;48;0;;1;511.63;317.55;5901765021345;;;;;0;5.250;0;;0;0;0;0;
DER555;KADR48013612TR218;Kabat;DÊTKA 13.6/12 - 48  TR-218A;13 x 6.50;120;48;T;;4;933.78;579.57;5901765021635;;;;;0;4.200;0;;0;0;0;0;
DER555;KADR48013612TR218;Kabat;DÊTKA 13.6/12 - 48  TR-218A;13 x 6.50;120;48;T;;0;933.78;579.57;5901765021635;;;;;0;4.200;0;;0;0;0;0;
DER555;KADR48013612TR218;Kabat;DÊTKA 13.6/12 - 48  TR-218A;13 x 6.50;120;48;T;;4;933.78;579.57;5901765021635;;;;;0;4.200;0;;0;0;0;0;
DER517;KADR48095000TR218;Kabat;DÊTKA 9.5 - 48  TR-218A;22 x 9.50;82;48;T;;1;493.18;306.1;5901765021253;;;;;0;7.500;0;;0;0;0;0;
DER517;KADR48095000TR218;Kabat;DÊTKA 9.5 - 48  TR-218A;22 x 9.50;82;48;T;;1;493.18;306.1;5901765021253;;;;;0;7.500;0;;0;0;0;0;
DER517;KADR48095000TR218;Kabat;DÊTKA 9.5 - 48  TR-218A;22 x 9.50;82;48;T;;19;493.18;306.1;5901765021253;;;;;0;7.500;0;;0;0;0;0;
DER517;KADR48095000TR218;Kabat;DÊTKA 9.5 - 48  TR-218A;22 x 9.50;82;48;T;;10;493.18;306.1;5901765021253;;;;;0;7.500;0;;0;0;0;0;
DER517;KADR48095000TR218;Kabat;DÊTKA 9.5 - 48  TR-218A;22 x 9.50;82;48;T;;4;493.18;306.1;5901765021253;;;;;0;7.500;0;;0;0;0;0;
DER517;KADR48095000TR218;Kabat;DÊTKA 9.5 - 48  TR-218A;22 x 9.50;82;48;T;;1;493.18;306.1;5901765021253;;;;;0;7.500;0;;0;0;0;0;
DER517;KADR48095000TR218;Kabat;DÊTKA 9.5 - 48  TR-218A;22 x 9.50;82;48;T;;2;493.18;306.1;5901765021253;;;;;0;7.500;0;;0;0;0;0;
DER517;KADR48095000TR218;Kabat;DÊTKA 9.5 - 48  TR-218A;22 x 9.50;82;48;T;;7;493.18;306.1;5901765021253;;;;;0;7.500;0;;0;0;0;0;
DER517;KADR48095000TR218;Kabat;DÊTKA 9.5 - 48  TR-218A;22 x 9.50;82;48;T;;3;493.18;306.1;5901765021253;;;;;0;7.500;0;;0;0;0;0;
KOGT1834080121L;KAPD180340808GE10;Kabat;340/80 - 18  (12.5/80 - 18)  GTR-03  12PR  [143 A8]  TL;340;80;18;A8;143 A8;13;983.22;691.43;5901765100194;;;;2025,2026;0;41.160;0;;0;0;0;0;
KOGT1834080141L;KAPD180340808KGT0;Kabat;340/80 - 18  (12.5/80 - 18)  GTR-03  14PR  [146 A8]  TL;340;80;18;A8;146 A8;22;999.47;700.7;5901765100583;;;;2026;0;44.300;0;;0;0;0;0;
KOGT201000161T;KAPD200H00000G010;Kabat;10.00 - 20  GTR-01  16PR  TT;10.00;82;20;0;;11;1399.17;975.05;;;;;2025;0;56.000;0;;0;0;0;0;
KOGT28169121L;KAPD280G69000GE10;Kabat;16.9 - 28  (440/80 - 28)  GTR-03  [152 A8]  12PR  TL;16.9;82;28;0;152 A8;2;2177.7;1537.18;5901765100675;;;;2025;0;94.400;0;;0;0;0;0;
KOGT28169141L;KAPD280G69000GE11;Kabat;16.9 - 28  (440/80 - 28)  GTR-03  [156 A8]  14PR  TL;16.9;82;28;0;156 A8;7;2242.71;1498.42;5901765100859;;;;2026;0;75.200;0;;0;0;0;0;
KOIM1350061T;KARD050K30006IP80;Kabat;23 x 5  IMP-08  6PR  [113 A5]  TT;23;82;5;A6;113 A5;96;219.4;163.01;5901765100569;;;;2026;0;6.500;0;;0;0;0;0;
KOIM13500101T;KARD050K30006IP82;Kabat;23 x 5  IMP-08  10PR  [121 A5]  TT;23;82;5;A6;121 A5;30;242.15;185.12;5901765100651;;;;2025,2026;0;6.500;0;;0;0;0;0;
KOIM61560061L;KARD060156004IP60;Kabat;15 x 6.00 - 6  IMP-06  [ LWG1 ]  6PR  [70 A4]  TL;15 x 6.00;82;6;A4;LWG1;21;97.04;72.1;5901765100163;;;;2026;0;2.640;0;;0;0;0;0;
KOIM61560061T;KARD060156004IP62;Kabat;15 x 6.00 - 6  IMP-06  [ LWG1 ] 6PR  [70 A4]  TT Kabat Implement Liniowa;15 x 6.00;82;6;A4;LWG1;59;97.04;70.97;5901765100323;;;;2026;0;2.160;0;;0;0;0;0;
KOIM61560062T;KARD060156004LWG1;Kabat;15 x 6.00 - 6  LWG-02  6PR  [73 A4]  TT  Implement Klockowa;15 x 6.00;82;6;A4;73 A4;17;94.06;69.1;5901765100347;;;;2026;0;2.160;0;;0;0;0;0;
KOIM81885061L;KARD080189004IP60;Kabat;18 x 8.50 - 8  IMP-06  6PR  [82 A4]  TL;18 x 8.50;82;8;A4;82 A4;14;133.26;97.04;5901765100187;;;;2025;0;3.490;0;;0;0;0;0;
KOIM81885061T;KARD080189004IP62;Kabat;18 x 8.50 - 8  IMP-06  6PR  [82 A4]  TT;18 x 8.50;82;8;A4;82 A4;27;118.64;84.9;5901765100422;;;;2025,2026;0;2.830;0;;0;0;0;0;
KOIM81885062T;KARD080189004LWG0;Kabat;18 x 8.50 - 8  LWG-02  6PR  [82 A4]  TT  Implement Klockowa;18 x 8.50;82;8;A4;82 A4;24;138.14;99.59;5901765100439;;;;2025,2026;0;2.830;0;;0;0;0;0;
KOIM81885062L;KARD080189004LWG2;Kabat;18 x 8.50 - 8  LWG-02  6PR  [82 A4]  TL  Implement Klockowa;18 x 8.50;82;8;A4;82 A4;27;136.51;104.57;5901765100491;;;;2025,2026;0;3.490;0;;0;0;0;0;
KOIM840041T;KARD080E40004IM30;Kabat;4.00 - 8  IMP-01  4PR  [57 A4]  TT;4.00;82;8;A4;57 A4;100;56.88;42.7;5901765100002;;;;2025,2026;0;1.140;0;;0;0;0;0;
KOIM840061T;KARD080E40004IM31;Kabat;4.00 - 8  IMP-01  6PR  [59 A4]  TT;4.00;82;8;A4;59 A4;89;61.76;45.35;5901765100224;;;;2026;0;1.300;0;;0;0;0;0;
KOIM81665062T;KARD080F160040000;Kabat;16 x 6.50 - 8  LWG-02  6PR  [73 A4]  TT  Implement Klockowa;16 x 6.50;82;8;A4;73 A4;50;97.18;72.03;5901765100316;;;;2025,2026;0;2.390;0;;0;0;0;0;
KOIM81665061T;KARD080F160040001;Kabat;16 x 6.50 - 8  IMP-06  6PR  [73 A4]  TT;16 x 6.50;82;8;A4;73 A4;91;97.51;68.91;5901765100200;;;;2026;0;2.390;0;;0;0;0;0;
KOIM81665061L;KARD080F16004IP60;Kabat;16 x 6.50 - 8  IMP-06  6PR  [73 A4]  TL;16 x 6.50;82;8;A4;73 A4;3;105.63;78.75;5901765100170;;;;2025,2026;0;2.870;0;;0;0;0;0;
KOIM81665062L;KARD080F16004LWG0;Kabat;16 x 6.50 - 8  LWG-02  6PR  [73 A4]  TL  Implement Klockowa;16 x 6.50;82;8;A4;73 A4;13;104.01;72.81;5901765100309;;;;2026;0;2.870;0;;0;0;0;0;
KOIM950041T;KARD090E50006KAI0;Kabat;5.00 - 9  IMP-02  4PR  [69 A6]  TT;5.00;82;9;A6;69 A6;59;159.26;119.25;5901765100125;;;;2026;0;3.490;0;;0;0;0;0;
KOIM1040041T;KARD100E40004IMK0;Kabat;4.00 - 10  IMP-02  4PR  [62 A4]  TT;4.00;82;10;A4;62 A4;17;91.01;69.71;5901765100019;;;;2026;0;2.100;0;;0;0;0;0;
KOSG1040041T;KARD100E40004SGP3;Kabat;4.00 - 10  SGP-02  4PR  [49 A4]  TT  jode³ka;4.00;82;10;A4;49 A4;12;117.01;82.9;5901765100026;;;;2025;0;2.780;0;;0;0;0;0;
KOIM1270061T;KARD120E70008IP70;Kabat;7.00 - 12  IMP-07  6PR  [95 A8]  TT;7.00;82;12;A8;95 A8;14;227.52;175.42;5901765100545;;;;2025;0;7.280;0;;0;0;0;0;
KOIM1210080101T;KARD120G10808IP70;Kabat;10.0/80 - 12  IMP-07  10PR  [117 A8]  TT;10.0;80;12;A8;117 A8;8;338.03;238.14;5901765100514;;;;2025;0;9.850;0;;0;0;0;0;
KOIM1210080101L;KARD120G10808IP71;Kabat;10.0/80 - 12  IMP-07  10PR  [117 A8]  TL;10.0;80;12;A8;117 A8;8;360.78;259.7;5901765100507;;;;2025;0;11.510;0;;0;0;0;0;
KOIM15310075101T;KARD153G10756KAI0;Kabat;10.0/75 - 15.3  IMP-03  10PR  [123 A8]  TT;10.0;75;15.3;A6;123 A8;57;336.44;233.06;5901765100033;;;;2025,2026;0;13.740;0;;0;0;0;0;
KOIM15310075121T;KARD153G10756KAI1;Kabat;10.0/75 - 15.3  IMP-03  12PR  [126 A8]  TT;10.0;75;15.3;A6;126 A8;100;341.28;243.47;5901765100040;;;;2026;0;13.740;0;;0;0;0;0;
KOIM15310075121L;KARD153G10756KAI4;Kabat;10.0/75 - 15.3  IMP-03  12PR  [126 A8]  TL;10.0;75;15.3;A6;126 A8;14;365.66;257.1;5901765100262;;;;2024,2025;0;16.220;0;;0;0;0;0;
KOIM15310075141T;KARD153G10758KAI0;Kabat;10.0/75 - 15.3  IMP-03  14PR  [130 A8]  TT;10.0;75;15.3;A8;130 A8;86;381.91;263.62;5901765100286;;;;2025,2026;0;15.030;0;;0;0;0;0;
KOIM15310075141L;KARD153G10758KAI1;Kabat;10.0/75 - 15.3  IMP-03  14PR  [130 A8]  TL;10.0;75;15.3;A8;130 A8;10;398.16;294.81;5901765100361;;;;2026;0;17.410;0;;0;0;0;0;
KOIM15311580121T;KARD153G15808KAI0;Kabat;11.5/80 - 15.3  IMP-03  12PR  [135 A8]  TT;11.5;80;15.3;A8;135 A8;100;430.67;306.37;5901765100057;;;;2026;0;17.220;0;;0;0;0;0;
KOIM15311580141T;KARD153G15808KAI1;Kabat;11.5/80 - 15.3  IMP-03  14PR  [139 A8]  TT;11.5;80;15.3;A8;139 A8;100;437.17;314.93;5901765100101;;;;2026;0;17.360;0;;0;0;0;0;
KOIM15311580141L;KARD153G15808KAI4;Kabat;11.5/80 - 15.3  IMP-03  14PR  [139 A8]  TL;11.5;80;15.3;A8;139 A8;4;523.3;364.8;5901765100132;;;;2025;0;19.880;0;;0;0;0;0;
KOIM15311580161L;KARD153G15808KAI6;Kabat;11.5/80 - 15.3  IMP-03  16PR  [141 A8]  TL;11.5;80;15.3;A8;141 A8;17;581.8;411.61;5901765100385;;;;2025;0;20.790;0;;0;0;0;0;
KOIM15311580161T;KARD153G15808KAI7;Kabat;11.5/80 - 15.3  IMP-03  16PR  [141 A8]  TT;11.5;80;15.3;A8;141 A8;24;559.05;390.99;5901765100378;;;;2025;0;18.270;0;;0;0;0;0;
KOSG15540060142L;KARD155400600SGY0;Kabat;400/60 - 15.5  SGP-05  14PR  [145 A8/132 A8]  TL;400;60;15.5;0;145 A8/132 A8;13;715.07;504.7;5901765100590;;;;2026;0;33.730;0;;0;0;0;0;
KOIM15540060141L;KARD155400608IP40;Kabat;400/60 - 15.5  IMP-04  14PR  [145 A8]  TL;400;60;15.5;A8;145 A8;12;646.81;509.01;5901765100248;;;;2025;0;32.980;0;;0;0;0;0;
KOSG1660081T;KARD160E60006SGQ0;Kabat;6.00 - 16  SGP-04  8PR  [94 A6]  TT  jode³ka;6.00;82;16;A6;94 A6;8;274.65;194;5901765100828;;;;2025;0;9.900;0;;0;0;0;0;
KOSR1660061T;KARD160E60006SRI0;Kabat;6.00 - 16  SRF-01  6PR  [88 A8]  TT;6.00;82;16;A6;88 A8;78;209.64;152.78;5901765100064;;;;2026;0;9.100;0;;0;0;0;0;
KOSR1660081T;KARD160E60006SRI2;Kabat;6.00 - 16  SRF-01  8PR  [94 A8]  TT;6.00;82;16;A6;94 A8;90;251.9;171.5;5901765100293;;;;2026;0;9.350;0;;0;0;0;0;
KOSG1660061T;KARD160E60008SGQ0;Kabat;6.00 - 16  SGP-04  6PR  [88 A8]  TT  jode³ka;6.00;82;16;A8;88 A8;11;261.65;188.78;5901765100811;;;;2025;0;9.900;0;;0;0;0;0;
KOSR1660062T;KARD160E60008SRR0;Kabat;6.00 - 16  SRF-03  6PR  [88 A8]  TT;6.00;82;16;A8;88 A8;31;225.9;165.19;5901765100255;;;;2025,2026;0;9.100;0;;0;0;0;0;
KOSR1660082T;KARD160E60948SRR1;Kabat;6.00 - 16  SRF-03  8PR  [94 A8]  TT;6.00;94;16;A8;94 A8;8;251.9;174.69;5901765100705;;;;2025;0;9.700;0;;0;0;0;0;
KOSG1675061T;KARD160E75006SGQ0;Kabat;7.50 - 16  SGP-04  6PR  [98 A6]  TT;7.50;82;16;A6;98 A6;11;368.91;235.2;5901765100835;;;;2026;0;13.870;0;;0;0;0;0;
KOSR1675062T;KARD160E75008SF50;Kabat;7.50 - 16  SRF-05  6PR  [98 A8]  TT;7.50;82;16;A8;98 A8;22;352.66;247.94;5901765100613;;;;2023,2026;0;15.400;0;;0;0;0;0;
KOSR1675082T;KARD160E75008SF51;Kabat;7.50 - 16  SRF-05  8PR  [103 A8]  TT;7.50;82;16;A8;103 A8;32;368.91;257.74;5901765100606;;;;2025,2026;0;13.050;0;;0;0;0;0;
KOSG1675081T;KARD160E75008SGQ0;Kabat;7.50 - 16  SGP-04  8PR  [103 A8]  TT;7.50;82;16;A8;103 A8;7;385.16;270.68;5901765100842;;;;2026;0;13.870;0;;0;0;0;0;
KOSR1675061T;KARD160E75008SRF0;Kabat;7.50 - 16  SRF-02  6PR  [98 A8]  TT;7.50;82;16;A8;98 A8;13;352.66;234.22;5901765100071;;;;2026;0;12.970;0;;0;0;0;0;
KOSR1675081T;KARD160E75008SRF1;Kabat;7.50 - 16  SRF-02  8PR  [103 A8]  TT;7.50;82;16;A8;103 A8;20;368.91;247.94;5901765100088;;;;2025,2026;0;13.130;0;;0;0;0;0;
KOIM16900141T;KARD160E90006P091;Kabat;9.00 - 16  IMP-09  14PR  TT;9.00;82;16;A6;;8;715.07;513.59;5901765101115;;;;2024,2026;0;21.100;0;;0;0;0;0;
KOSR1860061T;KARD180E60008SF40;Kabat;6.00 - 18  SRF-02  6PR  [88 A8]  TT;6.00;82;18;A8;88 A8;82;342.91;243.59;5901765100279;;;;2025,2026;0;9.750;0;;0;0;0;0;
KOIM1813065161T;KARD180G30656KAI0;Kabat;13.0/65 - 18  IMP-03  16PR  TT;13.0;65;18;A6;;4;806.08;566.44;5901765100958;;;;2024;0;30.300;0;;0;0;0;0;
KOSR2075081T;KARD200E75006SF40;Kabat;7.50 - 20  SRF-04  8PR  [108 A6]  TT;7.50;82;20;A6;108 A6;62;430.67;302.82;5901765100392;;;;2026;0;15.460;0;;0;0;0;0;
KOSG249581T;KARD240D95006SGQ1;Kabat;9.5 - 24  SGP-04  8PR  [112 A6]  TT;9.5;82;24;A6;112 A6;2;682.56;498.82;5901765100774;;;;2026;0;27.500;0;;0;0;0;0;
KOSG2411281T;KARD240G12006SGQ0;Kabat;11.2 - 24  SGP-04  8PR  [116 A6]  TT;11.2;82;24;A6;116 A6;21;780.07;537.09;5901765100446;;;;2025;0;29.980;0;;0;0;0;0;
KOSG24124121T;KARD240G24006SGQ0;Kabat;12.4 - 24  SGP-04  12PR  [128 A6]  TT;12.4;82;24;A6;128 A6;4;1105.1;793.08;5901765100453;;;;2025;0;42.160;0;;0;0;0;0;
KOSG2412481T;KARD240G24006SGQ1;Kabat;12.4 - 24  SGP-04  8PR  [120 A6]  TT;12.4;82;24;A6;120 A6;7;958.84;680.92;5901765100552;;;;2026;0;37.220;0;;0;0;0;0;
KOSG24124101T;KARD240G24006SGQ2;Kabat;12.4 - 24  SGP-04  10PR  [123 A6]  TT;12.4;82;24;A6;123 A6;16;1054.72;741.86;5901765100644;;;;2024,2026;0;42.000;0;;0;0;0;0;
KOSG2414982T;KARD240G49006SG60;Kabat;14.9 - 24  SGP-06  8PR  [128 A6]  TT;14.9;82;24;A6;128 A6;5;1252.99;881.02;;;;;2026;0;54.710;0;;0;0;0;0;
KOSG2414981T;KARD240G49006SGQ0;Kabat;14.9 - 24  SGP-04  8PR  [128 A6]  TT;14.9;82;24;A6;128 A6;1;1279.1;916.26;5901765100460;;;;2026;0;54.710;0;;0;0;0;0;
KOSG2811281T;KARD280G12856SGP0;Kabat;11.2 - 28  SGP-02  8PR  [118 A6]  TT;11.2;85;28;A6;118 A6;7;926.34;664.21;5901765100217;;;;2026;0;35.710;0;;0;0;0;0;
KOSG2812481T;KARD280G24856SGP0;Kabat;12.4 - 28  SGP-02  8PR  [123 A6]  TT;12.4;85;28;A6;123 A6;82;910.08;661.5;5901765100149;;;;2026;0;42.160;0;;0;0;0;0;
KOSG2813681T;KARD280G36006SGQ1;Kabat;13.6 - 28  SGP-04  8PR  [125 A6]  TT;13.6;82;28;A6;125 A6;9;1186.36;871.22;5901765100866;;;;2026;0;53.100;0;;0;0;0;0;
KOSG2814981T;KARD280G49856SGP0;Kabat;14.9 - 28  SGP-03  8PR  [130 A6]  TT;14.9;85;28;A6;130 A6;17;1194.49;861.42;5901765100156;;;;2026;0;58.110;0;;0;0;0;0;
KOSG28169101T;KARD280G69006SGQ0;Kabat;16.9 - 28  SGP-04  10PR  [139 A6]  TT;16.9;82;28;A6;139 A6;20;1868.92;1313.45;5901765100668;;;;2026;0;67.170;0;;0;0;0;0;
KOSG30169121T;KARD300G69006SGQ0;Kabat;16.9 - 30  SGP-04  12PR  [135 A8]  TT;16.9;82;30;A6;135 A8;6;1948.56;1357.39;5901765100477;;;;2026;0;75.300;0;;0;0;0;0;
KOSG30169141T;KARD300G69006SGQ1;Kabat;16.9 - 30  SGP-04  14PR  [150 A6]  TT;16.9;82;30;A6;150 A6;2;2015.19;1416.1;5901765100637;;;;2026;0;91.000;0;;0;0;0;0;
KOSG30184121T;KARD300G84006SGQ2;Kabat;18.4 - 30  SGP-04  12PR  [149 A6]  TT;18.4;82;30;A6;149 A6;3;2023.31;1429.82;5901765100484;;;;2026;0;95.090;0;;0;0;0;0;
KOSG329581T;KARD320D95006SGQ0;Kabat;9.5 - 32  SGP-04  8PR  [115 A6]  TT;9.5;82;32;A6;115 A6;4;845.08;618.26;5901765100750;;;;2026;0;31.400;0;;0;0;0;0;
KOSG3212481T;KARD320G24006SGQ0;Kabat;12.4 - 32  SGP-04  8PR  [125 A6]  TT;12.4;82;32;A6;125 A6;2;1186.36;792.82;5901765100682;;;;2026;0;45.130;0;;0;0;0;0;
KOSG34169121T;KARD340G69008SGQ0;Kabat;16.9 - 34  SGP-04  12PR  [135 A8]  TT;16.9;82;34;A8;135 A8;12;2047.69;1425.22;5901765100415;;;;2025,2026;0;91.000;0;;0;0;0;0;
KOSG34169141T;KARD340G69008SGQ1;Kabat;16.9 - 34  SGP-04  14PR  [148 A8]  TT;16.9;82;34;A8;148 A8;9;2080.19;1429.82;5901765100729;;;;2026;0;91.000;0;;0;0;0;0;
KOSG34184121T;KARD340G84006SGQ0;Kabat;18.4 - 34  SGP-04  12PR  [151 A6]  TT;18.4;82;34;A6;151 A6;2;2242.71;1518.02;5901765100736;;;;2026;0;107.080;0;;0;0;0;0;
KOSG34184141T;KARD340G84006SGQ1;Kabat;18.4 - 34  SGP-04  14PR  [154 A6]  TT;18.4;82;34;A6;154 A6;15;2258.96;1625.82;5901765100743;;;;2026;0;107.080;0;;0;0;0;0;
KOSG3695101T;KARD360D95006SGQ0;Kabat;9.5 - 36  SGP-04  10PR  [123 A6]  TT;9.5;82;36;A6;123 A6;24;1160.36;724.22;5901765100798;;;;2026;0;37.000;0;;0;0;0;0;
KOSG38169141T;KARD380G69008SGQ0;Kabat;16.9 - 38  SGP-04  14PR  TT;16.9;82;38;A8;;12;2191.69;1528.64;9995570755508;;;;2024,2025,2026;0;101.000;0;;0;0;0;0;
KOSG38184141T;KARD380G84006SGQ0;Kabat;18.4 - 38  SGP-04  14PR  [154 A6]  TT;18.4;82;38;A6;154 A6;5;2697.75;1880.62;5901765101177;;;;2025,2026;0;122.000;0;;0;0;0;0;
KOEV2434085125D1LR;KARR24034085DEV80;Kabat;340/85  R24  EVOLUTION 85  [125 D]  TL;340;85;24;D;125 D;5;1577;1107.3;5901765002597;;;;2025;0;64.000;0;;0;0;0;0;
KOEV2438070125D1LR;KARR24038070DEV70;Kabat;380/70  R24  EVOLUTION 70  [125 D]  TL;380;70;24;D;125 D;6;1705;1214.22;5901765002603;;;;2025,2026;0;69.000;0;;0;0;0;0;
KOEV2842070133D1LR;KARR28042070DEV70;Kabat;420/70  R28  EVOLUTION 70  [133 D]  TL;420;70;28;D;133 D;7;2131;1498.42;5901765002627;;;;2025,2026;0;91.000;0;;0;0;0;0;
KOEV3442085142D1LR;KARR34042085DEV80;Kabat;420/85  R34  EVOLUTION 85  [142 D]  TL;420;85;34;D;142 D;7;2724;1935.5;5901765002641;;;;2025,2026;0;115.000;0;;0;0;0;0;
KOEV3448070143D1LR;KARR34048070DEV70;Kabat;480/70  R34  EVOLUTION 70  [143 D]  TL;480;70;34;D;143 D;4;3142;2233.42;5901765002658;;;;2025;0;126.000;0;;0;0;0;0;
KOEV3852070150D1LR;KARR38052070DEV70;Kabat;520/70  R38  EVOLUTION 70  [150 D]  TL;520;70;38;D;150 D;4;4074;2866.5;5901765002665;;;;2025,2026;0;177.000;0;;0;0;0;0;
2244943;KUCR17521575MHRS0;Kumho;215/75  R17.5  KRS50  14PR  [128/126] M  TL  3PMSF;215;75;17.5;M;128/126;1;1015.53;616.42;8808956250027;D;B;71dB;2025;0;29.400;0;B;1;0;448447;0;
2367263;KUCR17522575LX310;Kumho;225/75  R17.5  KXA31  14PR  [131/129] L  TL  3PMSF;225;75;17.5;L;131/129;16;1137.7;685.02;8808956615734;C;B;71dB;2025;0;30.100;0;A;1;0;2275623;0;
2142473;KUCR17522575MHRS0;Kumho;225/75  R17.5  KRS50  12PR  [129/127] M  TL  3PMSF;225;75;17.5;M;129/127;18;1137.96;645.82;8808956120788;D;B;71dB;2025;0;30.100;0;B;1;0;448450;0;
2152753;KUCR17523575JKHO0;Kumho;235/75  R17.5  KRT03  18PR  [143/141] J  TL  3PMSF;235;75;17.5;J;143/141;1;1332.72;812.42;8808956129446;D;B;71dB;2025;0;33.100;0;B;1;0;458703;0;
1660113;KUCR17523575MKUR0;Kumho;235/75  R17.5  KRS03  14PR  [132/130] M  TL  3PMSF;235;75;17.5;M;132/130;23;1274.33;724.22;8808956031756;E;B;73dB;2024,2025;0;33.100;0;B;1;0;452518;0;
2144343;KUCR19526570JKHO0;Kumho;265/70  R19.5  KRT03  18PR  [143/141] J  TL  3PMSF;265;70;19.5;J;143/141;14;1434.99;881.02;8808956124519;D;B;71dB;2026;0;42.100;0;B;1;0;458694;0;
2228713;KUCR19528570JKHO0;Kumho;285/70  R19.5  KRT03  18PR  [150/148] J  TL  3PMSF;285;70;19.5;J;150/148;1;1674.25;949.62;8808956231569;D;C;73dB;2024;0;45.100;0;B;1;0;458696;0;
2373343;KUCR19528570JKHO1;Kumho;285/70  R19.5  KRT03  18PR  [150/148] J  TL  3PMSF;285;70;19.5;J;150/148;20;1674.25;998.62;8808956624293;D;C;73dB;2025;0;45.100;0;B;1;0;2182100;0;
2303153;KUCR19543550JKTL0;Kumho;435/50  R19.5  KLT23  20PR  [160] J  TL  3PMSF;435;50;19.5;J;160;34;2321.72;1390.62;8808956316679;C;B;70dB;2025,2026;0;66.100;0;A;1;0;110719;0;
2304443;KUCR19543550JKTL1;Kumho;435/50  R19.5  KLT03  20PR  [160] J  TL  3PMSF;435;50;19.5;J;160;20;2321.92;1390.62;8808956318574;C;B;70dB;2026;0;66.100;0;A;1;0;1107192;0;
2306153;KUCR19544545J23K0;Kumho;445/45  R19.5  KLT23  22PR  [160] J  TL  3PMSF;445;45;19.5;J;160;25;2566.4;1537.62;8808956320706;C;B;70dB;2025;0;64.100;0;A;1;0;1345197;0;
2304423;KUCR19544545JKTL0;Kumho;445/45  R19.5  KLT03  22PR  [160] J  TL  3PMSF;445;45;19.5;J;160;10;2566.47;1537.62;8808956318550;C;B;70dB;2025;0;64.100;0;A;1;0;1107190;0;
2126253;KUCR200H2000KKFD0;Kumho;12.00  R20  KFD04  18PR  [154/149] K  TT;12.00;82;20;K;154/149;76;1879;1175.02;8808956109059;;;;2026;0;70.100;0;;1;0;0;0;
2245943;KUCR22527570JCA00;Kumho;275/70  R22.5  CA03  18PR  [150/145] J  TL  3PMSF;275;70;22.5;J;150/145;13;1812.55;1122.1;8808956251598;D;B;73dB;2025;0;56.100;0;B;1;0;458620;0;
2144403;KUCR22529560KD500;Kumho;295/60  R22.5  KRD50  16PR  [150/147] K  TL  3PMSF;295;60;22.5;K;150/147;36;2039;1233.82;8808956122218;D;C;73dB;2025,2026;0;54.100;0;A;1;0;444864;0;
2116563;KUCR22529560KKUL0;Kumho;295/60  R22.5  KLD03  16PR  [150/147] K  TL  3PMSF;295;60;22.5;K;150/147;100;2070.99;1273.02;8808956104429;D;C;73dB;2025,2026;0;55.100;0;B;1;0;457990;0;
2259463;KUCR22529580LKXD0;Kumho;295/80  R22.5  KXD10  18PR  [154/149] L  TL  3PMSF;295;80;22.5;L;154/149;30;2064.05;1259.3;8808956267087;D;B;75dB;2024,2025,2026;0;71.100;0;B;1;0;448913;0;
2259493;KUCR22529580LXS00;Kumho;295/80  R22.5  KXS10  18PR  [154/149] L  TL  3PMSF;295;80;22.5;L;154/149;37;2064.05;1263.22;8808956267117;D;B;72dB;2023,2024,2025;0;62.100;0;A;1;0;456281;0;
2364603;KUCR22531560LLAK0;Kumho;315/60  R22.5  KLA31  20PR  [154/148] L  TL  3PMSF;315;60;22.5;L;154/148;10;2406.23;1469.02;8808956611507;B;A;70dB;2026;0;58.400;0;A;1;0;2290995;0;
2259173;KUCR22531560LXS00;Kumho;315/60  R22.5  KXS10  16PR  [154/148] L  TL  3PMSF;315;60;22.5;L;154/148;3;2333.24;1420.02;8808956266240;D;B;73dB;2025;0;58.400;0;A;1;0;459898;0;
2373233;KUCR22531560LXS01;Kumho;315/60  R22.5  KXS10  16PR  [154/148] L  TL  3PMSF;315;60;22.5;L;154/148;43;2333.24;1420.02;8808956624187;D;B;73dB;2025;0;56.400;0;A;1;0;2182093;0;
2362153;KUCR22531570LKXD1;Kumho;315/70  R22.5  KXD31  18PR  [154/150] L  TL  3PMSF;315;70;22.5;L;154/150;92;2148.6;1331.82;8808956608514;C;B;75dB;2026;0;67.100;0;B;1;0;2255147;0;
2272553;KUCR22531570LLDK0;Kumho;315/70  R22.5  KLD23  18PR  [154/150] L  TL  3PMSF;315;70;22.5;L;154/150;100;2258.72;1371.02;8808956282059;B;C;73dB;2026;0;61.500;0;A;1;0;458387;0;
2362093;KUCR22531570LX310;Kumho;315/70  R22.5  KXA31  20PR  [156/150] L  TL  3PMSF;315;70;22.5;L;156/150;14;2143.48;1298.5;8808956608453;C;B;71dB;2025;0;61.500;0;A;1;0;2247060;0;
2262203;KUCR22531570LXS00;Kumho;315/70  R22.5  KXS10  20PR  [156/150] L  TL  3PMSF;315;70;22.5;L;156/150;9;2142.26;1298.5;8808956270698;C;C;73dB;2025;0;61.500;0;A;1;0;456355;0;
2261583;KUCR22531580KD510;Kumho;315/80  R22.5  KMD51  20PR  [156/150] K  TL  3PMSF;315;80;22.5;K;156/150;43;2230.39;1351.42;8808956269456;E;C;76dB;2025;0;73.100;0;B;1;0;458465;0;
2204943;KUCR22531580LKXD0;Kumho;315/80  R22.5  KXD10  20PR  [156/150] L  TL  3PMSF;315;80;22.5;L;156/150;38;2210.69;1341.62;8808956164065;D;C;76dB;2025,2026;0;75.100;0;B;1;0;448922;0;
2204723;KUCR22531580LXS00;Kumho;315/80  R22.5  KXS10  20PR  [156/150] L  TL  3PMSF;315;80;22.5;L;156/150;13;2204.74;1341.62;8808956163808;D;C;74dB;2026;0;69.700;0;B;1;0;456364;0;
2270633;KUCR22538555K23K0;Kumho;385/55  R22.5  KLT23  20PR  [160] K  TL  3PMSF;385;55;22.5;K;160;36;2290.08;1371.02;8808956280130;A;C;71dB;2025,2026;0;64.100;0;A;1;0;459430;0;
2270643;KUCR22538555K23L0;Kumho;385/55  R22.5  KLS23  20PR  [160] K  TL  3PMSF;385;55;22.5;K;160;7;2413.76;1459.22;8808956280147;A;C;71dB;2025;0;65.100;0;A;1;0;459545;0;
2364313;KUCR22538555KLAK0;Kumho;385/55  R22.5  KLA31  20PR  [160] K  TL  3PMSF;385;55;22.5;K;160;6;2414.84;1459.22;8808956610999;B;A;70dB;2025;0;65.100;0;A;1;0;2255149;0;
2364353;KUCR22538555KMHO0;Kumho;385/55  R22.5  KLT31  20PR  [160] K  TL  3PMSF;385;55;22.5;K;160;9;2291.85;1380.82;8808956611231;B;A;71dB;2025;0;64.100;0;A;1;0;2260814;0;
2116463;KUCR22538565K12A0;Kumho;385/65  R22.5  KMA12  20PR  [160] K  TL  3PMSF;385;65;22.5;K;160;58;2270.62;1390.62;8808956103026;D;B;74dB;2026;0;72.100;0;B;1;0;458557;0;
2220033;KUCR22538565KKTL0;Kumho;385/65  R22.5  KLT03  20PR  [160] K  TL  3PMSF;385;65;22.5;K;160;13;2127.2;1282.82;8808956221836;C;B;73dB;2025;0;76.700;0;B;1;0;457796;0;
2373173;KUCR22538565KKTL1;Kumho;385/65  R22.5  KLT03  20PR  [160] K  TL  3PMSF;385;65;22.5;K;160;28;2127.2;1282.82;8808956624125;C;B;73dB;2025;0;75.700;0;B;1;0;2182087;0;
2171253;KUCR22538565KLS00;Kumho;385/65  R22.5  KLS03  24PR  [164] K  TL  3PMSF;385;65;22.5;K;164;10;2316.8;1400.42;8808956141448;C;B;69dB;2025;0;76.300;0;A;1;0;458146;0;
2373183;KUCR22538565KXA11;Kumho;385/65  R22.5  KXA11  24PR  [164] K  TL  3PMSF  uniwersalna;385;65;22.5;K;164;100;2215.29;1351.42;8808956624132;C;A;70dB;2025,2026;0;77.700;0;A;1;0;2182088;0;
1828113;KUCZ22529580LWD00;Kumho;295/80  R22.5  KWD01  16PR  [152/148] L  TL  3PMSF  zima;295;80;22.5;L;152/148;4;2113.94;1253.42;8808956063818;E;B;74dB;2024;0;69.100;0;B;1;0;457893;0;
2234353;KUCZ22531570LWA00;Kumho;315/70  R22.5  KWA03  18PR  [154/150] L  TL  3PMSF  zima;315;70;22.5;L;154/150;10;2145.61;1253.42;8808956237530;E;C;72dB;2025;0;62.100;0;B;0;0;456477;0;
2172113;KUCZ22531570LWD00;Kumho;315/70  R22.5  KWD01  18PR  [154/150] L  TL  3PMSF  zima;315;70;22.5;L;154/150;8;2145.61;1312.22;8808956139186;E;C;74dB;2025;0;64.100;0;B;1;0;457919;0;
2373193;KUCZ22531570LWD01;Kumho;315/70  R22.5  KWD01  18PR  [154/150] L  TL  3PMSF  zima;315;70;22.5;L;154/150;16;2185.99;1352.44;8808956624149;E;C;74dB;2026;0;62.100;0;B;1;0;2182089;0;
2234333;KUCZ22531580KWA00;Kumho;315/80  R22.5  KWA03  18PR  [156/150] K  TL  3PMSF  zima;315;80;22.5;K;156/150;38;2176.22;1361.22;8808956237516;D;B;72dB;2026;0;68.100;0;B;0;0;456489;0;
1828213;KUCZ22531580MWD00;Kumho;315/80  R22.5  KWD01  18PR  [154/150] M  TL  3PMSF  zima;315;80;22.5;M;154/150;8;2176.22;1263.22;8808956063849;E;C;74dB;2024;0;75.100;0;B;1;0;457940;0;
2234313;KUCZ22538555JWA00;Kumho;385/55  R22.5  KWA03  18PR  [160] J  TL  3PMSF  zima;385;55;22.5;J;160;8;2442.72;1478.82;8808956237493;D;B;72dB;2025;0;69.100;0;B;0;0;456519;0;
211016450;LLCR17520575MLLD0;LingLong;205/75  R17.5  L-D20  14PR  [124/122] M  TL  M+S  3PMSF;205;75;17.5;M;124/122;4;617.47;391.02;8605068702600;E;B;73dB;2026;0;29.100;0;B;1;0;1709209;0;
211016533;LLCR17521575JKL21;LingLong;215/75  R17.5  KLT200  16PR  [135/133] J  TL  M+S;215;75;17.5;J;135/133;6;692.52;440.02;8605068700163;D;B;72dB;2026;0;29.200;0;B;1;0;1328614;0;
211022131;LLCR17521575JT2L0;LingLong;215/75  R17.5  L-T20  16PR  [135/133] J  TL  M+S  3PMSF;215;75;17.5;J;135/133;7;667.33;420.42;8605068702617;D;C;67dB;2026;0;29.300;0;A;0;0;1666151;0;
211021957;LLCR17521575MKLD0;LingLong;215/75  R17.5  KLD200  14PR  [126/124] M  TL  M+S  3PMSF;215;75;17.5;M;126/124;1;694.7;420.42;8605068700149;E;C;73dB;2026;0;29.100;0;B;1;0;1327014;0;
211016282;LLCR17521575MLLD0;LingLong;215/75  R17.5  L-D20  14PR  [126/124] M  TL  M+S  3PMSF;215;75;17.5;M;126/124;4;667.17;416.5;8605068702464;E;B;73dB;2026;0;30.200;0;B;1;0;1605845;0;
211021931;LLCR17521575MLLS0;LingLong;215/75  R17.5  L-S20  14PR  [126/124] M  TL  M+S  3PMSF;215;75;17.5;M;126/124;5;650.21;406.7;8605068702471;D;B;69dB;2026;0;30.100;0;A;1;0;1605728;0;
211021980;LLCR17522575MKLD0;LingLong;225/75  R17.5  KLD200  14PR  [129/127] M  TL  M+S  3PMSF;225;75;17.5;M;129/127;1;736.26;449.82;8605068700385;E;C;73dB;2026;0;31.100;0;B;1;0;1327336;0;
211021986;LLCR17522575MKLS0;LingLong;225/75  R17.5  KLS200  14PR  [129/127] M  TL  M+S  3PMSF;225;75;17.5;M;129/127;1;719.89;445.9;8605068700392;D;B;73dB;2025;0;30.100;0;B;1;0;1329240;0;
211017157;LLCR17522575MKLS1;LingLong;225/75  R17.5  KLS200  14PR  [129/127] M  TL  M+S  3PMSF;225;75;17.5;M;129/127;1;711.75;436.1;8605068700392;D;B;73dB;2024;0;30.100;0;B;1;0;0;0;
211016508;LLCR17522575MLLD0;LingLong;225/75  R17.5  L-D20  14PR  [129/127] M  TL  M+S  3PMSF;225;75;17.5;M;129/127;23;692.52;420.42;8605068702488;E;B;73dB;2026;0;31.300;0;B;1;0;1605863;0;
211022331;LLCR17522575MLLS0;LingLong;225/75  R17.5  L-S20  14PR  [129/127] M  TL  M+S  3PMSF;225;75;17.5;M;129/127;4;675.73;416.5;8605068702495;D;B;69dB;2025;0;31.300;0;A;1;0;1605744;0;
211016536;LLCR17523575JKL21;LingLong;235/75  R17.5  KLT200  18PR  [143/141] J  TL  M+S;235;75;17.5;J;143/141;47;777.14;498.82;8605068700194;D;B;72dB;2026;0;33.000;0;B;0;0;1328621;0;
211022263;LLCR17523575JT2L0;LingLong;235/75  R17.5  L-T20  18PR  [143 /141] J  TL  M+S  3PMSF;235;75;17.5;J;143 /141;5;765.81;479.22;8605068702648;D;C;67dB;2026;0;34.200;0;A;0;0;1666162;0;
211022076;LLCR17523575MKLD1;LingLong;235/75  R17.5  KLD200  14PR  [132/130] M  TL  M+S  3PMSF;235;75;17.5;M;132/130;8;808.88;494.9;8605068700170;E;C;73dB;2025;0;34.400;0;B;1;0;1327304;0;
211017160;LLCR17523575MKLD2;LingLong;235/75  R17.5  KLD200  14PR  [132/130] M  TL  M+S  3PMSF;235;75;17.5;M;132/130;5;808.88;494.9;9996118002103;E;C;73dB;2024;0;34.400;0;B;1;0;0;0;
211016284;LLCR17523575MLLD0;LingLong;235/75  R17.5  L-D20  14PR  [132/130] M  TL  M+S  3PMSF;235;75;17.5;M;132/130;16;781.84;475.3;8605068702631;E;B;73dB;2025,2026;0;32.200;0;B;1;0;1666208;0;
211022262;LLCR17523575MLLS0;LingLong;235/75  R17.5  L-S20  14PR  [132/130] M  TL  M+S  3PMSF;235;75;17.5;M;132/130;17;747;475.3;8605068702624;D;B;69dB;2026;0;33.000;0;A;1;0;1666185;0;
211022284;LLCR17524570JT2L1;LingLong;245/70  R17.5  L-T20  18PR  [143/141] J  TL  M+S  3PMSF;245;70;17.5;J;143/141;100;747.57;475.3;;D;C;67dB;2026;0;34.200;0;A;0;0;2425464;0;
211022102;LLCR17524570MKLD2;LingLong;245/70  R17.5  KLD200  16PR  [136/134] M  TL  M+S  3PMSF;245;70;17.5;M;136/134;17;775.8;498.82;8605068700224;E;C;73dB;2026;0;33.100;0;B;1;0;1327317;0;
211022122;LLCR17524570MKLS2;LingLong;245/70  R17.5  KLS200  16PR  [136/134] M  TL  M+S  3PMSF;245;70;17.5;M;136/134;28;764.55;469.42;8605068700200;D;B;73dB;2026;0;32.600;0;B;1;0;1328701;0;
211016817;LLCR17524570MKLS3;LingLong;245/70  R17.5  KLS200  16PR  [136/134] M  TL  M+S  3PMSF;245;70;17.5;M;136/134;2;749.87;469.42;9996899984204 ;D;B;73dB;2025;0;32.600;0;B;1;0;0;0;
211016294;LLCR17524570MLLD0;LingLong;245/70  R17.5  L-D20  16PR  [136/134] M  TL  M+S  3PMSF;245;70;17.5;M;136/134;7;792.34;479.22;8605068702549;E;B;73dB;2026;0;32.200;0;B;1;0;1666233;0;
211022279;LLCR17524570MLLS0;LingLong;245/70  R17.5  L-S20  16PR  [136/134] M  TL  M+S  3PMSF;245;70;17.5;M;136/134;2;751.96;459.62;8605068702556;D;B;69dB;2026;0;33.000;0;A;1;0;1666188;0;
211022198;LLCR17526570MKLD2;LingLong;265/70  R17.5  KLD200  16PR  [140/138] M  TL  M+S  3PMSF;265;70;17.5;M;140/138;79;830.45;553.7;8605068700422;E;C;73dB;2026;0;35.300;0;B;1;0;1327371;0;
211022203;LLCR17526570MKLS2;LingLong;265/70  R17.5  KLS200  16PR  [140/138] M  TL  M+S  3PMSF;265;70;17.5;M;140/138;37;816.1;543.9;8605068700439;D;B;73dB;2026;0;34.100;0;B;1;0;1329244;0;
211016819;LLCR17526570MKLS3;LingLong;265/70  R17.5  KLS200  16PR  [140/138] M  TL  M+S  3PMSF;265;70;17.5;M;140/138;10;816.1;543.9;8859291426608;D;B;73dB;2026;0;34.100;0;B;1;0;0;0;
211016297;LLCR17526570MLLD0;LingLong;265/70  R17.5  L-D20  16PR  [140/138] M  TL  M+S  3PMSF;265;70;17.5;M;140/138;28;932.04;563.5;8605068702587;E;B;73dB;2026;0;36.300;0;B;1;0;1666237;0;
211022153;LLCR19524570MKLD1;LingLong;245/70  R19.5  KLD200  16PR  [136/134] M  TL  M+S  3PMSF;245;70;19.5;M;136/134;3;871.42;534.1;8605068700408;E;C;73dB;2026;0;37.300;0;B;1;0;1327348;0;
211022161;LLCR19524570MKLS1;LingLong;245/70  R19.5  KLS200  16PR  [136/134] M  TL  M+S  3PMSF;245;70;19.5;M;136/134;12;849.09;508.62;8605068700415;D;B;73dB;2026;0;36.100;0;B;1;0;1329242;0;
211022239;LLCR19526570MKLS1;LingLong;265/70  R19.5  KLS200  16PR  [140/138] M  TL  M+S  3PMSF;265;70;19.5;M;140/138;19;955.79;616.42;8605068700231;D;B;73dB;2026;0;40.600;0;B;1;0;1328719;0;
211022272;LLCR19528570MKLD0;LingLong;285/70  R19.5  KLD200  18PR  [146/144] M  TL  M+S  3PMSF;285;70;19.5;M;146/144;73;1083.74;681.1;8605068700446;E;C;73dB;2026;0;46.300;0;B;1;0;1327380;0;
211022300;LLCR19528570MKLS0;LingLong;285/70  R19.5  KLS200  18PR  [146/144] M  TL  M+S  3PMSF;285;70;19.5;M;146/144;20;1046.71;665.42;8605068700453;D;B;73dB;2026;0;44.100;0;B;1;0;1329245;0;
211022126;LLCR19530570MKLD2;LingLong;305/70  R19.5  KLD200  18PR  [148/145] M  TL  M+S  3PMSF;305;70;19.5;M;148/145;26;1119.58;714.42;8605068700460;E;C;73dB;2026;0;47.600;0;B;1;0;1327417;0;
211022218;LLCR19530570MKLS0;LingLong;305/70  R19.5  KLS200  18PR  [148/145 M  TL  M+S  3PMSF;305;70;19.5;M;;46;1094.73;704.62;8605068700477;D;B;73dB;2024,2026;0;46.600;0;B;1;0;1329246;0;
211022424;LLCR19538555JLLT0;LingLong;385/55  R19.5  L-T10  18PR  [156] J  TL  M+S  3PMSF;385;55;19.5;J;156;100;1471.85;916.3;8605068701474;C;A;70dB;2026;0;62.100;0;A;1;0;1576390;0;
211022517;LLCR19543550JETT0;LingLong;435/50  R19.5  ETT100  20PR  [160] J  TL  M+S  3PMSF;435;50;19.5;J;160;42;1576.95;998.62;8605068700132;C;C;73dB;2026;0;66.300;0;B;1;0;1326998;0;
211022528;LLCR19544545JETT0;LingLong;445/45  R19.5  ETT100  20PR  [160] J  TL  M+S  3PMSF;445;45;19.5;J;160;38;1600.21;994.7;8605068700125;C;C;73dB;2025;0;66.900;0;B;1;0;1327002;0;
211022356;LLCR22529560KETD1;LingLong;295/60  R22.5  ETD100  16PR  [150/147] L  TL  M+S  3PMSF;295;60;22.5;K;150/147;51;1171.38;743.82;8605068701153;D;C;74dB;2026;0;48.200;0;C;1;0;1664697;0;
211022019;LLCR22529560LKTD0;LingLong;295/60  R22.5  KTD300  16PR  [150/147] L  TL  M+S  3PMSF;295;60;22.5;L;150/147;80;1182.88;743.82;8605068701146;D;B;75dB;2026;0;46.600;0;C;1;0;1328272;0;
211022095;LLCR22529560LKTS0;LingLong;295/60  R22.5  KTS300  16PR  [150/147] L  TL  M+S  3PMSF;295;60;22.5;L;150/147;100;1092.66;694.82;8605068700002;D;C;69dB;2026;0;49.700;0;A;1;0;1328241;0;
211015688;LLCR22529560LRD30;LingLong;295/60  R22.5  R-D30  16PR  [150/147] L  TL  M+S  3PMSF;295;60;22.5;L;150/147;100;1204.04;749.7;8605068703386;E;C;76dB;2026;0;47.000;0;C;1;0;1707249;0;
211014747;LLCR22529580LRD30;LingLong;295/80  R22.5  R-D30  18PR  [154/149] L  TL  M+S  3PMSF;295;80;22.5;L;154/149;2;1519.11;906.5;8605068702747;E;C;76dB;2025;0;60.100;0;C;1;0;1709934;0;
211022178;LLCR22529580MKTD2;LingLong;295/80  R22.5  KTD300  16PR  [152/148] M  TL  M+S  3PMSF;295;80;22.5;M;152/148;1;1476.72;897.68;8605068700095;D;B;75dB;2025,2026;0;60.100;0;C;1;0;1328274;0;
211022107;LLCR22529580MKTS2;LingLong;295/80  R22.5  KTS300  18PR  [154/149] M  TL  M+S  3PMSF;295;80;22.5;M;154/149;14;1413.75;851.62;8605068722035;D;C;69dB;2026;0;60.100;0;A;1;0;1328242;0;
211015138;LLCR22531560KRD30;LingLong;315/60  R22.5  R-D30  20PR  [153/150] K  TL  M+S  3PMSF;315;60;22.5;K;153/150;24;1330.3;851.62;8605068702723;E;C;76dB;2026;0;57.000;0;C;1;0;1710127;0;
211022292;LLCR22531560LKTS1;LingLong;315/60  R22.5  KTS300  16PR  [152/148] L  TL  M+S  3PMSF;315;60;22.5;L;152/148;20;1239.8;808.5;8605068702730;D;C;69dB;2026;0;57.000;0;A;1;0;2243667;0;
211022176;LLCR22531570L30R0;LingLong;315/70  R22.5  R-S30  18PR  [156L/154M]  TL  M+S  3PMSF;315;70;22.5;L;156L/154M;38;1376.14;851.62;8605068701405;D;B;70dB;2026;0;59.100;0;A;1;0;1605752;0;
211022333;LLCR22531570LETD1;LingLong;315/70  R22.5  ETD100  18PR  156/150L(154/150M)  TL  M+S  3PMSF;315;70;22.5;L;;76;1360.95;835.94;8605068700255;D;C;74dB;2026;0;62.300;0;C;1;0;1326082;0;
211022393;LLCR22531570LKTD1;LingLong;315/70  R22.5  KTD300  18PR  [156L/154M]  TL  M+S  3PMSF;315;70;22.5;L;156L/154M;43;1432.98;906.5;8605068700279;D;B;75dB;2026;0;65.600;0;C;1;0;1328247;0;
211022026;LLCR22531570LKTS1;LingLong;315/70  R22.5  KTS300  18PR  [156L/154M]  TL  M+S  3PMSF;315;70;22.5;L;156L/154M;13;1284.55;822.22;8605068700286;D;C;69dB;2026;0;58.300;0;A;1;0;1328227;0;
211018522;LLCR22531570LRD30;LingLong;315/70  R22.5  R-D30  18PR  156/150L(154/150M)  TL  M+S  3PMSF;315;70;22.5;L;;32;1474.45;910.42;8605068701382;E;C;76dB;2026;0;57.000;0;C;1;0;1707272;0;
211022398;LLCR22531580KKMA0;LingLong;315/80  R22.5  KMA400  22PR  [158/150] K  TL  M+S  3PMSF;315;80;22.5;K;158/150;25;1517.68;935.9;8605068700316;D;B;71dB;2026;0;62.000;0;B;1;0;1328544;0;
211022491;LLCR22531580KKMD1;LingLong;315/80  R22.5  KMD406  20PR  [156/150] K  TL  M+S  3PMSF;315;80;22.5;K;156/150;78;1489.31;935.9;8605068700323;D;B;73dB;2026;0;63.000;0;B;1;0;1328279;0;
211016580;LLCR22531580KMD70;LingLong;315/80  R22.5  M-D40  22PR  [158/150] K  TL  M+S  3PMSF;315;80;22.5;K;158/150;52;1597.35;975.1;8605068701467;E;B;72dB;2026;0;62.600;0;B;1;0;1707314;0;
211022353;LLCR22531580LETD1;LingLong;315/80  R22.5  ETD100  20PR  156/150L(154/150M)  TL  M+S  3PMSF;315;80;22.5;L;;4;1490.4;920.22;8605068700293;D;C;74dB;2026;0;64.200;0;C;1;0;1326259;0;
211022414;LLCR22531580LKTD2;LingLong;315/80  R22.5  KTD300  20PR  [156L/154M]  TL  M+S  3PMSF;315;80;22.5;L;156L/154M;4;1497.62;959.42;8605068722066;D;B;75dB;2026;0;64.200;0;C;1;0;2232019;0;
211022498;LLCR22538555KETT0;LingLong;385/55  R22.5  ETT100  20PR  [160K/158L]  TL  M+S  3PMSF;385;55;22.5;K;160K/158L;18;1498.21;930.02;8605068700491;C;C;73dB;2026;0;64.000;0;B;1;0;1327008;0;
211022055;LLCR22538555KKTS0;LingLong;385/55  R22.5  KTS300  20PR  [160K/158L]  TL  M+S  3PMSF;385;55;22.5;K;160K/158L;86;1453.38;896.7;8605068700507;D;C;69dB;2026;0;66.500;0;A;1;0;1328237;0;
211022560;LLCR22538565JLL83;LingLong;385/65  R22.5  LTL863  24PR  [164] J  TL  M+S  3PMSF;385;65;22.5;J;164;100;1549.56;979.02;8605068701214;D;B;73dB;2026;0;73.900;0;B;1;0;1328209;0;
211022436;LLCR22538565JMA90;LingLong;385/65  R22.5  M-A40  24PR  [164] J  TL  M+S  3PMSF  uniwersalna;385;65;22.5;J;164;7;1758.79;1077.02;8605068701504;C;B;75dB;2026;0;73.800;0;C;1;0;1605726;0;
211022065;LLCR22538565KETT0;LingLong;385/65  R22.5  ETT100  24PR  [164K/158L]  TL  M+S  3PMSF;385;65;22.5;K;164K/158L;1;1602.81;994.7;8605068700361;C;C;73dB;2026;0;75.400;0;B;1;0;1326994;0;
211016600;LLCR22538565KKXA0;LingLong;385/65  R22.5  KXA400  24PR  [164] J  TL  M+S;385;65;22.5;K;164;42;1649.49;1018.22;8605068700354;D;C;73dB;2026;0;75.500;0;B;1;0;1328223;0;
211010872;LLCR22538565KLL60;LingLong;385/65  R22.5  LTL863  20PR  [160J/158L]  TL  M+S;385;65;22.5;K;160J/158L;2;1549.56;949.62;8859291417262_W;D;B;73dB - )));2025;0;72.000;0;;0;0;0;0;
211022188;LLCR22542565KLRT0;LingLong;425/65  R22.5  R-T30  20PR  [165] K  TL  M+S  3PMSF;425;65;22.5;K;165;8;2087.13;1263.22;8605068702785;B;B;71dB;2026;0;81.500;0;B;1;0;1707566;0;
211021779;LLCR225F3000KKMD1;LingLong;13  R22.5  KMD406  18PR  [156/150] K  TL  M+S  3PMSF;13;82;22.5;K;156/150;3;1776.1;1073.1;8605068700088;D;B;73dB;2026;0;74.100;0;B;1;0;1328284;0;
211022140;LLCZ22529580MLLW0;LingLong;295/80  R22.5  W-S60  18PR  [154/149] M  TL  M+S  3PMSF  zima;295;80;22.5;M;154/149;2;1441.12;881.02;8605068703416;C;B;70dB;2025;0;60.100;0;A;0;0;1669678;0;
211022315;LLCZ22529580MWD60;LingLong;295/80  R22.5  W-D60  18PR  [154/149] M  TL  M+S  3PMSF  zima;295;80;22.5;M;154/149;18;1493.25;896.7;8605068702822;D;C;75dB;2025;0;62.300;0;C;1;0;1709944;0;
211022149;LLCZ22531570LLLW0;LingLong;315/70  R22.5  W-S60  16PR  156/150L(154/150M)  TL  M+S  3PMSF  zima;315;70;22.5;L;;24;1374.29;818.3;8605068701429;C;B;70dB;2025,2026;0;59.100;0;A;1;0;1341976;0;
211022322;LLCZ22531570LWD60;LingLong;315/70  R22.5  W-D60  18PR  156/150L(154/150M)  TL  M+S  3PMSF  zima;315;70;22.5;L;;11;1475.46;890.82;8605068701412;D;C;75dB;2025;0;62.300;0;C;1;0;1666293;0;
211022152;LLCZ22531580LLLW0;LingLong;315/80  R22.5  W-S60  22PR  158/150L(154/150M)  TL  M+S  3PMSF  zima;315;80;22.5;L;;20;1505.01;881.02;8605068702839;C;B;70dB;2024,2025;0;64.300;0;A;0;0;1669694;0;
211022159;LLCZ22538555KLLW0;LingLong;385/55  R22.5  W-S60  20PR  [160K/158L]  TL  M+S  3PMSF  zima;385;55;22.5;K;160K/158L;25;1582.58;979.02;8605068702853;C;B;70dB;2026;0;63.000;0;A;1;0;1669727;0;
231004033;LLPR240460708LR40;LingLong;460/70  R24  LR451  [159 A8/159 B]  TL;460;70;24;A8;159 A8/159 B;14;2240.97;1435.39;6959956756278;;;;2026;0;91.000;0;;1;0;0;0;
211018773;LLPR250G21002LXL0;LingLong;20.5  R25  LXL MASTER  E-3/L-3 **  [193 A2/177 B]  TL;20.5;82;25;A2;193 A2/177 B;24;5577.87;3331.02;;;;;2026;0;225.000;0;;1;0;0;0;
211018940;LLPR250G23002LXL0;LingLong;23.5  R25  LXL MASTER  L-3 C1 **  [201 A2]  TL;23.5;82;25;A2;201 A2;4;7318.44;4340.42;;;;;2026;0;305.000;0;;1;0;0;0;
211018811;LLPR250G75002LXL0;LingLong;17.5  R25  LXL MASTER  E-3/L-3 **  [182 A2/167 B]  TL;17.5;82;25;A2;182 A2/167 B;7;3621.23;2155.02;;;;;2026;0;218.000;0;;1;0;0;0;
231003760;LLRR240340858LR60;LingLong;340/85  R24  LR861  [125 A8/122 B]  TL;340;85;24;A8;125 A8/122 B;11;1402.58;881.02;6959956756759;;;;2025,2026;0;59.000;0;;0;0;0;0;
231003743;LLRR240360708LR70;LingLong;360/70  R24  LR700  [122 A8/119 B]  TL;360;70;24;A8;122 A8/119 B;5;1373.19;911.74;;;;;2026;0;62.000;0;;0;0;0;0;
231003991;LLRR280380858LR60;LingLong;380/85  R28  LR861  [133 A8/130 B]  TL;380;85;28;A8;133 A8/130 B;4;1825.17;1182.98;6959956756803;;;;2026;0;83.000;0;;0;0;0;0;
231004042;LLRR28054065DLR00;LingLong;540/65  R28  LR650  [142 D/145 A8]  TL;540;65;28;D;142 D/145 A8;8;2922.75;1829.05;6959956756346;;;;2026;0;129.000;0;;0;0;0;0;
231003957;LLRR340460858LR60;LingLong;460/85  R34  LR861  [147 A8/144 B]  TL;460;85;34;A8;147 A8/144 B;14;3102.9;1941.79;6959956756957;;;;2026;0;141.000;0;;0;0;0;0;
231003977;LLRR340480708LR70;LingLong;480/70  R34  LR700  [143 A8/143 B]  TL;480;70;34;A8;143 A8/143 B;7;3110.06;1946.27;6959956756551;;;;2026;0;126.000;0;;0;0;0;0;
231003920;LLRR380520708LR70;LingLong;520/70  R38  LR700  [150 A8/150 B]  TL;520;70;38;A8;150 A8/150 B;10;3621.64;2190.87;6959956756575;;;;2026;0;177.000;0;;0;0;0;0;
4220970000;MACR17520575MDR40;Matador;205/75  R17.5  D HR 4  [124/122] M  TL  M+S  3PMSF;205;75;17.5;M;124/122;2;1152;508.62;4050496001124;D;C;74dB;2023,2024;0;25.200;0;B;1;0;506032;0;
4221780000;MACR17520575MDR41;Matador;205/75  R17.5  D HR 4  [124/122] M  TL  M+S  3PMSF;205;75;17.5;M;124/122;40;1104;655.62;4050496004477;D;D;74dB;2026;0;25.200;0;B;1;0;1768741;0;
4121360000;MACR17520575MFR40;Matador;205/75  R17.5  F HR 4  12PR  [124/122] M  TL  M+S  3PMSF;205;75;17.5;M;124/122;37;1104;651.7;4050496001063;D;C;71dB;2025,2026;0;24.200;0;A;1;0;506278;0;
4920710000;MACR17521575KMHR0;Matador;215/75  R17.5  T HR 5  16PR  [135/133] K  TL  M+S  3PMSF;215;75;17.5;K;135/133;13;1188;710.5;4050496002718;D;C;71dB;2026;0;27.000;0;A;1;0;710136;0;
4221700000;MACR17521575MDR41;Matador;215/75  R17.5  D HR 4  12PR  [126/124] M  TL  M+S  3PMSF;215;75;17.5;M;126/124;26;1080;636.02;4050496004422;D;D;74dB;2026;0;26.500;0;B;1;0;1396090;0;
4121240000;MACR17521575MFR41;Matador;215/75  R17.5  F HR 4  12PR  [126/124] M  TL  M+S  3PMSF;215;75;17.5;M;126/124;60;1080;645.82;4050496001056;D;C;71dB;2026;0;25.100;0;A;1;0;506161;0;
4220980000;MACR17522575MDR40;Matador;225/75  R17.5  D HR 4  12PR  [129/127] M  TL  M+S  3PMSF;225;75;17.5;M;129/127;56;1205;715.4;4050496001131;D;C;74dB;2026;0;27.900;0;B;1;0;506279;0;
4121370000;MACR17522575MFR40;Matador;225/75  R17.5  F HR 4  12PR  [129/127] M  TL  M+S  3PMSF;225;75;17.5;M;129/127;37;1205;715.4;4050496001070;D;C;71dB;2026;0;26.300;0;A;1;0;506287;0;
4920780000;MACR17523575KMHR0;Matador;235/75  R17.5  T HR 5  16PR  [143/141] K  TL  M+S  3PMSF;235;75;17.5;K;143/141;95;1421;841.82;4050496002725;C;C;70dB;2026;0;32.300;0;A;1;0;710111;0;
4220990000;MACR17523575MDR41;Matador;235/75  R17.5  D HR 4  12PR  [132/130] M  TL  M+S  3PMSF;235;75;17.5;M;132/130;20;1352;799.68;4050496001148;D;C;74dB;2025;0;29.700;0;B;1;0;506276;0;
4121380000;MACR17523575MFR40;Matador;235/75  R17.5  F HR 4  12PR  [132/130] M  TL  M+S  3PMSF;235;75;17.5;M;132/130;61;1352;808.5;4050496001087;D;C;71dB;2026;0;29.200;0;A;1;0;506286;0;
4920790000;MACR17524570LMHR0;Matador;245/70  R17.5  T HR 5  16PR  [143/141] L  TL  M+S  3PMSF;245;70;17.5;L;143/141;100;1568;930.02;4050496002732;C;C;71dB;2026;0;32.300;0;A;1;0;710110;0;
4220950000;MACR17524570MDR41;Matador;245/70  R17.5  D HR 4  14PR  [136/134] M  TL  M+S  3PMSF;245;70;17.5;M;136/134;98;1490;871.22;4050496001117;D;C;74dB;2026;0;33.900;0;B;1;0;506259;0;
4121500000;MACR17524570MFR41;Matador;245/70  R17.5  F HR 4  14PR  [136/134] M  TL  M+S  3PMSF;245;70;17.5;M;136/134;82;1490;888.86;4050496001094;D;C;71dB;2026;0;31.600;0;A;1;0;506000;0;
4121190000;MACR175D8500LFR40;Matador;8.5  R17.5  F HR 4  10PR  [121/120] L  TL  M+S  3PMSF;8.5;82;17.5;L;121/120;7;1043;626.22;4050496001032;D;C;71dB;2026;0;24.600;0;A;1;0;505999;0;
5322600000;MACR19524570KMHR0;Matador;245/70  R19.5  T HR 5  16PR  [141/140] K  TL  M+S  3PMSF;245;70;19.5;K;141/140;6;1541;900.62;4050496002763;C;C;71dB;2026;0;33.300;0;A;1;0;1194249;0;
5226450000;MACR19524570MDR41;Matador;245/70  R19.5  D HR 4  16PR  [136/134] M  TL  M+S  3PMSF;245;70;19.5;M;136/134;8;1424;882;4050496004903;D;C;76dB;2026;0;35.200;0;B;1;0;2269175;0;
5128560000;MACR19524570MFR41;Matador;245/70  R19.5  F HR 4  16PR  [136/134] M  TL M+S  3PMSF;245;70;19.5;M;136/134;13;1495;890.82;4050496004392;D;C;71dB;2026;0;34.100;0;A;1;0;1396116;0;
5322610000;MACR19526570JMHR0;Matador;265/70  R19.5  T HR 5  16PR  [143/141] J  TL  M+S  3PMSF;265;70;19.5;J;143/141;26;1535;915.32;4050496002756;C;C;71dB;2026;0;36.300;0;A;1;0;1203776;0;
5224230000;MACR19526570MDR40;Matador;265/70  R19.5  D HR 4  14PR  [140/138] M  TL  M+S  3PMSF;265;70;19.5;M;140/138;36;1508;899.64;4050496002336;D;C;74dB;2025,2026;0;36.500;0;B;1;0;710174;0;
5128530000;MACR19526570MFR41;Matador;265/70  R19.5  F HR 4  14PR  [140/138] M  TL  M+S  3PMSF;265;70;19.5;M;140/138;9;1508;896.7;4050496004415;D;C;71dB;2026;0;36.500;0;A;1;0;1396117;0;
5224310000;MACR19528570MDR40;Matador;285/70  R19.5  D HR 4  16PR  [146/144] M  TL  M+S  3PMSF;285;70;19.5;M;146/144;79;1802;1070.16;4050496002343;D;C;76dB;2026;0;40.600;0;B;1;0;710156;0;
5128540000;MACR19528570MFR41;Matador;285/70  R19.5  F HR 4  16PR  [146/144] M  TL  M+S  3PMSF;285;70;19.5;M;146/144;12;1802;1070.16;4050496004408;D;C;71dB;2025,2026;0;40.600;0;A;1;0;1396115;0;
5322590000;MACR19544545JMHR0;Matador;445/45  R19.5  T HR 5  22PR  [160] J  TL  M+S  3PMSF;445;45;19.5;J;160;49;2930;1700.3;4050496002770;C;D;72dB;2026;0;67.800;0;B;1;0;1375230;0;
5224020000;MACR200H0000KDR12;Matador;10.00  R20  DR 1 HECTOR  16PR  [146/143] K  TT  M+S;10.00;82;20;K;146/143;18;2180;1269.1;4050496001001;E;C;75dB;2025,2026;0;61.800;0;B;0;0;505989;0;
5140940000;MACR22527570JFU11;Matador;275/70  R22.5  FU 1  CITY  16PR  [148/145] J  TL  M+S  3PMSF;275;70;22.5;J;148/145;1;1944;1086.82;4050496000738;D;C;70dB;2025;0;50.700;0;A;1;0;525498;0;
5141730000;MACR22527570JFU13;Matador;275/70  R22.5  FU 1  CITY  18PR  [148/145] J  TL  M+S  3PMSF;275;70;22.5;J;148/145;87;1851;1141.7;4050496005054;D;C;71dB;2026;0;50.700;0;A;1;0;2515835;0;
5223570000;MACR22527570LDR11;Matador;275/70  R22.5  DR 1  HECTOR  16PR  [148/145] L  TL  M+S  3PMSF;275;70;22.5;L;148/145;1;2109;1250.48;4050496000660;E;C;75dB;2026;0;51.700;0;B;1;0;506139;0;
5126870000;MACR22527570LFR22;Matador;275/70  R22.5  FR 2 MASTER  16PR  [148/145] L  TL  M+S;275;70;22.5;L;148/145;23;2109;1233.82;4050496002664;D;C;73dB;2025,2026;0;47.400;0;B;0;0;506037;0;
5211290000;MACR22529560LDR40;Matador;295/60  R22.5  D HR 4  18PR  [150/147] L  TL  M+S  3PMSF;295;60;22.5;L;150/147;69;2413;1396.5;4050496753061;D;C;76dB;2026;0;50.700;0;B;1;0;506033;0;
5222090000;MACR22529580MDR40;Matador;295/80  R22.5  D HR 4  16PR  [152/148] M  TL  M+S  3PMSF;295;80;22.5;M;152/148;54;2319;1347.5;4050496000035;D;C;74dB;2025,2026;0;61.500;0;B;1;0;505998;0;
5124880000;MACR22529580MFR41;Matador;295/80  R22.5  F HR 4  16PR  [154/149] M  TL  M+S  3PMSF;295;80;22.5;M;154/149;25;2319;1351.42;4050496000820;C;B;70dB;2026;0;58.000;0;A;1;0;492409;0;
5211270000;MACR22531560LDR40;Matador;315/60  R22.5  D HR 4  20PR  [152/148] L  TL  M+S  3PMSF;315;60;22.5;L;152/148;80;2594;1503.32;4050496753078;D;C;76dB;2026;0;58.800;0;B;1;0;506147;0;
5126540000;MACR22531560LFRH0;Matador;315/60  R22.5  F HR 4+  20PR  [154/148] L  TL  M+S  3PMSF;315;60;22.5;L;154/148;86;2594;1519;4050496002367;C;C;71dB;2026;0;53.900;0;A;1;0;710114;0;
5127470000;MACR22531570L5FR0;Matador;315/70  R22.5  F HR 5  20PR  [156/150] L  TL  M+S  3PMSF;315;70;22.5;L;156/150;100;2304;1390.62;4050496003166;C;B;71dB;2026;0;57.400;0;A;1;0;711567;0;
5225110000;MACR22531570LDHR0;Matador;315/70  R22.5  D HR 5  20PR  [154/150] L  TL  M+S  3PMSF;315;70;22.5;L;154/150;100;2304;1386.7;4050496003111;D;C;76dB;2026;0;60.700;0;B;1;0;701656;0;
5222010000;MACR22531570LDR40;Matador;315/70  R22.5  D HR 4  20PR  [154/150] L  TL  M+S  3PMSF;315;70;22.5;L;154/150;7;2349;1322.02;4050496768522;D;C;74dB;2025;0;60.700;0;B;1;0;506138;0;
5251160000;MACR22531580KDM50;Matador;315/80  R22.5  DM 4  20PR  [156/150] K  TL  M+S  3PMSF;315;80;22.5;K;156/150;100;2519;1460.2;4050496750206;D;B;75dB;2026;0;69.200;0;B;1;0;525559;0;
5155140000;MACR22531580KFM41;Matador;315/80  R22.5  FM 4  20PR  [156/150] K  TL  M+S  3PMSF;315;80;22.5;K;156/150;64;2519;1459.22;4050496000813;D;B;73dB;2026;0;66.200;0;B;1;0;506150;0;
5225120000;MACR22531580LDHR0;Matador;315/80  R22.5  D HR 5  [156/150] L  TL  M+S  3PMSF;315;80;22.5;L;156/150;100;2352;1429.82;4050496003128;;;;2026;0;67.100;0;;1;0;0;0;
5122400000;MACR22531580LDR40;Matador;315/80  R22.5  D HR 4  20PR  [156/150] L  TL  M+S  3PMSF;315;80;22.5;L;156/150;1;2398;1390.62;4050496741440;D;C;75dB;2026;0;67.300;0;B;1;0;506275;0;
5128480000;MACR22531580LFR42;Matador;315/80  R22.5  F HR 4  18PR  [156/150] L  TL  M+S  3PMSF;315;80;22.5;L;156/150;100;2398;1390.62;4050496004378;C;C;71dB;2026;0;66.500;0;A;1;0;1396110;0;
5124860000;MACR22538555KFR41;Matador;385/55  R22.5  F HR 4  20PR  [160] K  TL  M+S  3PMSF;385;55;22.5;K;160;59;2644;1562.12;4050496000851;C;B;73dB;2026;0;68.100;0;B;1;0;492347;0;
5322500000;MACR22538555KMHR0;Matador;385/55  R22.5  T HR 5  20PR  [160] K  TL  M+S  3PMSF;385;55;22.5;K;160;100;2468;1449.42;4050496002701;B;A;70dB;2026;0;67.800;0;A;1;0;658909;0;
5124900000;MACR22538565KFR41;Matador;385/65  R22.5  F HR 4  20PR  [160] K  TL  M+S  3PMSF;385;65;22.5;K;160;100;2543;1478.82;4050496000868;C;B;73dB;2026;0;71.000;0;B;1;0;492319;0;
5322450000;MACR22538565KMHR0;Matador;385/65  R22.5  T HR 5  20PR  [164] K  TL  M+S  3PMSF;385;65;22.5;K;164;100;2321;1341.62;4050496002695;C;C;70dB;2026;0;69.900;0;A;1;0;710154;0;
5350460000;MACR22538565KTM12;Matador;385/65  R22.5  TM 1 COLLOS  20PR  [160] K  TL  M+S  3PMSF;385;65;22.5;K;160;7;2461;1425.9;4050496000875;C;C;74dB;2026;0;70.100;0;B;1;0;492482;0;
5126760000;MACR225F0000LFR21;Matador;10  R22.5  FR 2  MASTER  16PR  [144/142] K  TL  M+S;10;82;22.5;L;144/142;13;2336;1368.08;4050496002657;D;C;73dB;2024,2025;0;43.200;0;B;0;0;658833;0;
5223550000;MACR225F1000KDR12;Matador;11  R22.5  DR 1  HECTOR  16PR  [148/145] L  TL  M+S  3PMSF;11;82;22.5;K;148/145;25;1932;1122.1;4050496000677;E;C;75dB;2026;0;54.300;0;B;1;0;506148;0;
5223300000;MACR225F1000LDH12;Matador;11  R22.5  DH 1  DIAMOND  16PR  [148/145] L  TL  M+S  3PMSF;11;82;22.5;L;148/145;6;1932;1057.42;4050496000561;E;C;74dB;2024,2025;0;55.200;0;B;1;0;506267;0;
5126780000;MACR225F1000LFR21;Matador;11  R22.5  FR 2  MASTER  16PR  [148/145] L  TL  M+S;11;82;22.5;L;148/145;13;1932;1122.1;4050496002633;D;C;73dB;2025;0;49.600;0;B;0;0;648393;0;
5251200000;MACR225F3000KDM50;Matador;13  R22.5  DM 4  18PR  [156/150] K  TL  M+S  3PMSF;13;82;22.5;K;156/150;30;2463;1425.9;4050496750237;D;B;76dB;2025,2026;0;73.200;0;B;1;0;525557;0;
5002610750000;MCPD165F10703SK20;Cultor;10 - 16.5  SK.ST.20  8PR  [124 A2]  TL;11;70;16.5;A3;124 A2;7;720.22;448.85;8059971615258;;;;2026;0;28.800;0;;0;0;0;0;
5002614670000;MCPD240G69006IN40;Cultor;16.9 - 24  INDUSTRIAL 40 ER R4  12PR  [149 A6]  TL;16.9;82;24;A6;149 A6;11;1862.82;1121.36;8059971619133;;;;2026;0;69.900;0;;0;0;0;0;
5002614360000;MCPD280G69008I2S0;Cultor;16.9 - 28  INDUSTRIAL 20  12PR  [151 A8]  TL;16.9;82;28;A8;151 A8;1;2483.62;1429.82;8059971612981;;;;2026;0;84.600;0;;0;0;0;0;
5002600470000;MCRD160E60006AS70;Cultor;6.00 - 16  AS FRONT 07  8PR  [86 A8]  TT;6.00;82;16;A6;86 A8;3;287.82;179.37;;;;;2026;0;11.000;0;;0;0;0;0;
5002604650000;MCRD160E60006AS90;Cultor;6.00 - 16  AS FRONT 09  8PR  [94 A6/86 A8]  TT;6.00;82;16;A6;94 A6/86 A8;24;329.89;191.1;8059971055689;;;;2026;0;9.590;0;;0;0;0;0;
5002606760000;MCRD160E65006AS80;Cultor;6.50 - 16  AS FRONT 08  8PR  [97 A6/89 A8]  TT;6.50;82;16;A6;97 A6/89 A8;8;357.07;222.53;8059971043150;;;;2026;0;12.620;0;;0;0;0;0;
5002606330000;MCRD160E75006AS80;Cultor;7.50 - 16  AS FRONT 08  8PR  [108 A6/95 A8]  TT;7.50;82;16;A6;108 A6/95 A8;40;446.13;261.66;8059971067514;;;;2026;0;15.400;0;;0;0;0;0;
5002606340000;MCRD160E75008ASI0;Cultor;7.50 - 16  AS FRONT 13  8PR  [90 A8]  TT;7.50;82;16;A8;90 A8;8;370.94;231.17;8059971040630;;;;2026;0;16.800;0;;0;0;0;0;
5002606470000;MCRD200E75006AS80;Cultor;7.50 - 20  AS FRONT 08  8PR  [109 A6/101 A8]  TT;7.50;82;20;A6;109 A6/101 A8;32;570.63;342.02;8059971059021;;;;2026;0;16.000;0;;0;0;0;0;
5002611040000;MCRD200E75008ASO0;Cultor;7.50 - 20  AS FRONT10  8PR  [109 A6/101 A8]  TL;7.50;82;20;A8;109 A6/101 A8;11;474.16;295.5;8059971039313;;;;2025,2026;0;20.700;0;;0;0;0;0;
5002601450000;MCRD240G36006AA50;Cultor;13.6 - 24  AS AGRI 13  8PR  [120 A8/123 A6]  TT;13.6;82;24;A6;120 A8/123 A6;1;1474.45;848.68;8059971041262;;;;2025;0;48.700;0;;0;0;0;0;
5002604060000;MCRD240G49006A190;Cultor;14.9 - 24  AS AGRI 19  8PR  [128 A6/121 A8]  TT;14.9;82;24;A6;128 A6/121 A8;2;1571.87;920.22;8059971036862;;;;2026;0;50.900;0;;0;0;0;0;
5002601820000;MCRD260G49006A100;Cultor;14.9 - 26  AS AGRI 10  8PR  [128A6]  TT;14.9;82;26;A6;128A6;2;1774.06;1080.2;8059971041019;;;;2025;0;59.400;0;;0;0;0;0;
5002602010000;MCRD280D83006AA80;Cultor;8.3 - 28  AS AGRI 10  8PR  [107 A6]  TT;8.3;82;28;A6;107 A6;4;838.67;504.7;8059971042795;;;;2026;0;24.200;0;;0;0;0;0;
5002604110000;MCRD280G12008A190;Cultor;11.2 - 28  AS AGRI 19  8PR  [118 A6]  TT;11.2;82;28;A8;118 A6;2;1026.27;624.88;8059971044317;;;;2026;0;41.900;0;;0;0;0;0;
5002602290000;MCRD280G49008AS2D;Cultor;14.9 - 28  AS AGRI 20  8PR  TT;14.9;82;28;A8;;37;1419.25;886.3;8059971060843;;;;2026;0;59.900;0;;0;0;0;0;
5002604130000;MCRD280G69008AA30;Cultor;16.9 - 28  AS AGRI 13  12PR  [135 A8]  TT;16.9;82;28;A8;135 A8;9;2064.36;1242.68;8059971042887;;;;2026;0;75.500;0;;0;0;0;0;
5002603560000;MCRD280G69008AA31;Cultor;16.9 - 28  AS AGRI 13  10PR  [131 A8]  TT;16.9;82;28;A8;131 A8;11;2082.9;1273.02;8059971062601;;;;2026;0;74.700;0;;0;0;0;0;
5002604150000;MCRD300G69008AA30;Cultor;16.9 - 30  AS AGRI 13  14PR  [137 A8]  TT;16.9;82;30;A8;137 A8;9;2503.11;1459.22;8059971041354;;;;2026;0;83.600;0;;0;0;0;0;
5002602710000;MCRD320D95006A130;Cultor;9.5 - 32  AS AGRI 13  6PR  [110 A6]  TT;9.5;82;32;A6;110 A6;7;983.45;598.81;8059971056303;;;;2026;0;30.900;0;;0;0;0;0;
5002602790000;MCRD340G69006AA80;Cultor;16.9 - 34  AS AGRI 10  8PR  [139 A6]  TT;16.9;82;34;A6;139 A6;4;2696.95;1576.82;8059971058475;;;;2026;0;91.000;0;;0;0;0;0;
5002603650000;MCRD340G8400AA190;Cultor;18.4 - 34  AS AGRI 19  10PR  [146 A6]  TT;18.4;82;34;;146 A6;16;2612.71;1547.42;8059971038583;;;;2024,2026;0;107.000;0;;0;0;0;0;
5002602900000;MCRD360D83006A100;Cultor;8.3 - 36  AS AGRI 10  6PR  [98 A6]  TT;8.3;82;36;A6;98 A6;13;1156.45;675.22;8059971056488;;;;2025,2026;0;23.600;0;;0;0;0;0;
5002602930000;MCRD360D95006A101;Cultor;9.5 - 36  AS AGRI 10  10PR  [122 A8]  TT;9.5;82;36;A6;122 A8;4;1168.52;716.38;8059971056501;;;;2026;0;37.000;0;;0;0;0;0;
5002602970000;MCRD360G24006A130;Cultor;12.4 - 36  AS AGRI 13  6PR  [121 A6]  TT;12.4;82;36;A6;121 A6;4;1487.79;905.89;8059971059168;;;;2026;0;52.500;0;;0;0;0;0;
5002603910000;MCRD360G36006A130;Cultor;13.6 - 36  AS AGRI 13  6PR  [125 A6]  TT;13.6;82;36;A6;125 A6;3;1761.27;1047.62;8059971056341;;;;2026;0;66.300;0;;0;0;0;0;
5002604160000;MCRD380G36006A130;Cultor;13.6 - 38  AS AGRI 13  8PR  [131 A6]  TT;13.6;82;38;A6;131 A6;4;1994.87;1165.22;8059971038149;;;;2026;0;75.300;0;;0;0;0;0;
5002604170000;MCRD380G84008A190;Cultor;18.4 - 38  AS AGRI 19  10PR  [148 A6]  TT;18.4;82;38;A8;148 A6;10;2854.62;1718.39;8059971065718;;;;2026;0;107.800;0;;0;0;0;0;
5002604180000;MCRD380G84008A191;Cultor;18.4 - 38  AS AGRI 19  14PR  [155 A6]  TT;18.4;82;38;A8;155 A6;4;3209.44;1931.97;8059971036886;;;;2025,2026;0;112.600;0;;0;0;0;0;
5012615090000;MCRR240280858RD20;Cultor;280/85  R24  (11.2  R24)  RD-01  [115 A8/112 B]  TL;280;85;24;A8;115 A8/112 B;6;1198.53;729.77;8059971066739;;;;2026;0;45.000;0;;0;0;0;0;
4006333020000;MCRR240320708RD20;Cultor;320/70  R24  RD-02  [116 A8/116 B]  TL;320;70;24;A8;116 A8/116 B;3;1670.11;965.3;8059971037500;;;;2026;0;46.500;0;;0;0;0;0;
5012615110000;MCRR240340858RD20;Cultor;340/85  R24  (13.6  R24)  RD-01  [125 A8/122 B]  TL;340;85;24;A8;125 A8/122 B;6;1759.44;1018.22;8059971044171;;;;2026;0;59.000;0;;0;0;0;0;
4006332900000;MCRR24038070BRD20;Cultor;380/70  R24  RD-02  [125 A8/125 B]  TL;380;70;24;B;125 A8/125 B;7;1943.76;1170.08;8059971037937;;;;2026;0;64.000;0;;0;0;0;0;
4006332720000;MCRR24042085DRD10;Cultor;420/85  R24  (16.9  R24)  RD-01  [137 A8/137 B]  TL;420;85;24;D;137 A8/137 B;2;2300.02;1384.53;8059971062885;;;;2025,2026;0;83.400;0;;0;0;0;0;
12872700;MCRR280320858RD10;Cultor;320/85  R28  (12.4  R28)  RD-01  [124 A8/121 B]  TL;320;85;28;A8;124 A8/121 B;2;1588.52;967.23;8059971066692;;;;2026;0;62.000;0;;0;0;0;0;
12872500;MCRR280340858RD20;Cultor;340/85  R28  (13.6  R28)  RD-01  [127 A8/124 B]  TL;340;85;28;A8;127 A8/124 B;17;2006.12;1175.02;8059971066081;;;;2026;0;69.000;0;;0;0;0;0;
4006332910000;MCRR28038070BRD20;Cultor;380/70  R28  RD-02  [127 A8/127 B]  TL;380;70;28;B;127 A8/127 B;10;2118.49;1275.25;8059971061789;;;;2026;0;73.000;0;;0;0;0;0;
5012615130000;MCRR280380858RD12;Cultor;380/85  R28  (14.9  R28)  RD-01  [133 A8/130 B]  TL;380;85;28;A8;133 A8/130 B;19;2147.19;1282.82;8059971044225;;;;2026;0;79.000;0;;0;0;0;0;
4006332940000;MCRR28042070ARD20;Cultor;420/70  R28  RD-02  [133 A8/133 B]  TL;420;70;28;;133 A8/133 B;3;2419;1456.15;8059971065022;;;;2026;0;84.000;0;;0;0;0;0;
4006333110000;MCRR280440658RD30;Cultor;440/65  R28  RD-03  [131 A8/131 D]  TL;440;65;28;A8;131 A8/131 D;1;2716.78;1635.4;8059971034790;;;;2026;0;82.600;0;;0;0;0;0;
4006333120000;MCRR28048065DRD30;Cultor;480/65  R28  RD-03  [136 D/139 A8]  TL;480;65;28;D;136 D/139 A8;12;2788.51;1678.58;8059971041705;;;;2026;0;91.100;0;;0;0;0;0;
12873900;MCRR28048070BRD20;Cultor;480/70  R28  RD-02  [140 A8/140 B]  TL;480;70;28;B;140 A8/140 B;1;3424.43;2061.39;8059971040869;;;;2026;0;96.600;0;;0;0;0;0;
4006333140000;MCRR28060065DRD30;Cultor;600/65  R28  RD-03  [147 D/150 A8]  TL;600;65;28;D;147 D/150 A8;8;4939.97;2909.62;8059971035414;;;;2026;0;136.000;0;;0;0;0;0;
5012615150000;MCRR300420858RD10;Cultor;420/85  R30  (16.9  R30)  RD-01  [140 A8]  TL;420;85;30;A8;140 A8;4;2831.42;1704.42;8059971064131;;;;2026;0;99.100;0;;0;0;0;0;
4006332960000;MCRR30048070BRD20;Cultor;480/70  R30  RD-02  [141 A8/141 B]  TL;480;70;30;B;141 A8/141 B;3;3212;1933.51;8059971060287;;;;2026;0;103.500;0;;0;0;0;0;
4006333150000;MCRR30054065DRD30;Cultor;540/65  R30  RD-03  [150 D/153 A8]  TL;540;65;30;D;150 D/153 A8;8;3799.72;2330.2;8059971062014;;;;2026;0;118.300;0;;0;0;0;0;
4006332810000;MCRR320320858RD10;Cultor;320/85  R32  (12.4  R32)  RD-01  [142 A8/142 B]  TL;320;85;32;A8;142 A8/142 B;15;1867.96;1106.42;8059971035971;;;;2026;0;65.400;0;;0;0;0;0;
5012615170000;MCRR340420858RD10;Cultor;420/85  R34  (16.9  R34)  RD-01  [147 A8/144 B]  TL;420;85;34;A8;147 A8/144 B;2;3237.76;1890.42;8059971069877;;;;2026;0;107.000;0;;0;0;0;0;
4006332840000;MCRR340460858RD10;Cultor;460/85  R34  (18.4  R34)  RD-01  [147 A8/144 B]  TL;460;85;34;A8;147 A8/144 B;5;3682.88;2194.22;8059971035995;;;;2026;0;127.700;0;;0;0;0;0;
4006332970000;MCRR34048070BRD20;Cultor;480/70  R34  RD-02  [143 A8/143 B]  TL;480;70;34;B;143 A8/143 B;1;3507.43;2140.75;8059971037494;;;;2026;0;112.800;0;;0;0;0;0;
4006333050000;MCRR34052070BRD20;Cultor;520/70  R34  RD-02  [148 A8/148 B]  TL;520;70;34;B;148 A8/148 B;7;4557.14;2712.42;8059971038071;;;;2026;0;136.600;0;;0;0;0;0;
4006333170000;MCRR34060065DRD30;Cultor;600/65  R34  RD-03  [151 D/154 A8]  TL;600;65;34;D;151 D/154 A8;6;5233.68;2958.62;8059971036053;;;;2025,2026;0;154.400;0;;0;0;0;0;
4006332850000;MCRR360340858RD10;Cultor;340/85  R36  [13.6  R36]  RD-01  [127 A8]  TL;340;85;36;A8;13.6  R36;3;2264.66;1363.25;8059971044003;;;;2026;0;80.800;0;;0;0;0;0;
4006332980000;MCRR38048070BRD20;Cultor;480/70  R38  RD-02  [145 A8/145 B]  TL;480;70;38;B;145 A8/145 B;7;3953.47;2353.12;8059971061819;;;;2026;0;121.800;0;;0;0;0;0;
5012615210000;MCRR38052085ARD10;Cultor;520/85  R38  (20.8  R38)  RD-01  [155 A8/152 B]  TL;520;85;38;;155 A8/152 B;3;5517.27;3233.02;8059971036008;;;;2026;0;171.100;0;;0;0;0;0;
4006333180000;MCRR38054065DRD30;Cultor;540/65  R38  RD-03  [147 D/150 A8]  TL;540;65;38;D;147 D/150 A8;1;5109.6;3041.24;8059971056020;;;;2026;0;132.600;0;;0;0;0;0;
4006333060000;MCRR380580708RD20;Cultor;580/70  R38  RD-02  [155 A8/155 B]  TL;580;70;38;A8;155 A8/155 B;5;5855.14;3469.36;8059971065206;;;;2026;0;183.200;0;;0;0;0;0;
4006333190000;MCRR38060065DRD30;Cultor;600/65  R38  RD-03  [153 D/156 A8]  TL;600;65;38;D;153 D/156 A8;2;6152.53;3542.58;8059971058420;;;;2026;0;169.000;0;;0;0;0;0;
4006333200000;MCRR380650658RD31;Cultor;650/65  R38  RD-03  [157 A8/160 B]  TL;650;65;38;A8;157 A8/160 B;4;7077.72;4075.3;8059971041507;;;;2026;0;195.100;0;;0;0;0;0;
5012615080000;MCRR38071070DRD30;Cultor;710/70  R38  RD-03  [153 D/156 A8]  TL;710;70;38;D;153 D/156 A8;3;10831.45;6103.98;8059971068610;;;;2025,2026;0;283.600;0;;0;0;0;0;
5012614820000;MCRR420520858RD10;Cultor;520/85  R42  (20.8  R42)  RD-01  [162 B]  TL;520;85;42;A8;162 B;2;6809.17;3879.82;8059971066067;;;;2023;0;212.300;0;;0;0;0;0;
4006333230000;MCRR42065065DRD30;Cultor;650/65  R42  RD-03  [165 D/168 A8]  TL;650;65;42;D;165 D/168 A8;2;8952.93;5045.35;8059971035421;;;;2026;0;226.800;0;;0;0;0;0;
25020828;MICD200E6500LB60T;Mitas;6.50 - 20  NB 60  10PR  [113 L]  TT;6.50;82;20;L;113 L;11;1027.67;616.42;8059971612615;;;;2025,2026;0;16.400;0;;0;0;0;0;
2000061035101;MIPD120D85004SK26;Mitas;23 x 8.5 - 12  SK-02  6PR  [99 A4]  TL;8.5;82;12;A4;99 A4;3;370;301.84;8590341017758;;;;2021;0;9.290;0;;0;0;0;0;
25020820;MIPD120E55006SN00;Mitas;5.50 - 12  SNOWTRAC  10PR  [93 A6]  TT;5.50;82;12;A6;93 A6;6;671.3;406.7;8059971617252;;;;2026;0;7.270;0;;0;0;0;0;
25020826;MIPD130E60006SN00;Mitas;6.00 - 13  SNOWTRAC  10PR  [A6]  TT;6.00;82;13;A6;A6;5;716.88;430.22;8059971616507;;;;2026;0;8.550;0;;0;0;0;0;
25020827;MIPD140D63005SN00;Mitas;6.3 - 14  SNOWTRAC  10PR  [114A5]  TT;;82;14;A5;114A5;6;1113.97;678.28;8059971617689;;;;2026;0;12.910;0;;0;0;0;0;
25026909;MIPD150311008SK00;Mitas;31 x 15.50 - 15  SK-02  8PR  TL;31 x 15.50;82;15;A8;;4;1193.52;763.42;8590341078889;;;;2025;0;36.300;0;;0;0;0;0;
5001514750000;MIPD165F00000SK70;Mitas;10 - 16.5  SK-05  10PR  [135 A3]  TL;10;82;16.5;0;135 A3;6;1177.25;710.5;8059971614220;;;;2025,2026;0;36.000;0;;0;0;0;0;
5001514680000;MIPD165F10703SK20;Mitas;10 - 16.5  SK-02  8PR  [131 A3]  TL;11;70;16.5;A3;131 A3;2;1135.59;636.02;8059971615661;;;;2025;0;28.800;0;;0;0;0;0;
5001510810000;MIPD165F20003BB20;Mitas;12 - 16.5  BIG BOY  12PR  [144 A3]  TL;12;82;16.5;A3;144 A3;3;1457.55;803.6;8059971618365;;;;2025;0;35.500;0;;0;0;0;0;
5001510820000;MIPD165F20003BB40;Mitas;12 - 16.5  BIG BOY  14PR  [147 A3]  TL;12;82;16.5;A3;147 A3;5;1659.05;1057.42;8059971619393;;;;2026;0;35.500;0;;0;0;0;0;
5001514760000;MIPD165F20003SK50;Mitas;12 - 16.5  SK.05  12PR  [144 A3]  TL;12;82;16.5;A3;144 A3;8;1395.53;832.02;8059971615906;;;;2025,2026;0;45.500;0;;0;0;0;0;
5001514690000;MIPD165F20703SK20;Mitas;12 - 16.5  SK-02  10PR  [140 A3]  TL;12;70;16.5;A3;140 A3;6;1230.75;753.62;8059971616071;;;;2025,2026;0;35.500;0;;0;0;0;0;
5001510940000;MIPD180G25808BB40;Mitas;12.5/80 - 18  BIG BOY  14PR  TL;12.5;80;18;A8;;2;2018.34;1214.22;8059971618761;;;;2025;0;50.400;0;;0;0;0;0;
25028195;MIPD195F80008ME62;Mitas;18 - 19.5  MPT-06  16PR  [160 A8]  TL;18;82;19.5;A8;160 A8;18;2265;1367.1;;;;;2025;0;73.000;0;;0;0;0;0;
;MIPD2001670014O5L;Mitas;16/70  - 20  MPT-05 14PR     TL;16 x 7.5;82;20;A1;;1;3130;1812.02;;;;;2024;0;21.300;0;;0;0;0;0;
25027895;MIPD20034080DMT41;Mitas;340/80 - 20  (12.5 - 20)  MPT-04  12PR  [135 D]  TL;340;80;20;D;135 D;12;1653.12;1092.7;8059971613254;;;;2025,2026;0;51.000;0;;0;0;0;0;
25028194;MIPD20040070DMT40;Mitas;400/70 - 20  (16.0/70 - 20)  MPT-04  14PR  [148 D]  TL;400;70;20;D;148 D;12;2029.09;1253.42;8059971619089;;;;2026;0;62.800;0;;0;0;0;0;
25030149;MIPD200400758T9R0;Mitas;400/75 - 20  (16.0/70 - 20)  TR-09  14PR  [150 A8]  TL;400;75;20;A8;150 A8;1;2142.63;1312.22;8059971619836;;;;2025;0;68.000;0;;0;0;0;0;
5001515830000;MIPD20040570BMT10;Mitas;405/70 - 20  (16.0/70 - 20)  MPT-01  14PR  [149 B]  TL;405;70;20;B;149 B;1;2709.6;1567.02;8059971068016;;;;2025;0;65.500;0;;0;0;0;0;
13219200;MIPD20040570BMT11;Mitas;405/70 - 20  (16.0/70 - 20)  MPT-01  16PR  [152 B]  TL;405;70;20;B;152 B;8;2093.34;1518.02;8059971038248;;;;2026;0;65.500;0;;0;0;0;0;
25031217;MIPD200500458TIR0;Mitas;500/45 - 20  TI-12  [160 A8]  TL;500;45;20;A8;160 A8;5;3430.2;1792.42;8059971613926;;;;2024,2025;0;63.100;0;;0;0;0;0;
25028197;MIPD200A8200BB380;Mitas;8.25 - 20  NB 38  14PR  [122 B]  TT;8.25;82;20;B;122 B;6;1195.08;727.67;8059971616958;;;;2025,2026;0;31.200;0;;0;0;0;0;
25031833;MIPD200E9000BB380;Mitas;9.00 - 20  NB 38  14PR  [140 B]  TT;9.00;82;20;B;140 B;3;1414.14;881.02;8059971618310;;;;2026;0;37.700;0;;0;0;0;0;
25028196;MIPD200H0000BB380;Mitas;10.00 - 20  NB 38  16PR  [146 B]  TT;10.00;82;20;B;146 B;1;1639.14;961.31;8059971615821;;;;2026;0;54.000;0;;0;0;0;0;
25028053;MIPD200H0000BE220;Mitas;10.00 - 20  EM-22  16PR  [146 B]  TT;10.00;82;20;B;146 B;9;1556.73;959.42;8059971615043;;;;2026;0;54.000;0;;0;0;0;0;
25028054;MIPD200H0000BE230;Mitas;10.00 - 20  EM-23  16PR  [146 B]  TT;10.00;82;20;B;146 B;12;1689.49;994.7;8059971615890;;;;2026;0;54.000;0;;0;0;0;0;
1012201240000;MIPD200H10002CPE0;Mitas;11.00 - 20  COMPACTOR EXTRA  18PR  [170 A2]  TT;11.00;82;20;A2;170 A2;3;2177.84;1106.42;8059971618792;;;;2025;0;56.500;0;;0;0;0;0;
1012201020000;MIPD200H10003CPT0;Mitas;11.00 - 20  COMPACTOR  16PR  [164 A3]  TT;11.00;82;20;A3;164 A3;6;3090.22;1655.22;8059971618815;;;;2023,2024;0;55.900;0;;0;0;0;0;
25028052;MIPD200H10005CPS0;Mitas;11.00 - 20  COMPACTOR SMOOTH  18PR  [156 A5]  TT;11.00;82;20;A5;156 A5;9;2313.95;1469.02;8059971616064;;;;2025;0;68.400;0;;0;0;0;0;
25031827;MIPD200H1000BB380;Mitas;11.00 - 20  NB 38  16PR  [148 B]  TT;11.00;82;20;B;148 B;10;2186.77;1145.62;8059971616934;;;;2025;0;50.000;0;;0;0;0;0;
25029529;MIPD200H1000BE220;Mitas;11.00 - 20  EM 22  16PR  [148 B]  TT;11.00;82;20;B;148 B;14;1808.81;1067.22;8059971612790;;;;2025;0;49.700;0;;0;0;0;0;
25026910;MIPD225600408TIR0;Mitas;600/40 - 22.5  TI-12  16PR  [169 A8]  TL;600;40;22.5;A8;169 A8;4;3131.16;1978.62;8059971616613;;;;2024;0;90.900;0;;0;0;0;0;
25028056;MIPD24040070DMT40;Mitas;400/70 - 24  (16.0/70 - 24)  MPT-04  14PR  [151 D]  TL;400;70;24;D;151 D;13;3138.46;1567.02;8059971614046;;;;2024,2025;0;78.500;0;;0;0;0;0;
13287800;MIPD24040570BMT10;Mitas;405/70 - 24  (16/70 - 24)  MPT-01  14PR  [152 B]  TL;405;70;24;B;152 B;21;2276.57;1410.22;8059971056372;;;;2026;0;78.500;0;;0;0;0;0;
25029093;MIPD24040570BMT40;Mitas;405/70 - 24  (16/70 - 24)  MPT-04  14PR  [152B]  TL;405;70;24;B;152B;17;2460.81;1481.32;8059971616859;;;;2025,2026;0;77.800;0;;0;0;0;0;
5001510790000;MIPD240G69008T4L1;Mitas;16.9 - 24  TI-04  INDUST  12PR  [149 A8]  TL;16.9;82;24;A8;149 A8;2;3012.31;1772.82;8059971613285;;;;2026;0;79.300;0;;0;0;0;0;
1013101720000;MIPD240G75008TI00;Mitas;17.5L - 24  TI-02  10PR  [144 A8]  TL;17.5;82;24;A8;144 A8;4;3018.97;1694.42;8059971617405;;;;2023;0;79.400;0;;0;0;0;0;
5001511720000;MIPD240G95708GNR0;Mitas;19.5L - 24  (500/70 - 24)  GRIP-n-RIDE  12PR  [151 A8]  TL;19.5;70;24;A8;151 A8;5;3648.74;1978.62;8059971616453;;;;2024;0;86.900;0;;0;0;0;0;
5001510992000;MIPD260G84008T6L0;Mitas;18.4 - 26  TI-06  INDUST  12PR  [156 A8]  TL;18.4;82;26;A8;156 A8;1;3474.96;2076.62;8059971617979;;;;2026;0;107.080;0;;0;0;0;0;
5001511535000;MIPD280G69006TG10;Mitas;16.9 - 28  TG 01  12PR  [151 A6]  TL;16.9;82;28;A6;151 A6;6;2989.53;1821.82;8059971615128;;;;2026;0;75.800;0;;0;0;0;0;
25029381;MIPD280G69008T6L0;Mitas;16.9 - 28  TI-06  INDUST  12PR  [152 A8]  TL;16.9;82;28;A8;152 A8;8;3296.37;2027.62;8059971617887;;;;2026;0;87.700;0;;0;0;0;0;
25029382;MIPD300440808TI90;Mitas;440/80 - 30  (16.9 - 30)  TI 09 INDUST  14PR  [154 A8]  TL;440;80;30;A8;154 A8;6;3558.83;2142.3;8059971617351;;;;2025;0;102.800;0;;0;0;0;0;
4006201200000;MIPR18036570B01E0;Mitas;365/70  R18  EM-01  [135 B/146 A2]  TL;365;70;18;B;135 B/146 A2;4;2736.24;1655.22;8059971613186;;;;2026;0;55.300;0;;0;0;0;0;
4006201460000;MIPR20040570B01E0;Mitas;405/70  R20  (16.0/70  R20)  EM-01  [143 B]  TL;405;70;20;B;143 B;3;3448.21;2135.42;8059971615593;;;;2026;0;68.300;0;;0;0;0;0;
4006200320000;MIPR200F30803CC00;Mitas;13/80  R20  COMPACTOR  [170 A2/164 A3]  TT;13;80;20;A3;170 A2/164 A3;8;3188.98;1919.65;8059971614831;;;;2026;0;60.800;0;;0;0;0;0;
4006200300000;MIPR200H10003CC00;Mitas;11.00  R20  COMPACTOR  [157 A3]  TT;11.00;82;20;A3;157 A3;8;3145.39;2017.82;8059971617078;;;;2026;0;61.500;0;;0;0;0;0;
4006202300000;MIPR24040570JM210;Mitas;405/70  R24  (16/70  R24)  MPT-21  [152 J]  TL;405;70;24;J;152 J;4;4007.28;2366.7;8059971613162;;;;2026;0;77.600;0;;0;0;0;0;
4006321040000;MIPR260480808TI20;Mitas;480/80  R26  (18.4  R26)  TI-20 INDUST  [160 A8]  TL;480;80;26;A8;160 A8;10;4440.32;2642.88;8059971037302;;;;2026;0;123.500;0;;0;0;0;0;
9-11468200;MIRD06013A000MG11;Mitas;13 x 5.00 - 6  G-1  4PR  TT/TL;13 x 5.00;82;6;0;;90;83;42.04;8059971027488;;;;2025;0;1.600;0;;0;0;0;0;
9-11464700;MIRD060E35000B1A1;Mitas;3.50 - 6  B-16  4PR  TT;3.50;82;6;0;;18;89;47.04;8059971027327;;;;2026;0;1.700;0;;0;0;0;0;
9-11468500;MIRD060E35006B151;Mitas;3.50 - 6  B-15  4PR  TT;3.50;82;6;A6;;8;107;49;8059971027518;;;;2025,2026;0;1.500;0;;0;0;0;0;
9-11622900;MIRD060E40000B111;Mitas;4.00 - 6  B-11  6PR  TT;4.00;82;6;0;;5;135;69.58;8059971028119;;;;2025;0;1.600;0;;0;0;0;0;
3401588078000;MIRD060E40000V551;Mitas;4.00 - 6  V-5501  4PR  TT;4.00;82;6;0;;86;42.1;24.99;8059971046496;;;;2025;0;1.650;0;;0;0;0;0;
3401588079000;MIRD060E40000V552;Mitas;4.00 - 6  V-5501  6PR  TT;4.00;82;6;0;;28;48.5;30.22;8059971046502;;;;2025;0;1.700;0;;0;0;0;0;
9-11468400;MIRD080189000MG11;Mitas;18 x 8.50 - 8  G-1  6PR  TT/TL;18 x 8.50;82;8;0;;14;241.42;117.6;8059971027501;;;;2025;0;5.000;0;;0;0;0;0;
9-11468300;MIRD080E35000B111;Mitas;3.50 - 8  B-11  4PR  TT;3.50;82;8;0;;4;85;40.08;8059971027495;;;;2024;0;1.000;0;;0;0;0;0;
9-11468600;MIRD080E35000B151;Mitas;3.50 - 8  B-15  4PR  TT;3.50;82;8;0;;54;114;53.8;8059971027525;;;;2025;0;1.900;0;;0;0;0;0;
9-11466400;MIRD080E35000B1A1;Mitas;3.50 - 8  B-16  4PR  TT;3.50;82;8;0;;28;110;55.86;8059971027334;;;;2026;0;2.000;0;;0;0;0;0;
3401588083000;MIRD080E35000V551;Mitas;3.50 - 8  V-5501  4PR  TT;3.50;82;8;0;;100;43.4;26.46;8059971046533;;;;2025,2026;0;1.950;0;;0;0;0;0;
9-11466900;MIRD080E40000B1S2;Mitas;4.00 - 8  B-12  4PR  TT;4.00;82;8;0;;97;129;69.58;8059971027389;;;;2026;0;2.500;0;;0;0;0;0;
3401588080000;MIRD080E40000V551;Mitas;4.00 - 8  V-5501  2PR  TT;4.00;82;8;0;;16;46.44;29.3;8059971038842;;;;2025;0;2.700;0;;0;0;0;0;
9-11468900;MIRD080F16000B195;Mitas;16 x 6.50 - 8  B-19  12PR  TT/TL;16 x 6.50;82;8;0;;100;134;67.62;8059971027556;;;;2025,2026;0;2.700;0;;0;0;0;0;
9-11466700;MIRD080F18000B633;Mitas;18.5 x 8.50 - 8  B-63  12PR  TL;18.5 x 8.5;82;8;0;;2;312;154.84;8059971027365;;;;2026;0;5.700;0;;0;0;0;0;
9-11468000;MIRD100E40000B1S2;Mitas;4.00 - 10  B-12  2PR  TT;4.00;82;10;0;;20;163;79.38;8059971027464;;;;2025;0;2.800;0;;0;0;0;0;
9-11468100;MIRD100E40000B1S3;Mitas;4.00 - 10  B-12  4PR  TT;4.00;82;10;0;;1;168;93.1;8059971027471;;;;2025;0;2.800;0;;0;0;0;0;
9-11468800;MIRD100E50000B1A1;Mitas;5.00 - 10  B-16  4PR  TT;5.00;82;10;0;;7;207;107.8;8059971027549;;;;2026;0;4.000;0;;0;0;0;0;
5001506110000;MIRD120D65808TS66;Mitas;6.50/80 - 12  (6.50/90 - 12)  TS-06  6PR  [89 A8/76 A8]  TT;6.5;80;12;A8;89 A8/76 A8;9;360.67;218.54;8059971066463;;;;2026;0;6.800;0;;0;0;0;0;
9-11466500;MIRD120E40000B1S2;Mitas;4.00 - 12  B-12  4PR  TT;4.00;82;12;0;;100;193;98;8059971027341;;;;2025,2026;0;2.800;0;;0;0;0;0;
9-11467800;MIRD120E50000B1S2;Mitas;5.00 - 12  B-12  4PR  TT;5.00;82;12;0;;26;268;129.36;8059971027440;;;;2025;0;2.700;0;;0;0;0;0;
5001515680000;MIRD120G10808IM49;Mitas;10.0/80 - 12  IM-04  10PR  [117 A8]  TL;10.0;80;12;A8;117 A8;5;550.1;318.5;8059971058772;;;;2025,2026;0;12.970;0;;0;0;0;0;
5001506120000;MIRD140D65756TS20;Mitas;6.5/75 - 14  TS-02  4PR  [72 A6/60 A6]  TT;6.5;75;14;A6;72 A6/60 A6;18;438.63;253.82;8059971066173;;;;2026;0;6.830;0;;0;0;0;0;
5001516240000;MIRD1452006071IM0;Mitas;200/60 - 14.5  IM-10  10PR  [102 A8]  TL;200;60;14.5;A7;102 A8;10;436.15;259.7;8059971063509;;;;2025;0;10.840;0;;0;0;0;0;
5001506260000;MIRD150180008TS70;Mitas;7.00 - 15  (690 x 180 - 15)  TS-07  4PR  [100 A8/88 A8]  TT;180;82;15;A8;100 A8/88 A8;26;470.01;273.42;8059971042443;;;;2026;0;8.650;0;;0;0;0;0;
5001504870000;MIRD150E50008TS60;Mitas;5.00 - 15  TS-06  6PR  [84 A8/71 A8]  TT;5.00;82;15;A8;84 A8/71 A8;9;320.47;190.12;8059971036619;;;;2025;0;6.070;0;;0;0;0;0;
13219400;MIRD150H55008T7R0;Mitas;31 x 15.50 - 15  TR-07  8PR  [121 A8/109 A8]  TL;15.50;82;15;A8;121 A8/109 A8;1;1184.68;700.7;8059971039207;;;;2024;0;26.900;0;;0;0;0;0;
5001515770000;MIRD153G10758IM42;Mitas;10.0/75 - 15.3  IM-04  14PR  [130 A8]  TL;10.0;75;15.3;A8;130 A8;11;654.72;387.1;8059971043068;;;;2026;0;15.010;0;;0;0;0;0;
5001516650000;MIRD153G10758T4RT;Mitas;10.0/75 - 15.3  TR-04  10PR  [122 A8/111 A8]  TL;10.0;75;15.3;A8;122 A8/111 A8;11;765.93;449.82;8059971061666;;;;2025,2026;0;18.100;0;;0;0;0;0;
5001515750000;MIRD153G15808IM44;Mitas;11.5/80 - 15.3  IM-04  16PR  [141 A8]  TL;11.5;80;15.3;A8;141 A8;11;822.14;479.22;8059971058765;;;;2025,2026;0;21.400;0;;0;0;0;0;
5001516020000;MIRD153G15808T3R1;Mitas;11.5/80 - 15.3  TR-03  14PR  [139 A8/126 A8]  TL;11.5;80;15.3;A8;139 A8/126 A8;12;873.12;538.02;8059971067316;;;;2025,2026;0;23.200;0;;0;0;0;0;
5001515230000;MIRD155400608IM71;Mitas;400/60 - 15.5  IM-07  14PR  [140 A8]  TL;400;60;15.5;A8;140 A8;1;1161.92;671.19;8059971042313;;;;2026;0;36.400;0;;0;0;0;0;
5001515320000;MIRD155400608IM7S;Mitas;400/60 - 15.5  IM-07  [145 A8]  TL;400;60;15.5;A8;145 A8;7;1350.82;792.82;8059971042306;;;;2026;0;36.400;0;;0;0;0;0;
5001504610000;MIRD160E600063TF0;Mitas;6.00 - 16  TF-03  6PR  [88 A6/80 A8]  TT;6.00;82;16;A6;88 A6/80 A8;2;399.28;241.08;8059971062571;;;;2025;0;9.590;0;;0;0;0;0;
5001504660000;MIRD160E60006T130;Mitas;6.00 - 16  TD-13  6PR  [88 A6/80 A8]  TT  jode³ka;6.00;82;16;A6;88 A6/80 A8;8;408.74;238.14;8059971058857;;;;2025;0;9.410;0;;0;0;0;0;
5001506770000;MIRD160E650063TF0;Mitas;6.50 - 16  TF-03  8PR  [97 A6/89 A8]  TT;6.50;82;16;A6;97 A6/89 A8;21;588.47;338.1;8059971059144;;;;2025,2026;0;12.860;0;;0;0;0;0;
5001505800000;MIRD160E750063TF0;Mitas;7.50 - 16  TF-03  6PR  [98 A6/90 A8]  TT;7.50;82;16;A6;98 A6/90 A8;19;484.29;297.92;8059971069846;;;;2026;0;14.610;0;;0;0;0;0;
5001505790000;MIRD160E750063TF1;Mitas;7.50 - 16  TF-03  8PR  [103 A6/96 A8]  TT;7.50;82;16;A6;103 A6/96 A8;15;581.5;342.02;8059971056006;;;;2026;0;16.440;0;;0;0;0;0;
5001515290000;MIRD170500508IM71;Mitas;500/50 - 17  IM-07  18PR  [155 A8]  TL;500;50;17;A8;155 A8;12;1825.05;1077.02;8059971039429;;;;2026;0;54.200;0;;0;0;0;0;
5001515240000;MIRD170500508IM74;Mitas;500/50 - 17  IM-07  14PR  [149 A8]  TL;500;50;17;A8;149 A8;3;1900.77;1106.42;8059971058802;;;;2026;0;54.200;0;;0;0;0;0;
1013309710000;MIRD170G50558IM44;Mitas;15.0/55 - 17  IM-04  14PR  [137 A8]  TL;15.0;55;17;A8;137 A8;4;1424.8;841.82;8059971042429;;;;2024;0;30.600;0;;0;0;0;0;
1014108160000;MIRD170G50558T1R1;Mitas;15.0/55 - 17  TR-01  12PR  [134 A8/122 A8]  TL;15.0;55;17;A8;134 A8/122 A8;1;1446.83;851.62;8059971065572;;;;2026;0;29.700;0;;0;0;0;0;
5001506800000;MIRD180E600063TF0;Mitas;6.00 - 18  TF-03  6PR  [96 A6/88 A8]  TT;6.00;82;18;A6;96 A6/88 A8;10;518.71;305.76;8059971055283;;;;2026;0;10.810;0;;0;0;0;0;
5001506480000;MIRD2006500063TF0;Mitas;6.50 - 20  TF-03  6PR  [96 A6/88 A8]  TT;650;82;20;A6;96 A6/88 A8;9;566.69;334.18;8059971038187;;;;2025;0;15.700;0;;0;0;0;0;
5001506490000;MIRD200D83006T130;Mitas;8.3 - 20  TD-13  6PR  [104 A8/92 A8]  TT;8.3;82;20;A6;104 A8/92 A8;13;696.21;401.8;8059971059366;;;;2026;0;17.000;0;;0;0;0;0;
5001506520000;MIRD200E750063TF0;Mitas;7.50 - 20  TF-03  6PR  [103 A6/96 A8]  TT;7.50;82;20;A6;103 A6/96 A8;12;620.37;371.42;8059971042603;;;;2025,2026;0;17.900;0;;0;0;0;0;
1014110910000;MIRD2255006082TR0;Mitas;500/60 - 22.5  TR-12  16PR  [165 A8/153 A8]  TL;500;60;22.5;A8;165 A8/153 A8;3;3250.48;1919.82;8059971063011;;;;2025,2026;0;88.800;0;;0;0;0;0;
1014110690000;MIRD225500608T8R6;Mitas;500/60 - 22.5  TR-08  16PR  [159 A8/147A8]  TL;500;60;22.5;A8;159 A8/147A8;3;2699.44;1567.02;8059971036183;;;;2026;0;73.500;0;;0;0;0;0;
13503000;MIRD225550608T8R6;Mitas;550/60 - 22.5  TR-08  16PR  [167 A8/155 A8]  TL;550;60;22.5;A8;167 A8/155 A8;10;3115.46;1841.42;8059971043907;;;;2025,2026;0;87.900;0;;0;0;0;0;
13502900;MIRD225550608T8RR;Mitas;550/60 - 22.5  TR-08  [171 A8]  TL;550;60;22.5;A8;171 A8;2;3282.44;1975.92;8059971037050;;;;2026;0;92.100;0;;0;0;0;0;
13219600;MIRD2256004082TR6;Mitas;600/40 - 22.5  TR-12 REINF  16PR  [172 A8/160 A8]  TL;600;40;22.5;A8;172 A8/160 A8;5;3213.77;1978.62;8059971065596;;;;2026;0;90.900;0;;0;0;0;0;
1014113220000;MIRD225600508T8R1;Mitas;600/50 - 22.5  TR-08 HD  [168 A8/156 A8]  TL;600;50;22.5;A8;168 A8/156 A8;2;3397.34;1880.62;8059971065848;;;;2026;0;101.400;0;;0;0;0;0;
1014112990000;MIRD225600508T8R6;Mitas;600/50 - 22.5  TR-08  16PR  [165 A8/153 A8]  TL;600;50;22.5;A8;165 A8/153 A8;3;2938.42;1812.02;8059971044393;;;;2026;0;96.800;0;;0;0;0;0;
5001514720000;MIRD240124008TD10;Mitas;12.4 - 24  TD-19  12PR  [128 A8]  TL;;82;24;A8;128 A8;2;1782.47;1037.82;8059971069280;;;;2026;0;41.900;0;;0;0;0;0;
5001504700000;MIRD24012400ATD10;Mitas;12.4 - 24  TD-19  8PR  [120 A6/112 A8]  TT;;82;24;;120 A6/112 A8;5;1316.13;801.38;8059971060447;;;;2025;0;39.500;0;;0;0;0;0;
5001500214000;MIRD240D95006TD28;Mitas;9.5 - 24  TD-02  8PR  [112 A6/104 A8]  TT;9.5;82;24;A6;112 A6/104 A8;2;1023.51;596.82;8059971055436;;;;2025,2026;0;27.500;0;;0;0;0;0;
5001501222000;MIRD280G24006TD1T;Mitas;12.4 - 28  TD-19  10PR  [126 A6/121 A8]  TT;12.4;82;28;A6;126 A6/121 A8;3;1781.27;1047.62;8059971065060;;;;2026;0;48.200;0;;0;0;0;0;
1013201880000;MIRD280G24006TD20;Mitas;12.4 - 28  TD-02  8PR  [123 A6/116 A8]  TT;12.4;82;28;A6;123 A6/116 A8;1;1726.01;1050.94;8059971042627;;;;2024;0;46.000;0;;0;0;0;0;
5001501432000;MIRD280G4900OTD10;Mitas;14.9 - 28  TD-19  8PR  [130 A6/122 A8]  TT;14.9;82;28;O;130 A6/122 A8;8;1762.08;1077.02;8059971037265;;;;2026;0;55.900;0;;0;0;0;0;
5001501851000;MIRD300G84006T130;Mitas;18.4 - 30  TD-13  14PR  [152 A6/144 A8]  TT;18.4;82;30;A6;152 A6/144 A8;1;3342.04;1998.22;8059971059441;;;;2022;0;107.600;0;;0;0;0;0;
5001502367000;MIRD340G84006TD11;Mitas;18.4 - 34  TD-19  12PR  [151 A6/144 A8]  TT;18.4;82;34;A6;151 A6/144 A8;6;3543.95;2043.3;8059971055214;;;;2026;0;107.200;0;;0;0;0;0;
5001504800000;MIRD340G84006TD20;Mitas;18.4 - 34  TD-02  12PR  [151 A6/144 A8]  TT;18.4;82;34;A6;151 A6/144 A8;3;3154.4;1870.82;8059971055467;;;;2025;0;99.000;0;;0;0;0;0;
4006341840000;MIRR17042555GA7G1;Mitas;425/55  R17  AC 70 G MPT  [134 G]  TL;425;55;17;G;134 G;4;2405.15;1420.02;8059971037128;;;;2026;0;53.000;0;;0;0;0;0;
4006204500000;MIRR18035560JAGT0;Mitas;355/60  R18  MPT AR-05 AGRO-TRAILER  [142 J]  TL  all steel;355;60;18;J;142 J;2;1978.42;1214.22;8059971043938;;;;2026;0;42.300;0;;0;0;0;0;
4006201580000;MIRR22544565FR010;Mitas;445/65  R22.5  (18  R22.5)  AR-01  [169 F]  TL  all steel;445;65;22.5;F;169 F;5;3700.37;2174.62;8059971069525;;;;2026;0;97.700;0;;0;0;0;0;
4006204020000;MIRR22544565GA7G0;Mitas;445/65  R22.5  AC 70+ MPT  [160 G]  TL;445;65;22.5;G;160 G;2;5095.36;2948.82;8059971043433;;;;2026;0;101.300;0;;0;0;0;0;
13411500;MIRR22556060DALA0;Mitas;560/60  R22.5  AGRITERRA ULTRA  [165 D]  TL  steel belted;560;60;22.5;D;165 D;2;5034.06;2899.82;8059971053845;;;;2026;0;123.600;0;;0;0;0;0;
13417000;MIRR22571045DAGT0;Mitas;710/45  R22.5  AGRITERRA ULTRA  [165 D]  TL  steel belted;710;45;22.5;D;165 D;2;7472.9;4211.3;8059971038385;;;;2026;0;139.300;0;;0;0;0;0;
4006340260000;MIRR240280858A8M0;Mitas;280/85  R24  (11.2  R24)  AC 85  [115 A8/109 B]  TL;280;85;24;A8;115 A8/109 B;6;1684.43;1008.42;8059971057867;;;;2026;0;42.400;0;;0;0;0;0;
4006340630000;MIRR240320708A7T0;Mitas;320/70  R24  AC 70 T  [116 A8/116 B]  TL;320;70;24;A8;116 A8/116 B;4;2119.59;1233.82;8059971062359;;;;2026;0;43.800;0;;0;0;0;0;
4006340270000;MIRR24032085RA8M0;Mitas;320/85  R24  (12.4  R24)  AC 85  [122 A8/122 B]  TL;320;85;24;R;122 A8/122 B;6;1930.61;1162.16;8059971064063;;;;2026;0;55.000;0;;0;0;0;0;
4006340280000;MIRR240340858A8M0;Mitas;340/85  R24  (13.6  R24)  AC 85  [125 A8/125 B]  TL;340;85;24;A8;125 A8/125 B;10;2193.26;1292.62;8059971064766;;;;2026;0;59.900;0;;0;0;0;0;
4006340710000;MIRR240380708A7T0;Mitas;380/70  R24  AC 70 T  [125 A8/122 B]  TL;380;70;24;A8;125 A8/122 B;6;2532.9;1478.82;8059971044478;;;;2026;0;67.300;0;;0;0;0;0;
4006342090000;MIRR240460708A7G0;Mitas;460/70  R24  AC 70 G IMP  [163 A8/151 A8]  TL;460;70;24;A8;163 A8/151 A8;4;3260.41;1841.42;8059971042900;;;;2026;0;85.000;0;;0;0;0;0;
4006341060000;MIRR24048065DA6M0;Mitas;480/65  R24  AC 65  [133 D/136 A8]  TL;480;65;24;D;133 D/136 A8;1;3553.77;2066.82;8059971064476;;;;2025;0;81.800;0;;0;0;0;0;
4006342240000;MIRR240500708A7G0;Mitas;500/70  R24  AC 70 G IMP  [167 A8/155 A8]  TL;500;70;24;A8;167 A8/155 A8;1;4558.38;2850.82;8059971068306;;;;2025;0;105.000;0;;0;0;0;0;
4006341080000;MIRR24054065DA6M0;Mitas;540/65  R24  AC 65  [146 D/149 A8]  TL;540;65;24;D;146 D/149 A8;1;4383.09;2547.02;8059971035117;;;;2025;0;100.100;0;;0;0;0;0;
4006341070000;MIRR24054065DA6M1;Mitas;540/65  R24  AC 65  [140 D/143 A8]  TL;540;65;24;D;140 D/143 A8;3;4228.9;2449.02;8059971056907;;;;2025;0;96.700;0;;0;0;0;0;
13417400;MIRR26565055DALA0;Mitas;650/55  R26.5  AGRITERRA ULTRA  [169 D]  TL  steel belted;650;55;26.5;D;169 D;1;7691.43;4255.8;8059971054033;;;;2026;0;171.000;0;;0;0;0;0;
13417800;MIRR26571050DALA0;Mitas;710/50  R26.5  AGRITERRA ULTRA  [170 D]  TL  steel belted;710;50;26.5;D;170 D;6;7148.82;4066.02;8059971054071;;;;2026;0;189.000;0;;0;0;0;0;
4006340520000;MIRR280280858A8M0;Mitas;280/85  R28  (11.2  R28)  AC 85  [118 A8/118 B]  TL;280;85;28;A8;118 A8/118 B;4;1813.44;1057.42;8059971064001;;;;2024,2025;0;46.100;0;;0;0;0;0;
4006340530000;MIRR280320858A8M0;Mitas;320/85  R28  (12.4  R28)  AC 85  [124 A8/124 B]  TL;320;85;28;A8;124 A8/124 B;1;2162.95;1253.42;8059971040333;;;;2026;0;62.000;0;;0;0;0;0;
4006340310000;MIRR280340858A8M0;Mitas;340/85  R28  (13.6  R28)  AC 85  [127 A8/124 B]  TL;340;85;28;A8;127 A8/124 B;1;2574.29;1478.82;8059971062762;;;;2026;0;65.200;0;;0;0;0;0;
4006340730000;MIRR280380708A7T0;Mitas;380/70  R28  AC 70 T  [127 A8/127 B]  TL;380;70;28;A8;127 A8/127 B;2;2898.65;1684.62;8059971035667;;;;2026;0;71.100;0;;0;0;0;0;
4006340180000;MIRR280380858A8M0;Mitas;380/85  R28  (14.9  R28)  AC 85  [133 A8/130 B]  TL;380;85;28;A8;133 A8/130 B;3;3003.27;1733.62;8059971062816;;;;2026;0;81.200;0;;0;0;0;0;
4006341810000;MIRR280400808HCM0;Mitas;400/80  R28  HCM IND  [151 A8/146 D]  TL  steel belted;400;80;28;A8;151 A8/146 D;1;4858.86;2831.22;8059971042542;;;;2026;0;87.000;0;;0;0;0;0;
4006340740000;MIRR280420708A7T0;Mitas;420/70  R28  AC 70 T  [133 A8/130 B]  TL;420;70;28;A8;133 A8/130 B;2;3156.98;1841.42;8059971063684;;;;2026;0;86.300;0;;0;0;0;0;
4006340330000;MIRR280420858A8M0;Mitas;420/85  R28  (16.9  R28)  AC 85  [139 A8/136 B]  TL;420;85;28;A8;139 A8/136 B;2;3191.53;1964.9;8059971064537;;;;2026;0;93.100;0;;0;0;0;0;
4006341090000;MIRR28044065DA6M0;Mitas;440/65  R28  AC 65  [131 D/139 A8]  TL;440;65;28;D;131 D/139 A8;2;3546.06;2066.82;8059971040357;;;;2026;0;82.600;0;;0;0;0;0;
4006340900000;MIRR280440708A7G0;Mitas;440/70  R28  AC 70 G  [152 A8]  TL;440;70;28;A8;152 A8;2;4543.56;2684.22;8059971066623;;;;2026;0;94.900;0;;0;0;0;0;
4006341960000;MIRR280440808HCM0;Mitas;440/80  R28  (16.9  R28)  HCM IND  [156 A8/151 D]  TL  steel belted;440;80;28;A8;156 A8/151 D;4;5373.07;3115.42;8059971042559;;;;2026;0;90.000;0;;0;0;0;0;
4006341100000;MIRR28048065DA6M0;Mitas;480/65  R28  AC 65  [136 D/139 A8]  TL;480;65;28;D;136 D/139 A8;5;3819.84;2200.1;8059971065374;;;;2026;0;91.100;0;;0;0;0;0;
4006340340000;MIRR280480708A7T0;Mitas;480/70  R28  AC 70 T  [140 A8/140 B]  TL;480;70;28;A8;140 A8/140 B;2;4266.9;2458.82;8059971057683;;;;2026;0;99.500;0;;0;0;0;0;
4006341110000;MIRR28054065DA6M0;Mitas;540/65  R28  AC 65  [142 D/145 A8]  TL;540;65;28;D;142 D/145 A8;8;4736.08;2733.22;8059971062830;;;;2026;0;109.800;0;;0;0;0;0;
4006340380000;MIRR300460858A8M0;Mitas;460/85  R30  (18.4  R30)  AC 85  [145 A8/145 B]  TL;460;85;30;A8;145 A8/145 B;4;4367.52;2547.02;8059971063981;;;;2026;0;118.700;0;;0;0;0;0;
4006343100000;MIRR300540658HCM0;Mitas;540/65  R30  HCM  IND [161 A8/150 D]  TL  steel belted;540;65;30;A8;161 A8/150 D;2;6915.99;3899.42;8059971041453;;;;2024;0;143.300;0;;0;0;0;0;
4006340660000;MIRR30060070DSFT0;Mitas;600/70  R30  SFT  [152 D/155 A8]  TL  steel belted;600;70;30;D;152 D/155 A8;1;8101;4695.67;8059971039764;;;;2026;0;171.700;0;;0;0;0;0;
4006310170000;MIRR30560060DAGU0;Mitas;600/60  R30.5  AGRITERRA 04  [173 D]  TL  steel belted;600;60;30.5;D;173 D;3;7694.25;4336.03;8059971038903;;;;2025;0;152.300;0;;0;0;0;0;
4006340090000;MIRR320320858A8M0;Mitas;320/85  R32  (12.4  R32)  AC 85  [142 A8/142 B]  TL;320;85;32;A8;142 A8/142 B;3;2497.87;1449.42;8059971035254;;;;2026;0;64.400;0;;0;0;0;0;
4006340460000;MIRR320320908A8M0;Mitas;320/90  R32  (12.4  R32)  AC 85  [134 A8/131 B]  TL;320;90;32;A8;134 A8/131 B;7;2521.84;1455.3;8059971063165;;;;2026;0;72.000;0;;0;0;0;0;
4006341600000;MIRR320800658A7N1;Mitas;800/65  R32  (30.5  R32)  AC 70 H  [172 A8/169 B]  TL;800;65;32;A8;172 A8/169 B;3;14930.73;8414.1;8059971034943;;;;2025,2026;0;310.100;0;;0;0;0;0;
4006340020000;MIRR34032085BA8M0;Mitas;320/85  R34  (12.4  R34)  AC 85  [133A8/133 B]  TL;320;85;34;B;133A8/133 B;4;2726.86;1606.22;8059971035520;;;;2026;0;71.100;0;;0;0;0;0;
4006341650000;MIRR340420858A850;Mitas;420/85  R34  (16.9  R34)  AC 85  [147 A8/147 B]  TL;420;85;34;A8;147 A8/147 B;1;4317.1;2400.02;8059971063943;;;;2026;0;112.600;0;;0;0;0;0;
4006341740000;MIRR34046085BA850;Mitas;460/85  R34  (18.4  R34)  AC 85  [147 A8/144 B]  TL;460;85;34;B;147 A8/144 B;3;4801.54;2821.42;8059971040197;;;;2026;0;128.500;0;;0;0;0;0;
4006343230000;MIRR34048070DH7M1;Mitas;480/70  R34  HC70  [155 D/158 A8]  TL;480;70;34;D;155 D/158 A8;2;6209.66;3517.22;8059971062151;;;;2026;0;118.400;0;;0;0;0;0;
4006340780000;MIRR340520708A7T0;Mitas;520/70  R34  AC 70 T  [148 A8/148 B]  TL;520;70;34;A8;148 A8/148 B;4;6544.92;3723.02;8059971057096;;;;2025,2026;0;136.000;0;;0;0;0;0;
4006340670000;MIRR34065060DSFT0;Mitas;650/60  R34  SFT  [159 D/162 A8]  TL  steel belted;650;60;34;D;159 D/162 A8;1;9870.84;5562.64;8059971063783;;;;2026;0;217.000;0;;0;0;0;0;
4006340650000;MIRR34071060DSFT0;Mitas;710/60  R34  SFT  [164 D/167 A8]  TL  steel belted;710;60;34;D;164 D/167 A8;2;10940.83;6427.82;8059971068931;;;;2026;0;234.200;0;;0;0;0;0;
4006340680000;MIRR380320858A8M0;Mitas;320/85  R38  (12.4  R38)  AC 85  [143 A8/143 B]  TL;320;85;38;A8;143 A8/143 B;100;2937.12;1690.5;8059971062243;;;;2026;0;73.800;0;;0;0;0;0;
4006340580000;MIRR380340858A8M0;Mitas;340/85  R38  (13.6  R38)  AC 85  [133 A8/130 B]  TL;340;85;38;A8;133 A8/130 B;2;2880.59;1763.02;8059971064612;;;;2026;0;82.900;0;;0;0;0;0;
4006340440000;MIRR380420858A8M0;Mitas;420/85  R38  (16.9  R38)  AC 85  [144 B]  TL;420;85;38;A8;144 B;2;4802.79;2762.62;8059971040302;;;;2026;0;116.900;0;;0;0;0;0;
4006341290000;MIRR380460858A853;Mitas;460/85  R38  (18.4  R38)  AC 85  [149 A8/146 B]  TL;460;85;38;A8;149 A8/146 B;8;5271.43;3017.42;8059971040265;;;;2026;0;139.500;0;;0;0;0;0;
4006341800000;MIRR380480808HCM0;Mitas;480/80  R38  HCM IND  [166 A8/161 D]  TL  steel belted;480;80;38;A8;166 A8/161 D;4;7580.41;4252.22;8059971067941;;;;2025;0;130.000;0;;0;0;0;0;
4006340800000;MIRR380520708A7T0;Mitas;520/70  R38  AC 70 T  [150 A8/150 B]  TL;520;70;38;A8;150 A8/150 B;1;6552.42;3752.42;8059971035698;;;;2026;0;144.700;0;;0;0;0;0;
4006341230000;MIRR38052070DHC70;Mitas;520/70  R38  HC70  [150 D/153 A8]  TL;520;70;38;D;150 D/153 A8;2;7207.78;4134.62;8059971035391;;;;2026;0;152.400;0;;0;0;0;0;
4006341140000;MIRR38054065DA6M0;Mitas;540/65  R38  AC 65  [147 D/150 A8]  TL;540;65;38;D;147 D/150 A8;3;6174.48;3523.1;8059971040241;;;;2026;0;132.600;0;;0;0;0;0;
4006341820000;MIRR380540808HCM0;Mitas;540/80  R38  HCM IND  [172 A8/167 D]  TL  steel belted;540;80;38;A8;172 A8/167 D;2;9415.89;5281.22;8059971041422;;;;2024;0;140.000;0;;0;0;0;0;
4006341460000;MIRR38058070DHC70;Mitas;580/70  R38  HC70  [155 D/158 A8]  TL;580;70;38;D;155 D/158 A8;2;8817.62;4969.1;8059971062090;;;;2025;0;196.600;0;;0;0;0;0;
4006341150000;MIRR38060065DA6M0;Mitas;600/65  R38  AC 65  [153 D/156 A8]  TL;600;65;38;D;153 D/156 A8;12;6960.36;4007.73;8059971062663;;;;2026;0;169.000;0;;0;0;0;0;
4006341520000;MIRR38065065DSFT0;Mitas;650/65  R38  SFT  [157 D/160 A8]  TL  steel belted;650;65;38;D;157 D/160 A8;1;10660.3;5977.02;8059971040586;;;;2024;0;200.000;0;;0;0;0;0;
5011514960000;MIRR420300958A9M0;Mitas;300/95  R42  (12.4  R42)  AC 90  [147 A8/144 B]  TL;300;95;42;A8;147 A8/144 B;2;3951.34;2351.84;8059971055641;;;;2026;0;74.900;0;;0;0;0;0;
4006340560000;MIRR42065065DA6M0;Mitas;650/65  R42  AC 65  [165 D/168 A8]  TL;650;65;42;D;165 D/168 A8;1;10404.72;5863.5;8059971056914;;;;2026;0;226.600;0;;0;0;0;0;
4006341900000;MIRR480340908A8M0;Mitas;340/90  R48  (340/85  R48) (13.6  R48)  AC 85  [154 A8/154 B]  TL;340;90;48;A8;154 A8/154 B;2;4810.45;2831.22;8059971063196;;;;2026;0;108.000;0;;0;0;0;0;
4006340360000;MIRR500380908A8M1;Mitas;380/90  R50  (14.9  R50)  AC 85  [160 A8/160 B]  TL;380;90;50;A8;160 A8/160 B;100;6625.92;3773.98;8059971035339;;;;2026;0;142.400;0;;0;0;0;0;
110650;MNCR16025510KXZL0;Michelin;255/100  R16  XZL  [126] K  TL  M+S;255;100;16;K;126;22;4746;2890.02;3528701106502;;;;2026;0;39.300;0;;0;0;0;0;
691745;MNCR17523575JXM31;Michelin;235/75  R17.5  X MULTI T2  [143/141] J  TL  M+S;235;75;17.5;J;143/141;9;2414;1351.42;3528706917455;C;C;68dB;2024;0;33.500;0;A;1;0;1154088;0;
187913;MNCR22529560KXL30;Michelin;295/60  R22.5  X LINE ENERGY D3  [150/147] K  TL  M+S  3PMSF;295;60;22.5;K;150/147;2;4306;2928.17;3528701879130;A;C;73dB;2025;0;48.400;0;A;1;0;2038497;0;
183666;MNCR22529560LXMD0;Michelin;295/60  R22.5  X MULTI D  [150/147] L  TL  M+S  3PMSF;295;60;22.5;L;150/147;1;4526;2449.02;3528701836669;D;C;74dB;2024;0;50.200;0;B;1;0;409163;0;
777127;MNCR22531560LXLD0;Michelin;315/60  R22.5  X LINE ENERGY D  [152/148] L  TL  M+S  3PMSF;315;60;22.5;L;152/148;1;4802;2341.22;3528707771278;B;C;72dB;2024;0;57.000;0;A;1;0;412085;0;
716751;MNCR22531560LXMD0;Michelin;315/60  R22.5  X MULTI D  [152/148] L  TL  M+S  3PMSF;315;60;22.5;L;152/148;1;4475;2615.62;3528707167514;D;C;74dB;2024;0;57.000;0;B;1;0;411800;0;
195307;MNCR22531560LXMZ0;Michelin;315/60  R22.5  X MULTI Z  [154/148] L  TL  M+S  3PMSF;315;60;22.5;L;154/148;7;4777;2498.02;3528701953076;C;B;72dB;2025;0;55.000;0;A;1;0;409228;0;
684989;MNCR22531560LZ3E0;Michelin;315/60  R22.5  X LINE ENERGY Z3  [154/148] L  TL  M+S  3PMSF;315;60;22.5;L;154/148;1;4611;2576.42;3528706849893;A;C;70dB;2024;0;53.000;0;A;1;0;2027727;0;
292036;MNCR22531570LXE20;Michelin;315/70  R22.5  X MULTI ENERGY D2  [156/150] L  TL  M+S  3PMSF;315;70;22.5;L;156/150;5;4523;2478.42;3528702920367;B;C;75dB;2024;0;60.400;0;B;1;0;1898753;0;
495444;MNCR22531570LXL20;Michelin;315/70  R22.5  X LINE ENERGY D2  [154/150] L  TL  M+S  3PMSF;315;70;22.5;L;154/150;3;4660;2533.3;3528704954445;A;B;70dB;2024;0;59.100;0;A;1;0;410703;0;
553939;MNCR22531570LXL21;Michelin;315/70  R22.5  X LINE ENERGY Z2  [156/150] L  TL  M+S  3PMSF;315;70;22.5;L;156/150;3;4660;2517.62;3528705539399;A;B;72dB;2024;0;57.000;0;A;1;0;410998;0;
889899;MNCR22531570LXMD0;Michelin;315/70  R22.5  X MULTI D  [154/150] L  TL  M+S  3PMSF;315;70;22.5;L;154/150;4;4179;2648.67;3528708898998;D;C;75dB;2026;0;59.100;0;B;1;0;412639;0;
974239;MNCR22531580LXD41;Michelin;315/80  R22.5  X MULTI D  [156/150] L  TL  M+S  3PMSF;315;80;22.5;L;156/150;4;4358;2311.82;3528709742399;D;B;75dB;2024;0;64.900;0;B;1;0;413053;0;
465757;MNCR22531580LXLZ0;Michelin;315/80  R22.5  X LINE ENERGY Z  [156/150] L TL;315;80;22.5;L;156/150;36;4526;2096.22;3528704657575;B;B;69dB;2024;0;64.900;0;A;1;0;410553;0;
988229;MNCR22538555KXM31;Michelin;385/55  R22.5  X MULTI T2  [160] K  TL  M+S  3PMSF;385;55;22.5;K;160;3;4226;2478.42;3528709882293;B;B;70dB;2024;0;63.700;0;A;1;0;413127;0;
162527;MNCR22538565JTE31;Michelin;385/65  R22.5  XTE 3  [160] J  TL  M+S;385;65;22.5;J;160;3;3990;2057.02;3528701625270;C;B;71dB;2025;0;71.500;0;B;1;0;409066;0;
130553;MNCR22538565KXLF0;Michelin;385/65  R22.5  X LINE ENERGY F ANTISPLASH  [160] K  TL;385;65;22.5;K;160;1;4563;2601.9;3528701305530;B;B;69dB;2025;0;71.500;0;A;1;0;408907;0;
812967;MNCR22538565KXLT1;Michelin;385/65  R22.5  X LINE ENERGY T  [160] K  TL  M+S  3PMSF;385;65;22.5;K;160;4;3977;2272.62;3528708129672;A;C;71dB;2024;0;69.200;0;A;1;0;1892188;0;
112513;MNCR22538565KXMT1;Michelin;385/65  R22.5  X MULTI T  [160] K  TL  M+S;385;65;22.5;K;160;10;4066;2125.62;3528701125138;B;B;69dB;2025;0;73.700;0;A;1;0;408786;0;
412086;MNCR22538565KXMZ0;Michelin;385/65  R22.5  X MULTI Z  [160] K  TL  M+S  3PMSF;385;65;22.5;K;160;1;4802;2586.22;3528704120864;B;B;71dB;2024,2025;0;72.000;0;A;1;0;410285;0;
050267;MNPD240400808PWC0;Michelin;400/80 - 24  (15.5/80 - 24)  POWER CL  20PR  [162 A8]  TL;400;80;24;A8;162 A8;2;5737;2909.62;3528700502671;;;;2025;0;82.700;0;;0;0;0;0;
165629;MNPD240440808PRM0;Michelin;440/80 - 24  (16.9 - 24)  POWER CL  [168 A8]  TL;440;80;24;A8;168 A8;4;6783;3595.62;3528701656298;;;;2025;0;102.400;0;;0;0;0;0;
244268;MNPR240460708XMC0;Michelin;460/70  R24  (17.5L  R24)  XMCL  [159 A8/159 B]  TL;460;70;24;A8;159 A8/159 B;2;6373;3174.22;3528702442685;;;;2026;0;91.300;0;;0;0;0;0;
NEX029;NEDC2008250V30210;Nexen;DÊTKA 8.25 - 20  V3.02.10  NEXEN;8.25;;20;A3;;19;92.82;51.45;;;;;;0;2.290;0;;0;0;0;0;
NEX029;NEDC2008250V30210;Nexen;DÊTKA 8.25 - 20  V3.02.10  NEXEN;8.25;;20;A3;;1;92.82;51.45;;;;;;0;2.290;0;;0;0;0;0;
NEX029;NEDC2008250V30210;Nexen;DÊTKA 8.25 - 20  V3.02.10  NEXEN;8.25;;20;A3;;3;92.82;51.45;;;;;;0;2.290;0;;0;0;0;0;
NEX029;NEDC2008250V30210;Nexen;DÊTKA 8.25 - 20  V3.02.10  NEXEN;8.25;;20;A3;;0;92.82;51.45;;;;;;0;2.290;0;;0;0;0;0;
NEX029;NEDC2008250V30210;Nexen;DÊTKA 8.25 - 20  V3.02.10  NEXEN;8.25;;20;A3;;9;92.82;51.45;;;;;;0;2.290;0;;0;0;0;0;
NEX029;NEDC2008250V30210;Nexen;DÊTKA 8.25 - 20  V3.02.10  NEXEN;8.25;;20;A3;;32;92.82;51.45;;;;;;0;2.290;0;;0;0;0;0;
NEX001;NEDP080350400TR13;Nexen;DÊTKA 3.50/4.00 - 8  TR-13  NEXEN;;40;8;0;;68;20.16;10.68;;;;;;0;0.310;0;;0;0;0;0;
NEX001;NEDP080350400TR13;Nexen;DÊTKA 3.50/4.00 - 8  TR-13  NEXEN;;40;8;0;;32;20.16;10.68;;;;;;0;0.310;0;;0;0;0;0;
NEX001;NEDP080350400TR13;Nexen;DÊTKA 3.50/4.00 - 8  TR-13  NEXEN;;40;8;0;;60;20.16;10.68;;;;;;0;0.310;0;;0;0;0;0;
NEX001;NEDP080350400TR13;Nexen;DÊTKA 3.50/4.00 - 8  TR-13  NEXEN;;40;8;0;;100;20.16;10.68;;;;;;0;0.310;0;;0;0;0;0;
NEX001;NEDP080350400TR13;Nexen;DÊTKA 3.50/4.00 - 8  TR-13  NEXEN;;40;8;0;;36;20.16;10.68;;;;;;0;0.310;0;;0;0;0;0;
NEX001;NEDP080350400TR13;Nexen;DÊTKA 3.50/4.00 - 8  TR-13  NEXEN;;40;8;0;;32;20.16;10.68;;;;;;0;0.310;0;;0;0;0;0;
NEX001;NEDP080350400TR13;Nexen;DÊTKA 3.50/4.00 - 8  TR-13  NEXEN;;40;8;0;;37;20.16;10.68;;;;;;0;0.310;0;;0;0;0;0;
NEX001;NEDP080350400TR13;Nexen;DÊTKA 3.50/4.00 - 8  TR-13  NEXEN;;40;8;0;;8;20.16;10.68;;;;;;0;0.310;0;;0;0;0;0;
NEX001;NEDP080350400TR13;Nexen;DÊTKA 3.50/4.00 - 8  TR-13  NEXEN;;40;8;0;;11;20.16;10.68;;;;;;0;0.310;0;;0;0;0;0;
NEX001;NEDP080350400TR13;Nexen;DÊTKA 3.50/4.00 - 8  TR-13  NEXEN;;40;8;0;;29;20.16;10.68;;;;;;0;0.310;0;;0;0;0;0;
NEX001;NEDP080350400TR13;Nexen;DÊTKA 3.50/4.00 - 8  TR-13  NEXEN;;40;8;0;;60;20.16;10.68;;;;;;0;0.310;0;;0;0;0;0;
NEX001;NEDP080350400TR13;Nexen;DÊTKA 3.50/4.00 - 8  TR-13  NEXEN;;40;8;0;;100;20.16;10.68;;;;;;0;0.310;0;;0;0;0;0;
NEX001;NEDP080350400TR13;Nexen;DÊTKA 3.50/4.00 - 8  TR-13  NEXEN;;40;8;0;;38;20.16;10.68;;;;;;0;0.310;0;;0;0;0;0;
NEX001;NEDP080350400TR13;Nexen;DÊTKA 3.50/4.00 - 8  TR-13  NEXEN;;40;8;0;;100;20.16;10.68;;;;;;0;0.310;0;;0;0;0;0;
NEX001;NEDP080350400TR13;Nexen;DÊTKA 3.50/4.00 - 8  TR-13  NEXEN;;40;8;0;;20;20.16;10.68;;;;;;0;0.310;0;;0;0;0;0;
NEX001;NEDP080350400TR13;Nexen;DÊTKA 3.50/4.00 - 8  TR-13  NEXEN;;40;8;0;;13;20.16;10.68;;;;;;0;0.310;0;;0;0;0;0;
NEX017;NEDP09060000V6021;Nexen;DÊTKA 6.00 - 9  V6.02.1  NEXEN;600;82;9;V;;12;33.32;17.15;;;;;;0;0.490;0;;0;0;0;0;
NEX017;NEDP09060000V6021;Nexen;DÊTKA 6.00 - 9  V6.02.1  NEXEN;600;82;9;V;;21;33.32;17.15;;;;;;0;0.490;0;;0;0;0;0;
NEX017;NEDP09060000V6021;Nexen;DÊTKA 6.00 - 9  V6.02.1  NEXEN;600;82;9;V;;24;33.32;17.15;;;;;;0;0.490;0;;0;0;0;0;
NEX017;NEDP09060000V6021;Nexen;DÊTKA 6.00 - 9  V6.02.1  NEXEN;600;82;9;V;;16;33.32;17.15;;;;;;0;0.490;0;;0;0;0;0;
NEX017;NEDP09060000V6021;Nexen;DÊTKA 6.00 - 9  V6.02.1  NEXEN;600;82;9;V;;9;33.32;17.15;;;;;;0;0.490;0;;0;0;0;0;
NEX017;NEDP09060000V6021;Nexen;DÊTKA 6.00 - 9  V6.02.1  NEXEN;600;82;9;V;;3;33.32;17.15;;;;;;0;0.490;0;;0;0;0;0;
NEX017;NEDP09060000V6021;Nexen;DÊTKA 6.00 - 9  V6.02.1  NEXEN;600;82;9;V;;61;33.32;17.15;;;;;;0;0.490;0;;0;0;0;0;
NEX017;NEDP09060000V6021;Nexen;DÊTKA 6.00 - 9  V6.02.1  NEXEN;600;82;9;V;;1;33.32;17.15;;;;;;0;0.490;0;;0;0;0;0;
NEX017;NEDP09060000V6021;Nexen;DÊTKA 6.00 - 9  V6.02.1  NEXEN;600;82;9;V;;20;33.32;17.15;;;;;;0;0.490;0;;0;0;0;0;
NEX017;NEDP09060000V6021;Nexen;DÊTKA 6.00 - 9  V6.02.1  NEXEN;600;82;9;V;;100;33.32;17.15;;;;;;0;0.490;0;;0;0;0;0;
NEX017;NEDP09060000V6021;Nexen;DÊTKA 6.00 - 9  V6.02.1  NEXEN;600;82;9;V;;1;33.32;17.15;;;;;;0;0.490;0;;0;0;0;0;
NEX002;NEDP100400000TR87;Nexen;DÊTKA 4.00 - 10  TR-87  NEXEN;400;82;10;0;;17;23.1;11.47;;;;;;0;0.310;0;;0;0;0;0;
NEX002;NEDP100400000TR87;Nexen;DÊTKA 4.00 - 10  TR-87  NEXEN;400;82;10;0;;0;23.1;11.47;;;;;;0;0.310;0;;0;0;0;0;
NEX002;NEDP100400000TR87;Nexen;DÊTKA 4.00 - 10  TR-87  NEXEN;400;82;10;0;;14;23.1;11.47;;;;;;0;0.310;0;;0;0;0;0;
NEX002;NEDP100400000TR87;Nexen;DÊTKA 4.00 - 10  TR-87  NEXEN;400;82;10;0;;0;23.1;11.47;;;;;;0;0.310;0;;0;0;0;0;
NEX002;NEDP100400000TR87;Nexen;DÊTKA 4.00 - 10  TR-87  NEXEN;400;82;10;0;;20;23.1;11.47;;;;;;0;0.310;0;;0;0;0;0;
NEX002;NEDP100400000TR87;Nexen;DÊTKA 4.00 - 10  TR-87  NEXEN;400;82;10;0;;3;23.1;11.47;;;;;;0;0.310;0;;0;0;0;0;
NEX015;NEDP100400440TR13;Nexen;DÊTKA 4.00/4.40 - 10  TR-13  NEXEN;400;;10;0;;6;22.12;11.07;;;;;;0;0.440;0;;0;0;0;0;
NEX015;NEDP100400440TR13;Nexen;DÊTKA 4.00/4.40 - 10  TR-13  NEXEN;400;;10;0;;2;22.12;11.07;;;;;;0;0.440;0;;0;0;0;0;
NEX015;NEDP100400440TR13;Nexen;DÊTKA 4.00/4.40 - 10  TR-13  NEXEN;400;;10;0;;17;22.12;11.07;;;;;;0;0.440;0;;0;0;0;0;
NEX015;NEDP100400440TR13;Nexen;DÊTKA 4.00/4.40 - 10  TR-13  NEXEN;400;;10;0;;4;22.12;11.07;;;;;;0;0.440;0;;0;0;0;0;
NEX015;NEDP100400440TR13;Nexen;DÊTKA 4.00/4.40 - 10  TR-13  NEXEN;400;;10;0;;18;22.12;11.07;;;;;;0;0.440;0;;0;0;0;0;
NEX015;NEDP100400440TR13;Nexen;DÊTKA 4.00/4.40 - 10  TR-13  NEXEN;400;;10;0;;22;22.12;11.07;;;;;;0;0.440;0;;0;0;0;0;
NEX015;NEDP100400440TR13;Nexen;DÊTKA 4.00/4.40 - 10  TR-13  NEXEN;400;;10;0;;20;22.12;11.07;;;;;;0;0.440;0;;0;0;0;0;
NEX015;NEDP100400440TR13;Nexen;DÊTKA 4.00/4.40 - 10  TR-13  NEXEN;400;;10;0;;12;22.12;11.07;;;;;;0;0.440;0;;0;0;0;0;
NEX015;NEDP100400440TR13;Nexen;DÊTKA 4.00/4.40 - 10  TR-13  NEXEN;400;;10;0;;79;22.12;11.07;;;;;;0;0.440;0;;0;0;0;0;
NEX016;NEDP10065000V6021;Nexen;DÊTKA 6.50 - 10  V6.02.1  NEXEN;650;82;10;V;;86;38.22;19.6;;;;;;0;0.750;0;;0;0;0;0;
NEX016;NEDP10065000V6021;Nexen;DÊTKA 6.50 - 10  V6.02.1  NEXEN;650;82;10;V;;12;38.22;19.6;;;;;;0;0.750;0;;0;0;0;0;
NEX016;NEDP10065000V6021;Nexen;DÊTKA 6.50 - 10  V6.02.1  NEXEN;650;82;10;V;;0;38.22;19.6;;;;;;0;0.750;0;;0;0;0;0;
NEX016;NEDP10065000V6021;Nexen;DÊTKA 6.50 - 10  V6.02.1  NEXEN;650;82;10;V;;7;38.22;19.6;;;;;;0;0.750;0;;0;0;0;0;
NEX016;NEDP10065000V6021;Nexen;DÊTKA 6.50 - 10  V6.02.1  NEXEN;650;82;10;V;;2;38.22;19.6;;;;;;0;0.750;0;;0;0;0;0;
NEX016;NEDP10065000V6021;Nexen;DÊTKA 6.50 - 10  V6.02.1  NEXEN;650;82;10;V;;7;38.22;19.6;;;;;;0;0.750;0;;0;0;0;0;
NEX016;NEDP10065000V6021;Nexen;DÊTKA 6.50 - 10  V6.02.1  NEXEN;650;82;10;V;;8;38.22;19.6;;;;;;0;0.750;0;;0;0;0;0;
NEX016;NEDP10065000V6021;Nexen;DÊTKA 6.50 - 10  V6.02.1  NEXEN;650;82;10;V;;1;38.22;19.6;;;;;;0;0.750;0;;0;0;0;0;
NEX016;NEDP10065000V6021;Nexen;DÊTKA 6.50 - 10  V6.02.1  NEXEN;650;82;10;V;;2;38.22;19.6;;;;;;0;0.750;0;;0;0;0;0;
NEX016;NEDP10065000V6021;Nexen;DÊTKA 6.50 - 10  V6.02.1  NEXEN;650;82;10;V;;49;38.22;19.6;;;;;;0;0.750;0;;0;0;0;0;
NEX016;NEDP10065000V6021;Nexen;DÊTKA 6.50 - 10  V6.02.1  NEXEN;650;82;10;V;;5;38.22;19.6;;;;;;0;0.750;0;;0;0;0;0;
NEX018;NEDP1207000V30218;Nexen;DÊTKA 7.00 - 12  V3.02.18  NEXEN;700;;12;A3;;13;50.26;25.97;;;;;;0;0.960;0;;0;0;0;0;
NEX018;NEDP1207000V30218;Nexen;DÊTKA 7.00 - 12  V3.02.18  NEXEN;700;;12;A3;;12;50.26;25.97;;;;;;0;0.960;0;;0;0;0;0;
NEX018;NEDP1207000V30218;Nexen;DÊTKA 7.00 - 12  V3.02.18  NEXEN;700;;12;A3;;0;50.26;25.97;;;;;;0;0.960;0;;0;0;0;0;
NEX018;NEDP1207000V30218;Nexen;DÊTKA 7.00 - 12  V3.02.18  NEXEN;700;;12;A3;;15;50.26;25.97;;;;;;0;0.960;0;;0;0;0;0;
NEX018;NEDP1207000V30218;Nexen;DÊTKA 7.00 - 12  V3.02.18  NEXEN;700;;12;A3;;3;50.26;25.97;;;;;;0;0.960;0;;0;0;0;0;
NEX018;NEDP1207000V30218;Nexen;DÊTKA 7.00 - 12  V3.02.18  NEXEN;700;;12;A3;;6;50.26;25.97;;;;;;0;0.960;0;;0;0;0;0;
NEX018;NEDP1207000V30218;Nexen;DÊTKA 7.00 - 12  V3.02.18  NEXEN;700;;12;A3;;100;50.26;25.97;;;;;;0;0.960;0;;0;0;0;0;
NEX018;NEDP1207000V30218;Nexen;DÊTKA 7.00 - 12  V3.02.18  NEXEN;700;;12;A3;;62;50.26;25.97;;;;;;0;0.960;0;;0;0;0;0;
NEX018;NEDP1207000V30218;Nexen;DÊTKA 7.00 - 12  V3.02.18  NEXEN;700;;12;A3;;1;50.26;25.97;;;;;;0;0.960;0;;0;0;0;0;
NEX021;NEDP180125800TR15;Nexen;DÊTKA 12.5/80 - 18  TR-15  NEXEN;125;80;18;0;;100;95.2;50.96;;;;;;0;2.380;0;;0;0;0;0;
NEX021;NEDP180125800TR15;Nexen;DÊTKA 12.5/80 - 18  TR-15  NEXEN;125;80;18;0;;20;95.2;50.96;;;;;;0;2.380;0;;0;0;0;0;
NEX021;NEDP180125800TR15;Nexen;DÊTKA 12.5/80 - 18  TR-15  NEXEN;125;80;18;0;;37;95.2;50.96;;;;;;0;2.380;0;;0;0;0;0;
NEX021;NEDP180125800TR15;Nexen;DÊTKA 12.5/80 - 18  TR-15  NEXEN;125;80;18;0;;3;95.2;50.96;;;;;;0;2.380;0;;0;0;0;0;
NEX021;NEDP180125800TR15;Nexen;DÊTKA 12.5/80 - 18  TR-15  NEXEN;125;80;18;0;;7;95.2;50.96;;;;;;0;2.380;0;;0;0;0;0;
NEX021;NEDP180125800TR15;Nexen;DÊTKA 12.5/80 - 18  TR-15  NEXEN;125;80;18;0;;100;95.2;50.96;;;;;;0;2.380;0;;0;0;0;0;
NEX021;NEDP180125800TR15;Nexen;DÊTKA 12.5/80 - 18  TR-15  NEXEN;125;80;18;0;;100;95.2;50.96;;;;;;0;2.380;0;;0;0;0;0;
NEX021;NEDP180125800TR15;Nexen;DÊTKA 12.5/80 - 18  TR-15  NEXEN;125;80;18;0;;7;95.2;50.96;;;;;;0;2.380;0;;0;0;0;0;
NEX021;NEDP180125800TR15;Nexen;DÊTKA 12.5/80 - 18  TR-15  NEXEN;125;80;18;0;;6;95.2;50.96;;;;;;0;2.380;0;;0;0;0;0;
NEX021;NEDP180125800TR15;Nexen;DÊTKA 12.5/80 - 18  TR-15  NEXEN;125;80;18;0;;24;95.2;50.96;;;;;;0;2.380;0;;0;0;0;0;
NEX021;NEDP180125800TR15;Nexen;DÊTKA 12.5/80 - 18  TR-15  NEXEN;125;80;18;0;;0;95.2;50.96;;;;;;0;2.380;0;;0;0;0;0;
NEX021;NEDP180125800TR15;Nexen;DÊTKA 12.5/80 - 18  TR-15  NEXEN;125;80;18;0;;16;95.2;50.96;;;;;;0;2.380;0;;0;0;0;0;
NEX021;NEDP180125800TR15;Nexen;DÊTKA 12.5/80 - 18  TR-15  NEXEN;125;80;18;0;;8;95.2;50.96;;;;;;0;2.380;0;;0;0;0;0;
NEX021;NEDP180125800TR15;Nexen;DÊTKA 12.5/80 - 18  TR-15  NEXEN;125;80;18;0;;4;95.2;50.96;;;;;;0;2.380;0;;0;0;0;0;
NEX008;NEDP2001000V30214;Nexen;DÊTKA 10.00 - 20  V3.02.14  NEXEN;100;;20;A3;;6;102.34;57.33;;;;;;0;2.470;0;;0;0;0;0;
NEX008;NEDP2001000V30214;Nexen;DÊTKA 10.00 - 20  V3.02.14  NEXEN;100;;20;A3;;0;102.34;57.33;;;;;;0;2.470;0;;0;0;0;0;
NEX008;NEDP2001000V30214;Nexen;DÊTKA 10.00 - 20  V3.02.14  NEXEN;100;;20;A3;;23;102.34;57.33;;;;;;0;2.470;0;;0;0;0;0;
NEX008;NEDP2001000V30214;Nexen;DÊTKA 10.00 - 20  V3.02.14  NEXEN;100;;20;A3;;10;102.34;57.33;;;;;;0;2.470;0;;0;0;0;0;
NEX008;NEDP2001000V30214;Nexen;DÊTKA 10.00 - 20  V3.02.14  NEXEN;100;;20;A3;;2;102.34;57.33;;;;;;0;2.470;0;;0;0;0;0;
NEX008;NEDP2001000V30214;Nexen;DÊTKA 10.00 - 20  V3.02.14  NEXEN;100;;20;A3;;0;102.34;57.33;;;;;;0;2.470;0;;0;0;0;0;
NEX008;NEDP2001000V30214;Nexen;DÊTKA 10.00 - 20  V3.02.14  NEXEN;100;;20;A3;;5;102.34;57.33;;;;;;0;2.470;0;;0;0;0;0;
NEX008;NEDP2001000V30214;Nexen;DÊTKA 10.00 - 20  V3.02.14  NEXEN;100;;20;A3;;0;102.34;57.33;;;;;;0;2.470;0;;0;0;0;0;
NEX008;NEDP2001000V30214;Nexen;DÊTKA 10.00 - 20  V3.02.14  NEXEN;100;;20;A3;;10;102.34;57.33;;;;;;0;2.470;0;;0;0;0;0;
NEX014;NEDP2009000V30211;Nexen;DÊTKA 9.00 - 20  V3.02.11  NEXEN;900;;20;A3;;8;98.14;51.94;;;;;;0;2.290;0;;0;0;0;0;
NEX014;NEDP2009000V30211;Nexen;DÊTKA 9.00 - 20  V3.02.11  NEXEN;900;;20;A3;;8;98.14;51.94;;;;;;0;2.290;0;;0;0;0;0;
NEX014;NEDP2009000V30211;Nexen;DÊTKA 9.00 - 20  V3.02.11  NEXEN;900;;20;A3;;0;98.14;51.94;;;;;;0;2.290;0;;0;0;0;0;
NEX022;NEDP250235TRJ1175;Nexen;DÊTKA 23.5 - 25  TRJ-1175C  NEXEN;235;;25;J;;12;430.22;231.18;;;;;;0;11.770;0;;0;0;0;0;
NEX022;NEDP250235TRJ1175;Nexen;DÊTKA 23.5 - 25  TRJ-1175C  NEXEN;235;;25;J;;18;430.22;231.18;;;;;;0;11.770;0;;0;0;0;0;
NEX022;NEDP250235TRJ1175;Nexen;DÊTKA 23.5 - 25  TRJ-1175C  NEXEN;235;;25;J;;2;430.22;231.18;;;;;;0;11.770;0;;0;0;0;0;
NEX022;NEDP250235TRJ1175;Nexen;DÊTKA 23.5 - 25  TRJ-1175C  NEXEN;235;;25;J;;2;430.22;231.18;;;;;;0;11.770;0;;0;0;0;0;
NEX022;NEDP250235TRJ1175;Nexen;DÊTKA 23.5 - 25  TRJ-1175C  NEXEN;235;;25;J;;12;430.22;231.18;;;;;;0;11.770;0;;0;0;0;0;
NEX022;NEDP250235TRJ1175;Nexen;DÊTKA 23.5 - 25  TRJ-1175C  NEXEN;235;;25;J;;2;430.22;231.18;;;;;;0;11.770;0;;0;0;0;0;
NEX022;NEDP250235TRJ1175;Nexen;DÊTKA 23.5 - 25  TRJ-1175C  NEXEN;235;;25;J;;0;430.22;231.18;;;;;;0;11.770;0;;0;0;0;0;
NEX028;NEDP50023000TR870;Nexen;DÊTKA 23 - 5  TR-87  NEXEN;230;82;50;T;;9;35.84;18.13;;;;;;0;0.920;0;;0;0;0;0;
NEX028;NEDP50023000TR870;Nexen;DÊTKA 23 - 5  TR-87  NEXEN;230;82;50;T;;38;35.84;18.13;;;;;;0;0.920;0;;0;0;0;0;
NEX028;NEDP50023000TR870;Nexen;DÊTKA 23 - 5  TR-87  NEXEN;230;82;50;T;;3;35.84;18.13;;;;;;0;0.920;0;;0;0;0;0;
NEX028;NEDP50023000TR870;Nexen;DÊTKA 23 - 5  TR-87  NEXEN;230;82;50;T;;12;35.84;18.13;;;;;;0;0.920;0;;0;0;0;0;
NEX028;NEDP50023000TR870;Nexen;DÊTKA 23 - 5  TR-87  NEXEN;230;82;50;T;;0;35.84;18.13;;;;;;0;0.920;0;;0;0;0;0;
NEX028;NEDP50023000TR870;Nexen;DÊTKA 23 - 5  TR-87  NEXEN;230;82;50;T;;15;35.84;18.13;;;;;;0;0.920;0;;0;0;0;0;
NEX028;NEDP50023000TR870;Nexen;DÊTKA 23 - 5  TR-87  NEXEN;230;82;50;T;;4;35.84;18.13;;;;;;0;0.920;0;;0;0;0;0;
NEX028;NEDP50023000TR870;Nexen;DÊTKA 23 - 5  TR-87  NEXEN;230;82;50;T;;10;35.84;18.13;;;;;;0;0.920;0;;0;0;0;0;
NEX023;NEDP60015600TR130;Nexen;DÊTKA 15 x 6.00 - 6  TR-13  NEXEN;15 x 6.00;82;60;T;;6;21.84;11.07;;;;;;0;0.510;0;;0;0;0;0;
NEX023;NEDP60015600TR130;Nexen;DÊTKA 15 x 6.00 - 6  TR-13  NEXEN;15 x 6.00;82;60;T;;0;21.84;11.07;;;;;;0;0.510;0;;0;0;0;0;
NEX023;NEDP60015600TR130;Nexen;DÊTKA 15 x 6.00 - 6  TR-13  NEXEN;15 x 6.00;82;60;T;;0;21.84;11.07;;;;;;0;0.510;0;;0;0;0;0;
NEX023;NEDP60015600TR130;Nexen;DÊTKA 15 x 6.00 - 6  TR-13  NEXEN;15 x 6.00;82;60;T;;13;21.84;11.07;;;;;;0;0.510;0;;0;0;0;0;
NEX023;NEDP60015600TR130;Nexen;DÊTKA 15 x 6.00 - 6  TR-13  NEXEN;15 x 6.00;82;60;T;;1;21.84;11.07;;;;;;0;0.510;0;;0;0;0;0;
NEX023;NEDP60015600TR130;Nexen;DÊTKA 15 x 6.00 - 6  TR-13  NEXEN;15 x 6.00;82;60;T;;5;21.84;11.07;;;;;;0;0.510;0;;0;0;0;0;
NEX023;NEDP60015600TR130;Nexen;DÊTKA 15 x 6.00 - 6  TR-13  NEXEN;15 x 6.00;82;60;T;;1;21.84;11.07;;;;;;0;0.510;0;;0;0;0;0;
NEX004;NEDR153100750TR15;Nexen;DÊTKA 10.0/75 - 15.3  TR-15  NEXEN;100;75;15.3;0;;7;65.24;29.69;;;;;;0;1.650;0;;0;0;0;0;
NEX004;NEDR153100750TR15;Nexen;DÊTKA 10.0/75 - 15.3  TR-15  NEXEN;100;75;15.3;0;;0;65.24;29.69;;;;;;0;1.650;0;;0;0;0;0;
NEX004;NEDR153100750TR15;Nexen;DÊTKA 10.0/75 - 15.3  TR-15  NEXEN;100;75;15.3;0;;100;65.24;29.69;;;;;;0;1.650;0;;0;0;0;0;
NEX004;NEDR153100750TR15;Nexen;DÊTKA 10.0/75 - 15.3  TR-15  NEXEN;100;75;15.3;0;;9;65.24;29.69;;;;;;0;1.650;0;;0;0;0;0;
NEX004;NEDR153100750TR15;Nexen;DÊTKA 10.0/75 - 15.3  TR-15  NEXEN;100;75;15.3;0;;8;65.24;29.69;;;;;;0;1.650;0;;0;0;0;0;
NEX004;NEDR153100750TR15;Nexen;DÊTKA 10.0/75 - 15.3  TR-15  NEXEN;100;75;15.3;0;;100;65.24;29.69;;;;;;0;1.650;0;;0;0;0;0;
NEX004;NEDR153100750TR15;Nexen;DÊTKA 10.0/75 - 15.3  TR-15  NEXEN;100;75;15.3;0;;17;65.24;29.69;;;;;;0;1.650;0;;0;0;0;0;
NEX004;NEDR153100750TR15;Nexen;DÊTKA 10.0/75 - 15.3  TR-15  NEXEN;100;75;15.3;0;;13;65.24;29.69;;;;;;0;1.650;0;;0;0;0;0;
NEX004;NEDR153100750TR15;Nexen;DÊTKA 10.0/75 - 15.3  TR-15  NEXEN;100;75;15.3;0;;100;65.24;29.69;;;;;;0;1.650;0;;0;0;0;0;
NEX004;NEDR153100750TR15;Nexen;DÊTKA 10.0/75 - 15.3  TR-15  NEXEN;100;75;15.3;0;;69;65.24;29.69;;;;;;0;1.650;0;;0;0;0;0;
NEX004;NEDR153100750TR15;Nexen;DÊTKA 10.0/75 - 15.3  TR-15  NEXEN;100;75;15.3;0;;3;65.24;29.69;;;;;;0;1.650;0;;0;0;0;0;
NEX004;NEDR153100750TR15;Nexen;DÊTKA 10.0/75 - 15.3  TR-15  NEXEN;100;75;15.3;0;;4;65.24;29.69;;;;;;0;1.650;0;;0;0;0;0;
NEX004;NEDR153100750TR15;Nexen;DÊTKA 10.0/75 - 15.3  TR-15  NEXEN;100;75;15.3;0;;1;65.24;29.69;;;;;;0;1.650;0;;0;0;0;0;
NEX004;NEDR153100750TR15;Nexen;DÊTKA 10.0/75 - 15.3  TR-15  NEXEN;100;75;15.3;0;;17;65.24;29.69;;;;;;0;1.650;0;;0;0;0;0;
NEX004;NEDR153100750TR15;Nexen;DÊTKA 10.0/75 - 15.3  TR-15  NEXEN;100;75;15.3;0;;42;65.24;29.69;;;;;;0;1.650;0;;0;0;0;0;
NEX004;NEDR153100750TR15;Nexen;DÊTKA 10.0/75 - 15.3  TR-15  NEXEN;100;75;15.3;0;;13;65.24;29.69;;;;;;0;1.650;0;;0;0;0;0;
NEX005;NEDR153115800TR15;Nexen;DÊTKA 11.5/80 - 15.3  TR-15  NEXEN;115;80;15.3;0;;34;72.38;32.63;;;;;;0;1.780;0;;0;0;0;0;
NEX005;NEDR153115800TR15;Nexen;DÊTKA 11.5/80 - 15.3  TR-15  NEXEN;115;80;15.3;0;;89;72.38;32.63;;;;;;0;1.780;0;;0;0;0;0;
NEX005;NEDR153115800TR15;Nexen;DÊTKA 11.5/80 - 15.3  TR-15  NEXEN;115;80;15.3;0;;6;72.38;32.63;;;;;;0;1.780;0;;0;0;0;0;
NEX005;NEDR153115800TR15;Nexen;DÊTKA 11.5/80 - 15.3  TR-15  NEXEN;115;80;15.3;0;;3;72.38;32.63;;;;;;0;1.780;0;;0;0;0;0;
NEX005;NEDR153115800TR15;Nexen;DÊTKA 11.5/80 - 15.3  TR-15  NEXEN;115;80;15.3;0;;100;72.38;32.63;;;;;;0;1.780;0;;0;0;0;0;
NEX005;NEDR153115800TR15;Nexen;DÊTKA 11.5/80 - 15.3  TR-15  NEXEN;115;80;15.3;0;;30;72.38;32.63;;;;;;0;1.780;0;;0;0;0;0;
NEX005;NEDR153115800TR15;Nexen;DÊTKA 11.5/80 - 15.3  TR-15  NEXEN;115;80;15.3;0;;0;72.38;32.63;;;;;;0;1.780;0;;0;0;0;0;
NEX005;NEDR153115800TR15;Nexen;DÊTKA 11.5/80 - 15.3  TR-15  NEXEN;115;80;15.3;0;;2;72.38;32.63;;;;;;0;1.780;0;;0;0;0;0;
NEX005;NEDR153115800TR15;Nexen;DÊTKA 11.5/80 - 15.3  TR-15  NEXEN;115;80;15.3;0;;25;72.38;32.63;;;;;;0;1.780;0;;0;0;0;0;
NEX005;NEDR153115800TR15;Nexen;DÊTKA 11.5/80 - 15.3  TR-15  NEXEN;115;80;15.3;0;;9;72.38;32.63;;;;;;0;1.780;0;;0;0;0;0;
NEX005;NEDR153115800TR15;Nexen;DÊTKA 11.5/80 - 15.3  TR-15  NEXEN;115;80;15.3;0;;15;72.38;32.63;;;;;;0;1.780;0;;0;0;0;0;
NEX005;NEDR153115800TR15;Nexen;DÊTKA 11.5/80 - 15.3  TR-15  NEXEN;115;80;15.3;0;;100;72.38;32.63;;;;;;0;1.780;0;;0;0;0;0;
NEX005;NEDR153115800TR15;Nexen;DÊTKA 11.5/80 - 15.3  TR-15  NEXEN;115;80;15.3;0;;19;72.38;32.63;;;;;;0;1.780;0;;0;0;0;0;
NEX005;NEDR153115800TR15;Nexen;DÊTKA 11.5/80 - 15.3  TR-15  NEXEN;115;80;15.3;0;;100;72.38;32.63;;;;;;0;1.780;0;;0;0;0;0;
NEX005;NEDR153115800TR15;Nexen;DÊTKA 11.5/80 - 15.3  TR-15  NEXEN;115;80;15.3;0;;28;72.38;32.63;;;;;;0;1.780;0;;0;0;0;0;
NEX006;NEDR160600000TR15;Nexen;DÊTKA 6.00 - 16  TR-15  NEXEN;600;82;16;0;;0;33.46;17.15;;;;;;0;0.790;0;;0;0;0;0;
NEX006;NEDR160600000TR15;Nexen;DÊTKA 6.00 - 16  TR-15  NEXEN;600;82;16;0;;0;33.46;17.15;;;;;;0;0.790;0;;0;0;0;0;
NEX006;NEDR160600000TR15;Nexen;DÊTKA 6.00 - 16  TR-15  NEXEN;600;82;16;0;;0;33.46;17.15;;;;;;0;0.790;0;;0;0;0;0;
NEX006;NEDR160600000TR15;Nexen;DÊTKA 6.00 - 16  TR-15  NEXEN;600;82;16;0;;0;33.46;17.15;;;;;;0;0.790;0;;0;0;0;0;
NEX007;NEDR160600650TR15;Nexen;DÊTKA 6.00/6.50 - 16  TR-15  NEXEN;600;65;16;0;;0;36.26;19.11;;;;;;0;0.910;0;;0;0;0;0;
NEX007;NEDR160600650TR15;Nexen;DÊTKA 6.00/6.50 - 16  TR-15  NEXEN;600;65;16;0;;0;36.26;19.11;;;;;;0;0.910;0;;0;0;0;0;
NEX007;NEDR160600650TR15;Nexen;DÊTKA 6.00/6.50 - 16  TR-15  NEXEN;600;65;16;0;;0;36.26;19.11;;;;;;0;0.910;0;;0;0;0;0;
NEX007;NEDR160600650TR15;Nexen;DÊTKA 6.00/6.50 - 16  TR-15  NEXEN;600;65;16;0;;0;36.26;19.11;;;;;;0;0.910;0;;0;0;0;0;
NEX013;NEDR160700750TR15;Nexen;DÊTKA 7.00/7.50 - 16  TR-15  NEXEN;700;75;16;0;;28;45.36;23.03;;;;;;0;1.090;0;;0;0;0;0;
NEX013;NEDR160700750TR15;Nexen;DÊTKA 7.00/7.50 - 16  TR-15  NEXEN;700;75;16;0;;8;45.36;23.03;;;;;;0;1.090;0;;0;0;0;0;
NEX013;NEDR160700750TR15;Nexen;DÊTKA 7.00/7.50 - 16  TR-15  NEXEN;700;75;16;0;;100;45.36;23.03;;;;;;0;1.090;0;;0;0;0;0;
NEX013;NEDR160700750TR15;Nexen;DÊTKA 7.00/7.50 - 16  TR-15  NEXEN;700;75;16;0;;17;45.36;23.03;;;;;;0;1.090;0;;0;0;0;0;
NEX013;NEDR160700750TR15;Nexen;DÊTKA 7.00/7.50 - 16  TR-15  NEXEN;700;75;16;0;;19;45.36;23.03;;;;;;0;1.090;0;;0;0;0;0;
NEX013;NEDR160700750TR15;Nexen;DÊTKA 7.00/7.50 - 16  TR-15  NEXEN;700;75;16;0;;13;45.36;23.03;;;;;;0;1.090;0;;0;0;0;0;
NEX013;NEDR160700750TR15;Nexen;DÊTKA 7.00/7.50 - 16  TR-15  NEXEN;700;75;16;0;;15;45.36;23.03;;;;;;0;1.090;0;;0;0;0;0;
NEX013;NEDR160700750TR15;Nexen;DÊTKA 7.00/7.50 - 16  TR-15  NEXEN;700;75;16;0;;9;45.36;23.03;;;;;;0;1.090;0;;0;0;0;0;
NEX013;NEDR160700750TR15;Nexen;DÊTKA 7.00/7.50 - 16  TR-15  NEXEN;700;75;16;0;;0;45.36;23.03;;;;;;0;1.090;0;;0;0;0;0;
NEX019;NEDR2401240TR218A;Nexen;DÊTKA 11.2/12.4 - 24  TR-218A  NEXEN;;;24;R;;0;123.34;66.15;;;;;;0;2.790;0;;0;0;0;0;
NEX019;NEDR2401240TR218A;Nexen;DÊTKA 11.2/12.4 - 24  TR-218A  NEXEN;;;24;R;;12;123.34;66.15;;;;;;0;2.790;0;;0;0;0;0;
NEX019;NEDR2401240TR218A;Nexen;DÊTKA 11.2/12.4 - 24  TR-218A  NEXEN;;;24;R;;34;123.34;66.15;;;;;;0;2.790;0;;0;0;0;0;
NEX019;NEDR2401240TR218A;Nexen;DÊTKA 11.2/12.4 - 24  TR-218A  NEXEN;;;24;R;;3;123.34;66.15;;;;;;0;2.790;0;;0;0;0;0;
NEX019;NEDR2401240TR218A;Nexen;DÊTKA 11.2/12.4 - 24  TR-218A  NEXEN;;;24;R;;18;123.34;66.15;;;;;;0;2.790;0;;0;0;0;0;
NEX019;NEDR2401240TR218A;Nexen;DÊTKA 11.2/12.4 - 24  TR-218A  NEXEN;;;24;R;;13;123.34;66.15;;;;;;0;2.790;0;;0;0;0;0;
NEX019;NEDR2401240TR218A;Nexen;DÊTKA 11.2/12.4 - 24  TR-218A  NEXEN;;;24;R;;3;123.34;66.15;;;;;;0;2.790;0;;0;0;0;0;
NEX019;NEDR2401240TR218A;Nexen;DÊTKA 11.2/12.4 - 24  TR-218A  NEXEN;;;24;R;;0;123.34;66.15;;;;;;0;2.790;0;;0;0;0;0;
NEX019;NEDR2401240TR218A;Nexen;DÊTKA 11.2/12.4 - 24  TR-218A  NEXEN;;;24;R;;5;123.34;66.15;;;;;;0;2.790;0;;0;0;0;0;
NEX019;NEDR2401240TR218A;Nexen;DÊTKA 11.2/12.4 - 24  TR-218A  NEXEN;;;24;R;;100;123.34;66.15;;;;;;0;2.790;0;;0;0;0;0;
NEX019;NEDR2401240TR218A;Nexen;DÊTKA 11.2/12.4 - 24  TR-218A  NEXEN;;;24;R;;100;123.34;66.15;;;;;;0;2.790;0;;0;0;0;0;
NEX019;NEDR2401240TR218A;Nexen;DÊTKA 11.2/12.4 - 24  TR-218A  NEXEN;;;24;R;;100;123.34;66.15;;;;;;0;2.790;0;;0;0;0;0;
NEX019;NEDR2401240TR218A;Nexen;DÊTKA 11.2/12.4 - 24  TR-218A  NEXEN;;;24;R;;2;123.34;66.15;;;;;;0;2.790;0;;0;0;0;0;
NEX019;NEDR2401240TR218A;Nexen;DÊTKA 11.2/12.4 - 24  TR-218A  NEXEN;;;24;R;;39;123.34;66.15;;;;;;0;2.790;0;;0;0;0;0;
NEX019;NEDR2401240TR218A;Nexen;DÊTKA 11.2/12.4 - 24  TR-218A  NEXEN;;;24;R;;11;123.34;66.15;;;;;;0;2.790;0;;0;0;0;0;
NEX020;NEDR2401490TR218A;Nexen;DÊTKA 13.6/14.9 - 24  TR-218A  NEXEN;;;24;R;;0;150.5;81.34;;;;;;0;3.630;0;;0;0;0;0;
NEX020;NEDR2401490TR218A;Nexen;DÊTKA 13.6/14.9 - 24  TR-218A  NEXEN;;;24;R;;8;150.5;81.34;;;;;;0;3.630;0;;0;0;0;0;
NEX020;NEDR2401490TR218A;Nexen;DÊTKA 13.6/14.9 - 24  TR-218A  NEXEN;;;24;R;;31;150.5;81.34;;;;;;0;3.630;0;;0;0;0;0;
NEX020;NEDR2401490TR218A;Nexen;DÊTKA 13.6/14.9 - 24  TR-218A  NEXEN;;;24;R;;6;150.5;81.34;;;;;;0;3.630;0;;0;0;0;0;
NEX020;NEDR2401490TR218A;Nexen;DÊTKA 13.6/14.9 - 24  TR-218A  NEXEN;;;24;R;;56;150.5;81.34;;;;;;0;3.630;0;;0;0;0;0;
NEX020;NEDR2401490TR218A;Nexen;DÊTKA 13.6/14.9 - 24  TR-218A  NEXEN;;;24;R;;2;150.5;81.34;;;;;;0;3.630;0;;0;0;0;0;
NEX020;NEDR2401490TR218A;Nexen;DÊTKA 13.6/14.9 - 24  TR-218A  NEXEN;;;24;R;;3;150.5;81.34;;;;;;0;3.630;0;;0;0;0;0;
NEX020;NEDR2401490TR218A;Nexen;DÊTKA 13.6/14.9 - 24  TR-218A  NEXEN;;;24;R;;6;150.5;81.34;;;;;;0;3.630;0;;0;0;0;0;
NEX009;NEDR2801240TR218A;Nexen;DÊTKA 11.2/12.4 - 28  TR-218A  NEXEN;;;28;R;;5;150.36;81.24;;;;;;0;3.500;0;;0;0;0;0;
NEX009;NEDR2801240TR218A;Nexen;DÊTKA 11.2/12.4 - 28  TR-218A  NEXEN;;;28;R;;5;150.36;81.24;;;;;;0;3.500;0;;0;0;0;0;
NEX009;NEDR2801240TR218A;Nexen;DÊTKA 11.2/12.4 - 28  TR-218A  NEXEN;;;28;R;;83;150.36;81.24;;;;;;0;3.500;0;;0;0;0;0;
NEX009;NEDR2801240TR218A;Nexen;DÊTKA 11.2/12.4 - 28  TR-218A  NEXEN;;;28;R;;100;150.36;81.24;;;;;;0;3.500;0;;0;0;0;0;
NEX009;NEDR2801240TR218A;Nexen;DÊTKA 11.2/12.4 - 28  TR-218A  NEXEN;;;28;R;;6;150.36;81.24;;;;;;0;3.500;0;;0;0;0;0;
NEX009;NEDR2801240TR218A;Nexen;DÊTKA 11.2/12.4 - 28  TR-218A  NEXEN;;;28;R;;0;150.36;81.24;;;;;;0;3.500;0;;0;0;0;0;
NEX009;NEDR2801240TR218A;Nexen;DÊTKA 11.2/12.4 - 28  TR-218A  NEXEN;;;28;R;;26;150.36;81.24;;;;;;0;3.500;0;;0;0;0;0;
NEX009;NEDR2801240TR218A;Nexen;DÊTKA 11.2/12.4 - 28  TR-218A  NEXEN;;;28;R;;49;150.36;81.24;;;;;;0;3.500;0;;0;0;0;0;
NEX009;NEDR2801240TR218A;Nexen;DÊTKA 11.2/12.4 - 28  TR-218A  NEXEN;;;28;R;;5;150.36;81.24;;;;;;0;3.500;0;;0;0;0;0;
NEX009;NEDR2801240TR218A;Nexen;DÊTKA 11.2/12.4 - 28  TR-218A  NEXEN;;;28;R;;28;150.36;81.24;;;;;;0;3.500;0;;0;0;0;0;
NEX009;NEDR2801240TR218A;Nexen;DÊTKA 11.2/12.4 - 28  TR-218A  NEXEN;;;28;R;;35;150.36;81.24;;;;;;0;3.500;0;;0;0;0;0;
NEX009;NEDR2801240TR218A;Nexen;DÊTKA 11.2/12.4 - 28  TR-218A  NEXEN;;;28;R;;9;150.36;81.24;;;;;;0;3.500;0;;0;0;0;0;
NEX009;NEDR2801240TR218A;Nexen;DÊTKA 11.2/12.4 - 28  TR-218A  NEXEN;;;28;R;;2;150.36;81.24;;;;;;0;3.500;0;;0;0;0;0;
NEX010;NEDR2801490TR218A;Nexen;DÊTKA 13.6/14.9 - 28  TR-218A  NEXEN;;;28;R;;7;185.36;94.08;;;;;;0;4.660;0;;0;0;0;0;
NEX010;NEDR2801490TR218A;Nexen;DÊTKA 13.6/14.9 - 28  TR-218A  NEXEN;;;28;R;;0;185.36;94.08;;;;;;0;4.660;0;;0;0;0;0;
NEX010;NEDR2801490TR218A;Nexen;DÊTKA 13.6/14.9 - 28  TR-218A  NEXEN;;;28;R;;0;185.36;94.08;;;;;;0;4.660;0;;0;0;0;0;
NEX010;NEDR2801490TR218A;Nexen;DÊTKA 13.6/14.9 - 28  TR-218A  NEXEN;;;28;R;;7;185.36;94.08;;;;;;0;4.660;0;;0;0;0;0;
NEX010;NEDR2801490TR218A;Nexen;DÊTKA 13.6/14.9 - 28  TR-218A  NEXEN;;;28;R;;0;185.36;94.08;;;;;;0;4.660;0;;0;0;0;0;
NEX011;NEDR2801690TR218A;Nexen;DÊTKA 14.9/16.9 - 28  TR-218A  NEXEN;;;28;R;;12;219.38;115.15;;;;;;0;5.440;0;;0;0;0;0;
NEX011;NEDR2801690TR218A;Nexen;DÊTKA 14.9/16.9 - 28  TR-218A  NEXEN;;;28;R;;100;219.38;115.15;;;;;;0;5.440;0;;0;0;0;0;
NEX011;NEDR2801690TR218A;Nexen;DÊTKA 14.9/16.9 - 28  TR-218A  NEXEN;;;28;R;;1;219.38;115.15;;;;;;0;5.440;0;;0;0;0;0;
NEX011;NEDR2801690TR218A;Nexen;DÊTKA 14.9/16.9 - 28  TR-218A  NEXEN;;;28;R;;46;219.38;115.15;;;;;;0;5.440;0;;0;0;0;0;
NEX011;NEDR2801690TR218A;Nexen;DÊTKA 14.9/16.9 - 28  TR-218A  NEXEN;;;28;R;;10;219.38;115.15;;;;;;0;5.440;0;;0;0;0;0;
NEX011;NEDR2801690TR218A;Nexen;DÊTKA 14.9/16.9 - 28  TR-218A  NEXEN;;;28;R;;20;219.38;115.15;;;;;;0;5.440;0;;0;0;0;0;
NEX011;NEDR2801690TR218A;Nexen;DÊTKA 14.9/16.9 - 28  TR-218A  NEXEN;;;28;R;;15;219.38;115.15;;;;;;0;5.440;0;;0;0;0;0;
NEX011;NEDR2801690TR218A;Nexen;DÊTKA 14.9/16.9 - 28  TR-218A  NEXEN;;;28;R;;6;219.38;115.15;;;;;;0;5.440;0;;0;0;0;0;
NEX011;NEDR2801690TR218A;Nexen;DÊTKA 14.9/16.9 - 28  TR-218A  NEXEN;;;28;R;;7;219.38;115.15;;;;;;0;5.440;0;;0;0;0;0;
NEX011;NEDR2801690TR218A;Nexen;DÊTKA 14.9/16.9 - 28  TR-218A  NEXEN;;;28;R;;16;219.38;115.15;;;;;;0;5.440;0;;0;0;0;0;
NEX011;NEDR2801690TR218A;Nexen;DÊTKA 14.9/16.9 - 28  TR-218A  NEXEN;;;28;R;;19;219.38;115.15;;;;;;0;5.440;0;;0;0;0;0;
NEX011;NEDR2801690TR218A;Nexen;DÊTKA 14.9/16.9 - 28  TR-218A  NEXEN;;;28;R;;3;219.38;115.15;;;;;;0;5.440;0;;0;0;0;0;
NEX011;NEDR2801690TR218A;Nexen;DÊTKA 14.9/16.9 - 28  TR-218A  NEXEN;;;28;R;;6;219.38;115.15;;;;;;0;5.440;0;;0;0;0;0;
NEX011;NEDR2801690TR218A;Nexen;DÊTKA 14.9/16.9 - 28  TR-218A  NEXEN;;;28;R;;1;219.38;115.15;;;;;;0;5.440;0;;0;0;0;0;
NEX011;NEDR2801690TR218A;Nexen;DÊTKA 14.9/16.9 - 28  TR-218A  NEXEN;;;28;R;;3;219.38;115.15;;;;;;0;5.440;0;;0;0;0;0;
NEX011;NEDR2801690TR218A;Nexen;DÊTKA 14.9/16.9 - 28  TR-218A  NEXEN;;;28;R;;9;219.38;115.15;;;;;;0;5.440;0;;0;0;0;0;
NEX012;NEDR3401690TR218A;Nexen;DÊTKA 16.9/14 - 34  TR-218A  NEXEN;;;34;R;;5;274.68;142.1;;;;;;0;6.980;0;;0;0;0;0;
NEX012;NEDR3401690TR218A;Nexen;DÊTKA 16.9/14 - 34  TR-218A  NEXEN;;;34;R;;5;274.68;142.1;;;;;;0;6.980;0;;0;0;0;0;
NEX012;NEDR3401690TR218A;Nexen;DÊTKA 16.9/14 - 34  TR-218A  NEXEN;;;34;R;;4;274.68;142.1;;;;;;0;6.980;0;;0;0;0;0;
NEX012;NEDR3401690TR218A;Nexen;DÊTKA 16.9/14 - 34  TR-218A  NEXEN;;;34;R;;88;274.68;142.1;;;;;;0;6.980;0;;0;0;0;0;
NEX012;NEDR3401690TR218A;Nexen;DÊTKA 16.9/14 - 34  TR-218A  NEXEN;;;34;R;;1;274.68;142.1;;;;;;0;6.980;0;;0;0;0;0;
NEX012;NEDR3401690TR218A;Nexen;DÊTKA 16.9/14 - 34  TR-218A  NEXEN;;;34;R;;15;274.68;142.1;;;;;;0;6.980;0;;0;0;0;0;
NEX012;NEDR3401690TR218A;Nexen;DÊTKA 16.9/14 - 34  TR-218A  NEXEN;;;34;R;;1;274.68;142.1;;;;;;0;6.980;0;;0;0;0;0;
NEX012;NEDR3401690TR218A;Nexen;DÊTKA 16.9/14 - 34  TR-218A  NEXEN;;;34;R;;69;274.68;142.1;;;;;;0;6.980;0;;0;0;0;0;
NEX012;NEDR3401690TR218A;Nexen;DÊTKA 16.9/14 - 34  TR-218A  NEXEN;;;34;R;;1;274.68;142.1;;;;;;0;6.980;0;;0;0;0;0;
NEX012;NEDR3401690TR218A;Nexen;DÊTKA 16.9/14 - 34  TR-218A  NEXEN;;;34;R;;50;274.68;142.1;;;;;;0;6.980;0;;0;0;0;0;
NEX012;NEDR3401690TR218A;Nexen;DÊTKA 16.9/14 - 34  TR-218A  NEXEN;;;34;R;;4;274.68;142.1;;;;;;0;6.980;0;;0;0;0;0;
NEX012;NEDR3401690TR218A;Nexen;DÊTKA 16.9/14 - 34  TR-218A  NEXEN;;;34;R;;0;274.68;142.1;;;;;;0;6.980;0;;0;0;0;0;
NEX012;NEDR3401690TR218A;Nexen;DÊTKA 16.9/14 - 34  TR-218A  NEXEN;;;34;R;;2;274.68;142.1;;;;;;0;6.980;0;;0;0;0;0;
NEX030;NEDR3401691842180;Nexen;DÊTKA 16.9/18.4 - 34  TR-218A  NEXEN;;;34;A4;;4;303.66;158.76;;;;;;0;8.400;0;;0;0;0;0;
NEX030;NEDR3401691842180;Nexen;DÊTKA 16.9/18.4 - 34  TR-218A  NEXEN;;;34;A4;;0;303.66;158.76;;;;;;0;8.400;0;;0;0;0;0;
NEX030;NEDR3401691842180;Nexen;DÊTKA 16.9/18.4 - 34  TR-218A  NEXEN;;;34;A4;;11;303.66;158.76;;;;;;0;8.400;0;;0;0;0;0;
NEX030;NEDR3401691842180;Nexen;DÊTKA 16.9/18.4 - 34  TR-218A  NEXEN;;;34;A4;;8;303.66;158.76;;;;;;0;8.400;0;;0;0;0;0;
NEX030;NEDR3401691842180;Nexen;DÊTKA 16.9/18.4 - 34  TR-218A  NEXEN;;;34;A4;;9;303.66;158.76;;;;;;0;8.400;0;;0;0;0;0;
NEX030;NEDR3401691842180;Nexen;DÊTKA 16.9/18.4 - 34  TR-218A  NEXEN;;;34;A4;;2;303.66;158.76;;;;;;0;8.400;0;;0;0;0;0;
NEX030;NEDR3401691842180;Nexen;DÊTKA 16.9/18.4 - 34  TR-218A  NEXEN;;;34;A4;;39;303.66;158.76;;;;;;0;8.400;0;;0;0;0;0;
NEX030;NEDR3401691842180;Nexen;DÊTKA 16.9/18.4 - 34  TR-218A  NEXEN;;;34;A4;;1;303.66;158.76;;;;;;0;8.400;0;;0;0;0;0;
NEX030;NEDR3401691842180;Nexen;DÊTKA 16.9/18.4 - 34  TR-218A  NEXEN;;;34;A4;;4;303.66;158.76;;;;;;0;8.400;0;;0;0;0;0;
NEX026;NEDR3801840TR218A;Nexen;DÊTKA 18.4 - 38  TR-218A  NEXEN;;;38;R;;14;334.74;168.56;;;;;;0;8.900;0;;0;0;0;0;
NEX026;NEDR3801840TR218A;Nexen;DÊTKA 18.4 - 38  TR-218A  NEXEN;;;38;R;;2;334.74;168.56;;;;;;0;8.900;0;;0;0;0;0;
NEX026;NEDR3801840TR218A;Nexen;DÊTKA 18.4 - 38  TR-218A  NEXEN;;;38;R;;1;334.74;168.56;;;;;;0;8.900;0;;0;0;0;0;
NEX026;NEDR3801840TR218A;Nexen;DÊTKA 18.4 - 38  TR-218A  NEXEN;;;38;R;;14;334.74;168.56;;;;;;0;8.900;0;;0;0;0;0;
NEX026;NEDR3801840TR218A;Nexen;DÊTKA 18.4 - 38  TR-218A  NEXEN;;;38;R;;5;334.74;168.56;;;;;;0;8.900;0;;0;0;0;0;
NEX026;NEDR3801840TR218A;Nexen;DÊTKA 18.4 - 38  TR-218A  NEXEN;;;38;R;;5;334.74;168.56;;;;;;0;8.900;0;;0;0;0;0;
NEX026;NEDR3801840TR218A;Nexen;DÊTKA 18.4 - 38  TR-218A  NEXEN;;;38;R;;6;334.74;168.56;;;;;;0;8.900;0;;0;0;0;0;
NEX026;NEDR3801840TR218A;Nexen;DÊTKA 18.4 - 38  TR-218A  NEXEN;;;38;R;;5;334.74;168.56;;;;;;0;8.900;0;;0;0;0;0;
NEX026;NEDR3801840TR218A;Nexen;DÊTKA 18.4 - 38  TR-218A  NEXEN;;;38;R;;0;334.74;168.56;;;;;;0;8.900;0;;0;0;0;0;
NEX026;NEDR3801840TR218A;Nexen;DÊTKA 18.4 - 38  TR-218A  NEXEN;;;38;R;;5;334.74;168.56;;;;;;0;8.900;0;;0;0;0;0;
NEX026;NEDR3801840TR218A;Nexen;DÊTKA 18.4 - 38  TR-218A  NEXEN;;;38;R;;43;334.74;168.56;;;;;;0;8.900;0;;0;0;0;0;
NEX027;NEDR380208TR218A0;Nexen;DÊTKA 20.8 - 38  TR-218A  NEXEN;20x8.00;;38;A2;;1;390.04;191.1;;;;;;0;10.400;0;;0;0;0;0;
NEX027;NEDR380208TR218A0;Nexen;DÊTKA 20.8 - 38  TR-218A  NEXEN;20x8.00;;38;A2;;29;390.04;191.1;;;;;;0;10.400;0;;0;0;0;0;
NEX027;NEDR380208TR218A0;Nexen;DÊTKA 20.8 - 38  TR-218A  NEXEN;20x8.00;;38;A2;;1;390.04;191.1;;;;;;0;10.400;0;;0;0;0;0;
NEX027;NEDR380208TR218A0;Nexen;DÊTKA 20.8 - 38  TR-218A  NEXEN;20x8.00;;38;A2;;24;390.04;191.1;;;;;;0;10.400;0;;0;0;0;0;
NEX027;NEDR380208TR218A0;Nexen;DÊTKA 20.8 - 38  TR-218A  NEXEN;20x8.00;;38;A2;;4;390.04;191.1;;;;;;0;10.400;0;;0;0;0;0;
NEX027;NEDR380208TR218A0;Nexen;DÊTKA 20.8 - 38  TR-218A  NEXEN;20x8.00;;38;A2;;45;390.04;191.1;;;;;;0;10.400;0;;0;0;0;0;
NEX027;NEDR380208TR218A0;Nexen;DÊTKA 20.8 - 38  TR-218A  NEXEN;20x8.00;;38;A2;;5;390.04;191.1;;;;;;0;10.400;0;;0;0;0;0;
NEX027;NEDR380208TR218A0;Nexen;DÊTKA 20.8 - 38  TR-218A  NEXEN;20x8.00;;38;A2;;2;390.04;191.1;;;;;;0;10.400;0;;0;0;0;0;
NEX027;NEDR380208TR218A0;Nexen;DÊTKA 20.8 - 38  TR-218A  NEXEN;20x8.00;;38;A2;;2;390.04;191.1;;;;;;0;10.400;0;;0;0;0;0;
NEX027;NEDR380208TR218A0;Nexen;DÊTKA 20.8 - 38  TR-218A  NEXEN;20x8.00;;38;A2;;4;390.04;191.1;;;;;;0;10.400;0;;0;0;0;0;
NEX027;NEDR380208TR218A0;Nexen;DÊTKA 20.8 - 38  TR-218A  NEXEN;20x8.00;;38;A2;;2;390.04;191.1;;;;;;0;10.400;0;;0;0;0;0;
NEX025;NEDR80016650TR130;Nexen;DÊTKA 16 x 6.50/7.50 - 8  TR-13  NEXEN;;50;80;T;;0;23.52;11.86;;;;;;0;0.610;0;;0;0;0;0;
NEX025;NEDR80016650TR130;Nexen;DÊTKA 16 x 6.50/7.50 - 8  TR-13  NEXEN;;50;80;T;;19;23.52;11.86;;;;;;0;0.610;0;;0;0;0;0;
NEX025;NEDR80016650TR130;Nexen;DÊTKA 16 x 6.50/7.50 - 8  TR-13  NEXEN;;50;80;T;;12;23.52;11.86;;;;;;0;0.610;0;;0;0;0;0;
NEX025;NEDR80016650TR130;Nexen;DÊTKA 16 x 6.50/7.50 - 8  TR-13  NEXEN;;50;80;T;;10;23.52;11.86;;;;;;0;0.610;0;;0;0;0;0;
NEX025;NEDR80016650TR130;Nexen;DÊTKA 16 x 6.50/7.50 - 8  TR-13  NEXEN;;50;80;T;;0;23.52;11.86;;;;;;0;0.610;0;;0;0;0;0;
NEX025;NEDR80016650TR130;Nexen;DÊTKA 16 x 6.50/7.50 - 8  TR-13  NEXEN;;50;80;T;;25;23.52;11.86;;;;;;0;0.610;0;;0;0;0;0;
NEX025;NEDR80016650TR130;Nexen;DÊTKA 16 x 6.50/7.50 - 8  TR-13  NEXEN;;50;80;T;;90;23.52;11.86;;;;;;0;0.610;0;;0;0;0;0;
NEX025;NEDR80016650TR130;Nexen;DÊTKA 16 x 6.50/7.50 - 8  TR-13  NEXEN;;50;80;T;;9;23.52;11.86;;;;;;0;0.610;0;;0;0;0;0;
NEX025;NEDR80016650TR130;Nexen;DÊTKA 16 x 6.50/7.50 - 8  TR-13  NEXEN;;50;80;T;;15;23.52;11.86;;;;;;0;0.610;0;;0;0;0;0;
T545447;NODR2456504500000;;DÊTKA 650/45 - 24.5  TR-218  BROMOBUT;650;45;24.5;0;;0;1117.02;691.09;6419440454481;;;;;0;11.080;0;;0;0;0;0;
;OBCR225385650BIEZ;Bie¿nikowane Inne;385/65  R22.5   STR BIE¯NIKOWANA;385;65;22.5;0;;1;1789;675.22;;;;;2023;0;74.000;0;;0;0;0;0;
WOG1000-20SG7;OBPD200H00000SG70;Bie¿nikowane Inne;10.00 - 20  SG7  16PR  bie¿nikowana  (kabat);10.00;82;20;0;;2;640;619.88;;;;;2025;0;54.000;0;;0;0;0;0;
WOG0385/65R22.5TRY1.AG;OBRR2253856500031;Bie¿nikowane Inne;385/65  R22.5  TRY-1 AGRI (KABAT)  18PR  [160 F/166A8]  TL  bie¿nikowana;385;65;22.5;0;160 F/166A8;21;750;606.62;;;;;2025,2026;0;66.900;0;;0;0;0;0;
U2161031GTK;OTPD160E6500LKM40;GTK;6.50 - 16C  KM400  10PR  [108/107] L  TT;6.50;82;16;L;108/107;4;448.6;274.3;4251438411692;;;;2026;0;15.320;0;;0;0;0;0;
U6183052GTK;OTPD18034080DLD60;GTK;340/80 - 18  (12.5/80 - 18)  LD96  R-4  14PR  [146 A8]  TL;340;80;18;D;146 A8;2;1225;746.47;4251438412545;;;;2025;0;46.420;0;;0;0;0;0;
U6182252GTK;OTPD180G25808DL90;GTK;12.5/80 - 18  LD92  R-4  14PR  [146 A8]  TL;12.5;80;18;A8;146 A8;6;1197.1;714.91;4251438413177;;;;2026;0;44.590;0;;0;0;0;0;
U6182152GTK;OTPD180G25808LD00;GTK;12.5/80 - 18  LD90  R-4  14PR  [146 A8]  TL;12.5;80;18;A8;146 A8;4;1197.1;700.7;4251438410633;;;;2026;0;44.360;0;;0;0;0;0;
U6207162GTK;OTPD200400702LD00;GTK;405/70 - 20  (16.0/70 - 20)  LD90  16PR  [166 A2]  TL;400;70;20;A2;166 A2;1;1830.5;1082.02;4251438413627;;;;2026;0;66.800;0;;0;0;0;0;
U6207262GTK;OTPD200405702LD60;GTK;16.0/70 - 20  (405/70 - 20)  LD96  16PR  [166 A2]  TL;405;70;20;A2;166 A2;12;1830.5;1082.02;4251438413252;;;;2026;0;68.100;0;;0;0;0;0;
U6204152GTK;OTPD200G25008OC10;GTK;12.5 - 20  OC10  14PR  [137 A8]  TL;12.5;82;20;A8;137 A8;2;1342;801.44;4251438413917;;;;2026;0;44.210;0;;0;0;0;0;
U6206052GTK;OTPD200G4580DLD60;GTK;14.5 - 20  LD96  14PR  [143 D]  TL;14.5;80;20;D;143 D;2;1512;893.76;4251438413191;;;;2026;0;55.600;0;;0;0;0;0;
U6207062GTK;OTPD200G60708LD00;GTK;16.0/70 - 20  (405/70 - 20)  LD90  R-4  16PR  [166 A2]  TL;16.0;70;20;A8;166 A2;12;1830.5;1071.34;4251438412590;;;;2026;0;66.820;0;;0;0;0;0;
U6202061GTK;OTPD200H00008LD91;GTK;10.00 - 20  LD94  16PR  [146 A8/143 A8]  TT;10.00;82;20;A8;146 A8/143 A8;3;1273.3;728.92;4251438412569;;;;2025,2026;0;54.000;0;;0;0;0;0;
U6243062GTK;OTPD240G55802LD00;GTK;15.5/80 - 24  LD90  R-4  16PR  [162 A8]  TL;15.5;80;24;A2;162 A8;11;2128.7;1256.56;4251438412606;;;;2026;0;77.920;0;;0;0;0;0;
U6246062GTK;OTPD240G69008LD00;GTK;16.9 - 24  LD90  R-4  16PR  [154 A8]  TL;16.9;82;24;A8;154 A8;3;2375.7;1386.7;4251438412651;;;;2026;0;82.100;0;;0;0;0;0;
U6242062GTK;OTPD240H40008GD90;GTK;14.00 - 24  GD90  G-2  16PR  [153 A8]  TL;14.00;82;24;A8;153 A8;3;2402.6;1418.35;4251438412637;;;;2026;0;109.300;0;;0;0;0;0;
U6251052GTK;OTPD250G55008LD00;GTK;15.5 - 25  LD90  G2-L2  14PR  [173 A2]  TL;15.5;82;25;A8;173 A2;2;2372.9;1429.43;4251438412798;;;;2026;0;86.120;0;;0;0;0;0;
U6261052GTK;OTPD260G84008LD00;GTK;18.4 - 26  LD90  R-4  14PR  [160 A8]  TL;18.4;82;26;A8;160 A8;2;2913.4;1708.53;4251438412729;;;;2026;0;107.080;0;;0;0;0;0;
U6281052GTK;OTPD280G69008LD00;GTK;16.9 - 28  LD90  R-4  14PR  [156 A8]  TL;16.9;82;28;A8;156 A8;5;2549.4;1535.66;4251438410640;;;;2026;0;94.400;0;;0;0;0;0;
U6301062GTK;OTPD300G69008LD00;GTK;16.9 - 30  LD90  R-4  16PR  [156 A8]  TL;16.9;82;30;A8;156 A8;2;2688.7;1603.38;4251438412804;;;;2026;0;100.070;0;;0;0;0;0;
UR7024460712GTK;OTPR240460708R110;GTK;460/70  R24  (17.5L  R24)  RI11  [159 A8/159 B]  TL;460;70;24;A8;159 A8/159 B;19;2867;1674.82;4251438413153;;;;2025,2026;0;103.000;0;;0;0;0;0;
U1121001GTK;OTRD120E50006T440;GTK;5.00 - 12  BT44  4PR  [62 A6]  TT;5.00;82;12;A6;62 A6;38;175.5;103.59;4251438410015;;;;2026;0;4.200;0;;0;0;0;0;
U1122011GTK;OTRD120E65806T4B0;GTK;6.50/80 - 12  BT45  6PR  [80 A6]  TT;6.50;80;12;A6;80 A6;9;190.4;115.25;4251438410022;;;;2026;0;7.240;0;;0;0;0;0;
U1152011GTK;OTRD150E65806SA80;GTK;6.50/80 - 15  AS100  6PR  [86 A6]  TT;6.50;80;15;A6;86 A6;18;220.1;132.99;4251438411661;;;;2026;0;7.890;0;;0;0;0;0;
U3151021GTK;OTRD150E75006SA80;GTK;7.50 - 15  AS100  8PR  [99 A6]  TT;7.50;82;15;A6;99 A6;2;346.4;209.62;4251438411777;;;;2026;0;12.980;0;;0;0;0;0;
U4151142GTK;OTRD153G10758T440;GTK;10.0/75 - 15.3  BT44  12PR  [126 A8]  TL;10.0;75;15.3;A8;126 A8;2;529.4;302.53;4251438411555;;;;2026;0;17.300;0;;0;0;0;0;
U4153772GTK;OTRD15540060840B0;GTK;400/60 - 15.5  BT40  18PR  [151 A8]  TL;400;60;15.5;A8;151 A8;16;931.39;581.08;4251438410282;;;;2025,2026;0;40.240;0;;0;0;0;0;
U3162011GTK;OTRD160E60006SA10;GTK;6.00 - 16  AS10  6PR  [88 A6]  TT;6.00;82;16;A6;88 A6;4;250.8;153.27;4251438410077;;;;2026;0;9.900;0;;0;0;0;0;
U3162021GTK;OTRD160E60006SA11;GTK;6.00 - 16  AS10  8PR  [93 A6]  TT;6.00;82;16;A6;93 A6;3;267.5;166.89;4251438410084;;;;2026;0;10.000;0;;0;0;0;0;
U3162111GTK;OTRD160E60006SA50;GTK;6.00 - 16  AS14  6PR  [88 A6]  TT;6.00;82;16;A6;88 A6;55;250.8;153.27;4251438411791;;;;2025,2026;0;9.900;0;;0;0;0;0;
U3162321GTK;OTRD160E60006SA80;GTK;6.00 - 16  AS100  8PR  [93 A6]  TT  jode³ka;6.00;82;16;A6;93 A6;8;267.5;161.7;4251438410114;;;;2026;0;10.000;0;;0;0;0;0;
U3163011GTK;OTRD160E65006SA10;GTK;6.50 - 16  AS10  6PR  [91 A6]  TT;6.50;82;16;A6;91 A6;11;300;187.18;4251438410121;;;;2026;0;11.170;0;;0;0;0;0;
U3163021GTK;OTRD160E65006SA11;GTK;6.50 - 16  AS10  8PR  [97 A6]  TT;6.50;82;16;A6;97 A6;1;314.8;192.47;4251438410138;;;;2026;0;11.320;0;;0;0;0;0;
U3163121GTK;OTRD160E65006SA50;GTK;6.50 - 16  AS14  8PR  [97 A6]  TT;6.50;82;16;A6;97 A6;10;314.8;192.47;4251438411838;;;;2026;0;11.320;0;;0;0;0;0;
U3163111GTK;OTRD160E65006SA52;GTK;6.50 - 16  AS14  6PR  [91 A6]  TT;6.50;82;16;A6;91 A6;11;300;181.5;4251438411821;;;;2026;0;11.170;0;;0;0;0;0;
U3163311GTK;OTRD160E65006SA81;GTK;6.50 - 16  AS100  6PR  [91 A6]  TT;6.50;82;16;A6;91 A6;4;300;183.46;4251438411814;;;;2026;0;11.340;0;;0;0;0;0;
U3164211GTK;OTRD160E75006SA50;GTK;7.50 - 16  AS14  6PR  [98 A6]  TT;7.50;82;16;A6;98 A6;5;366.9;219.91;4251438411869;;;;2026;0;13.880;0;;0;0;0;0;
U3164221GTK;OTRD160E75006SA51;GTK;7.50 - 16  AS14  8PR  [103 A6]  TT;7.50;82;16;A6;103 A6;11;380.8;234.22;4251438411876;;;;2026;0;13.870;0;;0;0;0;0;
U3164421GTK;OTRD160E75006SA80;GTK;7.50 - 16  AS100  8PR  [103 A6]  TT;7.50;82;16;A6;103 A6;8;380.8;234.22;4251438410190;;;;2026;0;13.870;0;;0;0;0;0;
U4162051GTK;OTRD160E90006TN61;GTK;9.00 - 16  TN60  14PR  [128 A6]  TT;9.00;82;16;A6;128 A6;4;660.3;391.02;4251438412064;;;;2026;0;26.740;0;;0;0;0;0;
U4163041GTK;OTRD160G05658BT70;GTK;10.5/65 - 16  BT20  12PR  [126 A8]  TT;10.5;65;16;A8;126 A8;2;501.5;306.64;4251438412071;;;;2020;0;19.370;0;;0;0;0;0;
U4173072GTK;OTRD170500508B220;GTK;500/50 - 17  BT22  18PR  [157 A8]  TL;500;50;17;A8;157 A8;1;1379.2;840.45;4251438412095;;;;2026;0;56.490;0;;0;0;0;0;
U4201051GTK;OTRD200A82006TN50;GTK;8.25 - 20  TN50  14PR  [133 A6]  TT;8.25;82;20;A6;133 A6;71;828.4;506.56;4251438412125;;;;2026;0;32.550;0;;0;0;0;0;
U3202021GTK;OTRD200E75006SA30;GTK;7.50 - 20  AS12  8PR  [108 A6]  TT;7.50;82;20;A6;108 A6;5;482.9;295.27;4251438411937;;;;2026;0;16.840;0;;0;0;0;0;
U3202121GTK;OTRD200E75006SA80;GTK;7.50 - 20  AS100  8PR  [108 A6]  TT;7.50;82;20;A6;108 A6;3;482.9;283.32;4251438411524;;;;2026;0;16.340;0;;0;0;0;0;
U4202051GTK;OTRD200E90006TN20;GTK;9.00 - 20  TN52  14PR  [133 A6]  TT;9.00;82;20;A6;133 A6;1;943.6;574.97;4251438412132;;;;2026;0;35.790;0;;0;0;0;0;
U3204021GTK;OTRD200G12006SA80;GTK;11.2 - 20  AS100  8PR  [113 A6]  TT;11.2;82;20;A6;113 A6;28;741.1;459.62;4251438411548;;;;2026;0;28.880;0;;0;0;0;0;
U5243021GTK;OTRD240G12006SA80;GTK;11.2 - 24  AS100  8PR  [116 A6]  TT;11.2;82;24;A6;116 A6;2;831.2;498.82;4251438410336;;;;2026;0;32.830;0;;0;0;0;0;
U5243041GTK;OTRD240G12006SA81;GTK;11.2 - 24  AS100  12PR  [122 A6]  TT;11.2;82;24;A6;122 A6;19;910.2;562.13;4251438410343;;;;2026;0;37.130;0;;0;0;0;0;
U5244041GTK;OTRD240G24006SA82;GTK;12.4 - 24  AS100  12PR  [124 A6]  TT;12.4;82;24;A6;124 A6;3;1111.7;677.47;4251438410367;;;;2025;0;45.800;0;;0;0;0;0;
U5245041GTK;OTRD240G36006SA82;GTK;13.6 - 24  AS100  12PR  [129 A6]  TT;13.6;82;24;A6;129 A6;12;1205.5;734.61;4251438412194;;;;2026;0;49.530;0;;0;0;0;0;
U5246021GTK;OTRD240G49006SA81;GTK;14.9 - 24  AS100  8PR  [128 A6]  TT;14.9;82;24;A6;128 A6;1;1348.5;821.73;4251438410381;;;;2026;0;50.960;0;;0;0;0;0;
U5247062GTK;OTRD240G55806SA81;GTK;15.5/80 - 24  AS100  16PR  [163 A6]  TL;15.5;80;24;A6;163 A6;8;1804.5;1055.46;4251438412255;;;;2026;0;72.200;0;;0;0;0;0;
U5261051GTK;OTRD260G49006SA81;GTK;14.9 - 26  AS100  14PR  [140 A6]  TT;14.9;82;26;A6;140 A6;1;1681;1003.91;4251438412248;;;;2026;0;64.110;0;;0;0;0;0;
U5262061GTK;OTRD260G84006SA81;GTK;18.4 - 26  AS100  16PR  [150 A6]  TT;18.4;82;26;A6;150 A6;4;2414.7;1382;4251438411579;;;;2026;0;90.640;0;;0;0;0;0;
U5281021GTK;OTRD280G12006SA80;GTK;11.2 - 28  AS100  8PR  [118 A6]  TT;11.2;82;28;A6;118 A6;6;1011.4;575.26;4251438410404;;;;2026;0;39.850;0;;0;0;0;0;
U5282021GTK;OTRD280G24006SA80;GTK;12.4 - 28  AS100  8PR  [125 A6]  TT;12.4;82;28;A6;125 A6;13;1147.9;699.52;4251438410411;;;;2026;0;45.410;0;;0;0;0;0;
U5283021GTK;OTRD280G36006SA80;GTK;13.6 - 28  AS100  8PR  [125 A6]  TT;13.6;82;28;A6;125 A6;2;1387.5;802.62;4251438410428;;;;2025;0;54.930;0;;0;0;0;0;
U5284051GTK;OTRD280G49006SA80;GTK;14.9 - 28  AS100  14PR  [143 A6]  TT;14.9;82;28;A6;143 A6;8;1786;1026.65;4251438412309;;;;2025,2026;0;68.010;0;;0;0;0;0;
U5284021GTK;OTRD280G49006SA81;GTK;14.9 - 28  AS100  8PR  [130 A6]  TT;14.9;82;28;A6;130 A6;17;1560.3;931.78;4251438411609;;;;2026;0;62.920;0;;0;0;0;0;
U5285051GTK;OTRD280G69006SA80;GTK;16.9 - 28  AS100  14PR  [143 A6]  TT;16.9;82;28;A6;143 A6;12;2043.2;1206.18;4251438412323;;;;2026;0;80.890;0;;0;0;0;0;
U5285031GTK;OTRD280G69006SA81;GTK;16.9 - 28  AS100  10PR  [139 A6]  TT;16.9;82;28;A6;139 A6;26;1933.6;1141.5;4251438410435;;;;2025,2026;0;75.230;0;;0;0;0;0;
U5302051GTK;OTRD300G69006SA80;GTK;16.9 - 30  AS100  14PR  [150 A6]  TT;16.9;82;30;A6;150 A6;2;2187.2;1250.58;4251438410466;;;;2026;0;84.350;0;;0;0;0;0;
U5302031GTK;OTRD300G69006SA82;GTK;16.9 - 30  AS100  10PR  [144 A6]  TT;16.9;82;30;A6;144 A6;12;1926.2;1148.66;4251438410459;;;;2026;0;78.790;0;;0;0;0;0;
U5303261GTK;OTRD300G84006SA81;GTK;18.4 - 30  AS100  16PR  [158 A6]  TT;18.4;82;30;A6;158 A6;8;2828;1651.3;4251438412767;;;;2026;0;103.520;0;;0;0;0;0;
U5323021GTK;OTRD320G24006SA80;GTK;12.4 - 32  AS100  8PR  [125 A6]  TT;12.4;82;32;A6;125 A6;3;1348.5;783.02;4251438410503;;;;2026;0;52.400;0;;0;0;0;0;
U5341051GTK;OTRD340G69006SA80;GTK;16.9 - 34  AS100  14PR  [148 A6]  TT;16.9;82;34;A6;148 A6;10;2275.4;1343.19;4251438410510;;;;2026;0;90.200;0;;0;0;0;0;
U5342051GTK;OTRD340G84006SA80;GTK;18.4 - 34  AS100  14PR  [153 A6]  TT;18.4;82;34;A6;153 A6;4;2606;1543.5;4251438412392;;;;2026;0;107.080;0;;0;0;0;0;
U5342061GTK;OTRD340G84006SA81;GTK;18.4 - 34  AS100  16PR  [159 A6]  TT;18.4;82;34;A6;159 A6;4;2878.2;1656.69;4251438412408;;;;2026;0;110.500;0;;0;0;0;0;
U5342031GTK;OTRD340G84006SA82;GTK;18.4 - 34  AS100  10PR  [146 A6]  TT;18.4;82;34;A6;146 A6;11;2417.5;1368.57;4251438410527;;;;2025,2026;0;101.100;0;;0;0;0;0;
U5361021GTK;OTRD360G24006SA80;GTK;12.4 - 36  AS100  8PR  [126 A6]  TT;12.4;82;36;A6;126 A6;2;1532.4;871.61;4251438410534;;;;2025;0;57.850;0;;0;0;0;0;
U5382031GTK;OTRD380G36006SA80;GTK;13.6 - 38  AS100  10PR  [135 A6]  TT;13.6;82;38;A6;135 A6;3;1974.5;1132.29;4251438410565;;;;2026;0;75.550;0;;0;0;0;0;
U5384041GTK;OTRD380G55006SA80;GTK;15.5 - 38  AS100  12PR  [141 A6]  TT;15.5;82;38;A6;141 A6;12;2020;1175.02;4251438412460;;;;2026;0;82.860;0;;0;0;0;0;
U5385031GTK;OTRD380G69006SA81;GTK;16.9 - 38  AS100  10PR  [145 A6]  TT;16.9;82;38;A6;145 A6;1;2255.9;1331.72;4251438410589;;;;2026;0;94.600;0;;0;0;0;0;
UR8520280102GTK;OTRR2002808582SR0;GTK;280/85  R20  (11.2  R20)  RS200  [112 A8/109 B]  TL;280;85;20;A8;112 A8/109 B;3;1017;607.31;4251438411227;;;;2026;0;41.130;0;;0;0;0;0;
UR7020360102GTK;OTRR2003607082SR0;GTK;360/70  R20  RS200  [129 A8/129 B]  TL;360;70;20;A8;129 A8/129 B;5;1517.6;924.73;4251438411043;;;;2026;0;56.810;0;;0;0;0;0;
UR8524280102GTK;OTRR2402808582SR0;GTK;280/85  R24  (11.2  R24)  RS200  [115 A8/112 B]  TL;280;85;24;A8;115 A8/112 B;4;1121;656.01;4251438411241;;;;2026;0;47.820;0;;0;0;0;0;
UR7024320102GTK;OTRR2403207082SR0;GTK;320/70  R24  RS200  [116 A8/116 B]  TL;320;70;24;A8;116 A8/116 B;4;1343.9;794.49;4251438411050;;;;2025,2026;0;53.520;0;;0;0;0;0;
UR7024380102GTK;OTRR2403807082SR0;GTK;380/70  R24  RS200  [125 A8/125 B]  TL;380;70;24;A8;125 A8/125 B;1;1948.5;1131.9;4251438411074;;;;2026;0;69.510;0;;0;0;0;0;
UR7024380302GTK;OTRR240380708AGA0;GTK;380/70  R24  AGR ALFA  [128 A8/125 D]  TL;380;70;24;A8;128 A8/125 D;6;1948.5;1110.93;4251438413764;;;;2025,2026;0;67.000;0;;0;0;0;0;
UR7024420102GTK;OTRR2404207082SR0;GTK;420/70  R24  RS200  [130 A8/130 B]  TL;420;70;24;A8;130 A8/130 B;3;2255.9;1358.87;4251438410725;;;;2025;0;84.300;0;;0;0;0;0;
UR7024460102GTK;OTRR2404607082SR0;GTK;460/70  R24  (17.5L  R24)  RS200  [159 A8]  TL;460;70;24;A8;159 A8;7;2491.8;1420.02;4251438411081;;;;2026;0;94.800;0;;0;0;0;0;
UR8528320102GTK;OTRR2803208582SR0;GTK;320/85  R28  (12.4  R28)  RS200  [124 A8/121 B]  TL;320;85;28;A8;124 A8/121 B;2;1684.7;969.22;4251438410824;;;;2026;0;62.610;0;;0;0;0;0;
UR7028380102GTK;OTRR2803807082SR0;GTK;380/70  R28  RS200  [127 A8/127 B]  TL;380;70;28;A8;127 A8/127 B;7;2108.2;1218.73;4251438411104;;;;2025;0;76.010;0;;0;0;0;0;
UR7028380302GTK;OTRR280380708AGA0;GTK;380/70  R28  AGR ALFA  [130 A8/127 D]  TL;380;70;28;A8;130 A8/127 D;2;2108.2;1224.02;4251438413788;;;;2026;0;61.000;0;;0;0;0;0;
UR7028420102GTK;OTRR2804207082SR0;GTK;420/70  R28  RS200  [133 A8/133 B]  TL;420;70;28;A8;133 A8/133 B;4;2340.4;1351.42;4251438411111;;;;2025,2026;0;91.300;0;;0;0;0;0;
UR8528420102GTK;OTRR2804208582SR0;GTK;420/85  R28  (16.9  R28)  RS200  [139 A8/136 B]  TL;420;85;28;A8;139 A8/136 B;3;2724.9;1541.64;4251438410848;;;;2026;0;102.350;0;;0;0;0;0;
UR8528420302GTK;OTRR280420858AGA0;GTK;420/85  R28  AGR ALFA  [139 A8/139 B]  TL;420;85;28;A8;139 A8/139 B;1;2724.9;1537.82;4251438413849;;;;2026;0;101.000;0;;0;0;0;0;
UR6528480102GTK;OTRR2804806582SR0;GTK;480/65  R28  RS200  [145 A8/142 D]  TL;480;65;28;A8;145 A8/142 D;3;2789;1593.28;4251438410930;;;;2026;0;102.500;0;;0;0;0;0;
UR6528540102GTK;OTRR2805406582SR0;GTK;540/65  R28  RS200  [152 A8/149 D]  TL;540;65;28;A8;152 A8/149 D;4;3654.6;2075.25;4251438410664;;;;2026;0;129.240;0;;0;0;0;0;
UR6528600102GTK;OTRR2806006582SR0;GTK;600/65  R28  RS200  [157 A8/154 D]  TL;600;65;28;A8;157 A8/154 D;2;4457;2586.22;4251438412903;;;;2026;0;162.000;0;;0;0;0;0;
UR7030420102GTK;OTRR3004207082SR0;GTK;420/70  R30  RS200  [134 A8/131 B]  TL;420;70;30;A8;134 A8/131 B;1;2632;1503.03;4251438411128;;;;2024;0;97.600;0;;0;0;0;0;
UR8530420102GTK;OTRR3004208582SR0;GTK;420/85  R30  (16.9  R30)  RS200  [140 A8/137 B]  TL;420;85;30;A8;140 A8/137 B;2;2903.2;1661.1;4251438411302;;;;2025;0;108.700;0;;0;0;0;0;
UR6530540102GTK;OTRR3005406582SR0;GTK;540/65  R30  RS200  [153 A8/150 D]  TL;540;65;30;A8;153 A8/150 D;1;3786.5;2209.8;4251438410671;;;;2026;0;138.400;0;;0;0;0;0;
UR6530540302GTK;OTRR30054065DAGA0;GTK;540/65  R30  AGR ALFA  [150 D/153 A8]  TL;540;65;30;D;150 D/153 A8;2;3786.5;2172.27;4251438414037;;;;2026;0;137.000;0;;0;0;0;0;
UR7030600102GTK;OTRR3006007082SR0;GTK;600/70  R30  RS200  [158 A8/156 B]  TL;600;70;30;A8;158 A8/156 B;1;5113.6;2924.71;4251438410763;;;;2025;0;175.000;0;;0;0;0;0;
UR7532650112GTK;OTRR3206507582SS0;GTK;650/75  R32  (24.5  R32)  RS220  [172 A8/172 B]  TL;650;75;32;A8;172 A8/172 B;2;7409.5;4267.02;4251438411197;;;;2026;0;268.590;0;;0;0;0;0;
UR8534420102GTK;OTRR3404208582SR0;GTK;420/85  R34  (16.9  R34)  RS200  [142 A8/139 B]  TL;420;85;34;A8;142 A8/139 B;13;3052.8;1802.12;4251438411333;;;;2025,2026;0;121.300;0;;0;0;0;0;
UR8534460102GTK;OTRR3404608582SR0;GTK;460/85  R34  (18.4  R34)  RS200  [147 A8/144 B]  TL;460;85;34;A8;147 A8/144 B;4;3592.3;2096.22;4251438410855;;;;2026;0;140.990;0;;0;0;0;0;
UR7034520302GTK;OTRR340520708AGA0;GTK;520/70  R34  AGR ALFA  [151 A8/148 D]  TL;520;70;34;A8;151 A8/148 D;2;4429.1;2521.54;4251438413719;;;;2024;0;152.000;0;;0;0;0;0;
UR6534540302GTK;OTRR340540658AGA0;GTK;540/65  R34  AGR ALFA  [155 A8/152 D]  TL;540;65;34;A8;155 A8/152 D;2;4105;2342.4;4251438413962;;;;2024;0;122.000;0;;0;0;0;0;
UR8538460102GTK;OTRR3804608582SR0;GTK;460/85  R38  (18.4  R38)  RS200  [149 A8/146 B]  TL;460;85;38;A8;149 A8/146 B;4;3947.1;2227.15;4251438410886;;;;2026;0;155.000;0;;0;0;0;0;
UR7038480102GTK;OTRR3804807082SR0;GTK;480/70  R38  RS200  [145 A8/142 B]  TL;480;70;38;A8;145 A8/142 B;4;3903.5;2207.94;4251438410770;;;;2025,2026;0;131.000;0;;0;0;0;0;
UR7038520102GTK;OTRR3805207082SR0;GTK;520/70  R38  RS200  [150 A8/147 B]  TL;520;70;38;A8;150 A8/147 B;2;4820.1;2752.82;4251438411142;;;;2024;0;177.470;0;;0;0;0;0;
UR7038520302GTK;OTRR38052070DAGA0;GTK;520/70  R38  AGR ALFA  [150 D]  TL;520;70;38;D;150 D;4;4820.1;2752.82;4251438413443;;;;2023,2025,2026;0;174.000;0;;0;0;0;0;
UR8538520102GTK;OTRR3805208582SR0;GTK;520/85  R38  (20.8  R38)  RS200  [155 A8/152 B]  TL;520;85;38;A8;155 A8/152 B;4;5452.6;3106.6;4251438410893;;;;2026;0;193.700;0;;0;0;0;0;
UR8538520302GTK;OTRR380520858AGA0;GTK;520/85  R38  AGR ALFA  [155 A8/155 B]  TL;520;85;38;A8;155 A8/155 B;4;5452.6;3075.53;4251438413856;;;;2025,2026;0;196.000;0;;0;0;0;0;
UR7038580102GTK;OTRR3805807082SR0;GTK;580/70  R38  RS200  [155 A8/152 B]  TL;580;70;38;A8;155 A8/152 B;2;5691.3;3233.02;4251438410787;;;;2025;0;207.740;0;;0;0;0;0;
UR7038580302GTK;OTRR38058070DAGA0;GTK;580/70  R38  AGR ALFA  [155 D]  TL;580;70;38;D;155 D;2;5691.3;3242.82;4251438413733;;;;2025;0;201.000;0;;0;0;0;0;
UR6538600102GTK;OTRR3806006582SR0;GTK;600/65  R38  RS200  [162 A8/159 D]  TL;600;65;38;A8;162 A8/159 D;4;5301.2;3091.9;4251438410701;;;;2024,2026;0;195.200;0;;0;0;0;0;
UR6538650102GTK;OTRR3806506582SR0;GTK;650/65  R38  RS200  [166 A8/163 D]  TL;650;65;38;A8;166 A8/163 D;2;6465.9;3723.61;4251438410718;;;;2024;0;210.000;0;;0;0;0;0;
UR6538650302GTK;OTRR380650658AGA0;GTK;650/65  R38  AGR ALFA  [166 A8/163 D]  TL;650;65;38;A8;166 A8/163 D;2;6465.9;3646.97;;;;;2024;0;201.000;0;;0;0;0;0;
UR9542270102GTK;OTRR4202709582SR0;GTK;270/95  R42  (11.2  R42)  RS200  [141 A8]  TL;270;95;42;A8;141 A8;2;2186.2;1264.79;4251438413481;;;;2026;0;79.100;0;;0;0;0;0;
UR6542650102GTK;OTRR4206506582SR0;GTK;650/65  R42  RS200  [168 A8/165 D]  TL;650;65;42;A8;168 A8/165 D;1;7282.2;4150.3;4251438410954;;;;2026;0;253.100;0;;0;0;0;0;
UR7042710102GTK;OTRR4207107082SR0;GTK;710/70  R42  RS200  [176 A8/173 D]  TL;710;70;42;A8;176 A8/173 D;2;9984.8;5626.57;4251438411166;;;;2024;0;365.230;0;;0;0;0;0;
UR9546300102GTK;OTRR4603009582SR0;GTK;300/95  R46  (12.4  R46)  RS200  [148 A8/148 B]  TL;300;95;46;A8;148 A8/148 B;1;2720.3;1605.83;4251438411494;;;;2025;0;94.690;0;;0;0;0;0;
U2161031OZK;OZPD160E6500LKNW2;Ozka;6.50 - 16C  KNK 20  10PR  [108/107] L  TT;6.50;82;16;L;108/107;25;448.58;274.3;4251438402713;;;;2026;0;15.320;0;;0;0;0;0;
U6161242OZK;OZPD165F00003IN80;Ozka;10 - 16.5  IND 80  12PR  [138 A3]  TL;10;82;16.5;A3;138 A3;4;635.26;396.31;4251438402331;;;;2026;0;28.800;0;;0;0;0;0;
U6161142OZK;OZPD165F00003KN91;Ozka;10 - 16.5  KNK 66  12PR  [138 A3]  TL;10;82;16.5;A3;138 A3;4;773.64;456.19;4251438406483;;;;2026;0;28.800;0;;0;0;0;0;
;OZPD165F00003STRD;Ozka;10 - 16.5  STR 40 ULMAX 12PR  [138 A3]  TT  DA;10;82;16.5;A3;138 A3;1;551.27;322.42;;;;;2024;0;28.800;0;;0;0;0;0;
U6162252OZK;OZPD165F20003IN80;Ozka;12 - 16.5  IND 80  14PR  [148 A3]  TL;12;82;16.5;A3;148 A3;8;834;493.33;4251438402348;;;;2026;0;35.500;0;;0;0;0;0;
U6162052OZK;OZPD165F20003KN50;Ozka;12 - 16.5  KNK 65  14PR  [148 A3]  TL;12;82;16.5;A3;148 A3;8;1136.77;671.99;4251438402324;;;;2026;0;35.500;0;;0;0;0;0;
U6162152OZK;OZPD165F20003KN90;Ozka;12 - 16.5  KNK 66  14PR  [148 A3]  TL;12;82;16.5;A3;148 A3;4;1136.77;671.99;4251438406452;;;;2026;0;35.500;0;;0;0;0;0;
U6204041OZK;OZPD200G2500FK120;Ozka;12.5 - 20  KNK 12  12PR  [132 F]  TT;12.5;82;20;F;132 F;1;1353.17;773.22;4251438402805;;;;2026;0;44.210;0;;0;0;0;0;
U6206052OZK;OZPD200G4580DIN70;Ozka;14.5 - 20  IND 88  R-4  14PR  [143 D]  TL;14.5;80;20;D;143 D;4;1511.98;893.76;4251438403772;;;;2026;0;55.600;0;;0;0;0;0;
U6207262OZK;OZPD200G60702IN7T;Ozka;16.0/70 - 20  (405/70 - 20)  IND 88  R-4  16PR  [166 A2]  TL;16.0;70;20;A2;166 A2;4;1830.54;1082.02;4251438406506;;;;2026;0;65.260;0;;0;0;0;0;
U6207062OZK;OZPD200G60702IN80;Ozka;16.0/70 - 20  (405/70 - 20)  IND 80  R-4  16PR  [166 A2]  TL;16.0;70;20;A2;166 A2;13;1830.54;1071.34;4251438402379;;;;2026;0;66.820;0;;0;0;0;0;
U6207162OZK;OZPD200G60702IN81;Ozka;405/70 - 20  (16.0/70 - 20)  IND 80  R-4  16PR  [166 A2]  TL;16.0;70;20;A2;166 A2;2;1830.54;1082.02;4251438406841;;;;2026;0;67.000;0;;0;0;0;0;
U6202061OZK;OZPD200H00008K441;Ozka;10.00 - 20  KNK 44  16PR  [146 A8/143 A8]  TT;10.00;82;20;A8;146 A8/143 A8;2;1273.3;728.92;4251438402294;;;;2026;0;46.750;0;;0;0;0;0;
U6203061OZK;OZPD200H100028KN1;Ozka;11.00 - 20  KNK 88  COMPACTOR  C-1  16PR  [168 A2]  TT;11.00;82;20;A2;168 A2;1;1946.63;1149.15;4251438402645;;;;2026;0;72.900;0;;0;0;0;0;
U6245062OZK;OZPD240G60702IN80;Ozka;16.0/70 - 24  (400/70 - 24)  IND 80  R-4  16PR  [169 A2]  TL;16.0;70;24;A2;169 A2;9;2215.03;1279.68;4251438402393;;;;2026;0;79.230;0;;0;0;0;0;
U6247052OZK;OZPD240G75008IN80;Ozka;17.5L - 24  IND 80  R-4  14PR  [154 A8]  TL;17.5;82;24;A8;154 A8;10;2054.36;1176.49;4251438402416;;;;2026;0;79.200;0;;0;0;0;0;
U6241062OZK;OZPD240H30008KN20;Ozka;13.00 - 24  KNK 72  G-2  16PR  [151 A8]  TL;13.00;82;24;A8;151 A8;2;1941.99;1113.08;4251438402584;;;;2026;0;69.690;0;;0;0;0;0;
U6251052OZK;OZPD250G55002IN80;Ozka;15.5 - 25  IND 80  G2-L2  14PR  [173 A2]  TL;15.5;82;25;A2;173 A2;4;2372.92;1429.43;4251438402423;;;;2026;0;86.120;0;;0;0;0;0;
U6251062OZK;OZPD250G55002KN70;Ozka;15.5 - 25  KNK 70  E-3/L-3  16PR  [175 A2]  TL;15.5;82;25;A2;175 A2;4;2874.44;1696.87;4251438403901;;;;2024,2026;0;102.600;0;;0;0;0;0;
U6252082OZK;OZPD250G75002KN70;Ozka;17.5 - 25  KNK 70  E-3/L-3  20PR  [181 A2]  TL;17.5;82;25;A2;181 A2;2;3653.65;2156.88;4251438402508;;;;2026;0;134.750;0;;0;0;0;0;
U6261052OZK;OZPD260G84008IN80;Ozka;18.4 - 26  IND 80  R-4  14PR  [160 A8]  TL;18.4;82;26;A8;160 A8;13;2913.44;1708.53;4251438402430;;;;2026;0;107.080;0;;0;0;0;0;
U6262052OZK;OZPD260L31008K770;Ozka;23.1 - 26  KNK 77 COMPACTOR  R-3  14PR  [166 A8]  TL;23.1;82;26;A8;166 A8;3;3968.49;2292.22;4251438402621;;;;2026;0;139.420;0;;0;0;0;0;
U6281052OZK;OZPD280G69008IN80;Ozka;16.9 - 28  IND 80  R-4  14PR  [156 A8]  TL;16.9;82;28;A8;156 A8;7;2549.38;1535.66;4251438402447;;;;2026;0;94.400;0;;0;0;0;0;
UR7024460712OZK;OZPR2404607080710;Ozka;460/70  R24  (17.5L  R24)  OR 71  [159 A8/159 B]  TL;460;70;24;A8;159 A8/159 B;14;2867.01;1674.82;4251438406445;;;;2026;0;111.000;0;;0;0;0;0;
UR8028440712OZK;OZPR2804408080710;Ozka;440/80  R28  (16.9  R28)  OR 71  [156 A8/156 B]  TL;440;80;28;A8;156 A8/156 B;1;3249.65;1900.61;4251438403062;;;;2026;0;121.000;0;;0;0;0;0;
U1121001OZK;OZRD120E50006K520;Ozka;5.00 - 12  KNK 52  4PR  [62 A6]  TT;5.00;82;12;A6;62 A6;19;175.53;103.59;4251438402225;;;;2026;0;4.200;0;;0;0;0;0;
U1123011OZK;OZRD120E70006K520;Ozka;7.00 - 12  KNK 52  6PR  [83 A6]  TT;7.00;82;12;A6;83 A6;12;325.99;203.35;4251438402232;;;;2026;0;9.930;0;;0;0;0;0;
U1124032OZK;OZRD120G10808K241;Ozka;10.0/80 - 12  KNK 42  10PR  [117 A8]  TL;10.0;80;12;A8;117 A8;6;408.64;238.92;4251438402287;;;;2026;0;14.500;0;;0;0;0;0;
U1152011OZK;OZRD150E65806KNK0;Ozka;6.50/80 - 15  KNK 50  6PR  [86 A6]  TT;6.50;80;15;A6;86 A6;19;220.11;132.99;4251438402201;;;;2026;0;7.890;0;;0;0;0;0;
U3151021OZK;OZRD150E75006KNK0;Ozka;7.50 - 15  KNK 50  8PR  [99 A6]  TT;7.50;82;15;A6;99 A6;8;346.42;209.62;4251438401167;;;;2026;0;12.980;0;;0;0;0;0;
U4152152OZK;OZRD153G15808K520;Ozka;11.5/80 - 15.3  KNK 52  14PR  [139 A8]  TL;11.5;80;15.3;A8;139 A8;17;686.34;415.32;4251438402140;;;;2026;0;23.200;0;;0;0;0;0;
U4153772OZK;OZRD155400608KN60;Ozka;400/60 - 15.5  KNK 56  18PR  [151 A8]  TL;400;60;15.5;A8;151 A8;7;977.96;569.48;4251438402164;;;;2026;0;40.240;0;;0;0;0;0;
U3161011OZK;OZRD160E55006KN80;Ozka;5.50 - 16  KNK 35  6PR  [86 A6]  TT;5.50;82;16;A6;86 A6;2;248.9;143.08;4251438401037;;;;2026;0;9.330;0;;0;0;0;0;
U3162321OZK;OZRD160E60006KNK0;Ozka;6.00 - 16  KNK 50  8PR  [93 A6]  TT  jode³ka;6.00;82;16;A6;93 A6;14;267.48;161.7;4251438401181;;;;2026;0;10.000;0;;0;0;0;0;
U3162311OZK;OZRD160E60006KNK1;Ozka;6.00 - 16  KNK 50  6PR  [88 A6]  TT  jode³ka;6.00;82;16;A6;88 A6;14;250.76;156.41;4251438401174;;;;2026;0;10.600;0;;0;0;0;0;
U3162011OZK;OZRD160E60006KNX2;Ozka;6.00 - 16  KNK 30  6PR  [88 A6]  TT;6.00;82;16;A6;88 A6;8;250.76;153.27;4251438400856;;;;2026;0;9.900;0;;0;0;0;0;
U3162021OZK;OZRD160E60006KNX3;Ozka;6.00 - 16  KNK 30  8PR  [93 A6]  TT;6.00;82;16;A6;93 A6;10;267.48;166.89;4251438400863;;;;2026;0;10.000;0;;0;0;0;0;
U3163121OZK;OZRD160E65006KN40;Ozka;6.50 - 16  KNK 33  8PR  [97 A6]  TT;6.50;82;16;A6;97 A6;18;314.84;192.47;4251438400993;;;;2026;0;11.320;0;;0;0;0;0;
U3163111OZK;OZRD160E65006KN42;Ozka;6.50 - 16  KNK 33  6PR  [91 A6]  TT;6.50;82;16;A6;91 A6;9;299.98;181.5;4251438400986;;;;2026;0;11.170;0;;0;0;0;0;
U3163321OZK;OZRD160E65006KNK0;Ozka;6.50 - 16  KNK 50  8PR  [97 A6]  TT;6.50;82;16;A6;97 A6;8;314.84;187.28;4251438401204;;;;2026;0;11.490;0;;0;0;0;0;
U3163311OZK;OZRD160E65006KNK1;Ozka;6.50 - 16  KNK 50  6PR  [91 A6]  TT;6.50;82;16;A6;91 A6;2;299.98;183.46;4251438401198;;;;2026;0;11.340;0;;0;0;0;0;
U3164221OZK;OZRD160E75006KN40;Ozka;7.50 - 16  KNK 33  8PR  [103 A6]  TT;7.50;82;16;A6;103 A6;1;380.78;234.22;4251438401013;;;;2026;0;13.870;0;;0;0;0;0;
U3164211OZK;OZRD160E75006KN41;Ozka;7.50 - 16  KNK 33  6PR  [98 A6]  TT;7.50;82;16;A6;98 A6;3;366.85;219.91;4251438401006;;;;2026;0;13.880;0;;0;0;0;0;
U3164311OZK;OZRD160E75006KN80;Ozka;7.50 - 16  KNK 35  6PR  [98 A6]  TT;7.50;82;16;A6;98 A6;5;366.85;216.09;4251438401099;;;;2026;0;13.780;0;;0;0;0;0;
U3164421OZK;OZRD160E75006KNK0;Ozka;7.50 - 16  KNK 50  8PR  [103 A6]  TT;7.50;82;16;A6;103 A6;8;380.78;234.22;4251438401211;;;;2026;0;13.870;0;;0;0;0;0;
U4162041OZK;OZRD160E90006K6N0;Ozka;9.00 - 16  KNK 26  12PR  [125 A6]  TT;9.00;82;16;A6;125 A6;3;651.04;393.96;4251438402027;;;;2026;0;25.070;0;;0;0;0;0;
U4162051OZK;OZRD160E90006K6N1;Ozka;9.00 - 16  KNK 26  14PR  [128 A6]  TT;9.00;82;16;A6;128 A6;4;660.33;391.02;4251438402034;;;;2026;0;26.740;0;;0;0;0;0;
U4162151OZK;OZRD160E90006K7N1;Ozka;9.00 - 16  KNK 27  14PR  [128 A6]  TT;9.00;82;16;A6;128 A6;5;660.33;403.76;4251438402058;;;;2026;0;25.350;0;;0;0;0;0;
U3166021OZK;OZRD160E90006KN80;Ozka;9.00 - 16  KNK 35  8PR  [111 A6]  TT;9.00;82;16;A6;111 A6;1;627.83;383.87;4251438401112;;;;2026;0;23.410;0;;0;0;0;0;
U4163041OZK;OZRD160G05658K430;Ozka;10.5/65 - 16  KNK 48  12PR  [126 A8]  TT;10.5;65;16;A8;126 A8;7;501.52;306.64;4251438402126;;;;2026;0;19.370;0;;0;0;0;0;
U3167021OZK;OZRD160H00006KN80;Ozka;10.00 - 16  KNK 35  8PR  [115 A6]  TT;10.00;82;16;A6;115 A6;9;673.33;411.7;4251438401129;;;;2026;0;25.560;0;;0;0;0;0;
U3168021OZK;OZRD160H10006KN80;Ozka;11.00 - 16  KNK 35  8PR  [118 A6]  TT;11.00;82;16;A6;118 A6;4;822.86;497.94;4251438401136;;;;2025;0;30.600;0;;0;0;0;0;
U4173052OZK;OZRD170500508K471;Ozka;500/50 - 17  KNK 46  14PR  [149 A8]  TL;500;50;17;A8;149 A8;6;1320.66;804.78;4251438402188;;;;2026;0;53.400;0;;0;0;0;0;
U3181021OZK;OZRD180E75006KN30;Ozka;7.50 - 18  KNK 32  8PR  [106 A6]  TT;7.50;82;18;A6;106 A6;5;439.29;260.97;4251438400931;;;;2026;0;15.990;0;;0;0;0;0;
U3181421OZK;OZRD180E75006KNK0;Ozka;7.50 - 18  KNK 50  8PR  [106 A6]  TT;7.50;82;18;A6;106 A6;3;439.29;274.11;4251438401228;;;;2026;0;14.700;0;;0;0;0;0;
U4181041OZK;OZRD180G05808K430;Ozka;10.5/80 - 18  KNK 48  12PR  [135 A8]  TT;10.5;80;18;A8;135 A8;1;650.11;405.62;4251438401976;;;;2026;0;23.630;0;;0;0;0;0;
U4183061OZK;OZRD180G30658K430;Ozka;13.0/65 - 18  KNK 48  16PR  [144 A8]  TT;13.0;65;18;A8;144 A8;2;824.72;514.5;4251438401990;;;;2026;0;30.380;0;;0;0;0;0;
U3191011OZK;OZRD190E60006KN40;Ozka;6.00 - 19  KNK 33  6PR  [93 A6]  TT;6.00;82;19;A6;93 A6;8;286.05;178.46;4251438401020;;;;2026;0;10.960;0;;0;0;0;0;
U4201051OZK;OZRD200A82006K5N0;Ozka;8.25 - 20  KNK 25  14PR  [133 A6]  TT;8.25;82;20;A6;133 A6;29;828.43;506.56;4251438402010;;;;2026;0;32.550;0;;0;0;0;0;
U3203021OZK;OZRD200D95006KNK2;Ozka;9.5 - 20  KNK 50  8PR  [106 A6]  TT;9.5;82;20;A6;106 A6;1;594.39;357.7;4251438401242;;;;2026;0;21.690;0;;0;0;0;0;
U3201021OZK;OZRD200E65006KN30;Ozka;6.50 - 20  KNK 32  8PR  [102 A6]  TT;6.50;82;20;A6;102 A6;29;390.07;236.08;4251438400948;;;;2026;0;14.420;0;;0;0;0;0;
U3202021OZK;OZRD200E75006KN30;Ozka;7.50 - 20  KNK 32  8PR  [108 A6]  TT;7.50;82;20;A6;108 A6;22;482.94;295.27;4251438400955;;;;2026;0;16.840;0;;0;0;0;0;
U3202121OZK;OZRD200E75006KNK0;Ozka;7.50 - 20  KNK 50  8PR  [108 A6]  TT;7.50;82;20;A6;108 A6;13;482.94;283.32;4251438401235;;;;2026;0;16.340;0;;0;0;0;0;
U4202051OZK;OZRD200E90006K2N0;Ozka;9.00 - 20  KNK 22  14PR  [133 A6]  TT;9.00;82;20;A6;133 A6;11;943.6;574.97;4251438402065;;;;2026;0;35.790;0;;0;0;0;0;
U5243041OZK;OZRD240G12006KNK0;Ozka;11.2 - 24  KNK 50  12PR  [122 A6]  TT;11.2;82;24;A6;122 A6;9;910.16;562.13;4251438401341;;;;2026;0;37.130;0;;0;0;0;0;
U5243021OZK;OZRD240G12006KNK1;Ozka;11.2 - 24  KNK 50  8PR  [116 A6]  TT;11.2;82;24;A6;116 A6;10;831.22;498.82;4251438401334;;;;2026;0;32.830;0;;0;0;0;0;
U5244041OZK;OZRD240G24006KNK0;Ozka;12.4 - 24  KNK 50  12PR  [124 A6]  TT;12.4;82;24;A6;124 A6;22;1111.7;677.47;4251438401372;;;;2026;0;45.800;0;;0;0;0;0;
U5244021OZK;OZRD240G24006KNK1;Ozka;12.4 - 24  KNK 50  8PR  [118 A6]  TT;12.4;82;24;A6;118 A6;9;1072.69;622.3;4251438401365;;;;2026;0;42.500;0;;0;0;0;0;
U5245041OZK;OZRD240G36006KNK0;Ozka;13.6 - 24  KNK 50  12PR  [129 A6]  TT;13.6;82;24;A6;129 A6;2;1205.5;734.61;4251438401402;;;;2026;0;49.530;0;;0;0;0;0;
U5246021OZK;OZRD240G49006KNK1;Ozka;14.9 - 24  KNK 50  8PR  [128 A6]  TT;14.9;82;24;A6;128 A6;1;1348.52;821.73;4251438401426;;;;2026;0;50.960;0;;0;0;0;0;
U5247062OZK;OZRD240G55806KNK0;Ozka;15.5/80 - 24  KNK 50  16PR  [163 A6]  TL;15.5;80;24;A6;163 A6;7;1804.53;1055.46;4251438401457;;;;2026;0;72.200;0;;0;0;0;0;
U5247042OZK;OZRD240G55806KNK1;Ozka;15.5/80 - 24  KNK 50  12PR  TL;15.5;80;24;A6;;3;1699.59;988.23;4251438403505;;;;2026;0;70.160;0;;0;0;0;0;
U5248031OZK;OZRD240G69008KNK1;Ozka;16.9 - 24  KNK 50  10PR  TT;16.9;82;24;A8;;2;1772.96;1043.7;4251438403437;;;;2026;0;67.800;0;;0;0;0;0;
U5248051OZK;OZRD240G69008KNK2;Ozka;16.9 - 24  KNK 50  14PR  [141 A6]  TT;16.9;82;24;A8;141 A6;8;1895.55;1103.48;4251438403444;;;;2025,2026;0;67.800;0;;0;0;0;0;
U5261051OZK;OZRD260G49006KNK1;Ozka;14.9 - 26  KNK 50  14PR  [140 A6]  TT;14.9;82;26;A6;140 A6;13;1681.01;1003.91;4251438401471;;;;2026;0;64.110;0;;0;0;0;0;
U5281021OZK;OZRD280G12006KNK0;Ozka;11.2 - 28  KNK 50  8PR  [118 A6]  TT;11.2;82;28;A6;118 A6;10;1011.39;575.26;4251438401525;;;;2026;0;39.850;0;;0;0;0;0;
U5282021OZK;OZRD280G24006KNK0;Ozka;12.4 - 28  KNK 50  8PR  [125 A6]  TT;12.4;82;28;A6;125 A6;6;1147.92;699.52;4251438401549;;;;2026;0;45.410;0;;0;0;0;0;
U5285051OZK;OZRD280G69006KNK0;Ozka;16.9 - 28  KNK 50  14PR  [143 A6]  TT;16.9;82;28;A6;143 A6;5;2043.22;1206.18;4251438401624;;;;2026;0;80.890;0;;0;0;0;0;
U5285031OZK;OZRD280G69006KNK1;Ozka;16.9 - 28  KNK 50  10PR  [139 A6]  TT;16.9;82;28;A6;139 A6;13;1933.63;1141.5;4251438401617;;;;2026;0;75.230;0;;0;0;0;0;
U5302051OZK;OZRD300G69006KNK0;Ozka;16.9 - 30  KNK 50  14PR  [150 A6]  TT;16.9;82;30;A6;150 A6;4;2187.17;1250.58;4251438401662;;;;2026;0;84.350;0;;0;0;0;0;
U5302031OZK;OZRD300G69006KNK2;Ozka;16.9 - 30  KNK 50  10PR  [144 A6]  TT;16.9;82;30;A6;144 A6;4;1926.2;1148.66;4251438401655;;;;2026;0;78.790;0;;0;0;0;0;
U5303261OZK;OZRD300G84006KNK1;Ozka;18.4 - 30  KNK 50  16PR  [158 A6]  TT;18.4;82;30;A6;158 A6;2;2828;1651.3;4251438401709;;;;2026;0;103.520;0;;0;0;0;0;
U5303031OZK;OZRD300G84006KNK2;Ozka;18.4 - 30  KNK 50  10PR  [145 A6]  TT;18.4;82;30;A6;145 A6;1;2308.84;1362.98;4251438401686;;;;2026;0;95.070;0;;0;0;0;0;
U5304072OZK;OZRD300L31006KNK0;Ozka;23.1 - 30  KNK 50  18PR  [160 A6]  TL;23.1;82;30;A6;160 A6;1;5494.4;3193.82;4251438401716;;;;2026;0;197.220;0;;0;0;0;0;
U5321021OZK;OZRD320D83006KNK0;Ozka;8.3 - 32  KNK 50  8PR  [111 A6]  TT;8.3;82;32;A6;111 A6;4;755.06;446.59;4251438401723;;;;2026;0;26.400;0;;0;0;0;0;
U5322021OZK;OZRD320D95006KNK0;Ozka;9.5 - 32  KNK 50  8PR  [115 A6]  TT;9.5;82;32;A6;115 A6;6;994.68;587.9;4251438401730;;;;2026;0;35.160;0;;0;0;0;0;
U5323021OZK;OZRD320G24006KNK0;Ozka;12.4 - 32  KNK 50  8PR  [125 A6]  TT;12.4;82;32;A6;125 A6;33;1348.52;783.02;4251438401747;;;;2026;0;52.400;0;;0;0;0;0;
U5341051OZK;OZRD340G69006KNK0;Ozka;16.9 - 34  KNK 50  14PR  [148 A6]  TT;16.9;82;34;A6;148 A6;11;2275.4;1343.19;4251438401761;;;;2026;0;90.200;0;;0;0;0;0;
U5342051OZK;OZRD340G84006KNK0;Ozka;18.4 - 34  KNK 50  14PR  [153 A6]  TT;18.4;82;34;A6;153 A6;12;2606.03;1543.5;4251438401785;;;;2026;0;107.080;0;;0;0;0;0;
U5342061OZK;OZRD340G84006KNK1;Ozka;18.4 - 34  KNK 50  16PR  [159 A6]  TT;18.4;82;34;A6;159 A6;6;2878.15;1656.69;4251438401792;;;;2026;0;110.500;0;;0;0;0;0;
U5342031OZK;OZRD340G84006KNK2;Ozka;18.4 - 34  KNK 50  10PR  [146 A6]  TT;18.4;82;34;A6;146 A6;1;2417.5;1368.57;4251438401778;;;;2026;0;101.100;0;;0;0;0;0;
U5361021OZK;OZRD360G24006KNK0;Ozka;12.4 - 36  KNK 50  8PR  [126 A6]  TT;12.4;82;36;A6;126 A6;3;1532.41;871.61;4251438401815;;;;2026;0;57.850;0;;0;0;0;0;
U5362021OZK;OZRD360G36006KNK1;Ozka;13.6 - 36  KNK 50  8PR  [129 A6]  TT;13.6;82;36;A6;129 A6;7;1817.54;1085.45;4251438401839;;;;2026;0;70.920;0;;0;0;0;0;
U5387061OZK;OZRD380G22006KNK0;Ozka;20.8 - 38  KNK 50  16PR  [162 A6]  TT;20.8;82;38;A6;162 A6;2;4368.77;2547.02;4251438401945;;;;2026;0;167.840;0;;0;0;0;0;
U5387062OZK;OZRD380G22006KNK1;Ozka;20.8 - 38  KNK 50  16PR  [162 A6]  TL;20.8;82;38;A6;162 A6;1;4853.57;2832.59;4251438401952;;;;2026;0;180.660;0;;0;0;0;0;
U5381021OZK;OZRD380G24006KNK0;Ozka;12.4 - 38  KNK 50  8PR  [127 A6]  TT;12.4;82;38;A6;127 A6;2;1700.51;1036.25;4251438401846;;;;2025;0;66.300;0;;0;0;0;0;
U5382031OZK;OZRD380G36006KNK0;Ozka;13.6 - 38  KNK 50  10PR  [135 A6]  TT;13.6;82;38;A6;135 A6;2;1974.49;1132.29;4251438401860;;;;2026;0;75.550;0;;0;0;0;0;
U5385051OZK;OZRD380G69006KNK0;Ozka;16.9 - 38  KNK 50  14PR  [152 A6]  TT;16.9;82;38;A6;152 A6;1;2441.65;1425.9;4251438401914;;;;2026;0;99.930;0;;0;0;0;0;
U5385031OZK;OZRD380G69006KNK1;Ozka;16.9 - 38  KNK 50  10PR  [145 A6]  TT;16.9;82;38;A6;145 A6;5;2255.9;1331.72;4251438401907;;;;2026;0;94.600;0;;0;0;0;0;
U5386051OZK;OZRD380G84006KNK0;Ozka;18.4 - 38  KNK 50  14 PR  [154 A6]  TT;18.4;82;38;A6;154 A6;8;2947.81;1660.51;4251438401938;;;;2026;0;121.500;0;;0;0;0;0;
U5386031OZK;OZRD380G84006KNK1;Ozka;18.4 - 38  KNK 50  10PR  [147 A6]  TT;18.4;82;38;A6;147 A6;4;2749.99;1574.08;4251438401921;;;;2026;0;113.700;0;;0;0;0;0;
UR7016240102OZK;OZRR160240708ARO0;Ozka;240/70  R16  AGRO 10  [104 A8/104 B]  TL;240;70;16;A8;104 A8/104 B;3;572.1;347.9;4251438400122;;;;2026;0;21.390;0;;0;0;0;0;
UR7020260102OZK;OZRR200260708ARO0;Ozka;260/70  R20  AGRO 10  [113 A8/113 B]  TL;260;70;20;A8;113 A8/113 B;8;787.57;486.47;4251438400160;;;;2026;0;30.040;0;;0;0;0;0;
UR7020280102OZK;OZRR200280708ARO0;Ozka;280/70  R20  AGRO 10  [116 A8/116 B]  TL;280;70;20;A8;116 A8/116 B;1;930.59;563.21;4251438400177;;;;2026;0;37.010;0;;0;0;0;0;
UR8520280102OZK;OZRR200280858ARO0;Ozka;280/85  R20  (11.2  R20)  AGRO 10  [112 A8/109 B]  TL;280;85;20;A8;112 A8/109 B;6;1016.97;607.31;4251438400443;;;;2026;0;41.130;0;;0;0;0;0;
UR7020300102OZK;OZRR200300708ARO0;Ozka;300/70  R20  AGRO 10  [120 A8/117 B]  TL;300;70;20;A8;120 A8/117 B;2;1091.26;645.04;4251438400184;;;;2026;0;42.550;0;;0;0;0;0;
UR7020320102OZK;OZRR200320708ARO0;Ozka;320/70  R20  AGRO 10  [113 A8/113 B]  TL;320;70;20;A8;113 A8/113 B;2;1189.71;690.51;4251438400191;;;;2026;0;45.700;0;;0;0;0;0;
UR7020320302OZK;OZRR200320708LOX0;Ozka;320/70  R20  AGROLOX  [113 A8/113 B]  TL;320;70;20;A8;113 A8/113 B;2;1189.71;725;4251438404496;;;;2026;0;43.000;0;;0;0;0;0;
UR6520340102OZK;OZRR20034065DARO0;Ozka;340/65  R20  AGRO 10  [124] D  TL;340;65;20;D;124;2;1122.84;663.75;4251438406704;;;;2026;0;38.010;0;;0;0;0;0;
UR7020360102OZK;OZRR200360708ARO0;Ozka;360/70  R20  AGRO 10  [129 A8/129 B]  TL;360;70;20;A8;129 A8/129 B;5;1517.55;924.73;4251438400207;;;;2026;0;56.810;0;;0;0;0;0;
UR7020380102OZK;OZRR200380708ARO0;Ozka;380/70  R20  AGRO 10  [122 A8/122 B]  TL;380;70;20;A8;122 A8/122 B;1;1711.66;998.62;4251438402867;;;;2026;0;62.370;0;;0;0;0;0;
UR0020095102OZK;OZRR200D95008ARO0;Ozka;9.5  R20  AGRO 10  [108 A8/105 B]  TL;9.5;82;20;A8;108 A8/105 B;6;860.01;508.62;4251438400740;;;;2026;0;33.170;0;;0;0;0;0;
UR6022500202OZK;OZRR22550060DAGG0;Ozka;500/60  R22.5  AGRIGOR20  [155 D]  TL;500;60;22.5;D;155 D;1;2671.97;1609.55;4251438406742;;;;2025;0;91.000;0;;0;0;0;0;
UR4522560202OZK;OZRR225560458AGG0;Ozka;560/45  R22.5  AGRIGOR20  [152 D]  TL;560;45;22.5;A8;152 D;2;2661.76;1571.33;4251438404137;;;;2026;0;94.000;0;;0;0;0;0;
UR5022600202OZK;OZRR225600508AGG0;Ozka;600/50  R22.5  AGRIGOR20  [159 D]  TL;600;50;22.5;A8;159 D;2;3010.96;1792.42;4251438404144;;;;2026;0;112.000;0;;0;0;0;0;
UR8524280102OZK;OZRR240280858ARO0;Ozka;280/85  R24  (11.2  R24)  AGRO 10  [115 A8/112 B]  TL;280;85;24;A8;115 A8/112 B;4;1120.98;656.01;4251438400467;;;;2026;0;47.420;0;;0;0;0;0;
UR7024320102OZK;OZRR240320708ARO0;Ozka;320/70  R24  AGRO 10  [116 A8/116 B]  TL;320;70;24;A8;116 A8/116 B;2;1343.88;794.49;4251438400214;;;;2026;0;53.520;0;;0;0;0;0;
UR8524320102OZK;OZRR240320858ARO0;Ozka;320/85  R24  (12.4  R24)  AGRO 10  [122 A8/119 B]  TL;320;85;24;A8;122 A8/119 B;2;1498.98;881.02;4251438400474;;;;2026;0;58.530;0;;0;0;0;0;
UR8524340102OZK;OZRR240340858ARO0;Ozka;340/85  R24  (13.6  R24)  AGRO 10  [125 A8/122 B]  TL;340;85;24;A8;125 A8/122 B;1;1734.88;978.63;4251438400481;;;;2026;0;66.580;0;;0;0;0;0;
UR7024360102OZK;OZRR240360708ARO0;Ozka;360/70  R24  AGRO 10  [122 A8/122 B]  TL;360;70;24;A8;122 A8/122 B;3;1644.79;1002.34;4251438400221;;;;2026;0;62.830;0;;0;0;0;0;
UR7024380102OZK;OZRR240380708ARO0;Ozka;380/70  R24  AGRO 10  [125 A8/125 B]  TL;380;70;24;A8;125 A8/125 B;3;1948.49;1131.9;4251438400238;;;;2026;0;69.510;0;;0;0;0;0;
UR7024380302OZK;OZRR240380708LOX0;Ozka;380/70  R24  AGROLOX  [128 A8/125 D]  TL;380;70;24;A8;128 A8/125 D;6;1948.49;1110.93;4251438404106;;;;2025;0;63.000;0;;0;0;0;0;
UR7024420102OZK;OZRR240420708ARO0;Ozka;420/70  R24  AGRO 10  [130 A8/130 B]  TL;420;70;24;A8;130 A8/130 B;2;2255.9;1358.87;4251438400245;;;;2026;0;84.300;0;;0;0;0;0;
UR7024420302OZK;OZRR240420708LOX0;Ozka;420/70  R24  AGROLOX  [133 A8/130 D]  TL;420;70;24;A8;133 A8/130 D;2;2255.9;1291.74;4251438404113;;;;2026;0;75.000;0;;0;0;0;0;
UR8524420102OZK;OZRR240420858ARO0;Ozka;420/85  R24  (16.9  R24)  AGRO 10  [137 A8/134 B]  TL;420;85;24;A8;137 A8/134 B;1;2511.3;1482.45;4251438400504;;;;2025;0;96.970;0;;0;0;0;0;
UR6524440102OZK;OZRR240440658ARO0;Ozka;440/65  R24  AGRO 10  [131 A8/128 D]  TL;440;65;24;A8;131 A8/128 D;2;2195.53;1322.51;4251438400009;;;;2026;0;80.370;0;;0;0;0;0;
UR7024460102OZK;OZRR240460708ARO1;Ozka;460/70  R24  (17.5L  R24)  AGRO 10  [159 A8]  TL;460;70;24;A8;159 A8;3;2491.8;1420.02;4251438400252;;;;2025;0;94.800;0;;0;0;0;0;
UR6524480302OZK;OZRR24048065DLOX0;Ozka;480/65  R24  AGROLOX  [133 D/136 A8]  TL;480;65;24;D;133 D/136 A8;2;2479.72;1463.83;;;;;2026;0;92.300;0;;0;0;0;0;
UR7024480102OZK;OZRR240480708ARO0;Ozka;480/70  R24  AGRO 10  [138 A8/135 B]  TL;480;70;24;A8;138 A8/135 B;1;2650.61;1533.41;4251438400269;;;;2026;0;102.090;0;;0;0;0;0;
UR6524540102OZK;OZRR240540658ARO0;Ozka;540/65  R24  AGRO 10  [149 A8/146 D]  TL;540;65;24;A8;149 A8/146 D;1;3191.14;1883.85;4251438402850;;;;2025;0;115.530;0;;0;0;0;0;
UR7026480102OZK;OZRR260480708ARO0;Ozka;480/70  R26  AGRO 10  [139 A8/139 B]  TL;480;70;26;A8;139 A8/139 B;2;3108.48;1835.05;4251438402874;;;;2026;0;110.040;0;;0;0;0;0;
UR7526620112OZK;OZRR260620758AGO0;Ozka;620/75  R26  (23.1  R26)  AGRO 11  [166 A8/166 B]  TL;620;75;26;A8;166 A8/166 B;3;6465.86;3723.61;4251438400399;;;;2026;0;224.300;0;;0;0;0;0;
UR6526750102OZK;OZRR260750658ARO0;Ozka;750/65  R26  (28L  R26)  AGRO 10  [166 A8/166 B]  TL;750;65;26;A8;166 A8/166 B;4;7480.04;4215.08;4251438400023;;;;2026;0;245.820;0;;0;0;0;0;
UR8528280102OZK;OZRR280280858ARO0;Ozka;280/85  R28  (11.2  R28)  AGRO 10  [118 A8/115 B]  TL;280;85;28;A8;118 A8/115 B;4;1316.02;777.92;4251438400511;;;;2026;0;53.560;0;;0;0;0;0;
UR8528320102OZK;OZRR280320858ARO0;Ozka;320/85  R28  (12.4  R28)  AGRO 10  [124 A8/121 B]  TL;320;85;28;A8;124 A8/121 B;1;1684.73;969.22;4251438400528;;;;2026;0;62.610;0;;0;0;0;0;
UR8528340102OZK;OZRR280340858ARO0;Ozka;340/85  R28  (13.6  R28)  AGRO 10  [127 A8/124 B]  TL;340;85;28;A8;127 A8/124 B;9;1863.97;1135.82;4251438400535;;;;2026;0;72.000;0;;0;0;0;0;
UR7028380102OZK;OZRR280380708ARO0;Ozka;380/70  R28  AGRO 10  [127 A8/127 B]  TL;380;70;28;A8;127 A8/127 B;4;2108.23;1218.73;4251438400283;;;;2026;0;76.010;0;;0;0;0;0;
UR7028380302OZK;OZRR280380708LOX0;Ozka;380/70  R28  AGROLOX  [130 A8/127 D]  TL;380;70;28;A8;130 A8/127 D;4;2108.23;1224.02;4251438404120;;;;2026;0;71.000;0;;0;0;0;0;
UR8528380102OZK;OZRR280380858ARO0;Ozka;380/85  R28  (14.9  R28)  AGRO 10  [133 A8/130 B]  TL;380;85;28;A8;133 A8/130 B;8;2209.46;1247.54;4251438400542;;;;2026;0;83.850;0;;0;0;0;0;
UR7028420102OZK;OZRR280420708ARO0;Ozka;420/70  R28  AGRO 10  [133 A8/133 B]  TL;420;70;28;A8;133 A8/133 B;6;2340.41;1351.42;4251438400290;;;;2026;0;91.300;0;;0;0;0;0;
UR7028420302OZK;OZRR28042070DLOX0;Ozka;420/70  R28  AGROLOX  [133 D/136 A8]  TL;420;70;28;D;133 D/136 A8;10;2340.41;1381.6;4251438403994;;;;2026;0;83.000;0;;0;0;0;0;
UR8528420102OZK;OZRR280420858ARO0;Ozka;420/85  R28  (16.9  R28)  AGRO 10  [139 A8/136 B]  TL;420;85;28;A8;139 A8/136 B;12;2724.91;1541.64;4251438400559;;;;2025,2026;0;102.350;0;;0;0;0;0;
UR6528480102OZK;OZRR280480658ARO0;Ozka;480/65  R28  AGRO 10  [145 A8/142 D]  TL;480;65;28;A8;145 A8/142 D;13;2788.99;1593.28;4251438400047;;;;2026;0;102.500;0;;0;0;0;0;
UR6528480302OZK;OZRR28048065DLOX0;Ozka;480/65  R28  AGROLOX  [136 D/139 A8]  TL;480;65;28;D;136 D/139 A8;2;2788.99;1646.4;;;;;2026;0;103.000;0;;0;0;0;0;
UR6528540102OZK;OZRR280540658ARO0;Ozka;540/65  R28  AGRO 10  [152 A8/149 D]  TL;540;65;28;A8;152 A8/149 D;4;3654.57;2075.25;4251438400054;;;;2026;0;129.240;0;;0;0;0;0;
UR6528600102OZK;OZRR280600658ARO0;Ozka;600/65  R28  AGRO 10  [157 A8/154 D]  TL;600;65;28;A8;157 A8/154 D;2;4457;2586.22;4251438404151;;;;2026;0;162.000;0;;0;0;0;0;
UR8530380102OZK;OZRR300380858ARO0;Ozka;380/85  R30  (14.9  R30)  AGRO 10  [135 A8/132 B]  TL;380;85;30;A8;135 A8/132 B;2;2308.84;1390.82;4251438400566;;;;2026;0;88.120;0;;0;0;0;0;
UR7030420102OZK;OZRR300420708ARO0;Ozka;420/70  R30  AGRO 10  [134 A8/131 B]  TL;420;70;30;A8;134 A8/131 B;8;2632.04;1503.03;4251438400313;;;;2025,2026;0;97.600;0;;0;0;0;0;
UR8530420102OZK;OZRR300420858ARO0;Ozka;420/85  R30  (16.9  R30)  AGRO 10  [140 A8/137 B]  TL;420;85;30;A8;140 A8/137 B;1;2903.23;1661.1;4251438400573;;;;2026;0;108.700;0;;0;0;0;0;
UR8530460102OZK;OZRR300460858ARO0;Ozka;460/85  R30  (18.4  R30)  AGRO 10  [145 A8/142 B]  TL;460;85;30;A8;145 A8/142 B;8;3280.29;1871.8;4251438400580;;;;2026;0;127.470;0;;0;0;0;0;
UR6530540102OZK;OZRR300540658ARO0;Ozka;540/65  R30  AGRO 10  [153 A8/150 D]  TL;540;65;30;A8;153 A8/150 D;3;3786.45;2209.8;4251438400061;;;;2026;0;138.400;0;;0;0;0;0;
UR7030600102OZK;OZRR300600708ARO0;Ozka;600/70  R30  AGRO 10  [158 A8/156 B]  TL;600;70;30;A8;158 A8/156 B;2;5113.62;2924.71;4251438400337;;;;2026;0;170.300;0;;0;0;0;0;
UR9532270102OZK;OZRR320270958ARO0;Ozka;270/95  R32  (11.2  R32)  AGRO 10  [136 A8/136 B]  TL;270;95;32;A8;136 A8/136 B;5;1648.51;969.02;4251438400771;;;;2026;0;65.920;0;;0;0;0;0;
UR7532650112OZK;OZRR320650758AGO0;Ozka;650/75  R32  (24.5  R32)  AGRO 11  [172 A8/172 B]  TL;650;75;32;A8;172 A8/172 B;1;7409.45;4267.02;4251438400412;;;;2026;0;268.590;0;;0;0;0;0;
UR6532800102OZK;OZRR320800658ARO0;Ozka;800/65  R32  (30.5  R32)  AGRO 10  [178 A8/175 B]  TL;800;65;32;A8;178 A8/175 B;24;9722;5537.98;4251438400078;;;;2026;0;341.350;0;;0;0;0;0;
UR8534420102OZK;OZRR340420858ARO0;Ozka;420/85  R34  (16.9  R34)  AGRO 10  [142 A8/139 B]  TL;420;85;34;A8;142 A8/139 B;11;3052.75;1802.12;4251438400603;;;;2026;0;121.300;0;;0;0;0;0;
UR8534460102OZK;OZRR340460858ARO0;Ozka;460/85  R34  (18.4  R34)  AGRO 10  [147 A8/144 B]  TL;460;85;34;A8;147 A8/144 B;5;3592.35;2096.22;4251438400610;;;;2026;0;140.990;0;;0;0;0;0;
UR7034480302OZK;OZRR34048070DLOX0;Ozka;480/70  R34  AGROLOX  [143 D/146 A8]  TL;480;70;34;D;143 D/146 A8;2;3496.69;2057.02;4251438404014;;;;2026;0;126.000;0;;0;0;0;0;
UR7034520102OZK;OZRR340520708ARO0;Ozka;520/70  R34  AGRO 10  [148 A8/146 B]  TL;520;70;34;A8;148 A8/146 B;2;4429.14;2521.54;4251438402881;;;;2026;0;162.630;0;;0;0;0;0;
UR7034520302OZK;OZRR34052070DLOX0;Ozka;520/70  R34  AGROLOX  [148 D/151 A8]  TL;520;70;34;D;148 D/151 A8;4;4429.14;2521.54;4251438402560;;;;2026;0;152.000;0;;0;0;0;0;
UR6534540102OZK;OZRR340540658ARO0;Ozka;540/65  R34  AGRO 10  [155 A8/152 D]  TL;540;65;34;A8;155 A8/152 D;2;4105.01;2395.71;4251438400085;;;;2026;0;122.600;0;;0;0;0;0;
UR6534540302OZK;OZRR340540658LOX0;Ozka;540/65  R34  AGROLOX  [155 A8/152 D]  TL;540;65;34;A8;155 A8/152 D;2;4105.01;2342.4;4251438404267;;;;2026;0;122.000;0;;0;0;0;0;
UR9536270102OZK;OZRR360270958ARO0;Ozka;270/95  R36  (11.2  R36)  AGRO 10  [139 A8/139 B]  TL;270;95;36;A8;139 A8/139 B;4;1955.92;1154.64;4251438402942;;;;2026;0;72.580;0;;0;0;0;0;
UR8536340102OZK;OZRR360340858ARO0;Ozka;340/85  R36  (13.6  R36)  AGRO 10  [132 A8/129 B]  TL;340;85;36;A8;132 A8/129 B;1;2338.56;1380.53;4251438400634;;;;2026;0;89.340;0;;0;0;0;0;
UR8538340102OZK;OZRR380340858ARO0;Ozka;340/85  R38  (13.6  R38)  AGRO 10  [133 A8/130 B]  TL;340;85;38;A8;133 A8/130 B;2;2420.28;1391.6;4251438400658;;;;2026;0;90.280;0;;0;0;0;0;
UR8538420102OZK;OZRR380420858ARO0;Ozka;420/85  R38  (16.9  R38)  AGRO 10  [144 A8/141 B]  TL;420;85;38;A8;144 A8/141 B;15;3415.89;2016.45;4251438400672;;;;2026;0;121.000;0;;0;0;0;0;
UR8538460102OZK;OZRR380460858ARO0;Ozka;460/85  R38  (18.4  R38)  AGRO 10  [149 A8/146 B]  TL;460;85;38;A8;149 A8/146 B;3;3947.13;2227.15;4251438400689;;;;2026;0;155.000;0;;0;0;0;0;
UR7038480102OZK;OZRR380480708ARO0;Ozka;480/70  R38  AGRO 10  [145 A8/142 B]  TL;480;70;38;A8;145 A8/142 B;10;3903.48;2207.94;4251438400351;;;;2026;0;131.000;0;;0;0;0;0;
UR7038480302OZK;OZRR38048070DLOX0;Ozka;480/70  R38  AGROLOX  [145 D/148 A8]  TL;480;70;38;D;145 D/148 A8;2;3903.48;2278.11;4251438404021;;;;2025;0;144.000;0;;0;0;0;0;
UR7038520102OZK;OZRR380520708ARO0;Ozka;520/70  R38  AGRO 10  [150 A8/147 B]  TL;520;70;38;A8;150 A8/147 B;6;4820.14;2752.82;4251438400368;;;;2026;0;177.470;0;;0;0;0;0;
UR7038520302OZK;OZRR38052070DLOX0;Ozka;520/70  R38  AGROLOX  [150] D  TL;520;70;38;D;150;4;4820.14;2752.82;4251438406728;;;;2026;0;174.400;0;;0;0;0;0;
UR8538520102OZK;OZRR380520858ARO0;Ozka;520/85  R38  (20.8  R38)  AGRO 10  [155 A8/152 B]  TL;520;85;38;A8;155 A8/152 B;1;5452.61;3106.6;4251438400702;;;;2026;0;193.700;0;;0;0;0;0;
UR8538520302OZK;OZRR380520858LOX0;Ozka;520/85  R38  AGROLOX  [155 A8/155 B]  TL;520;85;38;A8;155 A8/155 B;2;5452.61;3075.53;4251438404182;;;;2026;0;193.000;0;;0;0;0;0;
UR6538540302OZK;OZRR38054065DLOX0;Ozka;540/65  R38  AGROLOX  [153 D/156 A8]  TL;540;65;38;D;153 D/156 A8;1;4556.38;2659.13;4251438404304;;;;2024;0;134.000;0;;0;0;0;0;
UR7038580302OZK;OZRR38058070DLOX0;Ozka;580/70  R38  AGROLOX  [155] D  TL;580;70;38;D;155;5;5691.29;3242.82;4251438404038;;;;2025,2026;0;201.000;0;;0;0;0;0;
UR6538600102OZK;OZRR380600658ARO0;Ozka;600/65  R38  AGRO 10  [162 A8/159 D]  TL;600;65;38;A8;162 A8/159 D;1;5301.22;3091.9;4251438400108;;;;2025;0;195.200;0;;0;0;0;0;
UR6538600302OZK;OZRR38060065DLOX0;Ozka;600/65  R38  AGROLOX  [159 D/162 A8]  TL;600;65;38;D;159 D/162 A8;2;5301.22;3093.86;;;;;2026;0;166.000;0;;0;0;0;0;
UR6538650102OZK;OZRR380650658ARO0;Ozka;650/65  R38  AGRO 10  [166 A8/163 D]  TL;650;65;38;A8;166 A8/163 D;4;6465.86;3723.61;4251438400115;;;;2026;0;210.000;0;;0;0;0;0;
UR6538650302OZK;OZRR380650658LOX0;Ozka;650/65  R38  AGROLOX  [166 A8/163 D]  TL;650;65;38;A8;166 A8/163 D;2;6465.86;3646.97;4251438404274;;;;2025;0;201.000;0;;0;0;0;0;
UR8538650102OZK;OZRR380650858ARO0;Ozka;650/85  R38  AGRO 10  [176 A8/173 D]  TL;650;85;38;A8;176 A8/173 D;7;9048.67;4859.82;4251438405035;;;;2026;0;338.280;0;;0;0;0;0;
UR7038710102OZK;OZRR380710708ARO0;Ozka;710/70  R38  AGRO 10  [174 A8/171 D]  TL;710;70;38;A8;174 A8/171 D;4;9030.1;5037.69;4251438400382;;;;2025,2026;0;307.200;0;;0;0;0;0;
UR9542230102OZK;OZRR420230958ARO0;Ozka;230/95  R42  (9.5  R42)  AGRO 10  [136 A8/133 D]  TL;230;95;42;A8;136 A8/133 D;2;1746.02;997.84;4251438406438;;;;2026;0;62.600;0;;0;0;0;0;
UR9542270102OZK;OZRR420270908ARO0;Ozka;270/95  R42  (11.2  R42)  AGRO 10  [141 A8]  TL;270;90;42;A8;141 A8;2;2186.24;1264.79;4251438406735;;;;2026;0;79.200;0;;0;0;0;0;
UR8542520102OZK;OZRR420520858ARO0;Ozka;520/85  R42  (20.8  R42)  AGRO 10  [157 A8/157 B]  TL;520;85;42;A8;157 A8/157 B;1;5785.09;3298.29;4251438400719;;;;2025;0;216.880;0;;0;0;0;0;
UR8542520302OZK;OZRR420520858LOX0;Ozka;520/85  R42  AGROLOX  [157 A8/157 B]  TL;520;85;42;A8;157 A8/157 B;2;5785.09;3298.29;4251438404205;;;;2025;0;214.000;0;;0;0;0;0;
UR8542520304OZK_DA;OZRR420520858LOX2;Ozka;520/85  R42  AGROLOX  [157 A8/157 B]  TL  DA;520;85;42;A8;157 A8/157 B;1;3659.22;2351.02;4251438404205_D;;;;2025;0;214.000;0;;0;0;0;0;
UR7042580302OZK;OZRR420580708LOX0;Ozka;580/70  R42  AGROLOX  [158 A8/158 B]  TL;580;70;42;A8;158 A8/158 B;2;5818.53;3317.4;4251438404397;;;;2026;0;214.000;0;;0;0;0;0;
UR6542650102OZK;OZRR420650658ARO0;Ozka;650/65  R42  AGRO 10  [168 A8/165 D]  TL;650;65;42;A8;168 A8/165 D;2;7282.22;4150.3;4251438404236;;;;2026;0;248.400;0;;0;0;0;0;
UR6542650302OZK;OZRR42065065DLOX0;Ozka;650/65  R42  AGROLOX  [165 D/168 A8]  TL;650;65;42;D;165 D/168 A8;4;7282.22;4164.02;4251438404373;;;;2026;0;227.000;0;;0;0;0;0;
UR7042710102OZK;OZRR420710708ARO0;Ozka;710/70  R42  AGRO 10  [176 A8/173 D]  TL;710;70;42;A8;176 A8/173 D;2;9984.84;5626.57;4251438404588;;;;2026;0;365.230;0;;0;0;0;0;
UR9544210102OZK;OZRR440210958ARO0;Ozka;210/95  R44  (8.3  R44)  AGRO 10  [120 A8/120 B]  TL;210;95;44;A8;120 A8/120 B;3;1624.36;949.82;4251438400795;;;;2026;0;57.100;0;;0;0;0;0;
UR9544230102OZK;OZRR440230958ARO0;Ozka;230/95  R44  (9.5  R44)  AGRO 10  [132 A8/132 B]  TL;230;95;44;A8;132 A8/132 B;8;1721.88;1017.83;4251438400801;;;;2026;0;65.080;0;;0;0;0;0;
UR9544270102OZK;OZRR440270958ARO0;Ozka;270/95  R44  (11.2  R44)  AGRO 10  [142 A8/142 B]  TL;270;95;44;A8;142 A8/142 B;4;2155.6;1285.47;4251438400818;;;;2026;0;82.580;0;;0;0;0;0;
UR9548230102OZK;OZRR480230958ARO0;Ozka;230/95  R48  (9.5  R48)  AGRO 10  [136 A8/136 B]  TL;230;95;48;A8;136 A8/136 B;3;1984.71;1184.82;4251438400832;;;;2026;0;72.240;0;;0;0;0;0;
UR9548270102OZK;OZRR480270958ARO0;Ozka;270/95  R48  (11.2  R48)  AGRO 10  [142 A8/142 B]  TL;270;95;48;A8;142 A8/142 B;9;2385.92;1408.46;4251438400849;;;;2026;0;90.900;0;;0;0;0;0;
UR8548340102OZK;OZRR480340858ARO0;Ozka;340/85  R48  (13.6  R48)  AGRO 10  [152 A8/151 D]  TL;340;85;48;A8;152 A8/151 D;6;3235.71;1852.59;4251438400726;;;;2026;0;115.820;0;;0;0;0;0;
UR9050320102OZK;OZRR500320908ARO0;Ozka;320/90  R50  AGRO 10  [150 A8/150 B]  TL;320;90;50;A8;150 A8/150 B;2;3149.34;1793.89;4251438402911;;;;2025;0;114.000;0;;0;0;0;0;
UR9552300102OZK;OZRR520300958ARO0;Ozka;300/95  R52  (12.4  R52)  AGRO 10  [159 A8/156 D]  TL;300;95;52;A8;159 A8/156 D;2;3010.03;1813.2;4251438402959;;;;2026;0;91.300;0;;0;0;0;0;
4133100;PICR17523575MR0S0;Pirelli;235/75  R17.5  R02 PROFUEL STEER  [132/130] M  TL  M+S  3PMSF;235;75;17.5;M;132/130;1;2543;724.22;8019227413311;C;B;70dB;2025;0;31.300;0;A;1;0;1234979;0;
1913300;PICR22531580KTG80;Pirelli;315/80  R22.5  TG88  [156/150] K  TL  M+S  3PMSF;315;80;22.5;K;156/150;2;4075;1312.22;8019227191332;D;B;74dB;2023;0;64.900;0;B;1;0;552789;0;
6004200;PICR22531580LITD1;Pirelli;315/80  R22.5  IT-D90  [156/150] L  TL  M+S  3PMSF;315;80;22.5;L;156/150;3;4239;1498.42;8019227600421;D;C;73dB;2025;0;64.900;0;A;1;0;1264877;0;
6007400;PICR22538555KR0N0;Pirelli;385/55  R22.5  R02 PRO TRAILER HL FRT  [164] K  TL  HL  FRT  M+S  3PMSF;385;55;22.5;K;164;1;4804;1488.62;8019227600742;B;A;70dB;2024;0;64.800;0;A;1;0;1636447;0;
3864800;PICR225F3000KTGP1;Pirelli;13  R22.5  TG:01s  [156/150] K  TL  M+S  3PMSF;13;82;22.5;K;156/150;27;4614;1606.22;8019227386486;D;A;74dB;2025;0;72.300;0;B;1;0;567074;0;
6047500;PPCR17523575KR0N0;PROMETEON;235/75  R17.5  R02 PRO TRAILER  [143/141] K  TL  FRT  M+S  3PMSF;235;75;17.5;K;143/141;2;2667;832.02;8059033604756;C;B;71dB;2025;0;35.100;0;A;1;0;2240374;0;
6068800;PPCR17524570MR0V0;PROMETEON;245/70  R17.5  R02 PROFUEL DRIVE  [136/134] M  TL  M+S  3PMSF;245;70;17.5;M;136/134;8;2780;851.62;8059033606880;C;C;73dB;2025;0;31.400;0;A;1;0;2210803;0;
6068900;PPCR17526570MR0S0;PROMETEON;265/70  R17.5  R02 PROFUEL STEER  [140/138] M  TL  M+S  3PMSF;265;70;17.5;M;140/138;1;3016;988.82;8059033606897;C;B;71dB;2025;0;34.700;0;A;1;0;2210806;0;
6069000;PPCR17526570MR0V0;PROMETEON;265/70  R17.5  R02 PROFUEL DRIVE  [140/138] M  TL  M+S  3PMSF;265;70;17.5;M;140/138;9;3016;979.02;8059033606903;C;C;71dB;2025;0;33.600;0;A;1;0;2214894;0;
6047900;PPCR22529560LR220;PROMETEON;295/60  R22.5  R02 PROWAY DRIVE  [150/147] L  TL  M+S;295;60;22.5;L;150/147;9;4633;1557.22;8059033604794;C;B;73dB;2025,2026;0;55.000;0;A;1;0;2062588;0;
6048000;PPCR22531560LR0S0;PROMETEON;315/60  R22.5  R02 PROWAY STEER  [154/148] L  TL  M+S  3PMSF;315;60;22.5;L;154/148;11;4995;1612.1;8059033604800;B;B;70dB;2025;0;56.100;0;A;1;0;2133874;0;
6045300;PPCR22531570LR0S0;PROMETEON;315/70  R22.5  R02 PROWAY STEER  [158/150] L  TL  M+S  3PMSF;315;70;22.5;L;158/150;5;4753;1504.3;8059033604534;C;A;73dB;2024,2025;0;59.100;0;B;1;0;2140473;0;
6045400;PPCR22531570LR0V0;PROMETEON;315/70  R22.5  R02 PROWAY DRIVE  [158/150] L  TL  M+S  3PMSF;315;70;22.5;L;158/150;1;4753;1488.62;8059033604541;D;A;76dB;2025;0;62.100;0;B;1;0;2109580;0;
6053600;PPCR22531580K02G0;PROMETEON;315/80  R22.5  G02 ECO DRIVE  [158/156] K  TL  M+S  3PMSF;315;80;22.5;K;158/156;2;4666;1635.62;8059033605364;C;B;75dB;2025;0;69.100;0;B;1;0;2133209;0;
6063600;PPCR22531580KG020;PROMETEON;315/80  R22.5  G02 ECO MULTIAXLE  [158/156] K  TL  M+S  3PMSF;315;80;22.5;K;158/156;5;4622;1592.5;8059033606361;C;A;72dB;2025;0;75.100;0;B;1;0;2133402;0;
6045500;PPCR22531580LR0S0;PROMETEON;315/80  R22.5  R02 PROWAY STEER  [158/150] L  TL  M+S  3PMSF;315;80;22.5;L;158/150;2;4854;1478.82;8059033604558;C;A;72dB;2025;0;66.100;0;B;1;0;2109581;0;
6064700;PPCR22531580LR0S1;PROMETEON;315/80  R22.5  R02 PROFUEL STEER  [158/150] L  TL  M+S  3PMSF;315;80;22.5;L;158/150;4;4988;1449.42;8059033606477;B;C;69dB;2025;0;64.800;0;A;1;0;2175710;0;
6045600;PPCR22531580LR0V0;PROMETEON;315/80  R22.5  R02 PROWAY DRIVE  [158/150] L  TL  M+S  3PMSF;315;80;22.5;L;158/150;4;4854;1400.42;8059033604565;D;A;76dB;2025;0;69.100;0;B;1;0;2109582;0;
6063500;PPCR22531580LR0V1;PROMETEON;315/80  R22.5  R02 PROFUEL DRIVE  [158/150] L  TL  M+S  3PMSF;315;80;22.5;L;158/150;4;5145;1850.68;8059033606354;B;B;74dB;2025;0;69.100;0;B;1;0;2171736;0;
6026100;PPCR22538555KR0N0;PROMETEON;385/55  R22.5  R02 PRO TRAILER  [164] K  TL  FRT  HL  M+S  3PMSF;385;55;22.5;K;164;12;4804;1488.62;8059033602615;B;A;70dB;2024,2025;0;69.100;0;A;1;0;1998858;0;
6033500;PPCR22538565KG020;PROMETEON;385/65  R22.5  G02 PRO MULTIAXLE  [164K/158L]  TL  HL  M+S  3PMSF;385;65;22.5;K;164K/158L;6;4528;1459.22;8059033603353;C;B;72dB;2025;0;75.100;0;B;1;0;1910785;0;
6015300;PPCR22538565KR0N0;PROMETEON;385/65  R22.5  R02 PRO TRAILER  [164K/158L]  TL  FRT  HL  M+S  3PMSF;385;65;22.5;K;164K/158L;19;4568;1302.42;8059033601533;B;B;70dB;2025;0;75.100;0;A;1;0;1876403;0;
153872;STFP2391000000000;Starco;;100;82;;0;;0;13.05;12.79;;;;;;0;3.640;0;;0;0;0;0;
81854;SXCR22531570LGH10;Starmaxx;315/70  R22.5  GH110  20PR  [156/145] L  TL  M+S   3PMSF;315;70;22.5;L;156/145;5;1892.65;832.02;8680830028362;C;A;70dB;2022;0;53.900;0;A;1;0;0;0;
82400;SXCR22538555KLZ30;Starmaxx;385/55  R22.5  LZ300  20PR  [160] K  TL  M+S  3PMSF;385;55;22.5;K;160;1;1732.69;939.82;8680830035551;C;A;70dB;2025;0;68.800;0;A;1;0;0;0;
82304;SXCR22538565KLCW0;Starmaxx;385/65  R22.5  LCW710  18PR  [160] K  TL  M+S  3PMSF;385;65;22.5;K;160;1;2199.23;959.42;8680830020564;D;B;74dB;2022;0;76.000;0;B;1;0;0;0;
MP312;SXPD200G60708SMN0;Starmaxx;16.0/70 - 20  (405/70 - 20)  SM-ND  14PR  [154 A8]  TL;16.0;70;20;A8;154 A8;1;1907.18;1018.22;8680830016505;;;;2024;0;64.100;0;;0;0;0;0;
894907;TBCR22531570L4460;TreadMax bie¿nikowane;315/70  R22.5  TM SP446  (DUNLOP)  Bie¿nikowana  [154/152] L  TL  M+S  3PMSF;315;70;22.5;L;154/152;9;2670;1477.6;5452000668004;;;;2026;0;57.400;0;;1;0;0;0;
894898;TBCR22531580L4460;TreadMax bie¿nikowane;315/80  R22.5  TM SP446  (DUNLOP)  Bie¿nikowana  [156/154] L  TL  M+S  3PMSF;315;80;22.5;L;156/154;6;2790;1499.4;5452000668158;;;;2025,2026;0;66.300;0;;1;0;0;0;
P903063113;TRPD120D85002SK80;Trelleborg;23 x 8.50 - 12  SK-800  6PR  [101 A2]  TL;8.5;82;12;A2;101 A2;8;470;296.48;8059971569988;;;;2026;0;7.400;0;;0;0;0;0;
P903123013;TRPD120D85002SK90;Trelleborg;23 x 8.50 - 12  SK-900  12PR  [116 A2]  TL;8.5;82;12;A2;116 A2;10;567;347.9;8059971559408;;;;2026;0;7.400;0;;0;0;0;0;
P904083113;TRPD150278002SK80;Trelleborg;27 x 8.50 - 15  SK-800  8PR  [118 A2]  TL;27 x 8.50;82;15;A2;118 A2;3;586;347.9;8059971551389;;;;2025;0;12.600;0;;0;0;0;0;
P914083013;TRPD150291002SK90;Trelleborg;29 x 12.50 - 15  SK-900  8PR  [118 A2]  TL;29 x 12.50;82;15;A2;118 A2;2;1094;665.42;8059971520033;;;;2026;0;12.600;0;;0;0;0;0;
P200081673421;TRPD200H00005C8C0;Trelleborg;10.00 - 20  C-800 EXCAVATOR  16PR  [166 A8]  TT KPL;10.00;82;20;A5;166 A8;100;1847;1033.9;8059971589443;;;;2025,2026;0;50.700;0;;0;0;0;0;
5017215700000;TRPR260480808TH40;Trelleborg;480/80  R26  (18.4/80  R26)  TH 400  [160 A8/160 B]  TL;480;80;26;A8;160 A8/160 B;1;6426;2929.22;8059971024463;;;;2025;0;120.800;0;;0;0;0;0;
1159900;TRRD040E30000T990;Trelleborg;3.00 - 4  T-991  4PR  TT;3.00;82;4;0;;21;55;24.01;8059971011746;;;;2026;0;1.400;0;;0;0;0;0;
1152000;TRRD040E30000T991;Trelleborg;3.00 - 4  T-991  6PR  TT;3.00;82;4;0;;100;38;24.5;8059971011371;;;;2025,2026;0;1.400;0;;0;0;0;0;
6404500;TRRD040E30005T990;Trelleborg;3.00 - 4  T-991  4PR  [37 A5]  TT  KPL/TR87;3.00;82;4;A5;37 A5;100;61;36.26;8059971019032;;;;2025;0;1.400;0;;0;0;0;0;
1152200;TRRD040E40000T990;Trelleborg;4.00 - 4  T-991  6PR  TT;4.00;82;4;0;;100;77;42.14;8059971011395;;;;2026;0;1.400;0;;0;0;0;0;
1239500;TRRD040E40000T992;Trelleborg;4.00 - 4  T-991  4PR  TT  KPL/TR87;4.00;82;4;0;;34;84;44;8059971012279;;;;2023,2024,2025;0;1.400;0;;0;0;0;0;
1169800;TRRD040E41000T391;Trelleborg;4.10/3.50 - 4  T-539  6PR  TT;4.10;82;4;0;;100;58;34.3;8059971011913;;;;2026;0;1.800;0;;0;0;0;0;
1160300;TRRD060E35006T510;Trelleborg;3.50 - 6  T-510  4PR  TT;3.50;82;6;A6;;83;58;29.4;8059971011760;;;;2026;0;1.500;0;;0;0;0;0;
1152400;TRRD060E40000T990;Trelleborg;4.00 - 6  T-991  6PR  TT;4.00;82;6;0;;100;65;33.22;8059971011401;;;;2026;0;1.600;0;;0;0;0;0;
1443800;TRRD080191000TDR0;Trelleborg;18 x 9.50 - 8  DRIVER  4PR  TL;18 x 9.50;82;8;0;;100;200;116.62;8059971016956;;;;2026;0;3.800;0;;0;0;0;0;
1160400;TRRD080E35000T510;Trelleborg;3.50 - 8  T-510  4PR  TT;3.50;82;8;0;;11;65;34.89;8059971011777;;;;2025,2026;0;1.900;0;;0;0;0;0;
1152900;TRRD090E60000T990;Trelleborg;6.00 - 9  T-991  10PR  TT;6.00;82;9;0;;31;316;165.62;8059971011449;;;;2026;0;10.000;0;;0;0;0;0;
6155500;TRRD090E600065220;Trelleborg;6.00 - 9  T-522  10PR  TT;6.00;82;9;A6;;11;451;224.42;8059971018882;;;;2026;0;10.000;0;;0;0;0;0;
1158700;TRRD12014000452T1;Trelleborg;560 x 140 - 12  (5.50 - 12)  T-528  [100 A4]  TT;140;82;12;A4;100 A4;38;689;391.02;8059971011654;;;;2026;0;8.000;0;;0;0;0;0;
1480700;TRRD120320608T210;Trelleborg;320/60 - 12  T-421  [132 A8]  TT;320;60;12;A8;132 A8;7;1301;645.82;8059971018295;;;;2025;0;19.900;0;;0;0;0;0;
1476200;TRRD120320608T211;Trelleborg;320/60 - 12  T-421  [132 A8]  TL;320;60;12;A8;132 A8;1;1301;724.22;8059971018226;;;;2025;0;19.900;0;;0;0;0;0;
1158800;TRRD13014500452T1;Trelleborg;610 x 145 - 13  (6.00 - 13)  T-528  [112 A4]  TT;145;82;13;A4;112 A4;26;795;455.7;8059971011661;;;;2026;0;8.000;0;;0;0;0;0;
1158900;TRRD14016000452T1;Trelleborg;645 x 160 - 14  (6.3 - 14)  T-528  [120 A4]  TT;160;82;14;A4;120 A4;52;905;524.3;8059971011678;;;;2025,2026;0;8.000;0;;0;0;0;0;
6144700;TRRD145200600T4X0;Trelleborg;200/60 - 14.5  T-448 EXTRA  10PR  [106 A6]  TT;200;60;14.5;0;106 A6;60;633;307.72;8059971018752;;;;2026;0;10.600;0;;0;0;0;0;
0305200;TRRD150E40006TD70;Trelleborg;4.00 - 15  TD27  4PR  [66 A6]  TT;4.00;82;15;A6;66 A6;28;269;137.2;8059971000641;;;;2026;0;8.500;0;;0;0;0;0;
1143100;TRRD155280608T210;Trelleborg;280/60 - 15.5  T-421  [115 A8]  TL;280;60;15.5;A8;115 A8;24;1549;802.62;8059971010992;;;;2025,2026;0;25.000;0;;0;0;0;0;
1327700;TRRD160340558AW30;Trelleborg;340/55 - 16  (13.0/55 - 16)  AW305  [140 A8]  TL;340;55;16;A8;140 A8;12;1096;528.22;8059971014990;;;;2025;0;29.500;0;;0;0;0;0;
II115153TR01504HB;VRDR15311580TR150;;DÊTKA 11.5/80 - 15.3  TR-15;115;80;15.3;T;;0;108.43;53.14;;;;;;0;2.290;0;;0;0;0;0;
II125018TR01504HB;VRDR180125800TR15;;DÊTKA 12.5/80 - 18  TR-15;125;80;18;0;;0;156.63;76.74;;;;;;0;2.240;0;;0;0;0;0;
II016020TR01502HB;VRDR200167000TR15;;DÊTKA 16.0/70 - 20  (500/55 - 20)  TR-15;16 x 7.5;82;20;0;;0;204.82;100.36;;;;;;0;4.210;0;;0;0;0;0;
II136028TR21802HB;VRDR2801360TR2180;;DÊTKA 13.6 - 28  TR-218;13 x 6.50;;28;R;;0;228.92;112.17;;;;;;0;5.050;0;;0;0;0;0;
8714692335389;VRPR180400708END0;Vredestein;400/70  R18  ENDURION  [147 A8]  TL;400;70;18;A8;147 A8;3;3743;1733.62;8714692335389;;;;2025;0;66.000;0;;0;0;0;0;
8714692336584;VRPR200340808END0;Vredestein;340/80  R20  ENDURION  [144 A8]  TL;340;80;20;A8;144 A8;11;3827;1567.02;8714692336584;;;;2025;0;60.000;0;;0;0;0;0;
8714692335396;VRPR200400708END0;Vredestein;400/70  R20  ENDURION  [149 A8]  TL;400;70;20;A8;149 A8;4;4322;1792.42;8714692335396;;;;2025;0;72.000;0;;0;0;0;0;
8714692335402;VRPR240400708END0;Vredestein;400/70  R24  ENDURION  [152 A8]  TL;400;70;24;A8;152 A8;4;4712;2155.02;8714692335402;;;;2025;0;80.000;0;;0;0;0;0;
8714692335358;VRPR240400708TVE0;Vredestein;400/70  R24  (16/70 - 24)  TRAXION VERSA  [152 A8]  TL;400;70;24;A8;152 A8;2;4278;1959.02;8714692335358;;;;2024;0;78.000;0;;0;0;0;0;
8714692309946;VRPR240460708TVE1;Vredestein;460/70  R24  (17.5L  R24)  TRAXION VERSA  [159 A8]  TL;460;70;24;A8;159 A8;2;4779;2076.62;8714692309946;;;;2025;0;109.000;0;;0;0;0;0;
8714692336416;VRPR280440808TVE0;Vredestein;440/80  R28  TRAXION VERSA  [156 A8]  TL;440;80;28;A8;156 A8;2;6105;3056.62;8714692336416;;;;2026;0;106.000;0;;0;0;0;0;
8714692805516;VRRR20028085DTV80;Vredestein;280/85  R20  (11.2  R20)  TRAXION85 II  [118 D]  TL;280;85;20;D;118 D;1;1762;886.9;8714692805516;;;;2024;0;42.100;0;;0;0;0;0;
8714692344664;VRRR24028085885T0;Vredestein;280/85  R24  (11.2  R24)  TRAXION85 II  [115 A8/115 B]  TL;280;85;24;A8;115 A8/115 B;2;1767;910.42;8714692344664;;;;2026;0;46.900;0;;0;0;0;0;
8714692109751;VRRR240320858TV80;Vredestein;320/85  R24  (12.4  R24)  TRAXION85  [122 A8/122 B]  TL;320;85;24;A8;122 A8/122 B;1;2451;1106.42;8714692109751;;;;2023;0;55.600;0;;0;0;0;0;
8714692350580;VRRR24034085885T0;Vredestein;340/85  R24  (13.6  R24)  TRAXION85 II  [125 A8/125 B]  TL;340;85;24;A8;125 A8/125 B;5;2252;1145.62;8714692350580;;;;2025,2026;0;61.600;0;;0;0;0;0;
8714692344800;VRRR24042085885T0;Vredestein;420/85  R24  (16.9  R24)  TRAXION85 II  [137 A8/137 B]  TL;420;85;24;A8;137 A8/137 B;1;3505;1723.82;8714692344800;;;;2026;0;89.000;0;;0;0;0;0;
8714692350573;VRRR28028085885T0;Vredestein;280/85  R28  (11.2  R28)  TRAXION85 II  [118 A8/118 B]  TL;280;85;28;A8;118 A8/118 B;2;2204;939.82;8714692350573;;;;2024;0;49.000;0;;0;0;0;0;
8714692360749;VRRR28042070DTV70;Vredestein;420/70  R28  TRAXION70  [133 D]  TL;420;70;28;D;133 D;2;4020;1959.02;8714692360749;;;;2026;0;85.100;0;;0;0;0;0;
8714692360756;VRRR28048070DTX70;Vredestein;480/70  R28  TRAXION70  [140 D]  TL;480;70;28;D;140 D;2;4807;2351.02;8714692360756;;;;2026;0;106.000;0;;0;0;0;0;
8714692350603;VRRR34042085885T0;Vredestein;420/85  R34  (16.9  R34)  TRAXION85 II  [142 A8/142 B]  TL;420;85;34;A8;142 A8/142 B;1;4987;2194.22;8714692350603;;;;2026;0;115.000;0;;0;0;0;0;
8714692360787;VRRR34052070DTX70;Vredestein;520/70  R34  TRAXION70  [148 D]  TL;520;70;34;D;148 D;2;6920;3464.5;8714692360787;;;;2025;0;136.000;0;;0;0;0;0;
8714692360541;VRRR34054065DTV60;Vredestein;540/65  R34  TRAXION65  [145 D]  TL;540;65;34;D;145 D;1;8194;3272.22;8714692360541;;;;2025;0;126.000;0;;0;0;0;0;
8714692244643;VRRR34060070DTVX0;Vredestein;600/70  R34  TRAXION XXL  [160 D]  TL;600;70;34;D;160 D;2;15517;6663.02;8714692244643;;;;2025;0;223.600;0;;0;0;0;0;
8714692360800;VRRR38052070DTX70;Vredestein;520/70  R38  TRAXION70  [150 D]  TL;520;70;38;D;150 D;1;7335;3672.29;8714692360800;;;;2026;0;145.000;0;;0;0;0;0;
